ARM GAS   			page 1


   1              	 .cpu cortex-m4
   2              	 .eabi_attribute 27,1
   3              	 .eabi_attribute 28,1
   4              	 .eabi_attribute 20,1
   5              	 .eabi_attribute 21,1
   6              	 .eabi_attribute 23,3
   7              	 .eabi_attribute 24,1
   8              	 .eabi_attribute 25,1
   9              	 .eabi_attribute 26,1
  10              	 .eabi_attribute 30,2
  11              	 .eabi_attribute 34,1
  12              	 .eabi_attribute 18,4
  13              	 .file "stm32f3xx_hal_uart_ex.c"
  14              	 .text
  15              	.Ltext0:
  16              	 .cfi_sections .debug_frame
  17              	 .section .text.HAL_RS485Ex_Init,"ax",%progbits
  18              	 .align 1
  19              	 .p2align 2,,3
  20              	 .global HAL_RS485Ex_Init
  21              	 .arch armv7e-m
  22              	 .syntax unified
  23              	 .thumb
  24              	 .thumb_func
  25              	 .fpu fpv4-sp-d16
  27              	HAL_RS485Ex_Init:
  28              	.LVL0:
  29              	.LFB123:
  30              	 .file 1 "Drivers/STM32F3xx_HAL_Driver/Src/stm32f3xx_hal_uart_ex.c"
   1:Drivers/STM32F3xx_HAL_Driver/Src/stm32f3xx_hal_uart_ex.c **** /**
   2:Drivers/STM32F3xx_HAL_Driver/Src/stm32f3xx_hal_uart_ex.c ****   ******************************************************************************
   3:Drivers/STM32F3xx_HAL_Driver/Src/stm32f3xx_hal_uart_ex.c ****   * @file    stm32f3xx_hal_uart_ex.c
   4:Drivers/STM32F3xx_HAL_Driver/Src/stm32f3xx_hal_uart_ex.c ****   * @author  MCD Application Team
   5:Drivers/STM32F3xx_HAL_Driver/Src/stm32f3xx_hal_uart_ex.c ****   * @brief   Extended UART HAL module driver.
   6:Drivers/STM32F3xx_HAL_Driver/Src/stm32f3xx_hal_uart_ex.c ****   *          This file provides firmware functions to manage the following extended
   7:Drivers/STM32F3xx_HAL_Driver/Src/stm32f3xx_hal_uart_ex.c ****   *          functionalities of the Universal Asynchronous Receiver Transmitter Peripheral (UART).
   8:Drivers/STM32F3xx_HAL_Driver/Src/stm32f3xx_hal_uart_ex.c ****   *           + Initialization and de-initialization functions
   9:Drivers/STM32F3xx_HAL_Driver/Src/stm32f3xx_hal_uart_ex.c ****   *           + Peripheral Control functions
  10:Drivers/STM32F3xx_HAL_Driver/Src/stm32f3xx_hal_uart_ex.c ****   *
  11:Drivers/STM32F3xx_HAL_Driver/Src/stm32f3xx_hal_uart_ex.c ****   *
  12:Drivers/STM32F3xx_HAL_Driver/Src/stm32f3xx_hal_uart_ex.c ****   ******************************************************************************
  13:Drivers/STM32F3xx_HAL_Driver/Src/stm32f3xx_hal_uart_ex.c ****   * @attention
  14:Drivers/STM32F3xx_HAL_Driver/Src/stm32f3xx_hal_uart_ex.c ****   *
  15:Drivers/STM32F3xx_HAL_Driver/Src/stm32f3xx_hal_uart_ex.c ****   * Copyright (c) 2016 STMicroelectronics.
  16:Drivers/STM32F3xx_HAL_Driver/Src/stm32f3xx_hal_uart_ex.c ****   * All rights reserved.
  17:Drivers/STM32F3xx_HAL_Driver/Src/stm32f3xx_hal_uart_ex.c ****   *
  18:Drivers/STM32F3xx_HAL_Driver/Src/stm32f3xx_hal_uart_ex.c ****   * This software is licensed under terms that can be found in the LICENSE file
  19:Drivers/STM32F3xx_HAL_Driver/Src/stm32f3xx_hal_uart_ex.c ****   * in the root directory of this software component.
  20:Drivers/STM32F3xx_HAL_Driver/Src/stm32f3xx_hal_uart_ex.c ****   * If no LICENSE file comes with this software, it is provided AS-IS.
  21:Drivers/STM32F3xx_HAL_Driver/Src/stm32f3xx_hal_uart_ex.c ****   *
  22:Drivers/STM32F3xx_HAL_Driver/Src/stm32f3xx_hal_uart_ex.c ****   ******************************************************************************
  23:Drivers/STM32F3xx_HAL_Driver/Src/stm32f3xx_hal_uart_ex.c ****   @verbatim
  24:Drivers/STM32F3xx_HAL_Driver/Src/stm32f3xx_hal_uart_ex.c ****   ==============================================================================
  25:Drivers/STM32F3xx_HAL_Driver/Src/stm32f3xx_hal_uart_ex.c ****                ##### UART peripheral extended features  #####
  26:Drivers/STM32F3xx_HAL_Driver/Src/stm32f3xx_hal_uart_ex.c ****   ==============================================================================
  27:Drivers/STM32F3xx_HAL_Driver/Src/stm32f3xx_hal_uart_ex.c **** 
  28:Drivers/STM32F3xx_HAL_Driver/Src/stm32f3xx_hal_uart_ex.c ****     (#) Declare a UART_HandleTypeDef handle structure.
ARM GAS   			page 2


  29:Drivers/STM32F3xx_HAL_Driver/Src/stm32f3xx_hal_uart_ex.c **** 
  30:Drivers/STM32F3xx_HAL_Driver/Src/stm32f3xx_hal_uart_ex.c ****     (#) For the UART RS485 Driver Enable mode, initialize the UART registers
  31:Drivers/STM32F3xx_HAL_Driver/Src/stm32f3xx_hal_uart_ex.c ****         by calling the HAL_RS485Ex_Init() API.
  32:Drivers/STM32F3xx_HAL_Driver/Src/stm32f3xx_hal_uart_ex.c **** 
  33:Drivers/STM32F3xx_HAL_Driver/Src/stm32f3xx_hal_uart_ex.c ****   @endverbatim
  34:Drivers/STM32F3xx_HAL_Driver/Src/stm32f3xx_hal_uart_ex.c ****   ******************************************************************************
  35:Drivers/STM32F3xx_HAL_Driver/Src/stm32f3xx_hal_uart_ex.c ****   */
  36:Drivers/STM32F3xx_HAL_Driver/Src/stm32f3xx_hal_uart_ex.c **** 
  37:Drivers/STM32F3xx_HAL_Driver/Src/stm32f3xx_hal_uart_ex.c **** /* Includes ------------------------------------------------------------------*/
  38:Drivers/STM32F3xx_HAL_Driver/Src/stm32f3xx_hal_uart_ex.c **** #include "stm32f3xx_hal.h"
  39:Drivers/STM32F3xx_HAL_Driver/Src/stm32f3xx_hal_uart_ex.c **** 
  40:Drivers/STM32F3xx_HAL_Driver/Src/stm32f3xx_hal_uart_ex.c **** /** @addtogroup STM32F3xx_HAL_Driver
  41:Drivers/STM32F3xx_HAL_Driver/Src/stm32f3xx_hal_uart_ex.c ****   * @{
  42:Drivers/STM32F3xx_HAL_Driver/Src/stm32f3xx_hal_uart_ex.c ****   */
  43:Drivers/STM32F3xx_HAL_Driver/Src/stm32f3xx_hal_uart_ex.c **** 
  44:Drivers/STM32F3xx_HAL_Driver/Src/stm32f3xx_hal_uart_ex.c **** /** @defgroup UARTEx UARTEx
  45:Drivers/STM32F3xx_HAL_Driver/Src/stm32f3xx_hal_uart_ex.c ****   * @brief UART Extended HAL module driver
  46:Drivers/STM32F3xx_HAL_Driver/Src/stm32f3xx_hal_uart_ex.c ****   * @{
  47:Drivers/STM32F3xx_HAL_Driver/Src/stm32f3xx_hal_uart_ex.c ****   */
  48:Drivers/STM32F3xx_HAL_Driver/Src/stm32f3xx_hal_uart_ex.c **** 
  49:Drivers/STM32F3xx_HAL_Driver/Src/stm32f3xx_hal_uart_ex.c **** #ifdef HAL_UART_MODULE_ENABLED
  50:Drivers/STM32F3xx_HAL_Driver/Src/stm32f3xx_hal_uart_ex.c **** 
  51:Drivers/STM32F3xx_HAL_Driver/Src/stm32f3xx_hal_uart_ex.c **** /* Private typedef -----------------------------------------------------------*/
  52:Drivers/STM32F3xx_HAL_Driver/Src/stm32f3xx_hal_uart_ex.c **** /* Private define ------------------------------------------------------------*/
  53:Drivers/STM32F3xx_HAL_Driver/Src/stm32f3xx_hal_uart_ex.c **** 
  54:Drivers/STM32F3xx_HAL_Driver/Src/stm32f3xx_hal_uart_ex.c **** /* Private macros ------------------------------------------------------------*/
  55:Drivers/STM32F3xx_HAL_Driver/Src/stm32f3xx_hal_uart_ex.c **** /* Private variables ---------------------------------------------------------*/
  56:Drivers/STM32F3xx_HAL_Driver/Src/stm32f3xx_hal_uart_ex.c **** /* Private function prototypes -----------------------------------------------*/
  57:Drivers/STM32F3xx_HAL_Driver/Src/stm32f3xx_hal_uart_ex.c **** /** @defgroup UARTEx_Private_Functions UARTEx Private Functions
  58:Drivers/STM32F3xx_HAL_Driver/Src/stm32f3xx_hal_uart_ex.c ****   * @{
  59:Drivers/STM32F3xx_HAL_Driver/Src/stm32f3xx_hal_uart_ex.c ****   */
  60:Drivers/STM32F3xx_HAL_Driver/Src/stm32f3xx_hal_uart_ex.c **** static void UARTEx_Wakeup_AddressConfig(UART_HandleTypeDef *huart, UART_WakeUpTypeDef WakeUpSelecti
  61:Drivers/STM32F3xx_HAL_Driver/Src/stm32f3xx_hal_uart_ex.c **** /**
  62:Drivers/STM32F3xx_HAL_Driver/Src/stm32f3xx_hal_uart_ex.c ****   * @}
  63:Drivers/STM32F3xx_HAL_Driver/Src/stm32f3xx_hal_uart_ex.c ****   */
  64:Drivers/STM32F3xx_HAL_Driver/Src/stm32f3xx_hal_uart_ex.c **** 
  65:Drivers/STM32F3xx_HAL_Driver/Src/stm32f3xx_hal_uart_ex.c **** /* Exported functions --------------------------------------------------------*/
  66:Drivers/STM32F3xx_HAL_Driver/Src/stm32f3xx_hal_uart_ex.c **** 
  67:Drivers/STM32F3xx_HAL_Driver/Src/stm32f3xx_hal_uart_ex.c **** /** @defgroup UARTEx_Exported_Functions  UARTEx Exported Functions
  68:Drivers/STM32F3xx_HAL_Driver/Src/stm32f3xx_hal_uart_ex.c ****   * @{
  69:Drivers/STM32F3xx_HAL_Driver/Src/stm32f3xx_hal_uart_ex.c ****   */
  70:Drivers/STM32F3xx_HAL_Driver/Src/stm32f3xx_hal_uart_ex.c **** 
  71:Drivers/STM32F3xx_HAL_Driver/Src/stm32f3xx_hal_uart_ex.c **** /** @defgroup UARTEx_Exported_Functions_Group1 Initialization and de-initialization functions
  72:Drivers/STM32F3xx_HAL_Driver/Src/stm32f3xx_hal_uart_ex.c ****   * @brief    Extended Initialization and Configuration Functions
  73:Drivers/STM32F3xx_HAL_Driver/Src/stm32f3xx_hal_uart_ex.c ****   *
  74:Drivers/STM32F3xx_HAL_Driver/Src/stm32f3xx_hal_uart_ex.c **** @verbatim
  75:Drivers/STM32F3xx_HAL_Driver/Src/stm32f3xx_hal_uart_ex.c **** ===============================================================================
  76:Drivers/STM32F3xx_HAL_Driver/Src/stm32f3xx_hal_uart_ex.c ****             ##### Initialization and Configuration functions #####
  77:Drivers/STM32F3xx_HAL_Driver/Src/stm32f3xx_hal_uart_ex.c ****  ===============================================================================
  78:Drivers/STM32F3xx_HAL_Driver/Src/stm32f3xx_hal_uart_ex.c ****     [..]
  79:Drivers/STM32F3xx_HAL_Driver/Src/stm32f3xx_hal_uart_ex.c ****     This subsection provides a set of functions allowing to initialize the USARTx or the UARTy
  80:Drivers/STM32F3xx_HAL_Driver/Src/stm32f3xx_hal_uart_ex.c ****     in asynchronous mode.
  81:Drivers/STM32F3xx_HAL_Driver/Src/stm32f3xx_hal_uart_ex.c ****       (+) For the asynchronous mode the parameters below can be configured:
  82:Drivers/STM32F3xx_HAL_Driver/Src/stm32f3xx_hal_uart_ex.c ****         (++) Baud Rate
  83:Drivers/STM32F3xx_HAL_Driver/Src/stm32f3xx_hal_uart_ex.c ****         (++) Word Length
  84:Drivers/STM32F3xx_HAL_Driver/Src/stm32f3xx_hal_uart_ex.c ****         (++) Stop Bit
  85:Drivers/STM32F3xx_HAL_Driver/Src/stm32f3xx_hal_uart_ex.c ****         (++) Parity: If the parity is enabled, then the MSB bit of the data written
ARM GAS   			page 3


  86:Drivers/STM32F3xx_HAL_Driver/Src/stm32f3xx_hal_uart_ex.c ****              in the data register is transmitted but is changed by the parity bit.
  87:Drivers/STM32F3xx_HAL_Driver/Src/stm32f3xx_hal_uart_ex.c ****         (++) Hardware flow control
  88:Drivers/STM32F3xx_HAL_Driver/Src/stm32f3xx_hal_uart_ex.c ****         (++) Receiver/transmitter modes
  89:Drivers/STM32F3xx_HAL_Driver/Src/stm32f3xx_hal_uart_ex.c ****         (++) Over Sampling Method
  90:Drivers/STM32F3xx_HAL_Driver/Src/stm32f3xx_hal_uart_ex.c ****         (++) One-Bit Sampling Method
  91:Drivers/STM32F3xx_HAL_Driver/Src/stm32f3xx_hal_uart_ex.c ****       (+) For the asynchronous mode, the following advanced features can be configured as well:
  92:Drivers/STM32F3xx_HAL_Driver/Src/stm32f3xx_hal_uart_ex.c ****         (++) TX and/or RX pin level inversion
  93:Drivers/STM32F3xx_HAL_Driver/Src/stm32f3xx_hal_uart_ex.c ****         (++) data logical level inversion
  94:Drivers/STM32F3xx_HAL_Driver/Src/stm32f3xx_hal_uart_ex.c ****         (++) RX and TX pins swap
  95:Drivers/STM32F3xx_HAL_Driver/Src/stm32f3xx_hal_uart_ex.c ****         (++) RX overrun detection disabling
  96:Drivers/STM32F3xx_HAL_Driver/Src/stm32f3xx_hal_uart_ex.c ****         (++) DMA disabling on RX error
  97:Drivers/STM32F3xx_HAL_Driver/Src/stm32f3xx_hal_uart_ex.c ****         (++) MSB first on communication line
  98:Drivers/STM32F3xx_HAL_Driver/Src/stm32f3xx_hal_uart_ex.c ****         (++) auto Baud rate detection
  99:Drivers/STM32F3xx_HAL_Driver/Src/stm32f3xx_hal_uart_ex.c ****     [..]
 100:Drivers/STM32F3xx_HAL_Driver/Src/stm32f3xx_hal_uart_ex.c ****     The HAL_RS485Ex_Init() API follows the UART RS485 mode configuration
 101:Drivers/STM32F3xx_HAL_Driver/Src/stm32f3xx_hal_uart_ex.c ****      procedures (details for the procedures are available in reference manual).
 102:Drivers/STM32F3xx_HAL_Driver/Src/stm32f3xx_hal_uart_ex.c **** 
 103:Drivers/STM32F3xx_HAL_Driver/Src/stm32f3xx_hal_uart_ex.c **** @endverbatim
 104:Drivers/STM32F3xx_HAL_Driver/Src/stm32f3xx_hal_uart_ex.c **** 
 105:Drivers/STM32F3xx_HAL_Driver/Src/stm32f3xx_hal_uart_ex.c ****   Depending on the frame length defined by the M1 and M0 bits (7-bit,
 106:Drivers/STM32F3xx_HAL_Driver/Src/stm32f3xx_hal_uart_ex.c ****   8-bit or 9-bit), the possible UART formats are listed in the
 107:Drivers/STM32F3xx_HAL_Driver/Src/stm32f3xx_hal_uart_ex.c ****   following table.
 108:Drivers/STM32F3xx_HAL_Driver/Src/stm32f3xx_hal_uart_ex.c **** 
 109:Drivers/STM32F3xx_HAL_Driver/Src/stm32f3xx_hal_uart_ex.c ****     Table 1. UART frame format.
 110:Drivers/STM32F3xx_HAL_Driver/Src/stm32f3xx_hal_uart_ex.c ****     +-----------------------------------------------------------------------+
 111:Drivers/STM32F3xx_HAL_Driver/Src/stm32f3xx_hal_uart_ex.c ****     |  M1 bit |  M0 bit |  PCE bit  |             UART frame                |
 112:Drivers/STM32F3xx_HAL_Driver/Src/stm32f3xx_hal_uart_ex.c ****     |---------|---------|-----------|---------------------------------------|
 113:Drivers/STM32F3xx_HAL_Driver/Src/stm32f3xx_hal_uart_ex.c ****     |    0    |    0    |    0      |    | SB |    8 bit data   | STB |     |
 114:Drivers/STM32F3xx_HAL_Driver/Src/stm32f3xx_hal_uart_ex.c ****     |---------|---------|-----------|---------------------------------------|
 115:Drivers/STM32F3xx_HAL_Driver/Src/stm32f3xx_hal_uart_ex.c ****     |    0    |    0    |    1      |    | SB | 7 bit data | PB | STB |     |
 116:Drivers/STM32F3xx_HAL_Driver/Src/stm32f3xx_hal_uart_ex.c ****     |---------|---------|-----------|---------------------------------------|
 117:Drivers/STM32F3xx_HAL_Driver/Src/stm32f3xx_hal_uart_ex.c ****     |    0    |    1    |    0      |    | SB |    9 bit data   | STB |     |
 118:Drivers/STM32F3xx_HAL_Driver/Src/stm32f3xx_hal_uart_ex.c ****     |---------|---------|-----------|---------------------------------------|
 119:Drivers/STM32F3xx_HAL_Driver/Src/stm32f3xx_hal_uart_ex.c ****     |    0    |    1    |    1      |    | SB | 8 bit data | PB | STB |     |
 120:Drivers/STM32F3xx_HAL_Driver/Src/stm32f3xx_hal_uart_ex.c ****     |---------|---------|-----------|---------------------------------------|
 121:Drivers/STM32F3xx_HAL_Driver/Src/stm32f3xx_hal_uart_ex.c ****     |    1    |    0    |    0      |    | SB |    7 bit data   | STB |     |
 122:Drivers/STM32F3xx_HAL_Driver/Src/stm32f3xx_hal_uart_ex.c ****     |---------|---------|-----------|---------------------------------------|
 123:Drivers/STM32F3xx_HAL_Driver/Src/stm32f3xx_hal_uart_ex.c ****     |    1    |    0    |    1      |    | SB | 6 bit data | PB | STB |     |
 124:Drivers/STM32F3xx_HAL_Driver/Src/stm32f3xx_hal_uart_ex.c ****     +-----------------------------------------------------------------------+
 125:Drivers/STM32F3xx_HAL_Driver/Src/stm32f3xx_hal_uart_ex.c **** 
 126:Drivers/STM32F3xx_HAL_Driver/Src/stm32f3xx_hal_uart_ex.c ****   * @{
 127:Drivers/STM32F3xx_HAL_Driver/Src/stm32f3xx_hal_uart_ex.c ****   */
 128:Drivers/STM32F3xx_HAL_Driver/Src/stm32f3xx_hal_uart_ex.c **** 
 129:Drivers/STM32F3xx_HAL_Driver/Src/stm32f3xx_hal_uart_ex.c **** /**
 130:Drivers/STM32F3xx_HAL_Driver/Src/stm32f3xx_hal_uart_ex.c ****   * @brief Initialize the RS485 Driver enable feature according to the specified
 131:Drivers/STM32F3xx_HAL_Driver/Src/stm32f3xx_hal_uart_ex.c ****   *         parameters in the UART_InitTypeDef and creates the associated handle.
 132:Drivers/STM32F3xx_HAL_Driver/Src/stm32f3xx_hal_uart_ex.c ****   * @param huart            UART handle.
 133:Drivers/STM32F3xx_HAL_Driver/Src/stm32f3xx_hal_uart_ex.c ****   * @param Polarity         Select the driver enable polarity.
 134:Drivers/STM32F3xx_HAL_Driver/Src/stm32f3xx_hal_uart_ex.c ****   *          This parameter can be one of the following values:
 135:Drivers/STM32F3xx_HAL_Driver/Src/stm32f3xx_hal_uart_ex.c ****   *          @arg @ref UART_DE_POLARITY_HIGH DE signal is active high
 136:Drivers/STM32F3xx_HAL_Driver/Src/stm32f3xx_hal_uart_ex.c ****   *          @arg @ref UART_DE_POLARITY_LOW  DE signal is active low
 137:Drivers/STM32F3xx_HAL_Driver/Src/stm32f3xx_hal_uart_ex.c ****   * @param AssertionTime    Driver Enable assertion time:
 138:Drivers/STM32F3xx_HAL_Driver/Src/stm32f3xx_hal_uart_ex.c ****   *       5-bit value defining the time between the activation of the DE (Driver Enable)
 139:Drivers/STM32F3xx_HAL_Driver/Src/stm32f3xx_hal_uart_ex.c ****   *       signal and the beginning of the start bit. It is expressed in sample time
 140:Drivers/STM32F3xx_HAL_Driver/Src/stm32f3xx_hal_uart_ex.c ****   *       units (1/8 or 1/16 bit time, depending on the oversampling rate)
 141:Drivers/STM32F3xx_HAL_Driver/Src/stm32f3xx_hal_uart_ex.c ****   * @param DeassertionTime  Driver Enable deassertion time:
 142:Drivers/STM32F3xx_HAL_Driver/Src/stm32f3xx_hal_uart_ex.c ****   *       5-bit value defining the time between the end of the last stop bit, in a
ARM GAS   			page 4


 143:Drivers/STM32F3xx_HAL_Driver/Src/stm32f3xx_hal_uart_ex.c ****   *       transmitted message, and the de-activation of the DE (Driver Enable) signal.
 144:Drivers/STM32F3xx_HAL_Driver/Src/stm32f3xx_hal_uart_ex.c ****   *       It is expressed in sample time units (1/8 or 1/16 bit time, depending on the
 145:Drivers/STM32F3xx_HAL_Driver/Src/stm32f3xx_hal_uart_ex.c ****   *       oversampling rate).
 146:Drivers/STM32F3xx_HAL_Driver/Src/stm32f3xx_hal_uart_ex.c ****   * @retval HAL status
 147:Drivers/STM32F3xx_HAL_Driver/Src/stm32f3xx_hal_uart_ex.c ****   */
 148:Drivers/STM32F3xx_HAL_Driver/Src/stm32f3xx_hal_uart_ex.c **** HAL_StatusTypeDef HAL_RS485Ex_Init(UART_HandleTypeDef *huart, uint32_t Polarity, uint32_t Assertion
 149:Drivers/STM32F3xx_HAL_Driver/Src/stm32f3xx_hal_uart_ex.c ****                                    uint32_t DeassertionTime)
 150:Drivers/STM32F3xx_HAL_Driver/Src/stm32f3xx_hal_uart_ex.c **** {
  31              	 .loc 1 150 1 view-0
  32              	 .cfi_startproc
  33              	 
  34              	 
 151:Drivers/STM32F3xx_HAL_Driver/Src/stm32f3xx_hal_uart_ex.c ****   uint32_t temp;
  35              	 .loc 1 151 3 view .LVU1
 152:Drivers/STM32F3xx_HAL_Driver/Src/stm32f3xx_hal_uart_ex.c **** 
 153:Drivers/STM32F3xx_HAL_Driver/Src/stm32f3xx_hal_uart_ex.c ****   /* Check the UART handle allocation */
 154:Drivers/STM32F3xx_HAL_Driver/Src/stm32f3xx_hal_uart_ex.c ****   if (huart == NULL)
  36              	 .loc 1 154 3 view .LVU2
  37              	 .loc 1 154 6 is_stmt 0 view .LVU3
  38 0000 0028     	 cmp r0,#0
  39 0002 3ED0     	 beq .L14
 155:Drivers/STM32F3xx_HAL_Driver/Src/stm32f3xx_hal_uart_ex.c ****   {
 156:Drivers/STM32F3xx_HAL_Driver/Src/stm32f3xx_hal_uart_ex.c ****     return HAL_ERROR;
 157:Drivers/STM32F3xx_HAL_Driver/Src/stm32f3xx_hal_uart_ex.c ****   }
 158:Drivers/STM32F3xx_HAL_Driver/Src/stm32f3xx_hal_uart_ex.c ****   /* Check the Driver Enable UART instance */
 159:Drivers/STM32F3xx_HAL_Driver/Src/stm32f3xx_hal_uart_ex.c ****   assert_param(IS_UART_DRIVER_ENABLE_INSTANCE(huart->Instance));
  40              	 .loc 1 159 3 is_stmt 1 view .LVU4
 160:Drivers/STM32F3xx_HAL_Driver/Src/stm32f3xx_hal_uart_ex.c **** 
 161:Drivers/STM32F3xx_HAL_Driver/Src/stm32f3xx_hal_uart_ex.c ****   /* Check the Driver Enable polarity */
 162:Drivers/STM32F3xx_HAL_Driver/Src/stm32f3xx_hal_uart_ex.c ****   assert_param(IS_UART_DE_POLARITY(Polarity));
  41              	 .loc 1 162 3 view .LVU5
 163:Drivers/STM32F3xx_HAL_Driver/Src/stm32f3xx_hal_uart_ex.c **** 
 164:Drivers/STM32F3xx_HAL_Driver/Src/stm32f3xx_hal_uart_ex.c ****   /* Check the Driver Enable assertion time */
 165:Drivers/STM32F3xx_HAL_Driver/Src/stm32f3xx_hal_uart_ex.c ****   assert_param(IS_UART_ASSERTIONTIME(AssertionTime));
  42              	 .loc 1 165 3 view .LVU6
 166:Drivers/STM32F3xx_HAL_Driver/Src/stm32f3xx_hal_uart_ex.c **** 
 167:Drivers/STM32F3xx_HAL_Driver/Src/stm32f3xx_hal_uart_ex.c ****   /* Check the Driver Enable deassertion time */
 168:Drivers/STM32F3xx_HAL_Driver/Src/stm32f3xx_hal_uart_ex.c ****   assert_param(IS_UART_DEASSERTIONTIME(DeassertionTime));
  43              	 .loc 1 168 3 view .LVU7
 169:Drivers/STM32F3xx_HAL_Driver/Src/stm32f3xx_hal_uart_ex.c **** 
 170:Drivers/STM32F3xx_HAL_Driver/Src/stm32f3xx_hal_uart_ex.c ****   if (huart->gState == HAL_UART_STATE_RESET)
  44              	 .loc 1 170 3 view .LVU8
 150:Drivers/STM32F3xx_HAL_Driver/Src/stm32f3xx_hal_uart_ex.c ****   uint32_t temp;
  45              	 .loc 1 150 1 is_stmt 0 view .LVU9
  46 0004 2DE9F041 	 push {r4,r5,r6,r7,r8,lr}
  47              	 .cfi_def_cfa_offset 24
  48              	 .cfi_offset 4,-24
  49              	 .cfi_offset 5,-20
  50              	 .cfi_offset 6,-16
  51              	 .cfi_offset 7,-12
  52              	 .cfi_offset 8,-8
  53              	 .cfi_offset 14,-4
  54 0008 1D46     	 mov r5,r3
  55              	 .loc 1 170 12 view .LVU10
  56 000a C36F     	 ldr r3,[r0,#124]
  57              	.LVL1:
  58              	 .loc 1 170 12 view .LVU11
ARM GAS   			page 5


  59 000c 0F46     	 mov r7,r1
  60 000e 9046     	 mov r8,r2
  61 0010 0446     	 mov r4,r0
  62              	 .loc 1 170 6 view .LVU12
  63 0012 8BB3     	 cbz r3,.L18
  64              	.LVL2:
  65              	.L4:
 171:Drivers/STM32F3xx_HAL_Driver/Src/stm32f3xx_hal_uart_ex.c ****   {
 172:Drivers/STM32F3xx_HAL_Driver/Src/stm32f3xx_hal_uart_ex.c ****     /* Allocate lock resource and initialize it */
 173:Drivers/STM32F3xx_HAL_Driver/Src/stm32f3xx_hal_uart_ex.c ****     huart->Lock = HAL_UNLOCKED;
 174:Drivers/STM32F3xx_HAL_Driver/Src/stm32f3xx_hal_uart_ex.c **** 
 175:Drivers/STM32F3xx_HAL_Driver/Src/stm32f3xx_hal_uart_ex.c **** #if (USE_HAL_UART_REGISTER_CALLBACKS == 1)
 176:Drivers/STM32F3xx_HAL_Driver/Src/stm32f3xx_hal_uart_ex.c ****     UART_InitCallbacksToDefault(huart);
 177:Drivers/STM32F3xx_HAL_Driver/Src/stm32f3xx_hal_uart_ex.c **** 
 178:Drivers/STM32F3xx_HAL_Driver/Src/stm32f3xx_hal_uart_ex.c ****     if (huart->MspInitCallback == NULL)
 179:Drivers/STM32F3xx_HAL_Driver/Src/stm32f3xx_hal_uart_ex.c ****     {
 180:Drivers/STM32F3xx_HAL_Driver/Src/stm32f3xx_hal_uart_ex.c ****       huart->MspInitCallback = HAL_UART_MspInit;
 181:Drivers/STM32F3xx_HAL_Driver/Src/stm32f3xx_hal_uart_ex.c ****     }
 182:Drivers/STM32F3xx_HAL_Driver/Src/stm32f3xx_hal_uart_ex.c **** 
 183:Drivers/STM32F3xx_HAL_Driver/Src/stm32f3xx_hal_uart_ex.c ****     /* Init the low level hardware */
 184:Drivers/STM32F3xx_HAL_Driver/Src/stm32f3xx_hal_uart_ex.c ****     huart->MspInitCallback(huart);
 185:Drivers/STM32F3xx_HAL_Driver/Src/stm32f3xx_hal_uart_ex.c **** #else
 186:Drivers/STM32F3xx_HAL_Driver/Src/stm32f3xx_hal_uart_ex.c ****     /* Init the low level hardware : GPIO, CLOCK, CORTEX */
 187:Drivers/STM32F3xx_HAL_Driver/Src/stm32f3xx_hal_uart_ex.c ****     HAL_UART_MspInit(huart);
 188:Drivers/STM32F3xx_HAL_Driver/Src/stm32f3xx_hal_uart_ex.c **** #endif /* (USE_HAL_UART_REGISTER_CALLBACKS) */
 189:Drivers/STM32F3xx_HAL_Driver/Src/stm32f3xx_hal_uart_ex.c ****   }
 190:Drivers/STM32F3xx_HAL_Driver/Src/stm32f3xx_hal_uart_ex.c **** 
 191:Drivers/STM32F3xx_HAL_Driver/Src/stm32f3xx_hal_uart_ex.c ****   huart->gState = HAL_UART_STATE_BUSY;
  66              	 .loc 1 191 3 is_stmt 1 view .LVU13
 192:Drivers/STM32F3xx_HAL_Driver/Src/stm32f3xx_hal_uart_ex.c **** 
 193:Drivers/STM32F3xx_HAL_Driver/Src/stm32f3xx_hal_uart_ex.c ****   /* Disable the Peripheral */
 194:Drivers/STM32F3xx_HAL_Driver/Src/stm32f3xx_hal_uart_ex.c ****   __HAL_UART_DISABLE(huart);
  67              	 .loc 1 194 3 is_stmt 0 view .LVU14
  68 0014 2268     	 ldr r2,[r4]
 191:Drivers/STM32F3xx_HAL_Driver/Src/stm32f3xx_hal_uart_ex.c **** 
  69              	 .loc 1 191 17 view .LVU15
  70 0016 2423     	 movs r3,#36
  71 0018 E367     	 str r3,[r4,#124]
  72              	 .loc 1 194 3 is_stmt 1 view .LVU16
  73 001a 1368     	 ldr r3,[r2]
  74 001c 23F00103 	 bic r3,r3,#1
 195:Drivers/STM32F3xx_HAL_Driver/Src/stm32f3xx_hal_uart_ex.c **** 
 196:Drivers/STM32F3xx_HAL_Driver/Src/stm32f3xx_hal_uart_ex.c ****   /* Set the UART Communication parameters */
 197:Drivers/STM32F3xx_HAL_Driver/Src/stm32f3xx_hal_uart_ex.c ****   if (UART_SetConfig(huart) == HAL_ERROR)
  75              	 .loc 1 197 7 is_stmt 0 view .LVU17
  76 0020 2046     	 mov r0,r4
 194:Drivers/STM32F3xx_HAL_Driver/Src/stm32f3xx_hal_uart_ex.c **** 
  77              	 .loc 1 194 3 view .LVU18
  78 0022 1360     	 str r3,[r2]
  79              	 .loc 1 197 3 is_stmt 1 view .LVU19
  80              	 .loc 1 197 7 is_stmt 0 view .LVU20
  81 0024 FFF7FEFF 	 bl UART_SetConfig
  82              	.LVL3:
  83              	 .loc 1 197 6 view .LVU21
  84 0028 0128     	 cmp r0,#1
  85 002a 22D0     	 beq .L3
 198:Drivers/STM32F3xx_HAL_Driver/Src/stm32f3xx_hal_uart_ex.c ****   {
ARM GAS   			page 6


 199:Drivers/STM32F3xx_HAL_Driver/Src/stm32f3xx_hal_uart_ex.c ****     return HAL_ERROR;
 200:Drivers/STM32F3xx_HAL_Driver/Src/stm32f3xx_hal_uart_ex.c ****   }
 201:Drivers/STM32F3xx_HAL_Driver/Src/stm32f3xx_hal_uart_ex.c **** 
 202:Drivers/STM32F3xx_HAL_Driver/Src/stm32f3xx_hal_uart_ex.c ****   if (huart->AdvancedInit.AdvFeatureInit != UART_ADVFEATURE_NO_INIT)
  86              	 .loc 1 202 3 is_stmt 1 view .LVU22
  87              	 .loc 1 202 6 is_stmt 0 view .LVU23
  88 002c 636A     	 ldr r3,[r4,#36]
  89 002e E3B9     	 cbnz r3,.L19
  90              	.L6:
 203:Drivers/STM32F3xx_HAL_Driver/Src/stm32f3xx_hal_uart_ex.c ****   {
 204:Drivers/STM32F3xx_HAL_Driver/Src/stm32f3xx_hal_uart_ex.c ****     UART_AdvFeatureConfig(huart);
 205:Drivers/STM32F3xx_HAL_Driver/Src/stm32f3xx_hal_uart_ex.c ****   }
 206:Drivers/STM32F3xx_HAL_Driver/Src/stm32f3xx_hal_uart_ex.c **** 
 207:Drivers/STM32F3xx_HAL_Driver/Src/stm32f3xx_hal_uart_ex.c ****   /* Enable the Driver Enable mode by setting the DEM bit in the CR3 register */
 208:Drivers/STM32F3xx_HAL_Driver/Src/stm32f3xx_hal_uart_ex.c ****   SET_BIT(huart->Instance->CR3, USART_CR3_DEM);
  91              	 .loc 1 208 3 is_stmt 1 view .LVU24
  92 0030 2668     	 ldr r6,[r4]
 209:Drivers/STM32F3xx_HAL_Driver/Src/stm32f3xx_hal_uart_ex.c **** 
 210:Drivers/STM32F3xx_HAL_Driver/Src/stm32f3xx_hal_uart_ex.c ****   /* Set the Driver Enable polarity */
 211:Drivers/STM32F3xx_HAL_Driver/Src/stm32f3xx_hal_uart_ex.c ****   MODIFY_REG(huart->Instance->CR3, USART_CR3_DEP, Polarity);
 212:Drivers/STM32F3xx_HAL_Driver/Src/stm32f3xx_hal_uart_ex.c **** 
 213:Drivers/STM32F3xx_HAL_Driver/Src/stm32f3xx_hal_uart_ex.c ****   /* Set the Driver Enable assertion and deassertion times */
 214:Drivers/STM32F3xx_HAL_Driver/Src/stm32f3xx_hal_uart_ex.c ****   temp = (AssertionTime << UART_CR1_DEAT_ADDRESS_LSB_POS);
 215:Drivers/STM32F3xx_HAL_Driver/Src/stm32f3xx_hal_uart_ex.c ****   temp |= (DeassertionTime << UART_CR1_DEDT_ADDRESS_LSB_POS);
  93              	 .loc 1 215 28 is_stmt 0 view .LVU25
  94 0032 2B04     	 lsls r3,r5,#16
  95              	 .loc 1 215 8 view .LVU26
  96 0034 43EA4855 	 orr r5,r3,r8,lsl#21
  97              	.LVL4:
 208:Drivers/STM32F3xx_HAL_Driver/Src/stm32f3xx_hal_uart_ex.c **** 
  98              	 .loc 1 208 3 view .LVU27
  99 0038 B368     	 ldr r3,[r6,#8]
 100 003a 43F48043 	 orr r3,r3,#16384
 101 003e B360     	 str r3,[r6,#8]
 211:Drivers/STM32F3xx_HAL_Driver/Src/stm32f3xx_hal_uart_ex.c **** 
 102              	 .loc 1 211 3 is_stmt 1 view .LVU28
 103 0040 B368     	 ldr r3,[r6,#8]
 104 0042 23F40043 	 bic r3,r3,#32768
 105 0046 3B43     	 orrs r3,r3,r7
 106 0048 B360     	 str r3,[r6,#8]
 214:Drivers/STM32F3xx_HAL_Driver/Src/stm32f3xx_hal_uart_ex.c ****   temp |= (DeassertionTime << UART_CR1_DEDT_ADDRESS_LSB_POS);
 107              	 .loc 1 214 3 view .LVU29
 108              	.LVL5:
 109              	 .loc 1 215 3 view .LVU30
 216:Drivers/STM32F3xx_HAL_Driver/Src/stm32f3xx_hal_uart_ex.c ****   MODIFY_REG(huart->Instance->CR1, (USART_CR1_DEDT | USART_CR1_DEAT), temp);
 110              	 .loc 1 216 3 view .LVU31
 111 004a 3268     	 ldr r2,[r6]
 112 004c 22F07F72 	 bic r2,r2,#66846720
 113 0050 22F44032 	 bic r2,r2,#196608
 114 0054 1543     	 orrs r5,r5,r2
 115 0056 3560     	 str r5,[r6]
 217:Drivers/STM32F3xx_HAL_Driver/Src/stm32f3xx_hal_uart_ex.c **** 
 218:Drivers/STM32F3xx_HAL_Driver/Src/stm32f3xx_hal_uart_ex.c ****   /* Enable the Peripheral */
 219:Drivers/STM32F3xx_HAL_Driver/Src/stm32f3xx_hal_uart_ex.c ****   __HAL_UART_ENABLE(huart);
 116              	 .loc 1 219 3 view .LVU32
 117 0058 3368     	 ldr r3,[r6]
 118 005a 43F00103 	 orr r3,r3,#1
ARM GAS   			page 7


 220:Drivers/STM32F3xx_HAL_Driver/Src/stm32f3xx_hal_uart_ex.c **** 
 221:Drivers/STM32F3xx_HAL_Driver/Src/stm32f3xx_hal_uart_ex.c ****   /* TEACK and/or REACK to check before moving huart->gState and huart->RxState to Ready */
 222:Drivers/STM32F3xx_HAL_Driver/Src/stm32f3xx_hal_uart_ex.c ****   return (UART_CheckIdleState(huart));
 119              	 .loc 1 222 11 is_stmt 0 view .LVU33
 120 005e 2046     	 mov r0,r4
 219:Drivers/STM32F3xx_HAL_Driver/Src/stm32f3xx_hal_uart_ex.c **** 
 121              	 .loc 1 219 3 view .LVU34
 122 0060 3360     	 str r3,[r6]
 123              	 .loc 1 222 3 is_stmt 1 view .LVU35
 223:Drivers/STM32F3xx_HAL_Driver/Src/stm32f3xx_hal_uart_ex.c **** }
 124              	 .loc 1 223 1 is_stmt 0 view .LVU36
 125 0062 BDE8F041 	 pop {r4,r5,r6,r7,r8,lr}
 126              	 .cfi_remember_state
 127              	 .cfi_restore 14
 128              	 .cfi_restore 8
 129              	 .cfi_restore 7
 130              	 .cfi_restore 6
 131              	 .cfi_restore 5
 132              	 .cfi_restore 4
 133              	 .cfi_def_cfa_offset 0
 134              	.LVL6:
 222:Drivers/STM32F3xx_HAL_Driver/Src/stm32f3xx_hal_uart_ex.c **** }
 135              	 .loc 1 222 11 view .LVU37
 136 0066 FFF7FEBF 	 b UART_CheckIdleState
 137              	.LVL7:
 138              	.L19:
 139              	 .cfi_restore_state
 204:Drivers/STM32F3xx_HAL_Driver/Src/stm32f3xx_hal_uart_ex.c ****   }
 140              	 .loc 1 204 5 is_stmt 1 view .LVU38
 141 006a 2046     	 mov r0,r4
 142 006c FFF7FEFF 	 bl UART_AdvFeatureConfig
 143              	.LVL8:
 144 0070 DEE7     	 b .L6
 145              	.L3:
 146              	 .loc 1 223 1 is_stmt 0 view .LVU39
 147 0072 0120     	 movs r0,#1
 148 0074 BDE8F081 	 pop {r4,r5,r6,r7,r8,pc}
 149              	.LVL9:
 150              	.L18:
 173:Drivers/STM32F3xx_HAL_Driver/Src/stm32f3xx_hal_uart_ex.c **** 
 151              	 .loc 1 173 5 is_stmt 1 view .LVU40
 173:Drivers/STM32F3xx_HAL_Driver/Src/stm32f3xx_hal_uart_ex.c **** 
 152              	 .loc 1 173 17 is_stmt 0 view .LVU41
 153 0078 80F87830 	 strb r3,[r0,#120]
 187:Drivers/STM32F3xx_HAL_Driver/Src/stm32f3xx_hal_uart_ex.c **** #endif /* (USE_HAL_UART_REGISTER_CALLBACKS) */
 154              	 .loc 1 187 5 is_stmt 1 view .LVU42
 155 007c FFF7FEFF 	 bl HAL_UART_MspInit
 156              	.LVL10:
 187:Drivers/STM32F3xx_HAL_Driver/Src/stm32f3xx_hal_uart_ex.c **** #endif /* (USE_HAL_UART_REGISTER_CALLBACKS) */
 157              	 .loc 1 187 5 is_stmt 0 view .LVU43
 158 0080 C8E7     	 b .L4
 159              	.LVL11:
 160              	.L14:
 161              	 .cfi_def_cfa_offset 0
 162              	 .cfi_restore 4
 163              	 .cfi_restore 5
 164              	 .cfi_restore 6
ARM GAS   			page 8


 165              	 .cfi_restore 7
 166              	 .cfi_restore 8
 167              	 .cfi_restore 14
 168              	 .loc 1 223 1 view .LVU44
 169 0082 0120     	 movs r0,#1
 170              	.LVL12:
 171              	 .loc 1 223 1 view .LVU45
 172 0084 7047     	 bx lr
 173              	 .cfi_endproc
 174              	.LFE123:
 176 0086 00BF     	 .section .text.HAL_UARTEx_WakeupCallback,"ax",%progbits
 177              	 .align 1
 178              	 .p2align 2,,3
 179              	 .weak HAL_UARTEx_WakeupCallback
 180              	 .syntax unified
 181              	 .thumb
 182              	 .thumb_func
 183              	 .fpu fpv4-sp-d16
 185              	HAL_UARTEx_WakeupCallback:
 186              	.LVL13:
 187              	.LFB124:
 224:Drivers/STM32F3xx_HAL_Driver/Src/stm32f3xx_hal_uart_ex.c **** 
 225:Drivers/STM32F3xx_HAL_Driver/Src/stm32f3xx_hal_uart_ex.c **** /**
 226:Drivers/STM32F3xx_HAL_Driver/Src/stm32f3xx_hal_uart_ex.c ****   * @}
 227:Drivers/STM32F3xx_HAL_Driver/Src/stm32f3xx_hal_uart_ex.c ****   */
 228:Drivers/STM32F3xx_HAL_Driver/Src/stm32f3xx_hal_uart_ex.c **** 
 229:Drivers/STM32F3xx_HAL_Driver/Src/stm32f3xx_hal_uart_ex.c **** /** @defgroup UARTEx_Exported_Functions_Group2 IO operation functions
 230:Drivers/STM32F3xx_HAL_Driver/Src/stm32f3xx_hal_uart_ex.c ****   *  @brief Extended functions
 231:Drivers/STM32F3xx_HAL_Driver/Src/stm32f3xx_hal_uart_ex.c ****   *
 232:Drivers/STM32F3xx_HAL_Driver/Src/stm32f3xx_hal_uart_ex.c **** @verbatim
 233:Drivers/STM32F3xx_HAL_Driver/Src/stm32f3xx_hal_uart_ex.c ****  ===============================================================================
 234:Drivers/STM32F3xx_HAL_Driver/Src/stm32f3xx_hal_uart_ex.c ****                       ##### IO operation functions #####
 235:Drivers/STM32F3xx_HAL_Driver/Src/stm32f3xx_hal_uart_ex.c ****  ===============================================================================
 236:Drivers/STM32F3xx_HAL_Driver/Src/stm32f3xx_hal_uart_ex.c ****     This subsection provides a set of Wakeup and FIFO mode related callback functions.
 237:Drivers/STM32F3xx_HAL_Driver/Src/stm32f3xx_hal_uart_ex.c **** 
 238:Drivers/STM32F3xx_HAL_Driver/Src/stm32f3xx_hal_uart_ex.c ****     (#) Wakeup from Stop mode Callback:
 239:Drivers/STM32F3xx_HAL_Driver/Src/stm32f3xx_hal_uart_ex.c ****         (+) HAL_UARTEx_WakeupCallback()
 240:Drivers/STM32F3xx_HAL_Driver/Src/stm32f3xx_hal_uart_ex.c **** 
 241:Drivers/STM32F3xx_HAL_Driver/Src/stm32f3xx_hal_uart_ex.c **** @endverbatim
 242:Drivers/STM32F3xx_HAL_Driver/Src/stm32f3xx_hal_uart_ex.c ****   * @{
 243:Drivers/STM32F3xx_HAL_Driver/Src/stm32f3xx_hal_uart_ex.c ****   */
 244:Drivers/STM32F3xx_HAL_Driver/Src/stm32f3xx_hal_uart_ex.c **** 
 245:Drivers/STM32F3xx_HAL_Driver/Src/stm32f3xx_hal_uart_ex.c **** /**
 246:Drivers/STM32F3xx_HAL_Driver/Src/stm32f3xx_hal_uart_ex.c ****   * @brief UART wakeup from Stop mode callback.
 247:Drivers/STM32F3xx_HAL_Driver/Src/stm32f3xx_hal_uart_ex.c ****   * @param huart UART handle.
 248:Drivers/STM32F3xx_HAL_Driver/Src/stm32f3xx_hal_uart_ex.c ****   * @retval None
 249:Drivers/STM32F3xx_HAL_Driver/Src/stm32f3xx_hal_uart_ex.c ****   */
 250:Drivers/STM32F3xx_HAL_Driver/Src/stm32f3xx_hal_uart_ex.c **** __weak void HAL_UARTEx_WakeupCallback(UART_HandleTypeDef *huart)
 251:Drivers/STM32F3xx_HAL_Driver/Src/stm32f3xx_hal_uart_ex.c **** {
 188              	 .loc 1 251 1 is_stmt 1 view-0
 189              	 .cfi_startproc
 190              	 
 191              	 
 192              	 
 252:Drivers/STM32F3xx_HAL_Driver/Src/stm32f3xx_hal_uart_ex.c ****   /* Prevent unused argument(s) compilation warning */
 253:Drivers/STM32F3xx_HAL_Driver/Src/stm32f3xx_hal_uart_ex.c ****   UNUSED(huart);
 193              	 .loc 1 253 3 view .LVU47
ARM GAS   			page 9


 254:Drivers/STM32F3xx_HAL_Driver/Src/stm32f3xx_hal_uart_ex.c **** 
 255:Drivers/STM32F3xx_HAL_Driver/Src/stm32f3xx_hal_uart_ex.c ****   /* NOTE : This function should not be modified, when the callback is needed,
 256:Drivers/STM32F3xx_HAL_Driver/Src/stm32f3xx_hal_uart_ex.c ****             the HAL_UARTEx_WakeupCallback can be implemented in the user file.
 257:Drivers/STM32F3xx_HAL_Driver/Src/stm32f3xx_hal_uart_ex.c ****    */
 258:Drivers/STM32F3xx_HAL_Driver/Src/stm32f3xx_hal_uart_ex.c **** }
 194              	 .loc 1 258 1 is_stmt 0 view .LVU48
 195 0000 7047     	 bx lr
 196              	 .cfi_endproc
 197              	.LFE124:
 199 0002 00BF     	 .section .text.HAL_MultiProcessorEx_AddressLength_Set,"ax",%progbits
 200              	 .align 1
 201              	 .p2align 2,,3
 202              	 .global HAL_MultiProcessorEx_AddressLength_Set
 203              	 .syntax unified
 204              	 .thumb
 205              	 .thumb_func
 206              	 .fpu fpv4-sp-d16
 208              	HAL_MultiProcessorEx_AddressLength_Set:
 209              	.LVL14:
 210              	.LFB125:
 259:Drivers/STM32F3xx_HAL_Driver/Src/stm32f3xx_hal_uart_ex.c **** 
 260:Drivers/STM32F3xx_HAL_Driver/Src/stm32f3xx_hal_uart_ex.c **** 
 261:Drivers/STM32F3xx_HAL_Driver/Src/stm32f3xx_hal_uart_ex.c **** /**
 262:Drivers/STM32F3xx_HAL_Driver/Src/stm32f3xx_hal_uart_ex.c ****   * @}
 263:Drivers/STM32F3xx_HAL_Driver/Src/stm32f3xx_hal_uart_ex.c ****   */
 264:Drivers/STM32F3xx_HAL_Driver/Src/stm32f3xx_hal_uart_ex.c **** 
 265:Drivers/STM32F3xx_HAL_Driver/Src/stm32f3xx_hal_uart_ex.c **** /** @defgroup UARTEx_Exported_Functions_Group3 Peripheral Control functions
 266:Drivers/STM32F3xx_HAL_Driver/Src/stm32f3xx_hal_uart_ex.c ****   * @brief    Extended Peripheral Control functions
 267:Drivers/STM32F3xx_HAL_Driver/Src/stm32f3xx_hal_uart_ex.c ****   *
 268:Drivers/STM32F3xx_HAL_Driver/Src/stm32f3xx_hal_uart_ex.c **** @verbatim
 269:Drivers/STM32F3xx_HAL_Driver/Src/stm32f3xx_hal_uart_ex.c ****  ===============================================================================
 270:Drivers/STM32F3xx_HAL_Driver/Src/stm32f3xx_hal_uart_ex.c ****                       ##### Peripheral Control functions #####
 271:Drivers/STM32F3xx_HAL_Driver/Src/stm32f3xx_hal_uart_ex.c ****  ===============================================================================
 272:Drivers/STM32F3xx_HAL_Driver/Src/stm32f3xx_hal_uart_ex.c ****     [..] This section provides the following functions:
 273:Drivers/STM32F3xx_HAL_Driver/Src/stm32f3xx_hal_uart_ex.c ****      (+) HAL_MultiProcessorEx_AddressLength_Set() API optionally sets the UART node address
 274:Drivers/STM32F3xx_HAL_Driver/Src/stm32f3xx_hal_uart_ex.c ****          detection length to more than 4 bits for multiprocessor address mark wake up.
 275:Drivers/STM32F3xx_HAL_Driver/Src/stm32f3xx_hal_uart_ex.c ****      (+) HAL_UARTEx_StopModeWakeUpSourceConfig() API defines the wake-up from stop mode
 276:Drivers/STM32F3xx_HAL_Driver/Src/stm32f3xx_hal_uart_ex.c ****          trigger: address match, Start Bit detection or RXNE bit status.
 277:Drivers/STM32F3xx_HAL_Driver/Src/stm32f3xx_hal_uart_ex.c ****      (+) HAL_UARTEx_EnableStopMode() API enables the UART to wake up the MCU from stop mode
 278:Drivers/STM32F3xx_HAL_Driver/Src/stm32f3xx_hal_uart_ex.c ****      (+) HAL_UARTEx_DisableStopMode() API disables the above functionality
 279:Drivers/STM32F3xx_HAL_Driver/Src/stm32f3xx_hal_uart_ex.c **** 
 280:Drivers/STM32F3xx_HAL_Driver/Src/stm32f3xx_hal_uart_ex.c ****     [..] This subsection also provides a set of additional functions providing enhanced reception
 281:Drivers/STM32F3xx_HAL_Driver/Src/stm32f3xx_hal_uart_ex.c ****     services to user. (For example, these functions allow application to handle use cases
 282:Drivers/STM32F3xx_HAL_Driver/Src/stm32f3xx_hal_uart_ex.c ****     where number of data to be received is unknown).
 283:Drivers/STM32F3xx_HAL_Driver/Src/stm32f3xx_hal_uart_ex.c **** 
 284:Drivers/STM32F3xx_HAL_Driver/Src/stm32f3xx_hal_uart_ex.c ****     (#) Compared to standard reception services which only consider number of received
 285:Drivers/STM32F3xx_HAL_Driver/Src/stm32f3xx_hal_uart_ex.c ****         data elements as reception completion criteria, these functions also consider additional ev
 286:Drivers/STM32F3xx_HAL_Driver/Src/stm32f3xx_hal_uart_ex.c ****         as triggers for updating reception status to caller :
 287:Drivers/STM32F3xx_HAL_Driver/Src/stm32f3xx_hal_uart_ex.c ****        (+) Detection of inactivity period (RX line has not been active for a given period).
 288:Drivers/STM32F3xx_HAL_Driver/Src/stm32f3xx_hal_uart_ex.c ****           (++) RX inactivity detected by IDLE event, i.e. RX line has been in idle state (normally 
 289:Drivers/STM32F3xx_HAL_Driver/Src/stm32f3xx_hal_uart_ex.c ****                for 1 frame time, after last received byte.
 290:Drivers/STM32F3xx_HAL_Driver/Src/stm32f3xx_hal_uart_ex.c ****           (++) RX inactivity detected by RTO, i.e. line has been in idle state
 291:Drivers/STM32F3xx_HAL_Driver/Src/stm32f3xx_hal_uart_ex.c ****                for a programmable time, after last received byte.
 292:Drivers/STM32F3xx_HAL_Driver/Src/stm32f3xx_hal_uart_ex.c ****        (+) Detection that a specific character has been received.
 293:Drivers/STM32F3xx_HAL_Driver/Src/stm32f3xx_hal_uart_ex.c **** 
 294:Drivers/STM32F3xx_HAL_Driver/Src/stm32f3xx_hal_uart_ex.c ****     (#) There are two mode of transfer:
 295:Drivers/STM32F3xx_HAL_Driver/Src/stm32f3xx_hal_uart_ex.c ****        (+) Blocking mode: The reception is performed in polling mode, until either expected number 
ARM GAS   			page 10


 296:Drivers/STM32F3xx_HAL_Driver/Src/stm32f3xx_hal_uart_ex.c ****            or till IDLE event occurs. Reception is handled only during function execution.
 297:Drivers/STM32F3xx_HAL_Driver/Src/stm32f3xx_hal_uart_ex.c ****            When function exits, no data reception could occur. HAL status and number of actually re
 298:Drivers/STM32F3xx_HAL_Driver/Src/stm32f3xx_hal_uart_ex.c ****            are returned by function after finishing transfer.
 299:Drivers/STM32F3xx_HAL_Driver/Src/stm32f3xx_hal_uart_ex.c ****        (+) Non-Blocking mode: The reception is performed using Interrupts or DMA.
 300:Drivers/STM32F3xx_HAL_Driver/Src/stm32f3xx_hal_uart_ex.c ****            These API's return the HAL status.
 301:Drivers/STM32F3xx_HAL_Driver/Src/stm32f3xx_hal_uart_ex.c ****            The end of the data processing will be indicated through the
 302:Drivers/STM32F3xx_HAL_Driver/Src/stm32f3xx_hal_uart_ex.c ****            dedicated UART IRQ when using Interrupt mode or the DMA IRQ when using DMA mode.
 303:Drivers/STM32F3xx_HAL_Driver/Src/stm32f3xx_hal_uart_ex.c ****            The HAL_UARTEx_RxEventCallback() user callback will be executed during Receive process
 304:Drivers/STM32F3xx_HAL_Driver/Src/stm32f3xx_hal_uart_ex.c ****            The HAL_UART_ErrorCallback()user callback will be executed when a reception error is det
 305:Drivers/STM32F3xx_HAL_Driver/Src/stm32f3xx_hal_uart_ex.c **** 
 306:Drivers/STM32F3xx_HAL_Driver/Src/stm32f3xx_hal_uart_ex.c ****     (#) Blocking mode API:
 307:Drivers/STM32F3xx_HAL_Driver/Src/stm32f3xx_hal_uart_ex.c ****         (+) HAL_UARTEx_ReceiveToIdle()
 308:Drivers/STM32F3xx_HAL_Driver/Src/stm32f3xx_hal_uart_ex.c **** 
 309:Drivers/STM32F3xx_HAL_Driver/Src/stm32f3xx_hal_uart_ex.c ****     (#) Non-Blocking mode API with Interrupt:
 310:Drivers/STM32F3xx_HAL_Driver/Src/stm32f3xx_hal_uart_ex.c ****         (+) HAL_UARTEx_ReceiveToIdle_IT()
 311:Drivers/STM32F3xx_HAL_Driver/Src/stm32f3xx_hal_uart_ex.c **** 
 312:Drivers/STM32F3xx_HAL_Driver/Src/stm32f3xx_hal_uart_ex.c ****     (#) Non-Blocking mode API with DMA:
 313:Drivers/STM32F3xx_HAL_Driver/Src/stm32f3xx_hal_uart_ex.c ****         (+) HAL_UARTEx_ReceiveToIdle_DMA()
 314:Drivers/STM32F3xx_HAL_Driver/Src/stm32f3xx_hal_uart_ex.c **** 
 315:Drivers/STM32F3xx_HAL_Driver/Src/stm32f3xx_hal_uart_ex.c **** @endverbatim
 316:Drivers/STM32F3xx_HAL_Driver/Src/stm32f3xx_hal_uart_ex.c ****   * @{
 317:Drivers/STM32F3xx_HAL_Driver/Src/stm32f3xx_hal_uart_ex.c ****   */
 318:Drivers/STM32F3xx_HAL_Driver/Src/stm32f3xx_hal_uart_ex.c **** 
 319:Drivers/STM32F3xx_HAL_Driver/Src/stm32f3xx_hal_uart_ex.c **** /**
 320:Drivers/STM32F3xx_HAL_Driver/Src/stm32f3xx_hal_uart_ex.c ****   * @brief By default in multiprocessor mode, when the wake up method is set
 321:Drivers/STM32F3xx_HAL_Driver/Src/stm32f3xx_hal_uart_ex.c ****   *        to address mark, the UART handles only 4-bit long addresses detection;
 322:Drivers/STM32F3xx_HAL_Driver/Src/stm32f3xx_hal_uart_ex.c ****   *        this API allows to enable longer addresses detection (6-, 7- or 8-bit
 323:Drivers/STM32F3xx_HAL_Driver/Src/stm32f3xx_hal_uart_ex.c ****   *        long).
 324:Drivers/STM32F3xx_HAL_Driver/Src/stm32f3xx_hal_uart_ex.c ****   * @note  Addresses detection lengths are: 6-bit address detection in 7-bit data mode,
 325:Drivers/STM32F3xx_HAL_Driver/Src/stm32f3xx_hal_uart_ex.c ****   *        7-bit address detection in 8-bit data mode, 8-bit address detection in 9-bit data mode.
 326:Drivers/STM32F3xx_HAL_Driver/Src/stm32f3xx_hal_uart_ex.c ****   * @param huart         UART handle.
 327:Drivers/STM32F3xx_HAL_Driver/Src/stm32f3xx_hal_uart_ex.c ****   * @param AddressLength This parameter can be one of the following values:
 328:Drivers/STM32F3xx_HAL_Driver/Src/stm32f3xx_hal_uart_ex.c ****   *          @arg @ref UART_ADDRESS_DETECT_4B 4-bit long address
 329:Drivers/STM32F3xx_HAL_Driver/Src/stm32f3xx_hal_uart_ex.c ****   *          @arg @ref UART_ADDRESS_DETECT_7B 6-, 7- or 8-bit long address
 330:Drivers/STM32F3xx_HAL_Driver/Src/stm32f3xx_hal_uart_ex.c ****   * @retval HAL status
 331:Drivers/STM32F3xx_HAL_Driver/Src/stm32f3xx_hal_uart_ex.c ****   */
 332:Drivers/STM32F3xx_HAL_Driver/Src/stm32f3xx_hal_uart_ex.c **** HAL_StatusTypeDef HAL_MultiProcessorEx_AddressLength_Set(UART_HandleTypeDef *huart, uint32_t Addres
 333:Drivers/STM32F3xx_HAL_Driver/Src/stm32f3xx_hal_uart_ex.c **** {
 211              	 .loc 1 333 1 is_stmt 1 view-0
 212              	 .cfi_startproc
 213              	 
 214              	 
 215              	 
 334:Drivers/STM32F3xx_HAL_Driver/Src/stm32f3xx_hal_uart_ex.c ****   /* Check the UART handle allocation */
 335:Drivers/STM32F3xx_HAL_Driver/Src/stm32f3xx_hal_uart_ex.c ****   if (huart == NULL)
 216              	 .loc 1 335 3 view .LVU50
 217              	 .loc 1 335 6 is_stmt 0 view .LVU51
 218 0000 A0B1     	 cbz r0,.L22
 336:Drivers/STM32F3xx_HAL_Driver/Src/stm32f3xx_hal_uart_ex.c ****   {
 337:Drivers/STM32F3xx_HAL_Driver/Src/stm32f3xx_hal_uart_ex.c ****     return HAL_ERROR;
 338:Drivers/STM32F3xx_HAL_Driver/Src/stm32f3xx_hal_uart_ex.c ****   }
 339:Drivers/STM32F3xx_HAL_Driver/Src/stm32f3xx_hal_uart_ex.c **** 
 340:Drivers/STM32F3xx_HAL_Driver/Src/stm32f3xx_hal_uart_ex.c ****   /* Check the address length parameter */
 341:Drivers/STM32F3xx_HAL_Driver/Src/stm32f3xx_hal_uart_ex.c ****   assert_param(IS_UART_ADDRESSLENGTH_DETECT(AddressLength));
 219              	 .loc 1 341 3 is_stmt 1 view .LVU52
 342:Drivers/STM32F3xx_HAL_Driver/Src/stm32f3xx_hal_uart_ex.c **** 
 343:Drivers/STM32F3xx_HAL_Driver/Src/stm32f3xx_hal_uart_ex.c ****   huart->gState = HAL_UART_STATE_BUSY;
ARM GAS   			page 11


 220              	 .loc 1 343 3 view .LVU53
 333:Drivers/STM32F3xx_HAL_Driver/Src/stm32f3xx_hal_uart_ex.c ****   /* Check the UART handle allocation */
 221              	 .loc 1 333 1 is_stmt 0 view .LVU54
 222 0002 10B4     	 push {r4}
 223              	 .cfi_def_cfa_offset 4
 224              	 .cfi_offset 4,-4
 344:Drivers/STM32F3xx_HAL_Driver/Src/stm32f3xx_hal_uart_ex.c **** 
 345:Drivers/STM32F3xx_HAL_Driver/Src/stm32f3xx_hal_uart_ex.c ****   /* Disable the Peripheral */
 346:Drivers/STM32F3xx_HAL_Driver/Src/stm32f3xx_hal_uart_ex.c ****   __HAL_UART_DISABLE(huart);
 225              	 .loc 1 346 3 view .LVU55
 226 0004 0268     	 ldr r2,[r0]
 343:Drivers/STM32F3xx_HAL_Driver/Src/stm32f3xx_hal_uart_ex.c **** 
 227              	 .loc 1 343 17 view .LVU56
 228 0006 2424     	 movs r4,#36
 229 0008 C467     	 str r4,[r0,#124]
 230              	 .loc 1 346 3 is_stmt 1 view .LVU57
 231 000a 1368     	 ldr r3,[r2]
 347:Drivers/STM32F3xx_HAL_Driver/Src/stm32f3xx_hal_uart_ex.c **** 
 348:Drivers/STM32F3xx_HAL_Driver/Src/stm32f3xx_hal_uart_ex.c ****   /* Set the address length */
 349:Drivers/STM32F3xx_HAL_Driver/Src/stm32f3xx_hal_uart_ex.c ****   MODIFY_REG(huart->Instance->CR2, USART_CR2_ADDM7, AddressLength);
 350:Drivers/STM32F3xx_HAL_Driver/Src/stm32f3xx_hal_uart_ex.c **** 
 351:Drivers/STM32F3xx_HAL_Driver/Src/stm32f3xx_hal_uart_ex.c ****   /* Enable the Peripheral */
 352:Drivers/STM32F3xx_HAL_Driver/Src/stm32f3xx_hal_uart_ex.c ****   __HAL_UART_ENABLE(huart);
 353:Drivers/STM32F3xx_HAL_Driver/Src/stm32f3xx_hal_uart_ex.c **** 
 354:Drivers/STM32F3xx_HAL_Driver/Src/stm32f3xx_hal_uart_ex.c ****   /* TEACK and/or REACK to check before moving huart->gState to Ready */
 355:Drivers/STM32F3xx_HAL_Driver/Src/stm32f3xx_hal_uart_ex.c ****   return (UART_CheckIdleState(huart));
 356:Drivers/STM32F3xx_HAL_Driver/Src/stm32f3xx_hal_uart_ex.c **** }
 232              	 .loc 1 356 1 is_stmt 0 view .LVU58
 233 000c 5DF8044B 	 ldr r4,[sp],#4
 234              	 .cfi_restore 4
 235              	 .cfi_def_cfa_offset 0
 346:Drivers/STM32F3xx_HAL_Driver/Src/stm32f3xx_hal_uart_ex.c **** 
 236              	 .loc 1 346 3 view .LVU59
 237 0010 23F00103 	 bic r3,r3,#1
 238 0014 1360     	 str r3,[r2]
 349:Drivers/STM32F3xx_HAL_Driver/Src/stm32f3xx_hal_uart_ex.c **** 
 239              	 .loc 1 349 3 is_stmt 1 view .LVU60
 240 0016 5368     	 ldr r3,[r2,#4]
 241 0018 23F01003 	 bic r3,r3,#16
 242 001c 1943     	 orrs r1,r1,r3
 243              	.LVL15:
 349:Drivers/STM32F3xx_HAL_Driver/Src/stm32f3xx_hal_uart_ex.c **** 
 244              	 .loc 1 349 3 is_stmt 0 view .LVU61
 245 001e 5160     	 str r1,[r2,#4]
 352:Drivers/STM32F3xx_HAL_Driver/Src/stm32f3xx_hal_uart_ex.c **** 
 246              	 .loc 1 352 3 is_stmt 1 view .LVU62
 247 0020 1368     	 ldr r3,[r2]
 248 0022 43F00103 	 orr r3,r3,#1
 249 0026 1360     	 str r3,[r2]
 355:Drivers/STM32F3xx_HAL_Driver/Src/stm32f3xx_hal_uart_ex.c **** }
 250              	 .loc 1 355 3 view .LVU63
 355:Drivers/STM32F3xx_HAL_Driver/Src/stm32f3xx_hal_uart_ex.c **** }
 251              	 .loc 1 355 11 is_stmt 0 view .LVU64
 252 0028 FFF7FEBF 	 b UART_CheckIdleState
 253              	.LVL16:
 254              	.L22:
 255              	 .loc 1 356 1 view .LVU65
ARM GAS   			page 12


 256 002c 0120     	 movs r0,#1
 257              	.LVL17:
 258              	 .loc 1 356 1 view .LVU66
 259 002e 7047     	 bx lr
 260              	 .cfi_endproc
 261              	.LFE125:
 263              	 .section .text.HAL_UARTEx_StopModeWakeUpSourceConfig,"ax",%progbits
 264              	 .align 1
 265              	 .p2align 2,,3
 266              	 .global HAL_UARTEx_StopModeWakeUpSourceConfig
 267              	 .syntax unified
 268              	 .thumb
 269              	 .thumb_func
 270              	 .fpu fpv4-sp-d16
 272              	HAL_UARTEx_StopModeWakeUpSourceConfig:
 273              	.LVL18:
 274              	.LFB126:
 357:Drivers/STM32F3xx_HAL_Driver/Src/stm32f3xx_hal_uart_ex.c **** 
 358:Drivers/STM32F3xx_HAL_Driver/Src/stm32f3xx_hal_uart_ex.c **** /**
 359:Drivers/STM32F3xx_HAL_Driver/Src/stm32f3xx_hal_uart_ex.c ****   * @brief Set Wakeup from Stop mode interrupt flag selection.
 360:Drivers/STM32F3xx_HAL_Driver/Src/stm32f3xx_hal_uart_ex.c ****   * @note It is the application responsibility to enable the interrupt used as
 361:Drivers/STM32F3xx_HAL_Driver/Src/stm32f3xx_hal_uart_ex.c ****   *       usart_wkup interrupt source before entering low-power mode.
 362:Drivers/STM32F3xx_HAL_Driver/Src/stm32f3xx_hal_uart_ex.c ****   * @param huart           UART handle.
 363:Drivers/STM32F3xx_HAL_Driver/Src/stm32f3xx_hal_uart_ex.c ****   * @param WakeUpSelection Address match, Start Bit detection or RXNE/RXFNE bit status.
 364:Drivers/STM32F3xx_HAL_Driver/Src/stm32f3xx_hal_uart_ex.c ****   *          This parameter can be one of the following values:
 365:Drivers/STM32F3xx_HAL_Driver/Src/stm32f3xx_hal_uart_ex.c ****   *          @arg @ref UART_WAKEUP_ON_ADDRESS
 366:Drivers/STM32F3xx_HAL_Driver/Src/stm32f3xx_hal_uart_ex.c ****   *          @arg @ref UART_WAKEUP_ON_STARTBIT
 367:Drivers/STM32F3xx_HAL_Driver/Src/stm32f3xx_hal_uart_ex.c ****   *          @arg @ref UART_WAKEUP_ON_READDATA_NONEMPTY
 368:Drivers/STM32F3xx_HAL_Driver/Src/stm32f3xx_hal_uart_ex.c ****   * @retval HAL status
 369:Drivers/STM32F3xx_HAL_Driver/Src/stm32f3xx_hal_uart_ex.c ****   */
 370:Drivers/STM32F3xx_HAL_Driver/Src/stm32f3xx_hal_uart_ex.c **** HAL_StatusTypeDef HAL_UARTEx_StopModeWakeUpSourceConfig(UART_HandleTypeDef *huart, UART_WakeUpTypeD
 371:Drivers/STM32F3xx_HAL_Driver/Src/stm32f3xx_hal_uart_ex.c **** {
 275              	 .loc 1 371 1 is_stmt 1 view-0
 276              	 .cfi_startproc
 277              	 
 278              	 
 279              	 .loc 1 371 1 is_stmt 0 view .LVU68
 280 0000 10B5     	 push {r4,lr}
 281              	 .cfi_def_cfa_offset 8
 282              	 .cfi_offset 4,-8
 283              	 .cfi_offset 14,-4
 284 0002 84B0     	 sub sp,sp,#16
 285              	 .cfi_def_cfa_offset 24
 286              	 .loc 1 371 1 view .LVU69
 287 0004 04AB     	 add r3,sp,#16
 288 0006 03E90600 	 stmdb r3,{r1,r2}
 372:Drivers/STM32F3xx_HAL_Driver/Src/stm32f3xx_hal_uart_ex.c ****   HAL_StatusTypeDef status = HAL_OK;
 373:Drivers/STM32F3xx_HAL_Driver/Src/stm32f3xx_hal_uart_ex.c ****   uint32_t tickstart;
 374:Drivers/STM32F3xx_HAL_Driver/Src/stm32f3xx_hal_uart_ex.c **** 
 375:Drivers/STM32F3xx_HAL_Driver/Src/stm32f3xx_hal_uart_ex.c ****   /* check the wake-up from stop mode UART instance */
 376:Drivers/STM32F3xx_HAL_Driver/Src/stm32f3xx_hal_uart_ex.c ****   assert_param(IS_UART_WAKEUP_FROMSTOP_INSTANCE(huart->Instance));
 377:Drivers/STM32F3xx_HAL_Driver/Src/stm32f3xx_hal_uart_ex.c ****   /* check the wake-up selection parameter */
 378:Drivers/STM32F3xx_HAL_Driver/Src/stm32f3xx_hal_uart_ex.c ****   assert_param(IS_UART_WAKEUP_SELECTION(WakeUpSelection.WakeUpEvent));
 379:Drivers/STM32F3xx_HAL_Driver/Src/stm32f3xx_hal_uart_ex.c **** 
 380:Drivers/STM32F3xx_HAL_Driver/Src/stm32f3xx_hal_uart_ex.c ****   /* Process Locked */
 381:Drivers/STM32F3xx_HAL_Driver/Src/stm32f3xx_hal_uart_ex.c ****   __HAL_LOCK(huart);
 289              	 .loc 1 381 3 view .LVU70
ARM GAS   			page 13


 290 000a 90F87830 	 ldrb r3,[r0,#120]
 291              	.LVL19:
 372:Drivers/STM32F3xx_HAL_Driver/Src/stm32f3xx_hal_uart_ex.c ****   HAL_StatusTypeDef status = HAL_OK;
 292              	 .loc 1 372 3 is_stmt 1 view .LVU71
 373:Drivers/STM32F3xx_HAL_Driver/Src/stm32f3xx_hal_uart_ex.c **** 
 293              	 .loc 1 373 3 view .LVU72
 376:Drivers/STM32F3xx_HAL_Driver/Src/stm32f3xx_hal_uart_ex.c ****   /* check the wake-up selection parameter */
 294              	 .loc 1 376 3 view .LVU73
 378:Drivers/STM32F3xx_HAL_Driver/Src/stm32f3xx_hal_uart_ex.c **** 
 295              	 .loc 1 378 3 view .LVU74
 296              	 .loc 1 381 3 view .LVU75
 297              	 .loc 1 381 3 view .LVU76
 298 000e 012B     	 cmp r3,#1
 299 0010 39D0     	 beq .L30
 300              	 .loc 1 381 3 discriminator 2 view .LVU77
 301 0012 0446     	 mov r4,r0
 382:Drivers/STM32F3xx_HAL_Driver/Src/stm32f3xx_hal_uart_ex.c **** 
 383:Drivers/STM32F3xx_HAL_Driver/Src/stm32f3xx_hal_uart_ex.c ****   huart->gState = HAL_UART_STATE_BUSY;
 384:Drivers/STM32F3xx_HAL_Driver/Src/stm32f3xx_hal_uart_ex.c **** 
 385:Drivers/STM32F3xx_HAL_Driver/Src/stm32f3xx_hal_uart_ex.c ****   /* Disable the Peripheral */
 386:Drivers/STM32F3xx_HAL_Driver/Src/stm32f3xx_hal_uart_ex.c ****   __HAL_UART_DISABLE(huart);
 302              	 .loc 1 386 3 is_stmt 0 discriminator 2 view .LVU78
 303 0014 0368     	 ldr r3,[r0]
 383:Drivers/STM32F3xx_HAL_Driver/Src/stm32f3xx_hal_uart_ex.c **** 
 304              	 .loc 1 383 17 discriminator 2 view .LVU79
 305 0016 2422     	 movs r2,#36
 381:Drivers/STM32F3xx_HAL_Driver/Src/stm32f3xx_hal_uart_ex.c **** 
 306              	 .loc 1 381 3 discriminator 2 view .LVU80
 307 0018 0120     	 movs r0,#1
 308              	.LVL20:
 381:Drivers/STM32F3xx_HAL_Driver/Src/stm32f3xx_hal_uart_ex.c **** 
 309              	 .loc 1 381 3 discriminator 2 view .LVU81
 310 001a 84F87800 	 strb r0,[r4,#120]
 381:Drivers/STM32F3xx_HAL_Driver/Src/stm32f3xx_hal_uart_ex.c **** 
 311              	 .loc 1 381 3 is_stmt 1 discriminator 2 view .LVU82
 383:Drivers/STM32F3xx_HAL_Driver/Src/stm32f3xx_hal_uart_ex.c **** 
 312              	 .loc 1 383 3 discriminator 2 view .LVU83
 383:Drivers/STM32F3xx_HAL_Driver/Src/stm32f3xx_hal_uart_ex.c **** 
 313              	 .loc 1 383 17 is_stmt 0 discriminator 2 view .LVU84
 314 001e E267     	 str r2,[r4,#124]
 315              	 .loc 1 386 3 is_stmt 1 discriminator 2 view .LVU85
 316 0020 1A68     	 ldr r2,[r3]
 317 0022 22F00102 	 bic r2,r2,#1
 318 0026 1A60     	 str r2,[r3]
 387:Drivers/STM32F3xx_HAL_Driver/Src/stm32f3xx_hal_uart_ex.c **** 
 388:Drivers/STM32F3xx_HAL_Driver/Src/stm32f3xx_hal_uart_ex.c ****   /* Set the wake-up selection scheme */
 389:Drivers/STM32F3xx_HAL_Driver/Src/stm32f3xx_hal_uart_ex.c ****   MODIFY_REG(huart->Instance->CR3, USART_CR3_WUS, WakeUpSelection.WakeUpEvent);
 319              	 .loc 1 389 3 discriminator 2 view .LVU86
 320 0028 9A68     	 ldr r2,[r3,#8]
 321 002a 22F44012 	 bic r2,r2,#3145728
 322 002e 0A43     	 orrs r2,r2,r1
 323 0030 9A60     	 str r2,[r3,#8]
 390:Drivers/STM32F3xx_HAL_Driver/Src/stm32f3xx_hal_uart_ex.c **** 
 391:Drivers/STM32F3xx_HAL_Driver/Src/stm32f3xx_hal_uart_ex.c ****   if (WakeUpSelection.WakeUpEvent == UART_WAKEUP_ON_ADDRESS)
 324              	 .loc 1 391 3 discriminator 2 view .LVU87
 325              	 .loc 1 391 6 is_stmt 0 discriminator 2 view .LVU88
 326 0032 71B9     	 cbnz r1,.L28
ARM GAS   			page 14


 392:Drivers/STM32F3xx_HAL_Driver/Src/stm32f3xx_hal_uart_ex.c ****   {
 393:Drivers/STM32F3xx_HAL_Driver/Src/stm32f3xx_hal_uart_ex.c ****     UARTEx_Wakeup_AddressConfig(huart, WakeUpSelection);
 327              	 .loc 1 393 5 is_stmt 1 view .LVU89
 328              	.LVL21:
 329              	.LBB24:
 330              	.LBB25:
 394:Drivers/STM32F3xx_HAL_Driver/Src/stm32f3xx_hal_uart_ex.c ****   }
 395:Drivers/STM32F3xx_HAL_Driver/Src/stm32f3xx_hal_uart_ex.c **** 
 396:Drivers/STM32F3xx_HAL_Driver/Src/stm32f3xx_hal_uart_ex.c ****   /* Enable the Peripheral */
 397:Drivers/STM32F3xx_HAL_Driver/Src/stm32f3xx_hal_uart_ex.c ****   __HAL_UART_ENABLE(huart);
 398:Drivers/STM32F3xx_HAL_Driver/Src/stm32f3xx_hal_uart_ex.c **** 
 399:Drivers/STM32F3xx_HAL_Driver/Src/stm32f3xx_hal_uart_ex.c ****   /* Init tickstart for timeout management */
 400:Drivers/STM32F3xx_HAL_Driver/Src/stm32f3xx_hal_uart_ex.c ****   tickstart = HAL_GetTick();
 401:Drivers/STM32F3xx_HAL_Driver/Src/stm32f3xx_hal_uart_ex.c **** 
 402:Drivers/STM32F3xx_HAL_Driver/Src/stm32f3xx_hal_uart_ex.c ****   /* Wait until REACK flag is set */
 403:Drivers/STM32F3xx_HAL_Driver/Src/stm32f3xx_hal_uart_ex.c ****   if (UART_WaitOnFlagUntilTimeout(huart, USART_ISR_REACK, RESET, tickstart, HAL_UART_TIMEOUT_VALUE)
 404:Drivers/STM32F3xx_HAL_Driver/Src/stm32f3xx_hal_uart_ex.c ****   {
 405:Drivers/STM32F3xx_HAL_Driver/Src/stm32f3xx_hal_uart_ex.c ****     status = HAL_TIMEOUT;
 406:Drivers/STM32F3xx_HAL_Driver/Src/stm32f3xx_hal_uart_ex.c ****   }
 407:Drivers/STM32F3xx_HAL_Driver/Src/stm32f3xx_hal_uart_ex.c ****   else
 408:Drivers/STM32F3xx_HAL_Driver/Src/stm32f3xx_hal_uart_ex.c ****   {
 409:Drivers/STM32F3xx_HAL_Driver/Src/stm32f3xx_hal_uart_ex.c ****     /* Initialize the UART State */
 410:Drivers/STM32F3xx_HAL_Driver/Src/stm32f3xx_hal_uart_ex.c ****     huart->gState = HAL_UART_STATE_READY;
 411:Drivers/STM32F3xx_HAL_Driver/Src/stm32f3xx_hal_uart_ex.c ****   }
 412:Drivers/STM32F3xx_HAL_Driver/Src/stm32f3xx_hal_uart_ex.c **** 
 413:Drivers/STM32F3xx_HAL_Driver/Src/stm32f3xx_hal_uart_ex.c ****   /* Process Unlocked */
 414:Drivers/STM32F3xx_HAL_Driver/Src/stm32f3xx_hal_uart_ex.c ****   __HAL_UNLOCK(huart);
 415:Drivers/STM32F3xx_HAL_Driver/Src/stm32f3xx_hal_uart_ex.c **** 
 416:Drivers/STM32F3xx_HAL_Driver/Src/stm32f3xx_hal_uart_ex.c ****   return status;
 417:Drivers/STM32F3xx_HAL_Driver/Src/stm32f3xx_hal_uart_ex.c **** }
 418:Drivers/STM32F3xx_HAL_Driver/Src/stm32f3xx_hal_uart_ex.c **** 
 419:Drivers/STM32F3xx_HAL_Driver/Src/stm32f3xx_hal_uart_ex.c **** /**
 420:Drivers/STM32F3xx_HAL_Driver/Src/stm32f3xx_hal_uart_ex.c ****   * @brief Enable UART Stop Mode.
 421:Drivers/STM32F3xx_HAL_Driver/Src/stm32f3xx_hal_uart_ex.c ****   * @note The UART is able to wake up the MCU from Stop 1 mode as long as UART clock is HSI or LSE.
 422:Drivers/STM32F3xx_HAL_Driver/Src/stm32f3xx_hal_uart_ex.c ****   * @param huart UART handle.
 423:Drivers/STM32F3xx_HAL_Driver/Src/stm32f3xx_hal_uart_ex.c ****   * @retval HAL status
 424:Drivers/STM32F3xx_HAL_Driver/Src/stm32f3xx_hal_uart_ex.c ****   */
 425:Drivers/STM32F3xx_HAL_Driver/Src/stm32f3xx_hal_uart_ex.c **** HAL_StatusTypeDef HAL_UARTEx_EnableStopMode(UART_HandleTypeDef *huart)
 426:Drivers/STM32F3xx_HAL_Driver/Src/stm32f3xx_hal_uart_ex.c **** {
 427:Drivers/STM32F3xx_HAL_Driver/Src/stm32f3xx_hal_uart_ex.c ****   /* Process Locked */
 428:Drivers/STM32F3xx_HAL_Driver/Src/stm32f3xx_hal_uart_ex.c ****   __HAL_LOCK(huart);
 429:Drivers/STM32F3xx_HAL_Driver/Src/stm32f3xx_hal_uart_ex.c **** 
 430:Drivers/STM32F3xx_HAL_Driver/Src/stm32f3xx_hal_uart_ex.c ****   /* Set UESM bit */
 431:Drivers/STM32F3xx_HAL_Driver/Src/stm32f3xx_hal_uart_ex.c ****   ATOMIC_SET_BIT(huart->Instance->CR1, USART_CR1_UESM);
 432:Drivers/STM32F3xx_HAL_Driver/Src/stm32f3xx_hal_uart_ex.c **** 
 433:Drivers/STM32F3xx_HAL_Driver/Src/stm32f3xx_hal_uart_ex.c ****   /* Process Unlocked */
 434:Drivers/STM32F3xx_HAL_Driver/Src/stm32f3xx_hal_uart_ex.c ****   __HAL_UNLOCK(huart);
 435:Drivers/STM32F3xx_HAL_Driver/Src/stm32f3xx_hal_uart_ex.c **** 
 436:Drivers/STM32F3xx_HAL_Driver/Src/stm32f3xx_hal_uart_ex.c ****   return HAL_OK;
 437:Drivers/STM32F3xx_HAL_Driver/Src/stm32f3xx_hal_uart_ex.c **** }
 438:Drivers/STM32F3xx_HAL_Driver/Src/stm32f3xx_hal_uart_ex.c **** 
 439:Drivers/STM32F3xx_HAL_Driver/Src/stm32f3xx_hal_uart_ex.c **** /**
 440:Drivers/STM32F3xx_HAL_Driver/Src/stm32f3xx_hal_uart_ex.c ****   * @brief Disable UART Stop Mode.
 441:Drivers/STM32F3xx_HAL_Driver/Src/stm32f3xx_hal_uart_ex.c ****   * @param huart UART handle.
 442:Drivers/STM32F3xx_HAL_Driver/Src/stm32f3xx_hal_uart_ex.c ****   * @retval HAL status
 443:Drivers/STM32F3xx_HAL_Driver/Src/stm32f3xx_hal_uart_ex.c ****   */
 444:Drivers/STM32F3xx_HAL_Driver/Src/stm32f3xx_hal_uart_ex.c **** HAL_StatusTypeDef HAL_UARTEx_DisableStopMode(UART_HandleTypeDef *huart)
ARM GAS   			page 15


 445:Drivers/STM32F3xx_HAL_Driver/Src/stm32f3xx_hal_uart_ex.c **** {
 446:Drivers/STM32F3xx_HAL_Driver/Src/stm32f3xx_hal_uart_ex.c ****   /* Process Locked */
 447:Drivers/STM32F3xx_HAL_Driver/Src/stm32f3xx_hal_uart_ex.c ****   __HAL_LOCK(huart);
 448:Drivers/STM32F3xx_HAL_Driver/Src/stm32f3xx_hal_uart_ex.c **** 
 449:Drivers/STM32F3xx_HAL_Driver/Src/stm32f3xx_hal_uart_ex.c ****   /* Clear UESM bit */
 450:Drivers/STM32F3xx_HAL_Driver/Src/stm32f3xx_hal_uart_ex.c ****   ATOMIC_CLEAR_BIT(huart->Instance->CR1, USART_CR1_UESM);
 451:Drivers/STM32F3xx_HAL_Driver/Src/stm32f3xx_hal_uart_ex.c **** 
 452:Drivers/STM32F3xx_HAL_Driver/Src/stm32f3xx_hal_uart_ex.c ****   /* Process Unlocked */
 453:Drivers/STM32F3xx_HAL_Driver/Src/stm32f3xx_hal_uart_ex.c ****   __HAL_UNLOCK(huart);
 454:Drivers/STM32F3xx_HAL_Driver/Src/stm32f3xx_hal_uart_ex.c **** 
 455:Drivers/STM32F3xx_HAL_Driver/Src/stm32f3xx_hal_uart_ex.c ****   return HAL_OK;
 456:Drivers/STM32F3xx_HAL_Driver/Src/stm32f3xx_hal_uart_ex.c **** }
 457:Drivers/STM32F3xx_HAL_Driver/Src/stm32f3xx_hal_uart_ex.c **** 
 458:Drivers/STM32F3xx_HAL_Driver/Src/stm32f3xx_hal_uart_ex.c **** /**
 459:Drivers/STM32F3xx_HAL_Driver/Src/stm32f3xx_hal_uart_ex.c ****   * @brief Receive an amount of data in blocking mode till either the expected number of data
 460:Drivers/STM32F3xx_HAL_Driver/Src/stm32f3xx_hal_uart_ex.c ****   *        is received or an IDLE event occurs.
 461:Drivers/STM32F3xx_HAL_Driver/Src/stm32f3xx_hal_uart_ex.c ****   * @note  HAL_OK is returned if reception is completed (expected number of data has been received)
 462:Drivers/STM32F3xx_HAL_Driver/Src/stm32f3xx_hal_uart_ex.c ****   *        or if reception is stopped after IDLE event (less than the expected number of data has b
 463:Drivers/STM32F3xx_HAL_Driver/Src/stm32f3xx_hal_uart_ex.c ****   *        In this case, RxLen output parameter indicates number of data available in reception buf
 464:Drivers/STM32F3xx_HAL_Driver/Src/stm32f3xx_hal_uart_ex.c ****   * @note  When UART parity is not enabled (PCE = 0), and Word Length is configured to 9 bits (M1-M
 465:Drivers/STM32F3xx_HAL_Driver/Src/stm32f3xx_hal_uart_ex.c ****   *        the received data is handled as a set of uint16_t. In this case, Size must indicate the 
 466:Drivers/STM32F3xx_HAL_Driver/Src/stm32f3xx_hal_uart_ex.c ****   *        of uint16_t available through pData.
 467:Drivers/STM32F3xx_HAL_Driver/Src/stm32f3xx_hal_uart_ex.c ****   * @param huart   UART handle.
 468:Drivers/STM32F3xx_HAL_Driver/Src/stm32f3xx_hal_uart_ex.c ****   * @param pData   Pointer to data buffer (uint8_t or uint16_t data elements).
 469:Drivers/STM32F3xx_HAL_Driver/Src/stm32f3xx_hal_uart_ex.c ****   * @param Size    Amount of data elements (uint8_t or uint16_t) to be received.
 470:Drivers/STM32F3xx_HAL_Driver/Src/stm32f3xx_hal_uart_ex.c ****   * @param RxLen   Number of data elements finally received
 471:Drivers/STM32F3xx_HAL_Driver/Src/stm32f3xx_hal_uart_ex.c ****   *                (could be lower than Size, in case reception ends on IDLE event)
 472:Drivers/STM32F3xx_HAL_Driver/Src/stm32f3xx_hal_uart_ex.c ****   * @param Timeout Timeout duration expressed in ms (covers the whole reception sequence).
 473:Drivers/STM32F3xx_HAL_Driver/Src/stm32f3xx_hal_uart_ex.c ****   * @retval HAL status
 474:Drivers/STM32F3xx_HAL_Driver/Src/stm32f3xx_hal_uart_ex.c ****   */
 475:Drivers/STM32F3xx_HAL_Driver/Src/stm32f3xx_hal_uart_ex.c **** HAL_StatusTypeDef HAL_UARTEx_ReceiveToIdle(UART_HandleTypeDef *huart, uint8_t *pData, uint16_t Size
 476:Drivers/STM32F3xx_HAL_Driver/Src/stm32f3xx_hal_uart_ex.c ****                                            uint32_t Timeout)
 477:Drivers/STM32F3xx_HAL_Driver/Src/stm32f3xx_hal_uart_ex.c **** {
 478:Drivers/STM32F3xx_HAL_Driver/Src/stm32f3xx_hal_uart_ex.c ****   uint8_t  *pdata8bits;
 479:Drivers/STM32F3xx_HAL_Driver/Src/stm32f3xx_hal_uart_ex.c ****   uint16_t *pdata16bits;
 480:Drivers/STM32F3xx_HAL_Driver/Src/stm32f3xx_hal_uart_ex.c ****   uint16_t uhMask;
 481:Drivers/STM32F3xx_HAL_Driver/Src/stm32f3xx_hal_uart_ex.c ****   uint32_t tickstart;
 482:Drivers/STM32F3xx_HAL_Driver/Src/stm32f3xx_hal_uart_ex.c **** 
 483:Drivers/STM32F3xx_HAL_Driver/Src/stm32f3xx_hal_uart_ex.c ****   /* Check that a Rx process is not already ongoing */
 484:Drivers/STM32F3xx_HAL_Driver/Src/stm32f3xx_hal_uart_ex.c ****   if (huart->RxState == HAL_UART_STATE_READY)
 485:Drivers/STM32F3xx_HAL_Driver/Src/stm32f3xx_hal_uart_ex.c ****   {
 486:Drivers/STM32F3xx_HAL_Driver/Src/stm32f3xx_hal_uart_ex.c ****     if ((pData == NULL) || (Size == 0U))
 487:Drivers/STM32F3xx_HAL_Driver/Src/stm32f3xx_hal_uart_ex.c ****     {
 488:Drivers/STM32F3xx_HAL_Driver/Src/stm32f3xx_hal_uart_ex.c ****       return  HAL_ERROR;
 489:Drivers/STM32F3xx_HAL_Driver/Src/stm32f3xx_hal_uart_ex.c ****     }
 490:Drivers/STM32F3xx_HAL_Driver/Src/stm32f3xx_hal_uart_ex.c **** 
 491:Drivers/STM32F3xx_HAL_Driver/Src/stm32f3xx_hal_uart_ex.c ****     huart->ErrorCode = HAL_UART_ERROR_NONE;
 492:Drivers/STM32F3xx_HAL_Driver/Src/stm32f3xx_hal_uart_ex.c ****     huart->RxState = HAL_UART_STATE_BUSY_RX;
 493:Drivers/STM32F3xx_HAL_Driver/Src/stm32f3xx_hal_uart_ex.c ****     huart->ReceptionType = HAL_UART_RECEPTION_TOIDLE;
 494:Drivers/STM32F3xx_HAL_Driver/Src/stm32f3xx_hal_uart_ex.c ****     huart->RxEventType = HAL_UART_RXEVENT_TC;
 495:Drivers/STM32F3xx_HAL_Driver/Src/stm32f3xx_hal_uart_ex.c **** 
 496:Drivers/STM32F3xx_HAL_Driver/Src/stm32f3xx_hal_uart_ex.c ****     /* Init tickstart for timeout management */
 497:Drivers/STM32F3xx_HAL_Driver/Src/stm32f3xx_hal_uart_ex.c ****     tickstart = HAL_GetTick();
 498:Drivers/STM32F3xx_HAL_Driver/Src/stm32f3xx_hal_uart_ex.c **** 
 499:Drivers/STM32F3xx_HAL_Driver/Src/stm32f3xx_hal_uart_ex.c ****     huart->RxXferSize  = Size;
 500:Drivers/STM32F3xx_HAL_Driver/Src/stm32f3xx_hal_uart_ex.c ****     huart->RxXferCount = Size;
 501:Drivers/STM32F3xx_HAL_Driver/Src/stm32f3xx_hal_uart_ex.c **** 
ARM GAS   			page 16


 502:Drivers/STM32F3xx_HAL_Driver/Src/stm32f3xx_hal_uart_ex.c ****     /* Computation of UART mask to apply to RDR register */
 503:Drivers/STM32F3xx_HAL_Driver/Src/stm32f3xx_hal_uart_ex.c ****     UART_MASK_COMPUTATION(huart);
 504:Drivers/STM32F3xx_HAL_Driver/Src/stm32f3xx_hal_uart_ex.c ****     uhMask = huart->Mask;
 505:Drivers/STM32F3xx_HAL_Driver/Src/stm32f3xx_hal_uart_ex.c **** 
 506:Drivers/STM32F3xx_HAL_Driver/Src/stm32f3xx_hal_uart_ex.c ****     /* In case of 9bits/No Parity transfer, pRxData needs to be handled as a uint16_t pointer */
 507:Drivers/STM32F3xx_HAL_Driver/Src/stm32f3xx_hal_uart_ex.c ****     if ((huart->Init.WordLength == UART_WORDLENGTH_9B) && (huart->Init.Parity == UART_PARITY_NONE))
 508:Drivers/STM32F3xx_HAL_Driver/Src/stm32f3xx_hal_uart_ex.c ****     {
 509:Drivers/STM32F3xx_HAL_Driver/Src/stm32f3xx_hal_uart_ex.c ****       pdata8bits  = NULL;
 510:Drivers/STM32F3xx_HAL_Driver/Src/stm32f3xx_hal_uart_ex.c ****       pdata16bits = (uint16_t *) pData;
 511:Drivers/STM32F3xx_HAL_Driver/Src/stm32f3xx_hal_uart_ex.c ****     }
 512:Drivers/STM32F3xx_HAL_Driver/Src/stm32f3xx_hal_uart_ex.c ****     else
 513:Drivers/STM32F3xx_HAL_Driver/Src/stm32f3xx_hal_uart_ex.c ****     {
 514:Drivers/STM32F3xx_HAL_Driver/Src/stm32f3xx_hal_uart_ex.c ****       pdata8bits  = pData;
 515:Drivers/STM32F3xx_HAL_Driver/Src/stm32f3xx_hal_uart_ex.c ****       pdata16bits = NULL;
 516:Drivers/STM32F3xx_HAL_Driver/Src/stm32f3xx_hal_uart_ex.c ****     }
 517:Drivers/STM32F3xx_HAL_Driver/Src/stm32f3xx_hal_uart_ex.c **** 
 518:Drivers/STM32F3xx_HAL_Driver/Src/stm32f3xx_hal_uart_ex.c ****     /* Initialize output number of received elements */
 519:Drivers/STM32F3xx_HAL_Driver/Src/stm32f3xx_hal_uart_ex.c ****     *RxLen = 0U;
 520:Drivers/STM32F3xx_HAL_Driver/Src/stm32f3xx_hal_uart_ex.c **** 
 521:Drivers/STM32F3xx_HAL_Driver/Src/stm32f3xx_hal_uart_ex.c ****     /* as long as data have to be received */
 522:Drivers/STM32F3xx_HAL_Driver/Src/stm32f3xx_hal_uart_ex.c ****     while (huart->RxXferCount > 0U)
 523:Drivers/STM32F3xx_HAL_Driver/Src/stm32f3xx_hal_uart_ex.c ****     {
 524:Drivers/STM32F3xx_HAL_Driver/Src/stm32f3xx_hal_uart_ex.c ****       /* Check if IDLE flag is set */
 525:Drivers/STM32F3xx_HAL_Driver/Src/stm32f3xx_hal_uart_ex.c ****       if (__HAL_UART_GET_FLAG(huart, UART_FLAG_IDLE))
 526:Drivers/STM32F3xx_HAL_Driver/Src/stm32f3xx_hal_uart_ex.c ****       {
 527:Drivers/STM32F3xx_HAL_Driver/Src/stm32f3xx_hal_uart_ex.c ****         /* Clear IDLE flag in ISR */
 528:Drivers/STM32F3xx_HAL_Driver/Src/stm32f3xx_hal_uart_ex.c ****         __HAL_UART_CLEAR_FLAG(huart, UART_CLEAR_IDLEF);
 529:Drivers/STM32F3xx_HAL_Driver/Src/stm32f3xx_hal_uart_ex.c **** 
 530:Drivers/STM32F3xx_HAL_Driver/Src/stm32f3xx_hal_uart_ex.c ****         /* If Set, but no data ever received, clear flag without exiting loop */
 531:Drivers/STM32F3xx_HAL_Driver/Src/stm32f3xx_hal_uart_ex.c ****         /* If Set, and data has already been received, this means Idle Event is valid : End recepti
 532:Drivers/STM32F3xx_HAL_Driver/Src/stm32f3xx_hal_uart_ex.c ****         if (*RxLen > 0U)
 533:Drivers/STM32F3xx_HAL_Driver/Src/stm32f3xx_hal_uart_ex.c ****         {
 534:Drivers/STM32F3xx_HAL_Driver/Src/stm32f3xx_hal_uart_ex.c ****           huart->RxEventType = HAL_UART_RXEVENT_IDLE;
 535:Drivers/STM32F3xx_HAL_Driver/Src/stm32f3xx_hal_uart_ex.c ****           huart->RxState = HAL_UART_STATE_READY;
 536:Drivers/STM32F3xx_HAL_Driver/Src/stm32f3xx_hal_uart_ex.c **** 
 537:Drivers/STM32F3xx_HAL_Driver/Src/stm32f3xx_hal_uart_ex.c ****           return HAL_OK;
 538:Drivers/STM32F3xx_HAL_Driver/Src/stm32f3xx_hal_uart_ex.c ****         }
 539:Drivers/STM32F3xx_HAL_Driver/Src/stm32f3xx_hal_uart_ex.c ****       }
 540:Drivers/STM32F3xx_HAL_Driver/Src/stm32f3xx_hal_uart_ex.c **** 
 541:Drivers/STM32F3xx_HAL_Driver/Src/stm32f3xx_hal_uart_ex.c ****       /* Check if RXNE flag is set */
 542:Drivers/STM32F3xx_HAL_Driver/Src/stm32f3xx_hal_uart_ex.c ****       if (__HAL_UART_GET_FLAG(huart, UART_FLAG_RXNE))
 543:Drivers/STM32F3xx_HAL_Driver/Src/stm32f3xx_hal_uart_ex.c ****       {
 544:Drivers/STM32F3xx_HAL_Driver/Src/stm32f3xx_hal_uart_ex.c ****         if (pdata8bits == NULL)
 545:Drivers/STM32F3xx_HAL_Driver/Src/stm32f3xx_hal_uart_ex.c ****         {
 546:Drivers/STM32F3xx_HAL_Driver/Src/stm32f3xx_hal_uart_ex.c ****           *pdata16bits = (uint16_t)(huart->Instance->RDR & uhMask);
 547:Drivers/STM32F3xx_HAL_Driver/Src/stm32f3xx_hal_uart_ex.c ****           pdata16bits++;
 548:Drivers/STM32F3xx_HAL_Driver/Src/stm32f3xx_hal_uart_ex.c ****         }
 549:Drivers/STM32F3xx_HAL_Driver/Src/stm32f3xx_hal_uart_ex.c ****         else
 550:Drivers/STM32F3xx_HAL_Driver/Src/stm32f3xx_hal_uart_ex.c ****         {
 551:Drivers/STM32F3xx_HAL_Driver/Src/stm32f3xx_hal_uart_ex.c ****           *pdata8bits = (uint8_t)(huart->Instance->RDR & (uint8_t)uhMask);
 552:Drivers/STM32F3xx_HAL_Driver/Src/stm32f3xx_hal_uart_ex.c ****           pdata8bits++;
 553:Drivers/STM32F3xx_HAL_Driver/Src/stm32f3xx_hal_uart_ex.c ****         }
 554:Drivers/STM32F3xx_HAL_Driver/Src/stm32f3xx_hal_uart_ex.c ****         /* Increment number of received elements */
 555:Drivers/STM32F3xx_HAL_Driver/Src/stm32f3xx_hal_uart_ex.c ****         *RxLen += 1U;
 556:Drivers/STM32F3xx_HAL_Driver/Src/stm32f3xx_hal_uart_ex.c ****         huart->RxXferCount--;
 557:Drivers/STM32F3xx_HAL_Driver/Src/stm32f3xx_hal_uart_ex.c ****       }
 558:Drivers/STM32F3xx_HAL_Driver/Src/stm32f3xx_hal_uart_ex.c **** 
ARM GAS   			page 17


 559:Drivers/STM32F3xx_HAL_Driver/Src/stm32f3xx_hal_uart_ex.c ****       /* Check for the Timeout */
 560:Drivers/STM32F3xx_HAL_Driver/Src/stm32f3xx_hal_uart_ex.c ****       if (Timeout != HAL_MAX_DELAY)
 561:Drivers/STM32F3xx_HAL_Driver/Src/stm32f3xx_hal_uart_ex.c ****       {
 562:Drivers/STM32F3xx_HAL_Driver/Src/stm32f3xx_hal_uart_ex.c ****         if (((HAL_GetTick() - tickstart) > Timeout) || (Timeout == 0U))
 563:Drivers/STM32F3xx_HAL_Driver/Src/stm32f3xx_hal_uart_ex.c ****         {
 564:Drivers/STM32F3xx_HAL_Driver/Src/stm32f3xx_hal_uart_ex.c ****           huart->RxState = HAL_UART_STATE_READY;
 565:Drivers/STM32F3xx_HAL_Driver/Src/stm32f3xx_hal_uart_ex.c **** 
 566:Drivers/STM32F3xx_HAL_Driver/Src/stm32f3xx_hal_uart_ex.c ****           return HAL_TIMEOUT;
 567:Drivers/STM32F3xx_HAL_Driver/Src/stm32f3xx_hal_uart_ex.c ****         }
 568:Drivers/STM32F3xx_HAL_Driver/Src/stm32f3xx_hal_uart_ex.c ****       }
 569:Drivers/STM32F3xx_HAL_Driver/Src/stm32f3xx_hal_uart_ex.c ****     }
 570:Drivers/STM32F3xx_HAL_Driver/Src/stm32f3xx_hal_uart_ex.c **** 
 571:Drivers/STM32F3xx_HAL_Driver/Src/stm32f3xx_hal_uart_ex.c ****     /* Set number of received elements in output parameter : RxLen */
 572:Drivers/STM32F3xx_HAL_Driver/Src/stm32f3xx_hal_uart_ex.c ****     *RxLen = huart->RxXferSize - huart->RxXferCount;
 573:Drivers/STM32F3xx_HAL_Driver/Src/stm32f3xx_hal_uart_ex.c ****     /* At end of Rx process, restore huart->RxState to Ready */
 574:Drivers/STM32F3xx_HAL_Driver/Src/stm32f3xx_hal_uart_ex.c ****     huart->RxState = HAL_UART_STATE_READY;
 575:Drivers/STM32F3xx_HAL_Driver/Src/stm32f3xx_hal_uart_ex.c **** 
 576:Drivers/STM32F3xx_HAL_Driver/Src/stm32f3xx_hal_uart_ex.c ****     return HAL_OK;
 577:Drivers/STM32F3xx_HAL_Driver/Src/stm32f3xx_hal_uart_ex.c ****   }
 578:Drivers/STM32F3xx_HAL_Driver/Src/stm32f3xx_hal_uart_ex.c ****   else
 579:Drivers/STM32F3xx_HAL_Driver/Src/stm32f3xx_hal_uart_ex.c ****   {
 580:Drivers/STM32F3xx_HAL_Driver/Src/stm32f3xx_hal_uart_ex.c ****     return HAL_BUSY;
 581:Drivers/STM32F3xx_HAL_Driver/Src/stm32f3xx_hal_uart_ex.c ****   }
 582:Drivers/STM32F3xx_HAL_Driver/Src/stm32f3xx_hal_uart_ex.c **** }
 583:Drivers/STM32F3xx_HAL_Driver/Src/stm32f3xx_hal_uart_ex.c **** 
 584:Drivers/STM32F3xx_HAL_Driver/Src/stm32f3xx_hal_uart_ex.c **** /**
 585:Drivers/STM32F3xx_HAL_Driver/Src/stm32f3xx_hal_uart_ex.c ****   * @brief Receive an amount of data in interrupt mode till either the expected number of data
 586:Drivers/STM32F3xx_HAL_Driver/Src/stm32f3xx_hal_uart_ex.c ****   *        is received or an IDLE event occurs.
 587:Drivers/STM32F3xx_HAL_Driver/Src/stm32f3xx_hal_uart_ex.c ****   * @note  Reception is initiated by this function call. Further progress of reception is achieved 
 588:Drivers/STM32F3xx_HAL_Driver/Src/stm32f3xx_hal_uart_ex.c ****   *        to UART interrupts raised by RXNE and IDLE events. Callback is called at end of receptio
 589:Drivers/STM32F3xx_HAL_Driver/Src/stm32f3xx_hal_uart_ex.c ****   *        number of received data elements.
 590:Drivers/STM32F3xx_HAL_Driver/Src/stm32f3xx_hal_uart_ex.c ****   * @note  When UART parity is not enabled (PCE = 0), and Word Length is configured to 9 bits (M1-M
 591:Drivers/STM32F3xx_HAL_Driver/Src/stm32f3xx_hal_uart_ex.c ****   *        the received data is handled as a set of uint16_t. In this case, Size must indicate the 
 592:Drivers/STM32F3xx_HAL_Driver/Src/stm32f3xx_hal_uart_ex.c ****   *        of uint16_t available through pData.
 593:Drivers/STM32F3xx_HAL_Driver/Src/stm32f3xx_hal_uart_ex.c ****   * @param huart UART handle.
 594:Drivers/STM32F3xx_HAL_Driver/Src/stm32f3xx_hal_uart_ex.c ****   * @param pData Pointer to data buffer (uint8_t or uint16_t data elements).
 595:Drivers/STM32F3xx_HAL_Driver/Src/stm32f3xx_hal_uart_ex.c ****   * @param Size  Amount of data elements (uint8_t or uint16_t) to be received.
 596:Drivers/STM32F3xx_HAL_Driver/Src/stm32f3xx_hal_uart_ex.c ****   * @retval HAL status
 597:Drivers/STM32F3xx_HAL_Driver/Src/stm32f3xx_hal_uart_ex.c ****   */
 598:Drivers/STM32F3xx_HAL_Driver/Src/stm32f3xx_hal_uart_ex.c **** HAL_StatusTypeDef HAL_UARTEx_ReceiveToIdle_IT(UART_HandleTypeDef *huart, uint8_t *pData, uint16_t S
 599:Drivers/STM32F3xx_HAL_Driver/Src/stm32f3xx_hal_uart_ex.c **** {
 600:Drivers/STM32F3xx_HAL_Driver/Src/stm32f3xx_hal_uart_ex.c ****   HAL_StatusTypeDef status;
 601:Drivers/STM32F3xx_HAL_Driver/Src/stm32f3xx_hal_uart_ex.c **** 
 602:Drivers/STM32F3xx_HAL_Driver/Src/stm32f3xx_hal_uart_ex.c ****   /* Check that a Rx process is not already ongoing */
 603:Drivers/STM32F3xx_HAL_Driver/Src/stm32f3xx_hal_uart_ex.c ****   if (huart->RxState == HAL_UART_STATE_READY)
 604:Drivers/STM32F3xx_HAL_Driver/Src/stm32f3xx_hal_uart_ex.c ****   {
 605:Drivers/STM32F3xx_HAL_Driver/Src/stm32f3xx_hal_uart_ex.c ****     if ((pData == NULL) || (Size == 0U))
 606:Drivers/STM32F3xx_HAL_Driver/Src/stm32f3xx_hal_uart_ex.c ****     {
 607:Drivers/STM32F3xx_HAL_Driver/Src/stm32f3xx_hal_uart_ex.c ****       return HAL_ERROR;
 608:Drivers/STM32F3xx_HAL_Driver/Src/stm32f3xx_hal_uart_ex.c ****     }
 609:Drivers/STM32F3xx_HAL_Driver/Src/stm32f3xx_hal_uart_ex.c **** 
 610:Drivers/STM32F3xx_HAL_Driver/Src/stm32f3xx_hal_uart_ex.c ****     /* Set Reception type to reception till IDLE Event*/
 611:Drivers/STM32F3xx_HAL_Driver/Src/stm32f3xx_hal_uart_ex.c ****     huart->ReceptionType = HAL_UART_RECEPTION_TOIDLE;
 612:Drivers/STM32F3xx_HAL_Driver/Src/stm32f3xx_hal_uart_ex.c ****     huart->RxEventType = HAL_UART_RXEVENT_TC;
 613:Drivers/STM32F3xx_HAL_Driver/Src/stm32f3xx_hal_uart_ex.c **** 
 614:Drivers/STM32F3xx_HAL_Driver/Src/stm32f3xx_hal_uart_ex.c ****     status =  UART_Start_Receive_IT(huart, pData, Size);
 615:Drivers/STM32F3xx_HAL_Driver/Src/stm32f3xx_hal_uart_ex.c **** 
ARM GAS   			page 18


 616:Drivers/STM32F3xx_HAL_Driver/Src/stm32f3xx_hal_uart_ex.c ****     /* Check Rx process has been successfully started */
 617:Drivers/STM32F3xx_HAL_Driver/Src/stm32f3xx_hal_uart_ex.c ****     if (status == HAL_OK)
 618:Drivers/STM32F3xx_HAL_Driver/Src/stm32f3xx_hal_uart_ex.c ****     {
 619:Drivers/STM32F3xx_HAL_Driver/Src/stm32f3xx_hal_uart_ex.c ****       if (huart->ReceptionType == HAL_UART_RECEPTION_TOIDLE)
 620:Drivers/STM32F3xx_HAL_Driver/Src/stm32f3xx_hal_uart_ex.c ****       {
 621:Drivers/STM32F3xx_HAL_Driver/Src/stm32f3xx_hal_uart_ex.c ****         __HAL_UART_CLEAR_FLAG(huart, UART_CLEAR_IDLEF);
 622:Drivers/STM32F3xx_HAL_Driver/Src/stm32f3xx_hal_uart_ex.c ****         ATOMIC_SET_BIT(huart->Instance->CR1, USART_CR1_IDLEIE);
 623:Drivers/STM32F3xx_HAL_Driver/Src/stm32f3xx_hal_uart_ex.c ****       }
 624:Drivers/STM32F3xx_HAL_Driver/Src/stm32f3xx_hal_uart_ex.c ****       else
 625:Drivers/STM32F3xx_HAL_Driver/Src/stm32f3xx_hal_uart_ex.c ****       {
 626:Drivers/STM32F3xx_HAL_Driver/Src/stm32f3xx_hal_uart_ex.c ****         /* In case of errors already pending when reception is started,
 627:Drivers/STM32F3xx_HAL_Driver/Src/stm32f3xx_hal_uart_ex.c ****            Interrupts may have already been raised and lead to reception abortion.
 628:Drivers/STM32F3xx_HAL_Driver/Src/stm32f3xx_hal_uart_ex.c ****            (Overrun error for instance).
 629:Drivers/STM32F3xx_HAL_Driver/Src/stm32f3xx_hal_uart_ex.c ****            In such case Reception Type has been reset to HAL_UART_RECEPTION_STANDARD. */
 630:Drivers/STM32F3xx_HAL_Driver/Src/stm32f3xx_hal_uart_ex.c ****         status = HAL_ERROR;
 631:Drivers/STM32F3xx_HAL_Driver/Src/stm32f3xx_hal_uart_ex.c ****       }
 632:Drivers/STM32F3xx_HAL_Driver/Src/stm32f3xx_hal_uart_ex.c ****     }
 633:Drivers/STM32F3xx_HAL_Driver/Src/stm32f3xx_hal_uart_ex.c **** 
 634:Drivers/STM32F3xx_HAL_Driver/Src/stm32f3xx_hal_uart_ex.c ****     return status;
 635:Drivers/STM32F3xx_HAL_Driver/Src/stm32f3xx_hal_uart_ex.c ****   }
 636:Drivers/STM32F3xx_HAL_Driver/Src/stm32f3xx_hal_uart_ex.c ****   else
 637:Drivers/STM32F3xx_HAL_Driver/Src/stm32f3xx_hal_uart_ex.c ****   {
 638:Drivers/STM32F3xx_HAL_Driver/Src/stm32f3xx_hal_uart_ex.c ****     return HAL_BUSY;
 639:Drivers/STM32F3xx_HAL_Driver/Src/stm32f3xx_hal_uart_ex.c ****   }
 640:Drivers/STM32F3xx_HAL_Driver/Src/stm32f3xx_hal_uart_ex.c **** }
 641:Drivers/STM32F3xx_HAL_Driver/Src/stm32f3xx_hal_uart_ex.c **** 
 642:Drivers/STM32F3xx_HAL_Driver/Src/stm32f3xx_hal_uart_ex.c **** /**
 643:Drivers/STM32F3xx_HAL_Driver/Src/stm32f3xx_hal_uart_ex.c ****   * @brief Receive an amount of data in DMA mode till either the expected number
 644:Drivers/STM32F3xx_HAL_Driver/Src/stm32f3xx_hal_uart_ex.c ****   *        of data is received or an IDLE event occurs.
 645:Drivers/STM32F3xx_HAL_Driver/Src/stm32f3xx_hal_uart_ex.c ****   * @note  Reception is initiated by this function call. Further progress of reception is achieved 
 646:Drivers/STM32F3xx_HAL_Driver/Src/stm32f3xx_hal_uart_ex.c ****   *        to DMA services, transferring automatically received data elements in user reception buf
 647:Drivers/STM32F3xx_HAL_Driver/Src/stm32f3xx_hal_uart_ex.c ****   *        calling registered callbacks at half/end of reception. UART IDLE events are also used to
 648:Drivers/STM32F3xx_HAL_Driver/Src/stm32f3xx_hal_uart_ex.c ****   *        reception phase as ended. In all cases, callback execution will indicate number of recei
 649:Drivers/STM32F3xx_HAL_Driver/Src/stm32f3xx_hal_uart_ex.c ****   * @note  When the UART parity is enabled (PCE = 1), the received data contain
 650:Drivers/STM32F3xx_HAL_Driver/Src/stm32f3xx_hal_uart_ex.c ****   *        the parity bit (MSB position).
 651:Drivers/STM32F3xx_HAL_Driver/Src/stm32f3xx_hal_uart_ex.c ****   * @note  When UART parity is not enabled (PCE = 0), and Word Length is configured to 9 bits (M1-M
 652:Drivers/STM32F3xx_HAL_Driver/Src/stm32f3xx_hal_uart_ex.c ****   *        the received data is handled as a set of uint16_t. In this case, Size must indicate the 
 653:Drivers/STM32F3xx_HAL_Driver/Src/stm32f3xx_hal_uart_ex.c ****   *        of uint16_t available through pData.
 654:Drivers/STM32F3xx_HAL_Driver/Src/stm32f3xx_hal_uart_ex.c ****   * @param huart UART handle.
 655:Drivers/STM32F3xx_HAL_Driver/Src/stm32f3xx_hal_uart_ex.c ****   * @param pData Pointer to data buffer (uint8_t or uint16_t data elements).
 656:Drivers/STM32F3xx_HAL_Driver/Src/stm32f3xx_hal_uart_ex.c ****   * @param Size  Amount of data elements (uint8_t or uint16_t) to be received.
 657:Drivers/STM32F3xx_HAL_Driver/Src/stm32f3xx_hal_uart_ex.c ****   * @retval HAL status
 658:Drivers/STM32F3xx_HAL_Driver/Src/stm32f3xx_hal_uart_ex.c ****   */
 659:Drivers/STM32F3xx_HAL_Driver/Src/stm32f3xx_hal_uart_ex.c **** HAL_StatusTypeDef HAL_UARTEx_ReceiveToIdle_DMA(UART_HandleTypeDef *huart, uint8_t *pData, uint16_t 
 660:Drivers/STM32F3xx_HAL_Driver/Src/stm32f3xx_hal_uart_ex.c **** {
 661:Drivers/STM32F3xx_HAL_Driver/Src/stm32f3xx_hal_uart_ex.c ****   HAL_StatusTypeDef status;
 662:Drivers/STM32F3xx_HAL_Driver/Src/stm32f3xx_hal_uart_ex.c **** 
 663:Drivers/STM32F3xx_HAL_Driver/Src/stm32f3xx_hal_uart_ex.c ****   /* Check that a Rx process is not already ongoing */
 664:Drivers/STM32F3xx_HAL_Driver/Src/stm32f3xx_hal_uart_ex.c ****   if (huart->RxState == HAL_UART_STATE_READY)
 665:Drivers/STM32F3xx_HAL_Driver/Src/stm32f3xx_hal_uart_ex.c ****   {
 666:Drivers/STM32F3xx_HAL_Driver/Src/stm32f3xx_hal_uart_ex.c ****     if ((pData == NULL) || (Size == 0U))
 667:Drivers/STM32F3xx_HAL_Driver/Src/stm32f3xx_hal_uart_ex.c ****     {
 668:Drivers/STM32F3xx_HAL_Driver/Src/stm32f3xx_hal_uart_ex.c ****       return HAL_ERROR;
 669:Drivers/STM32F3xx_HAL_Driver/Src/stm32f3xx_hal_uart_ex.c ****     }
 670:Drivers/STM32F3xx_HAL_Driver/Src/stm32f3xx_hal_uart_ex.c **** 
 671:Drivers/STM32F3xx_HAL_Driver/Src/stm32f3xx_hal_uart_ex.c ****     /* Set Reception type to reception till IDLE Event*/
 672:Drivers/STM32F3xx_HAL_Driver/Src/stm32f3xx_hal_uart_ex.c ****     huart->ReceptionType = HAL_UART_RECEPTION_TOIDLE;
ARM GAS   			page 19


 673:Drivers/STM32F3xx_HAL_Driver/Src/stm32f3xx_hal_uart_ex.c ****     huart->RxEventType = HAL_UART_RXEVENT_TC;
 674:Drivers/STM32F3xx_HAL_Driver/Src/stm32f3xx_hal_uart_ex.c **** 
 675:Drivers/STM32F3xx_HAL_Driver/Src/stm32f3xx_hal_uart_ex.c ****     status =  UART_Start_Receive_DMA(huart, pData, Size);
 676:Drivers/STM32F3xx_HAL_Driver/Src/stm32f3xx_hal_uart_ex.c **** 
 677:Drivers/STM32F3xx_HAL_Driver/Src/stm32f3xx_hal_uart_ex.c ****     /* Check Rx process has been successfully started */
 678:Drivers/STM32F3xx_HAL_Driver/Src/stm32f3xx_hal_uart_ex.c ****     if (status == HAL_OK)
 679:Drivers/STM32F3xx_HAL_Driver/Src/stm32f3xx_hal_uart_ex.c ****     {
 680:Drivers/STM32F3xx_HAL_Driver/Src/stm32f3xx_hal_uart_ex.c ****       if (huart->ReceptionType == HAL_UART_RECEPTION_TOIDLE)
 681:Drivers/STM32F3xx_HAL_Driver/Src/stm32f3xx_hal_uart_ex.c ****       {
 682:Drivers/STM32F3xx_HAL_Driver/Src/stm32f3xx_hal_uart_ex.c ****         __HAL_UART_CLEAR_FLAG(huart, UART_CLEAR_IDLEF);
 683:Drivers/STM32F3xx_HAL_Driver/Src/stm32f3xx_hal_uart_ex.c ****         ATOMIC_SET_BIT(huart->Instance->CR1, USART_CR1_IDLEIE);
 684:Drivers/STM32F3xx_HAL_Driver/Src/stm32f3xx_hal_uart_ex.c ****       }
 685:Drivers/STM32F3xx_HAL_Driver/Src/stm32f3xx_hal_uart_ex.c ****       else
 686:Drivers/STM32F3xx_HAL_Driver/Src/stm32f3xx_hal_uart_ex.c ****       {
 687:Drivers/STM32F3xx_HAL_Driver/Src/stm32f3xx_hal_uart_ex.c ****         /* In case of errors already pending when reception is started,
 688:Drivers/STM32F3xx_HAL_Driver/Src/stm32f3xx_hal_uart_ex.c ****            Interrupts may have already been raised and lead to reception abortion.
 689:Drivers/STM32F3xx_HAL_Driver/Src/stm32f3xx_hal_uart_ex.c ****            (Overrun error for instance).
 690:Drivers/STM32F3xx_HAL_Driver/Src/stm32f3xx_hal_uart_ex.c ****            In such case Reception Type has been reset to HAL_UART_RECEPTION_STANDARD. */
 691:Drivers/STM32F3xx_HAL_Driver/Src/stm32f3xx_hal_uart_ex.c ****         status = HAL_ERROR;
 692:Drivers/STM32F3xx_HAL_Driver/Src/stm32f3xx_hal_uart_ex.c ****       }
 693:Drivers/STM32F3xx_HAL_Driver/Src/stm32f3xx_hal_uart_ex.c ****     }
 694:Drivers/STM32F3xx_HAL_Driver/Src/stm32f3xx_hal_uart_ex.c **** 
 695:Drivers/STM32F3xx_HAL_Driver/Src/stm32f3xx_hal_uart_ex.c ****     return status;
 696:Drivers/STM32F3xx_HAL_Driver/Src/stm32f3xx_hal_uart_ex.c ****   }
 697:Drivers/STM32F3xx_HAL_Driver/Src/stm32f3xx_hal_uart_ex.c ****   else
 698:Drivers/STM32F3xx_HAL_Driver/Src/stm32f3xx_hal_uart_ex.c ****   {
 699:Drivers/STM32F3xx_HAL_Driver/Src/stm32f3xx_hal_uart_ex.c ****     return HAL_BUSY;
 700:Drivers/STM32F3xx_HAL_Driver/Src/stm32f3xx_hal_uart_ex.c ****   }
 701:Drivers/STM32F3xx_HAL_Driver/Src/stm32f3xx_hal_uart_ex.c **** }
 702:Drivers/STM32F3xx_HAL_Driver/Src/stm32f3xx_hal_uart_ex.c **** 
 703:Drivers/STM32F3xx_HAL_Driver/Src/stm32f3xx_hal_uart_ex.c **** /**
 704:Drivers/STM32F3xx_HAL_Driver/Src/stm32f3xx_hal_uart_ex.c ****   * @brief Provide Rx Event type that has lead to RxEvent callback execution.
 705:Drivers/STM32F3xx_HAL_Driver/Src/stm32f3xx_hal_uart_ex.c ****   * @note  When HAL_UARTEx_ReceiveToIdle_IT() or HAL_UARTEx_ReceiveToIdle_DMA() API are called, pro
 706:Drivers/STM32F3xx_HAL_Driver/Src/stm32f3xx_hal_uart_ex.c ****   *        of reception process is provided to application through calls of Rx Event callback (eith
 707:Drivers/STM32F3xx_HAL_Driver/Src/stm32f3xx_hal_uart_ex.c ****   *        HAL_UARTEx_RxEventCallback() or user registered one). As several types of events could o
 708:Drivers/STM32F3xx_HAL_Driver/Src/stm32f3xx_hal_uart_ex.c ****   *        Half Transfer, or Transfer Complete), this function allows to retrieve the Rx Event type
 709:Drivers/STM32F3xx_HAL_Driver/Src/stm32f3xx_hal_uart_ex.c ****   *        to Rx Event callback execution.
 710:Drivers/STM32F3xx_HAL_Driver/Src/stm32f3xx_hal_uart_ex.c ****   * @note  This function is expected to be called within the user implementation of Rx Event Callba
 711:Drivers/STM32F3xx_HAL_Driver/Src/stm32f3xx_hal_uart_ex.c ****   *        in order to provide the accurate value :
 712:Drivers/STM32F3xx_HAL_Driver/Src/stm32f3xx_hal_uart_ex.c ****   *        In Interrupt Mode :
 713:Drivers/STM32F3xx_HAL_Driver/Src/stm32f3xx_hal_uart_ex.c ****   *           - HAL_UART_RXEVENT_TC : when Reception has been completed (expected nb of data has be
 714:Drivers/STM32F3xx_HAL_Driver/Src/stm32f3xx_hal_uart_ex.c ****   *           - HAL_UART_RXEVENT_IDLE : when Idle event occurred prior reception has been completed
 715:Drivers/STM32F3xx_HAL_Driver/Src/stm32f3xx_hal_uart_ex.c ****   *             received data is lower than expected one)
 716:Drivers/STM32F3xx_HAL_Driver/Src/stm32f3xx_hal_uart_ex.c ****   *        In DMA Mode :
 717:Drivers/STM32F3xx_HAL_Driver/Src/stm32f3xx_hal_uart_ex.c ****   *           - HAL_UART_RXEVENT_TC : when Reception has been completed (expected nb of data has be
 718:Drivers/STM32F3xx_HAL_Driver/Src/stm32f3xx_hal_uart_ex.c ****   *           - HAL_UART_RXEVENT_HT : when half of expected nb of data has been received
 719:Drivers/STM32F3xx_HAL_Driver/Src/stm32f3xx_hal_uart_ex.c ****   *           - HAL_UART_RXEVENT_IDLE : when Idle event occurred prior reception has been completed
 720:Drivers/STM32F3xx_HAL_Driver/Src/stm32f3xx_hal_uart_ex.c ****   *             received data is lower than expected one).
 721:Drivers/STM32F3xx_HAL_Driver/Src/stm32f3xx_hal_uart_ex.c ****   *        In DMA mode, RxEvent callback could be called several times;
 722:Drivers/STM32F3xx_HAL_Driver/Src/stm32f3xx_hal_uart_ex.c ****   *        When DMA is configured in Normal Mode, HT event does not stop Reception process;
 723:Drivers/STM32F3xx_HAL_Driver/Src/stm32f3xx_hal_uart_ex.c ****   *        When DMA is configured in Circular Mode, HT, TC or IDLE events don't stop Reception proc
 724:Drivers/STM32F3xx_HAL_Driver/Src/stm32f3xx_hal_uart_ex.c ****   * @param  huart UART handle.
 725:Drivers/STM32F3xx_HAL_Driver/Src/stm32f3xx_hal_uart_ex.c ****   * @retval Rx Event Type (return vale will be a value of @ref UART_RxEvent_Type_Values)
 726:Drivers/STM32F3xx_HAL_Driver/Src/stm32f3xx_hal_uart_ex.c ****   */
 727:Drivers/STM32F3xx_HAL_Driver/Src/stm32f3xx_hal_uart_ex.c **** HAL_UART_RxEventTypeTypeDef HAL_UARTEx_GetRxEventType(UART_HandleTypeDef *huart)
 728:Drivers/STM32F3xx_HAL_Driver/Src/stm32f3xx_hal_uart_ex.c **** {
 729:Drivers/STM32F3xx_HAL_Driver/Src/stm32f3xx_hal_uart_ex.c ****   /* Return Rx Event type value, as stored in UART handle */
ARM GAS   			page 20


 730:Drivers/STM32F3xx_HAL_Driver/Src/stm32f3xx_hal_uart_ex.c ****   return (huart->RxEventType);
 731:Drivers/STM32F3xx_HAL_Driver/Src/stm32f3xx_hal_uart_ex.c **** }
 732:Drivers/STM32F3xx_HAL_Driver/Src/stm32f3xx_hal_uart_ex.c **** 
 733:Drivers/STM32F3xx_HAL_Driver/Src/stm32f3xx_hal_uart_ex.c **** /**
 734:Drivers/STM32F3xx_HAL_Driver/Src/stm32f3xx_hal_uart_ex.c ****   * @}
 735:Drivers/STM32F3xx_HAL_Driver/Src/stm32f3xx_hal_uart_ex.c ****   */
 736:Drivers/STM32F3xx_HAL_Driver/Src/stm32f3xx_hal_uart_ex.c **** 
 737:Drivers/STM32F3xx_HAL_Driver/Src/stm32f3xx_hal_uart_ex.c **** /**
 738:Drivers/STM32F3xx_HAL_Driver/Src/stm32f3xx_hal_uart_ex.c ****   * @}
 739:Drivers/STM32F3xx_HAL_Driver/Src/stm32f3xx_hal_uart_ex.c ****   */
 740:Drivers/STM32F3xx_HAL_Driver/Src/stm32f3xx_hal_uart_ex.c **** 
 741:Drivers/STM32F3xx_HAL_Driver/Src/stm32f3xx_hal_uart_ex.c **** /** @addtogroup UARTEx_Private_Functions
 742:Drivers/STM32F3xx_HAL_Driver/Src/stm32f3xx_hal_uart_ex.c ****   * @{
 743:Drivers/STM32F3xx_HAL_Driver/Src/stm32f3xx_hal_uart_ex.c ****   */
 744:Drivers/STM32F3xx_HAL_Driver/Src/stm32f3xx_hal_uart_ex.c **** 
 745:Drivers/STM32F3xx_HAL_Driver/Src/stm32f3xx_hal_uart_ex.c **** /**
 746:Drivers/STM32F3xx_HAL_Driver/Src/stm32f3xx_hal_uart_ex.c ****   * @brief Initialize the UART wake-up from stop mode parameters when triggered by address detectio
 747:Drivers/STM32F3xx_HAL_Driver/Src/stm32f3xx_hal_uart_ex.c ****   * @param huart           UART handle.
 748:Drivers/STM32F3xx_HAL_Driver/Src/stm32f3xx_hal_uart_ex.c ****   * @param WakeUpSelection UART wake up from stop mode parameters.
 749:Drivers/STM32F3xx_HAL_Driver/Src/stm32f3xx_hal_uart_ex.c ****   * @retval None
 750:Drivers/STM32F3xx_HAL_Driver/Src/stm32f3xx_hal_uart_ex.c ****   */
 751:Drivers/STM32F3xx_HAL_Driver/Src/stm32f3xx_hal_uart_ex.c **** static void UARTEx_Wakeup_AddressConfig(UART_HandleTypeDef *huart, UART_WakeUpTypeDef WakeUpSelecti
 752:Drivers/STM32F3xx_HAL_Driver/Src/stm32f3xx_hal_uart_ex.c **** {
 753:Drivers/STM32F3xx_HAL_Driver/Src/stm32f3xx_hal_uart_ex.c ****   assert_param(IS_UART_ADDRESSLENGTH_DETECT(WakeUpSelection.AddressLength));
 754:Drivers/STM32F3xx_HAL_Driver/Src/stm32f3xx_hal_uart_ex.c **** 
 755:Drivers/STM32F3xx_HAL_Driver/Src/stm32f3xx_hal_uart_ex.c ****   /* Set the USART address length */
 756:Drivers/STM32F3xx_HAL_Driver/Src/stm32f3xx_hal_uart_ex.c ****   MODIFY_REG(huart->Instance->CR2, USART_CR2_ADDM7, WakeUpSelection.AddressLength);
 331              	 .loc 1 756 3 is_stmt 0 view .LVU90
 332 0034 5A68     	 ldr r2,[r3,#4]
 333 0036 BDF80C10 	 ldrh r1,[sp,#12]
 334              	.LVL22:
 335              	 .loc 1 756 3 view .LVU91
 336 003a 22F01002 	 bic r2,r2,#16
 337 003e 0A43     	 orrs r2,r2,r1
 338 0040 5A60     	 str r2,[r3,#4]
 757:Drivers/STM32F3xx_HAL_Driver/Src/stm32f3xx_hal_uart_ex.c **** 
 758:Drivers/STM32F3xx_HAL_Driver/Src/stm32f3xx_hal_uart_ex.c ****   /* Set the USART address node */
 759:Drivers/STM32F3xx_HAL_Driver/Src/stm32f3xx_hal_uart_ex.c ****   MODIFY_REG(huart->Instance->CR2, USART_CR2_ADD, ((uint32_t)WakeUpSelection.Address << UART_CR2_AD
 339              	 .loc 1 759 3 view .LVU92
 340 0042 5A68     	 ldr r2,[r3,#4]
 341 0044 9DF80E10 	 ldrb r1,[sp,#14]
 342              	.LVL23:
 343              	 .loc 1 759 3 view .LVU93
 344              	.LBE25:
 345              	.LBI24:
 751:Drivers/STM32F3xx_HAL_Driver/Src/stm32f3xx_hal_uart_ex.c **** {
 346              	 .loc 1 751 13 is_stmt 1 view .LVU94
 347              	.LBB26:
 753:Drivers/STM32F3xx_HAL_Driver/Src/stm32f3xx_hal_uart_ex.c **** 
 348              	 .loc 1 753 3 view .LVU95
 756:Drivers/STM32F3xx_HAL_Driver/Src/stm32f3xx_hal_uart_ex.c **** 
 349              	 .loc 1 756 3 view .LVU96
 350              	 .loc 1 759 3 view .LVU97
 351 0048 22F07F42 	 bic r2,r2,#-16777216
 352 004c 42EA0162 	 orr r2,r2,r1,lsl#24
 353 0050 5A60     	 str r2,[r3,#4]
 354              	.LVL24:
ARM GAS   			page 21


 355              	.L28:
 356              	 .loc 1 759 3 is_stmt 0 view .LVU98
 357              	.LBE26:
 358              	.LBE24:
 397:Drivers/STM32F3xx_HAL_Driver/Src/stm32f3xx_hal_uart_ex.c **** 
 359              	 .loc 1 397 3 is_stmt 1 view .LVU99
 360 0052 1A68     	 ldr r2,[r3]
 361 0054 42F00102 	 orr r2,r2,#1
 362 0058 1A60     	 str r2,[r3]
 400:Drivers/STM32F3xx_HAL_Driver/Src/stm32f3xx_hal_uart_ex.c **** 
 363              	 .loc 1 400 3 view .LVU100
 400:Drivers/STM32F3xx_HAL_Driver/Src/stm32f3xx_hal_uart_ex.c **** 
 364              	 .loc 1 400 15 is_stmt 0 view .LVU101
 365 005a FFF7FEFF 	 bl HAL_GetTick
 366              	.LVL25:
 403:Drivers/STM32F3xx_HAL_Driver/Src/stm32f3xx_hal_uart_ex.c ****   {
 367              	 .loc 1 403 7 view .LVU102
 368 005e 6FF07E42 	 mvn r2,#-33554432
 400:Drivers/STM32F3xx_HAL_Driver/Src/stm32f3xx_hal_uart_ex.c **** 
 369              	 .loc 1 400 15 view .LVU103
 370 0062 0346     	 mov r3,r0
 371              	.LVL26:
 403:Drivers/STM32F3xx_HAL_Driver/Src/stm32f3xx_hal_uart_ex.c ****   {
 372              	 .loc 1 403 3 is_stmt 1 view .LVU104
 403:Drivers/STM32F3xx_HAL_Driver/Src/stm32f3xx_hal_uart_ex.c ****   {
 373              	 .loc 1 403 7 is_stmt 0 view .LVU105
 374 0064 0092     	 str r2,[sp]
 375 0066 4FF48001 	 mov r1,#4194304
 376 006a 0022     	 movs r2,#0
 377 006c 2046     	 mov r0,r4
 378              	.LVL27:
 403:Drivers/STM32F3xx_HAL_Driver/Src/stm32f3xx_hal_uart_ex.c ****   {
 379              	 .loc 1 403 7 view .LVU106
 380 006e FFF7FEFF 	 bl UART_WaitOnFlagUntilTimeout
 381              	.LVL28:
 403:Drivers/STM32F3xx_HAL_Driver/Src/stm32f3xx_hal_uart_ex.c ****   {
 382              	 .loc 1 403 6 view .LVU107
 383 0072 30B9     	 cbnz r0,.L31
 410:Drivers/STM32F3xx_HAL_Driver/Src/stm32f3xx_hal_uart_ex.c ****   }
 384              	 .loc 1 410 5 is_stmt 1 view .LVU108
 410:Drivers/STM32F3xx_HAL_Driver/Src/stm32f3xx_hal_uart_ex.c ****   }
 385              	 .loc 1 410 19 is_stmt 0 view .LVU109
 386 0074 2023     	 movs r3,#32
 387 0076 E367     	 str r3,[r4,#124]
 388              	.L29:
 389              	.LVL29:
 414:Drivers/STM32F3xx_HAL_Driver/Src/stm32f3xx_hal_uart_ex.c **** 
 390              	 .loc 1 414 3 is_stmt 1 view .LVU110
 414:Drivers/STM32F3xx_HAL_Driver/Src/stm32f3xx_hal_uart_ex.c **** 
 391              	 .loc 1 414 3 view .LVU111
 392 0078 0023     	 movs r3,#0
 393 007a 84F87830 	 strb r3,[r4,#120]
 414:Drivers/STM32F3xx_HAL_Driver/Src/stm32f3xx_hal_uart_ex.c **** 
 394              	 .loc 1 414 3 view .LVU112
 416:Drivers/STM32F3xx_HAL_Driver/Src/stm32f3xx_hal_uart_ex.c **** }
 395              	 .loc 1 416 3 view .LVU113
 417:Drivers/STM32F3xx_HAL_Driver/Src/stm32f3xx_hal_uart_ex.c **** 
ARM GAS   			page 22


 396              	 .loc 1 417 1 is_stmt 0 view .LVU114
 397 007e 04B0     	 add sp,sp,#16
 398              	 .cfi_remember_state
 399              	 .cfi_def_cfa_offset 8
 400              	.LVL30:
 417:Drivers/STM32F3xx_HAL_Driver/Src/stm32f3xx_hal_uart_ex.c **** 
 401              	 .loc 1 417 1 view .LVU115
 402              	 
 403 0080 10BD     	 pop {r4,pc}
 404              	.LVL31:
 405              	.L31:
 406              	 .cfi_restore_state
 405:Drivers/STM32F3xx_HAL_Driver/Src/stm32f3xx_hal_uart_ex.c ****   }
 407              	 .loc 1 405 12 view .LVU116
 408 0082 0320     	 movs r0,#3
 409 0084 F8E7     	 b .L29
 410              	.LVL32:
 411              	.L30:
 381:Drivers/STM32F3xx_HAL_Driver/Src/stm32f3xx_hal_uart_ex.c **** 
 412              	 .loc 1 381 3 view .LVU117
 413 0086 0220     	 movs r0,#2
 414              	.LVL33:
 417:Drivers/STM32F3xx_HAL_Driver/Src/stm32f3xx_hal_uart_ex.c **** 
 415              	 .loc 1 417 1 view .LVU118
 416 0088 04B0     	 add sp,sp,#16
 417              	 .cfi_def_cfa_offset 8
 418              	 
 419 008a 10BD     	 pop {r4,pc}
 420              	 .cfi_endproc
 421              	.LFE126:
 423              	 .section .text.HAL_UARTEx_EnableStopMode,"ax",%progbits
 424              	 .align 1
 425              	 .p2align 2,,3
 426              	 .global HAL_UARTEx_EnableStopMode
 427              	 .syntax unified
 428              	 .thumb
 429              	 .thumb_func
 430              	 .fpu fpv4-sp-d16
 432              	HAL_UARTEx_EnableStopMode:
 433              	.LVL34:
 434              	.LFB127:
 426:Drivers/STM32F3xx_HAL_Driver/Src/stm32f3xx_hal_uart_ex.c ****   /* Process Locked */
 435              	 .loc 1 426 1 is_stmt 1 view-0
 436              	 .cfi_startproc
 437              	 
 438              	 
 439              	 
 428:Drivers/STM32F3xx_HAL_Driver/Src/stm32f3xx_hal_uart_ex.c **** 
 440              	 .loc 1 428 3 view .LVU120
 428:Drivers/STM32F3xx_HAL_Driver/Src/stm32f3xx_hal_uart_ex.c **** 
 441              	 .loc 1 428 3 view .LVU121
 442 0000 90F87830 	 ldrb r3,[r0,#120]
 443 0004 012B     	 cmp r3,#1
 444 0006 0FD0     	 beq .L36
 428:Drivers/STM32F3xx_HAL_Driver/Src/stm32f3xx_hal_uart_ex.c **** 
 445              	 .loc 1 428 3 discriminator 2 view .LVU122
 446 0008 0123     	 movs r3,#1
ARM GAS   			page 23


 447 000a 0168     	 ldr r1,[r0]
 448 000c 80F87830 	 strb r3,[r0,#120]
 449              	.L35:
 428:Drivers/STM32F3xx_HAL_Driver/Src/stm32f3xx_hal_uart_ex.c **** 
 450              	 .loc 1 428 3 discriminator 1 view .LVU123
 431:Drivers/STM32F3xx_HAL_Driver/Src/stm32f3xx_hal_uart_ex.c **** 
 451              	 .loc 1 431 3 discriminator 1 view .LVU124
 452              	.LBB27:
 431:Drivers/STM32F3xx_HAL_Driver/Src/stm32f3xx_hal_uart_ex.c **** 
 453              	 .loc 1 431 3 discriminator 1 view .LVU125
 431:Drivers/STM32F3xx_HAL_Driver/Src/stm32f3xx_hal_uart_ex.c **** 
 454              	 .loc 1 431 3 discriminator 1 view .LVU126
 431:Drivers/STM32F3xx_HAL_Driver/Src/stm32f3xx_hal_uart_ex.c **** 
 455              	 .loc 1 431 3 discriminator 1 view .LVU127
 456              	.LVL35:
 457              	.LBB28:
 458              	.LBI28:
 459              	 .file 2 "Drivers/CMSIS/Include/cmsis_gcc.h"
   1:Drivers/CMSIS/Include/cmsis_gcc.h **** /**************************************************************************//**
   2:Drivers/CMSIS/Include/cmsis_gcc.h ****  * @file     cmsis_gcc.h
   3:Drivers/CMSIS/Include/cmsis_gcc.h ****  * @brief    CMSIS compiler GCC header file
   4:Drivers/CMSIS/Include/cmsis_gcc.h ****  * @version  V5.0.4
   5:Drivers/CMSIS/Include/cmsis_gcc.h ****  * @date     09. April 2018
   6:Drivers/CMSIS/Include/cmsis_gcc.h ****  ******************************************************************************/
   7:Drivers/CMSIS/Include/cmsis_gcc.h **** /*
   8:Drivers/CMSIS/Include/cmsis_gcc.h ****  * Copyright (c) 2009-2018 Arm Limited. All rights reserved.
   9:Drivers/CMSIS/Include/cmsis_gcc.h ****  *
  10:Drivers/CMSIS/Include/cmsis_gcc.h ****  * SPDX-License-Identifier: Apache-2.0
  11:Drivers/CMSIS/Include/cmsis_gcc.h ****  *
  12:Drivers/CMSIS/Include/cmsis_gcc.h ****  * Licensed under the Apache License, Version 2.0 (the License); you may
  13:Drivers/CMSIS/Include/cmsis_gcc.h ****  * not use this file except in compliance with the License.
  14:Drivers/CMSIS/Include/cmsis_gcc.h ****  * You may obtain a copy of the License at
  15:Drivers/CMSIS/Include/cmsis_gcc.h ****  *
  16:Drivers/CMSIS/Include/cmsis_gcc.h ****  * www.apache.org/licenses/LICENSE-2.0
  17:Drivers/CMSIS/Include/cmsis_gcc.h ****  *
  18:Drivers/CMSIS/Include/cmsis_gcc.h ****  * Unless required by applicable law or agreed to in writing, software
  19:Drivers/CMSIS/Include/cmsis_gcc.h ****  * distributed under the License is distributed on an AS IS BASIS, WITHOUT
  20:Drivers/CMSIS/Include/cmsis_gcc.h ****  * WARRANTIES OR CONDITIONS OF ANY KIND, either express or implied.
  21:Drivers/CMSIS/Include/cmsis_gcc.h ****  * See the License for the specific language governing permissions and
  22:Drivers/CMSIS/Include/cmsis_gcc.h ****  * limitations under the License.
  23:Drivers/CMSIS/Include/cmsis_gcc.h ****  */
  24:Drivers/CMSIS/Include/cmsis_gcc.h **** 
  25:Drivers/CMSIS/Include/cmsis_gcc.h **** #ifndef __CMSIS_GCC_H
  26:Drivers/CMSIS/Include/cmsis_gcc.h **** #define __CMSIS_GCC_H
  27:Drivers/CMSIS/Include/cmsis_gcc.h **** 
  28:Drivers/CMSIS/Include/cmsis_gcc.h **** /* ignore some GCC warnings */
  29:Drivers/CMSIS/Include/cmsis_gcc.h **** #pragma GCC diagnostic push
  30:Drivers/CMSIS/Include/cmsis_gcc.h **** #pragma GCC diagnostic ignored "-Wsign-conversion"
  31:Drivers/CMSIS/Include/cmsis_gcc.h **** #pragma GCC diagnostic ignored "-Wconversion"
  32:Drivers/CMSIS/Include/cmsis_gcc.h **** #pragma GCC diagnostic ignored "-Wunused-parameter"
  33:Drivers/CMSIS/Include/cmsis_gcc.h **** 
  34:Drivers/CMSIS/Include/cmsis_gcc.h **** /* Fallback for __has_builtin */
  35:Drivers/CMSIS/Include/cmsis_gcc.h **** #ifndef __has_builtin
  36:Drivers/CMSIS/Include/cmsis_gcc.h ****   #define __has_builtin(x) (0)
  37:Drivers/CMSIS/Include/cmsis_gcc.h **** #endif
  38:Drivers/CMSIS/Include/cmsis_gcc.h **** 
  39:Drivers/CMSIS/Include/cmsis_gcc.h **** /* CMSIS compiler specific defines */
ARM GAS   			page 24


  40:Drivers/CMSIS/Include/cmsis_gcc.h **** #ifndef   __ASM
  41:Drivers/CMSIS/Include/cmsis_gcc.h ****   #define __ASM                                  __asm
  42:Drivers/CMSIS/Include/cmsis_gcc.h **** #endif
  43:Drivers/CMSIS/Include/cmsis_gcc.h **** #ifndef   __INLINE
  44:Drivers/CMSIS/Include/cmsis_gcc.h ****   #define __INLINE                               inline
  45:Drivers/CMSIS/Include/cmsis_gcc.h **** #endif
  46:Drivers/CMSIS/Include/cmsis_gcc.h **** #ifndef   __STATIC_INLINE
  47:Drivers/CMSIS/Include/cmsis_gcc.h ****   #define __STATIC_INLINE                        static inline
  48:Drivers/CMSIS/Include/cmsis_gcc.h **** #endif
  49:Drivers/CMSIS/Include/cmsis_gcc.h **** #ifndef   __STATIC_FORCEINLINE                 
  50:Drivers/CMSIS/Include/cmsis_gcc.h ****   #define __STATIC_FORCEINLINE                   __attribute__((always_inline)) static inline
  51:Drivers/CMSIS/Include/cmsis_gcc.h **** #endif                                           
  52:Drivers/CMSIS/Include/cmsis_gcc.h **** #ifndef   __NO_RETURN
  53:Drivers/CMSIS/Include/cmsis_gcc.h ****   #define __NO_RETURN                            __attribute__((__noreturn__))
  54:Drivers/CMSIS/Include/cmsis_gcc.h **** #endif
  55:Drivers/CMSIS/Include/cmsis_gcc.h **** #ifndef   __USED
  56:Drivers/CMSIS/Include/cmsis_gcc.h ****   #define __USED                                 __attribute__((used))
  57:Drivers/CMSIS/Include/cmsis_gcc.h **** #endif
  58:Drivers/CMSIS/Include/cmsis_gcc.h **** #ifndef   __WEAK
  59:Drivers/CMSIS/Include/cmsis_gcc.h ****   #define __WEAK                                 __attribute__((weak))
  60:Drivers/CMSIS/Include/cmsis_gcc.h **** #endif
  61:Drivers/CMSIS/Include/cmsis_gcc.h **** #ifndef   __PACKED
  62:Drivers/CMSIS/Include/cmsis_gcc.h ****   #define __PACKED                               __attribute__((packed, aligned(1)))
  63:Drivers/CMSIS/Include/cmsis_gcc.h **** #endif
  64:Drivers/CMSIS/Include/cmsis_gcc.h **** #ifndef   __PACKED_STRUCT
  65:Drivers/CMSIS/Include/cmsis_gcc.h ****   #define __PACKED_STRUCT                        struct __attribute__((packed, aligned(1)))
  66:Drivers/CMSIS/Include/cmsis_gcc.h **** #endif
  67:Drivers/CMSIS/Include/cmsis_gcc.h **** #ifndef   __PACKED_UNION
  68:Drivers/CMSIS/Include/cmsis_gcc.h ****   #define __PACKED_UNION                         union __attribute__((packed, aligned(1)))
  69:Drivers/CMSIS/Include/cmsis_gcc.h **** #endif
  70:Drivers/CMSIS/Include/cmsis_gcc.h **** #ifndef   __UNALIGNED_UINT32        /* deprecated */
  71:Drivers/CMSIS/Include/cmsis_gcc.h ****   #pragma GCC diagnostic push
  72:Drivers/CMSIS/Include/cmsis_gcc.h ****   #pragma GCC diagnostic ignored "-Wpacked"
  73:Drivers/CMSIS/Include/cmsis_gcc.h ****   #pragma GCC diagnostic ignored "-Wattributes"
  74:Drivers/CMSIS/Include/cmsis_gcc.h ****   struct __attribute__((packed)) T_UINT32 { uint32_t v; };
  75:Drivers/CMSIS/Include/cmsis_gcc.h ****   #pragma GCC diagnostic pop
  76:Drivers/CMSIS/Include/cmsis_gcc.h ****   #define __UNALIGNED_UINT32(x)                  (((struct T_UINT32 *)(x))->v)
  77:Drivers/CMSIS/Include/cmsis_gcc.h **** #endif
  78:Drivers/CMSIS/Include/cmsis_gcc.h **** #ifndef   __UNALIGNED_UINT16_WRITE
  79:Drivers/CMSIS/Include/cmsis_gcc.h ****   #pragma GCC diagnostic push
  80:Drivers/CMSIS/Include/cmsis_gcc.h ****   #pragma GCC diagnostic ignored "-Wpacked"
  81:Drivers/CMSIS/Include/cmsis_gcc.h ****   #pragma GCC diagnostic ignored "-Wattributes"
  82:Drivers/CMSIS/Include/cmsis_gcc.h ****   __PACKED_STRUCT T_UINT16_WRITE { uint16_t v; };
  83:Drivers/CMSIS/Include/cmsis_gcc.h ****   #pragma GCC diagnostic pop
  84:Drivers/CMSIS/Include/cmsis_gcc.h ****   #define __UNALIGNED_UINT16_WRITE(addr, val)    (void)((((struct T_UINT16_WRITE *)(void *)(addr))-
  85:Drivers/CMSIS/Include/cmsis_gcc.h **** #endif
  86:Drivers/CMSIS/Include/cmsis_gcc.h **** #ifndef   __UNALIGNED_UINT16_READ
  87:Drivers/CMSIS/Include/cmsis_gcc.h ****   #pragma GCC diagnostic push
  88:Drivers/CMSIS/Include/cmsis_gcc.h ****   #pragma GCC diagnostic ignored "-Wpacked"
  89:Drivers/CMSIS/Include/cmsis_gcc.h ****   #pragma GCC diagnostic ignored "-Wattributes"
  90:Drivers/CMSIS/Include/cmsis_gcc.h ****   __PACKED_STRUCT T_UINT16_READ { uint16_t v; };
  91:Drivers/CMSIS/Include/cmsis_gcc.h ****   #pragma GCC diagnostic pop
  92:Drivers/CMSIS/Include/cmsis_gcc.h ****   #define __UNALIGNED_UINT16_READ(addr)          (((const struct T_UINT16_READ *)(const void *)(add
  93:Drivers/CMSIS/Include/cmsis_gcc.h **** #endif
  94:Drivers/CMSIS/Include/cmsis_gcc.h **** #ifndef   __UNALIGNED_UINT32_WRITE
  95:Drivers/CMSIS/Include/cmsis_gcc.h ****   #pragma GCC diagnostic push
  96:Drivers/CMSIS/Include/cmsis_gcc.h ****   #pragma GCC diagnostic ignored "-Wpacked"
ARM GAS   			page 25


  97:Drivers/CMSIS/Include/cmsis_gcc.h ****   #pragma GCC diagnostic ignored "-Wattributes"
  98:Drivers/CMSIS/Include/cmsis_gcc.h ****   __PACKED_STRUCT T_UINT32_WRITE { uint32_t v; };
  99:Drivers/CMSIS/Include/cmsis_gcc.h ****   #pragma GCC diagnostic pop
 100:Drivers/CMSIS/Include/cmsis_gcc.h ****   #define __UNALIGNED_UINT32_WRITE(addr, val)    (void)((((struct T_UINT32_WRITE *)(void *)(addr))-
 101:Drivers/CMSIS/Include/cmsis_gcc.h **** #endif
 102:Drivers/CMSIS/Include/cmsis_gcc.h **** #ifndef   __UNALIGNED_UINT32_READ
 103:Drivers/CMSIS/Include/cmsis_gcc.h ****   #pragma GCC diagnostic push
 104:Drivers/CMSIS/Include/cmsis_gcc.h ****   #pragma GCC diagnostic ignored "-Wpacked"
 105:Drivers/CMSIS/Include/cmsis_gcc.h ****   #pragma GCC diagnostic ignored "-Wattributes"
 106:Drivers/CMSIS/Include/cmsis_gcc.h ****   __PACKED_STRUCT T_UINT32_READ { uint32_t v; };
 107:Drivers/CMSIS/Include/cmsis_gcc.h ****   #pragma GCC diagnostic pop
 108:Drivers/CMSIS/Include/cmsis_gcc.h ****   #define __UNALIGNED_UINT32_READ(addr)          (((const struct T_UINT32_READ *)(const void *)(add
 109:Drivers/CMSIS/Include/cmsis_gcc.h **** #endif
 110:Drivers/CMSIS/Include/cmsis_gcc.h **** #ifndef   __ALIGNED
 111:Drivers/CMSIS/Include/cmsis_gcc.h ****   #define __ALIGNED(x)                           __attribute__((aligned(x)))
 112:Drivers/CMSIS/Include/cmsis_gcc.h **** #endif
 113:Drivers/CMSIS/Include/cmsis_gcc.h **** #ifndef   __RESTRICT
 114:Drivers/CMSIS/Include/cmsis_gcc.h ****   #define __RESTRICT                             __restrict
 115:Drivers/CMSIS/Include/cmsis_gcc.h **** #endif
 116:Drivers/CMSIS/Include/cmsis_gcc.h **** 
 117:Drivers/CMSIS/Include/cmsis_gcc.h **** 
 118:Drivers/CMSIS/Include/cmsis_gcc.h **** /* ###########################  Core Function Access  ########################### */
 119:Drivers/CMSIS/Include/cmsis_gcc.h **** /** \ingroup  CMSIS_Core_FunctionInterface
 120:Drivers/CMSIS/Include/cmsis_gcc.h ****     \defgroup CMSIS_Core_RegAccFunctions CMSIS Core Register Access Functions
 121:Drivers/CMSIS/Include/cmsis_gcc.h ****   @{
 122:Drivers/CMSIS/Include/cmsis_gcc.h ****  */
 123:Drivers/CMSIS/Include/cmsis_gcc.h **** 
 124:Drivers/CMSIS/Include/cmsis_gcc.h **** /**
 125:Drivers/CMSIS/Include/cmsis_gcc.h ****   \brief   Enable IRQ Interrupts
 126:Drivers/CMSIS/Include/cmsis_gcc.h ****   \details Enables IRQ interrupts by clearing the I-bit in the CPSR.
 127:Drivers/CMSIS/Include/cmsis_gcc.h ****            Can only be executed in Privileged modes.
 128:Drivers/CMSIS/Include/cmsis_gcc.h ****  */
 129:Drivers/CMSIS/Include/cmsis_gcc.h **** __STATIC_FORCEINLINE void __enable_irq(void)
 130:Drivers/CMSIS/Include/cmsis_gcc.h **** {
 131:Drivers/CMSIS/Include/cmsis_gcc.h ****   __ASM volatile ("cpsie i" : : : "memory");
 132:Drivers/CMSIS/Include/cmsis_gcc.h **** }
 133:Drivers/CMSIS/Include/cmsis_gcc.h **** 
 134:Drivers/CMSIS/Include/cmsis_gcc.h **** 
 135:Drivers/CMSIS/Include/cmsis_gcc.h **** /**
 136:Drivers/CMSIS/Include/cmsis_gcc.h ****   \brief   Disable IRQ Interrupts
 137:Drivers/CMSIS/Include/cmsis_gcc.h ****   \details Disables IRQ interrupts by setting the I-bit in the CPSR.
 138:Drivers/CMSIS/Include/cmsis_gcc.h ****            Can only be executed in Privileged modes.
 139:Drivers/CMSIS/Include/cmsis_gcc.h ****  */
 140:Drivers/CMSIS/Include/cmsis_gcc.h **** __STATIC_FORCEINLINE void __disable_irq(void)
 141:Drivers/CMSIS/Include/cmsis_gcc.h **** {
 142:Drivers/CMSIS/Include/cmsis_gcc.h ****   __ASM volatile ("cpsid i" : : : "memory");
 143:Drivers/CMSIS/Include/cmsis_gcc.h **** }
 144:Drivers/CMSIS/Include/cmsis_gcc.h **** 
 145:Drivers/CMSIS/Include/cmsis_gcc.h **** 
 146:Drivers/CMSIS/Include/cmsis_gcc.h **** /**
 147:Drivers/CMSIS/Include/cmsis_gcc.h ****   \brief   Get Control Register
 148:Drivers/CMSIS/Include/cmsis_gcc.h ****   \details Returns the content of the Control Register.
 149:Drivers/CMSIS/Include/cmsis_gcc.h ****   \return               Control Register value
 150:Drivers/CMSIS/Include/cmsis_gcc.h ****  */
 151:Drivers/CMSIS/Include/cmsis_gcc.h **** __STATIC_FORCEINLINE uint32_t __get_CONTROL(void)
 152:Drivers/CMSIS/Include/cmsis_gcc.h **** {
 153:Drivers/CMSIS/Include/cmsis_gcc.h ****   uint32_t result;
ARM GAS   			page 26


 154:Drivers/CMSIS/Include/cmsis_gcc.h **** 
 155:Drivers/CMSIS/Include/cmsis_gcc.h ****   __ASM volatile ("MRS %0, control" : "=r" (result) );
 156:Drivers/CMSIS/Include/cmsis_gcc.h ****   return(result);
 157:Drivers/CMSIS/Include/cmsis_gcc.h **** }
 158:Drivers/CMSIS/Include/cmsis_gcc.h **** 
 159:Drivers/CMSIS/Include/cmsis_gcc.h **** 
 160:Drivers/CMSIS/Include/cmsis_gcc.h **** #if (defined (__ARM_FEATURE_CMSE ) && (__ARM_FEATURE_CMSE == 3))
 161:Drivers/CMSIS/Include/cmsis_gcc.h **** /**
 162:Drivers/CMSIS/Include/cmsis_gcc.h ****   \brief   Get Control Register (non-secure)
 163:Drivers/CMSIS/Include/cmsis_gcc.h ****   \details Returns the content of the non-secure Control Register when in secure mode.
 164:Drivers/CMSIS/Include/cmsis_gcc.h ****   \return               non-secure Control Register value
 165:Drivers/CMSIS/Include/cmsis_gcc.h ****  */
 166:Drivers/CMSIS/Include/cmsis_gcc.h **** __STATIC_FORCEINLINE uint32_t __TZ_get_CONTROL_NS(void)
 167:Drivers/CMSIS/Include/cmsis_gcc.h **** {
 168:Drivers/CMSIS/Include/cmsis_gcc.h ****   uint32_t result;
 169:Drivers/CMSIS/Include/cmsis_gcc.h **** 
 170:Drivers/CMSIS/Include/cmsis_gcc.h ****   __ASM volatile ("MRS %0, control_ns" : "=r" (result) );
 171:Drivers/CMSIS/Include/cmsis_gcc.h ****   return(result);
 172:Drivers/CMSIS/Include/cmsis_gcc.h **** }
 173:Drivers/CMSIS/Include/cmsis_gcc.h **** #endif
 174:Drivers/CMSIS/Include/cmsis_gcc.h **** 
 175:Drivers/CMSIS/Include/cmsis_gcc.h **** 
 176:Drivers/CMSIS/Include/cmsis_gcc.h **** /**
 177:Drivers/CMSIS/Include/cmsis_gcc.h ****   \brief   Set Control Register
 178:Drivers/CMSIS/Include/cmsis_gcc.h ****   \details Writes the given value to the Control Register.
 179:Drivers/CMSIS/Include/cmsis_gcc.h ****   \param [in]    control  Control Register value to set
 180:Drivers/CMSIS/Include/cmsis_gcc.h ****  */
 181:Drivers/CMSIS/Include/cmsis_gcc.h **** __STATIC_FORCEINLINE void __set_CONTROL(uint32_t control)
 182:Drivers/CMSIS/Include/cmsis_gcc.h **** {
 183:Drivers/CMSIS/Include/cmsis_gcc.h ****   __ASM volatile ("MSR control, %0" : : "r" (control) : "memory");
 184:Drivers/CMSIS/Include/cmsis_gcc.h **** }
 185:Drivers/CMSIS/Include/cmsis_gcc.h **** 
 186:Drivers/CMSIS/Include/cmsis_gcc.h **** 
 187:Drivers/CMSIS/Include/cmsis_gcc.h **** #if (defined (__ARM_FEATURE_CMSE ) && (__ARM_FEATURE_CMSE == 3))
 188:Drivers/CMSIS/Include/cmsis_gcc.h **** /**
 189:Drivers/CMSIS/Include/cmsis_gcc.h ****   \brief   Set Control Register (non-secure)
 190:Drivers/CMSIS/Include/cmsis_gcc.h ****   \details Writes the given value to the non-secure Control Register when in secure state.
 191:Drivers/CMSIS/Include/cmsis_gcc.h ****   \param [in]    control  Control Register value to set
 192:Drivers/CMSIS/Include/cmsis_gcc.h ****  */
 193:Drivers/CMSIS/Include/cmsis_gcc.h **** __STATIC_FORCEINLINE void __TZ_set_CONTROL_NS(uint32_t control)
 194:Drivers/CMSIS/Include/cmsis_gcc.h **** {
 195:Drivers/CMSIS/Include/cmsis_gcc.h ****   __ASM volatile ("MSR control_ns, %0" : : "r" (control) : "memory");
 196:Drivers/CMSIS/Include/cmsis_gcc.h **** }
 197:Drivers/CMSIS/Include/cmsis_gcc.h **** #endif
 198:Drivers/CMSIS/Include/cmsis_gcc.h **** 
 199:Drivers/CMSIS/Include/cmsis_gcc.h **** 
 200:Drivers/CMSIS/Include/cmsis_gcc.h **** /**
 201:Drivers/CMSIS/Include/cmsis_gcc.h ****   \brief   Get IPSR Register
 202:Drivers/CMSIS/Include/cmsis_gcc.h ****   \details Returns the content of the IPSR Register.
 203:Drivers/CMSIS/Include/cmsis_gcc.h ****   \return               IPSR Register value
 204:Drivers/CMSIS/Include/cmsis_gcc.h ****  */
 205:Drivers/CMSIS/Include/cmsis_gcc.h **** __STATIC_FORCEINLINE uint32_t __get_IPSR(void)
 206:Drivers/CMSIS/Include/cmsis_gcc.h **** {
 207:Drivers/CMSIS/Include/cmsis_gcc.h ****   uint32_t result;
 208:Drivers/CMSIS/Include/cmsis_gcc.h **** 
 209:Drivers/CMSIS/Include/cmsis_gcc.h ****   __ASM volatile ("MRS %0, ipsr" : "=r" (result) );
 210:Drivers/CMSIS/Include/cmsis_gcc.h ****   return(result);
ARM GAS   			page 27


 211:Drivers/CMSIS/Include/cmsis_gcc.h **** }
 212:Drivers/CMSIS/Include/cmsis_gcc.h **** 
 213:Drivers/CMSIS/Include/cmsis_gcc.h **** 
 214:Drivers/CMSIS/Include/cmsis_gcc.h **** /**
 215:Drivers/CMSIS/Include/cmsis_gcc.h ****   \brief   Get APSR Register
 216:Drivers/CMSIS/Include/cmsis_gcc.h ****   \details Returns the content of the APSR Register.
 217:Drivers/CMSIS/Include/cmsis_gcc.h ****   \return               APSR Register value
 218:Drivers/CMSIS/Include/cmsis_gcc.h ****  */
 219:Drivers/CMSIS/Include/cmsis_gcc.h **** __STATIC_FORCEINLINE uint32_t __get_APSR(void)
 220:Drivers/CMSIS/Include/cmsis_gcc.h **** {
 221:Drivers/CMSIS/Include/cmsis_gcc.h ****   uint32_t result;
 222:Drivers/CMSIS/Include/cmsis_gcc.h **** 
 223:Drivers/CMSIS/Include/cmsis_gcc.h ****   __ASM volatile ("MRS %0, apsr" : "=r" (result) );
 224:Drivers/CMSIS/Include/cmsis_gcc.h ****   return(result);
 225:Drivers/CMSIS/Include/cmsis_gcc.h **** }
 226:Drivers/CMSIS/Include/cmsis_gcc.h **** 
 227:Drivers/CMSIS/Include/cmsis_gcc.h **** 
 228:Drivers/CMSIS/Include/cmsis_gcc.h **** /**
 229:Drivers/CMSIS/Include/cmsis_gcc.h ****   \brief   Get xPSR Register
 230:Drivers/CMSIS/Include/cmsis_gcc.h ****   \details Returns the content of the xPSR Register.
 231:Drivers/CMSIS/Include/cmsis_gcc.h ****   \return               xPSR Register value
 232:Drivers/CMSIS/Include/cmsis_gcc.h ****  */
 233:Drivers/CMSIS/Include/cmsis_gcc.h **** __STATIC_FORCEINLINE uint32_t __get_xPSR(void)
 234:Drivers/CMSIS/Include/cmsis_gcc.h **** {
 235:Drivers/CMSIS/Include/cmsis_gcc.h ****   uint32_t result;
 236:Drivers/CMSIS/Include/cmsis_gcc.h **** 
 237:Drivers/CMSIS/Include/cmsis_gcc.h ****   __ASM volatile ("MRS %0, xpsr" : "=r" (result) );
 238:Drivers/CMSIS/Include/cmsis_gcc.h ****   return(result);
 239:Drivers/CMSIS/Include/cmsis_gcc.h **** }
 240:Drivers/CMSIS/Include/cmsis_gcc.h **** 
 241:Drivers/CMSIS/Include/cmsis_gcc.h **** 
 242:Drivers/CMSIS/Include/cmsis_gcc.h **** /**
 243:Drivers/CMSIS/Include/cmsis_gcc.h ****   \brief   Get Process Stack Pointer
 244:Drivers/CMSIS/Include/cmsis_gcc.h ****   \details Returns the current value of the Process Stack Pointer (PSP).
 245:Drivers/CMSIS/Include/cmsis_gcc.h ****   \return               PSP Register value
 246:Drivers/CMSIS/Include/cmsis_gcc.h ****  */
 247:Drivers/CMSIS/Include/cmsis_gcc.h **** __STATIC_FORCEINLINE uint32_t __get_PSP(void)
 248:Drivers/CMSIS/Include/cmsis_gcc.h **** {
 249:Drivers/CMSIS/Include/cmsis_gcc.h ****   uint32_t result;
 250:Drivers/CMSIS/Include/cmsis_gcc.h **** 
 251:Drivers/CMSIS/Include/cmsis_gcc.h ****   __ASM volatile ("MRS %0, psp"  : "=r" (result) );
 252:Drivers/CMSIS/Include/cmsis_gcc.h ****   return(result);
 253:Drivers/CMSIS/Include/cmsis_gcc.h **** }
 254:Drivers/CMSIS/Include/cmsis_gcc.h **** 
 255:Drivers/CMSIS/Include/cmsis_gcc.h **** 
 256:Drivers/CMSIS/Include/cmsis_gcc.h **** #if (defined (__ARM_FEATURE_CMSE ) && (__ARM_FEATURE_CMSE == 3))
 257:Drivers/CMSIS/Include/cmsis_gcc.h **** /**
 258:Drivers/CMSIS/Include/cmsis_gcc.h ****   \brief   Get Process Stack Pointer (non-secure)
 259:Drivers/CMSIS/Include/cmsis_gcc.h ****   \details Returns the current value of the non-secure Process Stack Pointer (PSP) when in secure s
 260:Drivers/CMSIS/Include/cmsis_gcc.h ****   \return               PSP Register value
 261:Drivers/CMSIS/Include/cmsis_gcc.h ****  */
 262:Drivers/CMSIS/Include/cmsis_gcc.h **** __STATIC_FORCEINLINE uint32_t __TZ_get_PSP_NS(void)
 263:Drivers/CMSIS/Include/cmsis_gcc.h **** {
 264:Drivers/CMSIS/Include/cmsis_gcc.h ****   uint32_t result;
 265:Drivers/CMSIS/Include/cmsis_gcc.h **** 
 266:Drivers/CMSIS/Include/cmsis_gcc.h ****   __ASM volatile ("MRS %0, psp_ns"  : "=r" (result) );
 267:Drivers/CMSIS/Include/cmsis_gcc.h ****   return(result);
ARM GAS   			page 28


 268:Drivers/CMSIS/Include/cmsis_gcc.h **** }
 269:Drivers/CMSIS/Include/cmsis_gcc.h **** #endif
 270:Drivers/CMSIS/Include/cmsis_gcc.h **** 
 271:Drivers/CMSIS/Include/cmsis_gcc.h **** 
 272:Drivers/CMSIS/Include/cmsis_gcc.h **** /**
 273:Drivers/CMSIS/Include/cmsis_gcc.h ****   \brief   Set Process Stack Pointer
 274:Drivers/CMSIS/Include/cmsis_gcc.h ****   \details Assigns the given value to the Process Stack Pointer (PSP).
 275:Drivers/CMSIS/Include/cmsis_gcc.h ****   \param [in]    topOfProcStack  Process Stack Pointer value to set
 276:Drivers/CMSIS/Include/cmsis_gcc.h ****  */
 277:Drivers/CMSIS/Include/cmsis_gcc.h **** __STATIC_FORCEINLINE void __set_PSP(uint32_t topOfProcStack)
 278:Drivers/CMSIS/Include/cmsis_gcc.h **** {
 279:Drivers/CMSIS/Include/cmsis_gcc.h ****   __ASM volatile ("MSR psp, %0" : : "r" (topOfProcStack) : );
 280:Drivers/CMSIS/Include/cmsis_gcc.h **** }
 281:Drivers/CMSIS/Include/cmsis_gcc.h **** 
 282:Drivers/CMSIS/Include/cmsis_gcc.h **** 
 283:Drivers/CMSIS/Include/cmsis_gcc.h **** #if (defined (__ARM_FEATURE_CMSE ) && (__ARM_FEATURE_CMSE == 3))
 284:Drivers/CMSIS/Include/cmsis_gcc.h **** /**
 285:Drivers/CMSIS/Include/cmsis_gcc.h ****   \brief   Set Process Stack Pointer (non-secure)
 286:Drivers/CMSIS/Include/cmsis_gcc.h ****   \details Assigns the given value to the non-secure Process Stack Pointer (PSP) when in secure sta
 287:Drivers/CMSIS/Include/cmsis_gcc.h ****   \param [in]    topOfProcStack  Process Stack Pointer value to set
 288:Drivers/CMSIS/Include/cmsis_gcc.h ****  */
 289:Drivers/CMSIS/Include/cmsis_gcc.h **** __STATIC_FORCEINLINE void __TZ_set_PSP_NS(uint32_t topOfProcStack)
 290:Drivers/CMSIS/Include/cmsis_gcc.h **** {
 291:Drivers/CMSIS/Include/cmsis_gcc.h ****   __ASM volatile ("MSR psp_ns, %0" : : "r" (topOfProcStack) : );
 292:Drivers/CMSIS/Include/cmsis_gcc.h **** }
 293:Drivers/CMSIS/Include/cmsis_gcc.h **** #endif
 294:Drivers/CMSIS/Include/cmsis_gcc.h **** 
 295:Drivers/CMSIS/Include/cmsis_gcc.h **** 
 296:Drivers/CMSIS/Include/cmsis_gcc.h **** /**
 297:Drivers/CMSIS/Include/cmsis_gcc.h ****   \brief   Get Main Stack Pointer
 298:Drivers/CMSIS/Include/cmsis_gcc.h ****   \details Returns the current value of the Main Stack Pointer (MSP).
 299:Drivers/CMSIS/Include/cmsis_gcc.h ****   \return               MSP Register value
 300:Drivers/CMSIS/Include/cmsis_gcc.h ****  */
 301:Drivers/CMSIS/Include/cmsis_gcc.h **** __STATIC_FORCEINLINE uint32_t __get_MSP(void)
 302:Drivers/CMSIS/Include/cmsis_gcc.h **** {
 303:Drivers/CMSIS/Include/cmsis_gcc.h ****   uint32_t result;
 304:Drivers/CMSIS/Include/cmsis_gcc.h **** 
 305:Drivers/CMSIS/Include/cmsis_gcc.h ****   __ASM volatile ("MRS %0, msp" : "=r" (result) );
 306:Drivers/CMSIS/Include/cmsis_gcc.h ****   return(result);
 307:Drivers/CMSIS/Include/cmsis_gcc.h **** }
 308:Drivers/CMSIS/Include/cmsis_gcc.h **** 
 309:Drivers/CMSIS/Include/cmsis_gcc.h **** 
 310:Drivers/CMSIS/Include/cmsis_gcc.h **** #if (defined (__ARM_FEATURE_CMSE ) && (__ARM_FEATURE_CMSE == 3))
 311:Drivers/CMSIS/Include/cmsis_gcc.h **** /**
 312:Drivers/CMSIS/Include/cmsis_gcc.h ****   \brief   Get Main Stack Pointer (non-secure)
 313:Drivers/CMSIS/Include/cmsis_gcc.h ****   \details Returns the current value of the non-secure Main Stack Pointer (MSP) when in secure stat
 314:Drivers/CMSIS/Include/cmsis_gcc.h ****   \return               MSP Register value
 315:Drivers/CMSIS/Include/cmsis_gcc.h ****  */
 316:Drivers/CMSIS/Include/cmsis_gcc.h **** __STATIC_FORCEINLINE uint32_t __TZ_get_MSP_NS(void)
 317:Drivers/CMSIS/Include/cmsis_gcc.h **** {
 318:Drivers/CMSIS/Include/cmsis_gcc.h ****   uint32_t result;
 319:Drivers/CMSIS/Include/cmsis_gcc.h **** 
 320:Drivers/CMSIS/Include/cmsis_gcc.h ****   __ASM volatile ("MRS %0, msp_ns" : "=r" (result) );
 321:Drivers/CMSIS/Include/cmsis_gcc.h ****   return(result);
 322:Drivers/CMSIS/Include/cmsis_gcc.h **** }
 323:Drivers/CMSIS/Include/cmsis_gcc.h **** #endif
 324:Drivers/CMSIS/Include/cmsis_gcc.h **** 
ARM GAS   			page 29


 325:Drivers/CMSIS/Include/cmsis_gcc.h **** 
 326:Drivers/CMSIS/Include/cmsis_gcc.h **** /**
 327:Drivers/CMSIS/Include/cmsis_gcc.h ****   \brief   Set Main Stack Pointer
 328:Drivers/CMSIS/Include/cmsis_gcc.h ****   \details Assigns the given value to the Main Stack Pointer (MSP).
 329:Drivers/CMSIS/Include/cmsis_gcc.h ****   \param [in]    topOfMainStack  Main Stack Pointer value to set
 330:Drivers/CMSIS/Include/cmsis_gcc.h ****  */
 331:Drivers/CMSIS/Include/cmsis_gcc.h **** __STATIC_FORCEINLINE void __set_MSP(uint32_t topOfMainStack)
 332:Drivers/CMSIS/Include/cmsis_gcc.h **** {
 333:Drivers/CMSIS/Include/cmsis_gcc.h ****   __ASM volatile ("MSR msp, %0" : : "r" (topOfMainStack) : );
 334:Drivers/CMSIS/Include/cmsis_gcc.h **** }
 335:Drivers/CMSIS/Include/cmsis_gcc.h **** 
 336:Drivers/CMSIS/Include/cmsis_gcc.h **** 
 337:Drivers/CMSIS/Include/cmsis_gcc.h **** #if (defined (__ARM_FEATURE_CMSE ) && (__ARM_FEATURE_CMSE == 3))
 338:Drivers/CMSIS/Include/cmsis_gcc.h **** /**
 339:Drivers/CMSIS/Include/cmsis_gcc.h ****   \brief   Set Main Stack Pointer (non-secure)
 340:Drivers/CMSIS/Include/cmsis_gcc.h ****   \details Assigns the given value to the non-secure Main Stack Pointer (MSP) when in secure state.
 341:Drivers/CMSIS/Include/cmsis_gcc.h ****   \param [in]    topOfMainStack  Main Stack Pointer value to set
 342:Drivers/CMSIS/Include/cmsis_gcc.h ****  */
 343:Drivers/CMSIS/Include/cmsis_gcc.h **** __STATIC_FORCEINLINE void __TZ_set_MSP_NS(uint32_t topOfMainStack)
 344:Drivers/CMSIS/Include/cmsis_gcc.h **** {
 345:Drivers/CMSIS/Include/cmsis_gcc.h ****   __ASM volatile ("MSR msp_ns, %0" : : "r" (topOfMainStack) : );
 346:Drivers/CMSIS/Include/cmsis_gcc.h **** }
 347:Drivers/CMSIS/Include/cmsis_gcc.h **** #endif
 348:Drivers/CMSIS/Include/cmsis_gcc.h **** 
 349:Drivers/CMSIS/Include/cmsis_gcc.h **** 
 350:Drivers/CMSIS/Include/cmsis_gcc.h **** #if (defined (__ARM_FEATURE_CMSE ) && (__ARM_FEATURE_CMSE == 3))
 351:Drivers/CMSIS/Include/cmsis_gcc.h **** /**
 352:Drivers/CMSIS/Include/cmsis_gcc.h ****   \brief   Get Stack Pointer (non-secure)
 353:Drivers/CMSIS/Include/cmsis_gcc.h ****   \details Returns the current value of the non-secure Stack Pointer (SP) when in secure state.
 354:Drivers/CMSIS/Include/cmsis_gcc.h ****   \return               SP Register value
 355:Drivers/CMSIS/Include/cmsis_gcc.h ****  */
 356:Drivers/CMSIS/Include/cmsis_gcc.h **** __STATIC_FORCEINLINE uint32_t __TZ_get_SP_NS(void)
 357:Drivers/CMSIS/Include/cmsis_gcc.h **** {
 358:Drivers/CMSIS/Include/cmsis_gcc.h ****   uint32_t result;
 359:Drivers/CMSIS/Include/cmsis_gcc.h **** 
 360:Drivers/CMSIS/Include/cmsis_gcc.h ****   __ASM volatile ("MRS %0, sp_ns" : "=r" (result) );
 361:Drivers/CMSIS/Include/cmsis_gcc.h ****   return(result);
 362:Drivers/CMSIS/Include/cmsis_gcc.h **** }
 363:Drivers/CMSIS/Include/cmsis_gcc.h **** 
 364:Drivers/CMSIS/Include/cmsis_gcc.h **** 
 365:Drivers/CMSIS/Include/cmsis_gcc.h **** /**
 366:Drivers/CMSIS/Include/cmsis_gcc.h ****   \brief   Set Stack Pointer (non-secure)
 367:Drivers/CMSIS/Include/cmsis_gcc.h ****   \details Assigns the given value to the non-secure Stack Pointer (SP) when in secure state.
 368:Drivers/CMSIS/Include/cmsis_gcc.h ****   \param [in]    topOfStack  Stack Pointer value to set
 369:Drivers/CMSIS/Include/cmsis_gcc.h ****  */
 370:Drivers/CMSIS/Include/cmsis_gcc.h **** __STATIC_FORCEINLINE void __TZ_set_SP_NS(uint32_t topOfStack)
 371:Drivers/CMSIS/Include/cmsis_gcc.h **** {
 372:Drivers/CMSIS/Include/cmsis_gcc.h ****   __ASM volatile ("MSR sp_ns, %0" : : "r" (topOfStack) : );
 373:Drivers/CMSIS/Include/cmsis_gcc.h **** }
 374:Drivers/CMSIS/Include/cmsis_gcc.h **** #endif
 375:Drivers/CMSIS/Include/cmsis_gcc.h **** 
 376:Drivers/CMSIS/Include/cmsis_gcc.h **** 
 377:Drivers/CMSIS/Include/cmsis_gcc.h **** /**
 378:Drivers/CMSIS/Include/cmsis_gcc.h ****   \brief   Get Priority Mask
 379:Drivers/CMSIS/Include/cmsis_gcc.h ****   \details Returns the current state of the priority mask bit from the Priority Mask Register.
 380:Drivers/CMSIS/Include/cmsis_gcc.h ****   \return               Priority Mask value
 381:Drivers/CMSIS/Include/cmsis_gcc.h ****  */
ARM GAS   			page 30


 382:Drivers/CMSIS/Include/cmsis_gcc.h **** __STATIC_FORCEINLINE uint32_t __get_PRIMASK(void)
 383:Drivers/CMSIS/Include/cmsis_gcc.h **** {
 384:Drivers/CMSIS/Include/cmsis_gcc.h ****   uint32_t result;
 385:Drivers/CMSIS/Include/cmsis_gcc.h **** 
 386:Drivers/CMSIS/Include/cmsis_gcc.h ****   __ASM volatile ("MRS %0, primask" : "=r" (result) :: "memory");
 387:Drivers/CMSIS/Include/cmsis_gcc.h ****   return(result);
 388:Drivers/CMSIS/Include/cmsis_gcc.h **** }
 389:Drivers/CMSIS/Include/cmsis_gcc.h **** 
 390:Drivers/CMSIS/Include/cmsis_gcc.h **** 
 391:Drivers/CMSIS/Include/cmsis_gcc.h **** #if (defined (__ARM_FEATURE_CMSE ) && (__ARM_FEATURE_CMSE == 3))
 392:Drivers/CMSIS/Include/cmsis_gcc.h **** /**
 393:Drivers/CMSIS/Include/cmsis_gcc.h ****   \brief   Get Priority Mask (non-secure)
 394:Drivers/CMSIS/Include/cmsis_gcc.h ****   \details Returns the current state of the non-secure priority mask bit from the Priority Mask Reg
 395:Drivers/CMSIS/Include/cmsis_gcc.h ****   \return               Priority Mask value
 396:Drivers/CMSIS/Include/cmsis_gcc.h ****  */
 397:Drivers/CMSIS/Include/cmsis_gcc.h **** __STATIC_FORCEINLINE uint32_t __TZ_get_PRIMASK_NS(void)
 398:Drivers/CMSIS/Include/cmsis_gcc.h **** {
 399:Drivers/CMSIS/Include/cmsis_gcc.h ****   uint32_t result;
 400:Drivers/CMSIS/Include/cmsis_gcc.h **** 
 401:Drivers/CMSIS/Include/cmsis_gcc.h ****   __ASM volatile ("MRS %0, primask_ns" : "=r" (result) :: "memory");
 402:Drivers/CMSIS/Include/cmsis_gcc.h ****   return(result);
 403:Drivers/CMSIS/Include/cmsis_gcc.h **** }
 404:Drivers/CMSIS/Include/cmsis_gcc.h **** #endif
 405:Drivers/CMSIS/Include/cmsis_gcc.h **** 
 406:Drivers/CMSIS/Include/cmsis_gcc.h **** 
 407:Drivers/CMSIS/Include/cmsis_gcc.h **** /**
 408:Drivers/CMSIS/Include/cmsis_gcc.h ****   \brief   Set Priority Mask
 409:Drivers/CMSIS/Include/cmsis_gcc.h ****   \details Assigns the given value to the Priority Mask Register.
 410:Drivers/CMSIS/Include/cmsis_gcc.h ****   \param [in]    priMask  Priority Mask
 411:Drivers/CMSIS/Include/cmsis_gcc.h ****  */
 412:Drivers/CMSIS/Include/cmsis_gcc.h **** __STATIC_FORCEINLINE void __set_PRIMASK(uint32_t priMask)
 413:Drivers/CMSIS/Include/cmsis_gcc.h **** {
 414:Drivers/CMSIS/Include/cmsis_gcc.h ****   __ASM volatile ("MSR primask, %0" : : "r" (priMask) : "memory");
 415:Drivers/CMSIS/Include/cmsis_gcc.h **** }
 416:Drivers/CMSIS/Include/cmsis_gcc.h **** 
 417:Drivers/CMSIS/Include/cmsis_gcc.h **** 
 418:Drivers/CMSIS/Include/cmsis_gcc.h **** #if (defined (__ARM_FEATURE_CMSE ) && (__ARM_FEATURE_CMSE == 3))
 419:Drivers/CMSIS/Include/cmsis_gcc.h **** /**
 420:Drivers/CMSIS/Include/cmsis_gcc.h ****   \brief   Set Priority Mask (non-secure)
 421:Drivers/CMSIS/Include/cmsis_gcc.h ****   \details Assigns the given value to the non-secure Priority Mask Register when in secure state.
 422:Drivers/CMSIS/Include/cmsis_gcc.h ****   \param [in]    priMask  Priority Mask
 423:Drivers/CMSIS/Include/cmsis_gcc.h ****  */
 424:Drivers/CMSIS/Include/cmsis_gcc.h **** __STATIC_FORCEINLINE void __TZ_set_PRIMASK_NS(uint32_t priMask)
 425:Drivers/CMSIS/Include/cmsis_gcc.h **** {
 426:Drivers/CMSIS/Include/cmsis_gcc.h ****   __ASM volatile ("MSR primask_ns, %0" : : "r" (priMask) : "memory");
 427:Drivers/CMSIS/Include/cmsis_gcc.h **** }
 428:Drivers/CMSIS/Include/cmsis_gcc.h **** #endif
 429:Drivers/CMSIS/Include/cmsis_gcc.h **** 
 430:Drivers/CMSIS/Include/cmsis_gcc.h **** 
 431:Drivers/CMSIS/Include/cmsis_gcc.h **** #if ((defined (__ARM_ARCH_7M__      ) && (__ARM_ARCH_7M__      == 1)) || \
 432:Drivers/CMSIS/Include/cmsis_gcc.h ****      (defined (__ARM_ARCH_7EM__     ) && (__ARM_ARCH_7EM__     == 1)) || \
 433:Drivers/CMSIS/Include/cmsis_gcc.h ****      (defined (__ARM_ARCH_8M_MAIN__ ) && (__ARM_ARCH_8M_MAIN__ == 1))    )
 434:Drivers/CMSIS/Include/cmsis_gcc.h **** /**
 435:Drivers/CMSIS/Include/cmsis_gcc.h ****   \brief   Enable FIQ
 436:Drivers/CMSIS/Include/cmsis_gcc.h ****   \details Enables FIQ interrupts by clearing the F-bit in the CPSR.
 437:Drivers/CMSIS/Include/cmsis_gcc.h ****            Can only be executed in Privileged modes.
 438:Drivers/CMSIS/Include/cmsis_gcc.h ****  */
ARM GAS   			page 31


 439:Drivers/CMSIS/Include/cmsis_gcc.h **** __STATIC_FORCEINLINE void __enable_fault_irq(void)
 440:Drivers/CMSIS/Include/cmsis_gcc.h **** {
 441:Drivers/CMSIS/Include/cmsis_gcc.h ****   __ASM volatile ("cpsie f" : : : "memory");
 442:Drivers/CMSIS/Include/cmsis_gcc.h **** }
 443:Drivers/CMSIS/Include/cmsis_gcc.h **** 
 444:Drivers/CMSIS/Include/cmsis_gcc.h **** 
 445:Drivers/CMSIS/Include/cmsis_gcc.h **** /**
 446:Drivers/CMSIS/Include/cmsis_gcc.h ****   \brief   Disable FIQ
 447:Drivers/CMSIS/Include/cmsis_gcc.h ****   \details Disables FIQ interrupts by setting the F-bit in the CPSR.
 448:Drivers/CMSIS/Include/cmsis_gcc.h ****            Can only be executed in Privileged modes.
 449:Drivers/CMSIS/Include/cmsis_gcc.h ****  */
 450:Drivers/CMSIS/Include/cmsis_gcc.h **** __STATIC_FORCEINLINE void __disable_fault_irq(void)
 451:Drivers/CMSIS/Include/cmsis_gcc.h **** {
 452:Drivers/CMSIS/Include/cmsis_gcc.h ****   __ASM volatile ("cpsid f" : : : "memory");
 453:Drivers/CMSIS/Include/cmsis_gcc.h **** }
 454:Drivers/CMSIS/Include/cmsis_gcc.h **** 
 455:Drivers/CMSIS/Include/cmsis_gcc.h **** 
 456:Drivers/CMSIS/Include/cmsis_gcc.h **** /**
 457:Drivers/CMSIS/Include/cmsis_gcc.h ****   \brief   Get Base Priority
 458:Drivers/CMSIS/Include/cmsis_gcc.h ****   \details Returns the current value of the Base Priority register.
 459:Drivers/CMSIS/Include/cmsis_gcc.h ****   \return               Base Priority register value
 460:Drivers/CMSIS/Include/cmsis_gcc.h ****  */
 461:Drivers/CMSIS/Include/cmsis_gcc.h **** __STATIC_FORCEINLINE uint32_t __get_BASEPRI(void)
 462:Drivers/CMSIS/Include/cmsis_gcc.h **** {
 463:Drivers/CMSIS/Include/cmsis_gcc.h ****   uint32_t result;
 464:Drivers/CMSIS/Include/cmsis_gcc.h **** 
 465:Drivers/CMSIS/Include/cmsis_gcc.h ****   __ASM volatile ("MRS %0, basepri" : "=r" (result) );
 466:Drivers/CMSIS/Include/cmsis_gcc.h ****   return(result);
 467:Drivers/CMSIS/Include/cmsis_gcc.h **** }
 468:Drivers/CMSIS/Include/cmsis_gcc.h **** 
 469:Drivers/CMSIS/Include/cmsis_gcc.h **** 
 470:Drivers/CMSIS/Include/cmsis_gcc.h **** #if (defined (__ARM_FEATURE_CMSE ) && (__ARM_FEATURE_CMSE == 3))
 471:Drivers/CMSIS/Include/cmsis_gcc.h **** /**
 472:Drivers/CMSIS/Include/cmsis_gcc.h ****   \brief   Get Base Priority (non-secure)
 473:Drivers/CMSIS/Include/cmsis_gcc.h ****   \details Returns the current value of the non-secure Base Priority register when in secure state.
 474:Drivers/CMSIS/Include/cmsis_gcc.h ****   \return               Base Priority register value
 475:Drivers/CMSIS/Include/cmsis_gcc.h ****  */
 476:Drivers/CMSIS/Include/cmsis_gcc.h **** __STATIC_FORCEINLINE uint32_t __TZ_get_BASEPRI_NS(void)
 477:Drivers/CMSIS/Include/cmsis_gcc.h **** {
 478:Drivers/CMSIS/Include/cmsis_gcc.h ****   uint32_t result;
 479:Drivers/CMSIS/Include/cmsis_gcc.h **** 
 480:Drivers/CMSIS/Include/cmsis_gcc.h ****   __ASM volatile ("MRS %0, basepri_ns" : "=r" (result) );
 481:Drivers/CMSIS/Include/cmsis_gcc.h ****   return(result);
 482:Drivers/CMSIS/Include/cmsis_gcc.h **** }
 483:Drivers/CMSIS/Include/cmsis_gcc.h **** #endif
 484:Drivers/CMSIS/Include/cmsis_gcc.h **** 
 485:Drivers/CMSIS/Include/cmsis_gcc.h **** 
 486:Drivers/CMSIS/Include/cmsis_gcc.h **** /**
 487:Drivers/CMSIS/Include/cmsis_gcc.h ****   \brief   Set Base Priority
 488:Drivers/CMSIS/Include/cmsis_gcc.h ****   \details Assigns the given value to the Base Priority register.
 489:Drivers/CMSIS/Include/cmsis_gcc.h ****   \param [in]    basePri  Base Priority value to set
 490:Drivers/CMSIS/Include/cmsis_gcc.h ****  */
 491:Drivers/CMSIS/Include/cmsis_gcc.h **** __STATIC_FORCEINLINE void __set_BASEPRI(uint32_t basePri)
 492:Drivers/CMSIS/Include/cmsis_gcc.h **** {
 493:Drivers/CMSIS/Include/cmsis_gcc.h ****   __ASM volatile ("MSR basepri, %0" : : "r" (basePri) : "memory");
 494:Drivers/CMSIS/Include/cmsis_gcc.h **** }
 495:Drivers/CMSIS/Include/cmsis_gcc.h **** 
ARM GAS   			page 32


 496:Drivers/CMSIS/Include/cmsis_gcc.h **** 
 497:Drivers/CMSIS/Include/cmsis_gcc.h **** #if (defined (__ARM_FEATURE_CMSE ) && (__ARM_FEATURE_CMSE == 3))
 498:Drivers/CMSIS/Include/cmsis_gcc.h **** /**
 499:Drivers/CMSIS/Include/cmsis_gcc.h ****   \brief   Set Base Priority (non-secure)
 500:Drivers/CMSIS/Include/cmsis_gcc.h ****   \details Assigns the given value to the non-secure Base Priority register when in secure state.
 501:Drivers/CMSIS/Include/cmsis_gcc.h ****   \param [in]    basePri  Base Priority value to set
 502:Drivers/CMSIS/Include/cmsis_gcc.h ****  */
 503:Drivers/CMSIS/Include/cmsis_gcc.h **** __STATIC_FORCEINLINE void __TZ_set_BASEPRI_NS(uint32_t basePri)
 504:Drivers/CMSIS/Include/cmsis_gcc.h **** {
 505:Drivers/CMSIS/Include/cmsis_gcc.h ****   __ASM volatile ("MSR basepri_ns, %0" : : "r" (basePri) : "memory");
 506:Drivers/CMSIS/Include/cmsis_gcc.h **** }
 507:Drivers/CMSIS/Include/cmsis_gcc.h **** #endif
 508:Drivers/CMSIS/Include/cmsis_gcc.h **** 
 509:Drivers/CMSIS/Include/cmsis_gcc.h **** 
 510:Drivers/CMSIS/Include/cmsis_gcc.h **** /**
 511:Drivers/CMSIS/Include/cmsis_gcc.h ****   \brief   Set Base Priority with condition
 512:Drivers/CMSIS/Include/cmsis_gcc.h ****   \details Assigns the given value to the Base Priority register only if BASEPRI masking is disable
 513:Drivers/CMSIS/Include/cmsis_gcc.h ****            or the new value increases the BASEPRI priority level.
 514:Drivers/CMSIS/Include/cmsis_gcc.h ****   \param [in]    basePri  Base Priority value to set
 515:Drivers/CMSIS/Include/cmsis_gcc.h ****  */
 516:Drivers/CMSIS/Include/cmsis_gcc.h **** __STATIC_FORCEINLINE void __set_BASEPRI_MAX(uint32_t basePri)
 517:Drivers/CMSIS/Include/cmsis_gcc.h **** {
 518:Drivers/CMSIS/Include/cmsis_gcc.h ****   __ASM volatile ("MSR basepri_max, %0" : : "r" (basePri) : "memory");
 519:Drivers/CMSIS/Include/cmsis_gcc.h **** }
 520:Drivers/CMSIS/Include/cmsis_gcc.h **** 
 521:Drivers/CMSIS/Include/cmsis_gcc.h **** 
 522:Drivers/CMSIS/Include/cmsis_gcc.h **** /**
 523:Drivers/CMSIS/Include/cmsis_gcc.h ****   \brief   Get Fault Mask
 524:Drivers/CMSIS/Include/cmsis_gcc.h ****   \details Returns the current value of the Fault Mask register.
 525:Drivers/CMSIS/Include/cmsis_gcc.h ****   \return               Fault Mask register value
 526:Drivers/CMSIS/Include/cmsis_gcc.h ****  */
 527:Drivers/CMSIS/Include/cmsis_gcc.h **** __STATIC_FORCEINLINE uint32_t __get_FAULTMASK(void)
 528:Drivers/CMSIS/Include/cmsis_gcc.h **** {
 529:Drivers/CMSIS/Include/cmsis_gcc.h ****   uint32_t result;
 530:Drivers/CMSIS/Include/cmsis_gcc.h **** 
 531:Drivers/CMSIS/Include/cmsis_gcc.h ****   __ASM volatile ("MRS %0, faultmask" : "=r" (result) );
 532:Drivers/CMSIS/Include/cmsis_gcc.h ****   return(result);
 533:Drivers/CMSIS/Include/cmsis_gcc.h **** }
 534:Drivers/CMSIS/Include/cmsis_gcc.h **** 
 535:Drivers/CMSIS/Include/cmsis_gcc.h **** 
 536:Drivers/CMSIS/Include/cmsis_gcc.h **** #if (defined (__ARM_FEATURE_CMSE ) && (__ARM_FEATURE_CMSE == 3))
 537:Drivers/CMSIS/Include/cmsis_gcc.h **** /**
 538:Drivers/CMSIS/Include/cmsis_gcc.h ****   \brief   Get Fault Mask (non-secure)
 539:Drivers/CMSIS/Include/cmsis_gcc.h ****   \details Returns the current value of the non-secure Fault Mask register when in secure state.
 540:Drivers/CMSIS/Include/cmsis_gcc.h ****   \return               Fault Mask register value
 541:Drivers/CMSIS/Include/cmsis_gcc.h ****  */
 542:Drivers/CMSIS/Include/cmsis_gcc.h **** __STATIC_FORCEINLINE uint32_t __TZ_get_FAULTMASK_NS(void)
 543:Drivers/CMSIS/Include/cmsis_gcc.h **** {
 544:Drivers/CMSIS/Include/cmsis_gcc.h ****   uint32_t result;
 545:Drivers/CMSIS/Include/cmsis_gcc.h **** 
 546:Drivers/CMSIS/Include/cmsis_gcc.h ****   __ASM volatile ("MRS %0, faultmask_ns" : "=r" (result) );
 547:Drivers/CMSIS/Include/cmsis_gcc.h ****   return(result);
 548:Drivers/CMSIS/Include/cmsis_gcc.h **** }
 549:Drivers/CMSIS/Include/cmsis_gcc.h **** #endif
 550:Drivers/CMSIS/Include/cmsis_gcc.h **** 
 551:Drivers/CMSIS/Include/cmsis_gcc.h **** 
 552:Drivers/CMSIS/Include/cmsis_gcc.h **** /**
ARM GAS   			page 33


 553:Drivers/CMSIS/Include/cmsis_gcc.h ****   \brief   Set Fault Mask
 554:Drivers/CMSIS/Include/cmsis_gcc.h ****   \details Assigns the given value to the Fault Mask register.
 555:Drivers/CMSIS/Include/cmsis_gcc.h ****   \param [in]    faultMask  Fault Mask value to set
 556:Drivers/CMSIS/Include/cmsis_gcc.h ****  */
 557:Drivers/CMSIS/Include/cmsis_gcc.h **** __STATIC_FORCEINLINE void __set_FAULTMASK(uint32_t faultMask)
 558:Drivers/CMSIS/Include/cmsis_gcc.h **** {
 559:Drivers/CMSIS/Include/cmsis_gcc.h ****   __ASM volatile ("MSR faultmask, %0" : : "r" (faultMask) : "memory");
 560:Drivers/CMSIS/Include/cmsis_gcc.h **** }
 561:Drivers/CMSIS/Include/cmsis_gcc.h **** 
 562:Drivers/CMSIS/Include/cmsis_gcc.h **** 
 563:Drivers/CMSIS/Include/cmsis_gcc.h **** #if (defined (__ARM_FEATURE_CMSE ) && (__ARM_FEATURE_CMSE == 3))
 564:Drivers/CMSIS/Include/cmsis_gcc.h **** /**
 565:Drivers/CMSIS/Include/cmsis_gcc.h ****   \brief   Set Fault Mask (non-secure)
 566:Drivers/CMSIS/Include/cmsis_gcc.h ****   \details Assigns the given value to the non-secure Fault Mask register when in secure state.
 567:Drivers/CMSIS/Include/cmsis_gcc.h ****   \param [in]    faultMask  Fault Mask value to set
 568:Drivers/CMSIS/Include/cmsis_gcc.h ****  */
 569:Drivers/CMSIS/Include/cmsis_gcc.h **** __STATIC_FORCEINLINE void __TZ_set_FAULTMASK_NS(uint32_t faultMask)
 570:Drivers/CMSIS/Include/cmsis_gcc.h **** {
 571:Drivers/CMSIS/Include/cmsis_gcc.h ****   __ASM volatile ("MSR faultmask_ns, %0" : : "r" (faultMask) : "memory");
 572:Drivers/CMSIS/Include/cmsis_gcc.h **** }
 573:Drivers/CMSIS/Include/cmsis_gcc.h **** #endif
 574:Drivers/CMSIS/Include/cmsis_gcc.h **** 
 575:Drivers/CMSIS/Include/cmsis_gcc.h **** #endif /* ((defined (__ARM_ARCH_7M__      ) && (__ARM_ARCH_7M__      == 1)) || \
 576:Drivers/CMSIS/Include/cmsis_gcc.h ****            (defined (__ARM_ARCH_7EM__     ) && (__ARM_ARCH_7EM__     == 1)) || \
 577:Drivers/CMSIS/Include/cmsis_gcc.h ****            (defined (__ARM_ARCH_8M_MAIN__ ) && (__ARM_ARCH_8M_MAIN__ == 1))    ) */
 578:Drivers/CMSIS/Include/cmsis_gcc.h **** 
 579:Drivers/CMSIS/Include/cmsis_gcc.h **** 
 580:Drivers/CMSIS/Include/cmsis_gcc.h **** #if ((defined (__ARM_ARCH_8M_MAIN__ ) && (__ARM_ARCH_8M_MAIN__ == 1)) || \
 581:Drivers/CMSIS/Include/cmsis_gcc.h ****      (defined (__ARM_ARCH_8M_BASE__ ) && (__ARM_ARCH_8M_BASE__ == 1))    )
 582:Drivers/CMSIS/Include/cmsis_gcc.h **** 
 583:Drivers/CMSIS/Include/cmsis_gcc.h **** /**
 584:Drivers/CMSIS/Include/cmsis_gcc.h ****   \brief   Get Process Stack Pointer Limit
 585:Drivers/CMSIS/Include/cmsis_gcc.h ****   Devices without ARMv8-M Main Extensions (i.e. Cortex-M23) lack the non-secure
 586:Drivers/CMSIS/Include/cmsis_gcc.h ****   Stack Pointer Limit register hence zero is returned always in non-secure
 587:Drivers/CMSIS/Include/cmsis_gcc.h ****   mode.
 588:Drivers/CMSIS/Include/cmsis_gcc.h ****   
 589:Drivers/CMSIS/Include/cmsis_gcc.h ****   \details Returns the current value of the Process Stack Pointer Limit (PSPLIM).
 590:Drivers/CMSIS/Include/cmsis_gcc.h ****   \return               PSPLIM Register value
 591:Drivers/CMSIS/Include/cmsis_gcc.h ****  */
 592:Drivers/CMSIS/Include/cmsis_gcc.h **** __STATIC_FORCEINLINE uint32_t __get_PSPLIM(void)
 593:Drivers/CMSIS/Include/cmsis_gcc.h **** {
 594:Drivers/CMSIS/Include/cmsis_gcc.h **** #if (!(defined (__ARM_ARCH_8M_MAIN__ ) && (__ARM_ARCH_8M_MAIN__ == 1)) && \
 595:Drivers/CMSIS/Include/cmsis_gcc.h ****     (!defined (__ARM_FEATURE_CMSE) || (__ARM_FEATURE_CMSE < 3)))
 596:Drivers/CMSIS/Include/cmsis_gcc.h ****     // without main extensions, the non-secure PSPLIM is RAZ/WI
 597:Drivers/CMSIS/Include/cmsis_gcc.h ****   return 0U;
 598:Drivers/CMSIS/Include/cmsis_gcc.h **** #else
 599:Drivers/CMSIS/Include/cmsis_gcc.h ****   uint32_t result;
 600:Drivers/CMSIS/Include/cmsis_gcc.h ****   __ASM volatile ("MRS %0, psplim"  : "=r" (result) );
 601:Drivers/CMSIS/Include/cmsis_gcc.h ****   return result;
 602:Drivers/CMSIS/Include/cmsis_gcc.h **** #endif
 603:Drivers/CMSIS/Include/cmsis_gcc.h **** }
 604:Drivers/CMSIS/Include/cmsis_gcc.h **** 
 605:Drivers/CMSIS/Include/cmsis_gcc.h **** #if (defined (__ARM_FEATURE_CMSE) && (__ARM_FEATURE_CMSE == 3))
 606:Drivers/CMSIS/Include/cmsis_gcc.h **** /**
 607:Drivers/CMSIS/Include/cmsis_gcc.h ****   \brief   Get Process Stack Pointer Limit (non-secure)
 608:Drivers/CMSIS/Include/cmsis_gcc.h ****   Devices without ARMv8-M Main Extensions (i.e. Cortex-M23) lack the non-secure
 609:Drivers/CMSIS/Include/cmsis_gcc.h ****   Stack Pointer Limit register hence zero is returned always.
ARM GAS   			page 34


 610:Drivers/CMSIS/Include/cmsis_gcc.h **** 
 611:Drivers/CMSIS/Include/cmsis_gcc.h ****   \details Returns the current value of the non-secure Process Stack Pointer Limit (PSPLIM) when in
 612:Drivers/CMSIS/Include/cmsis_gcc.h ****   \return               PSPLIM Register value
 613:Drivers/CMSIS/Include/cmsis_gcc.h ****  */
 614:Drivers/CMSIS/Include/cmsis_gcc.h **** __STATIC_FORCEINLINE uint32_t __TZ_get_PSPLIM_NS(void)
 615:Drivers/CMSIS/Include/cmsis_gcc.h **** {
 616:Drivers/CMSIS/Include/cmsis_gcc.h **** #if (!(defined (__ARM_ARCH_8M_MAIN__ ) && (__ARM_ARCH_8M_MAIN__ == 1)))
 617:Drivers/CMSIS/Include/cmsis_gcc.h ****   // without main extensions, the non-secure PSPLIM is RAZ/WI
 618:Drivers/CMSIS/Include/cmsis_gcc.h ****   return 0U;
 619:Drivers/CMSIS/Include/cmsis_gcc.h **** #else
 620:Drivers/CMSIS/Include/cmsis_gcc.h ****   uint32_t result;
 621:Drivers/CMSIS/Include/cmsis_gcc.h ****   __ASM volatile ("MRS %0, psplim_ns"  : "=r" (result) );
 622:Drivers/CMSIS/Include/cmsis_gcc.h ****   return result;
 623:Drivers/CMSIS/Include/cmsis_gcc.h **** #endif
 624:Drivers/CMSIS/Include/cmsis_gcc.h **** }
 625:Drivers/CMSIS/Include/cmsis_gcc.h **** #endif
 626:Drivers/CMSIS/Include/cmsis_gcc.h **** 
 627:Drivers/CMSIS/Include/cmsis_gcc.h **** 
 628:Drivers/CMSIS/Include/cmsis_gcc.h **** /**
 629:Drivers/CMSIS/Include/cmsis_gcc.h ****   \brief   Set Process Stack Pointer Limit
 630:Drivers/CMSIS/Include/cmsis_gcc.h ****   Devices without ARMv8-M Main Extensions (i.e. Cortex-M23) lack the non-secure
 631:Drivers/CMSIS/Include/cmsis_gcc.h ****   Stack Pointer Limit register hence the write is silently ignored in non-secure
 632:Drivers/CMSIS/Include/cmsis_gcc.h ****   mode.
 633:Drivers/CMSIS/Include/cmsis_gcc.h ****   
 634:Drivers/CMSIS/Include/cmsis_gcc.h ****   \details Assigns the given value to the Process Stack Pointer Limit (PSPLIM).
 635:Drivers/CMSIS/Include/cmsis_gcc.h ****   \param [in]    ProcStackPtrLimit  Process Stack Pointer Limit value to set
 636:Drivers/CMSIS/Include/cmsis_gcc.h ****  */
 637:Drivers/CMSIS/Include/cmsis_gcc.h **** __STATIC_FORCEINLINE void __set_PSPLIM(uint32_t ProcStackPtrLimit)
 638:Drivers/CMSIS/Include/cmsis_gcc.h **** {
 639:Drivers/CMSIS/Include/cmsis_gcc.h **** #if (!(defined (__ARM_ARCH_8M_MAIN__ ) && (__ARM_ARCH_8M_MAIN__ == 1)) && \
 640:Drivers/CMSIS/Include/cmsis_gcc.h ****     (!defined (__ARM_FEATURE_CMSE) || (__ARM_FEATURE_CMSE < 3)))
 641:Drivers/CMSIS/Include/cmsis_gcc.h ****   // without main extensions, the non-secure PSPLIM is RAZ/WI
 642:Drivers/CMSIS/Include/cmsis_gcc.h ****   (void)ProcStackPtrLimit;
 643:Drivers/CMSIS/Include/cmsis_gcc.h **** #else
 644:Drivers/CMSIS/Include/cmsis_gcc.h ****   __ASM volatile ("MSR psplim, %0" : : "r" (ProcStackPtrLimit));
 645:Drivers/CMSIS/Include/cmsis_gcc.h **** #endif
 646:Drivers/CMSIS/Include/cmsis_gcc.h **** }
 647:Drivers/CMSIS/Include/cmsis_gcc.h **** 
 648:Drivers/CMSIS/Include/cmsis_gcc.h **** 
 649:Drivers/CMSIS/Include/cmsis_gcc.h **** #if (defined (__ARM_FEATURE_CMSE  ) && (__ARM_FEATURE_CMSE   == 3))
 650:Drivers/CMSIS/Include/cmsis_gcc.h **** /**
 651:Drivers/CMSIS/Include/cmsis_gcc.h ****   \brief   Set Process Stack Pointer (non-secure)
 652:Drivers/CMSIS/Include/cmsis_gcc.h ****   Devices without ARMv8-M Main Extensions (i.e. Cortex-M23) lack the non-secure
 653:Drivers/CMSIS/Include/cmsis_gcc.h ****   Stack Pointer Limit register hence the write is silently ignored.
 654:Drivers/CMSIS/Include/cmsis_gcc.h **** 
 655:Drivers/CMSIS/Include/cmsis_gcc.h ****   \details Assigns the given value to the non-secure Process Stack Pointer Limit (PSPLIM) when in s
 656:Drivers/CMSIS/Include/cmsis_gcc.h ****   \param [in]    ProcStackPtrLimit  Process Stack Pointer Limit value to set
 657:Drivers/CMSIS/Include/cmsis_gcc.h ****  */
 658:Drivers/CMSIS/Include/cmsis_gcc.h **** __STATIC_FORCEINLINE void __TZ_set_PSPLIM_NS(uint32_t ProcStackPtrLimit)
 659:Drivers/CMSIS/Include/cmsis_gcc.h **** {
 660:Drivers/CMSIS/Include/cmsis_gcc.h **** #if (!(defined (__ARM_ARCH_8M_MAIN__ ) && (__ARM_ARCH_8M_MAIN__ == 1)))
 661:Drivers/CMSIS/Include/cmsis_gcc.h ****   // without main extensions, the non-secure PSPLIM is RAZ/WI
 662:Drivers/CMSIS/Include/cmsis_gcc.h ****   (void)ProcStackPtrLimit;
 663:Drivers/CMSIS/Include/cmsis_gcc.h **** #else
 664:Drivers/CMSIS/Include/cmsis_gcc.h ****   __ASM volatile ("MSR psplim_ns, %0\n" : : "r" (ProcStackPtrLimit));
 665:Drivers/CMSIS/Include/cmsis_gcc.h **** #endif
 666:Drivers/CMSIS/Include/cmsis_gcc.h **** }
ARM GAS   			page 35


 667:Drivers/CMSIS/Include/cmsis_gcc.h **** #endif
 668:Drivers/CMSIS/Include/cmsis_gcc.h **** 
 669:Drivers/CMSIS/Include/cmsis_gcc.h **** 
 670:Drivers/CMSIS/Include/cmsis_gcc.h **** /**
 671:Drivers/CMSIS/Include/cmsis_gcc.h ****   \brief   Get Main Stack Pointer Limit
 672:Drivers/CMSIS/Include/cmsis_gcc.h ****   Devices without ARMv8-M Main Extensions (i.e. Cortex-M23) lack the non-secure
 673:Drivers/CMSIS/Include/cmsis_gcc.h ****   Stack Pointer Limit register hence zero is returned always in non-secure
 674:Drivers/CMSIS/Include/cmsis_gcc.h ****   mode.
 675:Drivers/CMSIS/Include/cmsis_gcc.h **** 
 676:Drivers/CMSIS/Include/cmsis_gcc.h ****   \details Returns the current value of the Main Stack Pointer Limit (MSPLIM).
 677:Drivers/CMSIS/Include/cmsis_gcc.h ****   \return               MSPLIM Register value
 678:Drivers/CMSIS/Include/cmsis_gcc.h ****  */
 679:Drivers/CMSIS/Include/cmsis_gcc.h **** __STATIC_FORCEINLINE uint32_t __get_MSPLIM(void)
 680:Drivers/CMSIS/Include/cmsis_gcc.h **** {
 681:Drivers/CMSIS/Include/cmsis_gcc.h **** #if (!(defined (__ARM_ARCH_8M_MAIN__ ) && (__ARM_ARCH_8M_MAIN__ == 1)) && \
 682:Drivers/CMSIS/Include/cmsis_gcc.h ****     (!defined (__ARM_FEATURE_CMSE) || (__ARM_FEATURE_CMSE < 3)))
 683:Drivers/CMSIS/Include/cmsis_gcc.h ****   // without main extensions, the non-secure MSPLIM is RAZ/WI
 684:Drivers/CMSIS/Include/cmsis_gcc.h ****   return 0U;
 685:Drivers/CMSIS/Include/cmsis_gcc.h **** #else
 686:Drivers/CMSIS/Include/cmsis_gcc.h ****   uint32_t result;
 687:Drivers/CMSIS/Include/cmsis_gcc.h ****   __ASM volatile ("MRS %0, msplim" : "=r" (result) );
 688:Drivers/CMSIS/Include/cmsis_gcc.h ****   return result;
 689:Drivers/CMSIS/Include/cmsis_gcc.h **** #endif
 690:Drivers/CMSIS/Include/cmsis_gcc.h **** }
 691:Drivers/CMSIS/Include/cmsis_gcc.h **** 
 692:Drivers/CMSIS/Include/cmsis_gcc.h **** 
 693:Drivers/CMSIS/Include/cmsis_gcc.h **** #if (defined (__ARM_FEATURE_CMSE  ) && (__ARM_FEATURE_CMSE   == 3))
 694:Drivers/CMSIS/Include/cmsis_gcc.h **** /**
 695:Drivers/CMSIS/Include/cmsis_gcc.h ****   \brief   Get Main Stack Pointer Limit (non-secure)
 696:Drivers/CMSIS/Include/cmsis_gcc.h ****   Devices without ARMv8-M Main Extensions (i.e. Cortex-M23) lack the non-secure
 697:Drivers/CMSIS/Include/cmsis_gcc.h ****   Stack Pointer Limit register hence zero is returned always.
 698:Drivers/CMSIS/Include/cmsis_gcc.h **** 
 699:Drivers/CMSIS/Include/cmsis_gcc.h ****   \details Returns the current value of the non-secure Main Stack Pointer Limit(MSPLIM) when in sec
 700:Drivers/CMSIS/Include/cmsis_gcc.h ****   \return               MSPLIM Register value
 701:Drivers/CMSIS/Include/cmsis_gcc.h ****  */
 702:Drivers/CMSIS/Include/cmsis_gcc.h **** __STATIC_FORCEINLINE uint32_t __TZ_get_MSPLIM_NS(void)
 703:Drivers/CMSIS/Include/cmsis_gcc.h **** {
 704:Drivers/CMSIS/Include/cmsis_gcc.h **** #if (!(defined (__ARM_ARCH_8M_MAIN__ ) && (__ARM_ARCH_8M_MAIN__ == 1)))
 705:Drivers/CMSIS/Include/cmsis_gcc.h ****   // without main extensions, the non-secure MSPLIM is RAZ/WI
 706:Drivers/CMSIS/Include/cmsis_gcc.h ****   return 0U;
 707:Drivers/CMSIS/Include/cmsis_gcc.h **** #else
 708:Drivers/CMSIS/Include/cmsis_gcc.h ****   uint32_t result;
 709:Drivers/CMSIS/Include/cmsis_gcc.h ****   __ASM volatile ("MRS %0, msplim_ns" : "=r" (result) );
 710:Drivers/CMSIS/Include/cmsis_gcc.h ****   return result;
 711:Drivers/CMSIS/Include/cmsis_gcc.h **** #endif
 712:Drivers/CMSIS/Include/cmsis_gcc.h **** }
 713:Drivers/CMSIS/Include/cmsis_gcc.h **** #endif
 714:Drivers/CMSIS/Include/cmsis_gcc.h **** 
 715:Drivers/CMSIS/Include/cmsis_gcc.h **** 
 716:Drivers/CMSIS/Include/cmsis_gcc.h **** /**
 717:Drivers/CMSIS/Include/cmsis_gcc.h ****   \brief   Set Main Stack Pointer Limit
 718:Drivers/CMSIS/Include/cmsis_gcc.h ****   Devices without ARMv8-M Main Extensions (i.e. Cortex-M23) lack the non-secure
 719:Drivers/CMSIS/Include/cmsis_gcc.h ****   Stack Pointer Limit register hence the write is silently ignored in non-secure
 720:Drivers/CMSIS/Include/cmsis_gcc.h ****   mode.
 721:Drivers/CMSIS/Include/cmsis_gcc.h **** 
 722:Drivers/CMSIS/Include/cmsis_gcc.h ****   \details Assigns the given value to the Main Stack Pointer Limit (MSPLIM).
 723:Drivers/CMSIS/Include/cmsis_gcc.h ****   \param [in]    MainStackPtrLimit  Main Stack Pointer Limit value to set
ARM GAS   			page 36


 724:Drivers/CMSIS/Include/cmsis_gcc.h ****  */
 725:Drivers/CMSIS/Include/cmsis_gcc.h **** __STATIC_FORCEINLINE void __set_MSPLIM(uint32_t MainStackPtrLimit)
 726:Drivers/CMSIS/Include/cmsis_gcc.h **** {
 727:Drivers/CMSIS/Include/cmsis_gcc.h **** #if (!(defined (__ARM_ARCH_8M_MAIN__ ) && (__ARM_ARCH_8M_MAIN__ == 1)) && \
 728:Drivers/CMSIS/Include/cmsis_gcc.h ****     (!defined (__ARM_FEATURE_CMSE) || (__ARM_FEATURE_CMSE < 3)))
 729:Drivers/CMSIS/Include/cmsis_gcc.h ****   // without main extensions, the non-secure MSPLIM is RAZ/WI
 730:Drivers/CMSIS/Include/cmsis_gcc.h ****   (void)MainStackPtrLimit;
 731:Drivers/CMSIS/Include/cmsis_gcc.h **** #else
 732:Drivers/CMSIS/Include/cmsis_gcc.h ****   __ASM volatile ("MSR msplim, %0" : : "r" (MainStackPtrLimit));
 733:Drivers/CMSIS/Include/cmsis_gcc.h **** #endif
 734:Drivers/CMSIS/Include/cmsis_gcc.h **** }
 735:Drivers/CMSIS/Include/cmsis_gcc.h **** 
 736:Drivers/CMSIS/Include/cmsis_gcc.h **** 
 737:Drivers/CMSIS/Include/cmsis_gcc.h **** #if (defined (__ARM_FEATURE_CMSE  ) && (__ARM_FEATURE_CMSE   == 3))
 738:Drivers/CMSIS/Include/cmsis_gcc.h **** /**
 739:Drivers/CMSIS/Include/cmsis_gcc.h ****   \brief   Set Main Stack Pointer Limit (non-secure)
 740:Drivers/CMSIS/Include/cmsis_gcc.h ****   Devices without ARMv8-M Main Extensions (i.e. Cortex-M23) lack the non-secure
 741:Drivers/CMSIS/Include/cmsis_gcc.h ****   Stack Pointer Limit register hence the write is silently ignored.
 742:Drivers/CMSIS/Include/cmsis_gcc.h **** 
 743:Drivers/CMSIS/Include/cmsis_gcc.h ****   \details Assigns the given value to the non-secure Main Stack Pointer Limit (MSPLIM) when in secu
 744:Drivers/CMSIS/Include/cmsis_gcc.h ****   \param [in]    MainStackPtrLimit  Main Stack Pointer value to set
 745:Drivers/CMSIS/Include/cmsis_gcc.h ****  */
 746:Drivers/CMSIS/Include/cmsis_gcc.h **** __STATIC_FORCEINLINE void __TZ_set_MSPLIM_NS(uint32_t MainStackPtrLimit)
 747:Drivers/CMSIS/Include/cmsis_gcc.h **** {
 748:Drivers/CMSIS/Include/cmsis_gcc.h **** #if (!(defined (__ARM_ARCH_8M_MAIN__ ) && (__ARM_ARCH_8M_MAIN__ == 1)))
 749:Drivers/CMSIS/Include/cmsis_gcc.h ****   // without main extensions, the non-secure MSPLIM is RAZ/WI
 750:Drivers/CMSIS/Include/cmsis_gcc.h ****   (void)MainStackPtrLimit;
 751:Drivers/CMSIS/Include/cmsis_gcc.h **** #else
 752:Drivers/CMSIS/Include/cmsis_gcc.h ****   __ASM volatile ("MSR msplim_ns, %0" : : "r" (MainStackPtrLimit));
 753:Drivers/CMSIS/Include/cmsis_gcc.h **** #endif
 754:Drivers/CMSIS/Include/cmsis_gcc.h **** }
 755:Drivers/CMSIS/Include/cmsis_gcc.h **** #endif
 756:Drivers/CMSIS/Include/cmsis_gcc.h **** 
 757:Drivers/CMSIS/Include/cmsis_gcc.h **** #endif /* ((defined (__ARM_ARCH_8M_MAIN__ ) && (__ARM_ARCH_8M_MAIN__ == 1)) || \
 758:Drivers/CMSIS/Include/cmsis_gcc.h ****            (defined (__ARM_ARCH_8M_BASE__ ) && (__ARM_ARCH_8M_BASE__ == 1))    ) */
 759:Drivers/CMSIS/Include/cmsis_gcc.h **** 
 760:Drivers/CMSIS/Include/cmsis_gcc.h **** 
 761:Drivers/CMSIS/Include/cmsis_gcc.h **** /**
 762:Drivers/CMSIS/Include/cmsis_gcc.h ****   \brief   Get FPSCR
 763:Drivers/CMSIS/Include/cmsis_gcc.h ****   \details Returns the current value of the Floating Point Status/Control register.
 764:Drivers/CMSIS/Include/cmsis_gcc.h ****   \return               Floating Point Status/Control register value
 765:Drivers/CMSIS/Include/cmsis_gcc.h ****  */
 766:Drivers/CMSIS/Include/cmsis_gcc.h **** __STATIC_FORCEINLINE uint32_t __get_FPSCR(void)
 767:Drivers/CMSIS/Include/cmsis_gcc.h **** {
 768:Drivers/CMSIS/Include/cmsis_gcc.h **** #if ((defined (__FPU_PRESENT) && (__FPU_PRESENT == 1U)) && \
 769:Drivers/CMSIS/Include/cmsis_gcc.h ****      (defined (__FPU_USED   ) && (__FPU_USED    == 1U))     )
 770:Drivers/CMSIS/Include/cmsis_gcc.h **** #if __has_builtin(__builtin_arm_get_fpscr) 
 771:Drivers/CMSIS/Include/cmsis_gcc.h **** // Re-enable using built-in when GCC has been fixed
 772:Drivers/CMSIS/Include/cmsis_gcc.h **** // || (__GNUC__ > 7) || (__GNUC__ == 7 && __GNUC_MINOR__ >= 2)
 773:Drivers/CMSIS/Include/cmsis_gcc.h ****   /* see https://gcc.gnu.org/ml/gcc-patches/2017-04/msg00443.html */
 774:Drivers/CMSIS/Include/cmsis_gcc.h ****   return __builtin_arm_get_fpscr();
 775:Drivers/CMSIS/Include/cmsis_gcc.h **** #else
 776:Drivers/CMSIS/Include/cmsis_gcc.h ****   uint32_t result;
 777:Drivers/CMSIS/Include/cmsis_gcc.h **** 
 778:Drivers/CMSIS/Include/cmsis_gcc.h ****   __ASM volatile ("VMRS %0, fpscr" : "=r" (result) );
 779:Drivers/CMSIS/Include/cmsis_gcc.h ****   return(result);
 780:Drivers/CMSIS/Include/cmsis_gcc.h **** #endif
ARM GAS   			page 37


 781:Drivers/CMSIS/Include/cmsis_gcc.h **** #else
 782:Drivers/CMSIS/Include/cmsis_gcc.h ****   return(0U);
 783:Drivers/CMSIS/Include/cmsis_gcc.h **** #endif
 784:Drivers/CMSIS/Include/cmsis_gcc.h **** }
 785:Drivers/CMSIS/Include/cmsis_gcc.h **** 
 786:Drivers/CMSIS/Include/cmsis_gcc.h **** 
 787:Drivers/CMSIS/Include/cmsis_gcc.h **** /**
 788:Drivers/CMSIS/Include/cmsis_gcc.h ****   \brief   Set FPSCR
 789:Drivers/CMSIS/Include/cmsis_gcc.h ****   \details Assigns the given value to the Floating Point Status/Control register.
 790:Drivers/CMSIS/Include/cmsis_gcc.h ****   \param [in]    fpscr  Floating Point Status/Control value to set
 791:Drivers/CMSIS/Include/cmsis_gcc.h ****  */
 792:Drivers/CMSIS/Include/cmsis_gcc.h **** __STATIC_FORCEINLINE void __set_FPSCR(uint32_t fpscr)
 793:Drivers/CMSIS/Include/cmsis_gcc.h **** {
 794:Drivers/CMSIS/Include/cmsis_gcc.h **** #if ((defined (__FPU_PRESENT) && (__FPU_PRESENT == 1U)) && \
 795:Drivers/CMSIS/Include/cmsis_gcc.h ****      (defined (__FPU_USED   ) && (__FPU_USED    == 1U))     )
 796:Drivers/CMSIS/Include/cmsis_gcc.h **** #if __has_builtin(__builtin_arm_set_fpscr)
 797:Drivers/CMSIS/Include/cmsis_gcc.h **** // Re-enable using built-in when GCC has been fixed
 798:Drivers/CMSIS/Include/cmsis_gcc.h **** // || (__GNUC__ > 7) || (__GNUC__ == 7 && __GNUC_MINOR__ >= 2)
 799:Drivers/CMSIS/Include/cmsis_gcc.h ****   /* see https://gcc.gnu.org/ml/gcc-patches/2017-04/msg00443.html */
 800:Drivers/CMSIS/Include/cmsis_gcc.h ****   __builtin_arm_set_fpscr(fpscr);
 801:Drivers/CMSIS/Include/cmsis_gcc.h **** #else
 802:Drivers/CMSIS/Include/cmsis_gcc.h ****   __ASM volatile ("VMSR fpscr, %0" : : "r" (fpscr) : "vfpcc", "memory");
 803:Drivers/CMSIS/Include/cmsis_gcc.h **** #endif
 804:Drivers/CMSIS/Include/cmsis_gcc.h **** #else
 805:Drivers/CMSIS/Include/cmsis_gcc.h ****   (void)fpscr;
 806:Drivers/CMSIS/Include/cmsis_gcc.h **** #endif
 807:Drivers/CMSIS/Include/cmsis_gcc.h **** }
 808:Drivers/CMSIS/Include/cmsis_gcc.h **** 
 809:Drivers/CMSIS/Include/cmsis_gcc.h **** 
 810:Drivers/CMSIS/Include/cmsis_gcc.h **** /*@} end of CMSIS_Core_RegAccFunctions */
 811:Drivers/CMSIS/Include/cmsis_gcc.h **** 
 812:Drivers/CMSIS/Include/cmsis_gcc.h **** 
 813:Drivers/CMSIS/Include/cmsis_gcc.h **** /* ##########################  Core Instruction Access  ######################### */
 814:Drivers/CMSIS/Include/cmsis_gcc.h **** /** \defgroup CMSIS_Core_InstructionInterface CMSIS Core Instruction Interface
 815:Drivers/CMSIS/Include/cmsis_gcc.h ****   Access to dedicated instructions
 816:Drivers/CMSIS/Include/cmsis_gcc.h ****   @{
 817:Drivers/CMSIS/Include/cmsis_gcc.h **** */
 818:Drivers/CMSIS/Include/cmsis_gcc.h **** 
 819:Drivers/CMSIS/Include/cmsis_gcc.h **** /* Define macros for porting to both thumb1 and thumb2.
 820:Drivers/CMSIS/Include/cmsis_gcc.h ****  * For thumb1, use low register (r0-r7), specified by constraint "l"
 821:Drivers/CMSIS/Include/cmsis_gcc.h ****  * Otherwise, use general registers, specified by constraint "r" */
 822:Drivers/CMSIS/Include/cmsis_gcc.h **** #if defined (__thumb__) && !defined (__thumb2__)
 823:Drivers/CMSIS/Include/cmsis_gcc.h **** #define __CMSIS_GCC_OUT_REG(r) "=l" (r)
 824:Drivers/CMSIS/Include/cmsis_gcc.h **** #define __CMSIS_GCC_RW_REG(r) "+l" (r)
 825:Drivers/CMSIS/Include/cmsis_gcc.h **** #define __CMSIS_GCC_USE_REG(r) "l" (r)
 826:Drivers/CMSIS/Include/cmsis_gcc.h **** #else
 827:Drivers/CMSIS/Include/cmsis_gcc.h **** #define __CMSIS_GCC_OUT_REG(r) "=r" (r)
 828:Drivers/CMSIS/Include/cmsis_gcc.h **** #define __CMSIS_GCC_RW_REG(r) "+r" (r)
 829:Drivers/CMSIS/Include/cmsis_gcc.h **** #define __CMSIS_GCC_USE_REG(r) "r" (r)
 830:Drivers/CMSIS/Include/cmsis_gcc.h **** #endif
 831:Drivers/CMSIS/Include/cmsis_gcc.h **** 
 832:Drivers/CMSIS/Include/cmsis_gcc.h **** /**
 833:Drivers/CMSIS/Include/cmsis_gcc.h ****   \brief   No Operation
 834:Drivers/CMSIS/Include/cmsis_gcc.h ****   \details No Operation does nothing. This instruction can be used for code alignment purposes.
 835:Drivers/CMSIS/Include/cmsis_gcc.h ****  */
 836:Drivers/CMSIS/Include/cmsis_gcc.h **** #define __NOP()                             __ASM volatile ("nop")
 837:Drivers/CMSIS/Include/cmsis_gcc.h **** 
ARM GAS   			page 38


 838:Drivers/CMSIS/Include/cmsis_gcc.h **** /**
 839:Drivers/CMSIS/Include/cmsis_gcc.h ****   \brief   Wait For Interrupt
 840:Drivers/CMSIS/Include/cmsis_gcc.h ****   \details Wait For Interrupt is a hint instruction that suspends execution until one of a number o
 841:Drivers/CMSIS/Include/cmsis_gcc.h ****  */
 842:Drivers/CMSIS/Include/cmsis_gcc.h **** #define __WFI()                             __ASM volatile ("wfi")
 843:Drivers/CMSIS/Include/cmsis_gcc.h **** 
 844:Drivers/CMSIS/Include/cmsis_gcc.h **** 
 845:Drivers/CMSIS/Include/cmsis_gcc.h **** /**
 846:Drivers/CMSIS/Include/cmsis_gcc.h ****   \brief   Wait For Event
 847:Drivers/CMSIS/Include/cmsis_gcc.h ****   \details Wait For Event is a hint instruction that permits the processor to enter
 848:Drivers/CMSIS/Include/cmsis_gcc.h ****            a low-power state until one of a number of events occurs.
 849:Drivers/CMSIS/Include/cmsis_gcc.h ****  */
 850:Drivers/CMSIS/Include/cmsis_gcc.h **** #define __WFE()                             __ASM volatile ("wfe")
 851:Drivers/CMSIS/Include/cmsis_gcc.h **** 
 852:Drivers/CMSIS/Include/cmsis_gcc.h **** 
 853:Drivers/CMSIS/Include/cmsis_gcc.h **** /**
 854:Drivers/CMSIS/Include/cmsis_gcc.h ****   \brief   Send Event
 855:Drivers/CMSIS/Include/cmsis_gcc.h ****   \details Send Event is a hint instruction. It causes an event to be signaled to the CPU.
 856:Drivers/CMSIS/Include/cmsis_gcc.h ****  */
 857:Drivers/CMSIS/Include/cmsis_gcc.h **** #define __SEV()                             __ASM volatile ("sev")
 858:Drivers/CMSIS/Include/cmsis_gcc.h **** 
 859:Drivers/CMSIS/Include/cmsis_gcc.h **** 
 860:Drivers/CMSIS/Include/cmsis_gcc.h **** /**
 861:Drivers/CMSIS/Include/cmsis_gcc.h ****   \brief   Instruction Synchronization Barrier
 862:Drivers/CMSIS/Include/cmsis_gcc.h ****   \details Instruction Synchronization Barrier flushes the pipeline in the processor,
 863:Drivers/CMSIS/Include/cmsis_gcc.h ****            so that all instructions following the ISB are fetched from cache or memory,
 864:Drivers/CMSIS/Include/cmsis_gcc.h ****            after the instruction has been completed.
 865:Drivers/CMSIS/Include/cmsis_gcc.h ****  */
 866:Drivers/CMSIS/Include/cmsis_gcc.h **** __STATIC_FORCEINLINE void __ISB(void)
 867:Drivers/CMSIS/Include/cmsis_gcc.h **** {
 868:Drivers/CMSIS/Include/cmsis_gcc.h ****   __ASM volatile ("isb 0xF":::"memory");
 869:Drivers/CMSIS/Include/cmsis_gcc.h **** }
 870:Drivers/CMSIS/Include/cmsis_gcc.h **** 
 871:Drivers/CMSIS/Include/cmsis_gcc.h **** 
 872:Drivers/CMSIS/Include/cmsis_gcc.h **** /**
 873:Drivers/CMSIS/Include/cmsis_gcc.h ****   \brief   Data Synchronization Barrier
 874:Drivers/CMSIS/Include/cmsis_gcc.h ****   \details Acts as a special kind of Data Memory Barrier.
 875:Drivers/CMSIS/Include/cmsis_gcc.h ****            It completes when all explicit memory accesses before this instruction complete.
 876:Drivers/CMSIS/Include/cmsis_gcc.h ****  */
 877:Drivers/CMSIS/Include/cmsis_gcc.h **** __STATIC_FORCEINLINE void __DSB(void)
 878:Drivers/CMSIS/Include/cmsis_gcc.h **** {
 879:Drivers/CMSIS/Include/cmsis_gcc.h ****   __ASM volatile ("dsb 0xF":::"memory");
 880:Drivers/CMSIS/Include/cmsis_gcc.h **** }
 881:Drivers/CMSIS/Include/cmsis_gcc.h **** 
 882:Drivers/CMSIS/Include/cmsis_gcc.h **** 
 883:Drivers/CMSIS/Include/cmsis_gcc.h **** /**
 884:Drivers/CMSIS/Include/cmsis_gcc.h ****   \brief   Data Memory Barrier
 885:Drivers/CMSIS/Include/cmsis_gcc.h ****   \details Ensures the apparent order of the explicit memory operations before
 886:Drivers/CMSIS/Include/cmsis_gcc.h ****            and after the instruction, without ensuring their completion.
 887:Drivers/CMSIS/Include/cmsis_gcc.h ****  */
 888:Drivers/CMSIS/Include/cmsis_gcc.h **** __STATIC_FORCEINLINE void __DMB(void)
 889:Drivers/CMSIS/Include/cmsis_gcc.h **** {
 890:Drivers/CMSIS/Include/cmsis_gcc.h ****   __ASM volatile ("dmb 0xF":::"memory");
 891:Drivers/CMSIS/Include/cmsis_gcc.h **** }
 892:Drivers/CMSIS/Include/cmsis_gcc.h **** 
 893:Drivers/CMSIS/Include/cmsis_gcc.h **** 
 894:Drivers/CMSIS/Include/cmsis_gcc.h **** /**
ARM GAS   			page 39


 895:Drivers/CMSIS/Include/cmsis_gcc.h ****   \brief   Reverse byte order (32 bit)
 896:Drivers/CMSIS/Include/cmsis_gcc.h ****   \details Reverses the byte order in unsigned integer value. For example, 0x12345678 becomes 0x785
 897:Drivers/CMSIS/Include/cmsis_gcc.h ****   \param [in]    value  Value to reverse
 898:Drivers/CMSIS/Include/cmsis_gcc.h ****   \return               Reversed value
 899:Drivers/CMSIS/Include/cmsis_gcc.h ****  */
 900:Drivers/CMSIS/Include/cmsis_gcc.h **** __STATIC_FORCEINLINE uint32_t __REV(uint32_t value)
 901:Drivers/CMSIS/Include/cmsis_gcc.h **** {
 902:Drivers/CMSIS/Include/cmsis_gcc.h **** #if (__GNUC__ > 4) || (__GNUC__ == 4 && __GNUC_MINOR__ >= 5)
 903:Drivers/CMSIS/Include/cmsis_gcc.h ****   return __builtin_bswap32(value);
 904:Drivers/CMSIS/Include/cmsis_gcc.h **** #else
 905:Drivers/CMSIS/Include/cmsis_gcc.h ****   uint32_t result;
 906:Drivers/CMSIS/Include/cmsis_gcc.h **** 
 907:Drivers/CMSIS/Include/cmsis_gcc.h ****   __ASM volatile ("rev %0, %1" : __CMSIS_GCC_OUT_REG (result) : __CMSIS_GCC_USE_REG (value) );
 908:Drivers/CMSIS/Include/cmsis_gcc.h ****   return result;
 909:Drivers/CMSIS/Include/cmsis_gcc.h **** #endif
 910:Drivers/CMSIS/Include/cmsis_gcc.h **** }
 911:Drivers/CMSIS/Include/cmsis_gcc.h **** 
 912:Drivers/CMSIS/Include/cmsis_gcc.h **** 
 913:Drivers/CMSIS/Include/cmsis_gcc.h **** /**
 914:Drivers/CMSIS/Include/cmsis_gcc.h ****   \brief   Reverse byte order (16 bit)
 915:Drivers/CMSIS/Include/cmsis_gcc.h ****   \details Reverses the byte order within each halfword of a word. For example, 0x12345678 becomes 
 916:Drivers/CMSIS/Include/cmsis_gcc.h ****   \param [in]    value  Value to reverse
 917:Drivers/CMSIS/Include/cmsis_gcc.h ****   \return               Reversed value
 918:Drivers/CMSIS/Include/cmsis_gcc.h ****  */
 919:Drivers/CMSIS/Include/cmsis_gcc.h **** __STATIC_FORCEINLINE uint32_t __REV16(uint32_t value)
 920:Drivers/CMSIS/Include/cmsis_gcc.h **** {
 921:Drivers/CMSIS/Include/cmsis_gcc.h ****   uint32_t result;
 922:Drivers/CMSIS/Include/cmsis_gcc.h **** 
 923:Drivers/CMSIS/Include/cmsis_gcc.h ****   __ASM volatile ("rev16 %0, %1" : __CMSIS_GCC_OUT_REG (result) : __CMSIS_GCC_USE_REG (value) );
 924:Drivers/CMSIS/Include/cmsis_gcc.h ****   return result;
 925:Drivers/CMSIS/Include/cmsis_gcc.h **** }
 926:Drivers/CMSIS/Include/cmsis_gcc.h **** 
 927:Drivers/CMSIS/Include/cmsis_gcc.h **** 
 928:Drivers/CMSIS/Include/cmsis_gcc.h **** /**
 929:Drivers/CMSIS/Include/cmsis_gcc.h ****   \brief   Reverse byte order (16 bit)
 930:Drivers/CMSIS/Include/cmsis_gcc.h ****   \details Reverses the byte order in a 16-bit value and returns the signed 16-bit result. For exam
 931:Drivers/CMSIS/Include/cmsis_gcc.h ****   \param [in]    value  Value to reverse
 932:Drivers/CMSIS/Include/cmsis_gcc.h ****   \return               Reversed value
 933:Drivers/CMSIS/Include/cmsis_gcc.h ****  */
 934:Drivers/CMSIS/Include/cmsis_gcc.h **** __STATIC_FORCEINLINE int16_t __REVSH(int16_t value)
 935:Drivers/CMSIS/Include/cmsis_gcc.h **** {
 936:Drivers/CMSIS/Include/cmsis_gcc.h **** #if (__GNUC__ > 4) || (__GNUC__ == 4 && __GNUC_MINOR__ >= 8)
 937:Drivers/CMSIS/Include/cmsis_gcc.h ****   return (int16_t)__builtin_bswap16(value);
 938:Drivers/CMSIS/Include/cmsis_gcc.h **** #else
 939:Drivers/CMSIS/Include/cmsis_gcc.h ****   int16_t result;
 940:Drivers/CMSIS/Include/cmsis_gcc.h **** 
 941:Drivers/CMSIS/Include/cmsis_gcc.h ****   __ASM volatile ("revsh %0, %1" : __CMSIS_GCC_OUT_REG (result) : __CMSIS_GCC_USE_REG (value) );
 942:Drivers/CMSIS/Include/cmsis_gcc.h ****   return result;
 943:Drivers/CMSIS/Include/cmsis_gcc.h **** #endif
 944:Drivers/CMSIS/Include/cmsis_gcc.h **** }
 945:Drivers/CMSIS/Include/cmsis_gcc.h **** 
 946:Drivers/CMSIS/Include/cmsis_gcc.h **** 
 947:Drivers/CMSIS/Include/cmsis_gcc.h **** /**
 948:Drivers/CMSIS/Include/cmsis_gcc.h ****   \brief   Rotate Right in unsigned value (32 bit)
 949:Drivers/CMSIS/Include/cmsis_gcc.h ****   \details Rotate Right (immediate) provides the value of the contents of a register rotated by a v
 950:Drivers/CMSIS/Include/cmsis_gcc.h ****   \param [in]    op1  Value to rotate
 951:Drivers/CMSIS/Include/cmsis_gcc.h ****   \param [in]    op2  Number of Bits to rotate
ARM GAS   			page 40


 952:Drivers/CMSIS/Include/cmsis_gcc.h ****   \return               Rotated value
 953:Drivers/CMSIS/Include/cmsis_gcc.h ****  */
 954:Drivers/CMSIS/Include/cmsis_gcc.h **** __STATIC_FORCEINLINE uint32_t __ROR(uint32_t op1, uint32_t op2)
 955:Drivers/CMSIS/Include/cmsis_gcc.h **** {
 956:Drivers/CMSIS/Include/cmsis_gcc.h ****   op2 %= 32U;
 957:Drivers/CMSIS/Include/cmsis_gcc.h ****   if (op2 == 0U)
 958:Drivers/CMSIS/Include/cmsis_gcc.h ****   {
 959:Drivers/CMSIS/Include/cmsis_gcc.h ****     return op1;
 960:Drivers/CMSIS/Include/cmsis_gcc.h ****   }
 961:Drivers/CMSIS/Include/cmsis_gcc.h ****   return (op1 >> op2) | (op1 << (32U - op2));
 962:Drivers/CMSIS/Include/cmsis_gcc.h **** }
 963:Drivers/CMSIS/Include/cmsis_gcc.h **** 
 964:Drivers/CMSIS/Include/cmsis_gcc.h **** 
 965:Drivers/CMSIS/Include/cmsis_gcc.h **** /**
 966:Drivers/CMSIS/Include/cmsis_gcc.h ****   \brief   Breakpoint
 967:Drivers/CMSIS/Include/cmsis_gcc.h ****   \details Causes the processor to enter Debug state.
 968:Drivers/CMSIS/Include/cmsis_gcc.h ****            Debug tools can use this to investigate system state when the instruction at a particula
 969:Drivers/CMSIS/Include/cmsis_gcc.h ****   \param [in]    value  is ignored by the processor.
 970:Drivers/CMSIS/Include/cmsis_gcc.h ****                  If required, a debugger can use it to store additional information about the break
 971:Drivers/CMSIS/Include/cmsis_gcc.h ****  */
 972:Drivers/CMSIS/Include/cmsis_gcc.h **** #define __BKPT(value)                       __ASM volatile ("bkpt "#value)
 973:Drivers/CMSIS/Include/cmsis_gcc.h **** 
 974:Drivers/CMSIS/Include/cmsis_gcc.h **** 
 975:Drivers/CMSIS/Include/cmsis_gcc.h **** /**
 976:Drivers/CMSIS/Include/cmsis_gcc.h ****   \brief   Reverse bit order of value
 977:Drivers/CMSIS/Include/cmsis_gcc.h ****   \details Reverses the bit order of the given value.
 978:Drivers/CMSIS/Include/cmsis_gcc.h ****   \param [in]    value  Value to reverse
 979:Drivers/CMSIS/Include/cmsis_gcc.h ****   \return               Reversed value
 980:Drivers/CMSIS/Include/cmsis_gcc.h ****  */
 981:Drivers/CMSIS/Include/cmsis_gcc.h **** __STATIC_FORCEINLINE uint32_t __RBIT(uint32_t value)
 982:Drivers/CMSIS/Include/cmsis_gcc.h **** {
 983:Drivers/CMSIS/Include/cmsis_gcc.h ****   uint32_t result;
 984:Drivers/CMSIS/Include/cmsis_gcc.h **** 
 985:Drivers/CMSIS/Include/cmsis_gcc.h **** #if ((defined (__ARM_ARCH_7M__      ) && (__ARM_ARCH_7M__      == 1)) || \
 986:Drivers/CMSIS/Include/cmsis_gcc.h ****      (defined (__ARM_ARCH_7EM__     ) && (__ARM_ARCH_7EM__     == 1)) || \
 987:Drivers/CMSIS/Include/cmsis_gcc.h ****      (defined (__ARM_ARCH_8M_MAIN__ ) && (__ARM_ARCH_8M_MAIN__ == 1))    )
 988:Drivers/CMSIS/Include/cmsis_gcc.h ****    __ASM volatile ("rbit %0, %1" : "=r" (result) : "r" (value) );
 989:Drivers/CMSIS/Include/cmsis_gcc.h **** #else
 990:Drivers/CMSIS/Include/cmsis_gcc.h ****   uint32_t s = (4U /*sizeof(v)*/ * 8U) - 1U; /* extra shift needed at end */
 991:Drivers/CMSIS/Include/cmsis_gcc.h **** 
 992:Drivers/CMSIS/Include/cmsis_gcc.h ****   result = value;                      /* r will be reversed bits of v; first get LSB of v */
 993:Drivers/CMSIS/Include/cmsis_gcc.h ****   for (value >>= 1U; value != 0U; value >>= 1U)
 994:Drivers/CMSIS/Include/cmsis_gcc.h ****   {
 995:Drivers/CMSIS/Include/cmsis_gcc.h ****     result <<= 1U;
 996:Drivers/CMSIS/Include/cmsis_gcc.h ****     result |= value & 1U;
 997:Drivers/CMSIS/Include/cmsis_gcc.h ****     s--;
 998:Drivers/CMSIS/Include/cmsis_gcc.h ****   }
 999:Drivers/CMSIS/Include/cmsis_gcc.h ****   result <<= s;                        /* shift when v's highest bits are zero */
1000:Drivers/CMSIS/Include/cmsis_gcc.h **** #endif
1001:Drivers/CMSIS/Include/cmsis_gcc.h ****   return result;
1002:Drivers/CMSIS/Include/cmsis_gcc.h **** }
1003:Drivers/CMSIS/Include/cmsis_gcc.h **** 
1004:Drivers/CMSIS/Include/cmsis_gcc.h **** 
1005:Drivers/CMSIS/Include/cmsis_gcc.h **** /**
1006:Drivers/CMSIS/Include/cmsis_gcc.h ****   \brief   Count leading zeros
1007:Drivers/CMSIS/Include/cmsis_gcc.h ****   \details Counts the number of leading zeros of a data value.
1008:Drivers/CMSIS/Include/cmsis_gcc.h ****   \param [in]  value  Value to count the leading zeros
ARM GAS   			page 41


1009:Drivers/CMSIS/Include/cmsis_gcc.h ****   \return             number of leading zeros in value
1010:Drivers/CMSIS/Include/cmsis_gcc.h ****  */
1011:Drivers/CMSIS/Include/cmsis_gcc.h **** #define __CLZ             (uint8_t)__builtin_clz
1012:Drivers/CMSIS/Include/cmsis_gcc.h **** 
1013:Drivers/CMSIS/Include/cmsis_gcc.h **** 
1014:Drivers/CMSIS/Include/cmsis_gcc.h **** #if ((defined (__ARM_ARCH_7M__      ) && (__ARM_ARCH_7M__      == 1)) || \
1015:Drivers/CMSIS/Include/cmsis_gcc.h ****      (defined (__ARM_ARCH_7EM__     ) && (__ARM_ARCH_7EM__     == 1)) || \
1016:Drivers/CMSIS/Include/cmsis_gcc.h ****      (defined (__ARM_ARCH_8M_MAIN__ ) && (__ARM_ARCH_8M_MAIN__ == 1)) || \
1017:Drivers/CMSIS/Include/cmsis_gcc.h ****      (defined (__ARM_ARCH_8M_BASE__ ) && (__ARM_ARCH_8M_BASE__ == 1))    )
1018:Drivers/CMSIS/Include/cmsis_gcc.h **** /**
1019:Drivers/CMSIS/Include/cmsis_gcc.h ****   \brief   LDR Exclusive (8 bit)
1020:Drivers/CMSIS/Include/cmsis_gcc.h ****   \details Executes a exclusive LDR instruction for 8 bit value.
1021:Drivers/CMSIS/Include/cmsis_gcc.h ****   \param [in]    ptr  Pointer to data
1022:Drivers/CMSIS/Include/cmsis_gcc.h ****   \return             value of type uint8_t at (*ptr)
1023:Drivers/CMSIS/Include/cmsis_gcc.h ****  */
1024:Drivers/CMSIS/Include/cmsis_gcc.h **** __STATIC_FORCEINLINE uint8_t __LDREXB(volatile uint8_t *addr)
1025:Drivers/CMSIS/Include/cmsis_gcc.h **** {
1026:Drivers/CMSIS/Include/cmsis_gcc.h ****     uint32_t result;
1027:Drivers/CMSIS/Include/cmsis_gcc.h **** 
1028:Drivers/CMSIS/Include/cmsis_gcc.h **** #if (__GNUC__ > 4) || (__GNUC__ == 4 && __GNUC_MINOR__ >= 8)
1029:Drivers/CMSIS/Include/cmsis_gcc.h ****    __ASM volatile ("ldrexb %0, %1" : "=r" (result) : "Q" (*addr) );
1030:Drivers/CMSIS/Include/cmsis_gcc.h **** #else
1031:Drivers/CMSIS/Include/cmsis_gcc.h ****     /* Prior to GCC 4.8, "Q" will be expanded to [rx, #0] which is not
1032:Drivers/CMSIS/Include/cmsis_gcc.h ****        accepted by assembler. So has to use following less efficient pattern.
1033:Drivers/CMSIS/Include/cmsis_gcc.h ****     */
1034:Drivers/CMSIS/Include/cmsis_gcc.h ****    __ASM volatile ("ldrexb %0, [%1]" : "=r" (result) : "r" (addr) : "memory" );
1035:Drivers/CMSIS/Include/cmsis_gcc.h **** #endif
1036:Drivers/CMSIS/Include/cmsis_gcc.h ****    return ((uint8_t) result);    /* Add explicit type cast here */
1037:Drivers/CMSIS/Include/cmsis_gcc.h **** }
1038:Drivers/CMSIS/Include/cmsis_gcc.h **** 
1039:Drivers/CMSIS/Include/cmsis_gcc.h **** 
1040:Drivers/CMSIS/Include/cmsis_gcc.h **** /**
1041:Drivers/CMSIS/Include/cmsis_gcc.h ****   \brief   LDR Exclusive (16 bit)
1042:Drivers/CMSIS/Include/cmsis_gcc.h ****   \details Executes a exclusive LDR instruction for 16 bit values.
1043:Drivers/CMSIS/Include/cmsis_gcc.h ****   \param [in]    ptr  Pointer to data
1044:Drivers/CMSIS/Include/cmsis_gcc.h ****   \return        value of type uint16_t at (*ptr)
1045:Drivers/CMSIS/Include/cmsis_gcc.h ****  */
1046:Drivers/CMSIS/Include/cmsis_gcc.h **** __STATIC_FORCEINLINE uint16_t __LDREXH(volatile uint16_t *addr)
1047:Drivers/CMSIS/Include/cmsis_gcc.h **** {
1048:Drivers/CMSIS/Include/cmsis_gcc.h ****     uint32_t result;
1049:Drivers/CMSIS/Include/cmsis_gcc.h **** 
1050:Drivers/CMSIS/Include/cmsis_gcc.h **** #if (__GNUC__ > 4) || (__GNUC__ == 4 && __GNUC_MINOR__ >= 8)
1051:Drivers/CMSIS/Include/cmsis_gcc.h ****    __ASM volatile ("ldrexh %0, %1" : "=r" (result) : "Q" (*addr) );
1052:Drivers/CMSIS/Include/cmsis_gcc.h **** #else
1053:Drivers/CMSIS/Include/cmsis_gcc.h ****     /* Prior to GCC 4.8, "Q" will be expanded to [rx, #0] which is not
1054:Drivers/CMSIS/Include/cmsis_gcc.h ****        accepted by assembler. So has to use following less efficient pattern.
1055:Drivers/CMSIS/Include/cmsis_gcc.h ****     */
1056:Drivers/CMSIS/Include/cmsis_gcc.h ****    __ASM volatile ("ldrexh %0, [%1]" : "=r" (result) : "r" (addr) : "memory" );
1057:Drivers/CMSIS/Include/cmsis_gcc.h **** #endif
1058:Drivers/CMSIS/Include/cmsis_gcc.h ****    return ((uint16_t) result);    /* Add explicit type cast here */
1059:Drivers/CMSIS/Include/cmsis_gcc.h **** }
1060:Drivers/CMSIS/Include/cmsis_gcc.h **** 
1061:Drivers/CMSIS/Include/cmsis_gcc.h **** 
1062:Drivers/CMSIS/Include/cmsis_gcc.h **** /**
1063:Drivers/CMSIS/Include/cmsis_gcc.h ****   \brief   LDR Exclusive (32 bit)
1064:Drivers/CMSIS/Include/cmsis_gcc.h ****   \details Executes a exclusive LDR instruction for 32 bit values.
1065:Drivers/CMSIS/Include/cmsis_gcc.h ****   \param [in]    ptr  Pointer to data
ARM GAS   			page 42


1066:Drivers/CMSIS/Include/cmsis_gcc.h ****   \return        value of type uint32_t at (*ptr)
1067:Drivers/CMSIS/Include/cmsis_gcc.h ****  */
1068:Drivers/CMSIS/Include/cmsis_gcc.h **** __STATIC_FORCEINLINE uint32_t __LDREXW(volatile uint32_t *addr)
 460              	 .loc 2 1068 31 discriminator 1 view .LVU128
 461              	.LBB29:
1069:Drivers/CMSIS/Include/cmsis_gcc.h **** {
1070:Drivers/CMSIS/Include/cmsis_gcc.h ****     uint32_t result;
 462              	 .loc 2 1070 5 discriminator 1 view .LVU129
1071:Drivers/CMSIS/Include/cmsis_gcc.h **** 
1072:Drivers/CMSIS/Include/cmsis_gcc.h ****    __ASM volatile ("ldrex %0, %1" : "=r" (result) : "Q" (*addr) );
 463              	 .loc 2 1072 4 discriminator 1 view .LVU130
 464              	 .syntax unified
 465              	
 466 0010 51E8003F 	 ldrex r3,[r1]
 467              	
 468              	.LVL36:
1073:Drivers/CMSIS/Include/cmsis_gcc.h ****    return(result);
 469              	 .loc 2 1073 4 discriminator 1 view .LVU131
 470              	 .loc 2 1073 4 is_stmt 0 discriminator 1 view .LVU132
 471              	 .thumb
 472              	 .syntax unified
 473              	.LBE29:
 474              	.LBE28:
 431:Drivers/STM32F3xx_HAL_Driver/Src/stm32f3xx_hal_uart_ex.c **** 
 475              	 .loc 1 431 3 discriminator 1 view .LVU133
 476 0014 43F00203 	 orr r3,r3,#2
 477              	.LVL37:
 431:Drivers/STM32F3xx_HAL_Driver/Src/stm32f3xx_hal_uart_ex.c **** 
 478              	 .loc 1 431 3 is_stmt 1 discriminator 1 view .LVU134
 479              	.LBB30:
 480              	.LBI30:
1074:Drivers/CMSIS/Include/cmsis_gcc.h **** }
1075:Drivers/CMSIS/Include/cmsis_gcc.h **** 
1076:Drivers/CMSIS/Include/cmsis_gcc.h **** 
1077:Drivers/CMSIS/Include/cmsis_gcc.h **** /**
1078:Drivers/CMSIS/Include/cmsis_gcc.h ****   \brief   STR Exclusive (8 bit)
1079:Drivers/CMSIS/Include/cmsis_gcc.h ****   \details Executes a exclusive STR instruction for 8 bit values.
1080:Drivers/CMSIS/Include/cmsis_gcc.h ****   \param [in]  value  Value to store
1081:Drivers/CMSIS/Include/cmsis_gcc.h ****   \param [in]    ptr  Pointer to location
1082:Drivers/CMSIS/Include/cmsis_gcc.h ****   \return          0  Function succeeded
1083:Drivers/CMSIS/Include/cmsis_gcc.h ****   \return          1  Function failed
1084:Drivers/CMSIS/Include/cmsis_gcc.h ****  */
1085:Drivers/CMSIS/Include/cmsis_gcc.h **** __STATIC_FORCEINLINE uint32_t __STREXB(uint8_t value, volatile uint8_t *addr)
1086:Drivers/CMSIS/Include/cmsis_gcc.h **** {
1087:Drivers/CMSIS/Include/cmsis_gcc.h ****    uint32_t result;
1088:Drivers/CMSIS/Include/cmsis_gcc.h **** 
1089:Drivers/CMSIS/Include/cmsis_gcc.h ****    __ASM volatile ("strexb %0, %2, %1" : "=&r" (result), "=Q" (*addr) : "r" ((uint32_t)value) );
1090:Drivers/CMSIS/Include/cmsis_gcc.h ****    return(result);
1091:Drivers/CMSIS/Include/cmsis_gcc.h **** }
1092:Drivers/CMSIS/Include/cmsis_gcc.h **** 
1093:Drivers/CMSIS/Include/cmsis_gcc.h **** 
1094:Drivers/CMSIS/Include/cmsis_gcc.h **** /**
1095:Drivers/CMSIS/Include/cmsis_gcc.h ****   \brief   STR Exclusive (16 bit)
1096:Drivers/CMSIS/Include/cmsis_gcc.h ****   \details Executes a exclusive STR instruction for 16 bit values.
1097:Drivers/CMSIS/Include/cmsis_gcc.h ****   \param [in]  value  Value to store
1098:Drivers/CMSIS/Include/cmsis_gcc.h ****   \param [in]    ptr  Pointer to location
1099:Drivers/CMSIS/Include/cmsis_gcc.h ****   \return          0  Function succeeded
ARM GAS   			page 43


1100:Drivers/CMSIS/Include/cmsis_gcc.h ****   \return          1  Function failed
1101:Drivers/CMSIS/Include/cmsis_gcc.h ****  */
1102:Drivers/CMSIS/Include/cmsis_gcc.h **** __STATIC_FORCEINLINE uint32_t __STREXH(uint16_t value, volatile uint16_t *addr)
1103:Drivers/CMSIS/Include/cmsis_gcc.h **** {
1104:Drivers/CMSIS/Include/cmsis_gcc.h ****    uint32_t result;
1105:Drivers/CMSIS/Include/cmsis_gcc.h **** 
1106:Drivers/CMSIS/Include/cmsis_gcc.h ****    __ASM volatile ("strexh %0, %2, %1" : "=&r" (result), "=Q" (*addr) : "r" ((uint32_t)value) );
1107:Drivers/CMSIS/Include/cmsis_gcc.h ****    return(result);
1108:Drivers/CMSIS/Include/cmsis_gcc.h **** }
1109:Drivers/CMSIS/Include/cmsis_gcc.h **** 
1110:Drivers/CMSIS/Include/cmsis_gcc.h **** 
1111:Drivers/CMSIS/Include/cmsis_gcc.h **** /**
1112:Drivers/CMSIS/Include/cmsis_gcc.h ****   \brief   STR Exclusive (32 bit)
1113:Drivers/CMSIS/Include/cmsis_gcc.h ****   \details Executes a exclusive STR instruction for 32 bit values.
1114:Drivers/CMSIS/Include/cmsis_gcc.h ****   \param [in]  value  Value to store
1115:Drivers/CMSIS/Include/cmsis_gcc.h ****   \param [in]    ptr  Pointer to location
1116:Drivers/CMSIS/Include/cmsis_gcc.h ****   \return          0  Function succeeded
1117:Drivers/CMSIS/Include/cmsis_gcc.h ****   \return          1  Function failed
1118:Drivers/CMSIS/Include/cmsis_gcc.h ****  */
1119:Drivers/CMSIS/Include/cmsis_gcc.h **** __STATIC_FORCEINLINE uint32_t __STREXW(uint32_t value, volatile uint32_t *addr)
 481              	 .loc 2 1119 31 discriminator 1 view .LVU135
 482              	.LBB31:
1120:Drivers/CMSIS/Include/cmsis_gcc.h **** {
1121:Drivers/CMSIS/Include/cmsis_gcc.h ****    uint32_t result;
 483              	 .loc 2 1121 4 discriminator 1 view .LVU136
1122:Drivers/CMSIS/Include/cmsis_gcc.h **** 
1123:Drivers/CMSIS/Include/cmsis_gcc.h ****    __ASM volatile ("strex %0, %2, %1" : "=&r" (result), "=Q" (*addr) : "r" (value) );
 484              	 .loc 2 1123 4 discriminator 1 view .LVU137
 485              	 .syntax unified
 486              	
 487 0018 41E80032 	 strex r2,r3,[r1]
 488              	
 489              	.LVL38:
1124:Drivers/CMSIS/Include/cmsis_gcc.h ****    return(result);
 490              	 .loc 2 1124 4 discriminator 1 view .LVU138
 491              	 .loc 2 1124 4 is_stmt 0 discriminator 1 view .LVU139
 492              	 .thumb
 493              	 .syntax unified
 494              	.LBE31:
 495              	.LBE30:
 431:Drivers/STM32F3xx_HAL_Driver/Src/stm32f3xx_hal_uart_ex.c **** 
 496              	 .loc 1 431 3 discriminator 1 view .LVU140
 497 001c 002A     	 cmp r2,#0
 498 001e F7D1     	 bne .L35
 499              	.LBE27:
 431:Drivers/STM32F3xx_HAL_Driver/Src/stm32f3xx_hal_uart_ex.c **** 
 500              	 .loc 1 431 3 is_stmt 1 discriminator 2 view .LVU141
 434:Drivers/STM32F3xx_HAL_Driver/Src/stm32f3xx_hal_uart_ex.c **** 
 501              	 .loc 1 434 3 discriminator 2 view .LVU142
 434:Drivers/STM32F3xx_HAL_Driver/Src/stm32f3xx_hal_uart_ex.c **** 
 502              	 .loc 1 434 3 discriminator 2 view .LVU143
 503 0020 80F87820 	 strb r2,[r0,#120]
 434:Drivers/STM32F3xx_HAL_Driver/Src/stm32f3xx_hal_uart_ex.c **** 
 504              	 .loc 1 434 3 discriminator 2 view .LVU144
 436:Drivers/STM32F3xx_HAL_Driver/Src/stm32f3xx_hal_uart_ex.c **** }
 505              	 .loc 1 436 3 discriminator 2 view .LVU145
 436:Drivers/STM32F3xx_HAL_Driver/Src/stm32f3xx_hal_uart_ex.c **** }
ARM GAS   			page 44


 506              	 .loc 1 436 10 is_stmt 0 discriminator 2 view .LVU146
 507 0024 1046     	 mov r0,r2
 508              	.LVL39:
 436:Drivers/STM32F3xx_HAL_Driver/Src/stm32f3xx_hal_uart_ex.c **** }
 509              	 .loc 1 436 10 discriminator 2 view .LVU147
 510 0026 7047     	 bx lr
 511              	.LVL40:
 512              	.L36:
 428:Drivers/STM32F3xx_HAL_Driver/Src/stm32f3xx_hal_uart_ex.c **** 
 513              	 .loc 1 428 3 view .LVU148
 514 0028 0220     	 movs r0,#2
 515              	.LVL41:
 437:Drivers/STM32F3xx_HAL_Driver/Src/stm32f3xx_hal_uart_ex.c **** 
 516              	 .loc 1 437 1 view .LVU149
 517 002a 7047     	 bx lr
 518              	 .cfi_endproc
 519              	.LFE127:
 521              	 .section .text.HAL_UARTEx_DisableStopMode,"ax",%progbits
 522              	 .align 1
 523              	 .p2align 2,,3
 524              	 .global HAL_UARTEx_DisableStopMode
 525              	 .syntax unified
 526              	 .thumb
 527              	 .thumb_func
 528              	 .fpu fpv4-sp-d16
 530              	HAL_UARTEx_DisableStopMode:
 531              	.LVL42:
 532              	.LFB128:
 445:Drivers/STM32F3xx_HAL_Driver/Src/stm32f3xx_hal_uart_ex.c ****   /* Process Locked */
 533              	 .loc 1 445 1 is_stmt 1 view-0
 534              	 .cfi_startproc
 535              	 
 536              	 
 537              	 
 447:Drivers/STM32F3xx_HAL_Driver/Src/stm32f3xx_hal_uart_ex.c **** 
 538              	 .loc 1 447 3 view .LVU151
 447:Drivers/STM32F3xx_HAL_Driver/Src/stm32f3xx_hal_uart_ex.c **** 
 539              	 .loc 1 447 3 view .LVU152
 540 0000 90F87830 	 ldrb r3,[r0,#120]
 541 0004 012B     	 cmp r3,#1
 542 0006 0FD0     	 beq .L41
 447:Drivers/STM32F3xx_HAL_Driver/Src/stm32f3xx_hal_uart_ex.c **** 
 543              	 .loc 1 447 3 discriminator 2 view .LVU153
 544 0008 0123     	 movs r3,#1
 545 000a 0168     	 ldr r1,[r0]
 546 000c 80F87830 	 strb r3,[r0,#120]
 547              	.L40:
 447:Drivers/STM32F3xx_HAL_Driver/Src/stm32f3xx_hal_uart_ex.c **** 
 548              	 .loc 1 447 3 discriminator 1 view .LVU154
 450:Drivers/STM32F3xx_HAL_Driver/Src/stm32f3xx_hal_uart_ex.c **** 
 549              	 .loc 1 450 3 discriminator 1 view .LVU155
 550              	.LBB32:
 450:Drivers/STM32F3xx_HAL_Driver/Src/stm32f3xx_hal_uart_ex.c **** 
 551              	 .loc 1 450 3 discriminator 1 view .LVU156
 450:Drivers/STM32F3xx_HAL_Driver/Src/stm32f3xx_hal_uart_ex.c **** 
 552              	 .loc 1 450 3 discriminator 1 view .LVU157
 450:Drivers/STM32F3xx_HAL_Driver/Src/stm32f3xx_hal_uart_ex.c **** 
ARM GAS   			page 45


 553              	 .loc 1 450 3 discriminator 1 view .LVU158
 554              	.LVL43:
 555              	.LBB33:
 556              	.LBI33:
1068:Drivers/CMSIS/Include/cmsis_gcc.h **** {
 557              	 .loc 2 1068 31 discriminator 1 view .LVU159
 558              	.LBB34:
1070:Drivers/CMSIS/Include/cmsis_gcc.h **** 
 559              	 .loc 2 1070 5 discriminator 1 view .LVU160
1072:Drivers/CMSIS/Include/cmsis_gcc.h ****    return(result);
 560              	 .loc 2 1072 4 discriminator 1 view .LVU161
 561              	 .syntax unified
 562              	
 563 0010 51E8003F 	 ldrex r3,[r1]
 564              	
 565              	.LVL44:
1073:Drivers/CMSIS/Include/cmsis_gcc.h **** }
 566              	 .loc 2 1073 4 discriminator 1 view .LVU162
1073:Drivers/CMSIS/Include/cmsis_gcc.h **** }
 567              	 .loc 2 1073 4 is_stmt 0 discriminator 1 view .LVU163
 568              	 .thumb
 569              	 .syntax unified
 570              	.LBE34:
 571              	.LBE33:
 450:Drivers/STM32F3xx_HAL_Driver/Src/stm32f3xx_hal_uart_ex.c **** 
 572              	 .loc 1 450 3 discriminator 1 view .LVU164
 573 0014 23F00203 	 bic r3,r3,#2
 574              	.LVL45:
 450:Drivers/STM32F3xx_HAL_Driver/Src/stm32f3xx_hal_uart_ex.c **** 
 575              	 .loc 1 450 3 is_stmt 1 discriminator 1 view .LVU165
 576              	.LBB35:
 577              	.LBI35:
1119:Drivers/CMSIS/Include/cmsis_gcc.h **** {
 578              	 .loc 2 1119 31 discriminator 1 view .LVU166
 579              	.LBB36:
1121:Drivers/CMSIS/Include/cmsis_gcc.h **** 
 580              	 .loc 2 1121 4 discriminator 1 view .LVU167
1123:Drivers/CMSIS/Include/cmsis_gcc.h ****    return(result);
 581              	 .loc 2 1123 4 discriminator 1 view .LVU168
 582              	 .syntax unified
 583              	
 584 0018 41E80032 	 strex r2,r3,[r1]
 585              	
 586              	.LVL46:
 587              	 .loc 2 1124 4 discriminator 1 view .LVU169
 588              	 .loc 2 1124 4 is_stmt 0 discriminator 1 view .LVU170
 589              	 .thumb
 590              	 .syntax unified
 591              	.LBE36:
 592              	.LBE35:
 450:Drivers/STM32F3xx_HAL_Driver/Src/stm32f3xx_hal_uart_ex.c **** 
 593              	 .loc 1 450 3 discriminator 1 view .LVU171
 594 001c 002A     	 cmp r2,#0
 595 001e F7D1     	 bne .L40
 596              	.LBE32:
 450:Drivers/STM32F3xx_HAL_Driver/Src/stm32f3xx_hal_uart_ex.c **** 
 597              	 .loc 1 450 3 is_stmt 1 discriminator 2 view .LVU172
ARM GAS   			page 46


 453:Drivers/STM32F3xx_HAL_Driver/Src/stm32f3xx_hal_uart_ex.c **** 
 598              	 .loc 1 453 3 discriminator 2 view .LVU173
 453:Drivers/STM32F3xx_HAL_Driver/Src/stm32f3xx_hal_uart_ex.c **** 
 599              	 .loc 1 453 3 discriminator 2 view .LVU174
 600 0020 80F87820 	 strb r2,[r0,#120]
 453:Drivers/STM32F3xx_HAL_Driver/Src/stm32f3xx_hal_uart_ex.c **** 
 601              	 .loc 1 453 3 discriminator 2 view .LVU175
 455:Drivers/STM32F3xx_HAL_Driver/Src/stm32f3xx_hal_uart_ex.c **** }
 602              	 .loc 1 455 3 discriminator 2 view .LVU176
 455:Drivers/STM32F3xx_HAL_Driver/Src/stm32f3xx_hal_uart_ex.c **** }
 603              	 .loc 1 455 10 is_stmt 0 discriminator 2 view .LVU177
 604 0024 1046     	 mov r0,r2
 605              	.LVL47:
 455:Drivers/STM32F3xx_HAL_Driver/Src/stm32f3xx_hal_uart_ex.c **** }
 606              	 .loc 1 455 10 discriminator 2 view .LVU178
 607 0026 7047     	 bx lr
 608              	.LVL48:
 609              	.L41:
 447:Drivers/STM32F3xx_HAL_Driver/Src/stm32f3xx_hal_uart_ex.c **** 
 610              	 .loc 1 447 3 view .LVU179
 611 0028 0220     	 movs r0,#2
 612              	.LVL49:
 456:Drivers/STM32F3xx_HAL_Driver/Src/stm32f3xx_hal_uart_ex.c **** 
 613              	 .loc 1 456 1 view .LVU180
 614 002a 7047     	 bx lr
 615              	 .cfi_endproc
 616              	.LFE128:
 618              	 .section .text.HAL_UARTEx_ReceiveToIdle,"ax",%progbits
 619              	 .align 1
 620              	 .p2align 2,,3
 621              	 .global HAL_UARTEx_ReceiveToIdle
 622              	 .syntax unified
 623              	 .thumb
 624              	 .thumb_func
 625              	 .fpu fpv4-sp-d16
 627              	HAL_UARTEx_ReceiveToIdle:
 628              	.LVL50:
 629              	.LFB129:
 477:Drivers/STM32F3xx_HAL_Driver/Src/stm32f3xx_hal_uart_ex.c ****   uint8_t  *pdata8bits;
 630              	 .loc 1 477 1 is_stmt 1 view-0
 631              	 .cfi_startproc
 632              	 
 633              	 
 478:Drivers/STM32F3xx_HAL_Driver/Src/stm32f3xx_hal_uart_ex.c ****   uint16_t *pdata16bits;
 634              	 .loc 1 478 3 view .LVU182
 479:Drivers/STM32F3xx_HAL_Driver/Src/stm32f3xx_hal_uart_ex.c ****   uint16_t uhMask;
 635              	 .loc 1 479 3 view .LVU183
 480:Drivers/STM32F3xx_HAL_Driver/Src/stm32f3xx_hal_uart_ex.c ****   uint32_t tickstart;
 636              	 .loc 1 480 3 view .LVU184
 481:Drivers/STM32F3xx_HAL_Driver/Src/stm32f3xx_hal_uart_ex.c **** 
 637              	 .loc 1 481 3 view .LVU185
 484:Drivers/STM32F3xx_HAL_Driver/Src/stm32f3xx_hal_uart_ex.c ****   {
 638              	 .loc 1 484 3 view .LVU186
 477:Drivers/STM32F3xx_HAL_Driver/Src/stm32f3xx_hal_uart_ex.c ****   uint8_t  *pdata8bits;
 639              	 .loc 1 477 1 is_stmt 0 view .LVU187
 640 0000 2DE9F84F 	 push {r3,r4,r5,r6,r7,r8,r9,r10,fp,lr}
 641              	 .cfi_def_cfa_offset 40
ARM GAS   			page 47


 642              	 .cfi_offset 3,-40
 643              	 .cfi_offset 4,-36
 644              	 .cfi_offset 5,-32
 645              	 .cfi_offset 6,-28
 646              	 .cfi_offset 7,-24
 647              	 .cfi_offset 8,-20
 648              	 .cfi_offset 9,-16
 649              	 .cfi_offset 10,-12
 650              	 .cfi_offset 11,-8
 651              	 .cfi_offset 14,-4
 477:Drivers/STM32F3xx_HAL_Driver/Src/stm32f3xx_hal_uart_ex.c ****   uint8_t  *pdata8bits;
 652              	 .loc 1 477 1 view .LVU188
 653 0004 1D46     	 mov r5,r3
 484:Drivers/STM32F3xx_HAL_Driver/Src/stm32f3xx_hal_uart_ex.c ****   {
 654              	 .loc 1 484 12 view .LVU189
 655 0006 D0F88030 	 ldr r3,[r0,#128]
 656              	.LVL51:
 477:Drivers/STM32F3xx_HAL_Driver/Src/stm32f3xx_hal_uart_ex.c ****   uint8_t  *pdata8bits;
 657              	 .loc 1 477 1 view .LVU190
 658 000a DDF82890 	 ldr r9,[sp,#40]
 484:Drivers/STM32F3xx_HAL_Driver/Src/stm32f3xx_hal_uart_ex.c ****   {
 659              	 .loc 1 484 6 view .LVU191
 660 000e 202B     	 cmp r3,#32
 661 0010 64D1     	 bne .L74
 486:Drivers/STM32F3xx_HAL_Driver/Src/stm32f3xx_hal_uart_ex.c ****     {
 662              	 .loc 1 486 5 is_stmt 1 view .LVU192
 663 0012 0E46     	 mov r6,r1
 486:Drivers/STM32F3xx_HAL_Driver/Src/stm32f3xx_hal_uart_ex.c ****     {
 664              	 .loc 1 486 8 is_stmt 0 view .LVU193
 665 0014 09B1     	 cbz r1,.L76
 666 0016 1746     	 mov r7,r2
 486:Drivers/STM32F3xx_HAL_Driver/Src/stm32f3xx_hal_uart_ex.c ****     {
 667              	 .loc 1 486 25 discriminator 1 view .LVU194
 668 0018 12B9     	 cbnz r2,.L106
 669              	.L76:
 488:Drivers/STM32F3xx_HAL_Driver/Src/stm32f3xx_hal_uart_ex.c ****     }
 670              	 .loc 1 488 15 view .LVU195
 671 001a 0120     	 movs r0,#1
 672              	.LVL52:
 673              	.L102:
 582:Drivers/STM32F3xx_HAL_Driver/Src/stm32f3xx_hal_uart_ex.c **** 
 674              	 .loc 1 582 1 view .LVU196
 675 001c BDE8F88F 	 pop {r3,r4,r5,r6,r7,r8,r9,r10,fp,pc}
 676              	.LVL53:
 677              	.L106:
 491:Drivers/STM32F3xx_HAL_Driver/Src/stm32f3xx_hal_uart_ex.c ****     huart->RxState = HAL_UART_STATE_BUSY_RX;
 678              	 .loc 1 491 22 view .LVU197
 679 0020 4FF00008 	 mov r8,#0
 492:Drivers/STM32F3xx_HAL_Driver/Src/stm32f3xx_hal_uart_ex.c ****     huart->ReceptionType = HAL_UART_RECEPTION_TOIDLE;
 680              	 .loc 1 492 20 view .LVU198
 681 0024 2223     	 movs r3,#34
 682 0026 0446     	 mov r4,r0
 491:Drivers/STM32F3xx_HAL_Driver/Src/stm32f3xx_hal_uart_ex.c ****     huart->RxState = HAL_UART_STATE_BUSY_RX;
 683              	 .loc 1 491 5 is_stmt 1 view .LVU199
 491:Drivers/STM32F3xx_HAL_Driver/Src/stm32f3xx_hal_uart_ex.c ****     huart->RxState = HAL_UART_STATE_BUSY_RX;
 684              	 .loc 1 491 22 is_stmt 0 view .LVU200
 685 0028 C0F88480 	 str r8,[r0,#132]
ARM GAS   			page 48


 492:Drivers/STM32F3xx_HAL_Driver/Src/stm32f3xx_hal_uart_ex.c ****     huart->ReceptionType = HAL_UART_RECEPTION_TOIDLE;
 686              	 .loc 1 492 5 is_stmt 1 view .LVU201
 492:Drivers/STM32F3xx_HAL_Driver/Src/stm32f3xx_hal_uart_ex.c ****     huart->ReceptionType = HAL_UART_RECEPTION_TOIDLE;
 687              	 .loc 1 492 20 is_stmt 0 view .LVU202
 688 002c C0F88030 	 str r3,[r0,#128]
 493:Drivers/STM32F3xx_HAL_Driver/Src/stm32f3xx_hal_uart_ex.c ****     huart->RxEventType = HAL_UART_RXEVENT_TC;
 689              	 .loc 1 493 5 is_stmt 1 view .LVU203
 493:Drivers/STM32F3xx_HAL_Driver/Src/stm32f3xx_hal_uart_ex.c ****     huart->RxEventType = HAL_UART_RXEVENT_TC;
 690              	 .loc 1 493 26 is_stmt 0 view .LVU204
 691 0030 0123     	 movs r3,#1
 692 0032 0366     	 str r3,[r0,#96]
 494:Drivers/STM32F3xx_HAL_Driver/Src/stm32f3xx_hal_uart_ex.c **** 
 693              	 .loc 1 494 5 is_stmt 1 view .LVU205
 494:Drivers/STM32F3xx_HAL_Driver/Src/stm32f3xx_hal_uart_ex.c **** 
 694              	 .loc 1 494 24 is_stmt 0 view .LVU206
 695 0034 C0F86480 	 str r8,[r0,#100]
 497:Drivers/STM32F3xx_HAL_Driver/Src/stm32f3xx_hal_uart_ex.c **** 
 696              	 .loc 1 497 5 is_stmt 1 view .LVU207
 497:Drivers/STM32F3xx_HAL_Driver/Src/stm32f3xx_hal_uart_ex.c **** 
 697              	 .loc 1 497 17 is_stmt 0 view .LVU208
 698 0038 FFF7FEFF 	 bl HAL_GetTick
 699              	.LVL54:
 503:Drivers/STM32F3xx_HAL_Driver/Src/stm32f3xx_hal_uart_ex.c ****     uhMask = huart->Mask;
 700              	 .loc 1 503 5 view .LVU209
 701 003c A368     	 ldr r3,[r4,#8]
 499:Drivers/STM32F3xx_HAL_Driver/Src/stm32f3xx_hal_uart_ex.c ****     huart->RxXferCount = Size;
 702              	 .loc 1 499 24 view .LVU210
 703 003e A4F85870 	 strh r7,[r4,#88]
 503:Drivers/STM32F3xx_HAL_Driver/Src/stm32f3xx_hal_uart_ex.c ****     uhMask = huart->Mask;
 704              	 .loc 1 503 5 view .LVU211
 705 0042 B3F5805F 	 cmp r3,#4096
 500:Drivers/STM32F3xx_HAL_Driver/Src/stm32f3xx_hal_uart_ex.c **** 
 706              	 .loc 1 500 24 view .LVU212
 707 0046 A4F85A70 	 strh r7,[r4,#90]
 497:Drivers/STM32F3xx_HAL_Driver/Src/stm32f3xx_hal_uart_ex.c **** 
 708              	 .loc 1 497 17 view .LVU213
 709 004a 8246     	 mov r10,r0
 710              	.LVL55:
 499:Drivers/STM32F3xx_HAL_Driver/Src/stm32f3xx_hal_uart_ex.c ****     huart->RxXferCount = Size;
 711              	 .loc 1 499 5 is_stmt 1 view .LVU214
 500:Drivers/STM32F3xx_HAL_Driver/Src/stm32f3xx_hal_uart_ex.c **** 
 712              	 .loc 1 500 5 view .LVU215
 503:Drivers/STM32F3xx_HAL_Driver/Src/stm32f3xx_hal_uart_ex.c ****     uhMask = huart->Mask;
 713              	 .loc 1 503 5 view .LVU216
 503:Drivers/STM32F3xx_HAL_Driver/Src/stm32f3xx_hal_uart_ex.c ****     uhMask = huart->Mask;
 714              	 .loc 1 503 5 view .LVU217
 715 004c 49D0     	 beq .L107
 503:Drivers/STM32F3xx_HAL_Driver/Src/stm32f3xx_hal_uart_ex.c ****     uhMask = huart->Mask;
 716              	 .loc 1 503 5 discriminator 2 view .LVU218
 717 004e 002B     	 cmp r3,#0
 718 0050 40F09B80 	 bne .L48
 503:Drivers/STM32F3xx_HAL_Driver/Src/stm32f3xx_hal_uart_ex.c ****     uhMask = huart->Mask;
 719              	 .loc 1 503 5 discriminator 5 view .LVU219
 720 0054 2369     	 ldr r3,[r4,#16]
 721 0056 002B     	 cmp r3,#0
 722 0058 00F0A980 	 beq .L108
 723              	.L49:
ARM GAS   			page 49


 503:Drivers/STM32F3xx_HAL_Driver/Src/stm32f3xx_hal_uart_ex.c ****     uhMask = huart->Mask;
 724              	 .loc 1 503 5 discriminator 8 view .LVU220
 725 005c 7F27     	 movs r7,#127
 726 005e A4F85C70 	 strh r7,[r4,#92]
 727              	.L50:
 503:Drivers/STM32F3xx_HAL_Driver/Src/stm32f3xx_hal_uart_ex.c ****     uhMask = huart->Mask;
 728              	 .loc 1 503 5 view .LVU221
 504:Drivers/STM32F3xx_HAL_Driver/Src/stm32f3xx_hal_uart_ex.c **** 
 729              	 .loc 1 504 5 view .LVU222
 730              	.LVL56:
 507:Drivers/STM32F3xx_HAL_Driver/Src/stm32f3xx_hal_uart_ex.c ****     {
 731              	 .loc 1 507 5 view .LVU223
 515:Drivers/STM32F3xx_HAL_Driver/Src/stm32f3xx_hal_uart_ex.c ****     }
 732              	 .loc 1 515 19 is_stmt 0 view .LVU224
 733 0062 4FF00008 	 mov r8,#0
 734              	.LVL57:
 735              	.L73:
 519:Drivers/STM32F3xx_HAL_Driver/Src/stm32f3xx_hal_uart_ex.c **** 
 736              	 .loc 1 519 5 is_stmt 1 view .LVU225
 519:Drivers/STM32F3xx_HAL_Driver/Src/stm32f3xx_hal_uart_ex.c **** 
 737              	 .loc 1 519 12 is_stmt 0 view .LVU226
 738 0066 0023     	 movs r3,#0
 739 0068 2B80     	 strh r3,[r5]
 522:Drivers/STM32F3xx_HAL_Driver/Src/stm32f3xx_hal_uart_ex.c ****     {
 740              	 .loc 1 522 5 is_stmt 1 view .LVU227
 522:Drivers/STM32F3xx_HAL_Driver/Src/stm32f3xx_hal_uart_ex.c ****     {
 741              	 .loc 1 522 11 view .LVU228
 522:Drivers/STM32F3xx_HAL_Driver/Src/stm32f3xx_hal_uart_ex.c ****     {
 742              	 .loc 1 522 17 is_stmt 0 view .LVU229
 743 006a B4F85A30 	 ldrh r3,[r4,#90]
 744 006e 9BB2     	 uxth r3,r3
 522:Drivers/STM32F3xx_HAL_Driver/Src/stm32f3xx_hal_uart_ex.c ****     {
 745              	 .loc 1 522 11 view .LVU230
 746 0070 002B     	 cmp r3,#0
 747 0072 63D0     	 beq .L72
 748 0074 B9F1000F 	 cmp r9,#0
 749 0078 6CD0     	 beq .L53
 750 007a B9F1FF3F 	 cmp r9,#-1
 751 007e 3AD0     	 beq .L103
 528:Drivers/STM32F3xx_HAL_Driver/Src/stm32f3xx_hal_uart_ex.c **** 
 752              	 .loc 1 528 9 view .LVU231
 753 0080 4FF0100B 	 mov fp,#16
 754 0084 17E0     	 b .L54
 755              	.LVL58:
 756              	.L104:
 551:Drivers/STM32F3xx_HAL_Driver/Src/stm32f3xx_hal_uart_ex.c ****           pdata8bits++;
 757              	 .loc 1 551 50 view .LVU232
 758 0086 9B8C     	 ldrh r3,[r3,#36]
 551:Drivers/STM32F3xx_HAL_Driver/Src/stm32f3xx_hal_uart_ex.c ****           pdata8bits++;
 759              	 .loc 1 551 25 view .LVU233
 760 0088 3B40     	 ands r3,r3,r7
 551:Drivers/STM32F3xx_HAL_Driver/Src/stm32f3xx_hal_uart_ex.c ****           pdata8bits++;
 761              	 .loc 1 551 23 view .LVU234
 762 008a 06F8013B 	 strb r3,[r6],#1
 552:Drivers/STM32F3xx_HAL_Driver/Src/stm32f3xx_hal_uart_ex.c ****         }
 763              	 .loc 1 552 11 is_stmt 1 view .LVU235
 764              	.LVL59:
ARM GAS   			page 50


 765              	.L66:
 555:Drivers/STM32F3xx_HAL_Driver/Src/stm32f3xx_hal_uart_ex.c ****         huart->RxXferCount--;
 766              	 .loc 1 555 9 view .LVU236
 555:Drivers/STM32F3xx_HAL_Driver/Src/stm32f3xx_hal_uart_ex.c ****         huart->RxXferCount--;
 767              	 .loc 1 555 16 is_stmt 0 view .LVU237
 768 008e 2B88     	 ldrh r3,[r5]
 769 0090 0133     	 adds r3,r3,#1
 770 0092 2B80     	 strh r3,[r5]
 556:Drivers/STM32F3xx_HAL_Driver/Src/stm32f3xx_hal_uart_ex.c ****       }
 771              	 .loc 1 556 9 is_stmt 1 view .LVU238
 556:Drivers/STM32F3xx_HAL_Driver/Src/stm32f3xx_hal_uart_ex.c ****       }
 772              	 .loc 1 556 14 is_stmt 0 view .LVU239
 773 0094 B4F85A30 	 ldrh r3,[r4,#90]
 556:Drivers/STM32F3xx_HAL_Driver/Src/stm32f3xx_hal_uart_ex.c ****       }
 774              	 .loc 1 556 27 view .LVU240
 775 0098 013B     	 subs r3,r3,#1
 776 009a 9BB2     	 uxth r3,r3
 777 009c A4F85A30 	 strh r3,[r4,#90]
 778              	.L63:
 560:Drivers/STM32F3xx_HAL_Driver/Src/stm32f3xx_hal_uart_ex.c ****       {
 779              	 .loc 1 560 7 is_stmt 1 view .LVU241
 562:Drivers/STM32F3xx_HAL_Driver/Src/stm32f3xx_hal_uart_ex.c ****         {
 780              	 .loc 1 562 9 view .LVU242
 562:Drivers/STM32F3xx_HAL_Driver/Src/stm32f3xx_hal_uart_ex.c ****         {
 781              	 .loc 1 562 15 is_stmt 0 view .LVU243
 782 00a0 FFF7FEFF 	 bl HAL_GetTick
 783              	.LVL60:
 522:Drivers/STM32F3xx_HAL_Driver/Src/stm32f3xx_hal_uart_ex.c ****     {
 784              	 .loc 1 522 11 is_stmt 1 view .LVU244
 562:Drivers/STM32F3xx_HAL_Driver/Src/stm32f3xx_hal_uart_ex.c ****         {
 785              	 .loc 1 562 29 is_stmt 0 view .LVU245
 786 00a4 A0EB0A00 	 sub r0,r0,r10
 562:Drivers/STM32F3xx_HAL_Driver/Src/stm32f3xx_hal_uart_ex.c ****         {
 787              	 .loc 1 562 12 view .LVU246
 788 00a8 8145     	 cmp r9,r0
 789 00aa 69D3     	 bcc .L67
 522:Drivers/STM32F3xx_HAL_Driver/Src/stm32f3xx_hal_uart_ex.c ****     {
 790              	 .loc 1 522 17 view .LVU247
 791 00ac B4F85A30 	 ldrh r3,[r4,#90]
 792 00b0 9BB2     	 uxth r3,r3
 522:Drivers/STM32F3xx_HAL_Driver/Src/stm32f3xx_hal_uart_ex.c ****     {
 793              	 .loc 1 522 11 view .LVU248
 794 00b2 002B     	 cmp r3,#0
 795 00b4 42D0     	 beq .L72
 796              	.L54:
 525:Drivers/STM32F3xx_HAL_Driver/Src/stm32f3xx_hal_uart_ex.c ****       {
 797              	 .loc 1 525 7 is_stmt 1 view .LVU249
 528:Drivers/STM32F3xx_HAL_Driver/Src/stm32f3xx_hal_uart_ex.c **** 
 798              	 .loc 1 528 9 view .LVU250
 542:Drivers/STM32F3xx_HAL_Driver/Src/stm32f3xx_hal_uart_ex.c ****       {
 799              	 .loc 1 542 7 view .LVU251
 544:Drivers/STM32F3xx_HAL_Driver/Src/stm32f3xx_hal_uart_ex.c ****         {
 800              	 .loc 1 544 9 view .LVU252
 525:Drivers/STM32F3xx_HAL_Driver/Src/stm32f3xx_hal_uart_ex.c ****       {
 801              	 .loc 1 525 11 is_stmt 0 view .LVU253
 802 00b6 2368     	 ldr r3,[r4]
 803 00b8 DA69     	 ldr r2,[r3,#28]
ARM GAS   			page 51


 525:Drivers/STM32F3xx_HAL_Driver/Src/stm32f3xx_hal_uart_ex.c ****       {
 804              	 .loc 1 525 10 view .LVU254
 805 00ba D206     	 lsls r2,r2,#27
 806 00bc 04D5     	 bpl .L62
 532:Drivers/STM32F3xx_HAL_Driver/Src/stm32f3xx_hal_uart_ex.c ****         {
 807              	 .loc 1 532 12 view .LVU255
 808 00be 2A88     	 ldrh r2,[r5]
 528:Drivers/STM32F3xx_HAL_Driver/Src/stm32f3xx_hal_uart_ex.c **** 
 809              	 .loc 1 528 9 view .LVU256
 810 00c0 C3F820B0 	 str fp,[r3,#32]
 532:Drivers/STM32F3xx_HAL_Driver/Src/stm32f3xx_hal_uart_ex.c ****         {
 811              	 .loc 1 532 9 is_stmt 1 view .LVU257
 532:Drivers/STM32F3xx_HAL_Driver/Src/stm32f3xx_hal_uart_ex.c ****         {
 812              	 .loc 1 532 12 is_stmt 0 view .LVU258
 813 00c4 002A     	 cmp r2,#0
 814 00c6 67D1     	 bne .L56
 815              	.L62:
 542:Drivers/STM32F3xx_HAL_Driver/Src/stm32f3xx_hal_uart_ex.c ****       {
 816              	 .loc 1 542 11 view .LVU259
 817 00c8 DA69     	 ldr r2,[r3,#28]
 542:Drivers/STM32F3xx_HAL_Driver/Src/stm32f3xx_hal_uart_ex.c ****       {
 818              	 .loc 1 542 10 view .LVU260
 819 00ca 9006     	 lsls r0,r2,#26
 820 00cc E8D5     	 bpl .L63
 551:Drivers/STM32F3xx_HAL_Driver/Src/stm32f3xx_hal_uart_ex.c ****           pdata8bits++;
 821              	 .loc 1 551 11 is_stmt 1 view .LVU261
 544:Drivers/STM32F3xx_HAL_Driver/Src/stm32f3xx_hal_uart_ex.c ****         {
 822              	 .loc 1 544 12 is_stmt 0 view .LVU262
 823 00ce 002E     	 cmp r6,#0
 824 00d0 D9D1     	 bne .L104
 546:Drivers/STM32F3xx_HAL_Driver/Src/stm32f3xx_hal_uart_ex.c ****           pdata16bits++;
 825              	 .loc 1 546 11 is_stmt 1 view .LVU263
 546:Drivers/STM32F3xx_HAL_Driver/Src/stm32f3xx_hal_uart_ex.c ****           pdata16bits++;
 826              	 .loc 1 546 52 is_stmt 0 view .LVU264
 827 00d2 9B8C     	 ldrh r3,[r3,#36]
 546:Drivers/STM32F3xx_HAL_Driver/Src/stm32f3xx_hal_uart_ex.c ****           pdata16bits++;
 828              	 .loc 1 546 26 view .LVU265
 829 00d4 3B40     	 ands r3,r3,r7
 546:Drivers/STM32F3xx_HAL_Driver/Src/stm32f3xx_hal_uart_ex.c ****           pdata16bits++;
 830              	 .loc 1 546 24 view .LVU266
 831 00d6 28F8023B 	 strh r3,[r8],#2
 547:Drivers/STM32F3xx_HAL_Driver/Src/stm32f3xx_hal_uart_ex.c ****         }
 832              	 .loc 1 547 11 is_stmt 1 view .LVU267
 833              	.LVL61:
 547:Drivers/STM32F3xx_HAL_Driver/Src/stm32f3xx_hal_uart_ex.c ****         }
 834              	 .loc 1 547 11 is_stmt 0 view .LVU268
 835 00da D8E7     	 b .L66
 836              	.LVL62:
 837              	.L74:
 580:Drivers/STM32F3xx_HAL_Driver/Src/stm32f3xx_hal_uart_ex.c ****   }
 838              	 .loc 1 580 12 view .LVU269
 839 00dc 0220     	 movs r0,#2
 840              	.LVL63:
 582:Drivers/STM32F3xx_HAL_Driver/Src/stm32f3xx_hal_uart_ex.c **** 
 841              	 .loc 1 582 1 view .LVU270
 842 00de BDE8F88F 	 pop {r3,r4,r5,r6,r7,r8,r9,r10,fp,pc}
 843              	.LVL64:
ARM GAS   			page 52


 844              	.L107:
 503:Drivers/STM32F3xx_HAL_Driver/Src/stm32f3xx_hal_uart_ex.c ****     uhMask = huart->Mask;
 845              	 .loc 1 503 5 is_stmt 1 discriminator 1 view .LVU271
 846 00e2 2369     	 ldr r3,[r4,#16]
 847 00e4 002B     	 cmp r3,#0
 848 00e6 5ED1     	 bne .L109
 849 00e8 40F2FF17 	 movw r7,#511
 503:Drivers/STM32F3xx_HAL_Driver/Src/stm32f3xx_hal_uart_ex.c ****     uhMask = huart->Mask;
 850              	 .loc 1 503 5 is_stmt 0 view .LVU272
 851 00ec B046     	 mov r8,r6
 852 00ee A4F85C70 	 strh r7,[r4,#92]
 503:Drivers/STM32F3xx_HAL_Driver/Src/stm32f3xx_hal_uart_ex.c ****     uhMask = huart->Mask;
 853              	 .loc 1 503 5 is_stmt 1 view .LVU273
 504:Drivers/STM32F3xx_HAL_Driver/Src/stm32f3xx_hal_uart_ex.c **** 
 854              	 .loc 1 504 5 view .LVU274
 855              	.LVL65:
 507:Drivers/STM32F3xx_HAL_Driver/Src/stm32f3xx_hal_uart_ex.c ****     {
 856              	 .loc 1 507 5 view .LVU275
 509:Drivers/STM32F3xx_HAL_Driver/Src/stm32f3xx_hal_uart_ex.c ****       pdata16bits = (uint16_t *) pData;
 857              	 .loc 1 509 19 is_stmt 0 view .LVU276
 858 00f2 1E46     	 mov r6,r3
 859              	.LVL66:
 509:Drivers/STM32F3xx_HAL_Driver/Src/stm32f3xx_hal_uart_ex.c ****       pdata16bits = (uint16_t *) pData;
 860              	 .loc 1 509 19 view .LVU277
 861 00f4 B7E7     	 b .L73
 862              	.LVL67:
 863              	.L103:
 528:Drivers/STM32F3xx_HAL_Driver/Src/stm32f3xx_hal_uart_ex.c **** 
 864              	 .loc 1 528 9 view .LVU278
 865 00f6 1021     	 movs r1,#16
 866 00f8 0EE0     	 b .L60
 867              	.LVL68:
 868              	.L58:
 551:Drivers/STM32F3xx_HAL_Driver/Src/stm32f3xx_hal_uart_ex.c ****           pdata8bits++;
 869              	 .loc 1 551 23 view .LVU279
 870 00fa 06F8013B 	 strb r3,[r6],#1
 552:Drivers/STM32F3xx_HAL_Driver/Src/stm32f3xx_hal_uart_ex.c ****         }
 871              	 .loc 1 552 11 is_stmt 1 view .LVU280
 872              	.LVL69:
 873              	.L59:
 555:Drivers/STM32F3xx_HAL_Driver/Src/stm32f3xx_hal_uart_ex.c ****         huart->RxXferCount--;
 874              	 .loc 1 555 9 view .LVU281
 555:Drivers/STM32F3xx_HAL_Driver/Src/stm32f3xx_hal_uart_ex.c ****         huart->RxXferCount--;
 875              	 .loc 1 555 16 is_stmt 0 view .LVU282
 876 00fe 2B88     	 ldrh r3,[r5]
 877 0100 0133     	 adds r3,r3,#1
 878 0102 2B80     	 strh r3,[r5]
 556:Drivers/STM32F3xx_HAL_Driver/Src/stm32f3xx_hal_uart_ex.c ****       }
 879              	 .loc 1 556 9 is_stmt 1 view .LVU283
 556:Drivers/STM32F3xx_HAL_Driver/Src/stm32f3xx_hal_uart_ex.c ****       }
 880              	 .loc 1 556 14 is_stmt 0 view .LVU284
 881 0104 B4F85A30 	 ldrh r3,[r4,#90]
 556:Drivers/STM32F3xx_HAL_Driver/Src/stm32f3xx_hal_uart_ex.c ****       }
 882              	 .loc 1 556 27 view .LVU285
 883 0108 013B     	 subs r3,r3,#1
 884 010a 9BB2     	 uxth r3,r3
 885 010c A4F85A30 	 strh r3,[r4,#90]
ARM GAS   			page 53


 886              	.L57:
 560:Drivers/STM32F3xx_HAL_Driver/Src/stm32f3xx_hal_uart_ex.c ****       {
 887              	 .loc 1 560 7 is_stmt 1 view .LVU286
 522:Drivers/STM32F3xx_HAL_Driver/Src/stm32f3xx_hal_uart_ex.c ****     {
 888              	 .loc 1 522 11 view .LVU287
 522:Drivers/STM32F3xx_HAL_Driver/Src/stm32f3xx_hal_uart_ex.c ****     {
 889              	 .loc 1 522 17 is_stmt 0 view .LVU288
 890 0110 B4F85A30 	 ldrh r3,[r4,#90]
 891 0114 9BB2     	 uxth r3,r3
 522:Drivers/STM32F3xx_HAL_Driver/Src/stm32f3xx_hal_uart_ex.c ****     {
 892              	 .loc 1 522 11 view .LVU289
 893 0116 8BB1     	 cbz r3,.L72
 894              	.L60:
 525:Drivers/STM32F3xx_HAL_Driver/Src/stm32f3xx_hal_uart_ex.c ****       {
 895              	 .loc 1 525 7 is_stmt 1 view .LVU290
 528:Drivers/STM32F3xx_HAL_Driver/Src/stm32f3xx_hal_uart_ex.c **** 
 896              	 .loc 1 528 9 view .LVU291
 542:Drivers/STM32F3xx_HAL_Driver/Src/stm32f3xx_hal_uart_ex.c ****       {
 897              	 .loc 1 542 7 view .LVU292
 544:Drivers/STM32F3xx_HAL_Driver/Src/stm32f3xx_hal_uart_ex.c ****         {
 898              	 .loc 1 544 9 view .LVU293
 525:Drivers/STM32F3xx_HAL_Driver/Src/stm32f3xx_hal_uart_ex.c ****       {
 899              	 .loc 1 525 11 is_stmt 0 view .LVU294
 900 0118 2368     	 ldr r3,[r4]
 901 011a DA69     	 ldr r2,[r3,#28]
 525:Drivers/STM32F3xx_HAL_Driver/Src/stm32f3xx_hal_uart_ex.c ****       {
 902              	 .loc 1 525 10 view .LVU295
 903 011c D206     	 lsls r2,r2,#27
 904 011e 03D5     	 bpl .L55
 532:Drivers/STM32F3xx_HAL_Driver/Src/stm32f3xx_hal_uart_ex.c ****         {
 905              	 .loc 1 532 12 view .LVU296
 906 0120 2A88     	 ldrh r2,[r5]
 528:Drivers/STM32F3xx_HAL_Driver/Src/stm32f3xx_hal_uart_ex.c **** 
 907              	 .loc 1 528 9 view .LVU297
 908 0122 1962     	 str r1,[r3,#32]
 532:Drivers/STM32F3xx_HAL_Driver/Src/stm32f3xx_hal_uart_ex.c ****         {
 909              	 .loc 1 532 9 is_stmt 1 view .LVU298
 532:Drivers/STM32F3xx_HAL_Driver/Src/stm32f3xx_hal_uart_ex.c ****         {
 910              	 .loc 1 532 12 is_stmt 0 view .LVU299
 911 0124 002A     	 cmp r2,#0
 912 0126 37D1     	 bne .L56
 913              	.L55:
 542:Drivers/STM32F3xx_HAL_Driver/Src/stm32f3xx_hal_uart_ex.c ****       {
 914              	 .loc 1 542 11 view .LVU300
 915 0128 DA69     	 ldr r2,[r3,#28]
 542:Drivers/STM32F3xx_HAL_Driver/Src/stm32f3xx_hal_uart_ex.c ****       {
 916              	 .loc 1 542 10 view .LVU301
 917 012a 9006     	 lsls r0,r2,#26
 918 012c F0D5     	 bpl .L57
 551:Drivers/STM32F3xx_HAL_Driver/Src/stm32f3xx_hal_uart_ex.c ****           pdata8bits++;
 919              	 .loc 1 551 11 is_stmt 1 view .LVU302
 546:Drivers/STM32F3xx_HAL_Driver/Src/stm32f3xx_hal_uart_ex.c ****           pdata16bits++;
 920              	 .loc 1 546 52 is_stmt 0 view .LVU303
 921 012e 9B8C     	 ldrh r3,[r3,#36]
 546:Drivers/STM32F3xx_HAL_Driver/Src/stm32f3xx_hal_uart_ex.c ****           pdata16bits++;
 922              	 .loc 1 546 26 view .LVU304
 923 0130 3B40     	 ands r3,r3,r7
ARM GAS   			page 54


 544:Drivers/STM32F3xx_HAL_Driver/Src/stm32f3xx_hal_uart_ex.c ****         {
 924              	 .loc 1 544 12 view .LVU305
 925 0132 002E     	 cmp r6,#0
 926 0134 E1D1     	 bne .L58
 546:Drivers/STM32F3xx_HAL_Driver/Src/stm32f3xx_hal_uart_ex.c ****           pdata16bits++;
 927              	 .loc 1 546 11 is_stmt 1 view .LVU306
 546:Drivers/STM32F3xx_HAL_Driver/Src/stm32f3xx_hal_uart_ex.c ****           pdata16bits++;
 928              	 .loc 1 546 24 is_stmt 0 view .LVU307
 929 0136 28F8023B 	 strh r3,[r8],#2
 547:Drivers/STM32F3xx_HAL_Driver/Src/stm32f3xx_hal_uart_ex.c ****         }
 930              	 .loc 1 547 11 is_stmt 1 view .LVU308
 931              	.LVL70:
 547:Drivers/STM32F3xx_HAL_Driver/Src/stm32f3xx_hal_uart_ex.c ****         }
 932              	 .loc 1 547 11 is_stmt 0 view .LVU309
 933 013a E0E7     	 b .L59
 934              	.LVL71:
 935              	.L72:
 572:Drivers/STM32F3xx_HAL_Driver/Src/stm32f3xx_hal_uart_ex.c ****     /* At end of Rx process, restore huart->RxState to Ready */
 936              	 .loc 1 572 5 is_stmt 1 view .LVU310
 572:Drivers/STM32F3xx_HAL_Driver/Src/stm32f3xx_hal_uart_ex.c ****     /* At end of Rx process, restore huart->RxState to Ready */
 937              	 .loc 1 572 39 is_stmt 0 view .LVU311
 938 013c B4F85A10 	 ldrh r1,[r4,#90]
 572:Drivers/STM32F3xx_HAL_Driver/Src/stm32f3xx_hal_uart_ex.c ****     /* At end of Rx process, restore huart->RxState to Ready */
 939              	 .loc 1 572 32 view .LVU312
 940 0140 B4F85830 	 ldrh r3,[r4,#88]
 574:Drivers/STM32F3xx_HAL_Driver/Src/stm32f3xx_hal_uart_ex.c **** 
 941              	 .loc 1 574 20 view .LVU313
 942 0144 2022     	 movs r2,#32
 572:Drivers/STM32F3xx_HAL_Driver/Src/stm32f3xx_hal_uart_ex.c ****     /* At end of Rx process, restore huart->RxState to Ready */
 943              	 .loc 1 572 32 view .LVU314
 944 0146 5B1A     	 subs r3,r3,r1
 572:Drivers/STM32F3xx_HAL_Driver/Src/stm32f3xx_hal_uart_ex.c ****     /* At end of Rx process, restore huart->RxState to Ready */
 945              	 .loc 1 572 12 view .LVU315
 946 0148 2B80     	 strh r3,[r5]
 574:Drivers/STM32F3xx_HAL_Driver/Src/stm32f3xx_hal_uart_ex.c **** 
 947              	 .loc 1 574 5 is_stmt 1 view .LVU316
 576:Drivers/STM32F3xx_HAL_Driver/Src/stm32f3xx_hal_uart_ex.c ****   }
 948              	 .loc 1 576 12 is_stmt 0 view .LVU317
 949 014a 0020     	 movs r0,#0
 574:Drivers/STM32F3xx_HAL_Driver/Src/stm32f3xx_hal_uart_ex.c **** 
 950              	 .loc 1 574 20 view .LVU318
 951 014c C4F88020 	 str r2,[r4,#128]
 576:Drivers/STM32F3xx_HAL_Driver/Src/stm32f3xx_hal_uart_ex.c ****   }
 952              	 .loc 1 576 5 is_stmt 1 view .LVU319
 582:Drivers/STM32F3xx_HAL_Driver/Src/stm32f3xx_hal_uart_ex.c **** 
 953              	 .loc 1 582 1 is_stmt 0 view .LVU320
 954 0150 BDE8F88F 	 pop {r3,r4,r5,r6,r7,r8,r9,r10,fp,pc}
 955              	.LVL72:
 956              	.L53:
 525:Drivers/STM32F3xx_HAL_Driver/Src/stm32f3xx_hal_uart_ex.c ****       {
 957              	 .loc 1 525 7 is_stmt 1 view .LVU321
 525:Drivers/STM32F3xx_HAL_Driver/Src/stm32f3xx_hal_uart_ex.c ****       {
 958              	 .loc 1 525 11 is_stmt 0 view .LVU322
 959 0154 2368     	 ldr r3,[r4]
 960 0156 DA69     	 ldr r2,[r3,#28]
 525:Drivers/STM32F3xx_HAL_Driver/Src/stm32f3xx_hal_uart_ex.c ****       {
 961              	 .loc 1 525 10 view .LVU323
ARM GAS   			page 55


 962 0158 D106     	 lsls r1,r2,#27
 963 015a 2CD4     	 bmi .L110
 964              	.L68:
 542:Drivers/STM32F3xx_HAL_Driver/Src/stm32f3xx_hal_uart_ex.c ****       {
 965              	 .loc 1 542 7 is_stmt 1 view .LVU324
 542:Drivers/STM32F3xx_HAL_Driver/Src/stm32f3xx_hal_uart_ex.c ****       {
 966              	 .loc 1 542 11 is_stmt 0 view .LVU325
 967 015c DA69     	 ldr r2,[r3,#28]
 542:Drivers/STM32F3xx_HAL_Driver/Src/stm32f3xx_hal_uart_ex.c ****       {
 968              	 .loc 1 542 10 view .LVU326
 969 015e 9206     	 lsls r2,r2,#26
 970 0160 0CD5     	 bpl .L69
 544:Drivers/STM32F3xx_HAL_Driver/Src/stm32f3xx_hal_uart_ex.c ****         {
 971              	 .loc 1 544 9 is_stmt 1 view .LVU327
 546:Drivers/STM32F3xx_HAL_Driver/Src/stm32f3xx_hal_uart_ex.c ****           pdata16bits++;
 972              	 .loc 1 546 52 is_stmt 0 view .LVU328
 973 0162 9B8C     	 ldrh r3,[r3,#36]
 546:Drivers/STM32F3xx_HAL_Driver/Src/stm32f3xx_hal_uart_ex.c ****           pdata16bits++;
 974              	 .loc 1 546 26 view .LVU329
 975 0164 1F40     	 ands r7,r7,r3
 544:Drivers/STM32F3xx_HAL_Driver/Src/stm32f3xx_hal_uart_ex.c ****         {
 976              	 .loc 1 544 12 view .LVU330
 977 0166 8EB3     	 cbz r6,.L111
 551:Drivers/STM32F3xx_HAL_Driver/Src/stm32f3xx_hal_uart_ex.c ****           pdata8bits++;
 978              	 .loc 1 551 11 is_stmt 1 view .LVU331
 551:Drivers/STM32F3xx_HAL_Driver/Src/stm32f3xx_hal_uart_ex.c ****           pdata8bits++;
 979              	 .loc 1 551 23 is_stmt 0 view .LVU332
 980 0168 3770     	 strb r7,[r6]
 552:Drivers/STM32F3xx_HAL_Driver/Src/stm32f3xx_hal_uart_ex.c ****         }
 981              	 .loc 1 552 11 is_stmt 1 view .LVU333
 982              	.L71:
 555:Drivers/STM32F3xx_HAL_Driver/Src/stm32f3xx_hal_uart_ex.c ****         huart->RxXferCount--;
 983              	 .loc 1 555 9 view .LVU334
 555:Drivers/STM32F3xx_HAL_Driver/Src/stm32f3xx_hal_uart_ex.c ****         huart->RxXferCount--;
 984              	 .loc 1 555 16 is_stmt 0 view .LVU335
 985 016a 2B88     	 ldrh r3,[r5]
 986 016c 0133     	 adds r3,r3,#1
 987 016e 2B80     	 strh r3,[r5]
 556:Drivers/STM32F3xx_HAL_Driver/Src/stm32f3xx_hal_uart_ex.c ****       }
 988              	 .loc 1 556 9 is_stmt 1 view .LVU336
 556:Drivers/STM32F3xx_HAL_Driver/Src/stm32f3xx_hal_uart_ex.c ****       }
 989              	 .loc 1 556 14 is_stmt 0 view .LVU337
 990 0170 B4F85A30 	 ldrh r3,[r4,#90]
 556:Drivers/STM32F3xx_HAL_Driver/Src/stm32f3xx_hal_uart_ex.c ****       }
 991              	 .loc 1 556 27 view .LVU338
 992 0174 013B     	 subs r3,r3,#1
 993 0176 9BB2     	 uxth r3,r3
 994 0178 A4F85A30 	 strh r3,[r4,#90]
 995              	.L69:
 560:Drivers/STM32F3xx_HAL_Driver/Src/stm32f3xx_hal_uart_ex.c ****       {
 996              	 .loc 1 560 7 is_stmt 1 view .LVU339
 562:Drivers/STM32F3xx_HAL_Driver/Src/stm32f3xx_hal_uart_ex.c ****         {
 997              	 .loc 1 562 9 view .LVU340
 562:Drivers/STM32F3xx_HAL_Driver/Src/stm32f3xx_hal_uart_ex.c ****         {
 998              	 .loc 1 562 15 is_stmt 0 view .LVU341
 999 017c FFF7FEFF 	 bl HAL_GetTick
 1000              	.LVL73:
ARM GAS   			page 56


 1001              	.L67:
 564:Drivers/STM32F3xx_HAL_Driver/Src/stm32f3xx_hal_uart_ex.c **** 
 1002              	 .loc 1 564 11 is_stmt 1 view .LVU342
 564:Drivers/STM32F3xx_HAL_Driver/Src/stm32f3xx_hal_uart_ex.c **** 
 1003              	 .loc 1 564 26 is_stmt 0 view .LVU343
 1004 0180 2023     	 movs r3,#32
 1005 0182 C4F88030 	 str r3,[r4,#128]
 566:Drivers/STM32F3xx_HAL_Driver/Src/stm32f3xx_hal_uart_ex.c ****         }
 1006              	 .loc 1 566 11 is_stmt 1 view .LVU344
 566:Drivers/STM32F3xx_HAL_Driver/Src/stm32f3xx_hal_uart_ex.c ****         }
 1007              	 .loc 1 566 18 is_stmt 0 view .LVU345
 1008 0186 0320     	 movs r0,#3
 1009 0188 48E7     	 b .L102
 1010              	.LVL74:
 1011              	.L48:
 503:Drivers/STM32F3xx_HAL_Driver/Src/stm32f3xx_hal_uart_ex.c ****     uhMask = huart->Mask;
 1012              	 .loc 1 503 5 is_stmt 1 discriminator 6 view .LVU346
 1013 018a B3F1805F 	 cmp r3,#268435456
 1014 018e 15D0     	 beq .L112
 503:Drivers/STM32F3xx_HAL_Driver/Src/stm32f3xx_hal_uart_ex.c ****     uhMask = huart->Mask;
 1015              	 .loc 1 503 5 discriminator 10 view .LVU347
 1016 0190 A4F85C80 	 strh r8,[r4,#92]
 1017 0194 4746     	 mov r7,r8
 1018 0196 64E7     	 b .L50
 1019              	.LVL75:
 1020              	.L56:
 534:Drivers/STM32F3xx_HAL_Driver/Src/stm32f3xx_hal_uart_ex.c ****           huart->RxState = HAL_UART_STATE_READY;
 1021              	 .loc 1 534 11 view .LVU348
 534:Drivers/STM32F3xx_HAL_Driver/Src/stm32f3xx_hal_uart_ex.c ****           huart->RxState = HAL_UART_STATE_READY;
 1022              	 .loc 1 534 30 is_stmt 0 view .LVU349
 1023 0198 0222     	 movs r2,#2
 535:Drivers/STM32F3xx_HAL_Driver/Src/stm32f3xx_hal_uart_ex.c **** 
 1024              	 .loc 1 535 26 view .LVU350
 1025 019a 2023     	 movs r3,#32
 534:Drivers/STM32F3xx_HAL_Driver/Src/stm32f3xx_hal_uart_ex.c ****           huart->RxState = HAL_UART_STATE_READY;
 1026              	 .loc 1 534 30 view .LVU351
 1027 019c 6266     	 str r2,[r4,#100]
 535:Drivers/STM32F3xx_HAL_Driver/Src/stm32f3xx_hal_uart_ex.c **** 
 1028              	 .loc 1 535 11 is_stmt 1 view .LVU352
 537:Drivers/STM32F3xx_HAL_Driver/Src/stm32f3xx_hal_uart_ex.c ****         }
 1029              	 .loc 1 537 18 is_stmt 0 view .LVU353
 1030 019e 0020     	 movs r0,#0
 535:Drivers/STM32F3xx_HAL_Driver/Src/stm32f3xx_hal_uart_ex.c **** 
 1031              	 .loc 1 535 26 view .LVU354
 1032 01a0 C4F88030 	 str r3,[r4,#128]
 537:Drivers/STM32F3xx_HAL_Driver/Src/stm32f3xx_hal_uart_ex.c ****         }
 1033              	 .loc 1 537 11 is_stmt 1 view .LVU355
 537:Drivers/STM32F3xx_HAL_Driver/Src/stm32f3xx_hal_uart_ex.c ****         }
 1034              	 .loc 1 537 18 is_stmt 0 view .LVU356
 1035 01a4 3AE7     	 b .L102
 1036              	.LVL76:
 1037              	.L109:
 503:Drivers/STM32F3xx_HAL_Driver/Src/stm32f3xx_hal_uart_ex.c ****     uhMask = huart->Mask;
 1038              	 .loc 1 503 5 is_stmt 1 view .LVU357
 1039 01a6 FF27     	 movs r7,#255
 1040 01a8 A4F85C70 	 strh r7,[r4,#92]
 503:Drivers/STM32F3xx_HAL_Driver/Src/stm32f3xx_hal_uart_ex.c ****     uhMask = huart->Mask;
ARM GAS   			page 57


 1041              	 .loc 1 503 5 view .LVU358
 504:Drivers/STM32F3xx_HAL_Driver/Src/stm32f3xx_hal_uart_ex.c **** 
 1042              	 .loc 1 504 5 view .LVU359
 1043              	.LVL77:
 507:Drivers/STM32F3xx_HAL_Driver/Src/stm32f3xx_hal_uart_ex.c ****     {
 1044              	 .loc 1 507 5 view .LVU360
 507:Drivers/STM32F3xx_HAL_Driver/Src/stm32f3xx_hal_uart_ex.c ****     {
 1045              	 .loc 1 507 5 is_stmt 0 view .LVU361
 1046 01ac 5BE7     	 b .L73
 1047              	.LVL78:
 1048              	.L108:
 503:Drivers/STM32F3xx_HAL_Driver/Src/stm32f3xx_hal_uart_ex.c ****     uhMask = huart->Mask;
 1049              	 .loc 1 503 5 is_stmt 1 discriminator 7 view .LVU362
 1050 01ae FF27     	 movs r7,#255
 1051 01b0 A4F85C70 	 strh r7,[r4,#92]
 1052 01b4 55E7     	 b .L50
 1053              	.LVL79:
 1054              	.L110:
 528:Drivers/STM32F3xx_HAL_Driver/Src/stm32f3xx_hal_uart_ex.c **** 
 1055              	 .loc 1 528 9 view .LVU363
 1056 01b6 1022     	 movs r2,#16
 1057 01b8 1A62     	 str r2,[r3,#32]
 532:Drivers/STM32F3xx_HAL_Driver/Src/stm32f3xx_hal_uart_ex.c ****         {
 1058              	 .loc 1 532 9 view .LVU364
 1059 01ba CFE7     	 b .L68
 1060              	.LVL80:
 1061              	.L112:
 503:Drivers/STM32F3xx_HAL_Driver/Src/stm32f3xx_hal_uart_ex.c ****     uhMask = huart->Mask;
 1062              	 .loc 1 503 5 discriminator 9 view .LVU365
 1063 01bc 2369     	 ldr r3,[r4,#16]
 1064 01be 002B     	 cmp r3,#0
 1065 01c0 3FF44CAF 	 beq .L49
 503:Drivers/STM32F3xx_HAL_Driver/Src/stm32f3xx_hal_uart_ex.c ****     uhMask = huart->Mask;
 1066              	 .loc 1 503 5 discriminator 12 view .LVU366
 1067 01c4 3F27     	 movs r7,#63
 1068 01c6 A4F85C70 	 strh r7,[r4,#92]
 1069 01ca 4AE7     	 b .L50
 1070              	.LVL81:
 1071              	.L111:
 546:Drivers/STM32F3xx_HAL_Driver/Src/stm32f3xx_hal_uart_ex.c ****           pdata16bits++;
 1072              	 .loc 1 546 11 view .LVU367
 546:Drivers/STM32F3xx_HAL_Driver/Src/stm32f3xx_hal_uart_ex.c ****           pdata16bits++;
 1073              	 .loc 1 546 24 is_stmt 0 view .LVU368
 1074 01cc A8F80070 	 strh r7,[r8]
 547:Drivers/STM32F3xx_HAL_Driver/Src/stm32f3xx_hal_uart_ex.c ****         }
 1075              	 .loc 1 547 11 is_stmt 1 view .LVU369
 547:Drivers/STM32F3xx_HAL_Driver/Src/stm32f3xx_hal_uart_ex.c ****         }
 1076              	 .loc 1 547 11 is_stmt 0 view .LVU370
 1077 01d0 CBE7     	 b .L71
 1078              	 .cfi_endproc
 1079              	.LFE129:
 1081 01d2 00BF     	 .section .text.HAL_UARTEx_ReceiveToIdle_IT,"ax",%progbits
 1082              	 .align 1
 1083              	 .p2align 2,,3
 1084              	 .global HAL_UARTEx_ReceiveToIdle_IT
 1085              	 .syntax unified
 1086              	 .thumb
ARM GAS   			page 58


 1087              	 .thumb_func
 1088              	 .fpu fpv4-sp-d16
 1090              	HAL_UARTEx_ReceiveToIdle_IT:
 1091              	.LVL82:
 1092              	.LFB130:
 599:Drivers/STM32F3xx_HAL_Driver/Src/stm32f3xx_hal_uart_ex.c ****   HAL_StatusTypeDef status;
 1093              	 .loc 1 599 1 is_stmt 1 view-0
 1094              	 .cfi_startproc
 1095              	 
 1096              	 
 600:Drivers/STM32F3xx_HAL_Driver/Src/stm32f3xx_hal_uart_ex.c **** 
 1097              	 .loc 1 600 3 view .LVU372
 603:Drivers/STM32F3xx_HAL_Driver/Src/stm32f3xx_hal_uart_ex.c ****   {
 1098              	 .loc 1 603 3 view .LVU373
 599:Drivers/STM32F3xx_HAL_Driver/Src/stm32f3xx_hal_uart_ex.c ****   HAL_StatusTypeDef status;
 1099              	 .loc 1 599 1 is_stmt 0 view .LVU374
 1100 0000 70B5     	 push {r4,r5,r6,lr}
 1101              	 .cfi_def_cfa_offset 16
 1102              	 .cfi_offset 4,-16
 1103              	 .cfi_offset 5,-12
 1104              	 .cfi_offset 6,-8
 1105              	 .cfi_offset 14,-4
 603:Drivers/STM32F3xx_HAL_Driver/Src/stm32f3xx_hal_uart_ex.c ****   {
 1106              	 .loc 1 603 12 view .LVU375
 1107 0002 D0F88060 	 ldr r6,[r0,#128]
 603:Drivers/STM32F3xx_HAL_Driver/Src/stm32f3xx_hal_uart_ex.c ****   {
 1108              	 .loc 1 603 6 view .LVU376
 1109 0006 202E     	 cmp r6,#32
 1110 0008 03D1     	 bne .L119
 605:Drivers/STM32F3xx_HAL_Driver/Src/stm32f3xx_hal_uart_ex.c ****     {
 1111              	 .loc 1 605 5 is_stmt 1 view .LVU377
 605:Drivers/STM32F3xx_HAL_Driver/Src/stm32f3xx_hal_uart_ex.c ****     {
 1112              	 .loc 1 605 8 is_stmt 0 view .LVU378
 1113 000a 01B1     	 cbz r1,.L116
 605:Drivers/STM32F3xx_HAL_Driver/Src/stm32f3xx_hal_uart_ex.c ****     {
 1114              	 .loc 1 605 25 discriminator 1 view .LVU379
 1115 000c 1AB9     	 cbnz r2,.L128
 1116              	.LVL83:
 1117              	.L116:
 607:Drivers/STM32F3xx_HAL_Driver/Src/stm32f3xx_hal_uart_ex.c ****     }
 1118              	 .loc 1 607 14 view .LVU380
 1119 000e 0120     	 movs r0,#1
 1120              	.L114:
 640:Drivers/STM32F3xx_HAL_Driver/Src/stm32f3xx_hal_uart_ex.c **** 
 1121              	 .loc 1 640 1 view .LVU381
 1122 0010 70BD     	 pop {r4,r5,r6,pc}
 1123              	.LVL84:
 1124              	.L119:
 638:Drivers/STM32F3xx_HAL_Driver/Src/stm32f3xx_hal_uart_ex.c ****   }
 1125              	 .loc 1 638 12 view .LVU382
 1126 0012 0220     	 movs r0,#2
 1127              	.LVL85:
 640:Drivers/STM32F3xx_HAL_Driver/Src/stm32f3xx_hal_uart_ex.c **** 
 1128              	 .loc 1 640 1 view .LVU383
 1129 0014 70BD     	 pop {r4,r5,r6,pc}
 1130              	.LVL86:
 1131              	.L128:
ARM GAS   			page 59


 611:Drivers/STM32F3xx_HAL_Driver/Src/stm32f3xx_hal_uart_ex.c ****     huart->RxEventType = HAL_UART_RXEVENT_TC;
 1132              	 .loc 1 611 5 is_stmt 1 view .LVU384
 611:Drivers/STM32F3xx_HAL_Driver/Src/stm32f3xx_hal_uart_ex.c ****     huart->RxEventType = HAL_UART_RXEVENT_TC;
 1133              	 .loc 1 611 26 is_stmt 0 view .LVU385
 1134 0016 0123     	 movs r3,#1
 1135 0018 0366     	 str r3,[r0,#96]
 612:Drivers/STM32F3xx_HAL_Driver/Src/stm32f3xx_hal_uart_ex.c **** 
 1136              	 .loc 1 612 5 is_stmt 1 view .LVU386
 612:Drivers/STM32F3xx_HAL_Driver/Src/stm32f3xx_hal_uart_ex.c **** 
 1137              	 .loc 1 612 24 is_stmt 0 view .LVU387
 1138 001a 0023     	 movs r3,#0
 1139 001c 4366     	 str r3,[r0,#100]
 614:Drivers/STM32F3xx_HAL_Driver/Src/stm32f3xx_hal_uart_ex.c **** 
 1140              	 .loc 1 614 5 is_stmt 1 view .LVU388
 1141 001e 0446     	 mov r4,r0
 614:Drivers/STM32F3xx_HAL_Driver/Src/stm32f3xx_hal_uart_ex.c **** 
 1142              	 .loc 1 614 15 is_stmt 0 view .LVU389
 1143 0020 FFF7FEFF 	 bl UART_Start_Receive_IT
 1144              	.LVL87:
 617:Drivers/STM32F3xx_HAL_Driver/Src/stm32f3xx_hal_uart_ex.c ****     {
 1145              	 .loc 1 617 5 is_stmt 1 view .LVU390
 617:Drivers/STM32F3xx_HAL_Driver/Src/stm32f3xx_hal_uart_ex.c ****     {
 1146              	 .loc 1 617 8 is_stmt 0 view .LVU391
 1147 0024 0028     	 cmp r0,#0
 1148 0026 F3D1     	 bne .L114
 619:Drivers/STM32F3xx_HAL_Driver/Src/stm32f3xx_hal_uart_ex.c ****       {
 1149              	 .loc 1 619 7 is_stmt 1 view .LVU392
 619:Drivers/STM32F3xx_HAL_Driver/Src/stm32f3xx_hal_uart_ex.c ****       {
 1150              	 .loc 1 619 16 is_stmt 0 view .LVU393
 1151 0028 236E     	 ldr r3,[r4,#96]
 619:Drivers/STM32F3xx_HAL_Driver/Src/stm32f3xx_hal_uart_ex.c ****       {
 1152              	 .loc 1 619 10 view .LVU394
 1153 002a 012B     	 cmp r3,#1
 1154 002c EFD1     	 bne .L116
 621:Drivers/STM32F3xx_HAL_Driver/Src/stm32f3xx_hal_uart_ex.c ****         ATOMIC_SET_BIT(huart->Instance->CR1, USART_CR1_IDLEIE);
 1155              	 .loc 1 621 9 is_stmt 1 view .LVU395
 1156 002e 2268     	 ldr r2,[r4]
 1157 0030 1023     	 movs r3,#16
 1158 0032 1362     	 str r3,[r2,#32]
 1159              	.L126:
 622:Drivers/STM32F3xx_HAL_Driver/Src/stm32f3xx_hal_uart_ex.c ****       }
 1160              	 .loc 1 622 9 view .LVU396
 1161              	.LBB37:
 622:Drivers/STM32F3xx_HAL_Driver/Src/stm32f3xx_hal_uart_ex.c ****       }
 1162              	 .loc 1 622 9 view .LVU397
 622:Drivers/STM32F3xx_HAL_Driver/Src/stm32f3xx_hal_uart_ex.c ****       }
 1163              	 .loc 1 622 9 view .LVU398
 622:Drivers/STM32F3xx_HAL_Driver/Src/stm32f3xx_hal_uart_ex.c ****       }
 1164              	 .loc 1 622 9 view .LVU399
 1165              	.LVL88:
 1166              	.LBB38:
 1167              	.LBI38:
1068:Drivers/CMSIS/Include/cmsis_gcc.h **** {
 1168              	 .loc 2 1068 31 view .LVU400
 1169              	.LBB39:
1070:Drivers/CMSIS/Include/cmsis_gcc.h **** 
 1170              	 .loc 2 1070 5 view .LVU401
ARM GAS   			page 60


1072:Drivers/CMSIS/Include/cmsis_gcc.h ****    return(result);
 1171              	 .loc 2 1072 4 view .LVU402
 1172              	 .syntax unified
 1173              	
 1174 0034 52E8003F 	 ldrex r3,[r2]
 1175              	
 1176              	.LVL89:
1073:Drivers/CMSIS/Include/cmsis_gcc.h **** }
 1177              	 .loc 2 1073 4 view .LVU403
1073:Drivers/CMSIS/Include/cmsis_gcc.h **** }
 1178              	 .loc 2 1073 4 is_stmt 0 view .LVU404
 1179              	 .thumb
 1180              	 .syntax unified
 1181              	.LBE39:
 1182              	.LBE38:
 622:Drivers/STM32F3xx_HAL_Driver/Src/stm32f3xx_hal_uart_ex.c ****       }
 1183              	 .loc 1 622 9 view .LVU405
 1184 0038 43F01003 	 orr r3,r3,#16
 1185              	.LVL90:
 622:Drivers/STM32F3xx_HAL_Driver/Src/stm32f3xx_hal_uart_ex.c ****       }
 1186              	 .loc 1 622 9 is_stmt 1 view .LVU406
 1187              	.LBB40:
 1188              	.LBI40:
1119:Drivers/CMSIS/Include/cmsis_gcc.h **** {
 1189              	 .loc 2 1119 31 view .LVU407
 1190              	.LBB41:
1121:Drivers/CMSIS/Include/cmsis_gcc.h **** 
 1191              	 .loc 2 1121 4 view .LVU408
1123:Drivers/CMSIS/Include/cmsis_gcc.h ****    return(result);
 1192              	 .loc 2 1123 4 view .LVU409
 1193              	 .syntax unified
 1194              	
 1195 003c 42E80031 	 strex r1,r3,[r2]
 1196              	
 1197              	.LVL91:
 1198              	 .loc 2 1124 4 view .LVU410
 1199              	 .loc 2 1124 4 is_stmt 0 view .LVU411
 1200              	 .thumb
 1201              	 .syntax unified
 1202              	.LBE41:
 1203              	.LBE40:
 622:Drivers/STM32F3xx_HAL_Driver/Src/stm32f3xx_hal_uart_ex.c ****       }
 1204              	 .loc 1 622 9 view .LVU412
 1205 0040 0029     	 cmp r1,#0
 1206 0042 F7D1     	 bne .L126
 1207              	.LVL92:
 622:Drivers/STM32F3xx_HAL_Driver/Src/stm32f3xx_hal_uart_ex.c ****       }
 1208              	 .loc 1 622 9 view .LVU413
 1209              	.LBE37:
 640:Drivers/STM32F3xx_HAL_Driver/Src/stm32f3xx_hal_uart_ex.c **** 
 1210              	 .loc 1 640 1 view .LVU414
 1211 0044 70BD     	 pop {r4,r5,r6,pc}
 640:Drivers/STM32F3xx_HAL_Driver/Src/stm32f3xx_hal_uart_ex.c **** 
 1212              	 .loc 1 640 1 view .LVU415
 1213              	 .cfi_endproc
 1214              	.LFE130:
 1216 0046 00BF     	 .section .text.HAL_UARTEx_ReceiveToIdle_DMA,"ax",%progbits
ARM GAS   			page 61


 1217              	 .align 1
 1218              	 .p2align 2,,3
 1219              	 .global HAL_UARTEx_ReceiveToIdle_DMA
 1220              	 .syntax unified
 1221              	 .thumb
 1222              	 .thumb_func
 1223              	 .fpu fpv4-sp-d16
 1225              	HAL_UARTEx_ReceiveToIdle_DMA:
 1226              	.LVL93:
 1227              	.LFB131:
 660:Drivers/STM32F3xx_HAL_Driver/Src/stm32f3xx_hal_uart_ex.c ****   HAL_StatusTypeDef status;
 1228              	 .loc 1 660 1 is_stmt 1 view-0
 1229              	 .cfi_startproc
 1230              	 
 1231              	 
 661:Drivers/STM32F3xx_HAL_Driver/Src/stm32f3xx_hal_uart_ex.c **** 
 1232              	 .loc 1 661 3 view .LVU417
 664:Drivers/STM32F3xx_HAL_Driver/Src/stm32f3xx_hal_uart_ex.c ****   {
 1233              	 .loc 1 664 3 view .LVU418
 660:Drivers/STM32F3xx_HAL_Driver/Src/stm32f3xx_hal_uart_ex.c ****   HAL_StatusTypeDef status;
 1234              	 .loc 1 660 1 is_stmt 0 view .LVU419
 1235 0000 70B5     	 push {r4,r5,r6,lr}
 1236              	 .cfi_def_cfa_offset 16
 1237              	 .cfi_offset 4,-16
 1238              	 .cfi_offset 5,-12
 1239              	 .cfi_offset 6,-8
 1240              	 .cfi_offset 14,-4
 664:Drivers/STM32F3xx_HAL_Driver/Src/stm32f3xx_hal_uart_ex.c ****   {
 1241              	 .loc 1 664 12 view .LVU420
 1242 0002 D0F88060 	 ldr r6,[r0,#128]
 664:Drivers/STM32F3xx_HAL_Driver/Src/stm32f3xx_hal_uart_ex.c ****   {
 1243              	 .loc 1 664 6 view .LVU421
 1244 0006 202E     	 cmp r6,#32
 1245 0008 03D1     	 bne .L135
 666:Drivers/STM32F3xx_HAL_Driver/Src/stm32f3xx_hal_uart_ex.c ****     {
 1246              	 .loc 1 666 5 is_stmt 1 view .LVU422
 666:Drivers/STM32F3xx_HAL_Driver/Src/stm32f3xx_hal_uart_ex.c ****     {
 1247              	 .loc 1 666 8 is_stmt 0 view .LVU423
 1248 000a 01B1     	 cbz r1,.L132
 666:Drivers/STM32F3xx_HAL_Driver/Src/stm32f3xx_hal_uart_ex.c ****     {
 1249              	 .loc 1 666 25 discriminator 1 view .LVU424
 1250 000c 1AB9     	 cbnz r2,.L144
 1251              	.LVL94:
 1252              	.L132:
 668:Drivers/STM32F3xx_HAL_Driver/Src/stm32f3xx_hal_uart_ex.c ****     }
 1253              	 .loc 1 668 14 view .LVU425
 1254 000e 0120     	 movs r0,#1
 1255              	.L130:
 701:Drivers/STM32F3xx_HAL_Driver/Src/stm32f3xx_hal_uart_ex.c **** 
 1256              	 .loc 1 701 1 view .LVU426
 1257 0010 70BD     	 pop {r4,r5,r6,pc}
 1258              	.LVL95:
 1259              	.L135:
 699:Drivers/STM32F3xx_HAL_Driver/Src/stm32f3xx_hal_uart_ex.c ****   }
 1260              	 .loc 1 699 12 view .LVU427
 1261 0012 0220     	 movs r0,#2
 1262              	.LVL96:
ARM GAS   			page 62


 701:Drivers/STM32F3xx_HAL_Driver/Src/stm32f3xx_hal_uart_ex.c **** 
 1263              	 .loc 1 701 1 view .LVU428
 1264 0014 70BD     	 pop {r4,r5,r6,pc}
 1265              	.LVL97:
 1266              	.L144:
 672:Drivers/STM32F3xx_HAL_Driver/Src/stm32f3xx_hal_uart_ex.c ****     huart->RxEventType = HAL_UART_RXEVENT_TC;
 1267              	 .loc 1 672 5 is_stmt 1 view .LVU429
 672:Drivers/STM32F3xx_HAL_Driver/Src/stm32f3xx_hal_uart_ex.c ****     huart->RxEventType = HAL_UART_RXEVENT_TC;
 1268              	 .loc 1 672 26 is_stmt 0 view .LVU430
 1269 0016 0123     	 movs r3,#1
 1270 0018 0366     	 str r3,[r0,#96]
 673:Drivers/STM32F3xx_HAL_Driver/Src/stm32f3xx_hal_uart_ex.c **** 
 1271              	 .loc 1 673 5 is_stmt 1 view .LVU431
 673:Drivers/STM32F3xx_HAL_Driver/Src/stm32f3xx_hal_uart_ex.c **** 
 1272              	 .loc 1 673 24 is_stmt 0 view .LVU432
 1273 001a 0023     	 movs r3,#0
 1274 001c 4366     	 str r3,[r0,#100]
 675:Drivers/STM32F3xx_HAL_Driver/Src/stm32f3xx_hal_uart_ex.c **** 
 1275              	 .loc 1 675 5 is_stmt 1 view .LVU433
 1276 001e 0446     	 mov r4,r0
 675:Drivers/STM32F3xx_HAL_Driver/Src/stm32f3xx_hal_uart_ex.c **** 
 1277              	 .loc 1 675 15 is_stmt 0 view .LVU434
 1278 0020 FFF7FEFF 	 bl UART_Start_Receive_DMA
 1279              	.LVL98:
 678:Drivers/STM32F3xx_HAL_Driver/Src/stm32f3xx_hal_uart_ex.c ****     {
 1280              	 .loc 1 678 5 is_stmt 1 view .LVU435
 678:Drivers/STM32F3xx_HAL_Driver/Src/stm32f3xx_hal_uart_ex.c ****     {
 1281              	 .loc 1 678 8 is_stmt 0 view .LVU436
 1282 0024 0028     	 cmp r0,#0
 1283 0026 F3D1     	 bne .L130
 680:Drivers/STM32F3xx_HAL_Driver/Src/stm32f3xx_hal_uart_ex.c ****       {
 1284              	 .loc 1 680 7 is_stmt 1 view .LVU437
 680:Drivers/STM32F3xx_HAL_Driver/Src/stm32f3xx_hal_uart_ex.c ****       {
 1285              	 .loc 1 680 16 is_stmt 0 view .LVU438
 1286 0028 236E     	 ldr r3,[r4,#96]
 680:Drivers/STM32F3xx_HAL_Driver/Src/stm32f3xx_hal_uart_ex.c ****       {
 1287              	 .loc 1 680 10 view .LVU439
 1288 002a 012B     	 cmp r3,#1
 1289 002c EFD1     	 bne .L132
 682:Drivers/STM32F3xx_HAL_Driver/Src/stm32f3xx_hal_uart_ex.c ****         ATOMIC_SET_BIT(huart->Instance->CR1, USART_CR1_IDLEIE);
 1290              	 .loc 1 682 9 is_stmt 1 view .LVU440
 1291 002e 2268     	 ldr r2,[r4]
 1292 0030 1023     	 movs r3,#16
 1293 0032 1362     	 str r3,[r2,#32]
 1294              	.L142:
 683:Drivers/STM32F3xx_HAL_Driver/Src/stm32f3xx_hal_uart_ex.c ****       }
 1295              	 .loc 1 683 9 view .LVU441
 1296              	.LBB42:
 683:Drivers/STM32F3xx_HAL_Driver/Src/stm32f3xx_hal_uart_ex.c ****       }
 1297              	 .loc 1 683 9 view .LVU442
 683:Drivers/STM32F3xx_HAL_Driver/Src/stm32f3xx_hal_uart_ex.c ****       }
 1298              	 .loc 1 683 9 view .LVU443
 683:Drivers/STM32F3xx_HAL_Driver/Src/stm32f3xx_hal_uart_ex.c ****       }
 1299              	 .loc 1 683 9 view .LVU444
 1300              	.LVL99:
 1301              	.LBB43:
 1302              	.LBI43:
ARM GAS   			page 63


1068:Drivers/CMSIS/Include/cmsis_gcc.h **** {
 1303              	 .loc 2 1068 31 view .LVU445
 1304              	.LBB44:
1070:Drivers/CMSIS/Include/cmsis_gcc.h **** 
 1305              	 .loc 2 1070 5 view .LVU446
1072:Drivers/CMSIS/Include/cmsis_gcc.h ****    return(result);
 1306              	 .loc 2 1072 4 view .LVU447
 1307              	 .syntax unified
 1308              	
 1309 0034 52E8003F 	 ldrex r3,[r2]
 1310              	
 1311              	.LVL100:
1073:Drivers/CMSIS/Include/cmsis_gcc.h **** }
 1312              	 .loc 2 1073 4 view .LVU448
1073:Drivers/CMSIS/Include/cmsis_gcc.h **** }
 1313              	 .loc 2 1073 4 is_stmt 0 view .LVU449
 1314              	 .thumb
 1315              	 .syntax unified
 1316              	.LBE44:
 1317              	.LBE43:
 683:Drivers/STM32F3xx_HAL_Driver/Src/stm32f3xx_hal_uart_ex.c ****       }
 1318              	 .loc 1 683 9 view .LVU450
 1319 0038 43F01003 	 orr r3,r3,#16
 1320              	.LVL101:
 683:Drivers/STM32F3xx_HAL_Driver/Src/stm32f3xx_hal_uart_ex.c ****       }
 1321              	 .loc 1 683 9 is_stmt 1 view .LVU451
 1322              	.LBB45:
 1323              	.LBI45:
1119:Drivers/CMSIS/Include/cmsis_gcc.h **** {
 1324              	 .loc 2 1119 31 view .LVU452
 1325              	.LBB46:
1121:Drivers/CMSIS/Include/cmsis_gcc.h **** 
 1326              	 .loc 2 1121 4 view .LVU453
1123:Drivers/CMSIS/Include/cmsis_gcc.h ****    return(result);
 1327              	 .loc 2 1123 4 view .LVU454
 1328              	 .syntax unified
 1329              	
 1330 003c 42E80031 	 strex r1,r3,[r2]
 1331              	
 1332              	.LVL102:
 1333              	 .loc 2 1124 4 view .LVU455
 1334              	 .loc 2 1124 4 is_stmt 0 view .LVU456
 1335              	 .thumb
 1336              	 .syntax unified
 1337              	.LBE46:
 1338              	.LBE45:
 683:Drivers/STM32F3xx_HAL_Driver/Src/stm32f3xx_hal_uart_ex.c ****       }
 1339              	 .loc 1 683 9 view .LVU457
 1340 0040 0029     	 cmp r1,#0
 1341 0042 F7D1     	 bne .L142
 1342              	.LVL103:
 683:Drivers/STM32F3xx_HAL_Driver/Src/stm32f3xx_hal_uart_ex.c ****       }
 1343              	 .loc 1 683 9 view .LVU458
 1344              	.LBE42:
 701:Drivers/STM32F3xx_HAL_Driver/Src/stm32f3xx_hal_uart_ex.c **** 
 1345              	 .loc 1 701 1 view .LVU459
 1346 0044 70BD     	 pop {r4,r5,r6,pc}
ARM GAS   			page 64


 701:Drivers/STM32F3xx_HAL_Driver/Src/stm32f3xx_hal_uart_ex.c **** 
 1347              	 .loc 1 701 1 view .LVU460
 1348              	 .cfi_endproc
 1349              	.LFE131:
 1351 0046 00BF     	 .section .text.HAL_UARTEx_GetRxEventType,"ax",%progbits
 1352              	 .align 1
 1353              	 .p2align 2,,3
 1354              	 .global HAL_UARTEx_GetRxEventType
 1355              	 .syntax unified
 1356              	 .thumb
 1357              	 .thumb_func
 1358              	 .fpu fpv4-sp-d16
 1360              	HAL_UARTEx_GetRxEventType:
 1361              	.LVL104:
 1362              	.LFB132:
 728:Drivers/STM32F3xx_HAL_Driver/Src/stm32f3xx_hal_uart_ex.c ****   /* Return Rx Event type value, as stored in UART handle */
 1363              	 .loc 1 728 1 is_stmt 1 view-0
 1364              	 .cfi_startproc
 1365              	 
 1366              	 
 1367              	 
 730:Drivers/STM32F3xx_HAL_Driver/Src/stm32f3xx_hal_uart_ex.c **** }
 1368              	 .loc 1 730 3 view .LVU462
 730:Drivers/STM32F3xx_HAL_Driver/Src/stm32f3xx_hal_uart_ex.c **** }
 1369              	 .loc 1 730 16 is_stmt 0 view .LVU463
 1370 0000 406E     	 ldr r0,[r0,#100]
 1371              	.LVL105:
 731:Drivers/STM32F3xx_HAL_Driver/Src/stm32f3xx_hal_uart_ex.c **** 
 1372              	 .loc 1 731 1 view .LVU464
 1373 0002 7047     	 bx lr
 1374              	 .cfi_endproc
 1375              	.LFE132:
 1377              	 .text
 1378              	.Letext0:
 1379              	 .file 3 "/usr/lib/gcc/arm-none-eabi/10.3.1/include/stdint.h"
 1380              	 .file 4 "Drivers/CMSIS/Device/ST/STM32F3xx/Include/stm32f334x8.h"
 1381              	 .file 5 "Drivers/CMSIS/Device/ST/STM32F3xx/Include/stm32f3xx.h"
 1382              	 .file 6 "Drivers/STM32F3xx_HAL_Driver/Inc/stm32f3xx_hal_def.h"
 1383              	 .file 7 "Drivers/STM32F3xx_HAL_Driver/Inc/stm32f3xx_hal_dma.h"
 1384              	 .file 8 "Drivers/STM32F3xx_HAL_Driver/Inc/stm32f3xx_hal_uart.h"
 1385              	 .file 9 "Drivers/STM32F3xx_HAL_Driver/Inc/stm32f3xx_hal_uart_ex.h"
 1386              	 .file 10 "Drivers/STM32F3xx_HAL_Driver/Inc/stm32f3xx_hal.h"
ARM GAS   			page 65


DEFINED SYMBOLS
                            *ABS*:0000000000000000 stm32f3xx_hal_uart_ex.c
    {standard input}:18     .text.HAL_RS485Ex_Init:0000000000000000 $t
    {standard input}:27     .text.HAL_RS485Ex_Init:0000000000000000 HAL_RS485Ex_Init
    {standard input}:177    .text.HAL_UARTEx_WakeupCallback:0000000000000000 $t
    {standard input}:185    .text.HAL_UARTEx_WakeupCallback:0000000000000000 HAL_UARTEx_WakeupCallback
    {standard input}:200    .text.HAL_MultiProcessorEx_AddressLength_Set:0000000000000000 $t
    {standard input}:208    .text.HAL_MultiProcessorEx_AddressLength_Set:0000000000000000 HAL_MultiProcessorEx_AddressLength_Set
    {standard input}:264    .text.HAL_UARTEx_StopModeWakeUpSourceConfig:0000000000000000 $t
    {standard input}:272    .text.HAL_UARTEx_StopModeWakeUpSourceConfig:0000000000000000 HAL_UARTEx_StopModeWakeUpSourceConfig
    {standard input}:424    .text.HAL_UARTEx_EnableStopMode:0000000000000000 $t
    {standard input}:432    .text.HAL_UARTEx_EnableStopMode:0000000000000000 HAL_UARTEx_EnableStopMode
    {standard input}:522    .text.HAL_UARTEx_DisableStopMode:0000000000000000 $t
    {standard input}:530    .text.HAL_UARTEx_DisableStopMode:0000000000000000 HAL_UARTEx_DisableStopMode
    {standard input}:619    .text.HAL_UARTEx_ReceiveToIdle:0000000000000000 $t
    {standard input}:627    .text.HAL_UARTEx_ReceiveToIdle:0000000000000000 HAL_UARTEx_ReceiveToIdle
    {standard input}:1082   .text.HAL_UARTEx_ReceiveToIdle_IT:0000000000000000 $t
    {standard input}:1090   .text.HAL_UARTEx_ReceiveToIdle_IT:0000000000000000 HAL_UARTEx_ReceiveToIdle_IT
    {standard input}:1217   .text.HAL_UARTEx_ReceiveToIdle_DMA:0000000000000000 $t
    {standard input}:1225   .text.HAL_UARTEx_ReceiveToIdle_DMA:0000000000000000 HAL_UARTEx_ReceiveToIdle_DMA
    {standard input}:1352   .text.HAL_UARTEx_GetRxEventType:0000000000000000 $t
    {standard input}:1360   .text.HAL_UARTEx_GetRxEventType:0000000000000000 HAL_UARTEx_GetRxEventType
                           .group:0000000000000000 wm4.0.5bd3fb47ece8cd89db7f39859867d34b
                           .group:0000000000000000 wm4.stm32f3xx_hal_conf.h.22.68702fcb376080053c327f742c9961b5
                           .group:0000000000000000 wm4.stm32f3xx.h.38.82e8e99dfe49c20b1a4a903bd92d6a62
                           .group:0000000000000000 wm4.stm32f334x8.h.34.4062b27910dbe4163b311597cc3129d0
                           .group:0000000000000000 wm4.stdint.h.29.6d480f4ba0f60596e88234283d42444f
                           .group:0000000000000000 wm4.cmsis_version.h.32.4d5822004c01a829a975260e854b5f8e
                           .group:0000000000000000 wm4.core_cm4.h.66.e4ff136c4a17abc46741866f64f8e729
                           .group:0000000000000000 wm4.cmsis_gcc.h.26.6774fe91202d65f4d5ffcff60e00da34
                           .group:0000000000000000 wm4.core_cm4.h.174.300c477346073ecdebb72dd943ae4d09
                           .group:0000000000000000 wm4.stm32f334x8.h.742.4d018c717ec53f6245cec4363d185c67
                           .group:0000000000000000 wm4.stm32f3xx.h.174.91b72afab8b3d83f71cfd7ef15cf4952
                           .group:0000000000000000 wm4.stm32_hal_legacy.h.22.faf2d895fc44f19fdf533a93a00a4465
                           .group:0000000000000000 wm4.stddef.h.39.144cf5ddcd53cbfdac30259dc1a6c87f
                           .group:0000000000000000 wm4.stm32f3xx_hal_def.h.58.9b3c2bdf4a254dccb0f88c83bea62e05
                           .group:0000000000000000 wm4.stm32f3xx_hal_rcc.h.46.e37a97e5b8d0ca06a596d1c15979cbcc
                           .group:0000000000000000 wm4.stm32f3xx_hal_rcc_ex.h.20.10471072208d7575503f2f1804851a76
                           .group:0000000000000000 wm4.stm32f3xx_hal_gpio.h.21.7cd0c7cb2091a8a34b9016ef7d16b8a7
                           .group:0000000000000000 wm4.stm32f3xx_hal_gpio_ex.h.21.af39eaa5623e0a1009fcf4398ea2c1b7
                           .group:0000000000000000 wm4.stm32f3xx_hal_exti.h.21.97ce243ab3f68da52c38aef7d478a1e0
                           .group:0000000000000000 wm4.stm32f3xx_hal_dma.h.21.cc527711b185a0aec89274d6a9e66e40
                           .group:0000000000000000 wm4.stm32f3xx_hal_dma_ex.h.21.0990be4ccabf56d8663bc991eae085b1
                           .group:0000000000000000 wm4.stm32f3xx_hal_dma.h.406.bee398d2c322633b5d4483460294543c
                           .group:0000000000000000 wm4.stm32f3xx_hal_cortex.h.21.2e6f8d82a4b5342dc6cb4d8275d4190e
                           .group:0000000000000000 wm4.stm32f3xx_hal_adc_ex.h.21.83e1b666f94c6741e0f75669498b4cf0
                           .group:0000000000000000 wm4.stm32f3xx_hal_adc.h.55.6de54c307a17ed796a45b8e483250af2
                           .group:0000000000000000 wm4.stm32f3xx_hal_can.h.21.e8a2553fb767050d2b1baa10ea524b9c
                           .group:0000000000000000 wm4.stm32f3xx_hal_flash.h.20.53fc2ade23629e1c8d41b6b358abbb8d
                           .group:0000000000000000 wm4.stm32f3xx_hal_flash_ex.h.20.66a2e271db53c743be1fcb77b2017459
                           .group:0000000000000000 wm4.stm32f3xx_hal_hrtim.h.21.fb28980682ad68d99a88889d8ff4d172
                           .group:0000000000000000 wm4.stm32f3xx_hal_i2c.h.21.f7663f116d03c0043fd0e75e612f16ea
                           .group:0000000000000000 wm4.stm32f3xx_hal_i2c_ex.h.21.cf479782f4f3a68ef5fbce499167225b
                           .group:0000000000000000 wm4.stm32f3xx_hal_i2c.h.739.edde0c83ea6830c2c975fff967ebea26
                           .group:0000000000000000 wm4.stm32f3xx_hal_iwdg.h.21.3504a210964eb279ef1de8bb44988f11
                           .group:0000000000000000 wm4.stm32f3xx_hal_pwr.h.21.6193057a5c33d0b02d2f3a23acd22249
                           .group:0000000000000000 wm4.stm32f3xx_hal_pwr_ex.h.21.0ae6fdf7fd790f205b68ea57197f080d
ARM GAS   			page 66


                           .group:0000000000000000 wm4.stm32f3xx_hal_tim.h.21.d20cc3ea3a57aedcc53e87fa48cc1f6c
                           .group:0000000000000000 wm4.stm32f3xx_hal_tim_ex.h.21.87406a6cc7024a9faaf6aed69e2733ce
                           .group:0000000000000000 wm4.stm32f3xx_hal_uart.h.21.11bf2ca66aa636cfe74a1eb39fe0d460
                           .group:0000000000000000 wm4.stm32f3xx_hal_uart_ex.h.21.f592049ad8b63c2f48d6a2e8f48bef5c
                           .group:0000000000000000 wm4.stm32f3xx_hal.h.43.350d066a115a4ce03caef6c5048b93ca

UNDEFINED SYMBOLS
UART_SetConfig
UART_CheckIdleState
UART_AdvFeatureConfig
HAL_UART_MspInit
HAL_GetTick
UART_WaitOnFlagUntilTimeout
UART_Start_Receive_IT
UART_Start_Receive_DMA
