ARM GAS   			page 1


   1              	 .cpu cortex-m4
   2              	 .eabi_attribute 27,1
   3              	 .eabi_attribute 28,1
   4              	 .eabi_attribute 20,1
   5              	 .eabi_attribute 21,1
   6              	 .eabi_attribute 23,3
   7              	 .eabi_attribute 24,1
   8              	 .eabi_attribute 25,1
   9              	 .eabi_attribute 26,1
  10              	 .eabi_attribute 30,2
  11              	 .eabi_attribute 34,1
  12              	 .eabi_attribute 18,4
  13              	 .file "stm32f3xx_hal_rcc_ex.c"
  14              	 .text
  15              	.Ltext0:
  16              	 .cfi_sections .debug_frame
  17              	 .section .text.HAL_RCCEx_PeriphCLKConfig,"ax",%progbits
  18              	 .align 1
  19              	 .p2align 2,,3
  20              	 .global HAL_RCCEx_PeriphCLKConfig
  21              	 .arch armv7e-m
  22              	 .syntax unified
  23              	 .thumb
  24              	 .thumb_func
  25              	 .fpu fpv4-sp-d16
  27              	HAL_RCCEx_PeriphCLKConfig:
  28              	.LVL0:
  29              	.LFB123:
  30              	 .file 1 "Drivers/STM32F3xx_HAL_Driver/Src/stm32f3xx_hal_rcc_ex.c"
   1:Drivers/STM32F3xx_HAL_Driver/Src/stm32f3xx_hal_rcc_ex.c **** /**
   2:Drivers/STM32F3xx_HAL_Driver/Src/stm32f3xx_hal_rcc_ex.c ****   ******************************************************************************
   3:Drivers/STM32F3xx_HAL_Driver/Src/stm32f3xx_hal_rcc_ex.c ****   * @file    stm32f3xx_hal_rcc_ex.c
   4:Drivers/STM32F3xx_HAL_Driver/Src/stm32f3xx_hal_rcc_ex.c ****   * @author  MCD Application Team
   5:Drivers/STM32F3xx_HAL_Driver/Src/stm32f3xx_hal_rcc_ex.c ****   * @brief   Extended RCC HAL module driver.
   6:Drivers/STM32F3xx_HAL_Driver/Src/stm32f3xx_hal_rcc_ex.c ****   *          This file provides firmware functions to manage the following 
   7:Drivers/STM32F3xx_HAL_Driver/Src/stm32f3xx_hal_rcc_ex.c ****   *          functionalities RCC extension peripheral:
   8:Drivers/STM32F3xx_HAL_Driver/Src/stm32f3xx_hal_rcc_ex.c ****   *           + Extended Peripheral Control functions
   9:Drivers/STM32F3xx_HAL_Driver/Src/stm32f3xx_hal_rcc_ex.c ****   *  
  10:Drivers/STM32F3xx_HAL_Driver/Src/stm32f3xx_hal_rcc_ex.c ****   ******************************************************************************
  11:Drivers/STM32F3xx_HAL_Driver/Src/stm32f3xx_hal_rcc_ex.c ****   * @attention
  12:Drivers/STM32F3xx_HAL_Driver/Src/stm32f3xx_hal_rcc_ex.c ****   *
  13:Drivers/STM32F3xx_HAL_Driver/Src/stm32f3xx_hal_rcc_ex.c ****   * Copyright (c) 2016 STMicroelectronics.
  14:Drivers/STM32F3xx_HAL_Driver/Src/stm32f3xx_hal_rcc_ex.c ****   * All rights reserved.
  15:Drivers/STM32F3xx_HAL_Driver/Src/stm32f3xx_hal_rcc_ex.c ****   *
  16:Drivers/STM32F3xx_HAL_Driver/Src/stm32f3xx_hal_rcc_ex.c ****   * This software is licensed under terms that can be found in the LICENSE file in
  17:Drivers/STM32F3xx_HAL_Driver/Src/stm32f3xx_hal_rcc_ex.c ****   * the root directory of this software component.
  18:Drivers/STM32F3xx_HAL_Driver/Src/stm32f3xx_hal_rcc_ex.c ****   * If no LICENSE file comes with this software, it is provided AS-IS.
  19:Drivers/STM32F3xx_HAL_Driver/Src/stm32f3xx_hal_rcc_ex.c ****   ******************************************************************************
  20:Drivers/STM32F3xx_HAL_Driver/Src/stm32f3xx_hal_rcc_ex.c ****   */ 
  21:Drivers/STM32F3xx_HAL_Driver/Src/stm32f3xx_hal_rcc_ex.c **** 
  22:Drivers/STM32F3xx_HAL_Driver/Src/stm32f3xx_hal_rcc_ex.c **** /* Includes ------------------------------------------------------------------*/
  23:Drivers/STM32F3xx_HAL_Driver/Src/stm32f3xx_hal_rcc_ex.c **** #include "stm32f3xx_hal.h"
  24:Drivers/STM32F3xx_HAL_Driver/Src/stm32f3xx_hal_rcc_ex.c **** 
  25:Drivers/STM32F3xx_HAL_Driver/Src/stm32f3xx_hal_rcc_ex.c **** /** @addtogroup STM32F3xx_HAL_Driver
  26:Drivers/STM32F3xx_HAL_Driver/Src/stm32f3xx_hal_rcc_ex.c ****   * @{
  27:Drivers/STM32F3xx_HAL_Driver/Src/stm32f3xx_hal_rcc_ex.c ****   */
  28:Drivers/STM32F3xx_HAL_Driver/Src/stm32f3xx_hal_rcc_ex.c **** 
ARM GAS   			page 2


  29:Drivers/STM32F3xx_HAL_Driver/Src/stm32f3xx_hal_rcc_ex.c **** #ifdef HAL_RCC_MODULE_ENABLED
  30:Drivers/STM32F3xx_HAL_Driver/Src/stm32f3xx_hal_rcc_ex.c **** 
  31:Drivers/STM32F3xx_HAL_Driver/Src/stm32f3xx_hal_rcc_ex.c **** /** @defgroup RCCEx RCCEx
  32:Drivers/STM32F3xx_HAL_Driver/Src/stm32f3xx_hal_rcc_ex.c ****   * @brief RCC Extension HAL module driver.
  33:Drivers/STM32F3xx_HAL_Driver/Src/stm32f3xx_hal_rcc_ex.c ****   * @{
  34:Drivers/STM32F3xx_HAL_Driver/Src/stm32f3xx_hal_rcc_ex.c ****   */
  35:Drivers/STM32F3xx_HAL_Driver/Src/stm32f3xx_hal_rcc_ex.c **** 
  36:Drivers/STM32F3xx_HAL_Driver/Src/stm32f3xx_hal_rcc_ex.c **** /* Private typedef -----------------------------------------------------------*/
  37:Drivers/STM32F3xx_HAL_Driver/Src/stm32f3xx_hal_rcc_ex.c **** /* Private define ------------------------------------------------------------*/
  38:Drivers/STM32F3xx_HAL_Driver/Src/stm32f3xx_hal_rcc_ex.c **** /* Private macro -------------------------------------------------------------*/
  39:Drivers/STM32F3xx_HAL_Driver/Src/stm32f3xx_hal_rcc_ex.c **** /** @defgroup RCCEx_Private_Macros RCCEx Private Macros
  40:Drivers/STM32F3xx_HAL_Driver/Src/stm32f3xx_hal_rcc_ex.c ****  * @{
  41:Drivers/STM32F3xx_HAL_Driver/Src/stm32f3xx_hal_rcc_ex.c ****  */
  42:Drivers/STM32F3xx_HAL_Driver/Src/stm32f3xx_hal_rcc_ex.c **** /**
  43:Drivers/STM32F3xx_HAL_Driver/Src/stm32f3xx_hal_rcc_ex.c ****   * @}
  44:Drivers/STM32F3xx_HAL_Driver/Src/stm32f3xx_hal_rcc_ex.c ****   */
  45:Drivers/STM32F3xx_HAL_Driver/Src/stm32f3xx_hal_rcc_ex.c **** 
  46:Drivers/STM32F3xx_HAL_Driver/Src/stm32f3xx_hal_rcc_ex.c **** /* Private variables ---------------------------------------------------------*/
  47:Drivers/STM32F3xx_HAL_Driver/Src/stm32f3xx_hal_rcc_ex.c **** /* Private function prototypes -----------------------------------------------*/
  48:Drivers/STM32F3xx_HAL_Driver/Src/stm32f3xx_hal_rcc_ex.c **** /* Private functions ---------------------------------------------------------*/
  49:Drivers/STM32F3xx_HAL_Driver/Src/stm32f3xx_hal_rcc_ex.c **** #if defined(RCC_CFGR2_ADC1PRES) || defined(RCC_CFGR2_ADCPRE12) || defined(RCC_CFGR2_ADCPRE34) || de
  50:Drivers/STM32F3xx_HAL_Driver/Src/stm32f3xx_hal_rcc_ex.c ****  || defined(RCC_CFGR3_TIM1SW) || defined(RCC_CFGR3_TIM2SW) || defined(RCC_CFGR3_TIM8SW) || defined(
  51:Drivers/STM32F3xx_HAL_Driver/Src/stm32f3xx_hal_rcc_ex.c ****  || defined(RCC_CFGR3_TIM16SW) || defined(RCC_CFGR3_TIM17SW) || defined(RCC_CFGR3_TIM20SW) || defin
  52:Drivers/STM32F3xx_HAL_Driver/Src/stm32f3xx_hal_rcc_ex.c ****  || defined(RCC_CFGR3_HRTIM1SW)
  53:Drivers/STM32F3xx_HAL_Driver/Src/stm32f3xx_hal_rcc_ex.c **** /** @defgroup RCCEx_Private_Functions RCCEx Private Functions
  54:Drivers/STM32F3xx_HAL_Driver/Src/stm32f3xx_hal_rcc_ex.c ****   * @{
  55:Drivers/STM32F3xx_HAL_Driver/Src/stm32f3xx_hal_rcc_ex.c ****   */
  56:Drivers/STM32F3xx_HAL_Driver/Src/stm32f3xx_hal_rcc_ex.c **** static uint32_t RCC_GetPLLCLKFreq(void);
  57:Drivers/STM32F3xx_HAL_Driver/Src/stm32f3xx_hal_rcc_ex.c **** 
  58:Drivers/STM32F3xx_HAL_Driver/Src/stm32f3xx_hal_rcc_ex.c **** /**
  59:Drivers/STM32F3xx_HAL_Driver/Src/stm32f3xx_hal_rcc_ex.c ****   * @}
  60:Drivers/STM32F3xx_HAL_Driver/Src/stm32f3xx_hal_rcc_ex.c ****   */
  61:Drivers/STM32F3xx_HAL_Driver/Src/stm32f3xx_hal_rcc_ex.c **** #endif /* RCC_CFGR2_ADC1PRES || RCC_CFGR2_ADCPRExx || RCC_CFGR3_TIMxSW || RCC_CFGR3_HRTIM1SW || RCC
  62:Drivers/STM32F3xx_HAL_Driver/Src/stm32f3xx_hal_rcc_ex.c **** 
  63:Drivers/STM32F3xx_HAL_Driver/Src/stm32f3xx_hal_rcc_ex.c **** /** @defgroup RCCEx_Exported_Functions RCCEx Exported Functions
  64:Drivers/STM32F3xx_HAL_Driver/Src/stm32f3xx_hal_rcc_ex.c ****   * @{
  65:Drivers/STM32F3xx_HAL_Driver/Src/stm32f3xx_hal_rcc_ex.c ****   */
  66:Drivers/STM32F3xx_HAL_Driver/Src/stm32f3xx_hal_rcc_ex.c **** 
  67:Drivers/STM32F3xx_HAL_Driver/Src/stm32f3xx_hal_rcc_ex.c **** /** @defgroup RCCEx_Exported_Functions_Group1 Extended Peripheral Control functions 
  68:Drivers/STM32F3xx_HAL_Driver/Src/stm32f3xx_hal_rcc_ex.c ****   * @brief    Extended Peripheral Control functions
  69:Drivers/STM32F3xx_HAL_Driver/Src/stm32f3xx_hal_rcc_ex.c ****   *
  70:Drivers/STM32F3xx_HAL_Driver/Src/stm32f3xx_hal_rcc_ex.c **** @verbatim   
  71:Drivers/STM32F3xx_HAL_Driver/Src/stm32f3xx_hal_rcc_ex.c ****  ===============================================================================
  72:Drivers/STM32F3xx_HAL_Driver/Src/stm32f3xx_hal_rcc_ex.c ****                 ##### Extended Peripheral Control functions  #####
  73:Drivers/STM32F3xx_HAL_Driver/Src/stm32f3xx_hal_rcc_ex.c ****  ===============================================================================  
  74:Drivers/STM32F3xx_HAL_Driver/Src/stm32f3xx_hal_rcc_ex.c ****     [..]
  75:Drivers/STM32F3xx_HAL_Driver/Src/stm32f3xx_hal_rcc_ex.c ****     This subsection provides a set of functions allowing to control the RCC Clocks 
  76:Drivers/STM32F3xx_HAL_Driver/Src/stm32f3xx_hal_rcc_ex.c ****     frequencies.
  77:Drivers/STM32F3xx_HAL_Driver/Src/stm32f3xx_hal_rcc_ex.c ****     [..] 
  78:Drivers/STM32F3xx_HAL_Driver/Src/stm32f3xx_hal_rcc_ex.c ****     (@) Important note: Care must be taken when HAL_RCCEx_PeriphCLKConfig() is used to
  79:Drivers/STM32F3xx_HAL_Driver/Src/stm32f3xx_hal_rcc_ex.c ****         select the RTC clock source; in this case the Backup domain will be reset in  
  80:Drivers/STM32F3xx_HAL_Driver/Src/stm32f3xx_hal_rcc_ex.c ****         order to modify the RTC Clock source, as consequence RTC registers (including 
  81:Drivers/STM32F3xx_HAL_Driver/Src/stm32f3xx_hal_rcc_ex.c ****         the backup registers) are set to their reset values.
  82:Drivers/STM32F3xx_HAL_Driver/Src/stm32f3xx_hal_rcc_ex.c ****       
  83:Drivers/STM32F3xx_HAL_Driver/Src/stm32f3xx_hal_rcc_ex.c **** @endverbatim
  84:Drivers/STM32F3xx_HAL_Driver/Src/stm32f3xx_hal_rcc_ex.c ****   * @{
  85:Drivers/STM32F3xx_HAL_Driver/Src/stm32f3xx_hal_rcc_ex.c ****   */
ARM GAS   			page 3


  86:Drivers/STM32F3xx_HAL_Driver/Src/stm32f3xx_hal_rcc_ex.c **** 
  87:Drivers/STM32F3xx_HAL_Driver/Src/stm32f3xx_hal_rcc_ex.c **** /**
  88:Drivers/STM32F3xx_HAL_Driver/Src/stm32f3xx_hal_rcc_ex.c ****   * @brief  Initializes the RCC extended peripherals clocks according to the specified
  89:Drivers/STM32F3xx_HAL_Driver/Src/stm32f3xx_hal_rcc_ex.c ****   *         parameters in the RCC_PeriphCLKInitTypeDef.
  90:Drivers/STM32F3xx_HAL_Driver/Src/stm32f3xx_hal_rcc_ex.c ****   * @param  PeriphClkInit pointer to an RCC_PeriphCLKInitTypeDef structure that
  91:Drivers/STM32F3xx_HAL_Driver/Src/stm32f3xx_hal_rcc_ex.c ****   *         contains the configuration information for the Extended Peripherals clocks
  92:Drivers/STM32F3xx_HAL_Driver/Src/stm32f3xx_hal_rcc_ex.c ****   *         (ADC, CEC, I2C, I2S, SDADC, HRTIM, TIM, USART, RTC and USB).
  93:Drivers/STM32F3xx_HAL_Driver/Src/stm32f3xx_hal_rcc_ex.c ****   *
  94:Drivers/STM32F3xx_HAL_Driver/Src/stm32f3xx_hal_rcc_ex.c ****   * @note   Care must be taken when HAL_RCCEx_PeriphCLKConfig() is used to select 
  95:Drivers/STM32F3xx_HAL_Driver/Src/stm32f3xx_hal_rcc_ex.c ****   *         the RTC clock source; in this case the Backup domain will be reset in  
  96:Drivers/STM32F3xx_HAL_Driver/Src/stm32f3xx_hal_rcc_ex.c ****   *         order to modify the RTC Clock source, as consequence RTC registers (including 
  97:Drivers/STM32F3xx_HAL_Driver/Src/stm32f3xx_hal_rcc_ex.c ****   *         the backup registers) and RCC_BDCR register are set to their reset values.
  98:Drivers/STM32F3xx_HAL_Driver/Src/stm32f3xx_hal_rcc_ex.c ****   *
  99:Drivers/STM32F3xx_HAL_Driver/Src/stm32f3xx_hal_rcc_ex.c ****   * @note   When the TIMx clock source is APB clock, so the TIMx clock is APB clock or 
 100:Drivers/STM32F3xx_HAL_Driver/Src/stm32f3xx_hal_rcc_ex.c ****   *         APB clock x 2 depending on the APB prescaler.
 101:Drivers/STM32F3xx_HAL_Driver/Src/stm32f3xx_hal_rcc_ex.c ****   *         When the TIMx clock source is PLL clock, so the TIMx clock is PLL clock x 2.
 102:Drivers/STM32F3xx_HAL_Driver/Src/stm32f3xx_hal_rcc_ex.c ****   *
 103:Drivers/STM32F3xx_HAL_Driver/Src/stm32f3xx_hal_rcc_ex.c ****   * @retval HAL status
 104:Drivers/STM32F3xx_HAL_Driver/Src/stm32f3xx_hal_rcc_ex.c ****   */
 105:Drivers/STM32F3xx_HAL_Driver/Src/stm32f3xx_hal_rcc_ex.c **** HAL_StatusTypeDef HAL_RCCEx_PeriphCLKConfig(RCC_PeriphCLKInitTypeDef  *PeriphClkInit)
 106:Drivers/STM32F3xx_HAL_Driver/Src/stm32f3xx_hal_rcc_ex.c **** {
  31              	 .loc 1 106 1 view-0
  32              	 .cfi_startproc
  33              	 
  34              	 
 107:Drivers/STM32F3xx_HAL_Driver/Src/stm32f3xx_hal_rcc_ex.c ****   uint32_t tickstart = 0U;
  35              	 .loc 1 107 3 view .LVU1
 108:Drivers/STM32F3xx_HAL_Driver/Src/stm32f3xx_hal_rcc_ex.c ****   uint32_t temp_reg = 0U;
  36              	 .loc 1 108 3 view .LVU2
 109:Drivers/STM32F3xx_HAL_Driver/Src/stm32f3xx_hal_rcc_ex.c ****   FlagStatus       pwrclkchanged = RESET;
  37              	 .loc 1 109 3 view .LVU3
 110:Drivers/STM32F3xx_HAL_Driver/Src/stm32f3xx_hal_rcc_ex.c ****     
 111:Drivers/STM32F3xx_HAL_Driver/Src/stm32f3xx_hal_rcc_ex.c ****   /* Check the parameters */
 112:Drivers/STM32F3xx_HAL_Driver/Src/stm32f3xx_hal_rcc_ex.c ****   assert_param(IS_RCC_PERIPHCLOCK(PeriphClkInit->PeriphClockSelection));
  38              	 .loc 1 112 3 view .LVU4
 113:Drivers/STM32F3xx_HAL_Driver/Src/stm32f3xx_hal_rcc_ex.c ****   
 114:Drivers/STM32F3xx_HAL_Driver/Src/stm32f3xx_hal_rcc_ex.c ****   /*---------------------------- RTC configuration -------------------------------*/
 115:Drivers/STM32F3xx_HAL_Driver/Src/stm32f3xx_hal_rcc_ex.c ****   if(((PeriphClkInit->PeriphClockSelection) & RCC_PERIPHCLK_RTC) == (RCC_PERIPHCLK_RTC))
  39              	 .loc 1 115 3 view .LVU5
 106:Drivers/STM32F3xx_HAL_Driver/Src/stm32f3xx_hal_rcc_ex.c ****   uint32_t tickstart = 0U;
  40              	 .loc 1 106 1 is_stmt 0 view .LVU6
  41 0000 2DE9F043 	 push {r4,r5,r6,r7,r8,r9,lr}
  42              	 .cfi_def_cfa_offset 28
  43              	 .cfi_offset 4,-28
  44              	 .cfi_offset 5,-24
  45              	 .cfi_offset 6,-20
  46              	 .cfi_offset 7,-16
  47              	 .cfi_offset 8,-12
  48              	 .cfi_offset 9,-8
  49              	 .cfi_offset 14,-4
  50              	 .loc 1 115 21 view .LVU7
  51 0004 0368     	 ldr r3,[r0]
 106:Drivers/STM32F3xx_HAL_Driver/Src/stm32f3xx_hal_rcc_ex.c ****   uint32_t tickstart = 0U;
  52              	 .loc 1 106 1 view .LVU8
  53 0006 0446     	 mov r4,r0
  54              	 .loc 1 115 5 view .LVU9
  55 0008 D803     	 lsls r0,r3,#15
ARM GAS   			page 4


  56              	.LVL1:
 106:Drivers/STM32F3xx_HAL_Driver/Src/stm32f3xx_hal_rcc_ex.c ****   uint32_t tickstart = 0U;
  57              	 .loc 1 106 1 view .LVU10
  58 000a 83B0     	 sub sp,sp,#12
  59              	 .cfi_def_cfa_offset 40
  60              	 .loc 1 115 5 view .LVU11
  61 000c 3DD5     	 bpl .L2
 116:Drivers/STM32F3xx_HAL_Driver/Src/stm32f3xx_hal_rcc_ex.c ****   {
 117:Drivers/STM32F3xx_HAL_Driver/Src/stm32f3xx_hal_rcc_ex.c ****     /* check for RTC Parameters used to output RTCCLK */
 118:Drivers/STM32F3xx_HAL_Driver/Src/stm32f3xx_hal_rcc_ex.c ****     assert_param(IS_RCC_RTCCLKSOURCE(PeriphClkInit->RTCClockSelection));
  62              	 .loc 1 118 5 is_stmt 1 view .LVU12
 119:Drivers/STM32F3xx_HAL_Driver/Src/stm32f3xx_hal_rcc_ex.c **** 
 120:Drivers/STM32F3xx_HAL_Driver/Src/stm32f3xx_hal_rcc_ex.c **** 
 121:Drivers/STM32F3xx_HAL_Driver/Src/stm32f3xx_hal_rcc_ex.c ****     /* As soon as function is called to change RTC clock source, activation of the 
 122:Drivers/STM32F3xx_HAL_Driver/Src/stm32f3xx_hal_rcc_ex.c ****        power domain is done. */
 123:Drivers/STM32F3xx_HAL_Driver/Src/stm32f3xx_hal_rcc_ex.c ****     /* Requires to enable write access to Backup Domain of necessary */
 124:Drivers/STM32F3xx_HAL_Driver/Src/stm32f3xx_hal_rcc_ex.c ****     if(__HAL_RCC_PWR_IS_CLK_DISABLED())
  63              	 .loc 1 124 5 view .LVU13
  64              	 .loc 1 124 8 is_stmt 0 view .LVU14
  65 000e 5D4B     	 ldr r3,.L48
  66 0010 DA69     	 ldr r2,[r3,#28]
  67              	 .loc 1 124 7 view .LVU15
  68 0012 D100     	 lsls r1,r2,#3
  69 0014 6FD5     	 bpl .L46
 125:Drivers/STM32F3xx_HAL_Driver/Src/stm32f3xx_hal_rcc_ex.c ****     {
 126:Drivers/STM32F3xx_HAL_Driver/Src/stm32f3xx_hal_rcc_ex.c ****       __HAL_RCC_PWR_CLK_ENABLE();
 127:Drivers/STM32F3xx_HAL_Driver/Src/stm32f3xx_hal_rcc_ex.c ****       pwrclkchanged = SET;
 128:Drivers/STM32F3xx_HAL_Driver/Src/stm32f3xx_hal_rcc_ex.c ****     }
 129:Drivers/STM32F3xx_HAL_Driver/Src/stm32f3xx_hal_rcc_ex.c ****     
 130:Drivers/STM32F3xx_HAL_Driver/Src/stm32f3xx_hal_rcc_ex.c ****     if(HAL_IS_BIT_CLR(PWR->CR, PWR_CR_DBP))
  70              	 .loc 1 130 8 view .LVU16
  71 0016 5C4E     	 ldr r6,.L48+4
  72 0018 3368     	 ldr r3,[r6]
  73              	 .loc 1 130 7 view .LVU17
  74 001a DA05     	 lsls r2,r3,#23
 109:Drivers/STM32F3xx_HAL_Driver/Src/stm32f3xx_hal_rcc_ex.c ****     
  75              	 .loc 1 109 20 view .LVU18
  76 001c 4FF00005 	 mov r5,#0
  77              	.LVL2:
  78              	 .loc 1 130 5 is_stmt 1 view .LVU19
  79              	 .loc 1 130 7 is_stmt 0 view .LVU20
  80 0020 78D5     	 bpl .L4
  81              	.LVL3:
  82              	.L10:
 131:Drivers/STM32F3xx_HAL_Driver/Src/stm32f3xx_hal_rcc_ex.c ****     {
 132:Drivers/STM32F3xx_HAL_Driver/Src/stm32f3xx_hal_rcc_ex.c ****       /* Enable write access to Backup domain */
 133:Drivers/STM32F3xx_HAL_Driver/Src/stm32f3xx_hal_rcc_ex.c ****       SET_BIT(PWR->CR, PWR_CR_DBP);
 134:Drivers/STM32F3xx_HAL_Driver/Src/stm32f3xx_hal_rcc_ex.c ****       
 135:Drivers/STM32F3xx_HAL_Driver/Src/stm32f3xx_hal_rcc_ex.c ****       /* Wait for Backup domain Write protection disable */
 136:Drivers/STM32F3xx_HAL_Driver/Src/stm32f3xx_hal_rcc_ex.c ****       tickstart = HAL_GetTick();
 137:Drivers/STM32F3xx_HAL_Driver/Src/stm32f3xx_hal_rcc_ex.c ****       
 138:Drivers/STM32F3xx_HAL_Driver/Src/stm32f3xx_hal_rcc_ex.c ****       while(HAL_IS_BIT_CLR(PWR->CR, PWR_CR_DBP))
 139:Drivers/STM32F3xx_HAL_Driver/Src/stm32f3xx_hal_rcc_ex.c ****       {
 140:Drivers/STM32F3xx_HAL_Driver/Src/stm32f3xx_hal_rcc_ex.c ****           if((HAL_GetTick() - tickstart) > RCC_DBP_TIMEOUT_VALUE)
 141:Drivers/STM32F3xx_HAL_Driver/Src/stm32f3xx_hal_rcc_ex.c ****         {
 142:Drivers/STM32F3xx_HAL_Driver/Src/stm32f3xx_hal_rcc_ex.c ****           return HAL_TIMEOUT;
 143:Drivers/STM32F3xx_HAL_Driver/Src/stm32f3xx_hal_rcc_ex.c ****         }
ARM GAS   			page 5


 144:Drivers/STM32F3xx_HAL_Driver/Src/stm32f3xx_hal_rcc_ex.c ****       }
 145:Drivers/STM32F3xx_HAL_Driver/Src/stm32f3xx_hal_rcc_ex.c ****     }
 146:Drivers/STM32F3xx_HAL_Driver/Src/stm32f3xx_hal_rcc_ex.c ****     
 147:Drivers/STM32F3xx_HAL_Driver/Src/stm32f3xx_hal_rcc_ex.c ****     /* Reset the Backup domain only if the RTC Clock source selection is modified from reset value 
 148:Drivers/STM32F3xx_HAL_Driver/Src/stm32f3xx_hal_rcc_ex.c ****     temp_reg = (RCC->BDCR & RCC_BDCR_RTCSEL);
  83              	 .loc 1 148 5 is_stmt 1 view .LVU21
  84              	 .loc 1 148 20 is_stmt 0 view .LVU22
  85 0022 DFF86081 	 ldr r8,.L48
  86 0026 D8F82030 	 ldr r3,[r8,#32]
  87              	.LVL4:
 149:Drivers/STM32F3xx_HAL_Driver/Src/stm32f3xx_hal_rcc_ex.c ****     if((temp_reg != 0x00000000U) && (temp_reg != (PeriphClkInit->RTCClockSelection & RCC_BDCR_RTCSE
  88              	 .loc 1 149 5 is_stmt 1 view .LVU23
  89              	 .loc 1 149 7 is_stmt 0 view .LVU24
  90 002a 13F44073 	 ands r3,r3,#768
  91              	.LVL5:
  92              	 .loc 1 149 7 view .LVU25
  93 002e 1FD0     	 beq .L43
  94              	 .loc 1 149 64 discriminator 1 view .LVU26
  95 0030 6168     	 ldr r1,[r4,#4]
  96              	 .loc 1 149 84 discriminator 1 view .LVU27
  97 0032 01F44072 	 and r2,r1,#768
  98              	 .loc 1 149 34 discriminator 1 view .LVU28
  99 0036 9A42     	 cmp r2,r3
 100 0038 1BD0     	 beq .L11
 150:Drivers/STM32F3xx_HAL_Driver/Src/stm32f3xx_hal_rcc_ex.c ****     {
 151:Drivers/STM32F3xx_HAL_Driver/Src/stm32f3xx_hal_rcc_ex.c ****       /* Store the content of BDCR register before the reset of Backup Domain */
 152:Drivers/STM32F3xx_HAL_Driver/Src/stm32f3xx_hal_rcc_ex.c ****       temp_reg = (RCC->BDCR & ~(RCC_BDCR_RTCSEL));
 101              	 .loc 1 152 7 is_stmt 1 view .LVU29
 102              	 .loc 1 152 22 is_stmt 0 view .LVU30
 103 003a D8F82010 	 ldr r1,[r8,#32]
 104              	.LBB25:
 105              	.LBB26:
 106              	 .file 2 "Drivers/CMSIS/Include/cmsis_gcc.h"
   1:Drivers/CMSIS/Include/cmsis_gcc.h **** /**************************************************************************//**
   2:Drivers/CMSIS/Include/cmsis_gcc.h ****  * @file     cmsis_gcc.h
   3:Drivers/CMSIS/Include/cmsis_gcc.h ****  * @brief    CMSIS compiler GCC header file
   4:Drivers/CMSIS/Include/cmsis_gcc.h ****  * @version  V5.0.4
   5:Drivers/CMSIS/Include/cmsis_gcc.h ****  * @date     09. April 2018
   6:Drivers/CMSIS/Include/cmsis_gcc.h ****  ******************************************************************************/
   7:Drivers/CMSIS/Include/cmsis_gcc.h **** /*
   8:Drivers/CMSIS/Include/cmsis_gcc.h ****  * Copyright (c) 2009-2018 Arm Limited. All rights reserved.
   9:Drivers/CMSIS/Include/cmsis_gcc.h ****  *
  10:Drivers/CMSIS/Include/cmsis_gcc.h ****  * SPDX-License-Identifier: Apache-2.0
  11:Drivers/CMSIS/Include/cmsis_gcc.h ****  *
  12:Drivers/CMSIS/Include/cmsis_gcc.h ****  * Licensed under the Apache License, Version 2.0 (the License); you may
  13:Drivers/CMSIS/Include/cmsis_gcc.h ****  * not use this file except in compliance with the License.
  14:Drivers/CMSIS/Include/cmsis_gcc.h ****  * You may obtain a copy of the License at
  15:Drivers/CMSIS/Include/cmsis_gcc.h ****  *
  16:Drivers/CMSIS/Include/cmsis_gcc.h ****  * www.apache.org/licenses/LICENSE-2.0
  17:Drivers/CMSIS/Include/cmsis_gcc.h ****  *
  18:Drivers/CMSIS/Include/cmsis_gcc.h ****  * Unless required by applicable law or agreed to in writing, software
  19:Drivers/CMSIS/Include/cmsis_gcc.h ****  * distributed under the License is distributed on an AS IS BASIS, WITHOUT
  20:Drivers/CMSIS/Include/cmsis_gcc.h ****  * WARRANTIES OR CONDITIONS OF ANY KIND, either express or implied.
  21:Drivers/CMSIS/Include/cmsis_gcc.h ****  * See the License for the specific language governing permissions and
  22:Drivers/CMSIS/Include/cmsis_gcc.h ****  * limitations under the License.
  23:Drivers/CMSIS/Include/cmsis_gcc.h ****  */
  24:Drivers/CMSIS/Include/cmsis_gcc.h **** 
ARM GAS   			page 6


  25:Drivers/CMSIS/Include/cmsis_gcc.h **** #ifndef __CMSIS_GCC_H
  26:Drivers/CMSIS/Include/cmsis_gcc.h **** #define __CMSIS_GCC_H
  27:Drivers/CMSIS/Include/cmsis_gcc.h **** 
  28:Drivers/CMSIS/Include/cmsis_gcc.h **** /* ignore some GCC warnings */
  29:Drivers/CMSIS/Include/cmsis_gcc.h **** #pragma GCC diagnostic push
  30:Drivers/CMSIS/Include/cmsis_gcc.h **** #pragma GCC diagnostic ignored "-Wsign-conversion"
  31:Drivers/CMSIS/Include/cmsis_gcc.h **** #pragma GCC diagnostic ignored "-Wconversion"
  32:Drivers/CMSIS/Include/cmsis_gcc.h **** #pragma GCC diagnostic ignored "-Wunused-parameter"
  33:Drivers/CMSIS/Include/cmsis_gcc.h **** 
  34:Drivers/CMSIS/Include/cmsis_gcc.h **** /* Fallback for __has_builtin */
  35:Drivers/CMSIS/Include/cmsis_gcc.h **** #ifndef __has_builtin
  36:Drivers/CMSIS/Include/cmsis_gcc.h ****   #define __has_builtin(x) (0)
  37:Drivers/CMSIS/Include/cmsis_gcc.h **** #endif
  38:Drivers/CMSIS/Include/cmsis_gcc.h **** 
  39:Drivers/CMSIS/Include/cmsis_gcc.h **** /* CMSIS compiler specific defines */
  40:Drivers/CMSIS/Include/cmsis_gcc.h **** #ifndef   __ASM
  41:Drivers/CMSIS/Include/cmsis_gcc.h ****   #define __ASM                                  __asm
  42:Drivers/CMSIS/Include/cmsis_gcc.h **** #endif
  43:Drivers/CMSIS/Include/cmsis_gcc.h **** #ifndef   __INLINE
  44:Drivers/CMSIS/Include/cmsis_gcc.h ****   #define __INLINE                               inline
  45:Drivers/CMSIS/Include/cmsis_gcc.h **** #endif
  46:Drivers/CMSIS/Include/cmsis_gcc.h **** #ifndef   __STATIC_INLINE
  47:Drivers/CMSIS/Include/cmsis_gcc.h ****   #define __STATIC_INLINE                        static inline
  48:Drivers/CMSIS/Include/cmsis_gcc.h **** #endif
  49:Drivers/CMSIS/Include/cmsis_gcc.h **** #ifndef   __STATIC_FORCEINLINE                 
  50:Drivers/CMSIS/Include/cmsis_gcc.h ****   #define __STATIC_FORCEINLINE                   __attribute__((always_inline)) static inline
  51:Drivers/CMSIS/Include/cmsis_gcc.h **** #endif                                           
  52:Drivers/CMSIS/Include/cmsis_gcc.h **** #ifndef   __NO_RETURN
  53:Drivers/CMSIS/Include/cmsis_gcc.h ****   #define __NO_RETURN                            __attribute__((__noreturn__))
  54:Drivers/CMSIS/Include/cmsis_gcc.h **** #endif
  55:Drivers/CMSIS/Include/cmsis_gcc.h **** #ifndef   __USED
  56:Drivers/CMSIS/Include/cmsis_gcc.h ****   #define __USED                                 __attribute__((used))
  57:Drivers/CMSIS/Include/cmsis_gcc.h **** #endif
  58:Drivers/CMSIS/Include/cmsis_gcc.h **** #ifndef   __WEAK
  59:Drivers/CMSIS/Include/cmsis_gcc.h ****   #define __WEAK                                 __attribute__((weak))
  60:Drivers/CMSIS/Include/cmsis_gcc.h **** #endif
  61:Drivers/CMSIS/Include/cmsis_gcc.h **** #ifndef   __PACKED
  62:Drivers/CMSIS/Include/cmsis_gcc.h ****   #define __PACKED                               __attribute__((packed, aligned(1)))
  63:Drivers/CMSIS/Include/cmsis_gcc.h **** #endif
  64:Drivers/CMSIS/Include/cmsis_gcc.h **** #ifndef   __PACKED_STRUCT
  65:Drivers/CMSIS/Include/cmsis_gcc.h ****   #define __PACKED_STRUCT                        struct __attribute__((packed, aligned(1)))
  66:Drivers/CMSIS/Include/cmsis_gcc.h **** #endif
  67:Drivers/CMSIS/Include/cmsis_gcc.h **** #ifndef   __PACKED_UNION
  68:Drivers/CMSIS/Include/cmsis_gcc.h ****   #define __PACKED_UNION                         union __attribute__((packed, aligned(1)))
  69:Drivers/CMSIS/Include/cmsis_gcc.h **** #endif
  70:Drivers/CMSIS/Include/cmsis_gcc.h **** #ifndef   __UNALIGNED_UINT32        /* deprecated */
  71:Drivers/CMSIS/Include/cmsis_gcc.h ****   #pragma GCC diagnostic push
  72:Drivers/CMSIS/Include/cmsis_gcc.h ****   #pragma GCC diagnostic ignored "-Wpacked"
  73:Drivers/CMSIS/Include/cmsis_gcc.h ****   #pragma GCC diagnostic ignored "-Wattributes"
  74:Drivers/CMSIS/Include/cmsis_gcc.h ****   struct __attribute__((packed)) T_UINT32 { uint32_t v; };
  75:Drivers/CMSIS/Include/cmsis_gcc.h ****   #pragma GCC diagnostic pop
  76:Drivers/CMSIS/Include/cmsis_gcc.h ****   #define __UNALIGNED_UINT32(x)                  (((struct T_UINT32 *)(x))->v)
  77:Drivers/CMSIS/Include/cmsis_gcc.h **** #endif
  78:Drivers/CMSIS/Include/cmsis_gcc.h **** #ifndef   __UNALIGNED_UINT16_WRITE
  79:Drivers/CMSIS/Include/cmsis_gcc.h ****   #pragma GCC diagnostic push
  80:Drivers/CMSIS/Include/cmsis_gcc.h ****   #pragma GCC diagnostic ignored "-Wpacked"
  81:Drivers/CMSIS/Include/cmsis_gcc.h ****   #pragma GCC diagnostic ignored "-Wattributes"
ARM GAS   			page 7


  82:Drivers/CMSIS/Include/cmsis_gcc.h ****   __PACKED_STRUCT T_UINT16_WRITE { uint16_t v; };
  83:Drivers/CMSIS/Include/cmsis_gcc.h ****   #pragma GCC diagnostic pop
  84:Drivers/CMSIS/Include/cmsis_gcc.h ****   #define __UNALIGNED_UINT16_WRITE(addr, val)    (void)((((struct T_UINT16_WRITE *)(void *)(addr))-
  85:Drivers/CMSIS/Include/cmsis_gcc.h **** #endif
  86:Drivers/CMSIS/Include/cmsis_gcc.h **** #ifndef   __UNALIGNED_UINT16_READ
  87:Drivers/CMSIS/Include/cmsis_gcc.h ****   #pragma GCC diagnostic push
  88:Drivers/CMSIS/Include/cmsis_gcc.h ****   #pragma GCC diagnostic ignored "-Wpacked"
  89:Drivers/CMSIS/Include/cmsis_gcc.h ****   #pragma GCC diagnostic ignored "-Wattributes"
  90:Drivers/CMSIS/Include/cmsis_gcc.h ****   __PACKED_STRUCT T_UINT16_READ { uint16_t v; };
  91:Drivers/CMSIS/Include/cmsis_gcc.h ****   #pragma GCC diagnostic pop
  92:Drivers/CMSIS/Include/cmsis_gcc.h ****   #define __UNALIGNED_UINT16_READ(addr)          (((const struct T_UINT16_READ *)(const void *)(add
  93:Drivers/CMSIS/Include/cmsis_gcc.h **** #endif
  94:Drivers/CMSIS/Include/cmsis_gcc.h **** #ifndef   __UNALIGNED_UINT32_WRITE
  95:Drivers/CMSIS/Include/cmsis_gcc.h ****   #pragma GCC diagnostic push
  96:Drivers/CMSIS/Include/cmsis_gcc.h ****   #pragma GCC diagnostic ignored "-Wpacked"
  97:Drivers/CMSIS/Include/cmsis_gcc.h ****   #pragma GCC diagnostic ignored "-Wattributes"
  98:Drivers/CMSIS/Include/cmsis_gcc.h ****   __PACKED_STRUCT T_UINT32_WRITE { uint32_t v; };
  99:Drivers/CMSIS/Include/cmsis_gcc.h ****   #pragma GCC diagnostic pop
 100:Drivers/CMSIS/Include/cmsis_gcc.h ****   #define __UNALIGNED_UINT32_WRITE(addr, val)    (void)((((struct T_UINT32_WRITE *)(void *)(addr))-
 101:Drivers/CMSIS/Include/cmsis_gcc.h **** #endif
 102:Drivers/CMSIS/Include/cmsis_gcc.h **** #ifndef   __UNALIGNED_UINT32_READ
 103:Drivers/CMSIS/Include/cmsis_gcc.h ****   #pragma GCC diagnostic push
 104:Drivers/CMSIS/Include/cmsis_gcc.h ****   #pragma GCC diagnostic ignored "-Wpacked"
 105:Drivers/CMSIS/Include/cmsis_gcc.h ****   #pragma GCC diagnostic ignored "-Wattributes"
 106:Drivers/CMSIS/Include/cmsis_gcc.h ****   __PACKED_STRUCT T_UINT32_READ { uint32_t v; };
 107:Drivers/CMSIS/Include/cmsis_gcc.h ****   #pragma GCC diagnostic pop
 108:Drivers/CMSIS/Include/cmsis_gcc.h ****   #define __UNALIGNED_UINT32_READ(addr)          (((const struct T_UINT32_READ *)(const void *)(add
 109:Drivers/CMSIS/Include/cmsis_gcc.h **** #endif
 110:Drivers/CMSIS/Include/cmsis_gcc.h **** #ifndef   __ALIGNED
 111:Drivers/CMSIS/Include/cmsis_gcc.h ****   #define __ALIGNED(x)                           __attribute__((aligned(x)))
 112:Drivers/CMSIS/Include/cmsis_gcc.h **** #endif
 113:Drivers/CMSIS/Include/cmsis_gcc.h **** #ifndef   __RESTRICT
 114:Drivers/CMSIS/Include/cmsis_gcc.h ****   #define __RESTRICT                             __restrict
 115:Drivers/CMSIS/Include/cmsis_gcc.h **** #endif
 116:Drivers/CMSIS/Include/cmsis_gcc.h **** 
 117:Drivers/CMSIS/Include/cmsis_gcc.h **** 
 118:Drivers/CMSIS/Include/cmsis_gcc.h **** /* ###########################  Core Function Access  ########################### */
 119:Drivers/CMSIS/Include/cmsis_gcc.h **** /** \ingroup  CMSIS_Core_FunctionInterface
 120:Drivers/CMSIS/Include/cmsis_gcc.h ****     \defgroup CMSIS_Core_RegAccFunctions CMSIS Core Register Access Functions
 121:Drivers/CMSIS/Include/cmsis_gcc.h ****   @{
 122:Drivers/CMSIS/Include/cmsis_gcc.h ****  */
 123:Drivers/CMSIS/Include/cmsis_gcc.h **** 
 124:Drivers/CMSIS/Include/cmsis_gcc.h **** /**
 125:Drivers/CMSIS/Include/cmsis_gcc.h ****   \brief   Enable IRQ Interrupts
 126:Drivers/CMSIS/Include/cmsis_gcc.h ****   \details Enables IRQ interrupts by clearing the I-bit in the CPSR.
 127:Drivers/CMSIS/Include/cmsis_gcc.h ****            Can only be executed in Privileged modes.
 128:Drivers/CMSIS/Include/cmsis_gcc.h ****  */
 129:Drivers/CMSIS/Include/cmsis_gcc.h **** __STATIC_FORCEINLINE void __enable_irq(void)
 130:Drivers/CMSIS/Include/cmsis_gcc.h **** {
 131:Drivers/CMSIS/Include/cmsis_gcc.h ****   __ASM volatile ("cpsie i" : : : "memory");
 132:Drivers/CMSIS/Include/cmsis_gcc.h **** }
 133:Drivers/CMSIS/Include/cmsis_gcc.h **** 
 134:Drivers/CMSIS/Include/cmsis_gcc.h **** 
 135:Drivers/CMSIS/Include/cmsis_gcc.h **** /**
 136:Drivers/CMSIS/Include/cmsis_gcc.h ****   \brief   Disable IRQ Interrupts
 137:Drivers/CMSIS/Include/cmsis_gcc.h ****   \details Disables IRQ interrupts by setting the I-bit in the CPSR.
 138:Drivers/CMSIS/Include/cmsis_gcc.h ****            Can only be executed in Privileged modes.
ARM GAS   			page 8


 139:Drivers/CMSIS/Include/cmsis_gcc.h ****  */
 140:Drivers/CMSIS/Include/cmsis_gcc.h **** __STATIC_FORCEINLINE void __disable_irq(void)
 141:Drivers/CMSIS/Include/cmsis_gcc.h **** {
 142:Drivers/CMSIS/Include/cmsis_gcc.h ****   __ASM volatile ("cpsid i" : : : "memory");
 143:Drivers/CMSIS/Include/cmsis_gcc.h **** }
 144:Drivers/CMSIS/Include/cmsis_gcc.h **** 
 145:Drivers/CMSIS/Include/cmsis_gcc.h **** 
 146:Drivers/CMSIS/Include/cmsis_gcc.h **** /**
 147:Drivers/CMSIS/Include/cmsis_gcc.h ****   \brief   Get Control Register
 148:Drivers/CMSIS/Include/cmsis_gcc.h ****   \details Returns the content of the Control Register.
 149:Drivers/CMSIS/Include/cmsis_gcc.h ****   \return               Control Register value
 150:Drivers/CMSIS/Include/cmsis_gcc.h ****  */
 151:Drivers/CMSIS/Include/cmsis_gcc.h **** __STATIC_FORCEINLINE uint32_t __get_CONTROL(void)
 152:Drivers/CMSIS/Include/cmsis_gcc.h **** {
 153:Drivers/CMSIS/Include/cmsis_gcc.h ****   uint32_t result;
 154:Drivers/CMSIS/Include/cmsis_gcc.h **** 
 155:Drivers/CMSIS/Include/cmsis_gcc.h ****   __ASM volatile ("MRS %0, control" : "=r" (result) );
 156:Drivers/CMSIS/Include/cmsis_gcc.h ****   return(result);
 157:Drivers/CMSIS/Include/cmsis_gcc.h **** }
 158:Drivers/CMSIS/Include/cmsis_gcc.h **** 
 159:Drivers/CMSIS/Include/cmsis_gcc.h **** 
 160:Drivers/CMSIS/Include/cmsis_gcc.h **** #if (defined (__ARM_FEATURE_CMSE ) && (__ARM_FEATURE_CMSE == 3))
 161:Drivers/CMSIS/Include/cmsis_gcc.h **** /**
 162:Drivers/CMSIS/Include/cmsis_gcc.h ****   \brief   Get Control Register (non-secure)
 163:Drivers/CMSIS/Include/cmsis_gcc.h ****   \details Returns the content of the non-secure Control Register when in secure mode.
 164:Drivers/CMSIS/Include/cmsis_gcc.h ****   \return               non-secure Control Register value
 165:Drivers/CMSIS/Include/cmsis_gcc.h ****  */
 166:Drivers/CMSIS/Include/cmsis_gcc.h **** __STATIC_FORCEINLINE uint32_t __TZ_get_CONTROL_NS(void)
 167:Drivers/CMSIS/Include/cmsis_gcc.h **** {
 168:Drivers/CMSIS/Include/cmsis_gcc.h ****   uint32_t result;
 169:Drivers/CMSIS/Include/cmsis_gcc.h **** 
 170:Drivers/CMSIS/Include/cmsis_gcc.h ****   __ASM volatile ("MRS %0, control_ns" : "=r" (result) );
 171:Drivers/CMSIS/Include/cmsis_gcc.h ****   return(result);
 172:Drivers/CMSIS/Include/cmsis_gcc.h **** }
 173:Drivers/CMSIS/Include/cmsis_gcc.h **** #endif
 174:Drivers/CMSIS/Include/cmsis_gcc.h **** 
 175:Drivers/CMSIS/Include/cmsis_gcc.h **** 
 176:Drivers/CMSIS/Include/cmsis_gcc.h **** /**
 177:Drivers/CMSIS/Include/cmsis_gcc.h ****   \brief   Set Control Register
 178:Drivers/CMSIS/Include/cmsis_gcc.h ****   \details Writes the given value to the Control Register.
 179:Drivers/CMSIS/Include/cmsis_gcc.h ****   \param [in]    control  Control Register value to set
 180:Drivers/CMSIS/Include/cmsis_gcc.h ****  */
 181:Drivers/CMSIS/Include/cmsis_gcc.h **** __STATIC_FORCEINLINE void __set_CONTROL(uint32_t control)
 182:Drivers/CMSIS/Include/cmsis_gcc.h **** {
 183:Drivers/CMSIS/Include/cmsis_gcc.h ****   __ASM volatile ("MSR control, %0" : : "r" (control) : "memory");
 184:Drivers/CMSIS/Include/cmsis_gcc.h **** }
 185:Drivers/CMSIS/Include/cmsis_gcc.h **** 
 186:Drivers/CMSIS/Include/cmsis_gcc.h **** 
 187:Drivers/CMSIS/Include/cmsis_gcc.h **** #if (defined (__ARM_FEATURE_CMSE ) && (__ARM_FEATURE_CMSE == 3))
 188:Drivers/CMSIS/Include/cmsis_gcc.h **** /**
 189:Drivers/CMSIS/Include/cmsis_gcc.h ****   \brief   Set Control Register (non-secure)
 190:Drivers/CMSIS/Include/cmsis_gcc.h ****   \details Writes the given value to the non-secure Control Register when in secure state.
 191:Drivers/CMSIS/Include/cmsis_gcc.h ****   \param [in]    control  Control Register value to set
 192:Drivers/CMSIS/Include/cmsis_gcc.h ****  */
 193:Drivers/CMSIS/Include/cmsis_gcc.h **** __STATIC_FORCEINLINE void __TZ_set_CONTROL_NS(uint32_t control)
 194:Drivers/CMSIS/Include/cmsis_gcc.h **** {
 195:Drivers/CMSIS/Include/cmsis_gcc.h ****   __ASM volatile ("MSR control_ns, %0" : : "r" (control) : "memory");
ARM GAS   			page 9


 196:Drivers/CMSIS/Include/cmsis_gcc.h **** }
 197:Drivers/CMSIS/Include/cmsis_gcc.h **** #endif
 198:Drivers/CMSIS/Include/cmsis_gcc.h **** 
 199:Drivers/CMSIS/Include/cmsis_gcc.h **** 
 200:Drivers/CMSIS/Include/cmsis_gcc.h **** /**
 201:Drivers/CMSIS/Include/cmsis_gcc.h ****   \brief   Get IPSR Register
 202:Drivers/CMSIS/Include/cmsis_gcc.h ****   \details Returns the content of the IPSR Register.
 203:Drivers/CMSIS/Include/cmsis_gcc.h ****   \return               IPSR Register value
 204:Drivers/CMSIS/Include/cmsis_gcc.h ****  */
 205:Drivers/CMSIS/Include/cmsis_gcc.h **** __STATIC_FORCEINLINE uint32_t __get_IPSR(void)
 206:Drivers/CMSIS/Include/cmsis_gcc.h **** {
 207:Drivers/CMSIS/Include/cmsis_gcc.h ****   uint32_t result;
 208:Drivers/CMSIS/Include/cmsis_gcc.h **** 
 209:Drivers/CMSIS/Include/cmsis_gcc.h ****   __ASM volatile ("MRS %0, ipsr" : "=r" (result) );
 210:Drivers/CMSIS/Include/cmsis_gcc.h ****   return(result);
 211:Drivers/CMSIS/Include/cmsis_gcc.h **** }
 212:Drivers/CMSIS/Include/cmsis_gcc.h **** 
 213:Drivers/CMSIS/Include/cmsis_gcc.h **** 
 214:Drivers/CMSIS/Include/cmsis_gcc.h **** /**
 215:Drivers/CMSIS/Include/cmsis_gcc.h ****   \brief   Get APSR Register
 216:Drivers/CMSIS/Include/cmsis_gcc.h ****   \details Returns the content of the APSR Register.
 217:Drivers/CMSIS/Include/cmsis_gcc.h ****   \return               APSR Register value
 218:Drivers/CMSIS/Include/cmsis_gcc.h ****  */
 219:Drivers/CMSIS/Include/cmsis_gcc.h **** __STATIC_FORCEINLINE uint32_t __get_APSR(void)
 220:Drivers/CMSIS/Include/cmsis_gcc.h **** {
 221:Drivers/CMSIS/Include/cmsis_gcc.h ****   uint32_t result;
 222:Drivers/CMSIS/Include/cmsis_gcc.h **** 
 223:Drivers/CMSIS/Include/cmsis_gcc.h ****   __ASM volatile ("MRS %0, apsr" : "=r" (result) );
 224:Drivers/CMSIS/Include/cmsis_gcc.h ****   return(result);
 225:Drivers/CMSIS/Include/cmsis_gcc.h **** }
 226:Drivers/CMSIS/Include/cmsis_gcc.h **** 
 227:Drivers/CMSIS/Include/cmsis_gcc.h **** 
 228:Drivers/CMSIS/Include/cmsis_gcc.h **** /**
 229:Drivers/CMSIS/Include/cmsis_gcc.h ****   \brief   Get xPSR Register
 230:Drivers/CMSIS/Include/cmsis_gcc.h ****   \details Returns the content of the xPSR Register.
 231:Drivers/CMSIS/Include/cmsis_gcc.h ****   \return               xPSR Register value
 232:Drivers/CMSIS/Include/cmsis_gcc.h ****  */
 233:Drivers/CMSIS/Include/cmsis_gcc.h **** __STATIC_FORCEINLINE uint32_t __get_xPSR(void)
 234:Drivers/CMSIS/Include/cmsis_gcc.h **** {
 235:Drivers/CMSIS/Include/cmsis_gcc.h ****   uint32_t result;
 236:Drivers/CMSIS/Include/cmsis_gcc.h **** 
 237:Drivers/CMSIS/Include/cmsis_gcc.h ****   __ASM volatile ("MRS %0, xpsr" : "=r" (result) );
 238:Drivers/CMSIS/Include/cmsis_gcc.h ****   return(result);
 239:Drivers/CMSIS/Include/cmsis_gcc.h **** }
 240:Drivers/CMSIS/Include/cmsis_gcc.h **** 
 241:Drivers/CMSIS/Include/cmsis_gcc.h **** 
 242:Drivers/CMSIS/Include/cmsis_gcc.h **** /**
 243:Drivers/CMSIS/Include/cmsis_gcc.h ****   \brief   Get Process Stack Pointer
 244:Drivers/CMSIS/Include/cmsis_gcc.h ****   \details Returns the current value of the Process Stack Pointer (PSP).
 245:Drivers/CMSIS/Include/cmsis_gcc.h ****   \return               PSP Register value
 246:Drivers/CMSIS/Include/cmsis_gcc.h ****  */
 247:Drivers/CMSIS/Include/cmsis_gcc.h **** __STATIC_FORCEINLINE uint32_t __get_PSP(void)
 248:Drivers/CMSIS/Include/cmsis_gcc.h **** {
 249:Drivers/CMSIS/Include/cmsis_gcc.h ****   uint32_t result;
 250:Drivers/CMSIS/Include/cmsis_gcc.h **** 
 251:Drivers/CMSIS/Include/cmsis_gcc.h ****   __ASM volatile ("MRS %0, psp"  : "=r" (result) );
 252:Drivers/CMSIS/Include/cmsis_gcc.h ****   return(result);
ARM GAS   			page 10


 253:Drivers/CMSIS/Include/cmsis_gcc.h **** }
 254:Drivers/CMSIS/Include/cmsis_gcc.h **** 
 255:Drivers/CMSIS/Include/cmsis_gcc.h **** 
 256:Drivers/CMSIS/Include/cmsis_gcc.h **** #if (defined (__ARM_FEATURE_CMSE ) && (__ARM_FEATURE_CMSE == 3))
 257:Drivers/CMSIS/Include/cmsis_gcc.h **** /**
 258:Drivers/CMSIS/Include/cmsis_gcc.h ****   \brief   Get Process Stack Pointer (non-secure)
 259:Drivers/CMSIS/Include/cmsis_gcc.h ****   \details Returns the current value of the non-secure Process Stack Pointer (PSP) when in secure s
 260:Drivers/CMSIS/Include/cmsis_gcc.h ****   \return               PSP Register value
 261:Drivers/CMSIS/Include/cmsis_gcc.h ****  */
 262:Drivers/CMSIS/Include/cmsis_gcc.h **** __STATIC_FORCEINLINE uint32_t __TZ_get_PSP_NS(void)
 263:Drivers/CMSIS/Include/cmsis_gcc.h **** {
 264:Drivers/CMSIS/Include/cmsis_gcc.h ****   uint32_t result;
 265:Drivers/CMSIS/Include/cmsis_gcc.h **** 
 266:Drivers/CMSIS/Include/cmsis_gcc.h ****   __ASM volatile ("MRS %0, psp_ns"  : "=r" (result) );
 267:Drivers/CMSIS/Include/cmsis_gcc.h ****   return(result);
 268:Drivers/CMSIS/Include/cmsis_gcc.h **** }
 269:Drivers/CMSIS/Include/cmsis_gcc.h **** #endif
 270:Drivers/CMSIS/Include/cmsis_gcc.h **** 
 271:Drivers/CMSIS/Include/cmsis_gcc.h **** 
 272:Drivers/CMSIS/Include/cmsis_gcc.h **** /**
 273:Drivers/CMSIS/Include/cmsis_gcc.h ****   \brief   Set Process Stack Pointer
 274:Drivers/CMSIS/Include/cmsis_gcc.h ****   \details Assigns the given value to the Process Stack Pointer (PSP).
 275:Drivers/CMSIS/Include/cmsis_gcc.h ****   \param [in]    topOfProcStack  Process Stack Pointer value to set
 276:Drivers/CMSIS/Include/cmsis_gcc.h ****  */
 277:Drivers/CMSIS/Include/cmsis_gcc.h **** __STATIC_FORCEINLINE void __set_PSP(uint32_t topOfProcStack)
 278:Drivers/CMSIS/Include/cmsis_gcc.h **** {
 279:Drivers/CMSIS/Include/cmsis_gcc.h ****   __ASM volatile ("MSR psp, %0" : : "r" (topOfProcStack) : );
 280:Drivers/CMSIS/Include/cmsis_gcc.h **** }
 281:Drivers/CMSIS/Include/cmsis_gcc.h **** 
 282:Drivers/CMSIS/Include/cmsis_gcc.h **** 
 283:Drivers/CMSIS/Include/cmsis_gcc.h **** #if (defined (__ARM_FEATURE_CMSE ) && (__ARM_FEATURE_CMSE == 3))
 284:Drivers/CMSIS/Include/cmsis_gcc.h **** /**
 285:Drivers/CMSIS/Include/cmsis_gcc.h ****   \brief   Set Process Stack Pointer (non-secure)
 286:Drivers/CMSIS/Include/cmsis_gcc.h ****   \details Assigns the given value to the non-secure Process Stack Pointer (PSP) when in secure sta
 287:Drivers/CMSIS/Include/cmsis_gcc.h ****   \param [in]    topOfProcStack  Process Stack Pointer value to set
 288:Drivers/CMSIS/Include/cmsis_gcc.h ****  */
 289:Drivers/CMSIS/Include/cmsis_gcc.h **** __STATIC_FORCEINLINE void __TZ_set_PSP_NS(uint32_t topOfProcStack)
 290:Drivers/CMSIS/Include/cmsis_gcc.h **** {
 291:Drivers/CMSIS/Include/cmsis_gcc.h ****   __ASM volatile ("MSR psp_ns, %0" : : "r" (topOfProcStack) : );
 292:Drivers/CMSIS/Include/cmsis_gcc.h **** }
 293:Drivers/CMSIS/Include/cmsis_gcc.h **** #endif
 294:Drivers/CMSIS/Include/cmsis_gcc.h **** 
 295:Drivers/CMSIS/Include/cmsis_gcc.h **** 
 296:Drivers/CMSIS/Include/cmsis_gcc.h **** /**
 297:Drivers/CMSIS/Include/cmsis_gcc.h ****   \brief   Get Main Stack Pointer
 298:Drivers/CMSIS/Include/cmsis_gcc.h ****   \details Returns the current value of the Main Stack Pointer (MSP).
 299:Drivers/CMSIS/Include/cmsis_gcc.h ****   \return               MSP Register value
 300:Drivers/CMSIS/Include/cmsis_gcc.h ****  */
 301:Drivers/CMSIS/Include/cmsis_gcc.h **** __STATIC_FORCEINLINE uint32_t __get_MSP(void)
 302:Drivers/CMSIS/Include/cmsis_gcc.h **** {
 303:Drivers/CMSIS/Include/cmsis_gcc.h ****   uint32_t result;
 304:Drivers/CMSIS/Include/cmsis_gcc.h **** 
 305:Drivers/CMSIS/Include/cmsis_gcc.h ****   __ASM volatile ("MRS %0, msp" : "=r" (result) );
 306:Drivers/CMSIS/Include/cmsis_gcc.h ****   return(result);
 307:Drivers/CMSIS/Include/cmsis_gcc.h **** }
 308:Drivers/CMSIS/Include/cmsis_gcc.h **** 
 309:Drivers/CMSIS/Include/cmsis_gcc.h **** 
ARM GAS   			page 11


 310:Drivers/CMSIS/Include/cmsis_gcc.h **** #if (defined (__ARM_FEATURE_CMSE ) && (__ARM_FEATURE_CMSE == 3))
 311:Drivers/CMSIS/Include/cmsis_gcc.h **** /**
 312:Drivers/CMSIS/Include/cmsis_gcc.h ****   \brief   Get Main Stack Pointer (non-secure)
 313:Drivers/CMSIS/Include/cmsis_gcc.h ****   \details Returns the current value of the non-secure Main Stack Pointer (MSP) when in secure stat
 314:Drivers/CMSIS/Include/cmsis_gcc.h ****   \return               MSP Register value
 315:Drivers/CMSIS/Include/cmsis_gcc.h ****  */
 316:Drivers/CMSIS/Include/cmsis_gcc.h **** __STATIC_FORCEINLINE uint32_t __TZ_get_MSP_NS(void)
 317:Drivers/CMSIS/Include/cmsis_gcc.h **** {
 318:Drivers/CMSIS/Include/cmsis_gcc.h ****   uint32_t result;
 319:Drivers/CMSIS/Include/cmsis_gcc.h **** 
 320:Drivers/CMSIS/Include/cmsis_gcc.h ****   __ASM volatile ("MRS %0, msp_ns" : "=r" (result) );
 321:Drivers/CMSIS/Include/cmsis_gcc.h ****   return(result);
 322:Drivers/CMSIS/Include/cmsis_gcc.h **** }
 323:Drivers/CMSIS/Include/cmsis_gcc.h **** #endif
 324:Drivers/CMSIS/Include/cmsis_gcc.h **** 
 325:Drivers/CMSIS/Include/cmsis_gcc.h **** 
 326:Drivers/CMSIS/Include/cmsis_gcc.h **** /**
 327:Drivers/CMSIS/Include/cmsis_gcc.h ****   \brief   Set Main Stack Pointer
 328:Drivers/CMSIS/Include/cmsis_gcc.h ****   \details Assigns the given value to the Main Stack Pointer (MSP).
 329:Drivers/CMSIS/Include/cmsis_gcc.h ****   \param [in]    topOfMainStack  Main Stack Pointer value to set
 330:Drivers/CMSIS/Include/cmsis_gcc.h ****  */
 331:Drivers/CMSIS/Include/cmsis_gcc.h **** __STATIC_FORCEINLINE void __set_MSP(uint32_t topOfMainStack)
 332:Drivers/CMSIS/Include/cmsis_gcc.h **** {
 333:Drivers/CMSIS/Include/cmsis_gcc.h ****   __ASM volatile ("MSR msp, %0" : : "r" (topOfMainStack) : );
 334:Drivers/CMSIS/Include/cmsis_gcc.h **** }
 335:Drivers/CMSIS/Include/cmsis_gcc.h **** 
 336:Drivers/CMSIS/Include/cmsis_gcc.h **** 
 337:Drivers/CMSIS/Include/cmsis_gcc.h **** #if (defined (__ARM_FEATURE_CMSE ) && (__ARM_FEATURE_CMSE == 3))
 338:Drivers/CMSIS/Include/cmsis_gcc.h **** /**
 339:Drivers/CMSIS/Include/cmsis_gcc.h ****   \brief   Set Main Stack Pointer (non-secure)
 340:Drivers/CMSIS/Include/cmsis_gcc.h ****   \details Assigns the given value to the non-secure Main Stack Pointer (MSP) when in secure state.
 341:Drivers/CMSIS/Include/cmsis_gcc.h ****   \param [in]    topOfMainStack  Main Stack Pointer value to set
 342:Drivers/CMSIS/Include/cmsis_gcc.h ****  */
 343:Drivers/CMSIS/Include/cmsis_gcc.h **** __STATIC_FORCEINLINE void __TZ_set_MSP_NS(uint32_t topOfMainStack)
 344:Drivers/CMSIS/Include/cmsis_gcc.h **** {
 345:Drivers/CMSIS/Include/cmsis_gcc.h ****   __ASM volatile ("MSR msp_ns, %0" : : "r" (topOfMainStack) : );
 346:Drivers/CMSIS/Include/cmsis_gcc.h **** }
 347:Drivers/CMSIS/Include/cmsis_gcc.h **** #endif
 348:Drivers/CMSIS/Include/cmsis_gcc.h **** 
 349:Drivers/CMSIS/Include/cmsis_gcc.h **** 
 350:Drivers/CMSIS/Include/cmsis_gcc.h **** #if (defined (__ARM_FEATURE_CMSE ) && (__ARM_FEATURE_CMSE == 3))
 351:Drivers/CMSIS/Include/cmsis_gcc.h **** /**
 352:Drivers/CMSIS/Include/cmsis_gcc.h ****   \brief   Get Stack Pointer (non-secure)
 353:Drivers/CMSIS/Include/cmsis_gcc.h ****   \details Returns the current value of the non-secure Stack Pointer (SP) when in secure state.
 354:Drivers/CMSIS/Include/cmsis_gcc.h ****   \return               SP Register value
 355:Drivers/CMSIS/Include/cmsis_gcc.h ****  */
 356:Drivers/CMSIS/Include/cmsis_gcc.h **** __STATIC_FORCEINLINE uint32_t __TZ_get_SP_NS(void)
 357:Drivers/CMSIS/Include/cmsis_gcc.h **** {
 358:Drivers/CMSIS/Include/cmsis_gcc.h ****   uint32_t result;
 359:Drivers/CMSIS/Include/cmsis_gcc.h **** 
 360:Drivers/CMSIS/Include/cmsis_gcc.h ****   __ASM volatile ("MRS %0, sp_ns" : "=r" (result) );
 361:Drivers/CMSIS/Include/cmsis_gcc.h ****   return(result);
 362:Drivers/CMSIS/Include/cmsis_gcc.h **** }
 363:Drivers/CMSIS/Include/cmsis_gcc.h **** 
 364:Drivers/CMSIS/Include/cmsis_gcc.h **** 
 365:Drivers/CMSIS/Include/cmsis_gcc.h **** /**
 366:Drivers/CMSIS/Include/cmsis_gcc.h ****   \brief   Set Stack Pointer (non-secure)
ARM GAS   			page 12


 367:Drivers/CMSIS/Include/cmsis_gcc.h ****   \details Assigns the given value to the non-secure Stack Pointer (SP) when in secure state.
 368:Drivers/CMSIS/Include/cmsis_gcc.h ****   \param [in]    topOfStack  Stack Pointer value to set
 369:Drivers/CMSIS/Include/cmsis_gcc.h ****  */
 370:Drivers/CMSIS/Include/cmsis_gcc.h **** __STATIC_FORCEINLINE void __TZ_set_SP_NS(uint32_t topOfStack)
 371:Drivers/CMSIS/Include/cmsis_gcc.h **** {
 372:Drivers/CMSIS/Include/cmsis_gcc.h ****   __ASM volatile ("MSR sp_ns, %0" : : "r" (topOfStack) : );
 373:Drivers/CMSIS/Include/cmsis_gcc.h **** }
 374:Drivers/CMSIS/Include/cmsis_gcc.h **** #endif
 375:Drivers/CMSIS/Include/cmsis_gcc.h **** 
 376:Drivers/CMSIS/Include/cmsis_gcc.h **** 
 377:Drivers/CMSIS/Include/cmsis_gcc.h **** /**
 378:Drivers/CMSIS/Include/cmsis_gcc.h ****   \brief   Get Priority Mask
 379:Drivers/CMSIS/Include/cmsis_gcc.h ****   \details Returns the current state of the priority mask bit from the Priority Mask Register.
 380:Drivers/CMSIS/Include/cmsis_gcc.h ****   \return               Priority Mask value
 381:Drivers/CMSIS/Include/cmsis_gcc.h ****  */
 382:Drivers/CMSIS/Include/cmsis_gcc.h **** __STATIC_FORCEINLINE uint32_t __get_PRIMASK(void)
 383:Drivers/CMSIS/Include/cmsis_gcc.h **** {
 384:Drivers/CMSIS/Include/cmsis_gcc.h ****   uint32_t result;
 385:Drivers/CMSIS/Include/cmsis_gcc.h **** 
 386:Drivers/CMSIS/Include/cmsis_gcc.h ****   __ASM volatile ("MRS %0, primask" : "=r" (result) :: "memory");
 387:Drivers/CMSIS/Include/cmsis_gcc.h ****   return(result);
 388:Drivers/CMSIS/Include/cmsis_gcc.h **** }
 389:Drivers/CMSIS/Include/cmsis_gcc.h **** 
 390:Drivers/CMSIS/Include/cmsis_gcc.h **** 
 391:Drivers/CMSIS/Include/cmsis_gcc.h **** #if (defined (__ARM_FEATURE_CMSE ) && (__ARM_FEATURE_CMSE == 3))
 392:Drivers/CMSIS/Include/cmsis_gcc.h **** /**
 393:Drivers/CMSIS/Include/cmsis_gcc.h ****   \brief   Get Priority Mask (non-secure)
 394:Drivers/CMSIS/Include/cmsis_gcc.h ****   \details Returns the current state of the non-secure priority mask bit from the Priority Mask Reg
 395:Drivers/CMSIS/Include/cmsis_gcc.h ****   \return               Priority Mask value
 396:Drivers/CMSIS/Include/cmsis_gcc.h ****  */
 397:Drivers/CMSIS/Include/cmsis_gcc.h **** __STATIC_FORCEINLINE uint32_t __TZ_get_PRIMASK_NS(void)
 398:Drivers/CMSIS/Include/cmsis_gcc.h **** {
 399:Drivers/CMSIS/Include/cmsis_gcc.h ****   uint32_t result;
 400:Drivers/CMSIS/Include/cmsis_gcc.h **** 
 401:Drivers/CMSIS/Include/cmsis_gcc.h ****   __ASM volatile ("MRS %0, primask_ns" : "=r" (result) :: "memory");
 402:Drivers/CMSIS/Include/cmsis_gcc.h ****   return(result);
 403:Drivers/CMSIS/Include/cmsis_gcc.h **** }
 404:Drivers/CMSIS/Include/cmsis_gcc.h **** #endif
 405:Drivers/CMSIS/Include/cmsis_gcc.h **** 
 406:Drivers/CMSIS/Include/cmsis_gcc.h **** 
 407:Drivers/CMSIS/Include/cmsis_gcc.h **** /**
 408:Drivers/CMSIS/Include/cmsis_gcc.h ****   \brief   Set Priority Mask
 409:Drivers/CMSIS/Include/cmsis_gcc.h ****   \details Assigns the given value to the Priority Mask Register.
 410:Drivers/CMSIS/Include/cmsis_gcc.h ****   \param [in]    priMask  Priority Mask
 411:Drivers/CMSIS/Include/cmsis_gcc.h ****  */
 412:Drivers/CMSIS/Include/cmsis_gcc.h **** __STATIC_FORCEINLINE void __set_PRIMASK(uint32_t priMask)
 413:Drivers/CMSIS/Include/cmsis_gcc.h **** {
 414:Drivers/CMSIS/Include/cmsis_gcc.h ****   __ASM volatile ("MSR primask, %0" : : "r" (priMask) : "memory");
 415:Drivers/CMSIS/Include/cmsis_gcc.h **** }
 416:Drivers/CMSIS/Include/cmsis_gcc.h **** 
 417:Drivers/CMSIS/Include/cmsis_gcc.h **** 
 418:Drivers/CMSIS/Include/cmsis_gcc.h **** #if (defined (__ARM_FEATURE_CMSE ) && (__ARM_FEATURE_CMSE == 3))
 419:Drivers/CMSIS/Include/cmsis_gcc.h **** /**
 420:Drivers/CMSIS/Include/cmsis_gcc.h ****   \brief   Set Priority Mask (non-secure)
 421:Drivers/CMSIS/Include/cmsis_gcc.h ****   \details Assigns the given value to the non-secure Priority Mask Register when in secure state.
 422:Drivers/CMSIS/Include/cmsis_gcc.h ****   \param [in]    priMask  Priority Mask
 423:Drivers/CMSIS/Include/cmsis_gcc.h ****  */
ARM GAS   			page 13


 424:Drivers/CMSIS/Include/cmsis_gcc.h **** __STATIC_FORCEINLINE void __TZ_set_PRIMASK_NS(uint32_t priMask)
 425:Drivers/CMSIS/Include/cmsis_gcc.h **** {
 426:Drivers/CMSIS/Include/cmsis_gcc.h ****   __ASM volatile ("MSR primask_ns, %0" : : "r" (priMask) : "memory");
 427:Drivers/CMSIS/Include/cmsis_gcc.h **** }
 428:Drivers/CMSIS/Include/cmsis_gcc.h **** #endif
 429:Drivers/CMSIS/Include/cmsis_gcc.h **** 
 430:Drivers/CMSIS/Include/cmsis_gcc.h **** 
 431:Drivers/CMSIS/Include/cmsis_gcc.h **** #if ((defined (__ARM_ARCH_7M__      ) && (__ARM_ARCH_7M__      == 1)) || \
 432:Drivers/CMSIS/Include/cmsis_gcc.h ****      (defined (__ARM_ARCH_7EM__     ) && (__ARM_ARCH_7EM__     == 1)) || \
 433:Drivers/CMSIS/Include/cmsis_gcc.h ****      (defined (__ARM_ARCH_8M_MAIN__ ) && (__ARM_ARCH_8M_MAIN__ == 1))    )
 434:Drivers/CMSIS/Include/cmsis_gcc.h **** /**
 435:Drivers/CMSIS/Include/cmsis_gcc.h ****   \brief   Enable FIQ
 436:Drivers/CMSIS/Include/cmsis_gcc.h ****   \details Enables FIQ interrupts by clearing the F-bit in the CPSR.
 437:Drivers/CMSIS/Include/cmsis_gcc.h ****            Can only be executed in Privileged modes.
 438:Drivers/CMSIS/Include/cmsis_gcc.h ****  */
 439:Drivers/CMSIS/Include/cmsis_gcc.h **** __STATIC_FORCEINLINE void __enable_fault_irq(void)
 440:Drivers/CMSIS/Include/cmsis_gcc.h **** {
 441:Drivers/CMSIS/Include/cmsis_gcc.h ****   __ASM volatile ("cpsie f" : : : "memory");
 442:Drivers/CMSIS/Include/cmsis_gcc.h **** }
 443:Drivers/CMSIS/Include/cmsis_gcc.h **** 
 444:Drivers/CMSIS/Include/cmsis_gcc.h **** 
 445:Drivers/CMSIS/Include/cmsis_gcc.h **** /**
 446:Drivers/CMSIS/Include/cmsis_gcc.h ****   \brief   Disable FIQ
 447:Drivers/CMSIS/Include/cmsis_gcc.h ****   \details Disables FIQ interrupts by setting the F-bit in the CPSR.
 448:Drivers/CMSIS/Include/cmsis_gcc.h ****            Can only be executed in Privileged modes.
 449:Drivers/CMSIS/Include/cmsis_gcc.h ****  */
 450:Drivers/CMSIS/Include/cmsis_gcc.h **** __STATIC_FORCEINLINE void __disable_fault_irq(void)
 451:Drivers/CMSIS/Include/cmsis_gcc.h **** {
 452:Drivers/CMSIS/Include/cmsis_gcc.h ****   __ASM volatile ("cpsid f" : : : "memory");
 453:Drivers/CMSIS/Include/cmsis_gcc.h **** }
 454:Drivers/CMSIS/Include/cmsis_gcc.h **** 
 455:Drivers/CMSIS/Include/cmsis_gcc.h **** 
 456:Drivers/CMSIS/Include/cmsis_gcc.h **** /**
 457:Drivers/CMSIS/Include/cmsis_gcc.h ****   \brief   Get Base Priority
 458:Drivers/CMSIS/Include/cmsis_gcc.h ****   \details Returns the current value of the Base Priority register.
 459:Drivers/CMSIS/Include/cmsis_gcc.h ****   \return               Base Priority register value
 460:Drivers/CMSIS/Include/cmsis_gcc.h ****  */
 461:Drivers/CMSIS/Include/cmsis_gcc.h **** __STATIC_FORCEINLINE uint32_t __get_BASEPRI(void)
 462:Drivers/CMSIS/Include/cmsis_gcc.h **** {
 463:Drivers/CMSIS/Include/cmsis_gcc.h ****   uint32_t result;
 464:Drivers/CMSIS/Include/cmsis_gcc.h **** 
 465:Drivers/CMSIS/Include/cmsis_gcc.h ****   __ASM volatile ("MRS %0, basepri" : "=r" (result) );
 466:Drivers/CMSIS/Include/cmsis_gcc.h ****   return(result);
 467:Drivers/CMSIS/Include/cmsis_gcc.h **** }
 468:Drivers/CMSIS/Include/cmsis_gcc.h **** 
 469:Drivers/CMSIS/Include/cmsis_gcc.h **** 
 470:Drivers/CMSIS/Include/cmsis_gcc.h **** #if (defined (__ARM_FEATURE_CMSE ) && (__ARM_FEATURE_CMSE == 3))
 471:Drivers/CMSIS/Include/cmsis_gcc.h **** /**
 472:Drivers/CMSIS/Include/cmsis_gcc.h ****   \brief   Get Base Priority (non-secure)
 473:Drivers/CMSIS/Include/cmsis_gcc.h ****   \details Returns the current value of the non-secure Base Priority register when in secure state.
 474:Drivers/CMSIS/Include/cmsis_gcc.h ****   \return               Base Priority register value
 475:Drivers/CMSIS/Include/cmsis_gcc.h ****  */
 476:Drivers/CMSIS/Include/cmsis_gcc.h **** __STATIC_FORCEINLINE uint32_t __TZ_get_BASEPRI_NS(void)
 477:Drivers/CMSIS/Include/cmsis_gcc.h **** {
 478:Drivers/CMSIS/Include/cmsis_gcc.h ****   uint32_t result;
 479:Drivers/CMSIS/Include/cmsis_gcc.h **** 
 480:Drivers/CMSIS/Include/cmsis_gcc.h ****   __ASM volatile ("MRS %0, basepri_ns" : "=r" (result) );
ARM GAS   			page 14


 481:Drivers/CMSIS/Include/cmsis_gcc.h ****   return(result);
 482:Drivers/CMSIS/Include/cmsis_gcc.h **** }
 483:Drivers/CMSIS/Include/cmsis_gcc.h **** #endif
 484:Drivers/CMSIS/Include/cmsis_gcc.h **** 
 485:Drivers/CMSIS/Include/cmsis_gcc.h **** 
 486:Drivers/CMSIS/Include/cmsis_gcc.h **** /**
 487:Drivers/CMSIS/Include/cmsis_gcc.h ****   \brief   Set Base Priority
 488:Drivers/CMSIS/Include/cmsis_gcc.h ****   \details Assigns the given value to the Base Priority register.
 489:Drivers/CMSIS/Include/cmsis_gcc.h ****   \param [in]    basePri  Base Priority value to set
 490:Drivers/CMSIS/Include/cmsis_gcc.h ****  */
 491:Drivers/CMSIS/Include/cmsis_gcc.h **** __STATIC_FORCEINLINE void __set_BASEPRI(uint32_t basePri)
 492:Drivers/CMSIS/Include/cmsis_gcc.h **** {
 493:Drivers/CMSIS/Include/cmsis_gcc.h ****   __ASM volatile ("MSR basepri, %0" : : "r" (basePri) : "memory");
 494:Drivers/CMSIS/Include/cmsis_gcc.h **** }
 495:Drivers/CMSIS/Include/cmsis_gcc.h **** 
 496:Drivers/CMSIS/Include/cmsis_gcc.h **** 
 497:Drivers/CMSIS/Include/cmsis_gcc.h **** #if (defined (__ARM_FEATURE_CMSE ) && (__ARM_FEATURE_CMSE == 3))
 498:Drivers/CMSIS/Include/cmsis_gcc.h **** /**
 499:Drivers/CMSIS/Include/cmsis_gcc.h ****   \brief   Set Base Priority (non-secure)
 500:Drivers/CMSIS/Include/cmsis_gcc.h ****   \details Assigns the given value to the non-secure Base Priority register when in secure state.
 501:Drivers/CMSIS/Include/cmsis_gcc.h ****   \param [in]    basePri  Base Priority value to set
 502:Drivers/CMSIS/Include/cmsis_gcc.h ****  */
 503:Drivers/CMSIS/Include/cmsis_gcc.h **** __STATIC_FORCEINLINE void __TZ_set_BASEPRI_NS(uint32_t basePri)
 504:Drivers/CMSIS/Include/cmsis_gcc.h **** {
 505:Drivers/CMSIS/Include/cmsis_gcc.h ****   __ASM volatile ("MSR basepri_ns, %0" : : "r" (basePri) : "memory");
 506:Drivers/CMSIS/Include/cmsis_gcc.h **** }
 507:Drivers/CMSIS/Include/cmsis_gcc.h **** #endif
 508:Drivers/CMSIS/Include/cmsis_gcc.h **** 
 509:Drivers/CMSIS/Include/cmsis_gcc.h **** 
 510:Drivers/CMSIS/Include/cmsis_gcc.h **** /**
 511:Drivers/CMSIS/Include/cmsis_gcc.h ****   \brief   Set Base Priority with condition
 512:Drivers/CMSIS/Include/cmsis_gcc.h ****   \details Assigns the given value to the Base Priority register only if BASEPRI masking is disable
 513:Drivers/CMSIS/Include/cmsis_gcc.h ****            or the new value increases the BASEPRI priority level.
 514:Drivers/CMSIS/Include/cmsis_gcc.h ****   \param [in]    basePri  Base Priority value to set
 515:Drivers/CMSIS/Include/cmsis_gcc.h ****  */
 516:Drivers/CMSIS/Include/cmsis_gcc.h **** __STATIC_FORCEINLINE void __set_BASEPRI_MAX(uint32_t basePri)
 517:Drivers/CMSIS/Include/cmsis_gcc.h **** {
 518:Drivers/CMSIS/Include/cmsis_gcc.h ****   __ASM volatile ("MSR basepri_max, %0" : : "r" (basePri) : "memory");
 519:Drivers/CMSIS/Include/cmsis_gcc.h **** }
 520:Drivers/CMSIS/Include/cmsis_gcc.h **** 
 521:Drivers/CMSIS/Include/cmsis_gcc.h **** 
 522:Drivers/CMSIS/Include/cmsis_gcc.h **** /**
 523:Drivers/CMSIS/Include/cmsis_gcc.h ****   \brief   Get Fault Mask
 524:Drivers/CMSIS/Include/cmsis_gcc.h ****   \details Returns the current value of the Fault Mask register.
 525:Drivers/CMSIS/Include/cmsis_gcc.h ****   \return               Fault Mask register value
 526:Drivers/CMSIS/Include/cmsis_gcc.h ****  */
 527:Drivers/CMSIS/Include/cmsis_gcc.h **** __STATIC_FORCEINLINE uint32_t __get_FAULTMASK(void)
 528:Drivers/CMSIS/Include/cmsis_gcc.h **** {
 529:Drivers/CMSIS/Include/cmsis_gcc.h ****   uint32_t result;
 530:Drivers/CMSIS/Include/cmsis_gcc.h **** 
 531:Drivers/CMSIS/Include/cmsis_gcc.h ****   __ASM volatile ("MRS %0, faultmask" : "=r" (result) );
 532:Drivers/CMSIS/Include/cmsis_gcc.h ****   return(result);
 533:Drivers/CMSIS/Include/cmsis_gcc.h **** }
 534:Drivers/CMSIS/Include/cmsis_gcc.h **** 
 535:Drivers/CMSIS/Include/cmsis_gcc.h **** 
 536:Drivers/CMSIS/Include/cmsis_gcc.h **** #if (defined (__ARM_FEATURE_CMSE ) && (__ARM_FEATURE_CMSE == 3))
 537:Drivers/CMSIS/Include/cmsis_gcc.h **** /**
ARM GAS   			page 15


 538:Drivers/CMSIS/Include/cmsis_gcc.h ****   \brief   Get Fault Mask (non-secure)
 539:Drivers/CMSIS/Include/cmsis_gcc.h ****   \details Returns the current value of the non-secure Fault Mask register when in secure state.
 540:Drivers/CMSIS/Include/cmsis_gcc.h ****   \return               Fault Mask register value
 541:Drivers/CMSIS/Include/cmsis_gcc.h ****  */
 542:Drivers/CMSIS/Include/cmsis_gcc.h **** __STATIC_FORCEINLINE uint32_t __TZ_get_FAULTMASK_NS(void)
 543:Drivers/CMSIS/Include/cmsis_gcc.h **** {
 544:Drivers/CMSIS/Include/cmsis_gcc.h ****   uint32_t result;
 545:Drivers/CMSIS/Include/cmsis_gcc.h **** 
 546:Drivers/CMSIS/Include/cmsis_gcc.h ****   __ASM volatile ("MRS %0, faultmask_ns" : "=r" (result) );
 547:Drivers/CMSIS/Include/cmsis_gcc.h ****   return(result);
 548:Drivers/CMSIS/Include/cmsis_gcc.h **** }
 549:Drivers/CMSIS/Include/cmsis_gcc.h **** #endif
 550:Drivers/CMSIS/Include/cmsis_gcc.h **** 
 551:Drivers/CMSIS/Include/cmsis_gcc.h **** 
 552:Drivers/CMSIS/Include/cmsis_gcc.h **** /**
 553:Drivers/CMSIS/Include/cmsis_gcc.h ****   \brief   Set Fault Mask
 554:Drivers/CMSIS/Include/cmsis_gcc.h ****   \details Assigns the given value to the Fault Mask register.
 555:Drivers/CMSIS/Include/cmsis_gcc.h ****   \param [in]    faultMask  Fault Mask value to set
 556:Drivers/CMSIS/Include/cmsis_gcc.h ****  */
 557:Drivers/CMSIS/Include/cmsis_gcc.h **** __STATIC_FORCEINLINE void __set_FAULTMASK(uint32_t faultMask)
 558:Drivers/CMSIS/Include/cmsis_gcc.h **** {
 559:Drivers/CMSIS/Include/cmsis_gcc.h ****   __ASM volatile ("MSR faultmask, %0" : : "r" (faultMask) : "memory");
 560:Drivers/CMSIS/Include/cmsis_gcc.h **** }
 561:Drivers/CMSIS/Include/cmsis_gcc.h **** 
 562:Drivers/CMSIS/Include/cmsis_gcc.h **** 
 563:Drivers/CMSIS/Include/cmsis_gcc.h **** #if (defined (__ARM_FEATURE_CMSE ) && (__ARM_FEATURE_CMSE == 3))
 564:Drivers/CMSIS/Include/cmsis_gcc.h **** /**
 565:Drivers/CMSIS/Include/cmsis_gcc.h ****   \brief   Set Fault Mask (non-secure)
 566:Drivers/CMSIS/Include/cmsis_gcc.h ****   \details Assigns the given value to the non-secure Fault Mask register when in secure state.
 567:Drivers/CMSIS/Include/cmsis_gcc.h ****   \param [in]    faultMask  Fault Mask value to set
 568:Drivers/CMSIS/Include/cmsis_gcc.h ****  */
 569:Drivers/CMSIS/Include/cmsis_gcc.h **** __STATIC_FORCEINLINE void __TZ_set_FAULTMASK_NS(uint32_t faultMask)
 570:Drivers/CMSIS/Include/cmsis_gcc.h **** {
 571:Drivers/CMSIS/Include/cmsis_gcc.h ****   __ASM volatile ("MSR faultmask_ns, %0" : : "r" (faultMask) : "memory");
 572:Drivers/CMSIS/Include/cmsis_gcc.h **** }
 573:Drivers/CMSIS/Include/cmsis_gcc.h **** #endif
 574:Drivers/CMSIS/Include/cmsis_gcc.h **** 
 575:Drivers/CMSIS/Include/cmsis_gcc.h **** #endif /* ((defined (__ARM_ARCH_7M__      ) && (__ARM_ARCH_7M__      == 1)) || \
 576:Drivers/CMSIS/Include/cmsis_gcc.h ****            (defined (__ARM_ARCH_7EM__     ) && (__ARM_ARCH_7EM__     == 1)) || \
 577:Drivers/CMSIS/Include/cmsis_gcc.h ****            (defined (__ARM_ARCH_8M_MAIN__ ) && (__ARM_ARCH_8M_MAIN__ == 1))    ) */
 578:Drivers/CMSIS/Include/cmsis_gcc.h **** 
 579:Drivers/CMSIS/Include/cmsis_gcc.h **** 
 580:Drivers/CMSIS/Include/cmsis_gcc.h **** #if ((defined (__ARM_ARCH_8M_MAIN__ ) && (__ARM_ARCH_8M_MAIN__ == 1)) || \
 581:Drivers/CMSIS/Include/cmsis_gcc.h ****      (defined (__ARM_ARCH_8M_BASE__ ) && (__ARM_ARCH_8M_BASE__ == 1))    )
 582:Drivers/CMSIS/Include/cmsis_gcc.h **** 
 583:Drivers/CMSIS/Include/cmsis_gcc.h **** /**
 584:Drivers/CMSIS/Include/cmsis_gcc.h ****   \brief   Get Process Stack Pointer Limit
 585:Drivers/CMSIS/Include/cmsis_gcc.h ****   Devices without ARMv8-M Main Extensions (i.e. Cortex-M23) lack the non-secure
 586:Drivers/CMSIS/Include/cmsis_gcc.h ****   Stack Pointer Limit register hence zero is returned always in non-secure
 587:Drivers/CMSIS/Include/cmsis_gcc.h ****   mode.
 588:Drivers/CMSIS/Include/cmsis_gcc.h ****   
 589:Drivers/CMSIS/Include/cmsis_gcc.h ****   \details Returns the current value of the Process Stack Pointer Limit (PSPLIM).
 590:Drivers/CMSIS/Include/cmsis_gcc.h ****   \return               PSPLIM Register value
 591:Drivers/CMSIS/Include/cmsis_gcc.h ****  */
 592:Drivers/CMSIS/Include/cmsis_gcc.h **** __STATIC_FORCEINLINE uint32_t __get_PSPLIM(void)
 593:Drivers/CMSIS/Include/cmsis_gcc.h **** {
 594:Drivers/CMSIS/Include/cmsis_gcc.h **** #if (!(defined (__ARM_ARCH_8M_MAIN__ ) && (__ARM_ARCH_8M_MAIN__ == 1)) && \
ARM GAS   			page 16


 595:Drivers/CMSIS/Include/cmsis_gcc.h ****     (!defined (__ARM_FEATURE_CMSE) || (__ARM_FEATURE_CMSE < 3)))
 596:Drivers/CMSIS/Include/cmsis_gcc.h ****     // without main extensions, the non-secure PSPLIM is RAZ/WI
 597:Drivers/CMSIS/Include/cmsis_gcc.h ****   return 0U;
 598:Drivers/CMSIS/Include/cmsis_gcc.h **** #else
 599:Drivers/CMSIS/Include/cmsis_gcc.h ****   uint32_t result;
 600:Drivers/CMSIS/Include/cmsis_gcc.h ****   __ASM volatile ("MRS %0, psplim"  : "=r" (result) );
 601:Drivers/CMSIS/Include/cmsis_gcc.h ****   return result;
 602:Drivers/CMSIS/Include/cmsis_gcc.h **** #endif
 603:Drivers/CMSIS/Include/cmsis_gcc.h **** }
 604:Drivers/CMSIS/Include/cmsis_gcc.h **** 
 605:Drivers/CMSIS/Include/cmsis_gcc.h **** #if (defined (__ARM_FEATURE_CMSE) && (__ARM_FEATURE_CMSE == 3))
 606:Drivers/CMSIS/Include/cmsis_gcc.h **** /**
 607:Drivers/CMSIS/Include/cmsis_gcc.h ****   \brief   Get Process Stack Pointer Limit (non-secure)
 608:Drivers/CMSIS/Include/cmsis_gcc.h ****   Devices without ARMv8-M Main Extensions (i.e. Cortex-M23) lack the non-secure
 609:Drivers/CMSIS/Include/cmsis_gcc.h ****   Stack Pointer Limit register hence zero is returned always.
 610:Drivers/CMSIS/Include/cmsis_gcc.h **** 
 611:Drivers/CMSIS/Include/cmsis_gcc.h ****   \details Returns the current value of the non-secure Process Stack Pointer Limit (PSPLIM) when in
 612:Drivers/CMSIS/Include/cmsis_gcc.h ****   \return               PSPLIM Register value
 613:Drivers/CMSIS/Include/cmsis_gcc.h ****  */
 614:Drivers/CMSIS/Include/cmsis_gcc.h **** __STATIC_FORCEINLINE uint32_t __TZ_get_PSPLIM_NS(void)
 615:Drivers/CMSIS/Include/cmsis_gcc.h **** {
 616:Drivers/CMSIS/Include/cmsis_gcc.h **** #if (!(defined (__ARM_ARCH_8M_MAIN__ ) && (__ARM_ARCH_8M_MAIN__ == 1)))
 617:Drivers/CMSIS/Include/cmsis_gcc.h ****   // without main extensions, the non-secure PSPLIM is RAZ/WI
 618:Drivers/CMSIS/Include/cmsis_gcc.h ****   return 0U;
 619:Drivers/CMSIS/Include/cmsis_gcc.h **** #else
 620:Drivers/CMSIS/Include/cmsis_gcc.h ****   uint32_t result;
 621:Drivers/CMSIS/Include/cmsis_gcc.h ****   __ASM volatile ("MRS %0, psplim_ns"  : "=r" (result) );
 622:Drivers/CMSIS/Include/cmsis_gcc.h ****   return result;
 623:Drivers/CMSIS/Include/cmsis_gcc.h **** #endif
 624:Drivers/CMSIS/Include/cmsis_gcc.h **** }
 625:Drivers/CMSIS/Include/cmsis_gcc.h **** #endif
 626:Drivers/CMSIS/Include/cmsis_gcc.h **** 
 627:Drivers/CMSIS/Include/cmsis_gcc.h **** 
 628:Drivers/CMSIS/Include/cmsis_gcc.h **** /**
 629:Drivers/CMSIS/Include/cmsis_gcc.h ****   \brief   Set Process Stack Pointer Limit
 630:Drivers/CMSIS/Include/cmsis_gcc.h ****   Devices without ARMv8-M Main Extensions (i.e. Cortex-M23) lack the non-secure
 631:Drivers/CMSIS/Include/cmsis_gcc.h ****   Stack Pointer Limit register hence the write is silently ignored in non-secure
 632:Drivers/CMSIS/Include/cmsis_gcc.h ****   mode.
 633:Drivers/CMSIS/Include/cmsis_gcc.h ****   
 634:Drivers/CMSIS/Include/cmsis_gcc.h ****   \details Assigns the given value to the Process Stack Pointer Limit (PSPLIM).
 635:Drivers/CMSIS/Include/cmsis_gcc.h ****   \param [in]    ProcStackPtrLimit  Process Stack Pointer Limit value to set
 636:Drivers/CMSIS/Include/cmsis_gcc.h ****  */
 637:Drivers/CMSIS/Include/cmsis_gcc.h **** __STATIC_FORCEINLINE void __set_PSPLIM(uint32_t ProcStackPtrLimit)
 638:Drivers/CMSIS/Include/cmsis_gcc.h **** {
 639:Drivers/CMSIS/Include/cmsis_gcc.h **** #if (!(defined (__ARM_ARCH_8M_MAIN__ ) && (__ARM_ARCH_8M_MAIN__ == 1)) && \
 640:Drivers/CMSIS/Include/cmsis_gcc.h ****     (!defined (__ARM_FEATURE_CMSE) || (__ARM_FEATURE_CMSE < 3)))
 641:Drivers/CMSIS/Include/cmsis_gcc.h ****   // without main extensions, the non-secure PSPLIM is RAZ/WI
 642:Drivers/CMSIS/Include/cmsis_gcc.h ****   (void)ProcStackPtrLimit;
 643:Drivers/CMSIS/Include/cmsis_gcc.h **** #else
 644:Drivers/CMSIS/Include/cmsis_gcc.h ****   __ASM volatile ("MSR psplim, %0" : : "r" (ProcStackPtrLimit));
 645:Drivers/CMSIS/Include/cmsis_gcc.h **** #endif
 646:Drivers/CMSIS/Include/cmsis_gcc.h **** }
 647:Drivers/CMSIS/Include/cmsis_gcc.h **** 
 648:Drivers/CMSIS/Include/cmsis_gcc.h **** 
 649:Drivers/CMSIS/Include/cmsis_gcc.h **** #if (defined (__ARM_FEATURE_CMSE  ) && (__ARM_FEATURE_CMSE   == 3))
 650:Drivers/CMSIS/Include/cmsis_gcc.h **** /**
 651:Drivers/CMSIS/Include/cmsis_gcc.h ****   \brief   Set Process Stack Pointer (non-secure)
ARM GAS   			page 17


 652:Drivers/CMSIS/Include/cmsis_gcc.h ****   Devices without ARMv8-M Main Extensions (i.e. Cortex-M23) lack the non-secure
 653:Drivers/CMSIS/Include/cmsis_gcc.h ****   Stack Pointer Limit register hence the write is silently ignored.
 654:Drivers/CMSIS/Include/cmsis_gcc.h **** 
 655:Drivers/CMSIS/Include/cmsis_gcc.h ****   \details Assigns the given value to the non-secure Process Stack Pointer Limit (PSPLIM) when in s
 656:Drivers/CMSIS/Include/cmsis_gcc.h ****   \param [in]    ProcStackPtrLimit  Process Stack Pointer Limit value to set
 657:Drivers/CMSIS/Include/cmsis_gcc.h ****  */
 658:Drivers/CMSIS/Include/cmsis_gcc.h **** __STATIC_FORCEINLINE void __TZ_set_PSPLIM_NS(uint32_t ProcStackPtrLimit)
 659:Drivers/CMSIS/Include/cmsis_gcc.h **** {
 660:Drivers/CMSIS/Include/cmsis_gcc.h **** #if (!(defined (__ARM_ARCH_8M_MAIN__ ) && (__ARM_ARCH_8M_MAIN__ == 1)))
 661:Drivers/CMSIS/Include/cmsis_gcc.h ****   // without main extensions, the non-secure PSPLIM is RAZ/WI
 662:Drivers/CMSIS/Include/cmsis_gcc.h ****   (void)ProcStackPtrLimit;
 663:Drivers/CMSIS/Include/cmsis_gcc.h **** #else
 664:Drivers/CMSIS/Include/cmsis_gcc.h ****   __ASM volatile ("MSR psplim_ns, %0\n" : : "r" (ProcStackPtrLimit));
 665:Drivers/CMSIS/Include/cmsis_gcc.h **** #endif
 666:Drivers/CMSIS/Include/cmsis_gcc.h **** }
 667:Drivers/CMSIS/Include/cmsis_gcc.h **** #endif
 668:Drivers/CMSIS/Include/cmsis_gcc.h **** 
 669:Drivers/CMSIS/Include/cmsis_gcc.h **** 
 670:Drivers/CMSIS/Include/cmsis_gcc.h **** /**
 671:Drivers/CMSIS/Include/cmsis_gcc.h ****   \brief   Get Main Stack Pointer Limit
 672:Drivers/CMSIS/Include/cmsis_gcc.h ****   Devices without ARMv8-M Main Extensions (i.e. Cortex-M23) lack the non-secure
 673:Drivers/CMSIS/Include/cmsis_gcc.h ****   Stack Pointer Limit register hence zero is returned always in non-secure
 674:Drivers/CMSIS/Include/cmsis_gcc.h ****   mode.
 675:Drivers/CMSIS/Include/cmsis_gcc.h **** 
 676:Drivers/CMSIS/Include/cmsis_gcc.h ****   \details Returns the current value of the Main Stack Pointer Limit (MSPLIM).
 677:Drivers/CMSIS/Include/cmsis_gcc.h ****   \return               MSPLIM Register value
 678:Drivers/CMSIS/Include/cmsis_gcc.h ****  */
 679:Drivers/CMSIS/Include/cmsis_gcc.h **** __STATIC_FORCEINLINE uint32_t __get_MSPLIM(void)
 680:Drivers/CMSIS/Include/cmsis_gcc.h **** {
 681:Drivers/CMSIS/Include/cmsis_gcc.h **** #if (!(defined (__ARM_ARCH_8M_MAIN__ ) && (__ARM_ARCH_8M_MAIN__ == 1)) && \
 682:Drivers/CMSIS/Include/cmsis_gcc.h ****     (!defined (__ARM_FEATURE_CMSE) || (__ARM_FEATURE_CMSE < 3)))
 683:Drivers/CMSIS/Include/cmsis_gcc.h ****   // without main extensions, the non-secure MSPLIM is RAZ/WI
 684:Drivers/CMSIS/Include/cmsis_gcc.h ****   return 0U;
 685:Drivers/CMSIS/Include/cmsis_gcc.h **** #else
 686:Drivers/CMSIS/Include/cmsis_gcc.h ****   uint32_t result;
 687:Drivers/CMSIS/Include/cmsis_gcc.h ****   __ASM volatile ("MRS %0, msplim" : "=r" (result) );
 688:Drivers/CMSIS/Include/cmsis_gcc.h ****   return result;
 689:Drivers/CMSIS/Include/cmsis_gcc.h **** #endif
 690:Drivers/CMSIS/Include/cmsis_gcc.h **** }
 691:Drivers/CMSIS/Include/cmsis_gcc.h **** 
 692:Drivers/CMSIS/Include/cmsis_gcc.h **** 
 693:Drivers/CMSIS/Include/cmsis_gcc.h **** #if (defined (__ARM_FEATURE_CMSE  ) && (__ARM_FEATURE_CMSE   == 3))
 694:Drivers/CMSIS/Include/cmsis_gcc.h **** /**
 695:Drivers/CMSIS/Include/cmsis_gcc.h ****   \brief   Get Main Stack Pointer Limit (non-secure)
 696:Drivers/CMSIS/Include/cmsis_gcc.h ****   Devices without ARMv8-M Main Extensions (i.e. Cortex-M23) lack the non-secure
 697:Drivers/CMSIS/Include/cmsis_gcc.h ****   Stack Pointer Limit register hence zero is returned always.
 698:Drivers/CMSIS/Include/cmsis_gcc.h **** 
 699:Drivers/CMSIS/Include/cmsis_gcc.h ****   \details Returns the current value of the non-secure Main Stack Pointer Limit(MSPLIM) when in sec
 700:Drivers/CMSIS/Include/cmsis_gcc.h ****   \return               MSPLIM Register value
 701:Drivers/CMSIS/Include/cmsis_gcc.h ****  */
 702:Drivers/CMSIS/Include/cmsis_gcc.h **** __STATIC_FORCEINLINE uint32_t __TZ_get_MSPLIM_NS(void)
 703:Drivers/CMSIS/Include/cmsis_gcc.h **** {
 704:Drivers/CMSIS/Include/cmsis_gcc.h **** #if (!(defined (__ARM_ARCH_8M_MAIN__ ) && (__ARM_ARCH_8M_MAIN__ == 1)))
 705:Drivers/CMSIS/Include/cmsis_gcc.h ****   // without main extensions, the non-secure MSPLIM is RAZ/WI
 706:Drivers/CMSIS/Include/cmsis_gcc.h ****   return 0U;
 707:Drivers/CMSIS/Include/cmsis_gcc.h **** #else
 708:Drivers/CMSIS/Include/cmsis_gcc.h ****   uint32_t result;
ARM GAS   			page 18


 709:Drivers/CMSIS/Include/cmsis_gcc.h ****   __ASM volatile ("MRS %0, msplim_ns" : "=r" (result) );
 710:Drivers/CMSIS/Include/cmsis_gcc.h ****   return result;
 711:Drivers/CMSIS/Include/cmsis_gcc.h **** #endif
 712:Drivers/CMSIS/Include/cmsis_gcc.h **** }
 713:Drivers/CMSIS/Include/cmsis_gcc.h **** #endif
 714:Drivers/CMSIS/Include/cmsis_gcc.h **** 
 715:Drivers/CMSIS/Include/cmsis_gcc.h **** 
 716:Drivers/CMSIS/Include/cmsis_gcc.h **** /**
 717:Drivers/CMSIS/Include/cmsis_gcc.h ****   \brief   Set Main Stack Pointer Limit
 718:Drivers/CMSIS/Include/cmsis_gcc.h ****   Devices without ARMv8-M Main Extensions (i.e. Cortex-M23) lack the non-secure
 719:Drivers/CMSIS/Include/cmsis_gcc.h ****   Stack Pointer Limit register hence the write is silently ignored in non-secure
 720:Drivers/CMSIS/Include/cmsis_gcc.h ****   mode.
 721:Drivers/CMSIS/Include/cmsis_gcc.h **** 
 722:Drivers/CMSIS/Include/cmsis_gcc.h ****   \details Assigns the given value to the Main Stack Pointer Limit (MSPLIM).
 723:Drivers/CMSIS/Include/cmsis_gcc.h ****   \param [in]    MainStackPtrLimit  Main Stack Pointer Limit value to set
 724:Drivers/CMSIS/Include/cmsis_gcc.h ****  */
 725:Drivers/CMSIS/Include/cmsis_gcc.h **** __STATIC_FORCEINLINE void __set_MSPLIM(uint32_t MainStackPtrLimit)
 726:Drivers/CMSIS/Include/cmsis_gcc.h **** {
 727:Drivers/CMSIS/Include/cmsis_gcc.h **** #if (!(defined (__ARM_ARCH_8M_MAIN__ ) && (__ARM_ARCH_8M_MAIN__ == 1)) && \
 728:Drivers/CMSIS/Include/cmsis_gcc.h ****     (!defined (__ARM_FEATURE_CMSE) || (__ARM_FEATURE_CMSE < 3)))
 729:Drivers/CMSIS/Include/cmsis_gcc.h ****   // without main extensions, the non-secure MSPLIM is RAZ/WI
 730:Drivers/CMSIS/Include/cmsis_gcc.h ****   (void)MainStackPtrLimit;
 731:Drivers/CMSIS/Include/cmsis_gcc.h **** #else
 732:Drivers/CMSIS/Include/cmsis_gcc.h ****   __ASM volatile ("MSR msplim, %0" : : "r" (MainStackPtrLimit));
 733:Drivers/CMSIS/Include/cmsis_gcc.h **** #endif
 734:Drivers/CMSIS/Include/cmsis_gcc.h **** }
 735:Drivers/CMSIS/Include/cmsis_gcc.h **** 
 736:Drivers/CMSIS/Include/cmsis_gcc.h **** 
 737:Drivers/CMSIS/Include/cmsis_gcc.h **** #if (defined (__ARM_FEATURE_CMSE  ) && (__ARM_FEATURE_CMSE   == 3))
 738:Drivers/CMSIS/Include/cmsis_gcc.h **** /**
 739:Drivers/CMSIS/Include/cmsis_gcc.h ****   \brief   Set Main Stack Pointer Limit (non-secure)
 740:Drivers/CMSIS/Include/cmsis_gcc.h ****   Devices without ARMv8-M Main Extensions (i.e. Cortex-M23) lack the non-secure
 741:Drivers/CMSIS/Include/cmsis_gcc.h ****   Stack Pointer Limit register hence the write is silently ignored.
 742:Drivers/CMSIS/Include/cmsis_gcc.h **** 
 743:Drivers/CMSIS/Include/cmsis_gcc.h ****   \details Assigns the given value to the non-secure Main Stack Pointer Limit (MSPLIM) when in secu
 744:Drivers/CMSIS/Include/cmsis_gcc.h ****   \param [in]    MainStackPtrLimit  Main Stack Pointer value to set
 745:Drivers/CMSIS/Include/cmsis_gcc.h ****  */
 746:Drivers/CMSIS/Include/cmsis_gcc.h **** __STATIC_FORCEINLINE void __TZ_set_MSPLIM_NS(uint32_t MainStackPtrLimit)
 747:Drivers/CMSIS/Include/cmsis_gcc.h **** {
 748:Drivers/CMSIS/Include/cmsis_gcc.h **** #if (!(defined (__ARM_ARCH_8M_MAIN__ ) && (__ARM_ARCH_8M_MAIN__ == 1)))
 749:Drivers/CMSIS/Include/cmsis_gcc.h ****   // without main extensions, the non-secure MSPLIM is RAZ/WI
 750:Drivers/CMSIS/Include/cmsis_gcc.h ****   (void)MainStackPtrLimit;
 751:Drivers/CMSIS/Include/cmsis_gcc.h **** #else
 752:Drivers/CMSIS/Include/cmsis_gcc.h ****   __ASM volatile ("MSR msplim_ns, %0" : : "r" (MainStackPtrLimit));
 753:Drivers/CMSIS/Include/cmsis_gcc.h **** #endif
 754:Drivers/CMSIS/Include/cmsis_gcc.h **** }
 755:Drivers/CMSIS/Include/cmsis_gcc.h **** #endif
 756:Drivers/CMSIS/Include/cmsis_gcc.h **** 
 757:Drivers/CMSIS/Include/cmsis_gcc.h **** #endif /* ((defined (__ARM_ARCH_8M_MAIN__ ) && (__ARM_ARCH_8M_MAIN__ == 1)) || \
 758:Drivers/CMSIS/Include/cmsis_gcc.h ****            (defined (__ARM_ARCH_8M_BASE__ ) && (__ARM_ARCH_8M_BASE__ == 1))    ) */
 759:Drivers/CMSIS/Include/cmsis_gcc.h **** 
 760:Drivers/CMSIS/Include/cmsis_gcc.h **** 
 761:Drivers/CMSIS/Include/cmsis_gcc.h **** /**
 762:Drivers/CMSIS/Include/cmsis_gcc.h ****   \brief   Get FPSCR
 763:Drivers/CMSIS/Include/cmsis_gcc.h ****   \details Returns the current value of the Floating Point Status/Control register.
 764:Drivers/CMSIS/Include/cmsis_gcc.h ****   \return               Floating Point Status/Control register value
 765:Drivers/CMSIS/Include/cmsis_gcc.h ****  */
ARM GAS   			page 19


 766:Drivers/CMSIS/Include/cmsis_gcc.h **** __STATIC_FORCEINLINE uint32_t __get_FPSCR(void)
 767:Drivers/CMSIS/Include/cmsis_gcc.h **** {
 768:Drivers/CMSIS/Include/cmsis_gcc.h **** #if ((defined (__FPU_PRESENT) && (__FPU_PRESENT == 1U)) && \
 769:Drivers/CMSIS/Include/cmsis_gcc.h ****      (defined (__FPU_USED   ) && (__FPU_USED    == 1U))     )
 770:Drivers/CMSIS/Include/cmsis_gcc.h **** #if __has_builtin(__builtin_arm_get_fpscr) 
 771:Drivers/CMSIS/Include/cmsis_gcc.h **** // Re-enable using built-in when GCC has been fixed
 772:Drivers/CMSIS/Include/cmsis_gcc.h **** // || (__GNUC__ > 7) || (__GNUC__ == 7 && __GNUC_MINOR__ >= 2)
 773:Drivers/CMSIS/Include/cmsis_gcc.h ****   /* see https://gcc.gnu.org/ml/gcc-patches/2017-04/msg00443.html */
 774:Drivers/CMSIS/Include/cmsis_gcc.h ****   return __builtin_arm_get_fpscr();
 775:Drivers/CMSIS/Include/cmsis_gcc.h **** #else
 776:Drivers/CMSIS/Include/cmsis_gcc.h ****   uint32_t result;
 777:Drivers/CMSIS/Include/cmsis_gcc.h **** 
 778:Drivers/CMSIS/Include/cmsis_gcc.h ****   __ASM volatile ("VMRS %0, fpscr" : "=r" (result) );
 779:Drivers/CMSIS/Include/cmsis_gcc.h ****   return(result);
 780:Drivers/CMSIS/Include/cmsis_gcc.h **** #endif
 781:Drivers/CMSIS/Include/cmsis_gcc.h **** #else
 782:Drivers/CMSIS/Include/cmsis_gcc.h ****   return(0U);
 783:Drivers/CMSIS/Include/cmsis_gcc.h **** #endif
 784:Drivers/CMSIS/Include/cmsis_gcc.h **** }
 785:Drivers/CMSIS/Include/cmsis_gcc.h **** 
 786:Drivers/CMSIS/Include/cmsis_gcc.h **** 
 787:Drivers/CMSIS/Include/cmsis_gcc.h **** /**
 788:Drivers/CMSIS/Include/cmsis_gcc.h ****   \brief   Set FPSCR
 789:Drivers/CMSIS/Include/cmsis_gcc.h ****   \details Assigns the given value to the Floating Point Status/Control register.
 790:Drivers/CMSIS/Include/cmsis_gcc.h ****   \param [in]    fpscr  Floating Point Status/Control value to set
 791:Drivers/CMSIS/Include/cmsis_gcc.h ****  */
 792:Drivers/CMSIS/Include/cmsis_gcc.h **** __STATIC_FORCEINLINE void __set_FPSCR(uint32_t fpscr)
 793:Drivers/CMSIS/Include/cmsis_gcc.h **** {
 794:Drivers/CMSIS/Include/cmsis_gcc.h **** #if ((defined (__FPU_PRESENT) && (__FPU_PRESENT == 1U)) && \
 795:Drivers/CMSIS/Include/cmsis_gcc.h ****      (defined (__FPU_USED   ) && (__FPU_USED    == 1U))     )
 796:Drivers/CMSIS/Include/cmsis_gcc.h **** #if __has_builtin(__builtin_arm_set_fpscr)
 797:Drivers/CMSIS/Include/cmsis_gcc.h **** // Re-enable using built-in when GCC has been fixed
 798:Drivers/CMSIS/Include/cmsis_gcc.h **** // || (__GNUC__ > 7) || (__GNUC__ == 7 && __GNUC_MINOR__ >= 2)
 799:Drivers/CMSIS/Include/cmsis_gcc.h ****   /* see https://gcc.gnu.org/ml/gcc-patches/2017-04/msg00443.html */
 800:Drivers/CMSIS/Include/cmsis_gcc.h ****   __builtin_arm_set_fpscr(fpscr);
 801:Drivers/CMSIS/Include/cmsis_gcc.h **** #else
 802:Drivers/CMSIS/Include/cmsis_gcc.h ****   __ASM volatile ("VMSR fpscr, %0" : : "r" (fpscr) : "vfpcc", "memory");
 803:Drivers/CMSIS/Include/cmsis_gcc.h **** #endif
 804:Drivers/CMSIS/Include/cmsis_gcc.h **** #else
 805:Drivers/CMSIS/Include/cmsis_gcc.h ****   (void)fpscr;
 806:Drivers/CMSIS/Include/cmsis_gcc.h **** #endif
 807:Drivers/CMSIS/Include/cmsis_gcc.h **** }
 808:Drivers/CMSIS/Include/cmsis_gcc.h **** 
 809:Drivers/CMSIS/Include/cmsis_gcc.h **** 
 810:Drivers/CMSIS/Include/cmsis_gcc.h **** /*@} end of CMSIS_Core_RegAccFunctions */
 811:Drivers/CMSIS/Include/cmsis_gcc.h **** 
 812:Drivers/CMSIS/Include/cmsis_gcc.h **** 
 813:Drivers/CMSIS/Include/cmsis_gcc.h **** /* ##########################  Core Instruction Access  ######################### */
 814:Drivers/CMSIS/Include/cmsis_gcc.h **** /** \defgroup CMSIS_Core_InstructionInterface CMSIS Core Instruction Interface
 815:Drivers/CMSIS/Include/cmsis_gcc.h ****   Access to dedicated instructions
 816:Drivers/CMSIS/Include/cmsis_gcc.h ****   @{
 817:Drivers/CMSIS/Include/cmsis_gcc.h **** */
 818:Drivers/CMSIS/Include/cmsis_gcc.h **** 
 819:Drivers/CMSIS/Include/cmsis_gcc.h **** /* Define macros for porting to both thumb1 and thumb2.
 820:Drivers/CMSIS/Include/cmsis_gcc.h ****  * For thumb1, use low register (r0-r7), specified by constraint "l"
 821:Drivers/CMSIS/Include/cmsis_gcc.h ****  * Otherwise, use general registers, specified by constraint "r" */
 822:Drivers/CMSIS/Include/cmsis_gcc.h **** #if defined (__thumb__) && !defined (__thumb2__)
ARM GAS   			page 20


 823:Drivers/CMSIS/Include/cmsis_gcc.h **** #define __CMSIS_GCC_OUT_REG(r) "=l" (r)
 824:Drivers/CMSIS/Include/cmsis_gcc.h **** #define __CMSIS_GCC_RW_REG(r) "+l" (r)
 825:Drivers/CMSIS/Include/cmsis_gcc.h **** #define __CMSIS_GCC_USE_REG(r) "l" (r)
 826:Drivers/CMSIS/Include/cmsis_gcc.h **** #else
 827:Drivers/CMSIS/Include/cmsis_gcc.h **** #define __CMSIS_GCC_OUT_REG(r) "=r" (r)
 828:Drivers/CMSIS/Include/cmsis_gcc.h **** #define __CMSIS_GCC_RW_REG(r) "+r" (r)
 829:Drivers/CMSIS/Include/cmsis_gcc.h **** #define __CMSIS_GCC_USE_REG(r) "r" (r)
 830:Drivers/CMSIS/Include/cmsis_gcc.h **** #endif
 831:Drivers/CMSIS/Include/cmsis_gcc.h **** 
 832:Drivers/CMSIS/Include/cmsis_gcc.h **** /**
 833:Drivers/CMSIS/Include/cmsis_gcc.h ****   \brief   No Operation
 834:Drivers/CMSIS/Include/cmsis_gcc.h ****   \details No Operation does nothing. This instruction can be used for code alignment purposes.
 835:Drivers/CMSIS/Include/cmsis_gcc.h ****  */
 836:Drivers/CMSIS/Include/cmsis_gcc.h **** #define __NOP()                             __ASM volatile ("nop")
 837:Drivers/CMSIS/Include/cmsis_gcc.h **** 
 838:Drivers/CMSIS/Include/cmsis_gcc.h **** /**
 839:Drivers/CMSIS/Include/cmsis_gcc.h ****   \brief   Wait For Interrupt
 840:Drivers/CMSIS/Include/cmsis_gcc.h ****   \details Wait For Interrupt is a hint instruction that suspends execution until one of a number o
 841:Drivers/CMSIS/Include/cmsis_gcc.h ****  */
 842:Drivers/CMSIS/Include/cmsis_gcc.h **** #define __WFI()                             __ASM volatile ("wfi")
 843:Drivers/CMSIS/Include/cmsis_gcc.h **** 
 844:Drivers/CMSIS/Include/cmsis_gcc.h **** 
 845:Drivers/CMSIS/Include/cmsis_gcc.h **** /**
 846:Drivers/CMSIS/Include/cmsis_gcc.h ****   \brief   Wait For Event
 847:Drivers/CMSIS/Include/cmsis_gcc.h ****   \details Wait For Event is a hint instruction that permits the processor to enter
 848:Drivers/CMSIS/Include/cmsis_gcc.h ****            a low-power state until one of a number of events occurs.
 849:Drivers/CMSIS/Include/cmsis_gcc.h ****  */
 850:Drivers/CMSIS/Include/cmsis_gcc.h **** #define __WFE()                             __ASM volatile ("wfe")
 851:Drivers/CMSIS/Include/cmsis_gcc.h **** 
 852:Drivers/CMSIS/Include/cmsis_gcc.h **** 
 853:Drivers/CMSIS/Include/cmsis_gcc.h **** /**
 854:Drivers/CMSIS/Include/cmsis_gcc.h ****   \brief   Send Event
 855:Drivers/CMSIS/Include/cmsis_gcc.h ****   \details Send Event is a hint instruction. It causes an event to be signaled to the CPU.
 856:Drivers/CMSIS/Include/cmsis_gcc.h ****  */
 857:Drivers/CMSIS/Include/cmsis_gcc.h **** #define __SEV()                             __ASM volatile ("sev")
 858:Drivers/CMSIS/Include/cmsis_gcc.h **** 
 859:Drivers/CMSIS/Include/cmsis_gcc.h **** 
 860:Drivers/CMSIS/Include/cmsis_gcc.h **** /**
 861:Drivers/CMSIS/Include/cmsis_gcc.h ****   \brief   Instruction Synchronization Barrier
 862:Drivers/CMSIS/Include/cmsis_gcc.h ****   \details Instruction Synchronization Barrier flushes the pipeline in the processor,
 863:Drivers/CMSIS/Include/cmsis_gcc.h ****            so that all instructions following the ISB are fetched from cache or memory,
 864:Drivers/CMSIS/Include/cmsis_gcc.h ****            after the instruction has been completed.
 865:Drivers/CMSIS/Include/cmsis_gcc.h ****  */
 866:Drivers/CMSIS/Include/cmsis_gcc.h **** __STATIC_FORCEINLINE void __ISB(void)
 867:Drivers/CMSIS/Include/cmsis_gcc.h **** {
 868:Drivers/CMSIS/Include/cmsis_gcc.h ****   __ASM volatile ("isb 0xF":::"memory");
 869:Drivers/CMSIS/Include/cmsis_gcc.h **** }
 870:Drivers/CMSIS/Include/cmsis_gcc.h **** 
 871:Drivers/CMSIS/Include/cmsis_gcc.h **** 
 872:Drivers/CMSIS/Include/cmsis_gcc.h **** /**
 873:Drivers/CMSIS/Include/cmsis_gcc.h ****   \brief   Data Synchronization Barrier
 874:Drivers/CMSIS/Include/cmsis_gcc.h ****   \details Acts as a special kind of Data Memory Barrier.
 875:Drivers/CMSIS/Include/cmsis_gcc.h ****            It completes when all explicit memory accesses before this instruction complete.
 876:Drivers/CMSIS/Include/cmsis_gcc.h ****  */
 877:Drivers/CMSIS/Include/cmsis_gcc.h **** __STATIC_FORCEINLINE void __DSB(void)
 878:Drivers/CMSIS/Include/cmsis_gcc.h **** {
 879:Drivers/CMSIS/Include/cmsis_gcc.h ****   __ASM volatile ("dsb 0xF":::"memory");
ARM GAS   			page 21


 880:Drivers/CMSIS/Include/cmsis_gcc.h **** }
 881:Drivers/CMSIS/Include/cmsis_gcc.h **** 
 882:Drivers/CMSIS/Include/cmsis_gcc.h **** 
 883:Drivers/CMSIS/Include/cmsis_gcc.h **** /**
 884:Drivers/CMSIS/Include/cmsis_gcc.h ****   \brief   Data Memory Barrier
 885:Drivers/CMSIS/Include/cmsis_gcc.h ****   \details Ensures the apparent order of the explicit memory operations before
 886:Drivers/CMSIS/Include/cmsis_gcc.h ****            and after the instruction, without ensuring their completion.
 887:Drivers/CMSIS/Include/cmsis_gcc.h ****  */
 888:Drivers/CMSIS/Include/cmsis_gcc.h **** __STATIC_FORCEINLINE void __DMB(void)
 889:Drivers/CMSIS/Include/cmsis_gcc.h **** {
 890:Drivers/CMSIS/Include/cmsis_gcc.h ****   __ASM volatile ("dmb 0xF":::"memory");
 891:Drivers/CMSIS/Include/cmsis_gcc.h **** }
 892:Drivers/CMSIS/Include/cmsis_gcc.h **** 
 893:Drivers/CMSIS/Include/cmsis_gcc.h **** 
 894:Drivers/CMSIS/Include/cmsis_gcc.h **** /**
 895:Drivers/CMSIS/Include/cmsis_gcc.h ****   \brief   Reverse byte order (32 bit)
 896:Drivers/CMSIS/Include/cmsis_gcc.h ****   \details Reverses the byte order in unsigned integer value. For example, 0x12345678 becomes 0x785
 897:Drivers/CMSIS/Include/cmsis_gcc.h ****   \param [in]    value  Value to reverse
 898:Drivers/CMSIS/Include/cmsis_gcc.h ****   \return               Reversed value
 899:Drivers/CMSIS/Include/cmsis_gcc.h ****  */
 900:Drivers/CMSIS/Include/cmsis_gcc.h **** __STATIC_FORCEINLINE uint32_t __REV(uint32_t value)
 901:Drivers/CMSIS/Include/cmsis_gcc.h **** {
 902:Drivers/CMSIS/Include/cmsis_gcc.h **** #if (__GNUC__ > 4) || (__GNUC__ == 4 && __GNUC_MINOR__ >= 5)
 903:Drivers/CMSIS/Include/cmsis_gcc.h ****   return __builtin_bswap32(value);
 904:Drivers/CMSIS/Include/cmsis_gcc.h **** #else
 905:Drivers/CMSIS/Include/cmsis_gcc.h ****   uint32_t result;
 906:Drivers/CMSIS/Include/cmsis_gcc.h **** 
 907:Drivers/CMSIS/Include/cmsis_gcc.h ****   __ASM volatile ("rev %0, %1" : __CMSIS_GCC_OUT_REG (result) : __CMSIS_GCC_USE_REG (value) );
 908:Drivers/CMSIS/Include/cmsis_gcc.h ****   return result;
 909:Drivers/CMSIS/Include/cmsis_gcc.h **** #endif
 910:Drivers/CMSIS/Include/cmsis_gcc.h **** }
 911:Drivers/CMSIS/Include/cmsis_gcc.h **** 
 912:Drivers/CMSIS/Include/cmsis_gcc.h **** 
 913:Drivers/CMSIS/Include/cmsis_gcc.h **** /**
 914:Drivers/CMSIS/Include/cmsis_gcc.h ****   \brief   Reverse byte order (16 bit)
 915:Drivers/CMSIS/Include/cmsis_gcc.h ****   \details Reverses the byte order within each halfword of a word. For example, 0x12345678 becomes 
 916:Drivers/CMSIS/Include/cmsis_gcc.h ****   \param [in]    value  Value to reverse
 917:Drivers/CMSIS/Include/cmsis_gcc.h ****   \return               Reversed value
 918:Drivers/CMSIS/Include/cmsis_gcc.h ****  */
 919:Drivers/CMSIS/Include/cmsis_gcc.h **** __STATIC_FORCEINLINE uint32_t __REV16(uint32_t value)
 920:Drivers/CMSIS/Include/cmsis_gcc.h **** {
 921:Drivers/CMSIS/Include/cmsis_gcc.h ****   uint32_t result;
 922:Drivers/CMSIS/Include/cmsis_gcc.h **** 
 923:Drivers/CMSIS/Include/cmsis_gcc.h ****   __ASM volatile ("rev16 %0, %1" : __CMSIS_GCC_OUT_REG (result) : __CMSIS_GCC_USE_REG (value) );
 924:Drivers/CMSIS/Include/cmsis_gcc.h ****   return result;
 925:Drivers/CMSIS/Include/cmsis_gcc.h **** }
 926:Drivers/CMSIS/Include/cmsis_gcc.h **** 
 927:Drivers/CMSIS/Include/cmsis_gcc.h **** 
 928:Drivers/CMSIS/Include/cmsis_gcc.h **** /**
 929:Drivers/CMSIS/Include/cmsis_gcc.h ****   \brief   Reverse byte order (16 bit)
 930:Drivers/CMSIS/Include/cmsis_gcc.h ****   \details Reverses the byte order in a 16-bit value and returns the signed 16-bit result. For exam
 931:Drivers/CMSIS/Include/cmsis_gcc.h ****   \param [in]    value  Value to reverse
 932:Drivers/CMSIS/Include/cmsis_gcc.h ****   \return               Reversed value
 933:Drivers/CMSIS/Include/cmsis_gcc.h ****  */
 934:Drivers/CMSIS/Include/cmsis_gcc.h **** __STATIC_FORCEINLINE int16_t __REVSH(int16_t value)
 935:Drivers/CMSIS/Include/cmsis_gcc.h **** {
 936:Drivers/CMSIS/Include/cmsis_gcc.h **** #if (__GNUC__ > 4) || (__GNUC__ == 4 && __GNUC_MINOR__ >= 8)
ARM GAS   			page 22


 937:Drivers/CMSIS/Include/cmsis_gcc.h ****   return (int16_t)__builtin_bswap16(value);
 938:Drivers/CMSIS/Include/cmsis_gcc.h **** #else
 939:Drivers/CMSIS/Include/cmsis_gcc.h ****   int16_t result;
 940:Drivers/CMSIS/Include/cmsis_gcc.h **** 
 941:Drivers/CMSIS/Include/cmsis_gcc.h ****   __ASM volatile ("revsh %0, %1" : __CMSIS_GCC_OUT_REG (result) : __CMSIS_GCC_USE_REG (value) );
 942:Drivers/CMSIS/Include/cmsis_gcc.h ****   return result;
 943:Drivers/CMSIS/Include/cmsis_gcc.h **** #endif
 944:Drivers/CMSIS/Include/cmsis_gcc.h **** }
 945:Drivers/CMSIS/Include/cmsis_gcc.h **** 
 946:Drivers/CMSIS/Include/cmsis_gcc.h **** 
 947:Drivers/CMSIS/Include/cmsis_gcc.h **** /**
 948:Drivers/CMSIS/Include/cmsis_gcc.h ****   \brief   Rotate Right in unsigned value (32 bit)
 949:Drivers/CMSIS/Include/cmsis_gcc.h ****   \details Rotate Right (immediate) provides the value of the contents of a register rotated by a v
 950:Drivers/CMSIS/Include/cmsis_gcc.h ****   \param [in]    op1  Value to rotate
 951:Drivers/CMSIS/Include/cmsis_gcc.h ****   \param [in]    op2  Number of Bits to rotate
 952:Drivers/CMSIS/Include/cmsis_gcc.h ****   \return               Rotated value
 953:Drivers/CMSIS/Include/cmsis_gcc.h ****  */
 954:Drivers/CMSIS/Include/cmsis_gcc.h **** __STATIC_FORCEINLINE uint32_t __ROR(uint32_t op1, uint32_t op2)
 955:Drivers/CMSIS/Include/cmsis_gcc.h **** {
 956:Drivers/CMSIS/Include/cmsis_gcc.h ****   op2 %= 32U;
 957:Drivers/CMSIS/Include/cmsis_gcc.h ****   if (op2 == 0U)
 958:Drivers/CMSIS/Include/cmsis_gcc.h ****   {
 959:Drivers/CMSIS/Include/cmsis_gcc.h ****     return op1;
 960:Drivers/CMSIS/Include/cmsis_gcc.h ****   }
 961:Drivers/CMSIS/Include/cmsis_gcc.h ****   return (op1 >> op2) | (op1 << (32U - op2));
 962:Drivers/CMSIS/Include/cmsis_gcc.h **** }
 963:Drivers/CMSIS/Include/cmsis_gcc.h **** 
 964:Drivers/CMSIS/Include/cmsis_gcc.h **** 
 965:Drivers/CMSIS/Include/cmsis_gcc.h **** /**
 966:Drivers/CMSIS/Include/cmsis_gcc.h ****   \brief   Breakpoint
 967:Drivers/CMSIS/Include/cmsis_gcc.h ****   \details Causes the processor to enter Debug state.
 968:Drivers/CMSIS/Include/cmsis_gcc.h ****            Debug tools can use this to investigate system state when the instruction at a particula
 969:Drivers/CMSIS/Include/cmsis_gcc.h ****   \param [in]    value  is ignored by the processor.
 970:Drivers/CMSIS/Include/cmsis_gcc.h ****                  If required, a debugger can use it to store additional information about the break
 971:Drivers/CMSIS/Include/cmsis_gcc.h ****  */
 972:Drivers/CMSIS/Include/cmsis_gcc.h **** #define __BKPT(value)                       __ASM volatile ("bkpt "#value)
 973:Drivers/CMSIS/Include/cmsis_gcc.h **** 
 974:Drivers/CMSIS/Include/cmsis_gcc.h **** 
 975:Drivers/CMSIS/Include/cmsis_gcc.h **** /**
 976:Drivers/CMSIS/Include/cmsis_gcc.h ****   \brief   Reverse bit order of value
 977:Drivers/CMSIS/Include/cmsis_gcc.h ****   \details Reverses the bit order of the given value.
 978:Drivers/CMSIS/Include/cmsis_gcc.h ****   \param [in]    value  Value to reverse
 979:Drivers/CMSIS/Include/cmsis_gcc.h ****   \return               Reversed value
 980:Drivers/CMSIS/Include/cmsis_gcc.h ****  */
 981:Drivers/CMSIS/Include/cmsis_gcc.h **** __STATIC_FORCEINLINE uint32_t __RBIT(uint32_t value)
 982:Drivers/CMSIS/Include/cmsis_gcc.h **** {
 983:Drivers/CMSIS/Include/cmsis_gcc.h ****   uint32_t result;
 984:Drivers/CMSIS/Include/cmsis_gcc.h **** 
 985:Drivers/CMSIS/Include/cmsis_gcc.h **** #if ((defined (__ARM_ARCH_7M__      ) && (__ARM_ARCH_7M__      == 1)) || \
 986:Drivers/CMSIS/Include/cmsis_gcc.h ****      (defined (__ARM_ARCH_7EM__     ) && (__ARM_ARCH_7EM__     == 1)) || \
 987:Drivers/CMSIS/Include/cmsis_gcc.h ****      (defined (__ARM_ARCH_8M_MAIN__ ) && (__ARM_ARCH_8M_MAIN__ == 1))    )
 988:Drivers/CMSIS/Include/cmsis_gcc.h ****    __ASM volatile ("rbit %0, %1" : "=r" (result) : "r" (value) );
 107              	 .loc 2 988 4 view .LVU31
 108 003e 4FF48033 	 mov r3,#65536
 109              	.LVL6:
 110              	 .loc 2 988 4 view .LVU32
 111              	.LBE26:
ARM GAS   			page 23


 112              	.LBE25:
 113              	 .loc 1 152 16 view .LVU33
 114 0042 21F44070 	 bic r0,r1,#768
 115              	.LVL7:
 153:Drivers/STM32F3xx_HAL_Driver/Src/stm32f3xx_hal_rcc_ex.c ****       /* RTC Clock selection can be changed only if the Backup Domain is reset */
 154:Drivers/STM32F3xx_HAL_Driver/Src/stm32f3xx_hal_rcc_ex.c ****       __HAL_RCC_BACKUPRESET_FORCE();
 116              	 .loc 1 154 7 is_stmt 1 view .LVU34
 117              	.LBB28:
 118              	.LBI25:
 981:Drivers/CMSIS/Include/cmsis_gcc.h **** {
 119              	 .loc 2 981 31 view .LVU35
 120              	.LBB27:
 983:Drivers/CMSIS/Include/cmsis_gcc.h **** 
 121              	 .loc 2 983 3 view .LVU36
 122              	 .loc 2 988 4 view .LVU37
 123              	 .syntax unified
 124              	
 125 0046 93FAA3F2 	 rbit r2,r3
 126              	
 127              	.LVL8:
 989:Drivers/CMSIS/Include/cmsis_gcc.h **** #else
 990:Drivers/CMSIS/Include/cmsis_gcc.h ****   uint32_t s = (4U /*sizeof(v)*/ * 8U) - 1U; /* extra shift needed at end */
 991:Drivers/CMSIS/Include/cmsis_gcc.h **** 
 992:Drivers/CMSIS/Include/cmsis_gcc.h ****   result = value;                      /* r will be reversed bits of v; first get LSB of v */
 993:Drivers/CMSIS/Include/cmsis_gcc.h ****   for (value >>= 1U; value != 0U; value >>= 1U)
 994:Drivers/CMSIS/Include/cmsis_gcc.h ****   {
 995:Drivers/CMSIS/Include/cmsis_gcc.h ****     result <<= 1U;
 996:Drivers/CMSIS/Include/cmsis_gcc.h ****     result |= value & 1U;
 997:Drivers/CMSIS/Include/cmsis_gcc.h ****     s--;
 998:Drivers/CMSIS/Include/cmsis_gcc.h ****   }
 999:Drivers/CMSIS/Include/cmsis_gcc.h ****   result <<= s;                        /* shift when v's highest bits are zero */
1000:Drivers/CMSIS/Include/cmsis_gcc.h **** #endif
1001:Drivers/CMSIS/Include/cmsis_gcc.h ****   return result;
 128              	 .loc 2 1001 3 view .LVU38
 129              	 .loc 2 1001 3 is_stmt 0 view .LVU39
 130              	 .thumb
 131              	 .syntax unified
 132              	.LBE27:
 133              	.LBE28:
 134              	 .loc 1 154 7 view .LVU40
 135 004a 504F     	 ldr r7,.L48+8
 136 004c B2FA82F2 	 clz r2,r2
 137 0050 3A44     	 add r2,r2,r7
 138 0052 9200     	 lsls r2,r2,#2
 139 0054 0126     	 movs r6,#1
 140 0056 1660     	 str r6,[r2]
 155:Drivers/STM32F3xx_HAL_Driver/Src/stm32f3xx_hal_rcc_ex.c ****       __HAL_RCC_BACKUPRESET_RELEASE();
 141              	 .loc 1 155 7 is_stmt 1 view .LVU41
 142              	.LVL9:
 143              	.LBB29:
 144              	.LBI29:
 981:Drivers/CMSIS/Include/cmsis_gcc.h **** {
 145              	 .loc 2 981 31 view .LVU42
 146              	.LBB30:
 983:Drivers/CMSIS/Include/cmsis_gcc.h **** 
 147              	 .loc 2 983 3 view .LVU43
 988:Drivers/CMSIS/Include/cmsis_gcc.h **** #else
ARM GAS   			page 24


 148              	 .loc 2 988 4 view .LVU44
 149              	 .syntax unified
 150              	
 151 0058 93FAA3F3 	 rbit r3,r3
 152              	
 153              	.LVL10:
 154              	 .loc 2 1001 3 view .LVU45
 155              	 .loc 2 1001 3 is_stmt 0 view .LVU46
 156              	 .thumb
 157              	 .syntax unified
 158              	.LBE30:
 159              	.LBE29:
 160              	 .loc 1 155 7 view .LVU47
 161 005c B3FA83F3 	 clz r3,r3
 162 0060 3B44     	 add r3,r3,r7
 163 0062 9B00     	 lsls r3,r3,#2
 164 0064 0022     	 movs r2,#0
 156:Drivers/STM32F3xx_HAL_Driver/Src/stm32f3xx_hal_rcc_ex.c ****       /* Restore the Content of BDCR register */
 157:Drivers/STM32F3xx_HAL_Driver/Src/stm32f3xx_hal_rcc_ex.c ****       RCC->BDCR = temp_reg;
 158:Drivers/STM32F3xx_HAL_Driver/Src/stm32f3xx_hal_rcc_ex.c ****     
 159:Drivers/STM32F3xx_HAL_Driver/Src/stm32f3xx_hal_rcc_ex.c ****       /* Wait for LSERDY if LSE was enabled */
 160:Drivers/STM32F3xx_HAL_Driver/Src/stm32f3xx_hal_rcc_ex.c ****       if (HAL_IS_BIT_SET(temp_reg, RCC_BDCR_LSEON))
 165              	 .loc 1 160 10 view .LVU48
 166 0066 CF07     	 lsls r7,r1,#31
 155:Drivers/STM32F3xx_HAL_Driver/Src/stm32f3xx_hal_rcc_ex.c ****       /* Restore the Content of BDCR register */
 167              	 .loc 1 155 7 view .LVU49
 168 0068 1A60     	 str r2,[r3]
 157:Drivers/STM32F3xx_HAL_Driver/Src/stm32f3xx_hal_rcc_ex.c ****     
 169              	 .loc 1 157 7 is_stmt 1 view .LVU50
 157:Drivers/STM32F3xx_HAL_Driver/Src/stm32f3xx_hal_rcc_ex.c ****     
 170              	 .loc 1 157 17 is_stmt 0 view .LVU51
 171 006a C8F82000 	 str r0,[r8,#32]
 172              	 .loc 1 160 7 is_stmt 1 view .LVU52
 173              	 .loc 1 160 10 is_stmt 0 view .LVU53
 174 006e 65D4     	 bmi .L12
 175              	.LVL11:
 176              	.L43:
 161:Drivers/STM32F3xx_HAL_Driver/Src/stm32f3xx_hal_rcc_ex.c ****       {
 162:Drivers/STM32F3xx_HAL_Driver/Src/stm32f3xx_hal_rcc_ex.c ****         /* Get Start Tick */
 163:Drivers/STM32F3xx_HAL_Driver/Src/stm32f3xx_hal_rcc_ex.c ****         tickstart = HAL_GetTick();
 164:Drivers/STM32F3xx_HAL_Driver/Src/stm32f3xx_hal_rcc_ex.c ****         
 165:Drivers/STM32F3xx_HAL_Driver/Src/stm32f3xx_hal_rcc_ex.c ****         /* Wait till LSE is ready */  
 166:Drivers/STM32F3xx_HAL_Driver/Src/stm32f3xx_hal_rcc_ex.c ****         while(__HAL_RCC_GET_FLAG(RCC_FLAG_LSERDY) == RESET)
 167:Drivers/STM32F3xx_HAL_Driver/Src/stm32f3xx_hal_rcc_ex.c ****         {
 168:Drivers/STM32F3xx_HAL_Driver/Src/stm32f3xx_hal_rcc_ex.c ****             if((HAL_GetTick() - tickstart) > RCC_LSE_TIMEOUT_VALUE)
 169:Drivers/STM32F3xx_HAL_Driver/Src/stm32f3xx_hal_rcc_ex.c ****           {
 170:Drivers/STM32F3xx_HAL_Driver/Src/stm32f3xx_hal_rcc_ex.c ****             return HAL_TIMEOUT;
 171:Drivers/STM32F3xx_HAL_Driver/Src/stm32f3xx_hal_rcc_ex.c ****           }      
 172:Drivers/STM32F3xx_HAL_Driver/Src/stm32f3xx_hal_rcc_ex.c ****         }  
 173:Drivers/STM32F3xx_HAL_Driver/Src/stm32f3xx_hal_rcc_ex.c ****       }
 174:Drivers/STM32F3xx_HAL_Driver/Src/stm32f3xx_hal_rcc_ex.c ****     }
 175:Drivers/STM32F3xx_HAL_Driver/Src/stm32f3xx_hal_rcc_ex.c ****     __HAL_RCC_RTC_CONFIG(PeriphClkInit->RTCClockSelection); 
 177              	 .loc 1 175 5 view .LVU54
 178 0070 6168     	 ldr r1,[r4,#4]
 179              	.L11:
 180              	 .loc 1 175 5 is_stmt 1 view .LVU55
 181 0072 444A     	 ldr r2,.L48
ARM GAS   			page 25


 182 0074 136A     	 ldr r3,[r2,#32]
 183 0076 23F44073 	 bic r3,r3,#768
 184 007a 0B43     	 orrs r3,r3,r1
 185 007c 1362     	 str r3,[r2,#32]
 176:Drivers/STM32F3xx_HAL_Driver/Src/stm32f3xx_hal_rcc_ex.c **** 
 177:Drivers/STM32F3xx_HAL_Driver/Src/stm32f3xx_hal_rcc_ex.c ****     /* Require to disable power clock if necessary */
 178:Drivers/STM32F3xx_HAL_Driver/Src/stm32f3xx_hal_rcc_ex.c ****     if(pwrclkchanged == SET)
 186              	 .loc 1 178 5 view .LVU56
 187              	 .loc 1 178 7 is_stmt 0 view .LVU57
 188 007e 1DB1     	 cbz r5,.L44
 179:Drivers/STM32F3xx_HAL_Driver/Src/stm32f3xx_hal_rcc_ex.c ****     {
 180:Drivers/STM32F3xx_HAL_Driver/Src/stm32f3xx_hal_rcc_ex.c ****       __HAL_RCC_PWR_CLK_DISABLE();
 189              	 .loc 1 180 7 is_stmt 1 view .LVU58
 190 0080 D369     	 ldr r3,[r2,#28]
 191 0082 23F08053 	 bic r3,r3,#268435456
 192 0086 D361     	 str r3,[r2,#28]
 193              	.L44:
 181:Drivers/STM32F3xx_HAL_Driver/Src/stm32f3xx_hal_rcc_ex.c ****     }
 182:Drivers/STM32F3xx_HAL_Driver/Src/stm32f3xx_hal_rcc_ex.c ****   }
 183:Drivers/STM32F3xx_HAL_Driver/Src/stm32f3xx_hal_rcc_ex.c **** 
 184:Drivers/STM32F3xx_HAL_Driver/Src/stm32f3xx_hal_rcc_ex.c ****   /*------------------------------- USART1 Configuration ------------------------*/
 185:Drivers/STM32F3xx_HAL_Driver/Src/stm32f3xx_hal_rcc_ex.c ****   if(((PeriphClkInit->PeriphClockSelection) & RCC_PERIPHCLK_USART1) == RCC_PERIPHCLK_USART1)
 194              	 .loc 1 185 21 is_stmt 0 view .LVU59
 195 0088 2368     	 ldr r3,[r4]
 196              	.LVL12:
 197              	.L2:
 198              	 .loc 1 185 3 is_stmt 1 view .LVU60
 199              	 .loc 1 185 5 is_stmt 0 view .LVU61
 200 008a DD07     	 lsls r5,r3,#31
 201 008c 06D5     	 bpl .L19
 186:Drivers/STM32F3xx_HAL_Driver/Src/stm32f3xx_hal_rcc_ex.c ****   {
 187:Drivers/STM32F3xx_HAL_Driver/Src/stm32f3xx_hal_rcc_ex.c ****     /* Check the parameters */
 188:Drivers/STM32F3xx_HAL_Driver/Src/stm32f3xx_hal_rcc_ex.c ****     assert_param(IS_RCC_USART1CLKSOURCE(PeriphClkInit->Usart1ClockSelection));
 202              	 .loc 1 188 5 is_stmt 1 view .LVU62
 189:Drivers/STM32F3xx_HAL_Driver/Src/stm32f3xx_hal_rcc_ex.c ****     
 190:Drivers/STM32F3xx_HAL_Driver/Src/stm32f3xx_hal_rcc_ex.c ****     /* Configure the USART1 clock source */
 191:Drivers/STM32F3xx_HAL_Driver/Src/stm32f3xx_hal_rcc_ex.c ****     __HAL_RCC_USART1_CONFIG(PeriphClkInit->Usart1ClockSelection);
 203              	 .loc 1 191 5 view .LVU63
 204 008e 3D49     	 ldr r1,.L48
 205 0090 A068     	 ldr r0,[r4,#8]
 206 0092 0A6B     	 ldr r2,[r1,#48]
 207 0094 22F00302 	 bic r2,r2,#3
 208 0098 0243     	 orrs r2,r2,r0
 209 009a 0A63     	 str r2,[r1,#48]
 210              	.L19:
 192:Drivers/STM32F3xx_HAL_Driver/Src/stm32f3xx_hal_rcc_ex.c ****   }
 193:Drivers/STM32F3xx_HAL_Driver/Src/stm32f3xx_hal_rcc_ex.c **** 
 194:Drivers/STM32F3xx_HAL_Driver/Src/stm32f3xx_hal_rcc_ex.c **** #if defined(RCC_CFGR3_USART2SW)
 195:Drivers/STM32F3xx_HAL_Driver/Src/stm32f3xx_hal_rcc_ex.c ****   /*----------------------------- USART2 Configuration --------------------------*/ 
 196:Drivers/STM32F3xx_HAL_Driver/Src/stm32f3xx_hal_rcc_ex.c ****   if(((PeriphClkInit->PeriphClockSelection) & RCC_PERIPHCLK_USART2) == RCC_PERIPHCLK_USART2)
 197:Drivers/STM32F3xx_HAL_Driver/Src/stm32f3xx_hal_rcc_ex.c ****   {
 198:Drivers/STM32F3xx_HAL_Driver/Src/stm32f3xx_hal_rcc_ex.c ****     /* Check the parameters */
 199:Drivers/STM32F3xx_HAL_Driver/Src/stm32f3xx_hal_rcc_ex.c ****     assert_param(IS_RCC_USART2CLKSOURCE(PeriphClkInit->Usart2ClockSelection));
 200:Drivers/STM32F3xx_HAL_Driver/Src/stm32f3xx_hal_rcc_ex.c ****     
 201:Drivers/STM32F3xx_HAL_Driver/Src/stm32f3xx_hal_rcc_ex.c ****     /* Configure the USART2 clock source */
 202:Drivers/STM32F3xx_HAL_Driver/Src/stm32f3xx_hal_rcc_ex.c ****     __HAL_RCC_USART2_CONFIG(PeriphClkInit->Usart2ClockSelection);
 203:Drivers/STM32F3xx_HAL_Driver/Src/stm32f3xx_hal_rcc_ex.c ****   }
ARM GAS   			page 26


 204:Drivers/STM32F3xx_HAL_Driver/Src/stm32f3xx_hal_rcc_ex.c **** #endif /* RCC_CFGR3_USART2SW */
 205:Drivers/STM32F3xx_HAL_Driver/Src/stm32f3xx_hal_rcc_ex.c **** 
 206:Drivers/STM32F3xx_HAL_Driver/Src/stm32f3xx_hal_rcc_ex.c **** #if defined(RCC_CFGR3_USART3SW)
 207:Drivers/STM32F3xx_HAL_Driver/Src/stm32f3xx_hal_rcc_ex.c ****   /*------------------------------ USART3 Configuration ------------------------*/ 
 208:Drivers/STM32F3xx_HAL_Driver/Src/stm32f3xx_hal_rcc_ex.c ****   if(((PeriphClkInit->PeriphClockSelection) & RCC_PERIPHCLK_USART3) == RCC_PERIPHCLK_USART3)
 209:Drivers/STM32F3xx_HAL_Driver/Src/stm32f3xx_hal_rcc_ex.c ****   {
 210:Drivers/STM32F3xx_HAL_Driver/Src/stm32f3xx_hal_rcc_ex.c ****     /* Check the parameters */
 211:Drivers/STM32F3xx_HAL_Driver/Src/stm32f3xx_hal_rcc_ex.c ****     assert_param(IS_RCC_USART3CLKSOURCE(PeriphClkInit->Usart3ClockSelection));
 212:Drivers/STM32F3xx_HAL_Driver/Src/stm32f3xx_hal_rcc_ex.c ****     
 213:Drivers/STM32F3xx_HAL_Driver/Src/stm32f3xx_hal_rcc_ex.c ****     /* Configure the USART3 clock source */
 214:Drivers/STM32F3xx_HAL_Driver/Src/stm32f3xx_hal_rcc_ex.c ****     __HAL_RCC_USART3_CONFIG(PeriphClkInit->Usart3ClockSelection);
 215:Drivers/STM32F3xx_HAL_Driver/Src/stm32f3xx_hal_rcc_ex.c ****   }
 216:Drivers/STM32F3xx_HAL_Driver/Src/stm32f3xx_hal_rcc_ex.c **** #endif /* RCC_CFGR3_USART3SW */
 217:Drivers/STM32F3xx_HAL_Driver/Src/stm32f3xx_hal_rcc_ex.c **** 
 218:Drivers/STM32F3xx_HAL_Driver/Src/stm32f3xx_hal_rcc_ex.c ****   /*------------------------------ I2C1 Configuration ------------------------*/ 
 219:Drivers/STM32F3xx_HAL_Driver/Src/stm32f3xx_hal_rcc_ex.c ****   if(((PeriphClkInit->PeriphClockSelection) & RCC_PERIPHCLK_I2C1) == RCC_PERIPHCLK_I2C1)
 211              	 .loc 1 219 3 view .LVU64
 212              	 .loc 1 219 5 is_stmt 0 view .LVU65
 213 009c 9806     	 lsls r0,r3,#26
 214 009e 06D5     	 bpl .L20
 220:Drivers/STM32F3xx_HAL_Driver/Src/stm32f3xx_hal_rcc_ex.c ****   {
 221:Drivers/STM32F3xx_HAL_Driver/Src/stm32f3xx_hal_rcc_ex.c ****     /* Check the parameters */
 222:Drivers/STM32F3xx_HAL_Driver/Src/stm32f3xx_hal_rcc_ex.c ****     assert_param(IS_RCC_I2C1CLKSOURCE(PeriphClkInit->I2c1ClockSelection));
 215              	 .loc 1 222 5 is_stmt 1 view .LVU66
 223:Drivers/STM32F3xx_HAL_Driver/Src/stm32f3xx_hal_rcc_ex.c ****     
 224:Drivers/STM32F3xx_HAL_Driver/Src/stm32f3xx_hal_rcc_ex.c ****     /* Configure the I2C1 clock source */
 225:Drivers/STM32F3xx_HAL_Driver/Src/stm32f3xx_hal_rcc_ex.c ****     __HAL_RCC_I2C1_CONFIG(PeriphClkInit->I2c1ClockSelection);
 216              	 .loc 1 225 5 view .LVU67
 217 00a0 3849     	 ldr r1,.L48
 218 00a2 E068     	 ldr r0,[r4,#12]
 219 00a4 0A6B     	 ldr r2,[r1,#48]
 220 00a6 22F01002 	 bic r2,r2,#16
 221 00aa 0243     	 orrs r2,r2,r0
 222 00ac 0A63     	 str r2,[r1,#48]
 223              	.L20:
 226:Drivers/STM32F3xx_HAL_Driver/Src/stm32f3xx_hal_rcc_ex.c ****   }
 227:Drivers/STM32F3xx_HAL_Driver/Src/stm32f3xx_hal_rcc_ex.c **** 
 228:Drivers/STM32F3xx_HAL_Driver/Src/stm32f3xx_hal_rcc_ex.c **** #if defined(STM32F302xE) || defined(STM32F303xE)\
 229:Drivers/STM32F3xx_HAL_Driver/Src/stm32f3xx_hal_rcc_ex.c ****  || defined(STM32F302xC) || defined(STM32F303xC)\
 230:Drivers/STM32F3xx_HAL_Driver/Src/stm32f3xx_hal_rcc_ex.c ****  || defined(STM32F302x8)                        \
 231:Drivers/STM32F3xx_HAL_Driver/Src/stm32f3xx_hal_rcc_ex.c ****  || defined(STM32F373xC)
 232:Drivers/STM32F3xx_HAL_Driver/Src/stm32f3xx_hal_rcc_ex.c ****   /*------------------------------ USB Configuration ------------------------*/ 
 233:Drivers/STM32F3xx_HAL_Driver/Src/stm32f3xx_hal_rcc_ex.c ****   if(((PeriphClkInit->PeriphClockSelection) & RCC_PERIPHCLK_USB) == RCC_PERIPHCLK_USB)
 234:Drivers/STM32F3xx_HAL_Driver/Src/stm32f3xx_hal_rcc_ex.c ****   {
 235:Drivers/STM32F3xx_HAL_Driver/Src/stm32f3xx_hal_rcc_ex.c ****     /* Check the parameters */
 236:Drivers/STM32F3xx_HAL_Driver/Src/stm32f3xx_hal_rcc_ex.c ****     assert_param(IS_RCC_USBCLKSOURCE(PeriphClkInit->USBClockSelection));
 237:Drivers/STM32F3xx_HAL_Driver/Src/stm32f3xx_hal_rcc_ex.c ****     
 238:Drivers/STM32F3xx_HAL_Driver/Src/stm32f3xx_hal_rcc_ex.c ****     /* Configure the USB clock source */
 239:Drivers/STM32F3xx_HAL_Driver/Src/stm32f3xx_hal_rcc_ex.c ****     __HAL_RCC_USB_CONFIG(PeriphClkInit->USBClockSelection);
 240:Drivers/STM32F3xx_HAL_Driver/Src/stm32f3xx_hal_rcc_ex.c ****   }
 241:Drivers/STM32F3xx_HAL_Driver/Src/stm32f3xx_hal_rcc_ex.c **** 
 242:Drivers/STM32F3xx_HAL_Driver/Src/stm32f3xx_hal_rcc_ex.c **** #endif /* STM32F302xE || STM32F303xE || */
 243:Drivers/STM32F3xx_HAL_Driver/Src/stm32f3xx_hal_rcc_ex.c ****        /* STM32F302xC || STM32F303xC || */
 244:Drivers/STM32F3xx_HAL_Driver/Src/stm32f3xx_hal_rcc_ex.c ****        /* STM32F302x8                || */
 245:Drivers/STM32F3xx_HAL_Driver/Src/stm32f3xx_hal_rcc_ex.c ****        /* STM32F373xC                   */
 246:Drivers/STM32F3xx_HAL_Driver/Src/stm32f3xx_hal_rcc_ex.c **** 
 247:Drivers/STM32F3xx_HAL_Driver/Src/stm32f3xx_hal_rcc_ex.c **** #if defined(STM32F302xE) || defined(STM32F303xE) || defined(STM32F398xx)\
ARM GAS   			page 27


 248:Drivers/STM32F3xx_HAL_Driver/Src/stm32f3xx_hal_rcc_ex.c ****  || defined(STM32F302xC) || defined(STM32F303xC) || defined(STM32F358xx)\
 249:Drivers/STM32F3xx_HAL_Driver/Src/stm32f3xx_hal_rcc_ex.c ****  || defined(STM32F301x8) || defined(STM32F302x8) || defined(STM32F318xx)\
 250:Drivers/STM32F3xx_HAL_Driver/Src/stm32f3xx_hal_rcc_ex.c ****  || defined(STM32F373xC) || defined(STM32F378xx)
 251:Drivers/STM32F3xx_HAL_Driver/Src/stm32f3xx_hal_rcc_ex.c **** 
 252:Drivers/STM32F3xx_HAL_Driver/Src/stm32f3xx_hal_rcc_ex.c ****   /*------------------------------ I2C2 Configuration ------------------------*/ 
 253:Drivers/STM32F3xx_HAL_Driver/Src/stm32f3xx_hal_rcc_ex.c ****   if(((PeriphClkInit->PeriphClockSelection) & RCC_PERIPHCLK_I2C2) == RCC_PERIPHCLK_I2C2)
 254:Drivers/STM32F3xx_HAL_Driver/Src/stm32f3xx_hal_rcc_ex.c ****   {
 255:Drivers/STM32F3xx_HAL_Driver/Src/stm32f3xx_hal_rcc_ex.c ****     /* Check the parameters */
 256:Drivers/STM32F3xx_HAL_Driver/Src/stm32f3xx_hal_rcc_ex.c ****     assert_param(IS_RCC_I2C2CLKSOURCE(PeriphClkInit->I2c2ClockSelection));
 257:Drivers/STM32F3xx_HAL_Driver/Src/stm32f3xx_hal_rcc_ex.c ****     
 258:Drivers/STM32F3xx_HAL_Driver/Src/stm32f3xx_hal_rcc_ex.c ****     /* Configure the I2C2 clock source */
 259:Drivers/STM32F3xx_HAL_Driver/Src/stm32f3xx_hal_rcc_ex.c ****     __HAL_RCC_I2C2_CONFIG(PeriphClkInit->I2c2ClockSelection);
 260:Drivers/STM32F3xx_HAL_Driver/Src/stm32f3xx_hal_rcc_ex.c ****   }
 261:Drivers/STM32F3xx_HAL_Driver/Src/stm32f3xx_hal_rcc_ex.c **** 
 262:Drivers/STM32F3xx_HAL_Driver/Src/stm32f3xx_hal_rcc_ex.c **** #endif /* STM32F302xE || STM32F303xE || STM32F398xx || */
 263:Drivers/STM32F3xx_HAL_Driver/Src/stm32f3xx_hal_rcc_ex.c ****        /* STM32F302xC || STM32F303xC || STM32F358xx || */
 264:Drivers/STM32F3xx_HAL_Driver/Src/stm32f3xx_hal_rcc_ex.c ****        /* STM32F301x8 || STM32F302x8 || STM32F318xx || */
 265:Drivers/STM32F3xx_HAL_Driver/Src/stm32f3xx_hal_rcc_ex.c ****        /* STM32F373xC || STM32F378xx                   */
 266:Drivers/STM32F3xx_HAL_Driver/Src/stm32f3xx_hal_rcc_ex.c ****   
 267:Drivers/STM32F3xx_HAL_Driver/Src/stm32f3xx_hal_rcc_ex.c **** #if defined(STM32F302xE) || defined(STM32F303xE) || defined(STM32F398xx)\
 268:Drivers/STM32F3xx_HAL_Driver/Src/stm32f3xx_hal_rcc_ex.c ****  || defined(STM32F301x8) || defined(STM32F302x8) || defined(STM32F318xx)
 269:Drivers/STM32F3xx_HAL_Driver/Src/stm32f3xx_hal_rcc_ex.c **** 
 270:Drivers/STM32F3xx_HAL_Driver/Src/stm32f3xx_hal_rcc_ex.c ****   /*------------------------------ I2C3 Configuration ------------------------*/ 
 271:Drivers/STM32F3xx_HAL_Driver/Src/stm32f3xx_hal_rcc_ex.c ****   if(((PeriphClkInit->PeriphClockSelection) & RCC_PERIPHCLK_I2C3) == RCC_PERIPHCLK_I2C3)
 272:Drivers/STM32F3xx_HAL_Driver/Src/stm32f3xx_hal_rcc_ex.c ****   {
 273:Drivers/STM32F3xx_HAL_Driver/Src/stm32f3xx_hal_rcc_ex.c ****     /* Check the parameters */
 274:Drivers/STM32F3xx_HAL_Driver/Src/stm32f3xx_hal_rcc_ex.c ****     assert_param(IS_RCC_I2C3CLKSOURCE(PeriphClkInit->I2c3ClockSelection));
 275:Drivers/STM32F3xx_HAL_Driver/Src/stm32f3xx_hal_rcc_ex.c ****     
 276:Drivers/STM32F3xx_HAL_Driver/Src/stm32f3xx_hal_rcc_ex.c ****     /* Configure the I2C3 clock source */
 277:Drivers/STM32F3xx_HAL_Driver/Src/stm32f3xx_hal_rcc_ex.c ****     __HAL_RCC_I2C3_CONFIG(PeriphClkInit->I2c3ClockSelection);
 278:Drivers/STM32F3xx_HAL_Driver/Src/stm32f3xx_hal_rcc_ex.c ****   }
 279:Drivers/STM32F3xx_HAL_Driver/Src/stm32f3xx_hal_rcc_ex.c **** #endif /* STM32F302xE || STM32F303xE || STM32F398xx || */
 280:Drivers/STM32F3xx_HAL_Driver/Src/stm32f3xx_hal_rcc_ex.c ****        /* STM32F301x8 || STM32F302x8 || STM32F318xx    */
 281:Drivers/STM32F3xx_HAL_Driver/Src/stm32f3xx_hal_rcc_ex.c ****   
 282:Drivers/STM32F3xx_HAL_Driver/Src/stm32f3xx_hal_rcc_ex.c **** #if defined(STM32F302xE) || defined(STM32F303xE) || defined(STM32F398xx)\
 283:Drivers/STM32F3xx_HAL_Driver/Src/stm32f3xx_hal_rcc_ex.c ****  || defined(STM32F302xC) || defined(STM32F303xC) || defined(STM32F358xx)
 284:Drivers/STM32F3xx_HAL_Driver/Src/stm32f3xx_hal_rcc_ex.c **** 
 285:Drivers/STM32F3xx_HAL_Driver/Src/stm32f3xx_hal_rcc_ex.c ****   /*------------------------------ UART4 Configuration ------------------------*/ 
 286:Drivers/STM32F3xx_HAL_Driver/Src/stm32f3xx_hal_rcc_ex.c ****   if(((PeriphClkInit->PeriphClockSelection) & RCC_PERIPHCLK_UART4) == RCC_PERIPHCLK_UART4)
 287:Drivers/STM32F3xx_HAL_Driver/Src/stm32f3xx_hal_rcc_ex.c ****   {
 288:Drivers/STM32F3xx_HAL_Driver/Src/stm32f3xx_hal_rcc_ex.c ****     /* Check the parameters */
 289:Drivers/STM32F3xx_HAL_Driver/Src/stm32f3xx_hal_rcc_ex.c ****     assert_param(IS_RCC_UART4CLKSOURCE(PeriphClkInit->Uart4ClockSelection));
 290:Drivers/STM32F3xx_HAL_Driver/Src/stm32f3xx_hal_rcc_ex.c ****     
 291:Drivers/STM32F3xx_HAL_Driver/Src/stm32f3xx_hal_rcc_ex.c ****     /* Configure the UART4 clock source */
 292:Drivers/STM32F3xx_HAL_Driver/Src/stm32f3xx_hal_rcc_ex.c ****     __HAL_RCC_UART4_CONFIG(PeriphClkInit->Uart4ClockSelection);
 293:Drivers/STM32F3xx_HAL_Driver/Src/stm32f3xx_hal_rcc_ex.c ****   }
 294:Drivers/STM32F3xx_HAL_Driver/Src/stm32f3xx_hal_rcc_ex.c **** 
 295:Drivers/STM32F3xx_HAL_Driver/Src/stm32f3xx_hal_rcc_ex.c ****   /*------------------------------ UART5 Configuration ------------------------*/ 
 296:Drivers/STM32F3xx_HAL_Driver/Src/stm32f3xx_hal_rcc_ex.c ****   if(((PeriphClkInit->PeriphClockSelection) & RCC_PERIPHCLK_UART5) == RCC_PERIPHCLK_UART5)
 297:Drivers/STM32F3xx_HAL_Driver/Src/stm32f3xx_hal_rcc_ex.c ****   {
 298:Drivers/STM32F3xx_HAL_Driver/Src/stm32f3xx_hal_rcc_ex.c ****     /* Check the parameters */
 299:Drivers/STM32F3xx_HAL_Driver/Src/stm32f3xx_hal_rcc_ex.c ****     assert_param(IS_RCC_UART5CLKSOURCE(PeriphClkInit->Uart5ClockSelection));
 300:Drivers/STM32F3xx_HAL_Driver/Src/stm32f3xx_hal_rcc_ex.c ****     
 301:Drivers/STM32F3xx_HAL_Driver/Src/stm32f3xx_hal_rcc_ex.c ****     /* Configure the UART5 clock source */
 302:Drivers/STM32F3xx_HAL_Driver/Src/stm32f3xx_hal_rcc_ex.c ****     __HAL_RCC_UART5_CONFIG(PeriphClkInit->Uart5ClockSelection);
 303:Drivers/STM32F3xx_HAL_Driver/Src/stm32f3xx_hal_rcc_ex.c ****   }
 304:Drivers/STM32F3xx_HAL_Driver/Src/stm32f3xx_hal_rcc_ex.c **** 
ARM GAS   			page 28


 305:Drivers/STM32F3xx_HAL_Driver/Src/stm32f3xx_hal_rcc_ex.c **** #endif /* STM32F302xE || STM32F303xE || STM32F398xx || */
 306:Drivers/STM32F3xx_HAL_Driver/Src/stm32f3xx_hal_rcc_ex.c ****        /* STM32F302xC || STM32F303xC || STM32F358xx    */
 307:Drivers/STM32F3xx_HAL_Driver/Src/stm32f3xx_hal_rcc_ex.c **** 
 308:Drivers/STM32F3xx_HAL_Driver/Src/stm32f3xx_hal_rcc_ex.c **** #if defined(STM32F302xE) || defined(STM32F303xE) || defined(STM32F398xx)\
 309:Drivers/STM32F3xx_HAL_Driver/Src/stm32f3xx_hal_rcc_ex.c ****  || defined(STM32F302xC) || defined(STM32F303xC) || defined(STM32F358xx)\
 310:Drivers/STM32F3xx_HAL_Driver/Src/stm32f3xx_hal_rcc_ex.c ****  || defined(STM32F301x8) || defined(STM32F302x8) || defined(STM32F318xx)
 311:Drivers/STM32F3xx_HAL_Driver/Src/stm32f3xx_hal_rcc_ex.c ****   /*------------------------------ I2S Configuration ------------------------*/ 
 312:Drivers/STM32F3xx_HAL_Driver/Src/stm32f3xx_hal_rcc_ex.c ****   if(((PeriphClkInit->PeriphClockSelection) & RCC_PERIPHCLK_I2S) == RCC_PERIPHCLK_I2S)
 313:Drivers/STM32F3xx_HAL_Driver/Src/stm32f3xx_hal_rcc_ex.c ****   {
 314:Drivers/STM32F3xx_HAL_Driver/Src/stm32f3xx_hal_rcc_ex.c ****     /* Check the parameters */
 315:Drivers/STM32F3xx_HAL_Driver/Src/stm32f3xx_hal_rcc_ex.c ****     assert_param(IS_RCC_I2SCLKSOURCE(PeriphClkInit->I2sClockSelection));
 316:Drivers/STM32F3xx_HAL_Driver/Src/stm32f3xx_hal_rcc_ex.c ****     
 317:Drivers/STM32F3xx_HAL_Driver/Src/stm32f3xx_hal_rcc_ex.c ****     /* Configure the I2S clock source */
 318:Drivers/STM32F3xx_HAL_Driver/Src/stm32f3xx_hal_rcc_ex.c ****     __HAL_RCC_I2S_CONFIG(PeriphClkInit->I2sClockSelection);
 319:Drivers/STM32F3xx_HAL_Driver/Src/stm32f3xx_hal_rcc_ex.c ****   }
 320:Drivers/STM32F3xx_HAL_Driver/Src/stm32f3xx_hal_rcc_ex.c **** 
 321:Drivers/STM32F3xx_HAL_Driver/Src/stm32f3xx_hal_rcc_ex.c **** #endif /* STM32F302xE || STM32F303xE || STM32F398xx || */
 322:Drivers/STM32F3xx_HAL_Driver/Src/stm32f3xx_hal_rcc_ex.c ****        /* STM32F302xC || STM32F303xC || STM32F358xx || */
 323:Drivers/STM32F3xx_HAL_Driver/Src/stm32f3xx_hal_rcc_ex.c ****        /* STM32F301x8 || STM32F302x8 || STM32F318xx    */
 324:Drivers/STM32F3xx_HAL_Driver/Src/stm32f3xx_hal_rcc_ex.c ****   
 325:Drivers/STM32F3xx_HAL_Driver/Src/stm32f3xx_hal_rcc_ex.c **** #if defined(STM32F301x8) || defined(STM32F302x8) || defined(STM32F318xx)
 326:Drivers/STM32F3xx_HAL_Driver/Src/stm32f3xx_hal_rcc_ex.c ****       
 327:Drivers/STM32F3xx_HAL_Driver/Src/stm32f3xx_hal_rcc_ex.c ****   /*------------------------------ ADC1 clock Configuration ------------------*/ 
 328:Drivers/STM32F3xx_HAL_Driver/Src/stm32f3xx_hal_rcc_ex.c ****   if(((PeriphClkInit->PeriphClockSelection) & RCC_PERIPHCLK_ADC1) == RCC_PERIPHCLK_ADC1)
 329:Drivers/STM32F3xx_HAL_Driver/Src/stm32f3xx_hal_rcc_ex.c ****   {
 330:Drivers/STM32F3xx_HAL_Driver/Src/stm32f3xx_hal_rcc_ex.c ****     /* Check the parameters */
 331:Drivers/STM32F3xx_HAL_Driver/Src/stm32f3xx_hal_rcc_ex.c ****     assert_param(IS_RCC_ADC1PLLCLK_DIV(PeriphClkInit->Adc1ClockSelection));
 332:Drivers/STM32F3xx_HAL_Driver/Src/stm32f3xx_hal_rcc_ex.c ****     
 333:Drivers/STM32F3xx_HAL_Driver/Src/stm32f3xx_hal_rcc_ex.c ****     /* Configure the ADC1 clock source */
 334:Drivers/STM32F3xx_HAL_Driver/Src/stm32f3xx_hal_rcc_ex.c ****     __HAL_RCC_ADC1_CONFIG(PeriphClkInit->Adc1ClockSelection);
 335:Drivers/STM32F3xx_HAL_Driver/Src/stm32f3xx_hal_rcc_ex.c ****   }
 336:Drivers/STM32F3xx_HAL_Driver/Src/stm32f3xx_hal_rcc_ex.c **** 
 337:Drivers/STM32F3xx_HAL_Driver/Src/stm32f3xx_hal_rcc_ex.c **** #endif /* STM32F301x8 || STM32F302x8 || STM32F318xx */
 338:Drivers/STM32F3xx_HAL_Driver/Src/stm32f3xx_hal_rcc_ex.c ****   
 339:Drivers/STM32F3xx_HAL_Driver/Src/stm32f3xx_hal_rcc_ex.c **** #if defined(STM32F302xE) || defined(STM32F303xE) || defined(STM32F398xx)\
 340:Drivers/STM32F3xx_HAL_Driver/Src/stm32f3xx_hal_rcc_ex.c ****  || defined(STM32F302xC) || defined(STM32F303xC) || defined(STM32F358xx)\
 341:Drivers/STM32F3xx_HAL_Driver/Src/stm32f3xx_hal_rcc_ex.c ****  || defined(STM32F303x8) || defined(STM32F334x8) || defined(STM32F328xx)
 342:Drivers/STM32F3xx_HAL_Driver/Src/stm32f3xx_hal_rcc_ex.c ****       
 343:Drivers/STM32F3xx_HAL_Driver/Src/stm32f3xx_hal_rcc_ex.c ****   /*------------------------------ ADC1 & ADC2 clock Configuration -------------*/ 
 344:Drivers/STM32F3xx_HAL_Driver/Src/stm32f3xx_hal_rcc_ex.c ****   if(((PeriphClkInit->PeriphClockSelection) & RCC_PERIPHCLK_ADC12) == RCC_PERIPHCLK_ADC12)
 224              	 .loc 1 344 3 view .LVU68
 225              	 .loc 1 344 5 is_stmt 0 view .LVU69
 226 00ae 1906     	 lsls r1,r3,#24
 227 00b0 06D5     	 bpl .L21
 345:Drivers/STM32F3xx_HAL_Driver/Src/stm32f3xx_hal_rcc_ex.c ****   {
 346:Drivers/STM32F3xx_HAL_Driver/Src/stm32f3xx_hal_rcc_ex.c ****     /* Check the parameters */
 347:Drivers/STM32F3xx_HAL_Driver/Src/stm32f3xx_hal_rcc_ex.c ****     assert_param(IS_RCC_ADC12PLLCLK_DIV(PeriphClkInit->Adc12ClockSelection));
 228              	 .loc 1 347 5 is_stmt 1 view .LVU70
 348:Drivers/STM32F3xx_HAL_Driver/Src/stm32f3xx_hal_rcc_ex.c ****     
 349:Drivers/STM32F3xx_HAL_Driver/Src/stm32f3xx_hal_rcc_ex.c ****     /* Configure the ADC12 clock source */
 350:Drivers/STM32F3xx_HAL_Driver/Src/stm32f3xx_hal_rcc_ex.c ****     __HAL_RCC_ADC12_CONFIG(PeriphClkInit->Adc12ClockSelection);
 229              	 .loc 1 350 5 view .LVU71
 230 00b2 3449     	 ldr r1,.L48
 231 00b4 2069     	 ldr r0,[r4,#16]
 232 00b6 CA6A     	 ldr r2,[r1,#44]
 233 00b8 22F4F872 	 bic r2,r2,#496
 234 00bc 0243     	 orrs r2,r2,r0
ARM GAS   			page 29


 235 00be CA62     	 str r2,[r1,#44]
 236              	.L21:
 351:Drivers/STM32F3xx_HAL_Driver/Src/stm32f3xx_hal_rcc_ex.c ****   }
 352:Drivers/STM32F3xx_HAL_Driver/Src/stm32f3xx_hal_rcc_ex.c **** 
 353:Drivers/STM32F3xx_HAL_Driver/Src/stm32f3xx_hal_rcc_ex.c **** #endif /* STM32F302xE || STM32F303xE || STM32F398xx || */
 354:Drivers/STM32F3xx_HAL_Driver/Src/stm32f3xx_hal_rcc_ex.c ****        /* STM32F302xC || STM32F303xC || STM32F358xx || */
 355:Drivers/STM32F3xx_HAL_Driver/Src/stm32f3xx_hal_rcc_ex.c ****        /* STM32F303x8 || STM32F334x8 || STM32F328xx    */    
 356:Drivers/STM32F3xx_HAL_Driver/Src/stm32f3xx_hal_rcc_ex.c ****   
 357:Drivers/STM32F3xx_HAL_Driver/Src/stm32f3xx_hal_rcc_ex.c **** #if defined(STM32F303xE) || defined(STM32F398xx)\
 358:Drivers/STM32F3xx_HAL_Driver/Src/stm32f3xx_hal_rcc_ex.c ****  || defined(STM32F303xC) || defined(STM32F358xx)
 359:Drivers/STM32F3xx_HAL_Driver/Src/stm32f3xx_hal_rcc_ex.c **** 
 360:Drivers/STM32F3xx_HAL_Driver/Src/stm32f3xx_hal_rcc_ex.c ****   /*------------------------------ ADC3 & ADC4 clock Configuration -------------*/ 
 361:Drivers/STM32F3xx_HAL_Driver/Src/stm32f3xx_hal_rcc_ex.c ****   if(((PeriphClkInit->PeriphClockSelection) & RCC_PERIPHCLK_ADC34) == RCC_PERIPHCLK_ADC34)
 362:Drivers/STM32F3xx_HAL_Driver/Src/stm32f3xx_hal_rcc_ex.c ****   {
 363:Drivers/STM32F3xx_HAL_Driver/Src/stm32f3xx_hal_rcc_ex.c ****     /* Check the parameters */
 364:Drivers/STM32F3xx_HAL_Driver/Src/stm32f3xx_hal_rcc_ex.c ****     assert_param(IS_RCC_ADC34PLLCLK_DIV(PeriphClkInit->Adc34ClockSelection));
 365:Drivers/STM32F3xx_HAL_Driver/Src/stm32f3xx_hal_rcc_ex.c ****     
 366:Drivers/STM32F3xx_HAL_Driver/Src/stm32f3xx_hal_rcc_ex.c ****     /* Configure the ADC34 clock source */
 367:Drivers/STM32F3xx_HAL_Driver/Src/stm32f3xx_hal_rcc_ex.c ****     __HAL_RCC_ADC34_CONFIG(PeriphClkInit->Adc34ClockSelection);
 368:Drivers/STM32F3xx_HAL_Driver/Src/stm32f3xx_hal_rcc_ex.c ****   }
 369:Drivers/STM32F3xx_HAL_Driver/Src/stm32f3xx_hal_rcc_ex.c **** 
 370:Drivers/STM32F3xx_HAL_Driver/Src/stm32f3xx_hal_rcc_ex.c **** #endif /* STM32F303xE || STM32F398xx || */
 371:Drivers/STM32F3xx_HAL_Driver/Src/stm32f3xx_hal_rcc_ex.c ****        /* STM32F303xC || STM32F358xx    */
 372:Drivers/STM32F3xx_HAL_Driver/Src/stm32f3xx_hal_rcc_ex.c **** 
 373:Drivers/STM32F3xx_HAL_Driver/Src/stm32f3xx_hal_rcc_ex.c **** #if defined(STM32F373xC) || defined(STM32F378xx)
 374:Drivers/STM32F3xx_HAL_Driver/Src/stm32f3xx_hal_rcc_ex.c ****       
 375:Drivers/STM32F3xx_HAL_Driver/Src/stm32f3xx_hal_rcc_ex.c ****   /*------------------------------ ADC1 clock Configuration ------------------*/ 
 376:Drivers/STM32F3xx_HAL_Driver/Src/stm32f3xx_hal_rcc_ex.c ****   if(((PeriphClkInit->PeriphClockSelection) & RCC_PERIPHCLK_ADC1) == RCC_PERIPHCLK_ADC1)
 377:Drivers/STM32F3xx_HAL_Driver/Src/stm32f3xx_hal_rcc_ex.c ****   {
 378:Drivers/STM32F3xx_HAL_Driver/Src/stm32f3xx_hal_rcc_ex.c ****     /* Check the parameters */
 379:Drivers/STM32F3xx_HAL_Driver/Src/stm32f3xx_hal_rcc_ex.c ****     assert_param(IS_RCC_ADC1PCLK2_DIV(PeriphClkInit->Adc1ClockSelection));
 380:Drivers/STM32F3xx_HAL_Driver/Src/stm32f3xx_hal_rcc_ex.c ****     
 381:Drivers/STM32F3xx_HAL_Driver/Src/stm32f3xx_hal_rcc_ex.c ****     /* Configure the ADC1 clock source */
 382:Drivers/STM32F3xx_HAL_Driver/Src/stm32f3xx_hal_rcc_ex.c ****     __HAL_RCC_ADC1_CONFIG(PeriphClkInit->Adc1ClockSelection);
 383:Drivers/STM32F3xx_HAL_Driver/Src/stm32f3xx_hal_rcc_ex.c ****   }
 384:Drivers/STM32F3xx_HAL_Driver/Src/stm32f3xx_hal_rcc_ex.c **** 
 385:Drivers/STM32F3xx_HAL_Driver/Src/stm32f3xx_hal_rcc_ex.c **** #endif /* STM32F373xC || STM32F378xx */
 386:Drivers/STM32F3xx_HAL_Driver/Src/stm32f3xx_hal_rcc_ex.c **** 
 387:Drivers/STM32F3xx_HAL_Driver/Src/stm32f3xx_hal_rcc_ex.c **** #if defined(STM32F302xE) || defined(STM32F303xE) || defined(STM32F398xx)\
 388:Drivers/STM32F3xx_HAL_Driver/Src/stm32f3xx_hal_rcc_ex.c ****  || defined(STM32F302xC) || defined(STM32F303xC) || defined(STM32F358xx)\
 389:Drivers/STM32F3xx_HAL_Driver/Src/stm32f3xx_hal_rcc_ex.c ****  || defined(STM32F303x8) || defined(STM32F334x8) || defined(STM32F328xx)\
 390:Drivers/STM32F3xx_HAL_Driver/Src/stm32f3xx_hal_rcc_ex.c ****  || defined(STM32F301x8) || defined(STM32F302x8) || defined(STM32F318xx)
 391:Drivers/STM32F3xx_HAL_Driver/Src/stm32f3xx_hal_rcc_ex.c **** 
 392:Drivers/STM32F3xx_HAL_Driver/Src/stm32f3xx_hal_rcc_ex.c ****   /*------------------------------ TIM1 clock Configuration ----------------*/ 
 393:Drivers/STM32F3xx_HAL_Driver/Src/stm32f3xx_hal_rcc_ex.c ****   if(((PeriphClkInit->PeriphClockSelection) & RCC_PERIPHCLK_TIM1) == RCC_PERIPHCLK_TIM1)
 237              	 .loc 1 393 3 view .LVU72
 238              	 .loc 1 393 5 is_stmt 0 view .LVU73
 239 00c0 DA04     	 lsls r2,r3,#19
 240 00c2 06D5     	 bpl .L22
 394:Drivers/STM32F3xx_HAL_Driver/Src/stm32f3xx_hal_rcc_ex.c ****   {
 395:Drivers/STM32F3xx_HAL_Driver/Src/stm32f3xx_hal_rcc_ex.c ****     /* Check the parameters */
 396:Drivers/STM32F3xx_HAL_Driver/Src/stm32f3xx_hal_rcc_ex.c ****     assert_param(IS_RCC_TIM1CLKSOURCE(PeriphClkInit->Tim1ClockSelection));
 241              	 .loc 1 396 5 is_stmt 1 view .LVU74
 397:Drivers/STM32F3xx_HAL_Driver/Src/stm32f3xx_hal_rcc_ex.c ****     
 398:Drivers/STM32F3xx_HAL_Driver/Src/stm32f3xx_hal_rcc_ex.c ****     /* Configure the TIM1 clock source */
 399:Drivers/STM32F3xx_HAL_Driver/Src/stm32f3xx_hal_rcc_ex.c ****     __HAL_RCC_TIM1_CONFIG(PeriphClkInit->Tim1ClockSelection);
 242              	 .loc 1 399 5 view .LVU75
ARM GAS   			page 30


 243 00c4 2F49     	 ldr r1,.L48
 244 00c6 6069     	 ldr r0,[r4,#20]
 245 00c8 0A6B     	 ldr r2,[r1,#48]
 246 00ca 22F48072 	 bic r2,r2,#256
 247 00ce 0243     	 orrs r2,r2,r0
 248 00d0 0A63     	 str r2,[r1,#48]
 249              	.L22:
 400:Drivers/STM32F3xx_HAL_Driver/Src/stm32f3xx_hal_rcc_ex.c ****   }
 401:Drivers/STM32F3xx_HAL_Driver/Src/stm32f3xx_hal_rcc_ex.c **** 
 402:Drivers/STM32F3xx_HAL_Driver/Src/stm32f3xx_hal_rcc_ex.c **** #endif /* STM32F302xE || STM32F303xE || STM32F398xx || */
 403:Drivers/STM32F3xx_HAL_Driver/Src/stm32f3xx_hal_rcc_ex.c ****        /* STM32F302xC || STM32F303xC || STM32F358xx || */
 404:Drivers/STM32F3xx_HAL_Driver/Src/stm32f3xx_hal_rcc_ex.c ****        /* STM32F303x8 || STM32F334x8 || STM32F328xx || */
 405:Drivers/STM32F3xx_HAL_Driver/Src/stm32f3xx_hal_rcc_ex.c ****        /* STM32F301x8 || STM32F302x8 || STM32F318xx    */
 406:Drivers/STM32F3xx_HAL_Driver/Src/stm32f3xx_hal_rcc_ex.c ****   
 407:Drivers/STM32F3xx_HAL_Driver/Src/stm32f3xx_hal_rcc_ex.c **** #if defined(STM32F303xE) || defined(STM32F398xx)\
 408:Drivers/STM32F3xx_HAL_Driver/Src/stm32f3xx_hal_rcc_ex.c ****  || defined(STM32F303xC) || defined(STM32F358xx)
 409:Drivers/STM32F3xx_HAL_Driver/Src/stm32f3xx_hal_rcc_ex.c **** 
 410:Drivers/STM32F3xx_HAL_Driver/Src/stm32f3xx_hal_rcc_ex.c ****   /*------------------------------ TIM8 clock Configuration ----------------*/ 
 411:Drivers/STM32F3xx_HAL_Driver/Src/stm32f3xx_hal_rcc_ex.c ****   if(((PeriphClkInit->PeriphClockSelection) & RCC_PERIPHCLK_TIM8) == RCC_PERIPHCLK_TIM8)
 412:Drivers/STM32F3xx_HAL_Driver/Src/stm32f3xx_hal_rcc_ex.c ****   {
 413:Drivers/STM32F3xx_HAL_Driver/Src/stm32f3xx_hal_rcc_ex.c ****     /* Check the parameters */
 414:Drivers/STM32F3xx_HAL_Driver/Src/stm32f3xx_hal_rcc_ex.c ****     assert_param(IS_RCC_TIM8CLKSOURCE(PeriphClkInit->Tim8ClockSelection));
 415:Drivers/STM32F3xx_HAL_Driver/Src/stm32f3xx_hal_rcc_ex.c ****     
 416:Drivers/STM32F3xx_HAL_Driver/Src/stm32f3xx_hal_rcc_ex.c ****     /* Configure the TIM8 clock source */
 417:Drivers/STM32F3xx_HAL_Driver/Src/stm32f3xx_hal_rcc_ex.c ****     __HAL_RCC_TIM8_CONFIG(PeriphClkInit->Tim8ClockSelection);
 418:Drivers/STM32F3xx_HAL_Driver/Src/stm32f3xx_hal_rcc_ex.c ****   }
 419:Drivers/STM32F3xx_HAL_Driver/Src/stm32f3xx_hal_rcc_ex.c **** 
 420:Drivers/STM32F3xx_HAL_Driver/Src/stm32f3xx_hal_rcc_ex.c **** #endif /* STM32F303xE || STM32F398xx || */
 421:Drivers/STM32F3xx_HAL_Driver/Src/stm32f3xx_hal_rcc_ex.c ****        /* STM32F303xC || STM32F358xx    */
 422:Drivers/STM32F3xx_HAL_Driver/Src/stm32f3xx_hal_rcc_ex.c **** 
 423:Drivers/STM32F3xx_HAL_Driver/Src/stm32f3xx_hal_rcc_ex.c **** #if defined(STM32F301x8) || defined(STM32F302x8) || defined(STM32F318xx)
 424:Drivers/STM32F3xx_HAL_Driver/Src/stm32f3xx_hal_rcc_ex.c **** 
 425:Drivers/STM32F3xx_HAL_Driver/Src/stm32f3xx_hal_rcc_ex.c ****   /*------------------------------ TIM15 clock Configuration ----------------*/ 
 426:Drivers/STM32F3xx_HAL_Driver/Src/stm32f3xx_hal_rcc_ex.c ****   if(((PeriphClkInit->PeriphClockSelection) & RCC_PERIPHCLK_TIM15) == RCC_PERIPHCLK_TIM15)
 427:Drivers/STM32F3xx_HAL_Driver/Src/stm32f3xx_hal_rcc_ex.c ****   {
 428:Drivers/STM32F3xx_HAL_Driver/Src/stm32f3xx_hal_rcc_ex.c ****     /* Check the parameters */
 429:Drivers/STM32F3xx_HAL_Driver/Src/stm32f3xx_hal_rcc_ex.c ****     assert_param(IS_RCC_TIM15CLKSOURCE(PeriphClkInit->Tim15ClockSelection));
 430:Drivers/STM32F3xx_HAL_Driver/Src/stm32f3xx_hal_rcc_ex.c ****     
 431:Drivers/STM32F3xx_HAL_Driver/Src/stm32f3xx_hal_rcc_ex.c ****     /* Configure the TIM15 clock source */
 432:Drivers/STM32F3xx_HAL_Driver/Src/stm32f3xx_hal_rcc_ex.c ****     __HAL_RCC_TIM15_CONFIG(PeriphClkInit->Tim15ClockSelection);
 433:Drivers/STM32F3xx_HAL_Driver/Src/stm32f3xx_hal_rcc_ex.c ****   }
 434:Drivers/STM32F3xx_HAL_Driver/Src/stm32f3xx_hal_rcc_ex.c **** 
 435:Drivers/STM32F3xx_HAL_Driver/Src/stm32f3xx_hal_rcc_ex.c ****   /*------------------------------ TIM16 clock Configuration ----------------*/ 
 436:Drivers/STM32F3xx_HAL_Driver/Src/stm32f3xx_hal_rcc_ex.c ****   if(((PeriphClkInit->PeriphClockSelection) & RCC_PERIPHCLK_TIM16) == RCC_PERIPHCLK_TIM16)
 437:Drivers/STM32F3xx_HAL_Driver/Src/stm32f3xx_hal_rcc_ex.c ****   {
 438:Drivers/STM32F3xx_HAL_Driver/Src/stm32f3xx_hal_rcc_ex.c ****     /* Check the parameters */
 439:Drivers/STM32F3xx_HAL_Driver/Src/stm32f3xx_hal_rcc_ex.c ****     assert_param(IS_RCC_TIM16CLKSOURCE(PeriphClkInit->Tim16ClockSelection));
 440:Drivers/STM32F3xx_HAL_Driver/Src/stm32f3xx_hal_rcc_ex.c ****     
 441:Drivers/STM32F3xx_HAL_Driver/Src/stm32f3xx_hal_rcc_ex.c ****     /* Configure the TIM16 clock source */
 442:Drivers/STM32F3xx_HAL_Driver/Src/stm32f3xx_hal_rcc_ex.c ****     __HAL_RCC_TIM16_CONFIG(PeriphClkInit->Tim16ClockSelection);
 443:Drivers/STM32F3xx_HAL_Driver/Src/stm32f3xx_hal_rcc_ex.c ****   }
 444:Drivers/STM32F3xx_HAL_Driver/Src/stm32f3xx_hal_rcc_ex.c **** 
 445:Drivers/STM32F3xx_HAL_Driver/Src/stm32f3xx_hal_rcc_ex.c ****   /*------------------------------ TIM17 clock Configuration ----------------*/ 
 446:Drivers/STM32F3xx_HAL_Driver/Src/stm32f3xx_hal_rcc_ex.c ****   if(((PeriphClkInit->PeriphClockSelection) & RCC_PERIPHCLK_TIM17) == RCC_PERIPHCLK_TIM17)
 447:Drivers/STM32F3xx_HAL_Driver/Src/stm32f3xx_hal_rcc_ex.c ****   {
 448:Drivers/STM32F3xx_HAL_Driver/Src/stm32f3xx_hal_rcc_ex.c ****     /* Check the parameters */
 449:Drivers/STM32F3xx_HAL_Driver/Src/stm32f3xx_hal_rcc_ex.c ****     assert_param(IS_RCC_TIM17CLKSOURCE(PeriphClkInit->Tim17ClockSelection));
ARM GAS   			page 31


 450:Drivers/STM32F3xx_HAL_Driver/Src/stm32f3xx_hal_rcc_ex.c ****     
 451:Drivers/STM32F3xx_HAL_Driver/Src/stm32f3xx_hal_rcc_ex.c ****     /* Configure the TIM17 clock source */
 452:Drivers/STM32F3xx_HAL_Driver/Src/stm32f3xx_hal_rcc_ex.c ****     __HAL_RCC_TIM17_CONFIG(PeriphClkInit->Tim17ClockSelection);
 453:Drivers/STM32F3xx_HAL_Driver/Src/stm32f3xx_hal_rcc_ex.c ****   }
 454:Drivers/STM32F3xx_HAL_Driver/Src/stm32f3xx_hal_rcc_ex.c **** 
 455:Drivers/STM32F3xx_HAL_Driver/Src/stm32f3xx_hal_rcc_ex.c **** #endif /* STM32F301x8 || STM32F302x8 || STM32F318xx */
 456:Drivers/STM32F3xx_HAL_Driver/Src/stm32f3xx_hal_rcc_ex.c **** 
 457:Drivers/STM32F3xx_HAL_Driver/Src/stm32f3xx_hal_rcc_ex.c **** #if defined(STM32F334x8)
 458:Drivers/STM32F3xx_HAL_Driver/Src/stm32f3xx_hal_rcc_ex.c **** 
 459:Drivers/STM32F3xx_HAL_Driver/Src/stm32f3xx_hal_rcc_ex.c ****   /*------------------------------ HRTIM1 clock Configuration ----------------*/ 
 460:Drivers/STM32F3xx_HAL_Driver/Src/stm32f3xx_hal_rcc_ex.c ****   if(((PeriphClkInit->PeriphClockSelection) & RCC_PERIPHCLK_HRTIM1) == RCC_PERIPHCLK_HRTIM1)
 250              	 .loc 1 460 3 view .LVU76
 251              	 .loc 1 460 5 is_stmt 0 view .LVU77
 252 00d2 13F48043 	 ands r3,r3,#16384
 253 00d6 03D1     	 bne .L47
 461:Drivers/STM32F3xx_HAL_Driver/Src/stm32f3xx_hal_rcc_ex.c ****   {
 462:Drivers/STM32F3xx_HAL_Driver/Src/stm32f3xx_hal_rcc_ex.c ****     /* Check the parameters */
 463:Drivers/STM32F3xx_HAL_Driver/Src/stm32f3xx_hal_rcc_ex.c ****     assert_param(IS_RCC_HRTIM1CLKSOURCE(PeriphClkInit->Hrtim1ClockSelection));
 464:Drivers/STM32F3xx_HAL_Driver/Src/stm32f3xx_hal_rcc_ex.c ****     
 465:Drivers/STM32F3xx_HAL_Driver/Src/stm32f3xx_hal_rcc_ex.c ****     /* Configure the HRTIM1 clock source */
 466:Drivers/STM32F3xx_HAL_Driver/Src/stm32f3xx_hal_rcc_ex.c ****     __HAL_RCC_HRTIM1_CONFIG(PeriphClkInit->Hrtim1ClockSelection);
 467:Drivers/STM32F3xx_HAL_Driver/Src/stm32f3xx_hal_rcc_ex.c ****   }
 468:Drivers/STM32F3xx_HAL_Driver/Src/stm32f3xx_hal_rcc_ex.c **** 
 469:Drivers/STM32F3xx_HAL_Driver/Src/stm32f3xx_hal_rcc_ex.c **** #endif /* STM32F334x8 */
 470:Drivers/STM32F3xx_HAL_Driver/Src/stm32f3xx_hal_rcc_ex.c **** 
 471:Drivers/STM32F3xx_HAL_Driver/Src/stm32f3xx_hal_rcc_ex.c **** #if defined(STM32F373xC) || defined(STM32F378xx)
 472:Drivers/STM32F3xx_HAL_Driver/Src/stm32f3xx_hal_rcc_ex.c ****   
 473:Drivers/STM32F3xx_HAL_Driver/Src/stm32f3xx_hal_rcc_ex.c ****   /*------------------------------ SDADC clock Configuration -------------------*/ 
 474:Drivers/STM32F3xx_HAL_Driver/Src/stm32f3xx_hal_rcc_ex.c ****   if(((PeriphClkInit->PeriphClockSelection) & RCC_PERIPHCLK_SDADC) == RCC_PERIPHCLK_SDADC)
 475:Drivers/STM32F3xx_HAL_Driver/Src/stm32f3xx_hal_rcc_ex.c ****   {
 476:Drivers/STM32F3xx_HAL_Driver/Src/stm32f3xx_hal_rcc_ex.c ****     /* Check the parameters */
 477:Drivers/STM32F3xx_HAL_Driver/Src/stm32f3xx_hal_rcc_ex.c ****     assert_param(IS_RCC_SDADCSYSCLK_DIV(PeriphClkInit->SdadcClockSelection));
 478:Drivers/STM32F3xx_HAL_Driver/Src/stm32f3xx_hal_rcc_ex.c ****     
 479:Drivers/STM32F3xx_HAL_Driver/Src/stm32f3xx_hal_rcc_ex.c ****     /* Configure the SDADC clock prescaler */
 480:Drivers/STM32F3xx_HAL_Driver/Src/stm32f3xx_hal_rcc_ex.c ****     __HAL_RCC_SDADC_CONFIG(PeriphClkInit->SdadcClockSelection);
 481:Drivers/STM32F3xx_HAL_Driver/Src/stm32f3xx_hal_rcc_ex.c ****   }
 482:Drivers/STM32F3xx_HAL_Driver/Src/stm32f3xx_hal_rcc_ex.c **** 
 483:Drivers/STM32F3xx_HAL_Driver/Src/stm32f3xx_hal_rcc_ex.c ****   /*------------------------------ CEC clock Configuration -------------------*/ 
 484:Drivers/STM32F3xx_HAL_Driver/Src/stm32f3xx_hal_rcc_ex.c ****   if(((PeriphClkInit->PeriphClockSelection) & RCC_PERIPHCLK_CEC) == RCC_PERIPHCLK_CEC)
 485:Drivers/STM32F3xx_HAL_Driver/Src/stm32f3xx_hal_rcc_ex.c ****   {
 486:Drivers/STM32F3xx_HAL_Driver/Src/stm32f3xx_hal_rcc_ex.c ****     /* Check the parameters */
 487:Drivers/STM32F3xx_HAL_Driver/Src/stm32f3xx_hal_rcc_ex.c ****     assert_param(IS_RCC_CECCLKSOURCE(PeriphClkInit->CecClockSelection));
 488:Drivers/STM32F3xx_HAL_Driver/Src/stm32f3xx_hal_rcc_ex.c ****     
 489:Drivers/STM32F3xx_HAL_Driver/Src/stm32f3xx_hal_rcc_ex.c ****     /* Configure the CEC clock source */
 490:Drivers/STM32F3xx_HAL_Driver/Src/stm32f3xx_hal_rcc_ex.c ****     __HAL_RCC_CEC_CONFIG(PeriphClkInit->CecClockSelection);
 491:Drivers/STM32F3xx_HAL_Driver/Src/stm32f3xx_hal_rcc_ex.c ****   }
 492:Drivers/STM32F3xx_HAL_Driver/Src/stm32f3xx_hal_rcc_ex.c **** 
 493:Drivers/STM32F3xx_HAL_Driver/Src/stm32f3xx_hal_rcc_ex.c **** #endif /* STM32F373xC || STM32F378xx */
 494:Drivers/STM32F3xx_HAL_Driver/Src/stm32f3xx_hal_rcc_ex.c ****   
 495:Drivers/STM32F3xx_HAL_Driver/Src/stm32f3xx_hal_rcc_ex.c **** #if defined(STM32F302xE) || defined(STM32F303xE) || defined(STM32F398xx)
 496:Drivers/STM32F3xx_HAL_Driver/Src/stm32f3xx_hal_rcc_ex.c ****   
 497:Drivers/STM32F3xx_HAL_Driver/Src/stm32f3xx_hal_rcc_ex.c ****   /*------------------------------ TIM2 clock Configuration -------------------*/ 
 498:Drivers/STM32F3xx_HAL_Driver/Src/stm32f3xx_hal_rcc_ex.c ****   if(((PeriphClkInit->PeriphClockSelection) & RCC_PERIPHCLK_TIM2) == RCC_PERIPHCLK_TIM2)
 499:Drivers/STM32F3xx_HAL_Driver/Src/stm32f3xx_hal_rcc_ex.c ****   {
 500:Drivers/STM32F3xx_HAL_Driver/Src/stm32f3xx_hal_rcc_ex.c ****     /* Check the parameters */
 501:Drivers/STM32F3xx_HAL_Driver/Src/stm32f3xx_hal_rcc_ex.c ****     assert_param(IS_RCC_TIM2CLKSOURCE(PeriphClkInit->Tim2ClockSelection));
 502:Drivers/STM32F3xx_HAL_Driver/Src/stm32f3xx_hal_rcc_ex.c ****     
ARM GAS   			page 32


 503:Drivers/STM32F3xx_HAL_Driver/Src/stm32f3xx_hal_rcc_ex.c ****     /* Configure the CEC clock source */
 504:Drivers/STM32F3xx_HAL_Driver/Src/stm32f3xx_hal_rcc_ex.c ****     __HAL_RCC_TIM2_CONFIG(PeriphClkInit->Tim2ClockSelection);
 505:Drivers/STM32F3xx_HAL_Driver/Src/stm32f3xx_hal_rcc_ex.c ****   }
 506:Drivers/STM32F3xx_HAL_Driver/Src/stm32f3xx_hal_rcc_ex.c **** 
 507:Drivers/STM32F3xx_HAL_Driver/Src/stm32f3xx_hal_rcc_ex.c ****   /*------------------------------ TIM3 clock Configuration -------------------*/ 
 508:Drivers/STM32F3xx_HAL_Driver/Src/stm32f3xx_hal_rcc_ex.c ****   if(((PeriphClkInit->PeriphClockSelection) & RCC_PERIPHCLK_TIM34) == RCC_PERIPHCLK_TIM34)
 509:Drivers/STM32F3xx_HAL_Driver/Src/stm32f3xx_hal_rcc_ex.c ****   {
 510:Drivers/STM32F3xx_HAL_Driver/Src/stm32f3xx_hal_rcc_ex.c ****     /* Check the parameters */
 511:Drivers/STM32F3xx_HAL_Driver/Src/stm32f3xx_hal_rcc_ex.c ****     assert_param(IS_RCC_TIM3CLKSOURCE(PeriphClkInit->Tim34ClockSelection));
 512:Drivers/STM32F3xx_HAL_Driver/Src/stm32f3xx_hal_rcc_ex.c ****     
 513:Drivers/STM32F3xx_HAL_Driver/Src/stm32f3xx_hal_rcc_ex.c ****     /* Configure the CEC clock source */
 514:Drivers/STM32F3xx_HAL_Driver/Src/stm32f3xx_hal_rcc_ex.c ****     __HAL_RCC_TIM34_CONFIG(PeriphClkInit->Tim34ClockSelection);
 515:Drivers/STM32F3xx_HAL_Driver/Src/stm32f3xx_hal_rcc_ex.c ****   }
 516:Drivers/STM32F3xx_HAL_Driver/Src/stm32f3xx_hal_rcc_ex.c **** 
 517:Drivers/STM32F3xx_HAL_Driver/Src/stm32f3xx_hal_rcc_ex.c ****   /*------------------------------ TIM15 clock Configuration ------------------*/ 
 518:Drivers/STM32F3xx_HAL_Driver/Src/stm32f3xx_hal_rcc_ex.c ****   if(((PeriphClkInit->PeriphClockSelection) & RCC_PERIPHCLK_TIM15) == RCC_PERIPHCLK_TIM15)
 519:Drivers/STM32F3xx_HAL_Driver/Src/stm32f3xx_hal_rcc_ex.c ****   {
 520:Drivers/STM32F3xx_HAL_Driver/Src/stm32f3xx_hal_rcc_ex.c ****     /* Check the parameters */
 521:Drivers/STM32F3xx_HAL_Driver/Src/stm32f3xx_hal_rcc_ex.c ****     assert_param(IS_RCC_TIM15CLKSOURCE(PeriphClkInit->Tim15ClockSelection));
 522:Drivers/STM32F3xx_HAL_Driver/Src/stm32f3xx_hal_rcc_ex.c ****     
 523:Drivers/STM32F3xx_HAL_Driver/Src/stm32f3xx_hal_rcc_ex.c ****     /* Configure the CEC clock source */
 524:Drivers/STM32F3xx_HAL_Driver/Src/stm32f3xx_hal_rcc_ex.c ****     __HAL_RCC_TIM15_CONFIG(PeriphClkInit->Tim15ClockSelection);
 525:Drivers/STM32F3xx_HAL_Driver/Src/stm32f3xx_hal_rcc_ex.c ****   }
 526:Drivers/STM32F3xx_HAL_Driver/Src/stm32f3xx_hal_rcc_ex.c **** 
 527:Drivers/STM32F3xx_HAL_Driver/Src/stm32f3xx_hal_rcc_ex.c ****   /*------------------------------ TIM16 clock Configuration ------------------*/ 
 528:Drivers/STM32F3xx_HAL_Driver/Src/stm32f3xx_hal_rcc_ex.c ****   if(((PeriphClkInit->PeriphClockSelection) & RCC_PERIPHCLK_TIM16) == RCC_PERIPHCLK_TIM16)
 529:Drivers/STM32F3xx_HAL_Driver/Src/stm32f3xx_hal_rcc_ex.c ****   {
 530:Drivers/STM32F3xx_HAL_Driver/Src/stm32f3xx_hal_rcc_ex.c ****     /* Check the parameters */
 531:Drivers/STM32F3xx_HAL_Driver/Src/stm32f3xx_hal_rcc_ex.c ****     assert_param(IS_RCC_TIM16CLKSOURCE(PeriphClkInit->Tim16ClockSelection));
 532:Drivers/STM32F3xx_HAL_Driver/Src/stm32f3xx_hal_rcc_ex.c ****     
 533:Drivers/STM32F3xx_HAL_Driver/Src/stm32f3xx_hal_rcc_ex.c ****     /* Configure the CEC clock source */
 534:Drivers/STM32F3xx_HAL_Driver/Src/stm32f3xx_hal_rcc_ex.c ****     __HAL_RCC_TIM16_CONFIG(PeriphClkInit->Tim16ClockSelection);
 535:Drivers/STM32F3xx_HAL_Driver/Src/stm32f3xx_hal_rcc_ex.c ****   }
 536:Drivers/STM32F3xx_HAL_Driver/Src/stm32f3xx_hal_rcc_ex.c **** 
 537:Drivers/STM32F3xx_HAL_Driver/Src/stm32f3xx_hal_rcc_ex.c ****   /*------------------------------ TIM17 clock Configuration ------------------*/ 
 538:Drivers/STM32F3xx_HAL_Driver/Src/stm32f3xx_hal_rcc_ex.c ****   if(((PeriphClkInit->PeriphClockSelection) & RCC_PERIPHCLK_TIM17) == RCC_PERIPHCLK_TIM17)
 539:Drivers/STM32F3xx_HAL_Driver/Src/stm32f3xx_hal_rcc_ex.c ****   {
 540:Drivers/STM32F3xx_HAL_Driver/Src/stm32f3xx_hal_rcc_ex.c ****     /* Check the parameters */
 541:Drivers/STM32F3xx_HAL_Driver/Src/stm32f3xx_hal_rcc_ex.c ****     assert_param(IS_RCC_TIM17CLKSOURCE(PeriphClkInit->Tim17ClockSelection));
 542:Drivers/STM32F3xx_HAL_Driver/Src/stm32f3xx_hal_rcc_ex.c ****     
 543:Drivers/STM32F3xx_HAL_Driver/Src/stm32f3xx_hal_rcc_ex.c ****     /* Configure the CEC clock source */
 544:Drivers/STM32F3xx_HAL_Driver/Src/stm32f3xx_hal_rcc_ex.c ****     __HAL_RCC_TIM17_CONFIG(PeriphClkInit->Tim17ClockSelection);
 545:Drivers/STM32F3xx_HAL_Driver/Src/stm32f3xx_hal_rcc_ex.c ****   }
 546:Drivers/STM32F3xx_HAL_Driver/Src/stm32f3xx_hal_rcc_ex.c **** 
 547:Drivers/STM32F3xx_HAL_Driver/Src/stm32f3xx_hal_rcc_ex.c **** #endif /* STM32F302xE || STM32F303xE || STM32F398xx */  
 548:Drivers/STM32F3xx_HAL_Driver/Src/stm32f3xx_hal_rcc_ex.c **** 
 549:Drivers/STM32F3xx_HAL_Driver/Src/stm32f3xx_hal_rcc_ex.c **** #if defined(STM32F303xE) || defined(STM32F398xx)
 550:Drivers/STM32F3xx_HAL_Driver/Src/stm32f3xx_hal_rcc_ex.c ****   /*------------------------------ TIM20 clock Configuration ------------------*/ 
 551:Drivers/STM32F3xx_HAL_Driver/Src/stm32f3xx_hal_rcc_ex.c ****   if(((PeriphClkInit->PeriphClockSelection) & RCC_PERIPHCLK_TIM20) == RCC_PERIPHCLK_TIM20)
 552:Drivers/STM32F3xx_HAL_Driver/Src/stm32f3xx_hal_rcc_ex.c ****   {
 553:Drivers/STM32F3xx_HAL_Driver/Src/stm32f3xx_hal_rcc_ex.c ****     /* Check the parameters */
 554:Drivers/STM32F3xx_HAL_Driver/Src/stm32f3xx_hal_rcc_ex.c ****     assert_param(IS_RCC_TIM20CLKSOURCE(PeriphClkInit->Tim20ClockSelection));
 555:Drivers/STM32F3xx_HAL_Driver/Src/stm32f3xx_hal_rcc_ex.c ****     
 556:Drivers/STM32F3xx_HAL_Driver/Src/stm32f3xx_hal_rcc_ex.c ****     /* Configure the CEC clock source */
 557:Drivers/STM32F3xx_HAL_Driver/Src/stm32f3xx_hal_rcc_ex.c ****     __HAL_RCC_TIM20_CONFIG(PeriphClkInit->Tim20ClockSelection);
 558:Drivers/STM32F3xx_HAL_Driver/Src/stm32f3xx_hal_rcc_ex.c ****   }
 559:Drivers/STM32F3xx_HAL_Driver/Src/stm32f3xx_hal_rcc_ex.c **** #endif /* STM32F303xE || STM32F398xx */  
ARM GAS   			page 33


 560:Drivers/STM32F3xx_HAL_Driver/Src/stm32f3xx_hal_rcc_ex.c **** 
 561:Drivers/STM32F3xx_HAL_Driver/Src/stm32f3xx_hal_rcc_ex.c ****   
 562:Drivers/STM32F3xx_HAL_Driver/Src/stm32f3xx_hal_rcc_ex.c ****   return HAL_OK;
 254              	 .loc 1 562 10 view .LVU78
 255 00d8 1846     	 mov r0,r3
 563:Drivers/STM32F3xx_HAL_Driver/Src/stm32f3xx_hal_rcc_ex.c **** }
 256              	 .loc 1 563 1 view .LVU79
 257 00da 03B0     	 add sp,sp,#12
 258              	 .cfi_remember_state
 259              	 .cfi_def_cfa_offset 28
 260              	 
 261 00dc BDE8F083 	 pop {r4,r5,r6,r7,r8,r9,pc}
 262              	.LVL13:
 263              	.L47:
 264              	 .cfi_restore_state
 463:Drivers/STM32F3xx_HAL_Driver/Src/stm32f3xx_hal_rcc_ex.c ****     
 265              	 .loc 1 463 5 is_stmt 1 view .LVU80
 466:Drivers/STM32F3xx_HAL_Driver/Src/stm32f3xx_hal_rcc_ex.c ****   }
 266              	 .loc 1 466 5 view .LVU81
 267 00e0 284A     	 ldr r2,.L48
 268 00e2 A169     	 ldr r1,[r4,#24]
 269 00e4 136B     	 ldr r3,[r2,#48]
 270 00e6 23F48053 	 bic r3,r3,#4096
 562:Drivers/STM32F3xx_HAL_Driver/Src/stm32f3xx_hal_rcc_ex.c **** }
 271              	 .loc 1 562 10 is_stmt 0 view .LVU82
 272 00ea 0020     	 movs r0,#0
 466:Drivers/STM32F3xx_HAL_Driver/Src/stm32f3xx_hal_rcc_ex.c ****   }
 273              	 .loc 1 466 5 view .LVU83
 274 00ec 0B43     	 orrs r3,r3,r1
 275 00ee 1363     	 str r3,[r2,#48]
 276              	 .loc 1 563 1 view .LVU84
 277 00f0 03B0     	 add sp,sp,#12
 278              	 .cfi_remember_state
 279              	 .cfi_def_cfa_offset 28
 280              	 
 281 00f2 BDE8F083 	 pop {r4,r5,r6,r7,r8,r9,pc}
 282              	.LVL14:
 283              	.L46:
 284              	 .cfi_restore_state
 126:Drivers/STM32F3xx_HAL_Driver/Src/stm32f3xx_hal_rcc_ex.c ****       pwrclkchanged = SET;
 285              	 .loc 1 126 7 is_stmt 1 view .LVU85
 286              	.LBB31:
 126:Drivers/STM32F3xx_HAL_Driver/Src/stm32f3xx_hal_rcc_ex.c ****       pwrclkchanged = SET;
 287              	 .loc 1 126 7 view .LVU86
 126:Drivers/STM32F3xx_HAL_Driver/Src/stm32f3xx_hal_rcc_ex.c ****       pwrclkchanged = SET;
 288              	 .loc 1 126 7 view .LVU87
 289 00f6 DA69     	 ldr r2,[r3,#28]
 290              	.LBE31:
 130:Drivers/STM32F3xx_HAL_Driver/Src/stm32f3xx_hal_rcc_ex.c ****     {
 291              	 .loc 1 130 8 is_stmt 0 view .LVU88
 292 00f8 234E     	 ldr r6,.L48+4
 293              	.LBB32:
 126:Drivers/STM32F3xx_HAL_Driver/Src/stm32f3xx_hal_rcc_ex.c ****       pwrclkchanged = SET;
 294              	 .loc 1 126 7 view .LVU89
 295 00fa 42F08052 	 orr r2,r2,#268435456
 296 00fe DA61     	 str r2,[r3,#28]
 126:Drivers/STM32F3xx_HAL_Driver/Src/stm32f3xx_hal_rcc_ex.c ****       pwrclkchanged = SET;
ARM GAS   			page 34


 297              	 .loc 1 126 7 is_stmt 1 view .LVU90
 298 0100 DB69     	 ldr r3,[r3,#28]
 299 0102 03F08053 	 and r3,r3,#268435456
 300 0106 0193     	 str r3,[sp,#4]
 126:Drivers/STM32F3xx_HAL_Driver/Src/stm32f3xx_hal_rcc_ex.c ****       pwrclkchanged = SET;
 301              	 .loc 1 126 7 view .LVU91
 302 0108 019B     	 ldr r3,[sp,#4]
 303              	.LBE32:
 126:Drivers/STM32F3xx_HAL_Driver/Src/stm32f3xx_hal_rcc_ex.c ****       pwrclkchanged = SET;
 304              	 .loc 1 126 7 view .LVU92
 127:Drivers/STM32F3xx_HAL_Driver/Src/stm32f3xx_hal_rcc_ex.c ****     }
 305              	 .loc 1 127 7 view .LVU93
 306              	.LVL15:
 130:Drivers/STM32F3xx_HAL_Driver/Src/stm32f3xx_hal_rcc_ex.c ****     {
 307              	 .loc 1 130 8 is_stmt 0 view .LVU94
 308 010a 3368     	 ldr r3,[r6]
 130:Drivers/STM32F3xx_HAL_Driver/Src/stm32f3xx_hal_rcc_ex.c ****     {
 309              	 .loc 1 130 7 view .LVU95
 310 010c DA05     	 lsls r2,r3,#23
 127:Drivers/STM32F3xx_HAL_Driver/Src/stm32f3xx_hal_rcc_ex.c ****     }
 311              	 .loc 1 127 21 view .LVU96
 312 010e 4FF00105 	 mov r5,#1
 313              	.LVL16:
 130:Drivers/STM32F3xx_HAL_Driver/Src/stm32f3xx_hal_rcc_ex.c ****     {
 314              	 .loc 1 130 5 is_stmt 1 view .LVU97
 130:Drivers/STM32F3xx_HAL_Driver/Src/stm32f3xx_hal_rcc_ex.c ****     {
 315              	 .loc 1 130 7 is_stmt 0 view .LVU98
 316 0112 86D4     	 bmi .L10
 317              	.L4:
 133:Drivers/STM32F3xx_HAL_Driver/Src/stm32f3xx_hal_rcc_ex.c ****       
 318              	 .loc 1 133 7 is_stmt 1 view .LVU99
 319 0114 3368     	 ldr r3,[r6]
 320 0116 43F48073 	 orr r3,r3,#256
 321 011a 3360     	 str r3,[r6]
 136:Drivers/STM32F3xx_HAL_Driver/Src/stm32f3xx_hal_rcc_ex.c ****       
 322              	 .loc 1 136 7 view .LVU100
 136:Drivers/STM32F3xx_HAL_Driver/Src/stm32f3xx_hal_rcc_ex.c ****       
 323              	 .loc 1 136 19 is_stmt 0 view .LVU101
 324 011c FFF7FEFF 	 bl HAL_GetTick
 325              	.LVL17:
 326 0120 0746     	 mov r7,r0
 327              	.LVL18:
 138:Drivers/STM32F3xx_HAL_Driver/Src/stm32f3xx_hal_rcc_ex.c ****       {
 328              	 .loc 1 138 7 is_stmt 1 view .LVU102
 329              	.L7:
 140:Drivers/STM32F3xx_HAL_Driver/Src/stm32f3xx_hal_rcc_ex.c ****         {
 330              	 .loc 1 140 11 view .LVU103
 138:Drivers/STM32F3xx_HAL_Driver/Src/stm32f3xx_hal_rcc_ex.c ****       {
 331              	 .loc 1 138 12 view .LVU104
 138:Drivers/STM32F3xx_HAL_Driver/Src/stm32f3xx_hal_rcc_ex.c ****       {
 332              	 .loc 1 138 13 is_stmt 0 view .LVU105
 333 0122 3368     	 ldr r3,[r6]
 138:Drivers/STM32F3xx_HAL_Driver/Src/stm32f3xx_hal_rcc_ex.c ****       {
 334              	 .loc 1 138 12 view .LVU106
 335 0124 DB05     	 lsls r3,r3,#23
 336 0126 3FF57CAF 	 bmi .L10
 140:Drivers/STM32F3xx_HAL_Driver/Src/stm32f3xx_hal_rcc_ex.c ****         {
ARM GAS   			page 35


 337              	 .loc 1 140 15 view .LVU107
 338 012a FFF7FEFF 	 bl HAL_GetTick
 339              	.LVL19:
 140:Drivers/STM32F3xx_HAL_Driver/Src/stm32f3xx_hal_rcc_ex.c ****         {
 340              	 .loc 1 140 29 view .LVU108
 341 012e C01B     	 subs r0,r0,r7
 140:Drivers/STM32F3xx_HAL_Driver/Src/stm32f3xx_hal_rcc_ex.c ****         {
 342              	 .loc 1 140 13 view .LVU109
 343 0130 6428     	 cmp r0,#100
 344 0132 F6D9     	 bls .L7
 345              	.LVL20:
 346              	.L14:
 142:Drivers/STM32F3xx_HAL_Driver/Src/stm32f3xx_hal_rcc_ex.c ****         }
 347              	 .loc 1 142 18 view .LVU110
 348 0134 0320     	 movs r0,#3
 349              	 .loc 1 563 1 view .LVU111
 350 0136 03B0     	 add sp,sp,#12
 351              	 .cfi_remember_state
 352              	 .cfi_def_cfa_offset 28
 353              	 
 354 0138 BDE8F083 	 pop {r4,r5,r6,r7,r8,r9,pc}
 355              	.LVL21:
 356              	.L12:
 357              	 .cfi_restore_state
 163:Drivers/STM32F3xx_HAL_Driver/Src/stm32f3xx_hal_rcc_ex.c ****         
 358              	 .loc 1 163 9 is_stmt 1 view .LVU112
 163:Drivers/STM32F3xx_HAL_Driver/Src/stm32f3xx_hal_rcc_ex.c ****         
 359              	 .loc 1 163 21 is_stmt 0 view .LVU113
 360 013c FFF7FEFF 	 bl HAL_GetTick
 361              	.LVL22:
 362              	.LBB33:
 363              	.LBB34:
 988:Drivers/CMSIS/Include/cmsis_gcc.h **** #else
 364              	 .loc 2 988 4 view .LVU114
 365 0140 4FF00209 	 mov r9,#2
 366              	.LBE34:
 367              	.LBE33:
 163:Drivers/STM32F3xx_HAL_Driver/Src/stm32f3xx_hal_rcc_ex.c ****         
 368              	 .loc 1 163 21 view .LVU115
 369 0144 0746     	 mov r7,r0
 370              	.LVL23:
 166:Drivers/STM32F3xx_HAL_Driver/Src/stm32f3xx_hal_rcc_ex.c ****         {
 371              	 .loc 1 166 9 is_stmt 1 view .LVU116
 166:Drivers/STM32F3xx_HAL_Driver/Src/stm32f3xx_hal_rcc_ex.c ****         {
 372              	 .loc 1 166 14 is_stmt 0 view .LVU117
 373 0146 14E0     	 b .L13
 374              	.LVL24:
 375              	.L15:
 376              	.LBB36:
 377              	.LBB37:
 988:Drivers/CMSIS/Include/cmsis_gcc.h **** #else
 378              	 .loc 2 988 4 view .LVU118
 379              	 .syntax unified
 380              	
 381 0148 99FAA9F3 	 rbit r3,r9
 382              	
 383              	.LVL25:
ARM GAS   			page 36


 384              	 .loc 2 1001 3 is_stmt 1 view .LVU119
 385              	 .loc 2 1001 3 is_stmt 0 view .LVU120
 386              	 .thumb
 387              	 .syntax unified
 388              	.LBE37:
 389              	.LBE36:
 166:Drivers/STM32F3xx_HAL_Driver/Src/stm32f3xx_hal_rcc_ex.c ****         {
 390              	 .loc 1 166 15 view .LVU121
 391 014c D8F82420 	 ldr r2,[r8,#36]
 392              	.L16:
 393              	.LVL26:
 394              	.LBB39:
 395              	.LBI39:
 981:Drivers/CMSIS/Include/cmsis_gcc.h **** {
 396              	 .loc 2 981 31 is_stmt 1 discriminator 11 view .LVU122
 397              	.LBB40:
 983:Drivers/CMSIS/Include/cmsis_gcc.h **** 
 398              	 .loc 2 983 3 discriminator 11 view .LVU123
 988:Drivers/CMSIS/Include/cmsis_gcc.h **** #else
 399              	 .loc 2 988 4 discriminator 11 view .LVU124
 400              	 .syntax unified
 401              	
 402 0150 99FAA9F3 	 rbit r3,r9
 403              	
 404              	 .thumb
 405              	 .syntax unified
 406              	.LBE40:
 407              	.LBE39:
 168:Drivers/STM32F3xx_HAL_Driver/Src/stm32f3xx_hal_rcc_ex.c ****           {
 408              	 .loc 1 168 13 discriminator 11 view .LVU125
 409              	.LVL27:
 410              	.LBB42:
 411              	.LBB41:
 412              	 .loc 2 1001 3 discriminator 11 view .LVU126
 413              	 .loc 2 1001 3 is_stmt 0 discriminator 11 view .LVU127
 414              	.LBE41:
 415              	.LBE42:
 166:Drivers/STM32F3xx_HAL_Driver/Src/stm32f3xx_hal_rcc_ex.c ****         {
 416              	 .loc 1 166 15 discriminator 11 view .LVU128
 417 0154 B3FA83F3 	 clz r3,r3
 418 0158 03F01F03 	 and r3,r3,#31
 419 015c 06FA03F3 	 lsl r3,r6,r3
 166:Drivers/STM32F3xx_HAL_Driver/Src/stm32f3xx_hal_rcc_ex.c ****         {
 420              	 .loc 1 166 14 discriminator 11 view .LVU129
 421 0160 1342     	 tst r3,r2
 422 0162 85D1     	 bne .L43
 168:Drivers/STM32F3xx_HAL_Driver/Src/stm32f3xx_hal_rcc_ex.c ****           {
 423              	 .loc 1 168 17 view .LVU130
 424 0164 FFF7FEFF 	 bl HAL_GetTick
 425              	.LVL28:
 168:Drivers/STM32F3xx_HAL_Driver/Src/stm32f3xx_hal_rcc_ex.c ****           {
 426              	 .loc 1 168 15 view .LVU131
 427 0168 41F28833 	 movw r3,#5000
 168:Drivers/STM32F3xx_HAL_Driver/Src/stm32f3xx_hal_rcc_ex.c ****           {
 428              	 .loc 1 168 31 view .LVU132
 429 016c C01B     	 subs r0,r0,r7
 168:Drivers/STM32F3xx_HAL_Driver/Src/stm32f3xx_hal_rcc_ex.c ****           {
ARM GAS   			page 37


 430              	 .loc 1 168 15 view .LVU133
 431 016e 9842     	 cmp r0,r3
 432 0170 E0D8     	 bhi .L14
 433              	.L13:
 166:Drivers/STM32F3xx_HAL_Driver/Src/stm32f3xx_hal_rcc_ex.c ****         {
 434              	 .loc 1 166 14 is_stmt 1 view .LVU134
 435              	.LVL29:
 436              	.LBB43:
 437              	.LBI33:
 981:Drivers/CMSIS/Include/cmsis_gcc.h **** {
 438              	 .loc 2 981 31 view .LVU135
 439              	.LBB35:
 983:Drivers/CMSIS/Include/cmsis_gcc.h **** 
 440              	 .loc 2 983 3 view .LVU136
 988:Drivers/CMSIS/Include/cmsis_gcc.h **** #else
 441              	 .loc 2 988 4 view .LVU137
 442              	 .syntax unified
 443              	
 444 0172 99FAA9F3 	 rbit r3,r9
 445              	
 446              	.LVL30:
 447              	 .loc 2 1001 3 view .LVU138
 448              	 .loc 2 1001 3 is_stmt 0 view .LVU139
 449              	 .thumb
 450              	 .syntax unified
 451              	.LBE35:
 452              	.LBE43:
 453              	.LBB44:
 454              	.LBI44:
 981:Drivers/CMSIS/Include/cmsis_gcc.h **** {
 455              	 .loc 2 981 31 is_stmt 1 view .LVU140
 456              	.LBB45:
 983:Drivers/CMSIS/Include/cmsis_gcc.h **** 
 457              	 .loc 2 983 3 view .LVU141
 988:Drivers/CMSIS/Include/cmsis_gcc.h **** #else
 458              	 .loc 2 988 4 view .LVU142
 459              	 .syntax unified
 460              	
 461 0176 99FAA9F3 	 rbit r3,r9
 462              	
 463              	.LVL31:
 464              	 .loc 2 1001 3 view .LVU143
 465              	 .loc 2 1001 3 is_stmt 0 view .LVU144
 466              	 .thumb
 467              	 .syntax unified
 468              	.LBE45:
 469              	.LBE44:
 470              	.LBB46:
 471              	.LBI36:
 981:Drivers/CMSIS/Include/cmsis_gcc.h **** {
 472              	 .loc 2 981 31 is_stmt 1 view .LVU145
 473              	.LBB38:
 983:Drivers/CMSIS/Include/cmsis_gcc.h **** 
 474              	 .loc 2 983 3 view .LVU146
 988:Drivers/CMSIS/Include/cmsis_gcc.h **** #else
 475              	 .loc 2 988 4 view .LVU147
 476              	.LBE38:
ARM GAS   			page 38


 477              	.LBE46:
 166:Drivers/STM32F3xx_HAL_Driver/Src/stm32f3xx_hal_rcc_ex.c ****         {
 478              	 .loc 1 166 15 is_stmt 0 view .LVU148
 479 017a 002B     	 cmp r3,#0
 480 017c E4D0     	 beq .L15
 166:Drivers/STM32F3xx_HAL_Driver/Src/stm32f3xx_hal_rcc_ex.c ****         {
 481              	 .loc 1 166 15 discriminator 4 view .LVU149
 482 017e D8F82020 	 ldr r2,[r8,#32]
 483 0182 E5E7     	 b .L16
 484              	.L49:
 485              	 .align 2
 486              	.L48:
 487 0184 00100240 	 .word 1073876992
 488 0188 00700040 	 .word 1073770496
 489 018c 00819010 	 .word 277905664
 490              	 .cfi_endproc
 491              	.LFE123:
 493              	 .section .text.HAL_RCCEx_GetPeriphCLKConfig,"ax",%progbits
 494              	 .align 1
 495              	 .p2align 2,,3
 496              	 .global HAL_RCCEx_GetPeriphCLKConfig
 497              	 .syntax unified
 498              	 .thumb
 499              	 .thumb_func
 500              	 .fpu fpv4-sp-d16
 502              	HAL_RCCEx_GetPeriphCLKConfig:
 503              	.LVL32:
 504              	.LFB124:
 564:Drivers/STM32F3xx_HAL_Driver/Src/stm32f3xx_hal_rcc_ex.c **** 
 565:Drivers/STM32F3xx_HAL_Driver/Src/stm32f3xx_hal_rcc_ex.c **** /**
 566:Drivers/STM32F3xx_HAL_Driver/Src/stm32f3xx_hal_rcc_ex.c ****   * @brief  Get the RCC_ClkInitStruct according to the internal
 567:Drivers/STM32F3xx_HAL_Driver/Src/stm32f3xx_hal_rcc_ex.c ****   * RCC configuration registers.
 568:Drivers/STM32F3xx_HAL_Driver/Src/stm32f3xx_hal_rcc_ex.c ****   * @param  PeriphClkInit pointer to an RCC_PeriphCLKInitTypeDef structure that
 569:Drivers/STM32F3xx_HAL_Driver/Src/stm32f3xx_hal_rcc_ex.c ****   *         returns the configuration information for the Extended Peripherals clocks
 570:Drivers/STM32F3xx_HAL_Driver/Src/stm32f3xx_hal_rcc_ex.c ****   *         (ADC, CEC, I2C, I2S, SDADC, HRTIM, TIM, USART, RTC and USB clocks).
 571:Drivers/STM32F3xx_HAL_Driver/Src/stm32f3xx_hal_rcc_ex.c ****   * @retval None
 572:Drivers/STM32F3xx_HAL_Driver/Src/stm32f3xx_hal_rcc_ex.c ****   */
 573:Drivers/STM32F3xx_HAL_Driver/Src/stm32f3xx_hal_rcc_ex.c **** void HAL_RCCEx_GetPeriphCLKConfig(RCC_PeriphCLKInitTypeDef  *PeriphClkInit)
 574:Drivers/STM32F3xx_HAL_Driver/Src/stm32f3xx_hal_rcc_ex.c **** {
 505              	 .loc 1 574 1 is_stmt 1 view-0
 506              	 .cfi_startproc
 507              	 
 508              	 
 509              	 
 575:Drivers/STM32F3xx_HAL_Driver/Src/stm32f3xx_hal_rcc_ex.c ****   /* Set all possible values for the extended clock type parameter------------*/
 576:Drivers/STM32F3xx_HAL_Driver/Src/stm32f3xx_hal_rcc_ex.c ****   /* Common part first */
 577:Drivers/STM32F3xx_HAL_Driver/Src/stm32f3xx_hal_rcc_ex.c **** #if defined(RCC_CFGR3_USART2SW) && defined(RCC_CFGR3_USART3SW)
 578:Drivers/STM32F3xx_HAL_Driver/Src/stm32f3xx_hal_rcc_ex.c ****   PeriphClkInit->PeriphClockSelection = RCC_PERIPHCLK_USART1 | RCC_PERIPHCLK_USART2 | RCC_PERIPHCLK
 579:Drivers/STM32F3xx_HAL_Driver/Src/stm32f3xx_hal_rcc_ex.c ****                                         RCC_PERIPHCLK_I2C1   | RCC_PERIPHCLK_RTC;
 580:Drivers/STM32F3xx_HAL_Driver/Src/stm32f3xx_hal_rcc_ex.c **** #else
 581:Drivers/STM32F3xx_HAL_Driver/Src/stm32f3xx_hal_rcc_ex.c ****   PeriphClkInit->PeriphClockSelection = RCC_PERIPHCLK_USART1 | \
 510              	 .loc 1 581 3 view .LVU151
 582:Drivers/STM32F3xx_HAL_Driver/Src/stm32f3xx_hal_rcc_ex.c ****                                         RCC_PERIPHCLK_I2C1   | RCC_PERIPHCLK_RTC;
 583:Drivers/STM32F3xx_HAL_Driver/Src/stm32f3xx_hal_rcc_ex.c **** #endif /* RCC_CFGR3_USART2SW && RCC_CFGR3_USART3SW */
 584:Drivers/STM32F3xx_HAL_Driver/Src/stm32f3xx_hal_rcc_ex.c ****   
 585:Drivers/STM32F3xx_HAL_Driver/Src/stm32f3xx_hal_rcc_ex.c ****   /* Get the RTC configuration --------------------------------------------*/
 586:Drivers/STM32F3xx_HAL_Driver/Src/stm32f3xx_hal_rcc_ex.c ****   PeriphClkInit->RTCClockSelection = __HAL_RCC_GET_RTC_SOURCE();
ARM GAS   			page 39


 511              	 .loc 1 586 3 view .LVU152
 512              	 .loc 1 586 38 is_stmt 0 view .LVU153
 513 0000 0D4B     	 ldr r3,.L51
 587:Drivers/STM32F3xx_HAL_Driver/Src/stm32f3xx_hal_rcc_ex.c ****   /* Get the USART1 clock configuration --------------------------------------------*/
 588:Drivers/STM32F3xx_HAL_Driver/Src/stm32f3xx_hal_rcc_ex.c ****   PeriphClkInit->Usart1ClockSelection = __HAL_RCC_GET_USART1_SOURCE();
 589:Drivers/STM32F3xx_HAL_Driver/Src/stm32f3xx_hal_rcc_ex.c **** #if defined(RCC_CFGR3_USART2SW)
 590:Drivers/STM32F3xx_HAL_Driver/Src/stm32f3xx_hal_rcc_ex.c ****   /* Get the USART2 clock configuration -----------------------------------------*/
 591:Drivers/STM32F3xx_HAL_Driver/Src/stm32f3xx_hal_rcc_ex.c ****   PeriphClkInit->Usart2ClockSelection = __HAL_RCC_GET_USART2_SOURCE();
 592:Drivers/STM32F3xx_HAL_Driver/Src/stm32f3xx_hal_rcc_ex.c **** #endif /* RCC_CFGR3_USART2SW */
 593:Drivers/STM32F3xx_HAL_Driver/Src/stm32f3xx_hal_rcc_ex.c **** #if defined(RCC_CFGR3_USART3SW)
 594:Drivers/STM32F3xx_HAL_Driver/Src/stm32f3xx_hal_rcc_ex.c ****    /* Get the USART3 clock configuration -----------------------------------------*/
 595:Drivers/STM32F3xx_HAL_Driver/Src/stm32f3xx_hal_rcc_ex.c ****   PeriphClkInit->Usart3ClockSelection = __HAL_RCC_GET_USART3_SOURCE();
 596:Drivers/STM32F3xx_HAL_Driver/Src/stm32f3xx_hal_rcc_ex.c **** #endif /* RCC_CFGR3_USART3SW */
 597:Drivers/STM32F3xx_HAL_Driver/Src/stm32f3xx_hal_rcc_ex.c ****   /* Get the I2C1 clock configuration -----------------------------------------*/
 598:Drivers/STM32F3xx_HAL_Driver/Src/stm32f3xx_hal_rcc_ex.c ****   PeriphClkInit->I2c1ClockSelection = __HAL_RCC_GET_I2C1_SOURCE();
 599:Drivers/STM32F3xx_HAL_Driver/Src/stm32f3xx_hal_rcc_ex.c **** 
 600:Drivers/STM32F3xx_HAL_Driver/Src/stm32f3xx_hal_rcc_ex.c **** #if defined(STM32F302xE) || defined(STM32F303xE)\
 601:Drivers/STM32F3xx_HAL_Driver/Src/stm32f3xx_hal_rcc_ex.c ****     || defined(STM32F302xC) || defined(STM32F303xC)\
 602:Drivers/STM32F3xx_HAL_Driver/Src/stm32f3xx_hal_rcc_ex.c ****     || defined(STM32F302x8)                        \
 603:Drivers/STM32F3xx_HAL_Driver/Src/stm32f3xx_hal_rcc_ex.c ****     || defined(STM32F373xC)
 604:Drivers/STM32F3xx_HAL_Driver/Src/stm32f3xx_hal_rcc_ex.c **** 
 605:Drivers/STM32F3xx_HAL_Driver/Src/stm32f3xx_hal_rcc_ex.c ****   PeriphClkInit->PeriphClockSelection |= RCC_PERIPHCLK_USB;
 606:Drivers/STM32F3xx_HAL_Driver/Src/stm32f3xx_hal_rcc_ex.c ****   /* Get the USB clock configuration -----------------------------------------*/
 607:Drivers/STM32F3xx_HAL_Driver/Src/stm32f3xx_hal_rcc_ex.c ****   PeriphClkInit->USBClockSelection = __HAL_RCC_GET_USB_SOURCE();
 608:Drivers/STM32F3xx_HAL_Driver/Src/stm32f3xx_hal_rcc_ex.c **** 
 609:Drivers/STM32F3xx_HAL_Driver/Src/stm32f3xx_hal_rcc_ex.c **** #endif /* STM32F302xE || STM32F303xE || */
 610:Drivers/STM32F3xx_HAL_Driver/Src/stm32f3xx_hal_rcc_ex.c ****        /* STM32F302xC || STM32F303xC || */
 611:Drivers/STM32F3xx_HAL_Driver/Src/stm32f3xx_hal_rcc_ex.c ****        /* STM32F302x8                || */
 612:Drivers/STM32F3xx_HAL_Driver/Src/stm32f3xx_hal_rcc_ex.c ****        /* STM32F373xC                   */
 613:Drivers/STM32F3xx_HAL_Driver/Src/stm32f3xx_hal_rcc_ex.c **** 
 614:Drivers/STM32F3xx_HAL_Driver/Src/stm32f3xx_hal_rcc_ex.c **** #if defined(STM32F302xE) || defined(STM32F303xE) || defined(STM32F398xx)\
 615:Drivers/STM32F3xx_HAL_Driver/Src/stm32f3xx_hal_rcc_ex.c ****     || defined(STM32F302xC) || defined(STM32F303xC) || defined(STM32F358xx)\
 616:Drivers/STM32F3xx_HAL_Driver/Src/stm32f3xx_hal_rcc_ex.c ****     || defined(STM32F301x8) || defined(STM32F302x8) || defined(STM32F318xx)\
 617:Drivers/STM32F3xx_HAL_Driver/Src/stm32f3xx_hal_rcc_ex.c ****     || defined(STM32F373xC) || defined(STM32F378xx)
 618:Drivers/STM32F3xx_HAL_Driver/Src/stm32f3xx_hal_rcc_ex.c **** 
 619:Drivers/STM32F3xx_HAL_Driver/Src/stm32f3xx_hal_rcc_ex.c ****   PeriphClkInit->PeriphClockSelection |= RCC_PERIPHCLK_I2C2;
 620:Drivers/STM32F3xx_HAL_Driver/Src/stm32f3xx_hal_rcc_ex.c ****   /* Get the I2C2 clock configuration -----------------------------------------*/
 621:Drivers/STM32F3xx_HAL_Driver/Src/stm32f3xx_hal_rcc_ex.c ****   PeriphClkInit->I2c2ClockSelection = __HAL_RCC_GET_I2C2_SOURCE();
 622:Drivers/STM32F3xx_HAL_Driver/Src/stm32f3xx_hal_rcc_ex.c **** 
 623:Drivers/STM32F3xx_HAL_Driver/Src/stm32f3xx_hal_rcc_ex.c **** #endif /* STM32F302xE || STM32F303xE || STM32F398xx || */
 624:Drivers/STM32F3xx_HAL_Driver/Src/stm32f3xx_hal_rcc_ex.c ****        /* STM32F302xC || STM32F303xC || STM32F358xx || */
 625:Drivers/STM32F3xx_HAL_Driver/Src/stm32f3xx_hal_rcc_ex.c ****        /* STM32F301x8 || STM32F302x8 || STM32F318xx || */
 626:Drivers/STM32F3xx_HAL_Driver/Src/stm32f3xx_hal_rcc_ex.c ****        /* STM32F373xC || STM32F378xx                   */
 627:Drivers/STM32F3xx_HAL_Driver/Src/stm32f3xx_hal_rcc_ex.c ****   
 628:Drivers/STM32F3xx_HAL_Driver/Src/stm32f3xx_hal_rcc_ex.c **** #if defined(STM32F302xE) || defined(STM32F303xE) || defined(STM32F398xx)\
 629:Drivers/STM32F3xx_HAL_Driver/Src/stm32f3xx_hal_rcc_ex.c ****     || defined(STM32F301x8) || defined(STM32F302x8) || defined(STM32F318xx)
 630:Drivers/STM32F3xx_HAL_Driver/Src/stm32f3xx_hal_rcc_ex.c **** 
 631:Drivers/STM32F3xx_HAL_Driver/Src/stm32f3xx_hal_rcc_ex.c ****   PeriphClkInit->PeriphClockSelection |= RCC_PERIPHCLK_I2C3;
 632:Drivers/STM32F3xx_HAL_Driver/Src/stm32f3xx_hal_rcc_ex.c ****   /* Get the I2C3 clock configuration -----------------------------------------*/
 633:Drivers/STM32F3xx_HAL_Driver/Src/stm32f3xx_hal_rcc_ex.c ****   PeriphClkInit->I2c3ClockSelection = __HAL_RCC_GET_I2C3_SOURCE();
 634:Drivers/STM32F3xx_HAL_Driver/Src/stm32f3xx_hal_rcc_ex.c **** 
 635:Drivers/STM32F3xx_HAL_Driver/Src/stm32f3xx_hal_rcc_ex.c **** #endif /* STM32F302xE || STM32F303xE || STM32F398xx || */
 636:Drivers/STM32F3xx_HAL_Driver/Src/stm32f3xx_hal_rcc_ex.c ****        /* STM32F301x8 || STM32F302x8 || STM32F318xx    */
 637:Drivers/STM32F3xx_HAL_Driver/Src/stm32f3xx_hal_rcc_ex.c ****   
 638:Drivers/STM32F3xx_HAL_Driver/Src/stm32f3xx_hal_rcc_ex.c **** #if defined(STM32F302xE) || defined(STM32F303xE) || defined(STM32F398xx)\
 639:Drivers/STM32F3xx_HAL_Driver/Src/stm32f3xx_hal_rcc_ex.c ****     || defined(STM32F302xC) || defined(STM32F303xC) ||defined(STM32F358xx)
 640:Drivers/STM32F3xx_HAL_Driver/Src/stm32f3xx_hal_rcc_ex.c **** 
ARM GAS   			page 40


 641:Drivers/STM32F3xx_HAL_Driver/Src/stm32f3xx_hal_rcc_ex.c ****   PeriphClkInit->PeriphClockSelection |= (RCC_PERIPHCLK_UART4  | RCC_PERIPHCLK_UART5);
 642:Drivers/STM32F3xx_HAL_Driver/Src/stm32f3xx_hal_rcc_ex.c ****   /* Get the UART4 clock configuration -----------------------------------------*/
 643:Drivers/STM32F3xx_HAL_Driver/Src/stm32f3xx_hal_rcc_ex.c ****   PeriphClkInit->Uart4ClockSelection = __HAL_RCC_GET_UART4_SOURCE();
 644:Drivers/STM32F3xx_HAL_Driver/Src/stm32f3xx_hal_rcc_ex.c ****   /* Get the UART5 clock configuration -----------------------------------------*/
 645:Drivers/STM32F3xx_HAL_Driver/Src/stm32f3xx_hal_rcc_ex.c ****   PeriphClkInit->Uart5ClockSelection = __HAL_RCC_GET_UART5_SOURCE();
 646:Drivers/STM32F3xx_HAL_Driver/Src/stm32f3xx_hal_rcc_ex.c **** 
 647:Drivers/STM32F3xx_HAL_Driver/Src/stm32f3xx_hal_rcc_ex.c **** #endif /* STM32F302xE || STM32F303xE || STM32F398xx || */
 648:Drivers/STM32F3xx_HAL_Driver/Src/stm32f3xx_hal_rcc_ex.c ****        /* STM32F302xC || STM32F303xC || STM32F358xx */
 649:Drivers/STM32F3xx_HAL_Driver/Src/stm32f3xx_hal_rcc_ex.c **** 
 650:Drivers/STM32F3xx_HAL_Driver/Src/stm32f3xx_hal_rcc_ex.c **** #if defined(STM32F302xE) || defined(STM32F303xE) || defined(STM32F398xx)\
 651:Drivers/STM32F3xx_HAL_Driver/Src/stm32f3xx_hal_rcc_ex.c ****     || defined(STM32F302xC) || defined(STM32F303xC) || defined(STM32F358xx)\
 652:Drivers/STM32F3xx_HAL_Driver/Src/stm32f3xx_hal_rcc_ex.c ****     || defined(STM32F301x8) || defined(STM32F302x8) || defined(STM32F318xx)
 653:Drivers/STM32F3xx_HAL_Driver/Src/stm32f3xx_hal_rcc_ex.c **** 
 654:Drivers/STM32F3xx_HAL_Driver/Src/stm32f3xx_hal_rcc_ex.c ****   PeriphClkInit->PeriphClockSelection |= RCC_PERIPHCLK_I2S;
 655:Drivers/STM32F3xx_HAL_Driver/Src/stm32f3xx_hal_rcc_ex.c ****   /* Get the I2S clock configuration -----------------------------------------*/
 656:Drivers/STM32F3xx_HAL_Driver/Src/stm32f3xx_hal_rcc_ex.c ****   PeriphClkInit->I2sClockSelection = __HAL_RCC_GET_I2S_SOURCE();
 657:Drivers/STM32F3xx_HAL_Driver/Src/stm32f3xx_hal_rcc_ex.c **** 
 658:Drivers/STM32F3xx_HAL_Driver/Src/stm32f3xx_hal_rcc_ex.c **** #endif /* STM32F302xE || STM32F303xE || STM32F398xx || */
 659:Drivers/STM32F3xx_HAL_Driver/Src/stm32f3xx_hal_rcc_ex.c ****        /* STM32F302xC || STM32F303xC || STM32F358xx || */
 660:Drivers/STM32F3xx_HAL_Driver/Src/stm32f3xx_hal_rcc_ex.c ****        /* STM32F301x8 || STM32F302x8 || STM32F318xx || */
 661:Drivers/STM32F3xx_HAL_Driver/Src/stm32f3xx_hal_rcc_ex.c ****   
 662:Drivers/STM32F3xx_HAL_Driver/Src/stm32f3xx_hal_rcc_ex.c **** #if defined(STM32F301x8) || defined(STM32F302x8) || defined(STM32F318xx)\
 663:Drivers/STM32F3xx_HAL_Driver/Src/stm32f3xx_hal_rcc_ex.c ****     || defined(STM32F373xC) || defined(STM32F378xx)
 664:Drivers/STM32F3xx_HAL_Driver/Src/stm32f3xx_hal_rcc_ex.c ****       
 665:Drivers/STM32F3xx_HAL_Driver/Src/stm32f3xx_hal_rcc_ex.c ****   PeriphClkInit->PeriphClockSelection |= RCC_PERIPHCLK_ADC1;
 666:Drivers/STM32F3xx_HAL_Driver/Src/stm32f3xx_hal_rcc_ex.c ****   /* Get the ADC1 clock configuration -----------------------------------------*/
 667:Drivers/STM32F3xx_HAL_Driver/Src/stm32f3xx_hal_rcc_ex.c ****   PeriphClkInit->Adc1ClockSelection = __HAL_RCC_GET_ADC1_SOURCE();
 668:Drivers/STM32F3xx_HAL_Driver/Src/stm32f3xx_hal_rcc_ex.c **** 
 669:Drivers/STM32F3xx_HAL_Driver/Src/stm32f3xx_hal_rcc_ex.c **** #endif /* STM32F301x8 || STM32F302x8 || STM32F318xx || */
 670:Drivers/STM32F3xx_HAL_Driver/Src/stm32f3xx_hal_rcc_ex.c ****        /* STM32F373xC || STM32F378xx                   */
 671:Drivers/STM32F3xx_HAL_Driver/Src/stm32f3xx_hal_rcc_ex.c **** 
 672:Drivers/STM32F3xx_HAL_Driver/Src/stm32f3xx_hal_rcc_ex.c **** #if defined(STM32F302xE) || defined(STM32F303xE) || defined(STM32F398xx)\
 673:Drivers/STM32F3xx_HAL_Driver/Src/stm32f3xx_hal_rcc_ex.c ****     || defined(STM32F302xC) || defined(STM32F303xC) || defined(STM32F358xx)\
 674:Drivers/STM32F3xx_HAL_Driver/Src/stm32f3xx_hal_rcc_ex.c ****     || defined(STM32F303x8) || defined(STM32F334x8) || defined(STM32F328xx)
 675:Drivers/STM32F3xx_HAL_Driver/Src/stm32f3xx_hal_rcc_ex.c **** 
 676:Drivers/STM32F3xx_HAL_Driver/Src/stm32f3xx_hal_rcc_ex.c ****   PeriphClkInit->PeriphClockSelection |= RCC_PERIPHCLK_ADC12;
 677:Drivers/STM32F3xx_HAL_Driver/Src/stm32f3xx_hal_rcc_ex.c ****   /* Get the ADC1 & ADC2 clock configuration -----------------------------------------*/
 678:Drivers/STM32F3xx_HAL_Driver/Src/stm32f3xx_hal_rcc_ex.c ****   PeriphClkInit->Adc12ClockSelection = __HAL_RCC_GET_ADC12_SOURCE();
 679:Drivers/STM32F3xx_HAL_Driver/Src/stm32f3xx_hal_rcc_ex.c **** 
 680:Drivers/STM32F3xx_HAL_Driver/Src/stm32f3xx_hal_rcc_ex.c **** #endif /* STM32F302xE || STM32F303xE || STM32F398xx || */
 681:Drivers/STM32F3xx_HAL_Driver/Src/stm32f3xx_hal_rcc_ex.c ****        /* STM32F302xC || STM32F303xC || STM32F358xx || */
 682:Drivers/STM32F3xx_HAL_Driver/Src/stm32f3xx_hal_rcc_ex.c ****        /* STM32F303x8 || STM32F334x8 || STM32F328xx    */
 683:Drivers/STM32F3xx_HAL_Driver/Src/stm32f3xx_hal_rcc_ex.c **** 
 684:Drivers/STM32F3xx_HAL_Driver/Src/stm32f3xx_hal_rcc_ex.c **** #if defined(STM32F303xE) || defined(STM32F398xx)\
 685:Drivers/STM32F3xx_HAL_Driver/Src/stm32f3xx_hal_rcc_ex.c ****     || defined(STM32F303xC) || defined(STM32F358xx)
 686:Drivers/STM32F3xx_HAL_Driver/Src/stm32f3xx_hal_rcc_ex.c **** 
 687:Drivers/STM32F3xx_HAL_Driver/Src/stm32f3xx_hal_rcc_ex.c ****   PeriphClkInit->PeriphClockSelection |= RCC_PERIPHCLK_ADC34;
 688:Drivers/STM32F3xx_HAL_Driver/Src/stm32f3xx_hal_rcc_ex.c ****    /* Get the ADC3 & ADC4 clock configuration -----------------------------------------*/
 689:Drivers/STM32F3xx_HAL_Driver/Src/stm32f3xx_hal_rcc_ex.c ****   PeriphClkInit->Adc34ClockSelection = __HAL_RCC_GET_ADC34_SOURCE();
 690:Drivers/STM32F3xx_HAL_Driver/Src/stm32f3xx_hal_rcc_ex.c **** 
 691:Drivers/STM32F3xx_HAL_Driver/Src/stm32f3xx_hal_rcc_ex.c **** #endif /* STM32F303xE || STM32F398xx || */
 692:Drivers/STM32F3xx_HAL_Driver/Src/stm32f3xx_hal_rcc_ex.c ****        /* STM32F303xC || STM32F358xx    */
 693:Drivers/STM32F3xx_HAL_Driver/Src/stm32f3xx_hal_rcc_ex.c **** 
 694:Drivers/STM32F3xx_HAL_Driver/Src/stm32f3xx_hal_rcc_ex.c **** #if defined(STM32F302xE) || defined(STM32F303xE) || defined(STM32F398xx)\
 695:Drivers/STM32F3xx_HAL_Driver/Src/stm32f3xx_hal_rcc_ex.c ****     || defined(STM32F302xC) || defined(STM32F303xC) || defined(STM32F358xx)\
 696:Drivers/STM32F3xx_HAL_Driver/Src/stm32f3xx_hal_rcc_ex.c ****     || defined(STM32F303x8) || defined(STM32F334x8) || defined(STM32F328xx)\
 697:Drivers/STM32F3xx_HAL_Driver/Src/stm32f3xx_hal_rcc_ex.c ****     || defined(STM32F301x8) || defined(STM32F302x8) || defined(STM32F318xx)
ARM GAS   			page 41


 698:Drivers/STM32F3xx_HAL_Driver/Src/stm32f3xx_hal_rcc_ex.c **** 
 699:Drivers/STM32F3xx_HAL_Driver/Src/stm32f3xx_hal_rcc_ex.c ****   PeriphClkInit->PeriphClockSelection |= RCC_PERIPHCLK_TIM1;
 700:Drivers/STM32F3xx_HAL_Driver/Src/stm32f3xx_hal_rcc_ex.c ****   /* Get the TIM1 clock configuration -----------------------------------------*/
 701:Drivers/STM32F3xx_HAL_Driver/Src/stm32f3xx_hal_rcc_ex.c ****   PeriphClkInit->Tim1ClockSelection = __HAL_RCC_GET_TIM1_SOURCE();
 702:Drivers/STM32F3xx_HAL_Driver/Src/stm32f3xx_hal_rcc_ex.c **** 
 703:Drivers/STM32F3xx_HAL_Driver/Src/stm32f3xx_hal_rcc_ex.c **** #endif /* STM32F302xE || STM32F303xE || STM32F398xx || */
 704:Drivers/STM32F3xx_HAL_Driver/Src/stm32f3xx_hal_rcc_ex.c ****        /* STM32F302xC || STM32F303xC || STM32F358xx || */
 705:Drivers/STM32F3xx_HAL_Driver/Src/stm32f3xx_hal_rcc_ex.c ****        /* STM32F303x8 || STM32F334x8 || STM32F328xx || */
 706:Drivers/STM32F3xx_HAL_Driver/Src/stm32f3xx_hal_rcc_ex.c ****        /* STM32F301x8 || STM32F302x8 || STM32F318xx    */
 707:Drivers/STM32F3xx_HAL_Driver/Src/stm32f3xx_hal_rcc_ex.c ****   
 708:Drivers/STM32F3xx_HAL_Driver/Src/stm32f3xx_hal_rcc_ex.c **** #if defined(STM32F303xE) || defined(STM32F398xx)\
 709:Drivers/STM32F3xx_HAL_Driver/Src/stm32f3xx_hal_rcc_ex.c ****     || defined(STM32F303xC) || defined(STM32F358xx)
 710:Drivers/STM32F3xx_HAL_Driver/Src/stm32f3xx_hal_rcc_ex.c **** 
 711:Drivers/STM32F3xx_HAL_Driver/Src/stm32f3xx_hal_rcc_ex.c ****   PeriphClkInit->PeriphClockSelection |= RCC_PERIPHCLK_TIM8;
 712:Drivers/STM32F3xx_HAL_Driver/Src/stm32f3xx_hal_rcc_ex.c ****   /* Get the TIM8 clock configuration -----------------------------------------*/
 713:Drivers/STM32F3xx_HAL_Driver/Src/stm32f3xx_hal_rcc_ex.c ****   PeriphClkInit->Tim8ClockSelection = __HAL_RCC_GET_TIM8_SOURCE();
 714:Drivers/STM32F3xx_HAL_Driver/Src/stm32f3xx_hal_rcc_ex.c **** 
 715:Drivers/STM32F3xx_HAL_Driver/Src/stm32f3xx_hal_rcc_ex.c **** #endif /* STM32F303xE || STM32F398xx || */
 716:Drivers/STM32F3xx_HAL_Driver/Src/stm32f3xx_hal_rcc_ex.c ****        /* STM32F303xC || STM32F358xx    */
 717:Drivers/STM32F3xx_HAL_Driver/Src/stm32f3xx_hal_rcc_ex.c **** 
 718:Drivers/STM32F3xx_HAL_Driver/Src/stm32f3xx_hal_rcc_ex.c **** #if defined(STM32F301x8) || defined(STM32F302x8) || defined(STM32F318xx)
 719:Drivers/STM32F3xx_HAL_Driver/Src/stm32f3xx_hal_rcc_ex.c **** 
 720:Drivers/STM32F3xx_HAL_Driver/Src/stm32f3xx_hal_rcc_ex.c ****   PeriphClkInit->PeriphClockSelection |= (RCC_PERIPHCLK_TIM15 | RCC_PERIPHCLK_TIM16 | RCC_PERIPHCLK
 721:Drivers/STM32F3xx_HAL_Driver/Src/stm32f3xx_hal_rcc_ex.c ****   /* Get the TIM15 clock configuration -----------------------------------------*/
 722:Drivers/STM32F3xx_HAL_Driver/Src/stm32f3xx_hal_rcc_ex.c ****   PeriphClkInit->Tim15ClockSelection = __HAL_RCC_GET_TIM15_SOURCE();
 723:Drivers/STM32F3xx_HAL_Driver/Src/stm32f3xx_hal_rcc_ex.c ****   /* Get the TIM16 clock configuration -----------------------------------------*/
 724:Drivers/STM32F3xx_HAL_Driver/Src/stm32f3xx_hal_rcc_ex.c ****   PeriphClkInit->Tim16ClockSelection = __HAL_RCC_GET_TIM16_SOURCE();
 725:Drivers/STM32F3xx_HAL_Driver/Src/stm32f3xx_hal_rcc_ex.c ****   /* Get the TIM17 clock configuration -----------------------------------------*/
 726:Drivers/STM32F3xx_HAL_Driver/Src/stm32f3xx_hal_rcc_ex.c ****   PeriphClkInit->Tim17ClockSelection = __HAL_RCC_GET_TIM17_SOURCE();
 727:Drivers/STM32F3xx_HAL_Driver/Src/stm32f3xx_hal_rcc_ex.c **** 
 728:Drivers/STM32F3xx_HAL_Driver/Src/stm32f3xx_hal_rcc_ex.c **** #endif /* STM32F301x8 || STM32F302x8 || STM32F318xx */
 729:Drivers/STM32F3xx_HAL_Driver/Src/stm32f3xx_hal_rcc_ex.c **** 
 730:Drivers/STM32F3xx_HAL_Driver/Src/stm32f3xx_hal_rcc_ex.c **** #if defined(STM32F334x8)
 731:Drivers/STM32F3xx_HAL_Driver/Src/stm32f3xx_hal_rcc_ex.c **** 
 732:Drivers/STM32F3xx_HAL_Driver/Src/stm32f3xx_hal_rcc_ex.c ****   PeriphClkInit->PeriphClockSelection |= RCC_PERIPHCLK_HRTIM1;
 514              	 .loc 1 732 39 view .LVU154
 515 0002 0E49     	 ldr r1,.L51+4
 586:Drivers/STM32F3xx_HAL_Driver/Src/stm32f3xx_hal_rcc_ex.c ****   /* Get the USART1 clock configuration --------------------------------------------*/
 516              	 .loc 1 586 38 view .LVU155
 517 0004 1A6A     	 ldr r2,[r3,#32]
 518 0006 02F44072 	 and r2,r2,#768
 586:Drivers/STM32F3xx_HAL_Driver/Src/stm32f3xx_hal_rcc_ex.c ****   /* Get the USART1 clock configuration --------------------------------------------*/
 519              	 .loc 1 586 36 view .LVU156
 520 000a 4260     	 str r2,[r0,#4]
 588:Drivers/STM32F3xx_HAL_Driver/Src/stm32f3xx_hal_rcc_ex.c **** #if defined(RCC_CFGR3_USART2SW)
 521              	 .loc 1 588 3 is_stmt 1 view .LVU157
 588:Drivers/STM32F3xx_HAL_Driver/Src/stm32f3xx_hal_rcc_ex.c **** #if defined(RCC_CFGR3_USART2SW)
 522              	 .loc 1 588 41 is_stmt 0 view .LVU158
 523 000c 1A6B     	 ldr r2,[r3,#48]
 524 000e 02F00302 	 and r2,r2,#3
 588:Drivers/STM32F3xx_HAL_Driver/Src/stm32f3xx_hal_rcc_ex.c **** #if defined(RCC_CFGR3_USART2SW)
 525              	 .loc 1 588 39 view .LVU159
 526 0012 8260     	 str r2,[r0,#8]
 598:Drivers/STM32F3xx_HAL_Driver/Src/stm32f3xx_hal_rcc_ex.c **** 
 527              	 .loc 1 598 3 is_stmt 1 view .LVU160
 598:Drivers/STM32F3xx_HAL_Driver/Src/stm32f3xx_hal_rcc_ex.c **** 
 528              	 .loc 1 598 39 is_stmt 0 view .LVU161
ARM GAS   			page 42


 529 0014 1A6B     	 ldr r2,[r3,#48]
 530 0016 02F01002 	 and r2,r2,#16
 598:Drivers/STM32F3xx_HAL_Driver/Src/stm32f3xx_hal_rcc_ex.c **** 
 531              	 .loc 1 598 37 view .LVU162
 532 001a C260     	 str r2,[r0,#12]
 676:Drivers/STM32F3xx_HAL_Driver/Src/stm32f3xx_hal_rcc_ex.c ****   /* Get the ADC1 & ADC2 clock configuration -----------------------------------------*/
 533              	 .loc 1 676 3 is_stmt 1 view .LVU163
 678:Drivers/STM32F3xx_HAL_Driver/Src/stm32f3xx_hal_rcc_ex.c **** 
 534              	 .loc 1 678 3 view .LVU164
 678:Drivers/STM32F3xx_HAL_Driver/Src/stm32f3xx_hal_rcc_ex.c **** 
 535              	 .loc 1 678 40 is_stmt 0 view .LVU165
 536 001c DA6A     	 ldr r2,[r3,#44]
 537 001e 02F4F872 	 and r2,r2,#496
 678:Drivers/STM32F3xx_HAL_Driver/Src/stm32f3xx_hal_rcc_ex.c **** 
 538              	 .loc 1 678 38 view .LVU166
 539 0022 0261     	 str r2,[r0,#16]
 699:Drivers/STM32F3xx_HAL_Driver/Src/stm32f3xx_hal_rcc_ex.c ****   /* Get the TIM1 clock configuration -----------------------------------------*/
 540              	 .loc 1 699 3 is_stmt 1 view .LVU167
 701:Drivers/STM32F3xx_HAL_Driver/Src/stm32f3xx_hal_rcc_ex.c **** 
 541              	 .loc 1 701 3 view .LVU168
 701:Drivers/STM32F3xx_HAL_Driver/Src/stm32f3xx_hal_rcc_ex.c **** 
 542              	 .loc 1 701 39 is_stmt 0 view .LVU169
 543 0024 1A6B     	 ldr r2,[r3,#48]
 544              	 .loc 1 732 39 view .LVU170
 545 0026 0160     	 str r1,[r0]
 701:Drivers/STM32F3xx_HAL_Driver/Src/stm32f3xx_hal_rcc_ex.c **** 
 546              	 .loc 1 701 39 view .LVU171
 547 0028 02F48072 	 and r2,r2,#256
 701:Drivers/STM32F3xx_HAL_Driver/Src/stm32f3xx_hal_rcc_ex.c **** 
 548              	 .loc 1 701 37 view .LVU172
 549 002c 4261     	 str r2,[r0,#20]
 550              	 .loc 1 732 3 is_stmt 1 view .LVU173
 733:Drivers/STM32F3xx_HAL_Driver/Src/stm32f3xx_hal_rcc_ex.c ****   /* Get the HRTIM1 clock configuration -----------------------------------------*/
 734:Drivers/STM32F3xx_HAL_Driver/Src/stm32f3xx_hal_rcc_ex.c ****   PeriphClkInit->Hrtim1ClockSelection = __HAL_RCC_GET_HRTIM1_SOURCE();
 551              	 .loc 1 734 3 view .LVU174
 552              	 .loc 1 734 41 is_stmt 0 view .LVU175
 553 002e 1B6B     	 ldr r3,[r3,#48]
 554 0030 03F48053 	 and r3,r3,#4096
 555              	 .loc 1 734 39 view .LVU176
 556 0034 8361     	 str r3,[r0,#24]
 735:Drivers/STM32F3xx_HAL_Driver/Src/stm32f3xx_hal_rcc_ex.c **** 
 736:Drivers/STM32F3xx_HAL_Driver/Src/stm32f3xx_hal_rcc_ex.c **** #endif /* STM32F334x8 */
 737:Drivers/STM32F3xx_HAL_Driver/Src/stm32f3xx_hal_rcc_ex.c **** 
 738:Drivers/STM32F3xx_HAL_Driver/Src/stm32f3xx_hal_rcc_ex.c **** #if defined(STM32F373xC) || defined(STM32F378xx)
 739:Drivers/STM32F3xx_HAL_Driver/Src/stm32f3xx_hal_rcc_ex.c **** 
 740:Drivers/STM32F3xx_HAL_Driver/Src/stm32f3xx_hal_rcc_ex.c ****   PeriphClkInit->PeriphClockSelection |= RCC_PERIPHCLK_SDADC;
 741:Drivers/STM32F3xx_HAL_Driver/Src/stm32f3xx_hal_rcc_ex.c ****   /* Get the SDADC clock configuration -----------------------------------------*/
 742:Drivers/STM32F3xx_HAL_Driver/Src/stm32f3xx_hal_rcc_ex.c ****   PeriphClkInit->SdadcClockSelection = __HAL_RCC_GET_SDADC_SOURCE();
 743:Drivers/STM32F3xx_HAL_Driver/Src/stm32f3xx_hal_rcc_ex.c **** 
 744:Drivers/STM32F3xx_HAL_Driver/Src/stm32f3xx_hal_rcc_ex.c ****   PeriphClkInit->PeriphClockSelection |= RCC_PERIPHCLK_CEC;
 745:Drivers/STM32F3xx_HAL_Driver/Src/stm32f3xx_hal_rcc_ex.c ****   /* Get the CEC clock configuration -----------------------------------------*/
 746:Drivers/STM32F3xx_HAL_Driver/Src/stm32f3xx_hal_rcc_ex.c ****   PeriphClkInit->CecClockSelection = __HAL_RCC_GET_CEC_SOURCE();
 747:Drivers/STM32F3xx_HAL_Driver/Src/stm32f3xx_hal_rcc_ex.c **** 
 748:Drivers/STM32F3xx_HAL_Driver/Src/stm32f3xx_hal_rcc_ex.c **** #endif /* STM32F373xC || STM32F378xx */
 749:Drivers/STM32F3xx_HAL_Driver/Src/stm32f3xx_hal_rcc_ex.c **** 
 750:Drivers/STM32F3xx_HAL_Driver/Src/stm32f3xx_hal_rcc_ex.c **** #if defined(STM32F302xE) || defined(STM32F303xE) || defined(STM32F398xx)
 751:Drivers/STM32F3xx_HAL_Driver/Src/stm32f3xx_hal_rcc_ex.c **** 
ARM GAS   			page 43


 752:Drivers/STM32F3xx_HAL_Driver/Src/stm32f3xx_hal_rcc_ex.c ****   PeriphClkInit->PeriphClockSelection |= RCC_PERIPHCLK_TIM2;
 753:Drivers/STM32F3xx_HAL_Driver/Src/stm32f3xx_hal_rcc_ex.c ****   /* Get the TIM2 clock configuration -----------------------------------------*/
 754:Drivers/STM32F3xx_HAL_Driver/Src/stm32f3xx_hal_rcc_ex.c ****   PeriphClkInit->Tim2ClockSelection = __HAL_RCC_GET_TIM2_SOURCE();
 755:Drivers/STM32F3xx_HAL_Driver/Src/stm32f3xx_hal_rcc_ex.c **** 
 756:Drivers/STM32F3xx_HAL_Driver/Src/stm32f3xx_hal_rcc_ex.c ****   PeriphClkInit->PeriphClockSelection |= RCC_PERIPHCLK_TIM34;
 757:Drivers/STM32F3xx_HAL_Driver/Src/stm32f3xx_hal_rcc_ex.c ****   /* Get the TIM3 clock configuration -----------------------------------------*/
 758:Drivers/STM32F3xx_HAL_Driver/Src/stm32f3xx_hal_rcc_ex.c ****   PeriphClkInit->Tim34ClockSelection = __HAL_RCC_GET_TIM34_SOURCE();
 759:Drivers/STM32F3xx_HAL_Driver/Src/stm32f3xx_hal_rcc_ex.c **** 
 760:Drivers/STM32F3xx_HAL_Driver/Src/stm32f3xx_hal_rcc_ex.c ****   PeriphClkInit->PeriphClockSelection |= RCC_PERIPHCLK_TIM15;
 761:Drivers/STM32F3xx_HAL_Driver/Src/stm32f3xx_hal_rcc_ex.c ****   /* Get the TIM15 clock configuration -----------------------------------------*/
 762:Drivers/STM32F3xx_HAL_Driver/Src/stm32f3xx_hal_rcc_ex.c ****   PeriphClkInit->Tim15ClockSelection = __HAL_RCC_GET_TIM15_SOURCE();
 763:Drivers/STM32F3xx_HAL_Driver/Src/stm32f3xx_hal_rcc_ex.c **** 
 764:Drivers/STM32F3xx_HAL_Driver/Src/stm32f3xx_hal_rcc_ex.c ****   PeriphClkInit->PeriphClockSelection |= RCC_PERIPHCLK_TIM16;
 765:Drivers/STM32F3xx_HAL_Driver/Src/stm32f3xx_hal_rcc_ex.c ****   /* Get the TIM16 clock configuration -----------------------------------------*/
 766:Drivers/STM32F3xx_HAL_Driver/Src/stm32f3xx_hal_rcc_ex.c ****   PeriphClkInit->Tim16ClockSelection = __HAL_RCC_GET_TIM16_SOURCE();
 767:Drivers/STM32F3xx_HAL_Driver/Src/stm32f3xx_hal_rcc_ex.c **** 
 768:Drivers/STM32F3xx_HAL_Driver/Src/stm32f3xx_hal_rcc_ex.c ****   PeriphClkInit->PeriphClockSelection |= RCC_PERIPHCLK_TIM17;
 769:Drivers/STM32F3xx_HAL_Driver/Src/stm32f3xx_hal_rcc_ex.c ****   /* Get the TIM17 clock configuration -----------------------------------------*/
 770:Drivers/STM32F3xx_HAL_Driver/Src/stm32f3xx_hal_rcc_ex.c ****   PeriphClkInit->Tim17ClockSelection = __HAL_RCC_GET_TIM17_SOURCE();
 771:Drivers/STM32F3xx_HAL_Driver/Src/stm32f3xx_hal_rcc_ex.c **** 
 772:Drivers/STM32F3xx_HAL_Driver/Src/stm32f3xx_hal_rcc_ex.c **** #endif /* STM32F302xE || STM32F303xE || STM32F398xx */
 773:Drivers/STM32F3xx_HAL_Driver/Src/stm32f3xx_hal_rcc_ex.c ****   
 774:Drivers/STM32F3xx_HAL_Driver/Src/stm32f3xx_hal_rcc_ex.c **** #if defined (STM32F303xE) || defined(STM32F398xx)
 775:Drivers/STM32F3xx_HAL_Driver/Src/stm32f3xx_hal_rcc_ex.c ****   PeriphClkInit->PeriphClockSelection |= RCC_PERIPHCLK_TIM20;
 776:Drivers/STM32F3xx_HAL_Driver/Src/stm32f3xx_hal_rcc_ex.c ****   /* Get the TIM20 clock configuration -----------------------------------------*/
 777:Drivers/STM32F3xx_HAL_Driver/Src/stm32f3xx_hal_rcc_ex.c ****   PeriphClkInit->Tim20ClockSelection = __HAL_RCC_GET_TIM20_SOURCE();
 778:Drivers/STM32F3xx_HAL_Driver/Src/stm32f3xx_hal_rcc_ex.c **** #endif /* STM32F303xE || STM32F398xx */
 779:Drivers/STM32F3xx_HAL_Driver/Src/stm32f3xx_hal_rcc_ex.c **** }
 557              	 .loc 1 779 1 view .LVU177
 558 0036 7047     	 bx lr
 559              	.L52:
 560              	 .align 2
 561              	.L51:
 562 0038 00100240 	 .word 1073876992
 563 003c A1500100 	 .word 86177
 564              	 .cfi_endproc
 565              	.LFE124:
 567              	 .section .text.HAL_RCCEx_GetPeriphCLKFreq,"ax",%progbits
 568              	 .align 1
 569              	 .p2align 2,,3
 570              	 .global HAL_RCCEx_GetPeriphCLKFreq
 571              	 .syntax unified
 572              	 .thumb
 573              	 .thumb_func
 574              	 .fpu fpv4-sp-d16
 576              	HAL_RCCEx_GetPeriphCLKFreq:
 577              	.LVL33:
 578              	.LFB125:
 780:Drivers/STM32F3xx_HAL_Driver/Src/stm32f3xx_hal_rcc_ex.c **** 
 781:Drivers/STM32F3xx_HAL_Driver/Src/stm32f3xx_hal_rcc_ex.c **** /**
 782:Drivers/STM32F3xx_HAL_Driver/Src/stm32f3xx_hal_rcc_ex.c ****   * @brief  Returns the peripheral clock frequency
 783:Drivers/STM32F3xx_HAL_Driver/Src/stm32f3xx_hal_rcc_ex.c ****   * @note   Returns 0 if peripheral clock is unknown or 0xDEADDEAD if not applicable.
 784:Drivers/STM32F3xx_HAL_Driver/Src/stm32f3xx_hal_rcc_ex.c ****   * @param  PeriphClk Peripheral clock identifier
 785:Drivers/STM32F3xx_HAL_Driver/Src/stm32f3xx_hal_rcc_ex.c ****   *         This parameter can be one of the following values:
 786:Drivers/STM32F3xx_HAL_Driver/Src/stm32f3xx_hal_rcc_ex.c ****   *            @arg @ref RCC_PERIPHCLK_RTC     RTC peripheral clock
 787:Drivers/STM32F3xx_HAL_Driver/Src/stm32f3xx_hal_rcc_ex.c ****   *            @arg @ref RCC_PERIPHCLK_USART1  USART1 peripheral clock
 788:Drivers/STM32F3xx_HAL_Driver/Src/stm32f3xx_hal_rcc_ex.c ****   *            @arg @ref RCC_PERIPHCLK_I2C1    I2C1 peripheral clock
ARM GAS   			page 44


 789:Drivers/STM32F3xx_HAL_Driver/Src/stm32f3xx_hal_rcc_ex.c ****   @if STM32F301x8
 790:Drivers/STM32F3xx_HAL_Driver/Src/stm32f3xx_hal_rcc_ex.c ****   *            @arg @ref RCC_PERIPHCLK_I2C2    I2C2 peripheral clock
 791:Drivers/STM32F3xx_HAL_Driver/Src/stm32f3xx_hal_rcc_ex.c ****   *            @arg @ref RCC_PERIPHCLK_I2C3    I2C3 peripheral clock
 792:Drivers/STM32F3xx_HAL_Driver/Src/stm32f3xx_hal_rcc_ex.c ****   *            @arg @ref RCC_PERIPHCLK_I2S     I2S peripheral clock
 793:Drivers/STM32F3xx_HAL_Driver/Src/stm32f3xx_hal_rcc_ex.c ****   *            @arg @ref RCC_PERIPHCLK_ADC1    ADC1 peripheral clock
 794:Drivers/STM32F3xx_HAL_Driver/Src/stm32f3xx_hal_rcc_ex.c ****   *            @arg @ref RCC_PERIPHCLK_TIM1    TIM1 peripheral clock
 795:Drivers/STM32F3xx_HAL_Driver/Src/stm32f3xx_hal_rcc_ex.c ****   *            @arg @ref RCC_PERIPHCLK_TIM15   TIM15 peripheral clock
 796:Drivers/STM32F3xx_HAL_Driver/Src/stm32f3xx_hal_rcc_ex.c ****   *            @arg @ref RCC_PERIPHCLK_TIM16   TIM16 peripheral clock
 797:Drivers/STM32F3xx_HAL_Driver/Src/stm32f3xx_hal_rcc_ex.c ****   *            @arg @ref RCC_PERIPHCLK_TIM17   TIM17 peripheral clock
 798:Drivers/STM32F3xx_HAL_Driver/Src/stm32f3xx_hal_rcc_ex.c ****   @endif
 799:Drivers/STM32F3xx_HAL_Driver/Src/stm32f3xx_hal_rcc_ex.c ****   @if STM32F302x8
 800:Drivers/STM32F3xx_HAL_Driver/Src/stm32f3xx_hal_rcc_ex.c ****   *            @arg @ref RCC_PERIPHCLK_I2C2    I2C2 peripheral clock
 801:Drivers/STM32F3xx_HAL_Driver/Src/stm32f3xx_hal_rcc_ex.c ****   *            @arg @ref RCC_PERIPHCLK_I2C3    I2C3 peripheral clock
 802:Drivers/STM32F3xx_HAL_Driver/Src/stm32f3xx_hal_rcc_ex.c ****   *            @arg @ref RCC_PERIPHCLK_I2S     I2S peripheral clock
 803:Drivers/STM32F3xx_HAL_Driver/Src/stm32f3xx_hal_rcc_ex.c ****   *            @arg @ref RCC_PERIPHCLK_USB     USB peripheral clock
 804:Drivers/STM32F3xx_HAL_Driver/Src/stm32f3xx_hal_rcc_ex.c ****   *            @arg @ref RCC_PERIPHCLK_ADC1    ADC1 peripheral clock
 805:Drivers/STM32F3xx_HAL_Driver/Src/stm32f3xx_hal_rcc_ex.c ****   *            @arg @ref RCC_PERIPHCLK_TIM1    TIM1 peripheral clock
 806:Drivers/STM32F3xx_HAL_Driver/Src/stm32f3xx_hal_rcc_ex.c ****   *            @arg @ref RCC_PERIPHCLK_TIM15   TIM15 peripheral clock
 807:Drivers/STM32F3xx_HAL_Driver/Src/stm32f3xx_hal_rcc_ex.c ****   *            @arg @ref RCC_PERIPHCLK_TIM16   TIM16 peripheral clock
 808:Drivers/STM32F3xx_HAL_Driver/Src/stm32f3xx_hal_rcc_ex.c ****   *            @arg @ref RCC_PERIPHCLK_TIM17   TIM17 peripheral clock
 809:Drivers/STM32F3xx_HAL_Driver/Src/stm32f3xx_hal_rcc_ex.c ****   @endif
 810:Drivers/STM32F3xx_HAL_Driver/Src/stm32f3xx_hal_rcc_ex.c ****   @if STM32F302xC
 811:Drivers/STM32F3xx_HAL_Driver/Src/stm32f3xx_hal_rcc_ex.c ****   *            @arg @ref RCC_PERIPHCLK_USART2  USART2 peripheral clock
 812:Drivers/STM32F3xx_HAL_Driver/Src/stm32f3xx_hal_rcc_ex.c ****   *            @arg @ref RCC_PERIPHCLK_USART3  USART3 peripheral clock
 813:Drivers/STM32F3xx_HAL_Driver/Src/stm32f3xx_hal_rcc_ex.c ****   *            @arg @ref RCC_PERIPHCLK_UART4   UART4 peripheral clock
 814:Drivers/STM32F3xx_HAL_Driver/Src/stm32f3xx_hal_rcc_ex.c ****   *            @arg @ref RCC_PERIPHCLK_UART5   UART5 peripheral clock
 815:Drivers/STM32F3xx_HAL_Driver/Src/stm32f3xx_hal_rcc_ex.c ****   *            @arg @ref RCC_PERIPHCLK_I2C2    I2C2 peripheral clock
 816:Drivers/STM32F3xx_HAL_Driver/Src/stm32f3xx_hal_rcc_ex.c ****   *            @arg @ref RCC_PERIPHCLK_I2S     I2S peripheral clock
 817:Drivers/STM32F3xx_HAL_Driver/Src/stm32f3xx_hal_rcc_ex.c ****   *            @arg @ref RCC_PERIPHCLK_USB     USB peripheral clock
 818:Drivers/STM32F3xx_HAL_Driver/Src/stm32f3xx_hal_rcc_ex.c ****   *            @arg @ref RCC_PERIPHCLK_ADC12   ADC12 peripheral clock
 819:Drivers/STM32F3xx_HAL_Driver/Src/stm32f3xx_hal_rcc_ex.c ****   *            @arg @ref RCC_PERIPHCLK_TIM1    TIM1 peripheral clock
 820:Drivers/STM32F3xx_HAL_Driver/Src/stm32f3xx_hal_rcc_ex.c ****   @endif
 821:Drivers/STM32F3xx_HAL_Driver/Src/stm32f3xx_hal_rcc_ex.c ****   @if STM32F302xE
 822:Drivers/STM32F3xx_HAL_Driver/Src/stm32f3xx_hal_rcc_ex.c ****   *            @arg @ref RCC_PERIPHCLK_USART2  USART2 peripheral clock
 823:Drivers/STM32F3xx_HAL_Driver/Src/stm32f3xx_hal_rcc_ex.c ****   *            @arg @ref RCC_PERIPHCLK_USART3  USART3 peripheral clock
 824:Drivers/STM32F3xx_HAL_Driver/Src/stm32f3xx_hal_rcc_ex.c ****   *            @arg @ref RCC_PERIPHCLK_UART4   UART4 peripheral clock
 825:Drivers/STM32F3xx_HAL_Driver/Src/stm32f3xx_hal_rcc_ex.c ****   *            @arg @ref RCC_PERIPHCLK_UART5   UART5 peripheral clock
 826:Drivers/STM32F3xx_HAL_Driver/Src/stm32f3xx_hal_rcc_ex.c ****   *            @arg @ref RCC_PERIPHCLK_I2C2    I2C2 peripheral clock
 827:Drivers/STM32F3xx_HAL_Driver/Src/stm32f3xx_hal_rcc_ex.c ****   *            @arg @ref RCC_PERIPHCLK_I2C3    I2C3 peripheral clock
 828:Drivers/STM32F3xx_HAL_Driver/Src/stm32f3xx_hal_rcc_ex.c ****   *            @arg @ref RCC_PERIPHCLK_I2S     I2S peripheral clock
 829:Drivers/STM32F3xx_HAL_Driver/Src/stm32f3xx_hal_rcc_ex.c ****   *            @arg @ref RCC_PERIPHCLK_USB     USB peripheral clock
 830:Drivers/STM32F3xx_HAL_Driver/Src/stm32f3xx_hal_rcc_ex.c ****   *            @arg @ref RCC_PERIPHCLK_ADC12   ADC12 peripheral clock
 831:Drivers/STM32F3xx_HAL_Driver/Src/stm32f3xx_hal_rcc_ex.c ****   *            @arg @ref RCC_PERIPHCLK_TIM1    TIM1 peripheral clock
 832:Drivers/STM32F3xx_HAL_Driver/Src/stm32f3xx_hal_rcc_ex.c ****   *            @arg @ref RCC_PERIPHCLK_TIM2    TIM2 peripheral clock
 833:Drivers/STM32F3xx_HAL_Driver/Src/stm32f3xx_hal_rcc_ex.c ****   *            @arg @ref RCC_PERIPHCLK_TIM15   TIM15 peripheral clock
 834:Drivers/STM32F3xx_HAL_Driver/Src/stm32f3xx_hal_rcc_ex.c ****   *            @arg @ref RCC_PERIPHCLK_TIM16   TIM16 peripheral clock
 835:Drivers/STM32F3xx_HAL_Driver/Src/stm32f3xx_hal_rcc_ex.c ****   *            @arg @ref RCC_PERIPHCLK_TIM17   TIM17 peripheral clock
 836:Drivers/STM32F3xx_HAL_Driver/Src/stm32f3xx_hal_rcc_ex.c ****   *            @arg @ref RCC_PERIPHCLK_TIM34   TIM34 peripheral clock
 837:Drivers/STM32F3xx_HAL_Driver/Src/stm32f3xx_hal_rcc_ex.c ****   @endif
 838:Drivers/STM32F3xx_HAL_Driver/Src/stm32f3xx_hal_rcc_ex.c ****   @if STM32F303x8
 839:Drivers/STM32F3xx_HAL_Driver/Src/stm32f3xx_hal_rcc_ex.c ****   *            @arg @ref RCC_PERIPHCLK_ADC12   ADC12 peripheral clock
 840:Drivers/STM32F3xx_HAL_Driver/Src/stm32f3xx_hal_rcc_ex.c ****   *            @arg @ref RCC_PERIPHCLK_TIM1    TIM1 peripheral clock
 841:Drivers/STM32F3xx_HAL_Driver/Src/stm32f3xx_hal_rcc_ex.c ****   @endif
 842:Drivers/STM32F3xx_HAL_Driver/Src/stm32f3xx_hal_rcc_ex.c ****   @if STM32F303xC
 843:Drivers/STM32F3xx_HAL_Driver/Src/stm32f3xx_hal_rcc_ex.c ****   *            @arg @ref RCC_PERIPHCLK_USART2  USART2 peripheral clock
 844:Drivers/STM32F3xx_HAL_Driver/Src/stm32f3xx_hal_rcc_ex.c ****   *            @arg @ref RCC_PERIPHCLK_USART3  USART3 peripheral clock
 845:Drivers/STM32F3xx_HAL_Driver/Src/stm32f3xx_hal_rcc_ex.c ****   *            @arg @ref RCC_PERIPHCLK_UART4   UART4 peripheral clock
ARM GAS   			page 45


 846:Drivers/STM32F3xx_HAL_Driver/Src/stm32f3xx_hal_rcc_ex.c ****   *            @arg @ref RCC_PERIPHCLK_UART5   UART5 peripheral clock
 847:Drivers/STM32F3xx_HAL_Driver/Src/stm32f3xx_hal_rcc_ex.c ****   *            @arg @ref RCC_PERIPHCLK_I2C2    I2C2 peripheral clock
 848:Drivers/STM32F3xx_HAL_Driver/Src/stm32f3xx_hal_rcc_ex.c ****   *            @arg @ref RCC_PERIPHCLK_I2S     I2S peripheral clock
 849:Drivers/STM32F3xx_HAL_Driver/Src/stm32f3xx_hal_rcc_ex.c ****   *            @arg @ref RCC_PERIPHCLK_USB     USB peripheral clock
 850:Drivers/STM32F3xx_HAL_Driver/Src/stm32f3xx_hal_rcc_ex.c ****   *            @arg @ref RCC_PERIPHCLK_ADC12   ADC12 peripheral clock
 851:Drivers/STM32F3xx_HAL_Driver/Src/stm32f3xx_hal_rcc_ex.c ****   *            @arg @ref RCC_PERIPHCLK_ADC34   ADC34 peripheral clock
 852:Drivers/STM32F3xx_HAL_Driver/Src/stm32f3xx_hal_rcc_ex.c ****   *            @arg @ref RCC_PERIPHCLK_TIM1    TIM1 peripheral clock
 853:Drivers/STM32F3xx_HAL_Driver/Src/stm32f3xx_hal_rcc_ex.c ****   *            @arg @ref RCC_PERIPHCLK_TIM8    TIM8 peripheral clock
 854:Drivers/STM32F3xx_HAL_Driver/Src/stm32f3xx_hal_rcc_ex.c ****   @endif
 855:Drivers/STM32F3xx_HAL_Driver/Src/stm32f3xx_hal_rcc_ex.c ****   @if STM32F303xE
 856:Drivers/STM32F3xx_HAL_Driver/Src/stm32f3xx_hal_rcc_ex.c ****   *            @arg @ref RCC_PERIPHCLK_USART2  USART2 peripheral clock
 857:Drivers/STM32F3xx_HAL_Driver/Src/stm32f3xx_hal_rcc_ex.c ****   *            @arg @ref RCC_PERIPHCLK_USART3  USART3 peripheral clock
 858:Drivers/STM32F3xx_HAL_Driver/Src/stm32f3xx_hal_rcc_ex.c ****   *            @arg @ref RCC_PERIPHCLK_UART4   UART4 peripheral clock
 859:Drivers/STM32F3xx_HAL_Driver/Src/stm32f3xx_hal_rcc_ex.c ****   *            @arg @ref RCC_PERIPHCLK_UART5   UART5 peripheral clock
 860:Drivers/STM32F3xx_HAL_Driver/Src/stm32f3xx_hal_rcc_ex.c ****   *            @arg @ref RCC_PERIPHCLK_I2C2    I2C2 peripheral clock
 861:Drivers/STM32F3xx_HAL_Driver/Src/stm32f3xx_hal_rcc_ex.c ****   *            @arg @ref RCC_PERIPHCLK_I2C3    I2C3 peripheral clock
 862:Drivers/STM32F3xx_HAL_Driver/Src/stm32f3xx_hal_rcc_ex.c ****   *            @arg @ref RCC_PERIPHCLK_I2S     I2S peripheral clock
 863:Drivers/STM32F3xx_HAL_Driver/Src/stm32f3xx_hal_rcc_ex.c ****   *            @arg @ref RCC_PERIPHCLK_USB     USB peripheral clock
 864:Drivers/STM32F3xx_HAL_Driver/Src/stm32f3xx_hal_rcc_ex.c ****   *            @arg @ref RCC_PERIPHCLK_ADC12   ADC12 peripheral clock
 865:Drivers/STM32F3xx_HAL_Driver/Src/stm32f3xx_hal_rcc_ex.c ****   *            @arg @ref RCC_PERIPHCLK_ADC34   ADC34 peripheral clock
 866:Drivers/STM32F3xx_HAL_Driver/Src/stm32f3xx_hal_rcc_ex.c ****   *            @arg @ref RCC_PERIPHCLK_TIM1    TIM1 peripheral clock
 867:Drivers/STM32F3xx_HAL_Driver/Src/stm32f3xx_hal_rcc_ex.c ****   *            @arg @ref RCC_PERIPHCLK_TIM2    TIM2 peripheral clock
 868:Drivers/STM32F3xx_HAL_Driver/Src/stm32f3xx_hal_rcc_ex.c ****   *            @arg @ref RCC_PERIPHCLK_TIM8    TIM8 peripheral clock
 869:Drivers/STM32F3xx_HAL_Driver/Src/stm32f3xx_hal_rcc_ex.c ****   *            @arg @ref RCC_PERIPHCLK_TIM15   TIM15 peripheral clock
 870:Drivers/STM32F3xx_HAL_Driver/Src/stm32f3xx_hal_rcc_ex.c ****   *            @arg @ref RCC_PERIPHCLK_TIM16   TIM16 peripheral clock
 871:Drivers/STM32F3xx_HAL_Driver/Src/stm32f3xx_hal_rcc_ex.c ****   *            @arg @ref RCC_PERIPHCLK_TIM17   TIM17 peripheral clock
 872:Drivers/STM32F3xx_HAL_Driver/Src/stm32f3xx_hal_rcc_ex.c ****   *            @arg @ref RCC_PERIPHCLK_TIM20   TIM20 peripheral clock
 873:Drivers/STM32F3xx_HAL_Driver/Src/stm32f3xx_hal_rcc_ex.c ****   *            @arg @ref RCC_PERIPHCLK_TIM34   TIM34 peripheral clock
 874:Drivers/STM32F3xx_HAL_Driver/Src/stm32f3xx_hal_rcc_ex.c ****   @endif
 875:Drivers/STM32F3xx_HAL_Driver/Src/stm32f3xx_hal_rcc_ex.c ****   @if STM32F318xx
 876:Drivers/STM32F3xx_HAL_Driver/Src/stm32f3xx_hal_rcc_ex.c ****   *            @arg @ref RCC_PERIPHCLK_I2C2    I2C2 peripheral clock
 877:Drivers/STM32F3xx_HAL_Driver/Src/stm32f3xx_hal_rcc_ex.c ****   *            @arg @ref RCC_PERIPHCLK_I2C3    I2C3 peripheral clock
 878:Drivers/STM32F3xx_HAL_Driver/Src/stm32f3xx_hal_rcc_ex.c ****   *            @arg @ref RCC_PERIPHCLK_I2S     I2S peripheral clock
 879:Drivers/STM32F3xx_HAL_Driver/Src/stm32f3xx_hal_rcc_ex.c ****   *            @arg @ref RCC_PERIPHCLK_ADC1    ADC1 peripheral clock
 880:Drivers/STM32F3xx_HAL_Driver/Src/stm32f3xx_hal_rcc_ex.c ****   *            @arg @ref RCC_PERIPHCLK_TIM1    TIM1 peripheral clock
 881:Drivers/STM32F3xx_HAL_Driver/Src/stm32f3xx_hal_rcc_ex.c ****   *            @arg @ref RCC_PERIPHCLK_TIM15   TIM15 peripheral clock
 882:Drivers/STM32F3xx_HAL_Driver/Src/stm32f3xx_hal_rcc_ex.c ****   *            @arg @ref RCC_PERIPHCLK_TIM16   TIM16 peripheral clock
 883:Drivers/STM32F3xx_HAL_Driver/Src/stm32f3xx_hal_rcc_ex.c ****   *            @arg @ref RCC_PERIPHCLK_TIM17   TIM17 peripheral clock
 884:Drivers/STM32F3xx_HAL_Driver/Src/stm32f3xx_hal_rcc_ex.c ****   @endif
 885:Drivers/STM32F3xx_HAL_Driver/Src/stm32f3xx_hal_rcc_ex.c ****   @if STM32F328xx
 886:Drivers/STM32F3xx_HAL_Driver/Src/stm32f3xx_hal_rcc_ex.c ****   *            @arg @ref RCC_PERIPHCLK_I2C2    I2C2 peripheral clock
 887:Drivers/STM32F3xx_HAL_Driver/Src/stm32f3xx_hal_rcc_ex.c ****   *            @arg @ref RCC_PERIPHCLK_ADC12   ADC12 peripheral clock
 888:Drivers/STM32F3xx_HAL_Driver/Src/stm32f3xx_hal_rcc_ex.c ****   *            @arg @ref RCC_PERIPHCLK_TIM1    TIM1 peripheral clock
 889:Drivers/STM32F3xx_HAL_Driver/Src/stm32f3xx_hal_rcc_ex.c ****   @endif
 890:Drivers/STM32F3xx_HAL_Driver/Src/stm32f3xx_hal_rcc_ex.c ****   @if STM32F334x8
 891:Drivers/STM32F3xx_HAL_Driver/Src/stm32f3xx_hal_rcc_ex.c ****   *            @arg @ref RCC_PERIPHCLK_ADC12   ADC12 peripheral clock
 892:Drivers/STM32F3xx_HAL_Driver/Src/stm32f3xx_hal_rcc_ex.c ****   *            @arg @ref RCC_PERIPHCLK_TIM1    TIM1 peripheral clock
 893:Drivers/STM32F3xx_HAL_Driver/Src/stm32f3xx_hal_rcc_ex.c ****   *            @arg @ref RCC_PERIPHCLK_HRTIM1  HRTIM1 peripheral clock
 894:Drivers/STM32F3xx_HAL_Driver/Src/stm32f3xx_hal_rcc_ex.c ****   @endif
 895:Drivers/STM32F3xx_HAL_Driver/Src/stm32f3xx_hal_rcc_ex.c ****   @if STM32F358xx
 896:Drivers/STM32F3xx_HAL_Driver/Src/stm32f3xx_hal_rcc_ex.c ****   *            @arg @ref RCC_PERIPHCLK_USART2  USART2 peripheral clock
 897:Drivers/STM32F3xx_HAL_Driver/Src/stm32f3xx_hal_rcc_ex.c ****   *            @arg @ref RCC_PERIPHCLK_USART3  USART3 peripheral clock
 898:Drivers/STM32F3xx_HAL_Driver/Src/stm32f3xx_hal_rcc_ex.c ****   *            @arg @ref RCC_PERIPHCLK_UART4   UART4 peripheral clock
 899:Drivers/STM32F3xx_HAL_Driver/Src/stm32f3xx_hal_rcc_ex.c ****   *            @arg @ref RCC_PERIPHCLK_UART5   UART5 peripheral clock
 900:Drivers/STM32F3xx_HAL_Driver/Src/stm32f3xx_hal_rcc_ex.c ****   *            @arg @ref RCC_PERIPHCLK_I2S     I2S peripheral clock
 901:Drivers/STM32F3xx_HAL_Driver/Src/stm32f3xx_hal_rcc_ex.c ****   *            @arg @ref RCC_PERIPHCLK_ADC12   ADC12 peripheral clock
 902:Drivers/STM32F3xx_HAL_Driver/Src/stm32f3xx_hal_rcc_ex.c ****   *            @arg @ref RCC_PERIPHCLK_ADC34   ADC34 peripheral clock
ARM GAS   			page 46


 903:Drivers/STM32F3xx_HAL_Driver/Src/stm32f3xx_hal_rcc_ex.c ****   *            @arg @ref RCC_PERIPHCLK_TIM1    TIM1 peripheral clock
 904:Drivers/STM32F3xx_HAL_Driver/Src/stm32f3xx_hal_rcc_ex.c ****   *            @arg @ref RCC_PERIPHCLK_TIM8    TIM8 peripheral clock
 905:Drivers/STM32F3xx_HAL_Driver/Src/stm32f3xx_hal_rcc_ex.c ****   @endif
 906:Drivers/STM32F3xx_HAL_Driver/Src/stm32f3xx_hal_rcc_ex.c ****   @if STM32F373xC
 907:Drivers/STM32F3xx_HAL_Driver/Src/stm32f3xx_hal_rcc_ex.c ****   *            @arg @ref RCC_PERIPHCLK_USART2  USART2 peripheral clock
 908:Drivers/STM32F3xx_HAL_Driver/Src/stm32f3xx_hal_rcc_ex.c ****   *            @arg @ref RCC_PERIPHCLK_USART3  USART3 peripheral clock
 909:Drivers/STM32F3xx_HAL_Driver/Src/stm32f3xx_hal_rcc_ex.c ****   *            @arg @ref RCC_PERIPHCLK_I2C2    I2C2 peripheral clock
 910:Drivers/STM32F3xx_HAL_Driver/Src/stm32f3xx_hal_rcc_ex.c ****   *            @arg @ref RCC_PERIPHCLK_USB     USB peripheral clock
 911:Drivers/STM32F3xx_HAL_Driver/Src/stm32f3xx_hal_rcc_ex.c ****   *            @arg @ref RCC_PERIPHCLK_ADC1    ADC1 peripheral clock
 912:Drivers/STM32F3xx_HAL_Driver/Src/stm32f3xx_hal_rcc_ex.c ****   *            @arg @ref RCC_PERIPHCLK_SDADC   SDADC peripheral clock
 913:Drivers/STM32F3xx_HAL_Driver/Src/stm32f3xx_hal_rcc_ex.c ****   *            @arg @ref RCC_PERIPHCLK_CEC     CEC peripheral clock
 914:Drivers/STM32F3xx_HAL_Driver/Src/stm32f3xx_hal_rcc_ex.c ****   @endif
 915:Drivers/STM32F3xx_HAL_Driver/Src/stm32f3xx_hal_rcc_ex.c ****   @if STM32F378xx
 916:Drivers/STM32F3xx_HAL_Driver/Src/stm32f3xx_hal_rcc_ex.c ****   *            @arg @ref RCC_PERIPHCLK_USART2  USART2 peripheral clock
 917:Drivers/STM32F3xx_HAL_Driver/Src/stm32f3xx_hal_rcc_ex.c ****   *            @arg @ref RCC_PERIPHCLK_USART3  USART3 peripheral clock
 918:Drivers/STM32F3xx_HAL_Driver/Src/stm32f3xx_hal_rcc_ex.c ****   *            @arg @ref RCC_PERIPHCLK_I2C2    I2C2 peripheral clock
 919:Drivers/STM32F3xx_HAL_Driver/Src/stm32f3xx_hal_rcc_ex.c ****   *            @arg @ref RCC_PERIPHCLK_ADC1    ADC1 peripheral clock
 920:Drivers/STM32F3xx_HAL_Driver/Src/stm32f3xx_hal_rcc_ex.c ****   *            @arg @ref RCC_PERIPHCLK_SDADC   SDADC peripheral clock
 921:Drivers/STM32F3xx_HAL_Driver/Src/stm32f3xx_hal_rcc_ex.c ****   *            @arg @ref RCC_PERIPHCLK_CEC     CEC peripheral clock
 922:Drivers/STM32F3xx_HAL_Driver/Src/stm32f3xx_hal_rcc_ex.c ****   @endif
 923:Drivers/STM32F3xx_HAL_Driver/Src/stm32f3xx_hal_rcc_ex.c ****   @if STM32F398xx
 924:Drivers/STM32F3xx_HAL_Driver/Src/stm32f3xx_hal_rcc_ex.c ****   *            @arg @ref RCC_PERIPHCLK_USART2  USART2 peripheral clock
 925:Drivers/STM32F3xx_HAL_Driver/Src/stm32f3xx_hal_rcc_ex.c ****   *            @arg @ref RCC_PERIPHCLK_USART3  USART3 peripheral clock
 926:Drivers/STM32F3xx_HAL_Driver/Src/stm32f3xx_hal_rcc_ex.c ****   *            @arg @ref RCC_PERIPHCLK_UART4   UART4 peripheral clock
 927:Drivers/STM32F3xx_HAL_Driver/Src/stm32f3xx_hal_rcc_ex.c ****   *            @arg @ref RCC_PERIPHCLK_UART5   UART5 peripheral clock
 928:Drivers/STM32F3xx_HAL_Driver/Src/stm32f3xx_hal_rcc_ex.c ****   *            @arg @ref RCC_PERIPHCLK_I2C2    I2C2 peripheral clock
 929:Drivers/STM32F3xx_HAL_Driver/Src/stm32f3xx_hal_rcc_ex.c ****   *            @arg @ref RCC_PERIPHCLK_I2C3    I2C3 peripheral clock
 930:Drivers/STM32F3xx_HAL_Driver/Src/stm32f3xx_hal_rcc_ex.c ****   *            @arg @ref RCC_PERIPHCLK_I2S     I2S peripheral clock
 931:Drivers/STM32F3xx_HAL_Driver/Src/stm32f3xx_hal_rcc_ex.c ****   *            @arg @ref RCC_PERIPHCLK_ADC12   ADC12 peripheral clock
 932:Drivers/STM32F3xx_HAL_Driver/Src/stm32f3xx_hal_rcc_ex.c ****   *            @arg @ref RCC_PERIPHCLK_ADC34   ADC34 peripheral clock
 933:Drivers/STM32F3xx_HAL_Driver/Src/stm32f3xx_hal_rcc_ex.c ****   *            @arg @ref RCC_PERIPHCLK_TIM1    TIM1 peripheral clock
 934:Drivers/STM32F3xx_HAL_Driver/Src/stm32f3xx_hal_rcc_ex.c ****   *            @arg @ref RCC_PERIPHCLK_TIM2    TIM2 peripheral clock
 935:Drivers/STM32F3xx_HAL_Driver/Src/stm32f3xx_hal_rcc_ex.c ****   *            @arg @ref RCC_PERIPHCLK_TIM8    TIM8 peripheral clock
 936:Drivers/STM32F3xx_HAL_Driver/Src/stm32f3xx_hal_rcc_ex.c ****   *            @arg @ref RCC_PERIPHCLK_TIM15   TIM15 peripheral clock
 937:Drivers/STM32F3xx_HAL_Driver/Src/stm32f3xx_hal_rcc_ex.c ****   *            @arg @ref RCC_PERIPHCLK_TIM16   TIM16 peripheral clock
 938:Drivers/STM32F3xx_HAL_Driver/Src/stm32f3xx_hal_rcc_ex.c ****   *            @arg @ref RCC_PERIPHCLK_TIM17   TIM17 peripheral clock
 939:Drivers/STM32F3xx_HAL_Driver/Src/stm32f3xx_hal_rcc_ex.c ****   *            @arg @ref RCC_PERIPHCLK_TIM20   TIM20 peripheral clock
 940:Drivers/STM32F3xx_HAL_Driver/Src/stm32f3xx_hal_rcc_ex.c ****   *            @arg @ref RCC_PERIPHCLK_TIM34   TIM34 peripheral clock
 941:Drivers/STM32F3xx_HAL_Driver/Src/stm32f3xx_hal_rcc_ex.c ****   @endif
 942:Drivers/STM32F3xx_HAL_Driver/Src/stm32f3xx_hal_rcc_ex.c ****   * @retval Frequency in Hz (0: means that no available frequency for the peripheral)
 943:Drivers/STM32F3xx_HAL_Driver/Src/stm32f3xx_hal_rcc_ex.c ****   */
 944:Drivers/STM32F3xx_HAL_Driver/Src/stm32f3xx_hal_rcc_ex.c **** uint32_t HAL_RCCEx_GetPeriphCLKFreq(uint32_t PeriphClk)
 945:Drivers/STM32F3xx_HAL_Driver/Src/stm32f3xx_hal_rcc_ex.c **** {
 579              	 .loc 1 945 1 is_stmt 1 view-0
 580              	 .cfi_startproc
 581              	 
 582              	 
 583              	 
 946:Drivers/STM32F3xx_HAL_Driver/Src/stm32f3xx_hal_rcc_ex.c ****   /* frequency == 0 : means that no available frequency for the peripheral */
 947:Drivers/STM32F3xx_HAL_Driver/Src/stm32f3xx_hal_rcc_ex.c ****   uint32_t frequency = 0U;
 584              	 .loc 1 947 3 view .LVU179
 948:Drivers/STM32F3xx_HAL_Driver/Src/stm32f3xx_hal_rcc_ex.c **** 
 949:Drivers/STM32F3xx_HAL_Driver/Src/stm32f3xx_hal_rcc_ex.c ****   uint32_t srcclk = 0U;
 585              	 .loc 1 949 3 view .LVU180
 950:Drivers/STM32F3xx_HAL_Driver/Src/stm32f3xx_hal_rcc_ex.c **** #if defined(RCC_CFGR2_ADC1PRES) || defined(RCC_CFGR2_ADCPRE12) || defined(RCC_CFGR2_ADCPRE34)
 951:Drivers/STM32F3xx_HAL_Driver/Src/stm32f3xx_hal_rcc_ex.c ****   static const uint16_t adc_pll_prediv_table[16U] = { 1U,  2U,  4U,  6U, 8U, 10U, 12U, 16U, 32U, 64
 586              	 .loc 1 951 3 view .LVU181
ARM GAS   			page 47


 952:Drivers/STM32F3xx_HAL_Driver/Src/stm32f3xx_hal_rcc_ex.c **** #endif /* RCC_CFGR2_ADC1PRES || RCC_CFGR2_ADCPRE12 || RCC_CFGR2_ADCPRE34 */
 953:Drivers/STM32F3xx_HAL_Driver/Src/stm32f3xx_hal_rcc_ex.c **** #if defined(RCC_CFGR_SDPRE)
 954:Drivers/STM32F3xx_HAL_Driver/Src/stm32f3xx_hal_rcc_ex.c ****   static const uint8_t sdadc_prescaler_table[16U] = { 2U,  4U,  6U, 8U, 10U, 12U, 14U, 16U, 20U, 24
 955:Drivers/STM32F3xx_HAL_Driver/Src/stm32f3xx_hal_rcc_ex.c **** #endif /* RCC_CFGR_SDPRE */
 956:Drivers/STM32F3xx_HAL_Driver/Src/stm32f3xx_hal_rcc_ex.c **** 
 957:Drivers/STM32F3xx_HAL_Driver/Src/stm32f3xx_hal_rcc_ex.c ****   /* Check the parameters */
 958:Drivers/STM32F3xx_HAL_Driver/Src/stm32f3xx_hal_rcc_ex.c ****   assert_param(IS_RCC_PERIPHCLOCK(PeriphClk));
 587              	 .loc 1 958 3 view .LVU182
 959:Drivers/STM32F3xx_HAL_Driver/Src/stm32f3xx_hal_rcc_ex.c ****   
 960:Drivers/STM32F3xx_HAL_Driver/Src/stm32f3xx_hal_rcc_ex.c ****   switch (PeriphClk)
 588              	 .loc 1 960 3 view .LVU183
 589 0000 B0F5805F 	 cmp r0,#4096
 590 0004 00F08180 	 beq .L54
 591 0008 0CD8     	 bhi .L55
 592 000a 2028     	 cmp r0,#32
 593 000c 00F08280 	 beq .L56
 594 0010 8028     	 cmp r0,#128
 595 0012 21D1     	 bne .L111
 961:Drivers/STM32F3xx_HAL_Driver/Src/stm32f3xx_hal_rcc_ex.c ****   {
 962:Drivers/STM32F3xx_HAL_Driver/Src/stm32f3xx_hal_rcc_ex.c ****   case RCC_PERIPHCLK_RTC:
 963:Drivers/STM32F3xx_HAL_Driver/Src/stm32f3xx_hal_rcc_ex.c ****     {
 964:Drivers/STM32F3xx_HAL_Driver/Src/stm32f3xx_hal_rcc_ex.c ****       /* Get the current RTC source */
 965:Drivers/STM32F3xx_HAL_Driver/Src/stm32f3xx_hal_rcc_ex.c ****       srcclk = __HAL_RCC_GET_RTC_SOURCE();
 966:Drivers/STM32F3xx_HAL_Driver/Src/stm32f3xx_hal_rcc_ex.c **** 
 967:Drivers/STM32F3xx_HAL_Driver/Src/stm32f3xx_hal_rcc_ex.c ****       /* Check if LSE is ready and if RTC clock selection is LSE */
 968:Drivers/STM32F3xx_HAL_Driver/Src/stm32f3xx_hal_rcc_ex.c ****       if ((srcclk == RCC_RTCCLKSOURCE_LSE) && (HAL_IS_BIT_SET(RCC->BDCR, RCC_BDCR_LSERDY)))
 969:Drivers/STM32F3xx_HAL_Driver/Src/stm32f3xx_hal_rcc_ex.c ****       {
 970:Drivers/STM32F3xx_HAL_Driver/Src/stm32f3xx_hal_rcc_ex.c ****         frequency = LSE_VALUE;
 971:Drivers/STM32F3xx_HAL_Driver/Src/stm32f3xx_hal_rcc_ex.c ****       }
 972:Drivers/STM32F3xx_HAL_Driver/Src/stm32f3xx_hal_rcc_ex.c ****       /* Check if LSI is ready and if RTC clock selection is LSI */
 973:Drivers/STM32F3xx_HAL_Driver/Src/stm32f3xx_hal_rcc_ex.c ****       else if ((srcclk == RCC_RTCCLKSOURCE_LSI) && (HAL_IS_BIT_SET(RCC->CSR, RCC_CSR_LSIRDY)))
 974:Drivers/STM32F3xx_HAL_Driver/Src/stm32f3xx_hal_rcc_ex.c ****       {
 975:Drivers/STM32F3xx_HAL_Driver/Src/stm32f3xx_hal_rcc_ex.c ****         frequency = LSI_VALUE;
 976:Drivers/STM32F3xx_HAL_Driver/Src/stm32f3xx_hal_rcc_ex.c ****       }
 977:Drivers/STM32F3xx_HAL_Driver/Src/stm32f3xx_hal_rcc_ex.c ****       /* Check if HSE is ready  and if RTC clock selection is HSI_DIV32*/
 978:Drivers/STM32F3xx_HAL_Driver/Src/stm32f3xx_hal_rcc_ex.c ****       else if ((srcclk == RCC_RTCCLKSOURCE_HSE_DIV32) && (HAL_IS_BIT_SET(RCC->CR, RCC_CR_HSERDY)))
 979:Drivers/STM32F3xx_HAL_Driver/Src/stm32f3xx_hal_rcc_ex.c ****       {
 980:Drivers/STM32F3xx_HAL_Driver/Src/stm32f3xx_hal_rcc_ex.c ****         frequency = HSE_VALUE / 32U;
 981:Drivers/STM32F3xx_HAL_Driver/Src/stm32f3xx_hal_rcc_ex.c ****       }
 982:Drivers/STM32F3xx_HAL_Driver/Src/stm32f3xx_hal_rcc_ex.c ****       break;
 983:Drivers/STM32F3xx_HAL_Driver/Src/stm32f3xx_hal_rcc_ex.c ****     }
 984:Drivers/STM32F3xx_HAL_Driver/Src/stm32f3xx_hal_rcc_ex.c ****   case RCC_PERIPHCLK_USART1:
 985:Drivers/STM32F3xx_HAL_Driver/Src/stm32f3xx_hal_rcc_ex.c ****     {
 986:Drivers/STM32F3xx_HAL_Driver/Src/stm32f3xx_hal_rcc_ex.c ****       /* Get the current USART1 source */
 987:Drivers/STM32F3xx_HAL_Driver/Src/stm32f3xx_hal_rcc_ex.c ****       srcclk = __HAL_RCC_GET_USART1_SOURCE();
 988:Drivers/STM32F3xx_HAL_Driver/Src/stm32f3xx_hal_rcc_ex.c **** 
 989:Drivers/STM32F3xx_HAL_Driver/Src/stm32f3xx_hal_rcc_ex.c ****       /* Check if USART1 clock selection is PCLK1 */
 990:Drivers/STM32F3xx_HAL_Driver/Src/stm32f3xx_hal_rcc_ex.c **** #if defined(RCC_USART1CLKSOURCE_PCLK2)
 991:Drivers/STM32F3xx_HAL_Driver/Src/stm32f3xx_hal_rcc_ex.c ****       if (srcclk == RCC_USART1CLKSOURCE_PCLK2)
 992:Drivers/STM32F3xx_HAL_Driver/Src/stm32f3xx_hal_rcc_ex.c ****       {
 993:Drivers/STM32F3xx_HAL_Driver/Src/stm32f3xx_hal_rcc_ex.c ****         frequency = HAL_RCC_GetPCLK2Freq();
 994:Drivers/STM32F3xx_HAL_Driver/Src/stm32f3xx_hal_rcc_ex.c ****       }
 995:Drivers/STM32F3xx_HAL_Driver/Src/stm32f3xx_hal_rcc_ex.c **** #else
 996:Drivers/STM32F3xx_HAL_Driver/Src/stm32f3xx_hal_rcc_ex.c ****       if (srcclk == RCC_USART1CLKSOURCE_PCLK1)
 997:Drivers/STM32F3xx_HAL_Driver/Src/stm32f3xx_hal_rcc_ex.c ****       {
 998:Drivers/STM32F3xx_HAL_Driver/Src/stm32f3xx_hal_rcc_ex.c ****         frequency = HAL_RCC_GetPCLK1Freq();
 999:Drivers/STM32F3xx_HAL_Driver/Src/stm32f3xx_hal_rcc_ex.c ****       }
ARM GAS   			page 48


1000:Drivers/STM32F3xx_HAL_Driver/Src/stm32f3xx_hal_rcc_ex.c **** #endif /* RCC_USART1CLKSOURCE_PCLK2 */
1001:Drivers/STM32F3xx_HAL_Driver/Src/stm32f3xx_hal_rcc_ex.c ****       /* Check if HSI is ready and if USART1 clock selection is HSI */
1002:Drivers/STM32F3xx_HAL_Driver/Src/stm32f3xx_hal_rcc_ex.c ****       else if ((srcclk == RCC_USART1CLKSOURCE_HSI) && (HAL_IS_BIT_SET(RCC->CR, RCC_CR_HSIRDY)))
1003:Drivers/STM32F3xx_HAL_Driver/Src/stm32f3xx_hal_rcc_ex.c ****       {
1004:Drivers/STM32F3xx_HAL_Driver/Src/stm32f3xx_hal_rcc_ex.c ****         frequency = HSI_VALUE;
1005:Drivers/STM32F3xx_HAL_Driver/Src/stm32f3xx_hal_rcc_ex.c ****       }
1006:Drivers/STM32F3xx_HAL_Driver/Src/stm32f3xx_hal_rcc_ex.c ****       /* Check if USART1 clock selection is SYSCLK */
1007:Drivers/STM32F3xx_HAL_Driver/Src/stm32f3xx_hal_rcc_ex.c ****       else if (srcclk == RCC_USART1CLKSOURCE_SYSCLK)
1008:Drivers/STM32F3xx_HAL_Driver/Src/stm32f3xx_hal_rcc_ex.c ****       {
1009:Drivers/STM32F3xx_HAL_Driver/Src/stm32f3xx_hal_rcc_ex.c ****         frequency = HAL_RCC_GetSysClockFreq();
1010:Drivers/STM32F3xx_HAL_Driver/Src/stm32f3xx_hal_rcc_ex.c ****       }
1011:Drivers/STM32F3xx_HAL_Driver/Src/stm32f3xx_hal_rcc_ex.c ****       /* Check if LSE is ready  and if USART1 clock selection is LSE */
1012:Drivers/STM32F3xx_HAL_Driver/Src/stm32f3xx_hal_rcc_ex.c ****       else if ((srcclk == RCC_USART1CLKSOURCE_LSE) && (HAL_IS_BIT_SET(RCC->BDCR, RCC_BDCR_LSERDY)))
1013:Drivers/STM32F3xx_HAL_Driver/Src/stm32f3xx_hal_rcc_ex.c ****       {
1014:Drivers/STM32F3xx_HAL_Driver/Src/stm32f3xx_hal_rcc_ex.c ****         frequency = LSE_VALUE;
1015:Drivers/STM32F3xx_HAL_Driver/Src/stm32f3xx_hal_rcc_ex.c ****       }
1016:Drivers/STM32F3xx_HAL_Driver/Src/stm32f3xx_hal_rcc_ex.c ****       break;
1017:Drivers/STM32F3xx_HAL_Driver/Src/stm32f3xx_hal_rcc_ex.c ****     }
1018:Drivers/STM32F3xx_HAL_Driver/Src/stm32f3xx_hal_rcc_ex.c **** #if defined(RCC_CFGR3_USART2SW)
1019:Drivers/STM32F3xx_HAL_Driver/Src/stm32f3xx_hal_rcc_ex.c ****   case RCC_PERIPHCLK_USART2:
1020:Drivers/STM32F3xx_HAL_Driver/Src/stm32f3xx_hal_rcc_ex.c ****     {
1021:Drivers/STM32F3xx_HAL_Driver/Src/stm32f3xx_hal_rcc_ex.c ****       /* Get the current USART2 source */
1022:Drivers/STM32F3xx_HAL_Driver/Src/stm32f3xx_hal_rcc_ex.c ****       srcclk = __HAL_RCC_GET_USART2_SOURCE();
1023:Drivers/STM32F3xx_HAL_Driver/Src/stm32f3xx_hal_rcc_ex.c **** 
1024:Drivers/STM32F3xx_HAL_Driver/Src/stm32f3xx_hal_rcc_ex.c ****       /* Check if USART2 clock selection is PCLK1 */
1025:Drivers/STM32F3xx_HAL_Driver/Src/stm32f3xx_hal_rcc_ex.c ****       if (srcclk == RCC_USART2CLKSOURCE_PCLK1)
1026:Drivers/STM32F3xx_HAL_Driver/Src/stm32f3xx_hal_rcc_ex.c ****       {
1027:Drivers/STM32F3xx_HAL_Driver/Src/stm32f3xx_hal_rcc_ex.c ****         frequency = HAL_RCC_GetPCLK1Freq();
1028:Drivers/STM32F3xx_HAL_Driver/Src/stm32f3xx_hal_rcc_ex.c ****       }
1029:Drivers/STM32F3xx_HAL_Driver/Src/stm32f3xx_hal_rcc_ex.c ****       /* Check if HSI is ready and if USART2 clock selection is HSI */
1030:Drivers/STM32F3xx_HAL_Driver/Src/stm32f3xx_hal_rcc_ex.c ****       else if ((srcclk == RCC_USART2CLKSOURCE_HSI) && (HAL_IS_BIT_SET(RCC->CR, RCC_CR_HSIRDY)))
1031:Drivers/STM32F3xx_HAL_Driver/Src/stm32f3xx_hal_rcc_ex.c ****       {
1032:Drivers/STM32F3xx_HAL_Driver/Src/stm32f3xx_hal_rcc_ex.c ****         frequency = HSI_VALUE;
1033:Drivers/STM32F3xx_HAL_Driver/Src/stm32f3xx_hal_rcc_ex.c ****       }
1034:Drivers/STM32F3xx_HAL_Driver/Src/stm32f3xx_hal_rcc_ex.c ****       /* Check if USART2 clock selection is SYSCLK */
1035:Drivers/STM32F3xx_HAL_Driver/Src/stm32f3xx_hal_rcc_ex.c ****       else if (srcclk == RCC_USART2CLKSOURCE_SYSCLK)
1036:Drivers/STM32F3xx_HAL_Driver/Src/stm32f3xx_hal_rcc_ex.c ****       {
1037:Drivers/STM32F3xx_HAL_Driver/Src/stm32f3xx_hal_rcc_ex.c ****         frequency = HAL_RCC_GetSysClockFreq();
1038:Drivers/STM32F3xx_HAL_Driver/Src/stm32f3xx_hal_rcc_ex.c ****       }
1039:Drivers/STM32F3xx_HAL_Driver/Src/stm32f3xx_hal_rcc_ex.c ****       /* Check if LSE is ready  and if USART2 clock selection is LSE */
1040:Drivers/STM32F3xx_HAL_Driver/Src/stm32f3xx_hal_rcc_ex.c ****       else if ((srcclk == RCC_USART2CLKSOURCE_LSE) && (HAL_IS_BIT_SET(RCC->BDCR, RCC_BDCR_LSERDY)))
1041:Drivers/STM32F3xx_HAL_Driver/Src/stm32f3xx_hal_rcc_ex.c ****       {
1042:Drivers/STM32F3xx_HAL_Driver/Src/stm32f3xx_hal_rcc_ex.c ****         frequency = LSE_VALUE;
1043:Drivers/STM32F3xx_HAL_Driver/Src/stm32f3xx_hal_rcc_ex.c ****       }
1044:Drivers/STM32F3xx_HAL_Driver/Src/stm32f3xx_hal_rcc_ex.c ****       break;
1045:Drivers/STM32F3xx_HAL_Driver/Src/stm32f3xx_hal_rcc_ex.c ****     }
1046:Drivers/STM32F3xx_HAL_Driver/Src/stm32f3xx_hal_rcc_ex.c **** #endif /* RCC_CFGR3_USART2SW */
1047:Drivers/STM32F3xx_HAL_Driver/Src/stm32f3xx_hal_rcc_ex.c **** #if defined(RCC_CFGR3_USART3SW)
1048:Drivers/STM32F3xx_HAL_Driver/Src/stm32f3xx_hal_rcc_ex.c ****   case RCC_PERIPHCLK_USART3:
1049:Drivers/STM32F3xx_HAL_Driver/Src/stm32f3xx_hal_rcc_ex.c ****     {
1050:Drivers/STM32F3xx_HAL_Driver/Src/stm32f3xx_hal_rcc_ex.c ****       /* Get the current USART3 source */
1051:Drivers/STM32F3xx_HAL_Driver/Src/stm32f3xx_hal_rcc_ex.c ****       srcclk = __HAL_RCC_GET_USART3_SOURCE();
1052:Drivers/STM32F3xx_HAL_Driver/Src/stm32f3xx_hal_rcc_ex.c **** 
1053:Drivers/STM32F3xx_HAL_Driver/Src/stm32f3xx_hal_rcc_ex.c ****       /* Check if USART3 clock selection is PCLK1 */
1054:Drivers/STM32F3xx_HAL_Driver/Src/stm32f3xx_hal_rcc_ex.c ****       if (srcclk == RCC_USART3CLKSOURCE_PCLK1)
1055:Drivers/STM32F3xx_HAL_Driver/Src/stm32f3xx_hal_rcc_ex.c ****       {
1056:Drivers/STM32F3xx_HAL_Driver/Src/stm32f3xx_hal_rcc_ex.c ****         frequency = HAL_RCC_GetPCLK1Freq();
ARM GAS   			page 49


1057:Drivers/STM32F3xx_HAL_Driver/Src/stm32f3xx_hal_rcc_ex.c ****       }
1058:Drivers/STM32F3xx_HAL_Driver/Src/stm32f3xx_hal_rcc_ex.c ****       /* Check if HSI is ready and if USART3 clock selection is HSI */
1059:Drivers/STM32F3xx_HAL_Driver/Src/stm32f3xx_hal_rcc_ex.c ****       else if ((srcclk == RCC_USART3CLKSOURCE_HSI) && (HAL_IS_BIT_SET(RCC->CR, RCC_CR_HSIRDY)))
1060:Drivers/STM32F3xx_HAL_Driver/Src/stm32f3xx_hal_rcc_ex.c ****       {
1061:Drivers/STM32F3xx_HAL_Driver/Src/stm32f3xx_hal_rcc_ex.c ****         frequency = HSI_VALUE;
1062:Drivers/STM32F3xx_HAL_Driver/Src/stm32f3xx_hal_rcc_ex.c ****       }
1063:Drivers/STM32F3xx_HAL_Driver/Src/stm32f3xx_hal_rcc_ex.c ****       /* Check if USART3 clock selection is SYSCLK */
1064:Drivers/STM32F3xx_HAL_Driver/Src/stm32f3xx_hal_rcc_ex.c ****       else if (srcclk == RCC_USART3CLKSOURCE_SYSCLK)
1065:Drivers/STM32F3xx_HAL_Driver/Src/stm32f3xx_hal_rcc_ex.c ****       {
1066:Drivers/STM32F3xx_HAL_Driver/Src/stm32f3xx_hal_rcc_ex.c ****         frequency = HAL_RCC_GetSysClockFreq();
1067:Drivers/STM32F3xx_HAL_Driver/Src/stm32f3xx_hal_rcc_ex.c ****       }
1068:Drivers/STM32F3xx_HAL_Driver/Src/stm32f3xx_hal_rcc_ex.c ****       /* Check if LSE is ready  and if USART3 clock selection is LSE */
1069:Drivers/STM32F3xx_HAL_Driver/Src/stm32f3xx_hal_rcc_ex.c ****       else if ((srcclk == RCC_USART3CLKSOURCE_LSE) && (HAL_IS_BIT_SET(RCC->BDCR, RCC_BDCR_LSERDY)))
1070:Drivers/STM32F3xx_HAL_Driver/Src/stm32f3xx_hal_rcc_ex.c ****       {
1071:Drivers/STM32F3xx_HAL_Driver/Src/stm32f3xx_hal_rcc_ex.c ****         frequency = LSE_VALUE;
1072:Drivers/STM32F3xx_HAL_Driver/Src/stm32f3xx_hal_rcc_ex.c ****       }
1073:Drivers/STM32F3xx_HAL_Driver/Src/stm32f3xx_hal_rcc_ex.c ****      break;
1074:Drivers/STM32F3xx_HAL_Driver/Src/stm32f3xx_hal_rcc_ex.c ****     }
1075:Drivers/STM32F3xx_HAL_Driver/Src/stm32f3xx_hal_rcc_ex.c **** #endif /* RCC_CFGR3_USART3SW */
1076:Drivers/STM32F3xx_HAL_Driver/Src/stm32f3xx_hal_rcc_ex.c **** #if defined(RCC_CFGR3_UART4SW)
1077:Drivers/STM32F3xx_HAL_Driver/Src/stm32f3xx_hal_rcc_ex.c ****   case RCC_PERIPHCLK_UART4:
1078:Drivers/STM32F3xx_HAL_Driver/Src/stm32f3xx_hal_rcc_ex.c ****     {
1079:Drivers/STM32F3xx_HAL_Driver/Src/stm32f3xx_hal_rcc_ex.c ****       /* Get the current UART4 source */
1080:Drivers/STM32F3xx_HAL_Driver/Src/stm32f3xx_hal_rcc_ex.c ****       srcclk = __HAL_RCC_GET_UART4_SOURCE();
1081:Drivers/STM32F3xx_HAL_Driver/Src/stm32f3xx_hal_rcc_ex.c **** 
1082:Drivers/STM32F3xx_HAL_Driver/Src/stm32f3xx_hal_rcc_ex.c ****       /* Check if UART4 clock selection is PCLK1 */
1083:Drivers/STM32F3xx_HAL_Driver/Src/stm32f3xx_hal_rcc_ex.c ****       if (srcclk == RCC_UART4CLKSOURCE_PCLK1)
1084:Drivers/STM32F3xx_HAL_Driver/Src/stm32f3xx_hal_rcc_ex.c ****       {
1085:Drivers/STM32F3xx_HAL_Driver/Src/stm32f3xx_hal_rcc_ex.c ****         frequency = HAL_RCC_GetPCLK1Freq();
1086:Drivers/STM32F3xx_HAL_Driver/Src/stm32f3xx_hal_rcc_ex.c ****       }
1087:Drivers/STM32F3xx_HAL_Driver/Src/stm32f3xx_hal_rcc_ex.c ****       /* Check if HSI is ready and if UART4 clock selection is HSI */
1088:Drivers/STM32F3xx_HAL_Driver/Src/stm32f3xx_hal_rcc_ex.c ****       else if ((srcclk == RCC_UART4CLKSOURCE_HSI) && (HAL_IS_BIT_SET(RCC->CR, RCC_CR_HSIRDY)))
1089:Drivers/STM32F3xx_HAL_Driver/Src/stm32f3xx_hal_rcc_ex.c ****       {
1090:Drivers/STM32F3xx_HAL_Driver/Src/stm32f3xx_hal_rcc_ex.c ****         frequency = HSI_VALUE;
1091:Drivers/STM32F3xx_HAL_Driver/Src/stm32f3xx_hal_rcc_ex.c ****       }
1092:Drivers/STM32F3xx_HAL_Driver/Src/stm32f3xx_hal_rcc_ex.c ****       /* Check if UART4 clock selection is SYSCLK */
1093:Drivers/STM32F3xx_HAL_Driver/Src/stm32f3xx_hal_rcc_ex.c ****       else if (srcclk == RCC_UART4CLKSOURCE_SYSCLK)
1094:Drivers/STM32F3xx_HAL_Driver/Src/stm32f3xx_hal_rcc_ex.c ****       {
1095:Drivers/STM32F3xx_HAL_Driver/Src/stm32f3xx_hal_rcc_ex.c ****         frequency = HAL_RCC_GetSysClockFreq();
1096:Drivers/STM32F3xx_HAL_Driver/Src/stm32f3xx_hal_rcc_ex.c ****       }
1097:Drivers/STM32F3xx_HAL_Driver/Src/stm32f3xx_hal_rcc_ex.c ****       /* Check if LSE is ready  and if UART4 clock selection is LSE */
1098:Drivers/STM32F3xx_HAL_Driver/Src/stm32f3xx_hal_rcc_ex.c ****       else if ((srcclk == RCC_UART4CLKSOURCE_LSE) && (HAL_IS_BIT_SET(RCC->BDCR, RCC_BDCR_LSERDY)))
1099:Drivers/STM32F3xx_HAL_Driver/Src/stm32f3xx_hal_rcc_ex.c ****       {
1100:Drivers/STM32F3xx_HAL_Driver/Src/stm32f3xx_hal_rcc_ex.c ****         frequency = LSE_VALUE;
1101:Drivers/STM32F3xx_HAL_Driver/Src/stm32f3xx_hal_rcc_ex.c ****       }
1102:Drivers/STM32F3xx_HAL_Driver/Src/stm32f3xx_hal_rcc_ex.c ****       break;
1103:Drivers/STM32F3xx_HAL_Driver/Src/stm32f3xx_hal_rcc_ex.c ****     }
1104:Drivers/STM32F3xx_HAL_Driver/Src/stm32f3xx_hal_rcc_ex.c **** #endif /* RCC_CFGR3_UART4SW */
1105:Drivers/STM32F3xx_HAL_Driver/Src/stm32f3xx_hal_rcc_ex.c **** #if defined(RCC_CFGR3_UART5SW)
1106:Drivers/STM32F3xx_HAL_Driver/Src/stm32f3xx_hal_rcc_ex.c ****   case RCC_PERIPHCLK_UART5:
1107:Drivers/STM32F3xx_HAL_Driver/Src/stm32f3xx_hal_rcc_ex.c ****     {
1108:Drivers/STM32F3xx_HAL_Driver/Src/stm32f3xx_hal_rcc_ex.c ****       /* Get the current UART5 source */
1109:Drivers/STM32F3xx_HAL_Driver/Src/stm32f3xx_hal_rcc_ex.c ****       srcclk = __HAL_RCC_GET_UART5_SOURCE();
1110:Drivers/STM32F3xx_HAL_Driver/Src/stm32f3xx_hal_rcc_ex.c **** 
1111:Drivers/STM32F3xx_HAL_Driver/Src/stm32f3xx_hal_rcc_ex.c ****       /* Check if UART5 clock selection is PCLK1 */
1112:Drivers/STM32F3xx_HAL_Driver/Src/stm32f3xx_hal_rcc_ex.c ****       if (srcclk == RCC_UART5CLKSOURCE_PCLK1)
1113:Drivers/STM32F3xx_HAL_Driver/Src/stm32f3xx_hal_rcc_ex.c ****       {
ARM GAS   			page 50


1114:Drivers/STM32F3xx_HAL_Driver/Src/stm32f3xx_hal_rcc_ex.c ****         frequency = HAL_RCC_GetPCLK1Freq();
1115:Drivers/STM32F3xx_HAL_Driver/Src/stm32f3xx_hal_rcc_ex.c ****       }
1116:Drivers/STM32F3xx_HAL_Driver/Src/stm32f3xx_hal_rcc_ex.c ****       /* Check if HSI is ready and if UART5 clock selection is HSI */
1117:Drivers/STM32F3xx_HAL_Driver/Src/stm32f3xx_hal_rcc_ex.c ****       else if ((srcclk == RCC_UART5CLKSOURCE_HSI) && (HAL_IS_BIT_SET(RCC->CR, RCC_CR_HSIRDY)))
1118:Drivers/STM32F3xx_HAL_Driver/Src/stm32f3xx_hal_rcc_ex.c ****       {
1119:Drivers/STM32F3xx_HAL_Driver/Src/stm32f3xx_hal_rcc_ex.c ****         frequency = HSI_VALUE;
1120:Drivers/STM32F3xx_HAL_Driver/Src/stm32f3xx_hal_rcc_ex.c ****       }
1121:Drivers/STM32F3xx_HAL_Driver/Src/stm32f3xx_hal_rcc_ex.c ****       /* Check if UART5 clock selection is SYSCLK */
1122:Drivers/STM32F3xx_HAL_Driver/Src/stm32f3xx_hal_rcc_ex.c ****       else if (srcclk == RCC_UART5CLKSOURCE_SYSCLK)
1123:Drivers/STM32F3xx_HAL_Driver/Src/stm32f3xx_hal_rcc_ex.c ****       {
1124:Drivers/STM32F3xx_HAL_Driver/Src/stm32f3xx_hal_rcc_ex.c ****         frequency = HAL_RCC_GetSysClockFreq();
1125:Drivers/STM32F3xx_HAL_Driver/Src/stm32f3xx_hal_rcc_ex.c ****       }
1126:Drivers/STM32F3xx_HAL_Driver/Src/stm32f3xx_hal_rcc_ex.c ****       /* Check if LSE is ready  and if UART5 clock selection is LSE */
1127:Drivers/STM32F3xx_HAL_Driver/Src/stm32f3xx_hal_rcc_ex.c ****       else if ((srcclk == RCC_UART5CLKSOURCE_LSE) && (HAL_IS_BIT_SET(RCC->BDCR, RCC_BDCR_LSERDY)))
1128:Drivers/STM32F3xx_HAL_Driver/Src/stm32f3xx_hal_rcc_ex.c ****       {
1129:Drivers/STM32F3xx_HAL_Driver/Src/stm32f3xx_hal_rcc_ex.c ****         frequency = LSE_VALUE;
1130:Drivers/STM32F3xx_HAL_Driver/Src/stm32f3xx_hal_rcc_ex.c ****       }
1131:Drivers/STM32F3xx_HAL_Driver/Src/stm32f3xx_hal_rcc_ex.c ****       break;
1132:Drivers/STM32F3xx_HAL_Driver/Src/stm32f3xx_hal_rcc_ex.c ****     }
1133:Drivers/STM32F3xx_HAL_Driver/Src/stm32f3xx_hal_rcc_ex.c **** #endif /* RCC_CFGR3_UART5SW */
1134:Drivers/STM32F3xx_HAL_Driver/Src/stm32f3xx_hal_rcc_ex.c ****   case RCC_PERIPHCLK_I2C1:
1135:Drivers/STM32F3xx_HAL_Driver/Src/stm32f3xx_hal_rcc_ex.c ****     {
1136:Drivers/STM32F3xx_HAL_Driver/Src/stm32f3xx_hal_rcc_ex.c ****       /* Get the current I2C1 source */
1137:Drivers/STM32F3xx_HAL_Driver/Src/stm32f3xx_hal_rcc_ex.c ****       srcclk = __HAL_RCC_GET_I2C1_SOURCE();
1138:Drivers/STM32F3xx_HAL_Driver/Src/stm32f3xx_hal_rcc_ex.c **** 
1139:Drivers/STM32F3xx_HAL_Driver/Src/stm32f3xx_hal_rcc_ex.c ****       /* Check if HSI is ready and if I2C1 clock selection is HSI */
1140:Drivers/STM32F3xx_HAL_Driver/Src/stm32f3xx_hal_rcc_ex.c ****       if ((srcclk == RCC_I2C1CLKSOURCE_HSI) && (HAL_IS_BIT_SET(RCC->CR, RCC_CR_HSIRDY)))
1141:Drivers/STM32F3xx_HAL_Driver/Src/stm32f3xx_hal_rcc_ex.c ****       {
1142:Drivers/STM32F3xx_HAL_Driver/Src/stm32f3xx_hal_rcc_ex.c ****         frequency = HSI_VALUE;
1143:Drivers/STM32F3xx_HAL_Driver/Src/stm32f3xx_hal_rcc_ex.c ****       }
1144:Drivers/STM32F3xx_HAL_Driver/Src/stm32f3xx_hal_rcc_ex.c ****       /* Check if I2C1 clock selection is SYSCLK */
1145:Drivers/STM32F3xx_HAL_Driver/Src/stm32f3xx_hal_rcc_ex.c ****       else if (srcclk == RCC_I2C1CLKSOURCE_SYSCLK)
1146:Drivers/STM32F3xx_HAL_Driver/Src/stm32f3xx_hal_rcc_ex.c ****       {
1147:Drivers/STM32F3xx_HAL_Driver/Src/stm32f3xx_hal_rcc_ex.c ****         frequency = HAL_RCC_GetSysClockFreq();
1148:Drivers/STM32F3xx_HAL_Driver/Src/stm32f3xx_hal_rcc_ex.c ****       }
1149:Drivers/STM32F3xx_HAL_Driver/Src/stm32f3xx_hal_rcc_ex.c ****       break;
1150:Drivers/STM32F3xx_HAL_Driver/Src/stm32f3xx_hal_rcc_ex.c ****     }
1151:Drivers/STM32F3xx_HAL_Driver/Src/stm32f3xx_hal_rcc_ex.c **** #if defined(RCC_CFGR3_I2C2SW)
1152:Drivers/STM32F3xx_HAL_Driver/Src/stm32f3xx_hal_rcc_ex.c ****   case RCC_PERIPHCLK_I2C2:
1153:Drivers/STM32F3xx_HAL_Driver/Src/stm32f3xx_hal_rcc_ex.c ****     {
1154:Drivers/STM32F3xx_HAL_Driver/Src/stm32f3xx_hal_rcc_ex.c ****       /* Get the current I2C2 source */
1155:Drivers/STM32F3xx_HAL_Driver/Src/stm32f3xx_hal_rcc_ex.c ****       srcclk = __HAL_RCC_GET_I2C2_SOURCE();
1156:Drivers/STM32F3xx_HAL_Driver/Src/stm32f3xx_hal_rcc_ex.c **** 
1157:Drivers/STM32F3xx_HAL_Driver/Src/stm32f3xx_hal_rcc_ex.c ****       /* Check if HSI is ready and if I2C2 clock selection is HSI */
1158:Drivers/STM32F3xx_HAL_Driver/Src/stm32f3xx_hal_rcc_ex.c ****       if ((srcclk == RCC_I2C2CLKSOURCE_HSI) && (HAL_IS_BIT_SET(RCC->CR, RCC_CR_HSIRDY)))
1159:Drivers/STM32F3xx_HAL_Driver/Src/stm32f3xx_hal_rcc_ex.c ****       {
1160:Drivers/STM32F3xx_HAL_Driver/Src/stm32f3xx_hal_rcc_ex.c ****         frequency = HSI_VALUE;
1161:Drivers/STM32F3xx_HAL_Driver/Src/stm32f3xx_hal_rcc_ex.c ****       }
1162:Drivers/STM32F3xx_HAL_Driver/Src/stm32f3xx_hal_rcc_ex.c ****       /* Check if I2C2 clock selection is SYSCLK */
1163:Drivers/STM32F3xx_HAL_Driver/Src/stm32f3xx_hal_rcc_ex.c ****       else if (srcclk == RCC_I2C2CLKSOURCE_SYSCLK)
1164:Drivers/STM32F3xx_HAL_Driver/Src/stm32f3xx_hal_rcc_ex.c ****       {
1165:Drivers/STM32F3xx_HAL_Driver/Src/stm32f3xx_hal_rcc_ex.c ****         frequency = HAL_RCC_GetSysClockFreq();
1166:Drivers/STM32F3xx_HAL_Driver/Src/stm32f3xx_hal_rcc_ex.c ****       }
1167:Drivers/STM32F3xx_HAL_Driver/Src/stm32f3xx_hal_rcc_ex.c ****       break;
1168:Drivers/STM32F3xx_HAL_Driver/Src/stm32f3xx_hal_rcc_ex.c ****     }
1169:Drivers/STM32F3xx_HAL_Driver/Src/stm32f3xx_hal_rcc_ex.c **** #endif /* RCC_CFGR3_I2C2SW */
1170:Drivers/STM32F3xx_HAL_Driver/Src/stm32f3xx_hal_rcc_ex.c **** #if defined(RCC_CFGR3_I2C3SW)
ARM GAS   			page 51


1171:Drivers/STM32F3xx_HAL_Driver/Src/stm32f3xx_hal_rcc_ex.c ****   case RCC_PERIPHCLK_I2C3:
1172:Drivers/STM32F3xx_HAL_Driver/Src/stm32f3xx_hal_rcc_ex.c ****     {
1173:Drivers/STM32F3xx_HAL_Driver/Src/stm32f3xx_hal_rcc_ex.c ****       /* Get the current I2C3 source */
1174:Drivers/STM32F3xx_HAL_Driver/Src/stm32f3xx_hal_rcc_ex.c ****       srcclk = __HAL_RCC_GET_I2C3_SOURCE();
1175:Drivers/STM32F3xx_HAL_Driver/Src/stm32f3xx_hal_rcc_ex.c **** 
1176:Drivers/STM32F3xx_HAL_Driver/Src/stm32f3xx_hal_rcc_ex.c ****       /* Check if HSI is ready and if I2C3 clock selection is HSI */
1177:Drivers/STM32F3xx_HAL_Driver/Src/stm32f3xx_hal_rcc_ex.c ****       if ((srcclk == RCC_I2C3CLKSOURCE_HSI) && (HAL_IS_BIT_SET(RCC->CR, RCC_CR_HSIRDY)))
1178:Drivers/STM32F3xx_HAL_Driver/Src/stm32f3xx_hal_rcc_ex.c ****       {
1179:Drivers/STM32F3xx_HAL_Driver/Src/stm32f3xx_hal_rcc_ex.c ****         frequency = HSI_VALUE;
1180:Drivers/STM32F3xx_HAL_Driver/Src/stm32f3xx_hal_rcc_ex.c ****       }
1181:Drivers/STM32F3xx_HAL_Driver/Src/stm32f3xx_hal_rcc_ex.c ****       /* Check if I2C3 clock selection is SYSCLK */
1182:Drivers/STM32F3xx_HAL_Driver/Src/stm32f3xx_hal_rcc_ex.c ****       else if (srcclk == RCC_I2C3CLKSOURCE_SYSCLK)
1183:Drivers/STM32F3xx_HAL_Driver/Src/stm32f3xx_hal_rcc_ex.c ****       {
1184:Drivers/STM32F3xx_HAL_Driver/Src/stm32f3xx_hal_rcc_ex.c ****         frequency = HAL_RCC_GetSysClockFreq();
1185:Drivers/STM32F3xx_HAL_Driver/Src/stm32f3xx_hal_rcc_ex.c ****       }
1186:Drivers/STM32F3xx_HAL_Driver/Src/stm32f3xx_hal_rcc_ex.c ****       break;
1187:Drivers/STM32F3xx_HAL_Driver/Src/stm32f3xx_hal_rcc_ex.c ****     }
1188:Drivers/STM32F3xx_HAL_Driver/Src/stm32f3xx_hal_rcc_ex.c **** #endif /* RCC_CFGR3_I2C3SW */
1189:Drivers/STM32F3xx_HAL_Driver/Src/stm32f3xx_hal_rcc_ex.c **** #if defined(RCC_CFGR_I2SSRC)
1190:Drivers/STM32F3xx_HAL_Driver/Src/stm32f3xx_hal_rcc_ex.c ****   case RCC_PERIPHCLK_I2S:
1191:Drivers/STM32F3xx_HAL_Driver/Src/stm32f3xx_hal_rcc_ex.c ****     {
1192:Drivers/STM32F3xx_HAL_Driver/Src/stm32f3xx_hal_rcc_ex.c ****       /* Get the current I2S source */
1193:Drivers/STM32F3xx_HAL_Driver/Src/stm32f3xx_hal_rcc_ex.c ****       srcclk = __HAL_RCC_GET_I2S_SOURCE();
1194:Drivers/STM32F3xx_HAL_Driver/Src/stm32f3xx_hal_rcc_ex.c **** 
1195:Drivers/STM32F3xx_HAL_Driver/Src/stm32f3xx_hal_rcc_ex.c ****       /* Check if I2S clock selection is External clock mapped on the I2S_CKIN pin */
1196:Drivers/STM32F3xx_HAL_Driver/Src/stm32f3xx_hal_rcc_ex.c ****       if (srcclk == RCC_I2SCLKSOURCE_EXT)
1197:Drivers/STM32F3xx_HAL_Driver/Src/stm32f3xx_hal_rcc_ex.c ****       {
1198:Drivers/STM32F3xx_HAL_Driver/Src/stm32f3xx_hal_rcc_ex.c ****         /* External clock used. Frequency cannot be returned.*/
1199:Drivers/STM32F3xx_HAL_Driver/Src/stm32f3xx_hal_rcc_ex.c ****         frequency = 0xDEADDEADU;
1200:Drivers/STM32F3xx_HAL_Driver/Src/stm32f3xx_hal_rcc_ex.c ****       }
1201:Drivers/STM32F3xx_HAL_Driver/Src/stm32f3xx_hal_rcc_ex.c ****       /* Check if I2S clock selection is SYSCLK */
1202:Drivers/STM32F3xx_HAL_Driver/Src/stm32f3xx_hal_rcc_ex.c ****       else if (srcclk == RCC_I2SCLKSOURCE_SYSCLK)
1203:Drivers/STM32F3xx_HAL_Driver/Src/stm32f3xx_hal_rcc_ex.c ****       {
1204:Drivers/STM32F3xx_HAL_Driver/Src/stm32f3xx_hal_rcc_ex.c ****         frequency = HAL_RCC_GetSysClockFreq();
1205:Drivers/STM32F3xx_HAL_Driver/Src/stm32f3xx_hal_rcc_ex.c ****       }
1206:Drivers/STM32F3xx_HAL_Driver/Src/stm32f3xx_hal_rcc_ex.c ****       break;
1207:Drivers/STM32F3xx_HAL_Driver/Src/stm32f3xx_hal_rcc_ex.c ****     }
1208:Drivers/STM32F3xx_HAL_Driver/Src/stm32f3xx_hal_rcc_ex.c **** #endif /* RCC_CFGR_I2SSRC */
1209:Drivers/STM32F3xx_HAL_Driver/Src/stm32f3xx_hal_rcc_ex.c **** #if defined(RCC_CFGR_USBPRE)
1210:Drivers/STM32F3xx_HAL_Driver/Src/stm32f3xx_hal_rcc_ex.c ****   case RCC_PERIPHCLK_USB:
1211:Drivers/STM32F3xx_HAL_Driver/Src/stm32f3xx_hal_rcc_ex.c ****     {
1212:Drivers/STM32F3xx_HAL_Driver/Src/stm32f3xx_hal_rcc_ex.c ****       /* Check if PLL is ready */
1213:Drivers/STM32F3xx_HAL_Driver/Src/stm32f3xx_hal_rcc_ex.c ****       if (HAL_IS_BIT_SET(RCC->CR, RCC_CR_PLLRDY))
1214:Drivers/STM32F3xx_HAL_Driver/Src/stm32f3xx_hal_rcc_ex.c ****       {
1215:Drivers/STM32F3xx_HAL_Driver/Src/stm32f3xx_hal_rcc_ex.c ****         /* Get the current USB source */
1216:Drivers/STM32F3xx_HAL_Driver/Src/stm32f3xx_hal_rcc_ex.c ****         srcclk = __HAL_RCC_GET_USB_SOURCE();
1217:Drivers/STM32F3xx_HAL_Driver/Src/stm32f3xx_hal_rcc_ex.c **** 
1218:Drivers/STM32F3xx_HAL_Driver/Src/stm32f3xx_hal_rcc_ex.c ****         /* Check if USB clock selection is not divided */
1219:Drivers/STM32F3xx_HAL_Driver/Src/stm32f3xx_hal_rcc_ex.c ****         if (srcclk == RCC_USBCLKSOURCE_PLL)
1220:Drivers/STM32F3xx_HAL_Driver/Src/stm32f3xx_hal_rcc_ex.c ****         {
1221:Drivers/STM32F3xx_HAL_Driver/Src/stm32f3xx_hal_rcc_ex.c ****           frequency = RCC_GetPLLCLKFreq();
1222:Drivers/STM32F3xx_HAL_Driver/Src/stm32f3xx_hal_rcc_ex.c ****         }
1223:Drivers/STM32F3xx_HAL_Driver/Src/stm32f3xx_hal_rcc_ex.c ****         /* Check if USB clock selection is divided by 1.5 */
1224:Drivers/STM32F3xx_HAL_Driver/Src/stm32f3xx_hal_rcc_ex.c ****         else /* RCC_USBCLKSOURCE_PLL_DIV1_5 */
1225:Drivers/STM32F3xx_HAL_Driver/Src/stm32f3xx_hal_rcc_ex.c ****         {
1226:Drivers/STM32F3xx_HAL_Driver/Src/stm32f3xx_hal_rcc_ex.c ****           frequency = (RCC_GetPLLCLKFreq() * 3U) / 2U;
1227:Drivers/STM32F3xx_HAL_Driver/Src/stm32f3xx_hal_rcc_ex.c ****         }
ARM GAS   			page 52


1228:Drivers/STM32F3xx_HAL_Driver/Src/stm32f3xx_hal_rcc_ex.c ****       }
1229:Drivers/STM32F3xx_HAL_Driver/Src/stm32f3xx_hal_rcc_ex.c ****       break;
1230:Drivers/STM32F3xx_HAL_Driver/Src/stm32f3xx_hal_rcc_ex.c ****     }
1231:Drivers/STM32F3xx_HAL_Driver/Src/stm32f3xx_hal_rcc_ex.c **** #endif /* RCC_CFGR_USBPRE */
1232:Drivers/STM32F3xx_HAL_Driver/Src/stm32f3xx_hal_rcc_ex.c **** #if defined(RCC_CFGR2_ADC1PRES) || defined(RCC_CFGR_ADCPRE)
1233:Drivers/STM32F3xx_HAL_Driver/Src/stm32f3xx_hal_rcc_ex.c ****   case RCC_PERIPHCLK_ADC1:
1234:Drivers/STM32F3xx_HAL_Driver/Src/stm32f3xx_hal_rcc_ex.c ****     {
1235:Drivers/STM32F3xx_HAL_Driver/Src/stm32f3xx_hal_rcc_ex.c ****       /* Get the current ADC1 source */
1236:Drivers/STM32F3xx_HAL_Driver/Src/stm32f3xx_hal_rcc_ex.c ****       srcclk = __HAL_RCC_GET_ADC1_SOURCE();
1237:Drivers/STM32F3xx_HAL_Driver/Src/stm32f3xx_hal_rcc_ex.c **** #if defined(RCC_CFGR2_ADC1PRES)
1238:Drivers/STM32F3xx_HAL_Driver/Src/stm32f3xx_hal_rcc_ex.c ****       /* Check if ADC1 clock selection is AHB */
1239:Drivers/STM32F3xx_HAL_Driver/Src/stm32f3xx_hal_rcc_ex.c ****       if (srcclk == RCC_ADC1PLLCLK_OFF)
1240:Drivers/STM32F3xx_HAL_Driver/Src/stm32f3xx_hal_rcc_ex.c ****       {
1241:Drivers/STM32F3xx_HAL_Driver/Src/stm32f3xx_hal_rcc_ex.c ****           frequency = SystemCoreClock;
1242:Drivers/STM32F3xx_HAL_Driver/Src/stm32f3xx_hal_rcc_ex.c ****       }
1243:Drivers/STM32F3xx_HAL_Driver/Src/stm32f3xx_hal_rcc_ex.c ****       /* PLL clock has been selected */
1244:Drivers/STM32F3xx_HAL_Driver/Src/stm32f3xx_hal_rcc_ex.c ****       else
1245:Drivers/STM32F3xx_HAL_Driver/Src/stm32f3xx_hal_rcc_ex.c ****       {
1246:Drivers/STM32F3xx_HAL_Driver/Src/stm32f3xx_hal_rcc_ex.c ****         /* Check if PLL is ready */
1247:Drivers/STM32F3xx_HAL_Driver/Src/stm32f3xx_hal_rcc_ex.c ****         if (HAL_IS_BIT_SET(RCC->CR, RCC_CR_PLLRDY))
1248:Drivers/STM32F3xx_HAL_Driver/Src/stm32f3xx_hal_rcc_ex.c ****         {
1249:Drivers/STM32F3xx_HAL_Driver/Src/stm32f3xx_hal_rcc_ex.c ****           /* Frequency is the PLL frequency divided by ADC prescaler (1U/2U/4U/6U/8U/10U/12U/16U/32
1250:Drivers/STM32F3xx_HAL_Driver/Src/stm32f3xx_hal_rcc_ex.c ****           frequency = RCC_GetPLLCLKFreq() / adc_pll_prediv_table[(srcclk >> POSITION_VAL(RCC_CFGR2_
1251:Drivers/STM32F3xx_HAL_Driver/Src/stm32f3xx_hal_rcc_ex.c ****         }
1252:Drivers/STM32F3xx_HAL_Driver/Src/stm32f3xx_hal_rcc_ex.c ****       }
1253:Drivers/STM32F3xx_HAL_Driver/Src/stm32f3xx_hal_rcc_ex.c **** #else /* RCC_CFGR_ADCPRE */
1254:Drivers/STM32F3xx_HAL_Driver/Src/stm32f3xx_hal_rcc_ex.c ****       /* ADC1 is set to PLCK2 frequency divided by 2U/4U/6U/8U */
1255:Drivers/STM32F3xx_HAL_Driver/Src/stm32f3xx_hal_rcc_ex.c ****       frequency = HAL_RCC_GetPCLK2Freq() / (((srcclk  >> POSITION_VAL(RCC_CFGR_ADCPRE)) + 1U) * 2U)
1256:Drivers/STM32F3xx_HAL_Driver/Src/stm32f3xx_hal_rcc_ex.c **** #endif /* RCC_CFGR2_ADC1PRES */
1257:Drivers/STM32F3xx_HAL_Driver/Src/stm32f3xx_hal_rcc_ex.c ****       break;
1258:Drivers/STM32F3xx_HAL_Driver/Src/stm32f3xx_hal_rcc_ex.c ****     }
1259:Drivers/STM32F3xx_HAL_Driver/Src/stm32f3xx_hal_rcc_ex.c **** #endif /* RCC_CFGR2_ADC1PRES || RCC_CFGR_ADCPRE */
1260:Drivers/STM32F3xx_HAL_Driver/Src/stm32f3xx_hal_rcc_ex.c **** #if defined(RCC_CFGR2_ADCPRE12)
1261:Drivers/STM32F3xx_HAL_Driver/Src/stm32f3xx_hal_rcc_ex.c ****   case RCC_PERIPHCLK_ADC12:
1262:Drivers/STM32F3xx_HAL_Driver/Src/stm32f3xx_hal_rcc_ex.c ****     {
1263:Drivers/STM32F3xx_HAL_Driver/Src/stm32f3xx_hal_rcc_ex.c ****       /* Get the current ADC12 source */
1264:Drivers/STM32F3xx_HAL_Driver/Src/stm32f3xx_hal_rcc_ex.c ****       srcclk = __HAL_RCC_GET_ADC12_SOURCE();
 596              	 .loc 1 1264 7 view .LVU184
 597              	 .loc 1 1264 16 is_stmt 0 view .LVU185
 598 0014 514A     	 ldr r2,.L115
 599 0016 D16A     	 ldr r1,[r2,#44]
 600              	.LVL34:
1265:Drivers/STM32F3xx_HAL_Driver/Src/stm32f3xx_hal_rcc_ex.c ****       /* Check if ADC12 clock selection is AHB */
1266:Drivers/STM32F3xx_HAL_Driver/Src/stm32f3xx_hal_rcc_ex.c ****       if (srcclk == RCC_ADC12PLLCLK_OFF)
 601              	 .loc 1 1266 7 is_stmt 1 view .LVU186
 602              	 .loc 1 1266 10 is_stmt 0 view .LVU187
 603 0018 11F4F871 	 ands r1,r1,#496
 604              	.LVL35:
 605              	 .loc 1 1266 10 view .LVU188
 606 001c 30D1     	 bne .L67
 607              	.LVL36:
 608              	.L70:
1267:Drivers/STM32F3xx_HAL_Driver/Src/stm32f3xx_hal_rcc_ex.c ****       {
1268:Drivers/STM32F3xx_HAL_Driver/Src/stm32f3xx_hal_rcc_ex.c ****           frequency = SystemCoreClock;
 609              	 .loc 1 1268 11 is_stmt 1 view .LVU189
 610              	 .loc 1 1268 21 is_stmt 0 view .LVU190
 611 001e 504B     	 ldr r3,.L115+4
ARM GAS   			page 53


 612 0020 1868     	 ldr r0,[r3]
 613              	.LVL37:
 614              	 .loc 1 1268 21 view .LVU191
 615 0022 7047     	 bx lr
 616              	.LVL38:
 617              	.L55:
 960:Drivers/STM32F3xx_HAL_Driver/Src/stm32f3xx_hal_rcc_ex.c ****   {
 618              	 .loc 1 960 3 view .LVU192
 619 0024 B0F5804F 	 cmp r0,#16384
 620 0028 55D0     	 beq .L60
 621 002a B0F5803F 	 cmp r0,#65536
 622 002e 25D1     	 bne .L74
 965:Drivers/STM32F3xx_HAL_Driver/Src/stm32f3xx_hal_rcc_ex.c **** 
 623              	 .loc 1 965 7 is_stmt 1 view .LVU193
 965:Drivers/STM32F3xx_HAL_Driver/Src/stm32f3xx_hal_rcc_ex.c **** 
 624              	 .loc 1 965 16 is_stmt 0 view .LVU194
 625 0030 4A4A     	 ldr r2,.L115
 626 0032 136A     	 ldr r3,[r2,#32]
 965:Drivers/STM32F3xx_HAL_Driver/Src/stm32f3xx_hal_rcc_ex.c **** 
 627              	 .loc 1 965 14 view .LVU195
 628 0034 03F44073 	 and r3,r3,#768
 629              	.LVL39:
 968:Drivers/STM32F3xx_HAL_Driver/Src/stm32f3xx_hal_rcc_ex.c ****       {
 630              	 .loc 1 968 7 is_stmt 1 view .LVU196
 968:Drivers/STM32F3xx_HAL_Driver/Src/stm32f3xx_hal_rcc_ex.c ****       {
 631              	 .loc 1 968 10 is_stmt 0 view .LVU197
 632 0038 B3F5807F 	 cmp r3,#256
 633 003c 17D0     	 beq .L65
 973:Drivers/STM32F3xx_HAL_Driver/Src/stm32f3xx_hal_rcc_ex.c ****       {
 634              	 .loc 1 973 12 is_stmt 1 view .LVU198
 973:Drivers/STM32F3xx_HAL_Driver/Src/stm32f3xx_hal_rcc_ex.c ****       {
 635              	 .loc 1 973 15 is_stmt 0 view .LVU199
 636 003e B3F5007F 	 cmp r3,#512
 637 0042 78D0     	 beq .L112
 978:Drivers/STM32F3xx_HAL_Driver/Src/stm32f3xx_hal_rcc_ex.c ****       {
 638              	 .loc 1 978 12 is_stmt 1 view .LVU200
 978:Drivers/STM32F3xx_HAL_Driver/Src/stm32f3xx_hal_rcc_ex.c ****       {
 639              	 .loc 1 978 15 is_stmt 0 view .LVU201
 640 0044 B3F5407F 	 cmp r3,#768
 641 0048 18D1     	 bne .L74
 978:Drivers/STM32F3xx_HAL_Driver/Src/stm32f3xx_hal_rcc_ex.c ****       {
 642              	 .loc 1 978 59 discriminator 1 view .LVU202
 643 004a 1068     	 ldr r0,[r2]
 644              	.LVL40:
 980:Drivers/STM32F3xx_HAL_Driver/Src/stm32f3xx_hal_rcc_ex.c ****       }
 645              	 .loc 1 980 19 discriminator 1 view .LVU203
 646 004c 454B     	 ldr r3,.L115+8
 647              	.LVL41:
 980:Drivers/STM32F3xx_HAL_Driver/Src/stm32f3xx_hal_rcc_ex.c ****       }
 648              	 .loc 1 980 19 discriminator 1 view .LVU204
 649 004e 10F40030 	 ands r0,r0,#131072
 650 0052 18BF     	 it ne
 651 0054 1846     	 movne r0,r3
 652 0056 7047     	 bx lr
 653              	.LVL42:
 654              	.L111:
 960:Drivers/STM32F3xx_HAL_Driver/Src/stm32f3xx_hal_rcc_ex.c ****   {
ARM GAS   			page 54


 655              	 .loc 1 960 3 view .LVU205
 656 0058 0128     	 cmp r0,#1
 657 005a 0FD1     	 bne .L74
 987:Drivers/STM32F3xx_HAL_Driver/Src/stm32f3xx_hal_rcc_ex.c **** 
 658              	 .loc 1 987 7 is_stmt 1 view .LVU206
 987:Drivers/STM32F3xx_HAL_Driver/Src/stm32f3xx_hal_rcc_ex.c **** 
 659              	 .loc 1 987 16 is_stmt 0 view .LVU207
 660 005c 3F4A     	 ldr r2,.L115
 661 005e 136B     	 ldr r3,[r2,#48]
 662              	.LVL43:
 996:Drivers/STM32F3xx_HAL_Driver/Src/stm32f3xx_hal_rcc_ex.c ****       {
 663              	 .loc 1 996 7 is_stmt 1 view .LVU208
 996:Drivers/STM32F3xx_HAL_Driver/Src/stm32f3xx_hal_rcc_ex.c ****       {
 664              	 .loc 1 996 10 is_stmt 0 view .LVU209
 665 0060 13F00303 	 ands r3,r3,#3
 666              	.LVL44:
 996:Drivers/STM32F3xx_HAL_Driver/Src/stm32f3xx_hal_rcc_ex.c ****       {
 667              	 .loc 1 996 10 view .LVU210
 668 0064 61D0     	 beq .L113
1002:Drivers/STM32F3xx_HAL_Driver/Src/stm32f3xx_hal_rcc_ex.c ****       {
 669              	 .loc 1 1002 12 is_stmt 1 view .LVU211
1002:Drivers/STM32F3xx_HAL_Driver/Src/stm32f3xx_hal_rcc_ex.c ****       {
 670              	 .loc 1 1002 15 is_stmt 0 view .LVU212
 671 0066 032B     	 cmp r3,#3
 672 0068 6DD0     	 beq .L114
1007:Drivers/STM32F3xx_HAL_Driver/Src/stm32f3xx_hal_rcc_ex.c ****       {
 673              	 .loc 1 1007 12 is_stmt 1 view .LVU213
1007:Drivers/STM32F3xx_HAL_Driver/Src/stm32f3xx_hal_rcc_ex.c ****       {
 674              	 .loc 1 1007 15 is_stmt 0 view .LVU214
 675 006a 012B     	 cmp r3,#1
 676 006c 31D0     	 beq .L66
 677              	.L65:
1012:Drivers/STM32F3xx_HAL_Driver/Src/stm32f3xx_hal_rcc_ex.c ****       {
 678              	 .loc 1 1012 12 is_stmt 1 discriminator 1 view .LVU215
1012:Drivers/STM32F3xx_HAL_Driver/Src/stm32f3xx_hal_rcc_ex.c ****       {
 679              	 .loc 1 1012 56 is_stmt 0 discriminator 1 view .LVU216
 680 006e 106A     	 ldr r0,[r2,#32]
 681              	.LVL45:
1014:Drivers/STM32F3xx_HAL_Driver/Src/stm32f3xx_hal_rcc_ex.c ****       }
 682              	 .loc 1 1014 19 discriminator 1 view .LVU217
 683 0070 10F00200 	 ands r0,r0,#2
 684 0074 18BF     	 it ne
 685 0076 4FF40040 	 movne r0,#32768
 686 007a 7047     	 bx lr
 687              	.LVL46:
 688              	.L74:
 947:Drivers/STM32F3xx_HAL_Driver/Src/stm32f3xx_hal_rcc_ex.c **** 
 689              	 .loc 1 947 12 view .LVU218
 690 007c 0020     	 movs r0,#0
 691              	.LVL47:
1269:Drivers/STM32F3xx_HAL_Driver/Src/stm32f3xx_hal_rcc_ex.c ****       }
1270:Drivers/STM32F3xx_HAL_Driver/Src/stm32f3xx_hal_rcc_ex.c ****       /* PLL clock has been selected */
1271:Drivers/STM32F3xx_HAL_Driver/Src/stm32f3xx_hal_rcc_ex.c ****       else
1272:Drivers/STM32F3xx_HAL_Driver/Src/stm32f3xx_hal_rcc_ex.c ****       {
1273:Drivers/STM32F3xx_HAL_Driver/Src/stm32f3xx_hal_rcc_ex.c ****         /* Check if PLL is ready */
1274:Drivers/STM32F3xx_HAL_Driver/Src/stm32f3xx_hal_rcc_ex.c ****         if (HAL_IS_BIT_SET(RCC->CR, RCC_CR_PLLRDY))
1275:Drivers/STM32F3xx_HAL_Driver/Src/stm32f3xx_hal_rcc_ex.c ****         {
ARM GAS   			page 55


1276:Drivers/STM32F3xx_HAL_Driver/Src/stm32f3xx_hal_rcc_ex.c ****           /* Frequency is the PLL frequency divided by ADC prescaler (1U/2U/4U/6/8U/10U/12U/16U/32U
1277:Drivers/STM32F3xx_HAL_Driver/Src/stm32f3xx_hal_rcc_ex.c ****           frequency = RCC_GetPLLCLKFreq() / adc_pll_prediv_table[(srcclk >> POSITION_VAL(RCC_CFGR2_
1278:Drivers/STM32F3xx_HAL_Driver/Src/stm32f3xx_hal_rcc_ex.c ****         }
1279:Drivers/STM32F3xx_HAL_Driver/Src/stm32f3xx_hal_rcc_ex.c ****       }
1280:Drivers/STM32F3xx_HAL_Driver/Src/stm32f3xx_hal_rcc_ex.c ****       break;
1281:Drivers/STM32F3xx_HAL_Driver/Src/stm32f3xx_hal_rcc_ex.c ****     }
1282:Drivers/STM32F3xx_HAL_Driver/Src/stm32f3xx_hal_rcc_ex.c **** #endif /* RCC_CFGR2_ADCPRE12 */
1283:Drivers/STM32F3xx_HAL_Driver/Src/stm32f3xx_hal_rcc_ex.c **** #if defined(RCC_CFGR2_ADCPRE34)
1284:Drivers/STM32F3xx_HAL_Driver/Src/stm32f3xx_hal_rcc_ex.c ****   case RCC_PERIPHCLK_ADC34:
1285:Drivers/STM32F3xx_HAL_Driver/Src/stm32f3xx_hal_rcc_ex.c ****     {
1286:Drivers/STM32F3xx_HAL_Driver/Src/stm32f3xx_hal_rcc_ex.c ****       /* Get the current ADC34 source */
1287:Drivers/STM32F3xx_HAL_Driver/Src/stm32f3xx_hal_rcc_ex.c ****       srcclk = __HAL_RCC_GET_ADC34_SOURCE();
1288:Drivers/STM32F3xx_HAL_Driver/Src/stm32f3xx_hal_rcc_ex.c ****       /* Check if ADC34 clock selection is AHB */
1289:Drivers/STM32F3xx_HAL_Driver/Src/stm32f3xx_hal_rcc_ex.c ****       if (srcclk == RCC_ADC34PLLCLK_OFF)
1290:Drivers/STM32F3xx_HAL_Driver/Src/stm32f3xx_hal_rcc_ex.c ****       {
1291:Drivers/STM32F3xx_HAL_Driver/Src/stm32f3xx_hal_rcc_ex.c ****           frequency = SystemCoreClock;
1292:Drivers/STM32F3xx_HAL_Driver/Src/stm32f3xx_hal_rcc_ex.c ****       }
1293:Drivers/STM32F3xx_HAL_Driver/Src/stm32f3xx_hal_rcc_ex.c ****       /* PLL clock has been selected */
1294:Drivers/STM32F3xx_HAL_Driver/Src/stm32f3xx_hal_rcc_ex.c ****       else
1295:Drivers/STM32F3xx_HAL_Driver/Src/stm32f3xx_hal_rcc_ex.c ****       {
1296:Drivers/STM32F3xx_HAL_Driver/Src/stm32f3xx_hal_rcc_ex.c ****         /* Check if PLL is ready */
1297:Drivers/STM32F3xx_HAL_Driver/Src/stm32f3xx_hal_rcc_ex.c ****         if (HAL_IS_BIT_SET(RCC->CR, RCC_CR_PLLRDY))
1298:Drivers/STM32F3xx_HAL_Driver/Src/stm32f3xx_hal_rcc_ex.c ****         {
1299:Drivers/STM32F3xx_HAL_Driver/Src/stm32f3xx_hal_rcc_ex.c ****           /* Frequency is the PLL frequency divided by ADC prescaler (1U/2U/4U/6U/8U/10U/12U/16U/32
1300:Drivers/STM32F3xx_HAL_Driver/Src/stm32f3xx_hal_rcc_ex.c ****           frequency = RCC_GetPLLCLKFreq() / adc_pll_prediv_table[(srcclk >> POSITION_VAL(RCC_CFGR2_
1301:Drivers/STM32F3xx_HAL_Driver/Src/stm32f3xx_hal_rcc_ex.c ****         }
1302:Drivers/STM32F3xx_HAL_Driver/Src/stm32f3xx_hal_rcc_ex.c ****       }
1303:Drivers/STM32F3xx_HAL_Driver/Src/stm32f3xx_hal_rcc_ex.c ****       break;
1304:Drivers/STM32F3xx_HAL_Driver/Src/stm32f3xx_hal_rcc_ex.c ****     }
1305:Drivers/STM32F3xx_HAL_Driver/Src/stm32f3xx_hal_rcc_ex.c **** #endif /* RCC_CFGR2_ADCPRE34 */
1306:Drivers/STM32F3xx_HAL_Driver/Src/stm32f3xx_hal_rcc_ex.c **** #if defined(RCC_CFGR3_TIM1SW)
1307:Drivers/STM32F3xx_HAL_Driver/Src/stm32f3xx_hal_rcc_ex.c ****   case RCC_PERIPHCLK_TIM1:
1308:Drivers/STM32F3xx_HAL_Driver/Src/stm32f3xx_hal_rcc_ex.c ****     {
1309:Drivers/STM32F3xx_HAL_Driver/Src/stm32f3xx_hal_rcc_ex.c ****       /* Get the current TIM1 source */
1310:Drivers/STM32F3xx_HAL_Driver/Src/stm32f3xx_hal_rcc_ex.c ****       srcclk = __HAL_RCC_GET_TIM1_SOURCE();
1311:Drivers/STM32F3xx_HAL_Driver/Src/stm32f3xx_hal_rcc_ex.c **** 
1312:Drivers/STM32F3xx_HAL_Driver/Src/stm32f3xx_hal_rcc_ex.c ****       /* Check if PLL is ready and if TIM1 clock selection is PLL */
1313:Drivers/STM32F3xx_HAL_Driver/Src/stm32f3xx_hal_rcc_ex.c ****       if ((srcclk == RCC_TIM1CLK_PLLCLK) && (HAL_IS_BIT_SET(RCC->CR, RCC_CR_PLLRDY)))
1314:Drivers/STM32F3xx_HAL_Driver/Src/stm32f3xx_hal_rcc_ex.c ****       {
1315:Drivers/STM32F3xx_HAL_Driver/Src/stm32f3xx_hal_rcc_ex.c ****         frequency = RCC_GetPLLCLKFreq();
1316:Drivers/STM32F3xx_HAL_Driver/Src/stm32f3xx_hal_rcc_ex.c ****       }
1317:Drivers/STM32F3xx_HAL_Driver/Src/stm32f3xx_hal_rcc_ex.c ****       /* Check if TIM1 clock selection is SYSCLK */
1318:Drivers/STM32F3xx_HAL_Driver/Src/stm32f3xx_hal_rcc_ex.c ****       else if (srcclk == RCC_TIM1CLK_HCLK)
1319:Drivers/STM32F3xx_HAL_Driver/Src/stm32f3xx_hal_rcc_ex.c ****       {
1320:Drivers/STM32F3xx_HAL_Driver/Src/stm32f3xx_hal_rcc_ex.c ****         frequency = SystemCoreClock;
1321:Drivers/STM32F3xx_HAL_Driver/Src/stm32f3xx_hal_rcc_ex.c ****       }
1322:Drivers/STM32F3xx_HAL_Driver/Src/stm32f3xx_hal_rcc_ex.c ****       break;
1323:Drivers/STM32F3xx_HAL_Driver/Src/stm32f3xx_hal_rcc_ex.c ****     }
1324:Drivers/STM32F3xx_HAL_Driver/Src/stm32f3xx_hal_rcc_ex.c **** #endif /* RCC_CFGR3_TIM1SW */
1325:Drivers/STM32F3xx_HAL_Driver/Src/stm32f3xx_hal_rcc_ex.c **** #if defined(RCC_CFGR3_TIM2SW)
1326:Drivers/STM32F3xx_HAL_Driver/Src/stm32f3xx_hal_rcc_ex.c ****   case RCC_PERIPHCLK_TIM2:
1327:Drivers/STM32F3xx_HAL_Driver/Src/stm32f3xx_hal_rcc_ex.c ****     {
1328:Drivers/STM32F3xx_HAL_Driver/Src/stm32f3xx_hal_rcc_ex.c ****       /* Get the current TIM2 source */
1329:Drivers/STM32F3xx_HAL_Driver/Src/stm32f3xx_hal_rcc_ex.c ****       srcclk = __HAL_RCC_GET_TIM2_SOURCE();
1330:Drivers/STM32F3xx_HAL_Driver/Src/stm32f3xx_hal_rcc_ex.c **** 
1331:Drivers/STM32F3xx_HAL_Driver/Src/stm32f3xx_hal_rcc_ex.c ****       /* Check if PLL is ready and if TIM2 clock selection is PLL */
1332:Drivers/STM32F3xx_HAL_Driver/Src/stm32f3xx_hal_rcc_ex.c ****       if ((srcclk == RCC_TIM2CLK_PLLCLK) && (HAL_IS_BIT_SET(RCC->CR, RCC_CR_PLLRDY)))
ARM GAS   			page 56


1333:Drivers/STM32F3xx_HAL_Driver/Src/stm32f3xx_hal_rcc_ex.c ****       {
1334:Drivers/STM32F3xx_HAL_Driver/Src/stm32f3xx_hal_rcc_ex.c ****         frequency = RCC_GetPLLCLKFreq();
1335:Drivers/STM32F3xx_HAL_Driver/Src/stm32f3xx_hal_rcc_ex.c ****       }
1336:Drivers/STM32F3xx_HAL_Driver/Src/stm32f3xx_hal_rcc_ex.c ****       /* Check if TIM2 clock selection is SYSCLK */
1337:Drivers/STM32F3xx_HAL_Driver/Src/stm32f3xx_hal_rcc_ex.c ****       else if (srcclk == RCC_TIM2CLK_HCLK)
1338:Drivers/STM32F3xx_HAL_Driver/Src/stm32f3xx_hal_rcc_ex.c ****       {
1339:Drivers/STM32F3xx_HAL_Driver/Src/stm32f3xx_hal_rcc_ex.c ****         frequency = SystemCoreClock;
1340:Drivers/STM32F3xx_HAL_Driver/Src/stm32f3xx_hal_rcc_ex.c ****       }
1341:Drivers/STM32F3xx_HAL_Driver/Src/stm32f3xx_hal_rcc_ex.c ****       break;
1342:Drivers/STM32F3xx_HAL_Driver/Src/stm32f3xx_hal_rcc_ex.c ****     }
1343:Drivers/STM32F3xx_HAL_Driver/Src/stm32f3xx_hal_rcc_ex.c **** #endif /* RCC_CFGR3_TIM2SW */
1344:Drivers/STM32F3xx_HAL_Driver/Src/stm32f3xx_hal_rcc_ex.c **** #if defined(RCC_CFGR3_TIM8SW)
1345:Drivers/STM32F3xx_HAL_Driver/Src/stm32f3xx_hal_rcc_ex.c ****   case RCC_PERIPHCLK_TIM8:
1346:Drivers/STM32F3xx_HAL_Driver/Src/stm32f3xx_hal_rcc_ex.c ****     {
1347:Drivers/STM32F3xx_HAL_Driver/Src/stm32f3xx_hal_rcc_ex.c ****       /* Get the current TIM8 source */
1348:Drivers/STM32F3xx_HAL_Driver/Src/stm32f3xx_hal_rcc_ex.c ****       srcclk = __HAL_RCC_GET_TIM8_SOURCE();
1349:Drivers/STM32F3xx_HAL_Driver/Src/stm32f3xx_hal_rcc_ex.c **** 
1350:Drivers/STM32F3xx_HAL_Driver/Src/stm32f3xx_hal_rcc_ex.c ****       /* Check if PLL is ready and if TIM8 clock selection is PLL */
1351:Drivers/STM32F3xx_HAL_Driver/Src/stm32f3xx_hal_rcc_ex.c ****       if ((srcclk == RCC_TIM8CLK_PLLCLK) && (HAL_IS_BIT_SET(RCC->CR, RCC_CR_PLLRDY)))
1352:Drivers/STM32F3xx_HAL_Driver/Src/stm32f3xx_hal_rcc_ex.c ****       {
1353:Drivers/STM32F3xx_HAL_Driver/Src/stm32f3xx_hal_rcc_ex.c ****         frequency = RCC_GetPLLCLKFreq();
1354:Drivers/STM32F3xx_HAL_Driver/Src/stm32f3xx_hal_rcc_ex.c ****       }
1355:Drivers/STM32F3xx_HAL_Driver/Src/stm32f3xx_hal_rcc_ex.c ****       /* Check if TIM8 clock selection is SYSCLK */
1356:Drivers/STM32F3xx_HAL_Driver/Src/stm32f3xx_hal_rcc_ex.c ****       else if (srcclk == RCC_TIM8CLK_HCLK)
1357:Drivers/STM32F3xx_HAL_Driver/Src/stm32f3xx_hal_rcc_ex.c ****       {
1358:Drivers/STM32F3xx_HAL_Driver/Src/stm32f3xx_hal_rcc_ex.c ****         frequency = SystemCoreClock;
1359:Drivers/STM32F3xx_HAL_Driver/Src/stm32f3xx_hal_rcc_ex.c ****       }
1360:Drivers/STM32F3xx_HAL_Driver/Src/stm32f3xx_hal_rcc_ex.c ****       break;
1361:Drivers/STM32F3xx_HAL_Driver/Src/stm32f3xx_hal_rcc_ex.c ****     }
1362:Drivers/STM32F3xx_HAL_Driver/Src/stm32f3xx_hal_rcc_ex.c **** #endif /* RCC_CFGR3_TIM8SW */
1363:Drivers/STM32F3xx_HAL_Driver/Src/stm32f3xx_hal_rcc_ex.c **** #if defined(RCC_CFGR3_TIM15SW)
1364:Drivers/STM32F3xx_HAL_Driver/Src/stm32f3xx_hal_rcc_ex.c ****   case RCC_PERIPHCLK_TIM15:
1365:Drivers/STM32F3xx_HAL_Driver/Src/stm32f3xx_hal_rcc_ex.c ****     {
1366:Drivers/STM32F3xx_HAL_Driver/Src/stm32f3xx_hal_rcc_ex.c ****       /* Get the current TIM15 source */
1367:Drivers/STM32F3xx_HAL_Driver/Src/stm32f3xx_hal_rcc_ex.c ****       srcclk = __HAL_RCC_GET_TIM15_SOURCE();
1368:Drivers/STM32F3xx_HAL_Driver/Src/stm32f3xx_hal_rcc_ex.c **** 
1369:Drivers/STM32F3xx_HAL_Driver/Src/stm32f3xx_hal_rcc_ex.c ****       /* Check if PLL is ready and if TIM15 clock selection is PLL */
1370:Drivers/STM32F3xx_HAL_Driver/Src/stm32f3xx_hal_rcc_ex.c ****       if ((srcclk == RCC_TIM15CLK_PLLCLK) && (HAL_IS_BIT_SET(RCC->CR, RCC_CR_PLLRDY)))
1371:Drivers/STM32F3xx_HAL_Driver/Src/stm32f3xx_hal_rcc_ex.c ****       {
1372:Drivers/STM32F3xx_HAL_Driver/Src/stm32f3xx_hal_rcc_ex.c ****         frequency = RCC_GetPLLCLKFreq();
1373:Drivers/STM32F3xx_HAL_Driver/Src/stm32f3xx_hal_rcc_ex.c ****       }
1374:Drivers/STM32F3xx_HAL_Driver/Src/stm32f3xx_hal_rcc_ex.c ****       /* Check if TIM15 clock selection is SYSCLK */
1375:Drivers/STM32F3xx_HAL_Driver/Src/stm32f3xx_hal_rcc_ex.c ****       else if (srcclk == RCC_TIM15CLK_HCLK)
1376:Drivers/STM32F3xx_HAL_Driver/Src/stm32f3xx_hal_rcc_ex.c ****       {
1377:Drivers/STM32F3xx_HAL_Driver/Src/stm32f3xx_hal_rcc_ex.c ****         frequency = SystemCoreClock;
1378:Drivers/STM32F3xx_HAL_Driver/Src/stm32f3xx_hal_rcc_ex.c ****       }
1379:Drivers/STM32F3xx_HAL_Driver/Src/stm32f3xx_hal_rcc_ex.c ****       break;
1380:Drivers/STM32F3xx_HAL_Driver/Src/stm32f3xx_hal_rcc_ex.c ****     }
1381:Drivers/STM32F3xx_HAL_Driver/Src/stm32f3xx_hal_rcc_ex.c **** #endif /* RCC_CFGR3_TIM15SW */
1382:Drivers/STM32F3xx_HAL_Driver/Src/stm32f3xx_hal_rcc_ex.c **** #if defined(RCC_CFGR3_TIM16SW)
1383:Drivers/STM32F3xx_HAL_Driver/Src/stm32f3xx_hal_rcc_ex.c ****   case RCC_PERIPHCLK_TIM16:
1384:Drivers/STM32F3xx_HAL_Driver/Src/stm32f3xx_hal_rcc_ex.c ****     {
1385:Drivers/STM32F3xx_HAL_Driver/Src/stm32f3xx_hal_rcc_ex.c ****       /* Get the current TIM16 source */
1386:Drivers/STM32F3xx_HAL_Driver/Src/stm32f3xx_hal_rcc_ex.c ****       srcclk = __HAL_RCC_GET_TIM16_SOURCE();
1387:Drivers/STM32F3xx_HAL_Driver/Src/stm32f3xx_hal_rcc_ex.c **** 
1388:Drivers/STM32F3xx_HAL_Driver/Src/stm32f3xx_hal_rcc_ex.c ****       /* Check if PLL is ready and if TIM16 clock selection is PLL */
1389:Drivers/STM32F3xx_HAL_Driver/Src/stm32f3xx_hal_rcc_ex.c ****       if ((srcclk == RCC_TIM16CLK_PLLCLK) && (HAL_IS_BIT_SET(RCC->CR, RCC_CR_PLLRDY)))
ARM GAS   			page 57


1390:Drivers/STM32F3xx_HAL_Driver/Src/stm32f3xx_hal_rcc_ex.c ****       {
1391:Drivers/STM32F3xx_HAL_Driver/Src/stm32f3xx_hal_rcc_ex.c ****         frequency = RCC_GetPLLCLKFreq();
1392:Drivers/STM32F3xx_HAL_Driver/Src/stm32f3xx_hal_rcc_ex.c ****       }
1393:Drivers/STM32F3xx_HAL_Driver/Src/stm32f3xx_hal_rcc_ex.c ****       /* Check if TIM16 clock selection is SYSCLK */
1394:Drivers/STM32F3xx_HAL_Driver/Src/stm32f3xx_hal_rcc_ex.c ****       else if (srcclk == RCC_TIM16CLK_HCLK)
1395:Drivers/STM32F3xx_HAL_Driver/Src/stm32f3xx_hal_rcc_ex.c ****       {
1396:Drivers/STM32F3xx_HAL_Driver/Src/stm32f3xx_hal_rcc_ex.c ****         frequency = SystemCoreClock;
1397:Drivers/STM32F3xx_HAL_Driver/Src/stm32f3xx_hal_rcc_ex.c ****       }
1398:Drivers/STM32F3xx_HAL_Driver/Src/stm32f3xx_hal_rcc_ex.c ****       break;
1399:Drivers/STM32F3xx_HAL_Driver/Src/stm32f3xx_hal_rcc_ex.c ****     }
1400:Drivers/STM32F3xx_HAL_Driver/Src/stm32f3xx_hal_rcc_ex.c **** #endif /* RCC_CFGR3_TIM16SW */
1401:Drivers/STM32F3xx_HAL_Driver/Src/stm32f3xx_hal_rcc_ex.c **** #if defined(RCC_CFGR3_TIM17SW)
1402:Drivers/STM32F3xx_HAL_Driver/Src/stm32f3xx_hal_rcc_ex.c ****   case RCC_PERIPHCLK_TIM17:
1403:Drivers/STM32F3xx_HAL_Driver/Src/stm32f3xx_hal_rcc_ex.c ****     {
1404:Drivers/STM32F3xx_HAL_Driver/Src/stm32f3xx_hal_rcc_ex.c ****       /* Get the current TIM17 source */
1405:Drivers/STM32F3xx_HAL_Driver/Src/stm32f3xx_hal_rcc_ex.c ****       srcclk = __HAL_RCC_GET_TIM17_SOURCE();
1406:Drivers/STM32F3xx_HAL_Driver/Src/stm32f3xx_hal_rcc_ex.c **** 
1407:Drivers/STM32F3xx_HAL_Driver/Src/stm32f3xx_hal_rcc_ex.c ****       /* Check if PLL is ready and if TIM17 clock selection is PLL */
1408:Drivers/STM32F3xx_HAL_Driver/Src/stm32f3xx_hal_rcc_ex.c ****       if ((srcclk == RCC_TIM17CLK_PLLCLK) && (HAL_IS_BIT_SET(RCC->CR, RCC_CR_PLLRDY)))
1409:Drivers/STM32F3xx_HAL_Driver/Src/stm32f3xx_hal_rcc_ex.c ****       {
1410:Drivers/STM32F3xx_HAL_Driver/Src/stm32f3xx_hal_rcc_ex.c ****         frequency = RCC_GetPLLCLKFreq();
1411:Drivers/STM32F3xx_HAL_Driver/Src/stm32f3xx_hal_rcc_ex.c ****       }
1412:Drivers/STM32F3xx_HAL_Driver/Src/stm32f3xx_hal_rcc_ex.c ****       /* Check if TIM17 clock selection is SYSCLK */
1413:Drivers/STM32F3xx_HAL_Driver/Src/stm32f3xx_hal_rcc_ex.c ****       else if (srcclk == RCC_TIM17CLK_HCLK)
1414:Drivers/STM32F3xx_HAL_Driver/Src/stm32f3xx_hal_rcc_ex.c ****       {
1415:Drivers/STM32F3xx_HAL_Driver/Src/stm32f3xx_hal_rcc_ex.c ****         frequency = SystemCoreClock;
1416:Drivers/STM32F3xx_HAL_Driver/Src/stm32f3xx_hal_rcc_ex.c ****       }
1417:Drivers/STM32F3xx_HAL_Driver/Src/stm32f3xx_hal_rcc_ex.c ****       break;
1418:Drivers/STM32F3xx_HAL_Driver/Src/stm32f3xx_hal_rcc_ex.c ****     }
1419:Drivers/STM32F3xx_HAL_Driver/Src/stm32f3xx_hal_rcc_ex.c **** #endif /* RCC_CFGR3_TIM17SW */
1420:Drivers/STM32F3xx_HAL_Driver/Src/stm32f3xx_hal_rcc_ex.c **** #if defined(RCC_CFGR3_TIM20SW)
1421:Drivers/STM32F3xx_HAL_Driver/Src/stm32f3xx_hal_rcc_ex.c ****   case RCC_PERIPHCLK_TIM20:
1422:Drivers/STM32F3xx_HAL_Driver/Src/stm32f3xx_hal_rcc_ex.c ****     {
1423:Drivers/STM32F3xx_HAL_Driver/Src/stm32f3xx_hal_rcc_ex.c ****       /* Get the current TIM20 source */
1424:Drivers/STM32F3xx_HAL_Driver/Src/stm32f3xx_hal_rcc_ex.c ****       srcclk = __HAL_RCC_GET_TIM20_SOURCE();
1425:Drivers/STM32F3xx_HAL_Driver/Src/stm32f3xx_hal_rcc_ex.c **** 
1426:Drivers/STM32F3xx_HAL_Driver/Src/stm32f3xx_hal_rcc_ex.c ****       /* Check if PLL is ready and if TIM20 clock selection is PLL */
1427:Drivers/STM32F3xx_HAL_Driver/Src/stm32f3xx_hal_rcc_ex.c ****       if ((srcclk == RCC_TIM20CLK_PLLCLK) && (HAL_IS_BIT_SET(RCC->CR, RCC_CR_PLLRDY)))
1428:Drivers/STM32F3xx_HAL_Driver/Src/stm32f3xx_hal_rcc_ex.c ****       {
1429:Drivers/STM32F3xx_HAL_Driver/Src/stm32f3xx_hal_rcc_ex.c ****         frequency = RCC_GetPLLCLKFreq();
1430:Drivers/STM32F3xx_HAL_Driver/Src/stm32f3xx_hal_rcc_ex.c ****       }
1431:Drivers/STM32F3xx_HAL_Driver/Src/stm32f3xx_hal_rcc_ex.c ****       /* Check if TIM20 clock selection is SYSCLK */
1432:Drivers/STM32F3xx_HAL_Driver/Src/stm32f3xx_hal_rcc_ex.c ****       else if (srcclk == RCC_TIM20CLK_HCLK)
1433:Drivers/STM32F3xx_HAL_Driver/Src/stm32f3xx_hal_rcc_ex.c ****       {
1434:Drivers/STM32F3xx_HAL_Driver/Src/stm32f3xx_hal_rcc_ex.c ****         frequency = SystemCoreClock;
1435:Drivers/STM32F3xx_HAL_Driver/Src/stm32f3xx_hal_rcc_ex.c ****       }
1436:Drivers/STM32F3xx_HAL_Driver/Src/stm32f3xx_hal_rcc_ex.c ****       break;
1437:Drivers/STM32F3xx_HAL_Driver/Src/stm32f3xx_hal_rcc_ex.c ****     }
1438:Drivers/STM32F3xx_HAL_Driver/Src/stm32f3xx_hal_rcc_ex.c **** #endif /* RCC_CFGR3_TIM20SW */
1439:Drivers/STM32F3xx_HAL_Driver/Src/stm32f3xx_hal_rcc_ex.c **** #if defined(RCC_CFGR3_TIM34SW)
1440:Drivers/STM32F3xx_HAL_Driver/Src/stm32f3xx_hal_rcc_ex.c ****   case RCC_PERIPHCLK_TIM34:
1441:Drivers/STM32F3xx_HAL_Driver/Src/stm32f3xx_hal_rcc_ex.c ****     {
1442:Drivers/STM32F3xx_HAL_Driver/Src/stm32f3xx_hal_rcc_ex.c ****       /* Get the current TIM34 source */
1443:Drivers/STM32F3xx_HAL_Driver/Src/stm32f3xx_hal_rcc_ex.c ****       srcclk = __HAL_RCC_GET_TIM34_SOURCE();
1444:Drivers/STM32F3xx_HAL_Driver/Src/stm32f3xx_hal_rcc_ex.c **** 
1445:Drivers/STM32F3xx_HAL_Driver/Src/stm32f3xx_hal_rcc_ex.c ****       /* Check if PLL is ready and if TIM34 clock selection is PLL */
1446:Drivers/STM32F3xx_HAL_Driver/Src/stm32f3xx_hal_rcc_ex.c ****       if ((srcclk == RCC_TIM34CLK_PLLCLK) && (HAL_IS_BIT_SET(RCC->CR, RCC_CR_PLLRDY)))
ARM GAS   			page 58


1447:Drivers/STM32F3xx_HAL_Driver/Src/stm32f3xx_hal_rcc_ex.c ****       {
1448:Drivers/STM32F3xx_HAL_Driver/Src/stm32f3xx_hal_rcc_ex.c ****         frequency = RCC_GetPLLCLKFreq();
1449:Drivers/STM32F3xx_HAL_Driver/Src/stm32f3xx_hal_rcc_ex.c ****       }
1450:Drivers/STM32F3xx_HAL_Driver/Src/stm32f3xx_hal_rcc_ex.c ****       /* Check if TIM34 clock selection is SYSCLK */
1451:Drivers/STM32F3xx_HAL_Driver/Src/stm32f3xx_hal_rcc_ex.c ****       else if (srcclk == RCC_TIM34CLK_HCLK)
1452:Drivers/STM32F3xx_HAL_Driver/Src/stm32f3xx_hal_rcc_ex.c ****       {
1453:Drivers/STM32F3xx_HAL_Driver/Src/stm32f3xx_hal_rcc_ex.c ****         frequency = SystemCoreClock;
1454:Drivers/STM32F3xx_HAL_Driver/Src/stm32f3xx_hal_rcc_ex.c ****       }
1455:Drivers/STM32F3xx_HAL_Driver/Src/stm32f3xx_hal_rcc_ex.c ****       break;
1456:Drivers/STM32F3xx_HAL_Driver/Src/stm32f3xx_hal_rcc_ex.c ****     }
1457:Drivers/STM32F3xx_HAL_Driver/Src/stm32f3xx_hal_rcc_ex.c **** #endif /* RCC_CFGR3_TIM34SW */
1458:Drivers/STM32F3xx_HAL_Driver/Src/stm32f3xx_hal_rcc_ex.c **** #if defined(RCC_CFGR3_HRTIM1SW)
1459:Drivers/STM32F3xx_HAL_Driver/Src/stm32f3xx_hal_rcc_ex.c ****   case RCC_PERIPHCLK_HRTIM1:
1460:Drivers/STM32F3xx_HAL_Driver/Src/stm32f3xx_hal_rcc_ex.c ****     {
1461:Drivers/STM32F3xx_HAL_Driver/Src/stm32f3xx_hal_rcc_ex.c ****       /* Get the current HRTIM1 source */
1462:Drivers/STM32F3xx_HAL_Driver/Src/stm32f3xx_hal_rcc_ex.c ****       srcclk = __HAL_RCC_GET_HRTIM1_SOURCE();
1463:Drivers/STM32F3xx_HAL_Driver/Src/stm32f3xx_hal_rcc_ex.c **** 
1464:Drivers/STM32F3xx_HAL_Driver/Src/stm32f3xx_hal_rcc_ex.c ****       /* Check if PLL is ready and if HRTIM1 clock selection is PLL */
1465:Drivers/STM32F3xx_HAL_Driver/Src/stm32f3xx_hal_rcc_ex.c ****       if ((srcclk == RCC_HRTIM1CLK_PLLCLK) && (HAL_IS_BIT_SET(RCC->CR, RCC_CR_PLLRDY)))
1466:Drivers/STM32F3xx_HAL_Driver/Src/stm32f3xx_hal_rcc_ex.c ****       {
1467:Drivers/STM32F3xx_HAL_Driver/Src/stm32f3xx_hal_rcc_ex.c ****         frequency = RCC_GetPLLCLKFreq();
1468:Drivers/STM32F3xx_HAL_Driver/Src/stm32f3xx_hal_rcc_ex.c ****       }
1469:Drivers/STM32F3xx_HAL_Driver/Src/stm32f3xx_hal_rcc_ex.c ****       /* Check if HRTIM1 clock selection is SYSCLK */
1470:Drivers/STM32F3xx_HAL_Driver/Src/stm32f3xx_hal_rcc_ex.c ****       else if (srcclk == RCC_HRTIM1CLK_HCLK)
1471:Drivers/STM32F3xx_HAL_Driver/Src/stm32f3xx_hal_rcc_ex.c ****       {
1472:Drivers/STM32F3xx_HAL_Driver/Src/stm32f3xx_hal_rcc_ex.c ****         frequency = SystemCoreClock;
1473:Drivers/STM32F3xx_HAL_Driver/Src/stm32f3xx_hal_rcc_ex.c ****       }
1474:Drivers/STM32F3xx_HAL_Driver/Src/stm32f3xx_hal_rcc_ex.c ****      break;
1475:Drivers/STM32F3xx_HAL_Driver/Src/stm32f3xx_hal_rcc_ex.c ****     }
1476:Drivers/STM32F3xx_HAL_Driver/Src/stm32f3xx_hal_rcc_ex.c **** #endif /* RCC_CFGR3_HRTIM1SW */
1477:Drivers/STM32F3xx_HAL_Driver/Src/stm32f3xx_hal_rcc_ex.c **** #if defined(RCC_CFGR_SDPRE)
1478:Drivers/STM32F3xx_HAL_Driver/Src/stm32f3xx_hal_rcc_ex.c ****   case RCC_PERIPHCLK_SDADC:
1479:Drivers/STM32F3xx_HAL_Driver/Src/stm32f3xx_hal_rcc_ex.c ****     {
1480:Drivers/STM32F3xx_HAL_Driver/Src/stm32f3xx_hal_rcc_ex.c ****       /* Get the current SDADC source */
1481:Drivers/STM32F3xx_HAL_Driver/Src/stm32f3xx_hal_rcc_ex.c ****       srcclk = __HAL_RCC_GET_SDADC_SOURCE();
1482:Drivers/STM32F3xx_HAL_Driver/Src/stm32f3xx_hal_rcc_ex.c ****       /* Frequency is the system frequency divided by SDADC prescaler (2U/4U/6U/8U/10U/12U/14U/16U/
1483:Drivers/STM32F3xx_HAL_Driver/Src/stm32f3xx_hal_rcc_ex.c ****       frequency = SystemCoreClock / sdadc_prescaler_table[(srcclk >> POSITION_VAL(RCC_CFGR_SDPRE)) 
1484:Drivers/STM32F3xx_HAL_Driver/Src/stm32f3xx_hal_rcc_ex.c ****       break;
1485:Drivers/STM32F3xx_HAL_Driver/Src/stm32f3xx_hal_rcc_ex.c ****     }
1486:Drivers/STM32F3xx_HAL_Driver/Src/stm32f3xx_hal_rcc_ex.c **** #endif /* RCC_CFGR_SDPRE */
1487:Drivers/STM32F3xx_HAL_Driver/Src/stm32f3xx_hal_rcc_ex.c **** #if defined(RCC_CFGR3_CECSW)
1488:Drivers/STM32F3xx_HAL_Driver/Src/stm32f3xx_hal_rcc_ex.c ****   case RCC_PERIPHCLK_CEC:
1489:Drivers/STM32F3xx_HAL_Driver/Src/stm32f3xx_hal_rcc_ex.c ****     {
1490:Drivers/STM32F3xx_HAL_Driver/Src/stm32f3xx_hal_rcc_ex.c ****       /* Get the current CEC source */
1491:Drivers/STM32F3xx_HAL_Driver/Src/stm32f3xx_hal_rcc_ex.c ****       srcclk = __HAL_RCC_GET_CEC_SOURCE();
1492:Drivers/STM32F3xx_HAL_Driver/Src/stm32f3xx_hal_rcc_ex.c **** 
1493:Drivers/STM32F3xx_HAL_Driver/Src/stm32f3xx_hal_rcc_ex.c ****       /* Check if HSI is ready and if CEC clock selection is HSI */
1494:Drivers/STM32F3xx_HAL_Driver/Src/stm32f3xx_hal_rcc_ex.c ****       if ((srcclk == RCC_CECCLKSOURCE_HSI) && (HAL_IS_BIT_SET(RCC->CR, RCC_CR_HSIRDY)))
1495:Drivers/STM32F3xx_HAL_Driver/Src/stm32f3xx_hal_rcc_ex.c ****       {
1496:Drivers/STM32F3xx_HAL_Driver/Src/stm32f3xx_hal_rcc_ex.c ****         frequency = HSI_VALUE;
1497:Drivers/STM32F3xx_HAL_Driver/Src/stm32f3xx_hal_rcc_ex.c ****       }
1498:Drivers/STM32F3xx_HAL_Driver/Src/stm32f3xx_hal_rcc_ex.c ****       /* Check if LSE is ready  and if CEC clock selection is LSE */
1499:Drivers/STM32F3xx_HAL_Driver/Src/stm32f3xx_hal_rcc_ex.c ****       else if ((srcclk == RCC_CECCLKSOURCE_LSE) && (HAL_IS_BIT_SET(RCC->BDCR, RCC_BDCR_LSERDY)))
1500:Drivers/STM32F3xx_HAL_Driver/Src/stm32f3xx_hal_rcc_ex.c ****       {
1501:Drivers/STM32F3xx_HAL_Driver/Src/stm32f3xx_hal_rcc_ex.c ****         frequency = LSE_VALUE;
1502:Drivers/STM32F3xx_HAL_Driver/Src/stm32f3xx_hal_rcc_ex.c ****       }
1503:Drivers/STM32F3xx_HAL_Driver/Src/stm32f3xx_hal_rcc_ex.c ****       break;
ARM GAS   			page 59


1504:Drivers/STM32F3xx_HAL_Driver/Src/stm32f3xx_hal_rcc_ex.c ****     }
1505:Drivers/STM32F3xx_HAL_Driver/Src/stm32f3xx_hal_rcc_ex.c **** #endif /* RCC_CFGR3_CECSW */
1506:Drivers/STM32F3xx_HAL_Driver/Src/stm32f3xx_hal_rcc_ex.c ****   default: 
1507:Drivers/STM32F3xx_HAL_Driver/Src/stm32f3xx_hal_rcc_ex.c ****     {
1508:Drivers/STM32F3xx_HAL_Driver/Src/stm32f3xx_hal_rcc_ex.c ****       break;
1509:Drivers/STM32F3xx_HAL_Driver/Src/stm32f3xx_hal_rcc_ex.c ****     }
1510:Drivers/STM32F3xx_HAL_Driver/Src/stm32f3xx_hal_rcc_ex.c ****   }
1511:Drivers/STM32F3xx_HAL_Driver/Src/stm32f3xx_hal_rcc_ex.c ****   return(frequency);
 692              	 .loc 1 1511 3 is_stmt 1 view .LVU219
 693              	 .loc 1 1511 9 is_stmt 0 view .LVU220
 694 007e 7047     	 bx lr
 695              	.LVL48:
 696              	.L67:
1274:Drivers/STM32F3xx_HAL_Driver/Src/stm32f3xx_hal_rcc_ex.c ****         {
 697              	 .loc 1 1274 9 is_stmt 1 view .LVU221
1274:Drivers/STM32F3xx_HAL_Driver/Src/stm32f3xx_hal_rcc_ex.c ****         {
 698              	 .loc 1 1274 13 is_stmt 0 view .LVU222
 699 0080 1068     	 ldr r0,[r2]
 700              	.LVL49:
1274:Drivers/STM32F3xx_HAL_Driver/Src/stm32f3xx_hal_rcc_ex.c ****         {
 701              	 .loc 1 1274 12 view .LVU223
 702 0082 10F00070 	 ands r0,r0,#33554432
 703 0086 23D0     	 beq .L103
1277:Drivers/STM32F3xx_HAL_Driver/Src/stm32f3xx_hal_rcc_ex.c ****         }
 704              	 .loc 1 1277 11 is_stmt 1 view .LVU224
 705              	.LBB47:
 706              	.LBI47:
1512:Drivers/STM32F3xx_HAL_Driver/Src/stm32f3xx_hal_rcc_ex.c **** }
1513:Drivers/STM32F3xx_HAL_Driver/Src/stm32f3xx_hal_rcc_ex.c **** 
1514:Drivers/STM32F3xx_HAL_Driver/Src/stm32f3xx_hal_rcc_ex.c **** /**
1515:Drivers/STM32F3xx_HAL_Driver/Src/stm32f3xx_hal_rcc_ex.c ****   * @}
1516:Drivers/STM32F3xx_HAL_Driver/Src/stm32f3xx_hal_rcc_ex.c ****   */
1517:Drivers/STM32F3xx_HAL_Driver/Src/stm32f3xx_hal_rcc_ex.c **** 
1518:Drivers/STM32F3xx_HAL_Driver/Src/stm32f3xx_hal_rcc_ex.c **** /**
1519:Drivers/STM32F3xx_HAL_Driver/Src/stm32f3xx_hal_rcc_ex.c ****   * @}
1520:Drivers/STM32F3xx_HAL_Driver/Src/stm32f3xx_hal_rcc_ex.c ****   */
1521:Drivers/STM32F3xx_HAL_Driver/Src/stm32f3xx_hal_rcc_ex.c **** 
1522:Drivers/STM32F3xx_HAL_Driver/Src/stm32f3xx_hal_rcc_ex.c **** 
1523:Drivers/STM32F3xx_HAL_Driver/Src/stm32f3xx_hal_rcc_ex.c **** #if defined(RCC_CFGR2_ADC1PRES) || defined(RCC_CFGR2_ADCPRE12) || defined(RCC_CFGR2_ADCPRE34) || de
1524:Drivers/STM32F3xx_HAL_Driver/Src/stm32f3xx_hal_rcc_ex.c ****  || defined(RCC_CFGR3_TIM1SW) || defined(RCC_CFGR3_TIM2SW) || defined(RCC_CFGR3_TIM8SW) || defined(
1525:Drivers/STM32F3xx_HAL_Driver/Src/stm32f3xx_hal_rcc_ex.c ****  || defined(RCC_CFGR3_TIM16SW) || defined(RCC_CFGR3_TIM17SW) || defined(RCC_CFGR3_TIM20SW) || defin
1526:Drivers/STM32F3xx_HAL_Driver/Src/stm32f3xx_hal_rcc_ex.c ****  || defined(RCC_CFGR3_HRTIM1SW)
1527:Drivers/STM32F3xx_HAL_Driver/Src/stm32f3xx_hal_rcc_ex.c **** 
1528:Drivers/STM32F3xx_HAL_Driver/Src/stm32f3xx_hal_rcc_ex.c **** /** @addtogroup RCCEx_Private_Functions
1529:Drivers/STM32F3xx_HAL_Driver/Src/stm32f3xx_hal_rcc_ex.c ****   * @{
1530:Drivers/STM32F3xx_HAL_Driver/Src/stm32f3xx_hal_rcc_ex.c ****   */
1531:Drivers/STM32F3xx_HAL_Driver/Src/stm32f3xx_hal_rcc_ex.c **** static uint32_t RCC_GetPLLCLKFreq(void)
 707              	 .loc 1 1531 17 view .LVU225
 708              	.LBB48:
1532:Drivers/STM32F3xx_HAL_Driver/Src/stm32f3xx_hal_rcc_ex.c **** {
1533:Drivers/STM32F3xx_HAL_Driver/Src/stm32f3xx_hal_rcc_ex.c ****   uint32_t pllmul = 0U, pllsource = 0U, prediv = 0U, pllclk = 0U;
 709              	 .loc 1 1533 3 view .LVU226
 710              	.LVL50:
1534:Drivers/STM32F3xx_HAL_Driver/Src/stm32f3xx_hal_rcc_ex.c **** 
1535:Drivers/STM32F3xx_HAL_Driver/Src/stm32f3xx_hal_rcc_ex.c ****   pllmul = RCC->CFGR & RCC_CFGR_PLLMUL;
 711              	 .loc 1 1535 3 view .LVU227
 712              	 .loc 1 1535 15 is_stmt 0 view .LVU228
ARM GAS   			page 60


 713 0088 5368     	 ldr r3,[r2,#4]
 714              	.LVL51:
1536:Drivers/STM32F3xx_HAL_Driver/Src/stm32f3xx_hal_rcc_ex.c ****   pllmul = ( pllmul >> 18U) + 2U;
 715              	 .loc 1 1536 3 is_stmt 1 view .LVU229
 716              	.LBE48:
 717              	.LBE47:
 945:Drivers/STM32F3xx_HAL_Driver/Src/stm32f3xx_hal_rcc_ex.c ****   /* frequency == 0 : means that no available frequency for the peripheral */
 718              	 .loc 1 945 1 is_stmt 0 view .LVU230
 719 008a 10B4     	 push {r4}
 720              	 .cfi_def_cfa_offset 4
 721              	 .cfi_offset 4,-4
 722              	.LBB51:
 723              	.LBB49:
1537:Drivers/STM32F3xx_HAL_Driver/Src/stm32f3xx_hal_rcc_ex.c ****   pllsource = RCC->CFGR & RCC_CFGR_PLLSRC;
 724              	 .loc 1 1537 18 view .LVU231
 725 008c 5468     	 ldr r4,[r2,#4]
1536:Drivers/STM32F3xx_HAL_Driver/Src/stm32f3xx_hal_rcc_ex.c ****   pllmul = ( pllmul >> 18U) + 2U;
 726              	 .loc 1 1536 21 view .LVU232
 727 008e C3F38343 	 ubfx r3,r3,#18,#4
 728              	.LVL52:
1538:Drivers/STM32F3xx_HAL_Driver/Src/stm32f3xx_hal_rcc_ex.c **** #if defined(RCC_CFGR_PLLSRC_HSI_DIV2)
1539:Drivers/STM32F3xx_HAL_Driver/Src/stm32f3xx_hal_rcc_ex.c ****   if (pllsource != RCC_PLLSOURCE_HSI)
 729              	 .loc 1 1539 6 view .LVU233
 730 0092 E403     	 lsls r4,r4,#15
1536:Drivers/STM32F3xx_HAL_Driver/Src/stm32f3xx_hal_rcc_ex.c ****   pllsource = RCC->CFGR & RCC_CFGR_PLLSRC;
 731              	 .loc 1 1536 10 view .LVU234
 732 0094 03F10200 	 add r0,r3,#2
 733              	.LVL53:
1537:Drivers/STM32F3xx_HAL_Driver/Src/stm32f3xx_hal_rcc_ex.c ****   pllsource = RCC->CFGR & RCC_CFGR_PLLSRC;
 734              	 .loc 1 1537 3 is_stmt 1 view .LVU235
 735              	 .loc 1 1539 3 view .LVU236
 736              	 .loc 1 1539 6 is_stmt 0 view .LVU237
 737 0098 5CD5     	 bpl .L68
1540:Drivers/STM32F3xx_HAL_Driver/Src/stm32f3xx_hal_rcc_ex.c ****   {
1541:Drivers/STM32F3xx_HAL_Driver/Src/stm32f3xx_hal_rcc_ex.c ****     prediv = (RCC->CFGR2 & RCC_CFGR2_PREDIV) + 1U;
 738              	 .loc 1 1541 5 is_stmt 1 view .LVU238
 739              	 .loc 1 1541 18 is_stmt 0 view .LVU239
 740 009a D36A     	 ldr r3,[r2,#44]
 741              	.LVL54:
1542:Drivers/STM32F3xx_HAL_Driver/Src/stm32f3xx_hal_rcc_ex.c ****     /* HSE used as PLL clock source : PLLCLK = HSE/PREDIV * PLLMUL */
1543:Drivers/STM32F3xx_HAL_Driver/Src/stm32f3xx_hal_rcc_ex.c ****     pllclk = (HSE_VALUE/prediv) * pllmul;
 742              	 .loc 1 1543 5 is_stmt 1 view .LVU240
 743              	 .loc 1 1543 24 is_stmt 0 view .LVU241
 744 009c 324A     	 ldr r2,.L115+12
1541:Drivers/STM32F3xx_HAL_Driver/Src/stm32f3xx_hal_rcc_ex.c ****     /* HSE used as PLL clock source : PLLCLK = HSE/PREDIV * PLLMUL */
 745              	 .loc 1 1541 26 view .LVU242
 746 009e 03F00F03 	 and r3,r3,#15
 747              	.LVL55:
1541:Drivers/STM32F3xx_HAL_Driver/Src/stm32f3xx_hal_rcc_ex.c ****     /* HSE used as PLL clock source : PLLCLK = HSE/PREDIV * PLLMUL */
 748              	 .loc 1 1541 12 view .LVU243
 749 00a2 0133     	 adds r3,r3,#1
 750              	.LVL56:
 751              	 .loc 1 1543 24 view .LVU244
 752 00a4 B2FBF3F3 	 udiv r3,r2,r3
 753              	.LVL57:
 754              	 .loc 1 1543 12 view .LVU245
 755 00a8 03FB00F0 	 mul r0,r3,r0
ARM GAS   			page 61


 756              	.LVL58:
 757              	.L69:
1544:Drivers/STM32F3xx_HAL_Driver/Src/stm32f3xx_hal_rcc_ex.c ****   }
1545:Drivers/STM32F3xx_HAL_Driver/Src/stm32f3xx_hal_rcc_ex.c ****   else
1546:Drivers/STM32F3xx_HAL_Driver/Src/stm32f3xx_hal_rcc_ex.c ****   {
1547:Drivers/STM32F3xx_HAL_Driver/Src/stm32f3xx_hal_rcc_ex.c ****     /* HSI used as PLL clock source : PLLCLK = HSI/2U * PLLMUL */
1548:Drivers/STM32F3xx_HAL_Driver/Src/stm32f3xx_hal_rcc_ex.c ****     pllclk = (HSI_VALUE >> 1U) * pllmul;
1549:Drivers/STM32F3xx_HAL_Driver/Src/stm32f3xx_hal_rcc_ex.c ****   }
1550:Drivers/STM32F3xx_HAL_Driver/Src/stm32f3xx_hal_rcc_ex.c **** #else
1551:Drivers/STM32F3xx_HAL_Driver/Src/stm32f3xx_hal_rcc_ex.c ****   prediv = (RCC->CFGR2 & RCC_CFGR2_PREDIV) + 1U;
1552:Drivers/STM32F3xx_HAL_Driver/Src/stm32f3xx_hal_rcc_ex.c ****   if (pllsource == RCC_CFGR_PLLSRC_HSE_PREDIV)
1553:Drivers/STM32F3xx_HAL_Driver/Src/stm32f3xx_hal_rcc_ex.c ****   {
1554:Drivers/STM32F3xx_HAL_Driver/Src/stm32f3xx_hal_rcc_ex.c ****     /* HSE used as PLL clock source : PLLCLK = HSE/PREDIV * PLLMUL */
1555:Drivers/STM32F3xx_HAL_Driver/Src/stm32f3xx_hal_rcc_ex.c ****     pllclk = (HSE_VALUE/prediv) * pllmul;
1556:Drivers/STM32F3xx_HAL_Driver/Src/stm32f3xx_hal_rcc_ex.c ****   }
1557:Drivers/STM32F3xx_HAL_Driver/Src/stm32f3xx_hal_rcc_ex.c ****   else
1558:Drivers/STM32F3xx_HAL_Driver/Src/stm32f3xx_hal_rcc_ex.c ****   {
1559:Drivers/STM32F3xx_HAL_Driver/Src/stm32f3xx_hal_rcc_ex.c ****     /* HSI used as PLL clock source : PLLCLK = HSI/PREDIV * PLLMUL */
1560:Drivers/STM32F3xx_HAL_Driver/Src/stm32f3xx_hal_rcc_ex.c ****     pllclk = (HSI_VALUE/prediv) * pllmul;
1561:Drivers/STM32F3xx_HAL_Driver/Src/stm32f3xx_hal_rcc_ex.c ****   }
1562:Drivers/STM32F3xx_HAL_Driver/Src/stm32f3xx_hal_rcc_ex.c **** #endif /* RCC_CFGR_PLLSRC_HSI_DIV2 */
1563:Drivers/STM32F3xx_HAL_Driver/Src/stm32f3xx_hal_rcc_ex.c **** 
1564:Drivers/STM32F3xx_HAL_Driver/Src/stm32f3xx_hal_rcc_ex.c ****   return pllclk;
 758              	 .loc 1 1564 3 is_stmt 1 view .LVU246
 759              	 .loc 1 1564 3 is_stmt 0 view .LVU247
 760              	.LBE49:
 761              	.LBE51:
 762              	.LBB52:
 763              	.LBI52:
 981:Drivers/CMSIS/Include/cmsis_gcc.h **** {
 764              	 .loc 2 981 31 is_stmt 1 view .LVU248
 765              	.LBB53:
 983:Drivers/CMSIS/Include/cmsis_gcc.h **** 
 766              	 .loc 2 983 3 view .LVU249
 988:Drivers/CMSIS/Include/cmsis_gcc.h **** #else
 767              	 .loc 2 988 4 view .LVU250
 768 00ac 4FF4F873 	 mov r3,#496
 769              	 .syntax unified
 770              	
 771 00b0 93FAA3F3 	 rbit r3,r3
 772              	
 773              	.LVL59:
 774              	 .loc 2 1001 3 view .LVU251
 775              	 .loc 2 1001 3 is_stmt 0 view .LVU252
 776              	 .thumb
 777              	 .syntax unified
 778              	.LBE53:
 779              	.LBE52:
1277:Drivers/STM32F3xx_HAL_Driver/Src/stm32f3xx_hal_rcc_ex.c ****         }
 780              	 .loc 1 1277 77 view .LVU253
 781 00b4 B3FA83F3 	 clz r3,r3
1277:Drivers/STM32F3xx_HAL_Driver/Src/stm32f3xx_hal_rcc_ex.c ****         }
 782              	 .loc 1 1277 74 view .LVU254
 783 00b8 21FA03F3 	 lsr r3,r1,r3
1277:Drivers/STM32F3xx_HAL_Driver/Src/stm32f3xx_hal_rcc_ex.c ****         }
 784              	 .loc 1 1277 65 view .LVU255
 785 00bc 2B4A     	 ldr r2,.L115+16
ARM GAS   			page 62


1512:Drivers/STM32F3xx_HAL_Driver/Src/stm32f3xx_hal_rcc_ex.c **** 
 786              	 .loc 1 1512 1 view .LVU256
 787 00be 5DF8044B 	 ldr r4,[sp],#4
 788              	 .cfi_restore 4
 789              	 .cfi_def_cfa_offset 0
1277:Drivers/STM32F3xx_HAL_Driver/Src/stm32f3xx_hal_rcc_ex.c ****         }
 790              	 .loc 1 1277 111 view .LVU257
 791 00c2 03F00F03 	 and r3,r3,#15
1277:Drivers/STM32F3xx_HAL_Driver/Src/stm32f3xx_hal_rcc_ex.c ****         }
 792              	 .loc 1 1277 65 view .LVU258
 793 00c6 32F81330 	 ldrh r3,[r2,r3,lsl#1]
1277:Drivers/STM32F3xx_HAL_Driver/Src/stm32f3xx_hal_rcc_ex.c ****         }
 794              	 .loc 1 1277 21 view .LVU259
 795 00ca B0FBF3F0 	 udiv r0,r0,r3
 796              	.LVL60:
1512:Drivers/STM32F3xx_HAL_Driver/Src/stm32f3xx_hal_rcc_ex.c **** 
 797              	 .loc 1 1512 1 view .LVU260
 798 00ce 7047     	 bx lr
 799              	.LVL61:
 800              	.L103:
1512:Drivers/STM32F3xx_HAL_Driver/Src/stm32f3xx_hal_rcc_ex.c **** 
 801              	 .loc 1 1512 1 view .LVU261
 802 00d0 7047     	 bx lr
 803              	.LVL62:
 804              	.L66:
1009:Drivers/STM32F3xx_HAL_Driver/Src/stm32f3xx_hal_rcc_ex.c ****       }
 805              	 .loc 1 1009 9 is_stmt 1 view .LVU262
1009:Drivers/STM32F3xx_HAL_Driver/Src/stm32f3xx_hal_rcc_ex.c ****       }
 806              	 .loc 1 1009 21 is_stmt 0 view .LVU263
 807 00d2 FFF7FEBF 	 b HAL_RCC_GetSysClockFreq
 808              	.LVL63:
 809              	.L60:
1462:Drivers/STM32F3xx_HAL_Driver/Src/stm32f3xx_hal_rcc_ex.c **** 
 810              	 .loc 1 1462 7 is_stmt 1 view .LVU264
1462:Drivers/STM32F3xx_HAL_Driver/Src/stm32f3xx_hal_rcc_ex.c **** 
 811              	 .loc 1 1462 16 is_stmt 0 view .LVU265
 812 00d6 214B     	 ldr r3,.L115
 813 00d8 1A6B     	 ldr r2,[r3,#48]
 814              	.LVL64:
1465:Drivers/STM32F3xx_HAL_Driver/Src/stm32f3xx_hal_rcc_ex.c ****       {
 815              	 .loc 1 1465 7 is_stmt 1 view .LVU266
1465:Drivers/STM32F3xx_HAL_Driver/Src/stm32f3xx_hal_rcc_ex.c ****       {
 816              	 .loc 1 1465 10 is_stmt 0 view .LVU267
 817 00da D104     	 lsls r1,r2,#19
 818 00dc 9FD5     	 bpl .L70
 819              	.LVL65:
 820              	.L110:
1465:Drivers/STM32F3xx_HAL_Driver/Src/stm32f3xx_hal_rcc_ex.c ****       {
 821              	 .loc 1 1465 48 discriminator 1 view .LVU268
 822 00de 1868     	 ldr r0,[r3]
1465:Drivers/STM32F3xx_HAL_Driver/Src/stm32f3xx_hal_rcc_ex.c ****       {
 823              	 .loc 1 1465 44 discriminator 1 view .LVU269
 824 00e0 10F00070 	 ands r0,r0,#33554432
 825 00e4 F4D0     	 beq .L103
1467:Drivers/STM32F3xx_HAL_Driver/Src/stm32f3xx_hal_rcc_ex.c ****       }
 826              	 .loc 1 1467 9 is_stmt 1 view .LVU270
 827              	.LBB54:
ARM GAS   			page 63


 828              	.LBI54:
1531:Drivers/STM32F3xx_HAL_Driver/Src/stm32f3xx_hal_rcc_ex.c **** {
 829              	 .loc 1 1531 17 view .LVU271
 830              	.LBB55:
1533:Drivers/STM32F3xx_HAL_Driver/Src/stm32f3xx_hal_rcc_ex.c **** 
 831              	 .loc 1 1533 3 view .LVU272
 832              	.LVL66:
1535:Drivers/STM32F3xx_HAL_Driver/Src/stm32f3xx_hal_rcc_ex.c ****   pllmul = ( pllmul >> 18U) + 2U;
 833              	 .loc 1 1535 3 view .LVU273
1535:Drivers/STM32F3xx_HAL_Driver/Src/stm32f3xx_hal_rcc_ex.c ****   pllmul = ( pllmul >> 18U) + 2U;
 834              	 .loc 1 1535 15 is_stmt 0 view .LVU274
 835 00e6 5868     	 ldr r0,[r3,#4]
 836              	.LVL67:
1536:Drivers/STM32F3xx_HAL_Driver/Src/stm32f3xx_hal_rcc_ex.c ****   pllsource = RCC->CFGR & RCC_CFGR_PLLSRC;
 837              	 .loc 1 1536 3 is_stmt 1 view .LVU275
1537:Drivers/STM32F3xx_HAL_Driver/Src/stm32f3xx_hal_rcc_ex.c **** #if defined(RCC_CFGR_PLLSRC_HSI_DIV2)
 838              	 .loc 1 1537 18 is_stmt 0 view .LVU276
 839 00e8 5A68     	 ldr r2,[r3,#4]
1536:Drivers/STM32F3xx_HAL_Driver/Src/stm32f3xx_hal_rcc_ex.c ****   pllsource = RCC->CFGR & RCC_CFGR_PLLSRC;
 840              	 .loc 1 1536 21 view .LVU277
 841 00ea C0F38340 	 ubfx r0,r0,#18,#4
 842              	.LVL68:
1539:Drivers/STM32F3xx_HAL_Driver/Src/stm32f3xx_hal_rcc_ex.c ****   {
 843              	 .loc 1 1539 6 view .LVU278
 844 00ee D203     	 lsls r2,r2,#15
1536:Drivers/STM32F3xx_HAL_Driver/Src/stm32f3xx_hal_rcc_ex.c ****   pllsource = RCC->CFGR & RCC_CFGR_PLLSRC;
 845              	 .loc 1 1536 10 view .LVU279
 846 00f0 00F10200 	 add r0,r0,#2
 847              	.LVL69:
1537:Drivers/STM32F3xx_HAL_Driver/Src/stm32f3xx_hal_rcc_ex.c **** #if defined(RCC_CFGR_PLLSRC_HSI_DIV2)
 848              	 .loc 1 1537 3 is_stmt 1 view .LVU280
1539:Drivers/STM32F3xx_HAL_Driver/Src/stm32f3xx_hal_rcc_ex.c ****   {
 849              	 .loc 1 1539 3 view .LVU281
1539:Drivers/STM32F3xx_HAL_Driver/Src/stm32f3xx_hal_rcc_ex.c ****   {
 850              	 .loc 1 1539 6 is_stmt 0 view .LVU282
 851 00f4 1BD5     	 bpl .L72
1541:Drivers/STM32F3xx_HAL_Driver/Src/stm32f3xx_hal_rcc_ex.c ****     /* HSE used as PLL clock source : PLLCLK = HSE/PREDIV * PLLMUL */
 852              	 .loc 1 1541 5 is_stmt 1 view .LVU283
1541:Drivers/STM32F3xx_HAL_Driver/Src/stm32f3xx_hal_rcc_ex.c ****     /* HSE used as PLL clock source : PLLCLK = HSE/PREDIV * PLLMUL */
 853              	 .loc 1 1541 18 is_stmt 0 view .LVU284
 854 00f6 DB6A     	 ldr r3,[r3,#44]
 855              	.LVL70:
1543:Drivers/STM32F3xx_HAL_Driver/Src/stm32f3xx_hal_rcc_ex.c ****   }
 856              	 .loc 1 1543 5 is_stmt 1 view .LVU285
1543:Drivers/STM32F3xx_HAL_Driver/Src/stm32f3xx_hal_rcc_ex.c ****   }
 857              	 .loc 1 1543 24 is_stmt 0 view .LVU286
 858 00f8 1B4A     	 ldr r2,.L115+12
1541:Drivers/STM32F3xx_HAL_Driver/Src/stm32f3xx_hal_rcc_ex.c ****     /* HSE used as PLL clock source : PLLCLK = HSE/PREDIV * PLLMUL */
 859              	 .loc 1 1541 26 view .LVU287
 860 00fa 03F00F03 	 and r3,r3,#15
 861              	.LVL71:
1541:Drivers/STM32F3xx_HAL_Driver/Src/stm32f3xx_hal_rcc_ex.c ****     /* HSE used as PLL clock source : PLLCLK = HSE/PREDIV * PLLMUL */
 862              	 .loc 1 1541 12 view .LVU288
 863 00fe 0133     	 adds r3,r3,#1
 864              	.LVL72:
1543:Drivers/STM32F3xx_HAL_Driver/Src/stm32f3xx_hal_rcc_ex.c ****   }
 865              	 .loc 1 1543 24 view .LVU289
ARM GAS   			page 64


 866 0100 B2FBF3F3 	 udiv r3,r2,r3
 867              	.LVL73:
1543:Drivers/STM32F3xx_HAL_Driver/Src/stm32f3xx_hal_rcc_ex.c ****   }
 868              	 .loc 1 1543 12 view .LVU290
 869 0104 03FB00F0 	 mul r0,r3,r0
 870              	.LVL74:
1543:Drivers/STM32F3xx_HAL_Driver/Src/stm32f3xx_hal_rcc_ex.c ****   }
 871              	 .loc 1 1543 12 view .LVU291
 872 0108 7047     	 bx lr
 873              	.LVL75:
 874              	.L54:
1543:Drivers/STM32F3xx_HAL_Driver/Src/stm32f3xx_hal_rcc_ex.c ****   }
 875              	 .loc 1 1543 12 view .LVU292
 876              	.LBE55:
 877              	.LBE54:
1310:Drivers/STM32F3xx_HAL_Driver/Src/stm32f3xx_hal_rcc_ex.c **** 
 878              	 .loc 1 1310 7 is_stmt 1 view .LVU293
1310:Drivers/STM32F3xx_HAL_Driver/Src/stm32f3xx_hal_rcc_ex.c **** 
 879              	 .loc 1 1310 16 is_stmt 0 view .LVU294
 880 010a 144B     	 ldr r3,.L115
 881 010c 1A6B     	 ldr r2,[r3,#48]
 882              	.LVL76:
1313:Drivers/STM32F3xx_HAL_Driver/Src/stm32f3xx_hal_rcc_ex.c ****       {
 883              	 .loc 1 1313 7 is_stmt 1 view .LVU295
1313:Drivers/STM32F3xx_HAL_Driver/Src/stm32f3xx_hal_rcc_ex.c ****       {
 884              	 .loc 1 1313 10 is_stmt 0 view .LVU296
 885 010e D005     	 lsls r0,r2,#23
 886              	.LVL77:
1313:Drivers/STM32F3xx_HAL_Driver/Src/stm32f3xx_hal_rcc_ex.c ****       {
 887              	 .loc 1 1313 10 view .LVU297
 888 0110 85D5     	 bpl .L70
 889 0112 E4E7     	 b .L110
 890              	.LVL78:
 891              	.L56:
1137:Drivers/STM32F3xx_HAL_Driver/Src/stm32f3xx_hal_rcc_ex.c **** 
 892              	 .loc 1 1137 7 is_stmt 1 view .LVU298
1137:Drivers/STM32F3xx_HAL_Driver/Src/stm32f3xx_hal_rcc_ex.c **** 
 893              	 .loc 1 1137 16 is_stmt 0 view .LVU299
 894 0114 114B     	 ldr r3,.L115
 895 0116 1A6B     	 ldr r2,[r3,#48]
 896              	.LVL79:
1140:Drivers/STM32F3xx_HAL_Driver/Src/stm32f3xx_hal_rcc_ex.c ****       {
 897              	 .loc 1 1140 7 is_stmt 1 view .LVU300
1140:Drivers/STM32F3xx_HAL_Driver/Src/stm32f3xx_hal_rcc_ex.c ****       {
 898              	 .loc 1 1140 10 is_stmt 0 view .LVU301
 899 0118 D206     	 lsls r2,r2,#27
 900              	.LVL80:
1140:Drivers/STM32F3xx_HAL_Driver/Src/stm32f3xx_hal_rcc_ex.c ****       {
 901              	 .loc 1 1140 10 view .LVU302
 902 011a DAD4     	 bmi .L66
1140:Drivers/STM32F3xx_HAL_Driver/Src/stm32f3xx_hal_rcc_ex.c ****       {
 903              	 .loc 1 1140 49 discriminator 1 view .LVU303
 904 011c 1868     	 ldr r0,[r3]
 905              	.LVL81:
1004:Drivers/STM32F3xx_HAL_Driver/Src/stm32f3xx_hal_rcc_ex.c ****       }
 906              	 .loc 1 1004 19 discriminator 1 view .LVU304
 907 011e 124B     	 ldr r3,.L115+12
ARM GAS   			page 65


 908 0120 10F00200 	 ands r0,r0,#2
 909 0124 18BF     	 it ne
 910 0126 1846     	 movne r0,r3
 911 0128 7047     	 bx lr
 912              	.LVL82:
 913              	.L113:
 998:Drivers/STM32F3xx_HAL_Driver/Src/stm32f3xx_hal_rcc_ex.c ****       }
 914              	 .loc 1 998 9 is_stmt 1 view .LVU305
 998:Drivers/STM32F3xx_HAL_Driver/Src/stm32f3xx_hal_rcc_ex.c ****       }
 915              	 .loc 1 998 21 is_stmt 0 view .LVU306
 916 012a FFF7FEBF 	 b HAL_RCC_GetPCLK1Freq
 917              	.LVL83:
 918              	.L72:
 919              	.LBB57:
 920              	.LBB56:
1548:Drivers/STM32F3xx_HAL_Driver/Src/stm32f3xx_hal_rcc_ex.c ****   }
 921              	 .loc 1 1548 5 is_stmt 1 view .LVU307
1548:Drivers/STM32F3xx_HAL_Driver/Src/stm32f3xx_hal_rcc_ex.c ****   }
 922              	 .loc 1 1548 12 is_stmt 0 view .LVU308
 923 012e 104B     	 ldr r3,.L115+20
 924 0130 03FB00F0 	 mul r0,r3,r0
 925              	.LVL84:
1548:Drivers/STM32F3xx_HAL_Driver/Src/stm32f3xx_hal_rcc_ex.c ****   }
 926              	 .loc 1 1548 12 view .LVU309
 927 0134 7047     	 bx lr
 928              	.LVL85:
 929              	.L112:
1548:Drivers/STM32F3xx_HAL_Driver/Src/stm32f3xx_hal_rcc_ex.c ****   }
 930              	 .loc 1 1548 12 view .LVU310
 931              	.LBE56:
 932              	.LBE57:
 973:Drivers/STM32F3xx_HAL_Driver/Src/stm32f3xx_hal_rcc_ex.c ****       {
 933              	 .loc 1 973 53 discriminator 1 view .LVU311
 934 0136 506A     	 ldr r0,[r2,#36]
 935              	.LVL86:
 975:Drivers/STM32F3xx_HAL_Driver/Src/stm32f3xx_hal_rcc_ex.c ****       }
 936              	 .loc 1 975 19 discriminator 1 view .LVU312
 937 0138 49F64043 	 movw r3,#40000
 938              	.LVL87:
 975:Drivers/STM32F3xx_HAL_Driver/Src/stm32f3xx_hal_rcc_ex.c ****       }
 939              	 .loc 1 975 19 discriminator 1 view .LVU313
 940 013c 10F00200 	 ands r0,r0,#2
 941 0140 18BF     	 it ne
 942 0142 1846     	 movne r0,r3
 943 0144 7047     	 bx lr
 944              	.LVL88:
 945              	.L114:
1002:Drivers/STM32F3xx_HAL_Driver/Src/stm32f3xx_hal_rcc_ex.c ****       {
 946              	 .loc 1 1002 56 discriminator 1 view .LVU314
 947 0146 1068     	 ldr r0,[r2]
 948              	.LVL89:
1004:Drivers/STM32F3xx_HAL_Driver/Src/stm32f3xx_hal_rcc_ex.c ****       }
 949              	 .loc 1 1004 19 discriminator 1 view .LVU315
 950 0148 074B     	 ldr r3,.L115+12
 951              	.LVL90:
1004:Drivers/STM32F3xx_HAL_Driver/Src/stm32f3xx_hal_rcc_ex.c ****       }
 952              	 .loc 1 1004 19 discriminator 1 view .LVU316
ARM GAS   			page 66


 953 014a 10F00200 	 ands r0,r0,#2
 954 014e 18BF     	 it ne
 955 0150 1846     	 movne r0,r3
 956 0152 7047     	 bx lr
 957              	.LVL91:
 958              	.L68:
 959              	 .cfi_def_cfa_offset 4
 960              	 .cfi_offset 4,-4
 961              	.LBB58:
 962              	.LBB50:
1548:Drivers/STM32F3xx_HAL_Driver/Src/stm32f3xx_hal_rcc_ex.c ****   }
 963              	 .loc 1 1548 5 is_stmt 1 view .LVU317
1548:Drivers/STM32F3xx_HAL_Driver/Src/stm32f3xx_hal_rcc_ex.c ****   }
 964              	 .loc 1 1548 12 is_stmt 0 view .LVU318
 965 0154 064B     	 ldr r3,.L115+20
 966 0156 03FB00F0 	 mul r0,r3,r0
 967              	.LVL92:
1548:Drivers/STM32F3xx_HAL_Driver/Src/stm32f3xx_hal_rcc_ex.c ****   }
 968              	 .loc 1 1548 12 view .LVU319
 969 015a A7E7     	 b .L69
 970              	.L116:
 971              	 .align 2
 972              	.L115:
 973 015c 00100240 	 .word 1073876992
 974 0160 00000000 	 .word SystemCoreClock
 975 0164 90D00300 	 .word 250000
 976 0168 00127A00 	 .word 8000000
 977 016c 00000000 	 .word .LANCHOR0
 978 0170 00093D00 	 .word 4000000
 979              	.LBE50:
 980              	.LBE58:
 981              	 .cfi_endproc
 982              	.LFE125:
 984              	 .section .rodata.adc_pll_prediv_table.0,"a"
 985              	 .align 2
 986              	 .set .LANCHOR0,.+0
 989              	adc_pll_prediv_table.0:
 990 0000 0100     	 .short 1
 991 0002 0200     	 .short 2
 992 0004 0400     	 .short 4
 993 0006 0600     	 .short 6
 994 0008 0800     	 .short 8
 995 000a 0A00     	 .short 10
 996 000c 0C00     	 .short 12
 997 000e 1000     	 .short 16
 998 0010 2000     	 .short 32
 999 0012 4000     	 .short 64
 1000 0014 8000     	 .short 128
 1001 0016 0001     	 .short 256
 1002 0018 0001     	 .short 256
 1003 001a 0001     	 .short 256
 1004 001c 0001     	 .short 256
 1005 001e 0001     	 .short 256
 1006              	 .text
 1007              	.Letext0:
 1008              	 .file 3 "/usr/lib/gcc/arm-none-eabi/10.3.1/include/stdint.h"
 1009              	 .file 4 "Drivers/CMSIS/Device/ST/STM32F3xx/Include/stm32f334x8.h"
ARM GAS   			page 67


 1010              	 .file 5 "Drivers/CMSIS/Device/ST/STM32F3xx/Include/stm32f3xx.h"
 1011              	 .file 6 "Drivers/STM32F3xx_HAL_Driver/Inc/stm32f3xx_hal_def.h"
 1012              	 .file 7 "Drivers/STM32F3xx_HAL_Driver/Inc/stm32f3xx_hal_rcc_ex.h"
 1013              	 .file 8 "Drivers/CMSIS/Device/ST/STM32F3xx/Include/system_stm32f3xx.h"
 1014              	 .file 9 "Drivers/STM32F3xx_HAL_Driver/Inc/stm32f3xx_hal_rcc.h"
 1015              	 .file 10 "Drivers/STM32F3xx_HAL_Driver/Inc/stm32f3xx_hal.h"
ARM GAS   			page 68


DEFINED SYMBOLS
                            *ABS*:0000000000000000 stm32f3xx_hal_rcc_ex.c
    {standard input}:18     .text.HAL_RCCEx_PeriphCLKConfig:0000000000000000 $t
    {standard input}:27     .text.HAL_RCCEx_PeriphCLKConfig:0000000000000000 HAL_RCCEx_PeriphCLKConfig
    {standard input}:487    .text.HAL_RCCEx_PeriphCLKConfig:0000000000000184 $d
    {standard input}:494    .text.HAL_RCCEx_GetPeriphCLKConfig:0000000000000000 $t
    {standard input}:502    .text.HAL_RCCEx_GetPeriphCLKConfig:0000000000000000 HAL_RCCEx_GetPeriphCLKConfig
    {standard input}:562    .text.HAL_RCCEx_GetPeriphCLKConfig:0000000000000038 $d
    {standard input}:568    .text.HAL_RCCEx_GetPeriphCLKFreq:0000000000000000 $t
    {standard input}:576    .text.HAL_RCCEx_GetPeriphCLKFreq:0000000000000000 HAL_RCCEx_GetPeriphCLKFreq
    {standard input}:973    .text.HAL_RCCEx_GetPeriphCLKFreq:000000000000015c $d
    {standard input}:985    .rodata.adc_pll_prediv_table.0:0000000000000000 $d
    {standard input}:989    .rodata.adc_pll_prediv_table.0:0000000000000000 adc_pll_prediv_table.0
                           .group:0000000000000000 wm4.0.5bd3fb47ece8cd89db7f39859867d34b
                           .group:0000000000000000 wm4.stm32f3xx_hal_conf.h.22.68702fcb376080053c327f742c9961b5
                           .group:0000000000000000 wm4.stm32f3xx.h.38.82e8e99dfe49c20b1a4a903bd92d6a62
                           .group:0000000000000000 wm4.stm32f334x8.h.34.4062b27910dbe4163b311597cc3129d0
                           .group:0000000000000000 wm4.stdint.h.29.6d480f4ba0f60596e88234283d42444f
                           .group:0000000000000000 wm4.cmsis_version.h.32.4d5822004c01a829a975260e854b5f8e
                           .group:0000000000000000 wm4.core_cm4.h.66.e4ff136c4a17abc46741866f64f8e729
                           .group:0000000000000000 wm4.cmsis_gcc.h.26.6774fe91202d65f4d5ffcff60e00da34
                           .group:0000000000000000 wm4.core_cm4.h.174.300c477346073ecdebb72dd943ae4d09
                           .group:0000000000000000 wm4.stm32f334x8.h.742.4d018c717ec53f6245cec4363d185c67
                           .group:0000000000000000 wm4.stm32f3xx.h.174.91b72afab8b3d83f71cfd7ef15cf4952
                           .group:0000000000000000 wm4.stm32_hal_legacy.h.22.faf2d895fc44f19fdf533a93a00a4465
                           .group:0000000000000000 wm4.stddef.h.39.144cf5ddcd53cbfdac30259dc1a6c87f
                           .group:0000000000000000 wm4.stm32f3xx_hal_def.h.58.9b3c2bdf4a254dccb0f88c83bea62e05
                           .group:0000000000000000 wm4.stm32f3xx_hal_rcc.h.46.e37a97e5b8d0ca06a596d1c15979cbcc
                           .group:0000000000000000 wm4.stm32f3xx_hal_rcc_ex.h.20.10471072208d7575503f2f1804851a76
                           .group:0000000000000000 wm4.stm32f3xx_hal_gpio.h.21.7cd0c7cb2091a8a34b9016ef7d16b8a7
                           .group:0000000000000000 wm4.stm32f3xx_hal_gpio_ex.h.21.af39eaa5623e0a1009fcf4398ea2c1b7
                           .group:0000000000000000 wm4.stm32f3xx_hal_exti.h.21.97ce243ab3f68da52c38aef7d478a1e0
                           .group:0000000000000000 wm4.stm32f3xx_hal_dma.h.21.cc527711b185a0aec89274d6a9e66e40
                           .group:0000000000000000 wm4.stm32f3xx_hal_dma_ex.h.21.0990be4ccabf56d8663bc991eae085b1
                           .group:0000000000000000 wm4.stm32f3xx_hal_dma.h.406.bee398d2c322633b5d4483460294543c
                           .group:0000000000000000 wm4.stm32f3xx_hal_cortex.h.21.2e6f8d82a4b5342dc6cb4d8275d4190e
                           .group:0000000000000000 wm4.stm32f3xx_hal_adc_ex.h.21.83e1b666f94c6741e0f75669498b4cf0
                           .group:0000000000000000 wm4.stm32f3xx_hal_adc.h.55.6de54c307a17ed796a45b8e483250af2
                           .group:0000000000000000 wm4.stm32f3xx_hal_can.h.21.e8a2553fb767050d2b1baa10ea524b9c
                           .group:0000000000000000 wm4.stm32f3xx_hal_flash.h.20.53fc2ade23629e1c8d41b6b358abbb8d
                           .group:0000000000000000 wm4.stm32f3xx_hal_flash_ex.h.20.66a2e271db53c743be1fcb77b2017459
                           .group:0000000000000000 wm4.stm32f3xx_hal_hrtim.h.21.fb28980682ad68d99a88889d8ff4d172
                           .group:0000000000000000 wm4.stm32f3xx_hal_i2c.h.21.f7663f116d03c0043fd0e75e612f16ea
                           .group:0000000000000000 wm4.stm32f3xx_hal_i2c_ex.h.21.cf479782f4f3a68ef5fbce499167225b
                           .group:0000000000000000 wm4.stm32f3xx_hal_i2c.h.739.edde0c83ea6830c2c975fff967ebea26
                           .group:0000000000000000 wm4.stm32f3xx_hal_iwdg.h.21.3504a210964eb279ef1de8bb44988f11
                           .group:0000000000000000 wm4.stm32f3xx_hal_pwr.h.21.6193057a5c33d0b02d2f3a23acd22249
                           .group:0000000000000000 wm4.stm32f3xx_hal_pwr_ex.h.21.0ae6fdf7fd790f205b68ea57197f080d
                           .group:0000000000000000 wm4.stm32f3xx_hal_tim.h.21.d20cc3ea3a57aedcc53e87fa48cc1f6c
                           .group:0000000000000000 wm4.stm32f3xx_hal_tim_ex.h.21.87406a6cc7024a9faaf6aed69e2733ce
                           .group:0000000000000000 wm4.stm32f3xx_hal_uart.h.21.11bf2ca66aa636cfe74a1eb39fe0d460
                           .group:0000000000000000 wm4.stm32f3xx_hal_uart_ex.h.21.f592049ad8b63c2f48d6a2e8f48bef5c
                           .group:0000000000000000 wm4.stm32f3xx_hal.h.43.350d066a115a4ce03caef6c5048b93ca

UNDEFINED SYMBOLS
HAL_GetTick
HAL_RCC_GetSysClockFreq
ARM GAS   			page 69


HAL_RCC_GetPCLK1Freq
SystemCoreClock
