ARM GAS   			page 1


   1              	 .cpu cortex-m4
   2              	 .eabi_attribute 27,1
   3              	 .eabi_attribute 28,1
   4              	 .eabi_attribute 20,1
   5              	 .eabi_attribute 21,1
   6              	 .eabi_attribute 23,3
   7              	 .eabi_attribute 24,1
   8              	 .eabi_attribute 25,1
   9              	 .eabi_attribute 26,1
  10              	 .eabi_attribute 30,2
  11              	 .eabi_attribute 34,1
  12              	 .eabi_attribute 18,4
  13              	 .file "stm32f3xx_hal_rcc.c"
  14              	 .text
  15              	.Ltext0:
  16              	 .cfi_sections .debug_frame
  17              	 .section .text.HAL_RCC_DeInit,"ax",%progbits
  18              	 .align 1
  19              	 .p2align 2,,3
  20              	 .global HAL_RCC_DeInit
  21              	 .arch armv7e-m
  22              	 .syntax unified
  23              	 .thumb
  24              	 .thumb_func
  25              	 .fpu fpv4-sp-d16
  27              	HAL_RCC_DeInit:
  28              	.LFB123:
  29              	 .file 1 "Drivers/STM32F3xx_HAL_Driver/Src/stm32f3xx_hal_rcc.c"
   1:Drivers/STM32F3xx_HAL_Driver/Src/stm32f3xx_hal_rcc.c **** /**
   2:Drivers/STM32F3xx_HAL_Driver/Src/stm32f3xx_hal_rcc.c ****   ******************************************************************************
   3:Drivers/STM32F3xx_HAL_Driver/Src/stm32f3xx_hal_rcc.c ****   * @file    stm32f3xx_hal_rcc.c
   4:Drivers/STM32F3xx_HAL_Driver/Src/stm32f3xx_hal_rcc.c ****   * @author  MCD Application Team
   5:Drivers/STM32F3xx_HAL_Driver/Src/stm32f3xx_hal_rcc.c ****   * @brief   RCC HAL module driver.
   6:Drivers/STM32F3xx_HAL_Driver/Src/stm32f3xx_hal_rcc.c ****   *          This file provides firmware functions to manage the following 
   7:Drivers/STM32F3xx_HAL_Driver/Src/stm32f3xx_hal_rcc.c ****   *          functionalities of the Reset and Clock Control (RCC) peripheral:
   8:Drivers/STM32F3xx_HAL_Driver/Src/stm32f3xx_hal_rcc.c ****   *           + Initialization and de-initialization functions
   9:Drivers/STM32F3xx_HAL_Driver/Src/stm32f3xx_hal_rcc.c ****   *           + Peripheral Control functions
  10:Drivers/STM32F3xx_HAL_Driver/Src/stm32f3xx_hal_rcc.c ****   *       
  11:Drivers/STM32F3xx_HAL_Driver/Src/stm32f3xx_hal_rcc.c ****   @verbatim                
  12:Drivers/STM32F3xx_HAL_Driver/Src/stm32f3xx_hal_rcc.c ****   ==============================================================================
  13:Drivers/STM32F3xx_HAL_Driver/Src/stm32f3xx_hal_rcc.c ****                       ##### RCC specific features #####
  14:Drivers/STM32F3xx_HAL_Driver/Src/stm32f3xx_hal_rcc.c ****   ==============================================================================
  15:Drivers/STM32F3xx_HAL_Driver/Src/stm32f3xx_hal_rcc.c ****     [..]  
  16:Drivers/STM32F3xx_HAL_Driver/Src/stm32f3xx_hal_rcc.c ****       After reset the device is running from Internal High Speed oscillator
  17:Drivers/STM32F3xx_HAL_Driver/Src/stm32f3xx_hal_rcc.c ****       (HSI 8MHz) with Flash 0 wait state, Flash prefetch buffer is enabled, 
  18:Drivers/STM32F3xx_HAL_Driver/Src/stm32f3xx_hal_rcc.c ****       and all peripherals are off except internal SRAM, Flash and JTAG.
  19:Drivers/STM32F3xx_HAL_Driver/Src/stm32f3xx_hal_rcc.c ****       (+) There is no prescaler on High speed (AHB) and Low speed (APB) buses;
  20:Drivers/STM32F3xx_HAL_Driver/Src/stm32f3xx_hal_rcc.c ****           all peripherals mapped on these buses are running at HSI speed.
  21:Drivers/STM32F3xx_HAL_Driver/Src/stm32f3xx_hal_rcc.c ****       (+) The clock for all peripherals is switched off, except the SRAM and FLASH.
  22:Drivers/STM32F3xx_HAL_Driver/Src/stm32f3xx_hal_rcc.c ****       (+) All GPIOs are in input floating state, except the JTAG pins which
  23:Drivers/STM32F3xx_HAL_Driver/Src/stm32f3xx_hal_rcc.c ****           are assigned to be used for debug purpose.
  24:Drivers/STM32F3xx_HAL_Driver/Src/stm32f3xx_hal_rcc.c ****     [..] Once the device started from reset, the user application has to:
  25:Drivers/STM32F3xx_HAL_Driver/Src/stm32f3xx_hal_rcc.c ****       (+) Configure the clock source to be used to drive the System clock
  26:Drivers/STM32F3xx_HAL_Driver/Src/stm32f3xx_hal_rcc.c ****           (if the application needs higher frequency/performance)
  27:Drivers/STM32F3xx_HAL_Driver/Src/stm32f3xx_hal_rcc.c ****       (+) Configure the System clock frequency and Flash settings  
  28:Drivers/STM32F3xx_HAL_Driver/Src/stm32f3xx_hal_rcc.c ****       (+) Configure the AHB and APB buses prescalers
  29:Drivers/STM32F3xx_HAL_Driver/Src/stm32f3xx_hal_rcc.c ****       (+) Enable the clock for the peripheral(s) to be used
ARM GAS   			page 2


  30:Drivers/STM32F3xx_HAL_Driver/Src/stm32f3xx_hal_rcc.c ****       (+) Configure the clock source(s) for peripherals whose clocks are not
  31:Drivers/STM32F3xx_HAL_Driver/Src/stm32f3xx_hal_rcc.c ****           derived from the System clock (RTC, ADC, I2C, I2S, TIM, USB FS)
  32:Drivers/STM32F3xx_HAL_Driver/Src/stm32f3xx_hal_rcc.c **** 
  33:Drivers/STM32F3xx_HAL_Driver/Src/stm32f3xx_hal_rcc.c ****                       ##### RCC Limitations #####
  34:Drivers/STM32F3xx_HAL_Driver/Src/stm32f3xx_hal_rcc.c ****   ==============================================================================
  35:Drivers/STM32F3xx_HAL_Driver/Src/stm32f3xx_hal_rcc.c ****     [..]  
  36:Drivers/STM32F3xx_HAL_Driver/Src/stm32f3xx_hal_rcc.c ****       A delay between an RCC peripheral clock enable and the effective peripheral 
  37:Drivers/STM32F3xx_HAL_Driver/Src/stm32f3xx_hal_rcc.c ****       enabling should be taken into account in order to manage the peripheral read/write 
  38:Drivers/STM32F3xx_HAL_Driver/Src/stm32f3xx_hal_rcc.c ****       from/to registers.
  39:Drivers/STM32F3xx_HAL_Driver/Src/stm32f3xx_hal_rcc.c ****       (+) This delay depends on the peripheral mapping.
  40:Drivers/STM32F3xx_HAL_Driver/Src/stm32f3xx_hal_rcc.c ****         (++) AHB & APB peripherals, 1 dummy read is necessary
  41:Drivers/STM32F3xx_HAL_Driver/Src/stm32f3xx_hal_rcc.c **** 
  42:Drivers/STM32F3xx_HAL_Driver/Src/stm32f3xx_hal_rcc.c ****     [..]  
  43:Drivers/STM32F3xx_HAL_Driver/Src/stm32f3xx_hal_rcc.c ****       Workarounds:
  44:Drivers/STM32F3xx_HAL_Driver/Src/stm32f3xx_hal_rcc.c ****       (#) For AHB & APB peripherals, a dummy read to the peripheral register has been
  45:Drivers/STM32F3xx_HAL_Driver/Src/stm32f3xx_hal_rcc.c ****           inserted in each __HAL_RCC_PPP_CLK_ENABLE() macro.
  46:Drivers/STM32F3xx_HAL_Driver/Src/stm32f3xx_hal_rcc.c **** 
  47:Drivers/STM32F3xx_HAL_Driver/Src/stm32f3xx_hal_rcc.c ****   @endverbatim
  48:Drivers/STM32F3xx_HAL_Driver/Src/stm32f3xx_hal_rcc.c ****   ******************************************************************************
  49:Drivers/STM32F3xx_HAL_Driver/Src/stm32f3xx_hal_rcc.c ****   * @attention
  50:Drivers/STM32F3xx_HAL_Driver/Src/stm32f3xx_hal_rcc.c ****   *
  51:Drivers/STM32F3xx_HAL_Driver/Src/stm32f3xx_hal_rcc.c ****   * Copyright (c) 2016 STMicroelectronics.
  52:Drivers/STM32F3xx_HAL_Driver/Src/stm32f3xx_hal_rcc.c ****   * All rights reserved.
  53:Drivers/STM32F3xx_HAL_Driver/Src/stm32f3xx_hal_rcc.c ****   *
  54:Drivers/STM32F3xx_HAL_Driver/Src/stm32f3xx_hal_rcc.c ****   * This software is licensed under terms that can be found in the LICENSE file in
  55:Drivers/STM32F3xx_HAL_Driver/Src/stm32f3xx_hal_rcc.c ****   * the root directory of this software component.
  56:Drivers/STM32F3xx_HAL_Driver/Src/stm32f3xx_hal_rcc.c ****   * If no LICENSE file comes with this software, it is provided AS-IS.
  57:Drivers/STM32F3xx_HAL_Driver/Src/stm32f3xx_hal_rcc.c ****   ******************************************************************************
  58:Drivers/STM32F3xx_HAL_Driver/Src/stm32f3xx_hal_rcc.c ****   */
  59:Drivers/STM32F3xx_HAL_Driver/Src/stm32f3xx_hal_rcc.c **** 
  60:Drivers/STM32F3xx_HAL_Driver/Src/stm32f3xx_hal_rcc.c **** /* Includes ------------------------------------------------------------------*/
  61:Drivers/STM32F3xx_HAL_Driver/Src/stm32f3xx_hal_rcc.c **** #include "stm32f3xx_hal.h"
  62:Drivers/STM32F3xx_HAL_Driver/Src/stm32f3xx_hal_rcc.c **** 
  63:Drivers/STM32F3xx_HAL_Driver/Src/stm32f3xx_hal_rcc.c **** /** @addtogroup STM32F3xx_HAL_Driver
  64:Drivers/STM32F3xx_HAL_Driver/Src/stm32f3xx_hal_rcc.c ****   * @{
  65:Drivers/STM32F3xx_HAL_Driver/Src/stm32f3xx_hal_rcc.c ****   */
  66:Drivers/STM32F3xx_HAL_Driver/Src/stm32f3xx_hal_rcc.c **** 
  67:Drivers/STM32F3xx_HAL_Driver/Src/stm32f3xx_hal_rcc.c **** /** @defgroup RCC RCC
  68:Drivers/STM32F3xx_HAL_Driver/Src/stm32f3xx_hal_rcc.c **** * @brief RCC HAL module driver
  69:Drivers/STM32F3xx_HAL_Driver/Src/stm32f3xx_hal_rcc.c ****   * @{
  70:Drivers/STM32F3xx_HAL_Driver/Src/stm32f3xx_hal_rcc.c ****   */
  71:Drivers/STM32F3xx_HAL_Driver/Src/stm32f3xx_hal_rcc.c **** 
  72:Drivers/STM32F3xx_HAL_Driver/Src/stm32f3xx_hal_rcc.c **** #ifdef HAL_RCC_MODULE_ENABLED
  73:Drivers/STM32F3xx_HAL_Driver/Src/stm32f3xx_hal_rcc.c **** 
  74:Drivers/STM32F3xx_HAL_Driver/Src/stm32f3xx_hal_rcc.c **** /* Private typedef -----------------------------------------------------------*/
  75:Drivers/STM32F3xx_HAL_Driver/Src/stm32f3xx_hal_rcc.c **** /* Private define ------------------------------------------------------------*/
  76:Drivers/STM32F3xx_HAL_Driver/Src/stm32f3xx_hal_rcc.c **** /** @defgroup RCC_Private_Constants RCC Private Constants
  77:Drivers/STM32F3xx_HAL_Driver/Src/stm32f3xx_hal_rcc.c ****  * @{
  78:Drivers/STM32F3xx_HAL_Driver/Src/stm32f3xx_hal_rcc.c ****  */
  79:Drivers/STM32F3xx_HAL_Driver/Src/stm32f3xx_hal_rcc.c **** /* Bits position in  in the CFGR register */
  80:Drivers/STM32F3xx_HAL_Driver/Src/stm32f3xx_hal_rcc.c **** #define RCC_CFGR_HPRE_BITNUMBER           POSITION_VAL(RCC_CFGR_HPRE)
  81:Drivers/STM32F3xx_HAL_Driver/Src/stm32f3xx_hal_rcc.c **** #define RCC_CFGR_PPRE1_BITNUMBER          POSITION_VAL(RCC_CFGR_PPRE1)
  82:Drivers/STM32F3xx_HAL_Driver/Src/stm32f3xx_hal_rcc.c **** #define RCC_CFGR_PPRE2_BITNUMBER          POSITION_VAL(RCC_CFGR_PPRE2)
  83:Drivers/STM32F3xx_HAL_Driver/Src/stm32f3xx_hal_rcc.c **** /**
  84:Drivers/STM32F3xx_HAL_Driver/Src/stm32f3xx_hal_rcc.c ****   * @}
  85:Drivers/STM32F3xx_HAL_Driver/Src/stm32f3xx_hal_rcc.c ****   */
  86:Drivers/STM32F3xx_HAL_Driver/Src/stm32f3xx_hal_rcc.c **** /* Private macro -------------------------------------------------------------*/
ARM GAS   			page 3


  87:Drivers/STM32F3xx_HAL_Driver/Src/stm32f3xx_hal_rcc.c **** /** @defgroup RCC_Private_Macros RCC Private Macros
  88:Drivers/STM32F3xx_HAL_Driver/Src/stm32f3xx_hal_rcc.c ****   * @{
  89:Drivers/STM32F3xx_HAL_Driver/Src/stm32f3xx_hal_rcc.c ****   */
  90:Drivers/STM32F3xx_HAL_Driver/Src/stm32f3xx_hal_rcc.c **** 
  91:Drivers/STM32F3xx_HAL_Driver/Src/stm32f3xx_hal_rcc.c **** #define MCO1_CLK_ENABLE()     __HAL_RCC_GPIOA_CLK_ENABLE()
  92:Drivers/STM32F3xx_HAL_Driver/Src/stm32f3xx_hal_rcc.c **** #define MCO1_GPIO_PORT        GPIOA
  93:Drivers/STM32F3xx_HAL_Driver/Src/stm32f3xx_hal_rcc.c **** #define MCO1_PIN              GPIO_PIN_8
  94:Drivers/STM32F3xx_HAL_Driver/Src/stm32f3xx_hal_rcc.c **** 
  95:Drivers/STM32F3xx_HAL_Driver/Src/stm32f3xx_hal_rcc.c **** /**
  96:Drivers/STM32F3xx_HAL_Driver/Src/stm32f3xx_hal_rcc.c ****   * @}
  97:Drivers/STM32F3xx_HAL_Driver/Src/stm32f3xx_hal_rcc.c ****   */
  98:Drivers/STM32F3xx_HAL_Driver/Src/stm32f3xx_hal_rcc.c **** 
  99:Drivers/STM32F3xx_HAL_Driver/Src/stm32f3xx_hal_rcc.c **** /* Private variables ---------------------------------------------------------*/
 100:Drivers/STM32F3xx_HAL_Driver/Src/stm32f3xx_hal_rcc.c **** /** @defgroup RCC_Private_Variables RCC Private Variables
 101:Drivers/STM32F3xx_HAL_Driver/Src/stm32f3xx_hal_rcc.c ****   * @{
 102:Drivers/STM32F3xx_HAL_Driver/Src/stm32f3xx_hal_rcc.c ****   */
 103:Drivers/STM32F3xx_HAL_Driver/Src/stm32f3xx_hal_rcc.c **** static const uint8_t aPLLMULFactorTable[16U] = { 2U,  3U,  4U,  5U,  6U,  7U,  8U,  9U,
 104:Drivers/STM32F3xx_HAL_Driver/Src/stm32f3xx_hal_rcc.c ****                                                  10U, 11U, 12U, 13U, 14U, 15U, 16U, 16U};
 105:Drivers/STM32F3xx_HAL_Driver/Src/stm32f3xx_hal_rcc.c **** static const uint8_t aPredivFactorTable[16U] = { 1U, 2U,  3U,  4U,  5U,  6U,  7U,  8U,
 106:Drivers/STM32F3xx_HAL_Driver/Src/stm32f3xx_hal_rcc.c ****                                                  9U,10U, 11U, 12U, 13U, 14U, 15U, 16U};
 107:Drivers/STM32F3xx_HAL_Driver/Src/stm32f3xx_hal_rcc.c **** /**
 108:Drivers/STM32F3xx_HAL_Driver/Src/stm32f3xx_hal_rcc.c ****   * @}
 109:Drivers/STM32F3xx_HAL_Driver/Src/stm32f3xx_hal_rcc.c ****   */
 110:Drivers/STM32F3xx_HAL_Driver/Src/stm32f3xx_hal_rcc.c **** 
 111:Drivers/STM32F3xx_HAL_Driver/Src/stm32f3xx_hal_rcc.c **** /* Private function prototypes -----------------------------------------------*/
 112:Drivers/STM32F3xx_HAL_Driver/Src/stm32f3xx_hal_rcc.c **** /* Exported functions ---------------------------------------------------------*/
 113:Drivers/STM32F3xx_HAL_Driver/Src/stm32f3xx_hal_rcc.c **** 
 114:Drivers/STM32F3xx_HAL_Driver/Src/stm32f3xx_hal_rcc.c **** /** @defgroup RCC_Exported_Functions RCC Exported Functions
 115:Drivers/STM32F3xx_HAL_Driver/Src/stm32f3xx_hal_rcc.c ****   * @{
 116:Drivers/STM32F3xx_HAL_Driver/Src/stm32f3xx_hal_rcc.c ****   */
 117:Drivers/STM32F3xx_HAL_Driver/Src/stm32f3xx_hal_rcc.c **** 
 118:Drivers/STM32F3xx_HAL_Driver/Src/stm32f3xx_hal_rcc.c **** /** @defgroup RCC_Exported_Functions_Group1 Initialization and de-initialization functions 
 119:Drivers/STM32F3xx_HAL_Driver/Src/stm32f3xx_hal_rcc.c ****   *  @brief    Initialization and Configuration functions 
 120:Drivers/STM32F3xx_HAL_Driver/Src/stm32f3xx_hal_rcc.c ****   *
 121:Drivers/STM32F3xx_HAL_Driver/Src/stm32f3xx_hal_rcc.c ****   @verbatim    
 122:Drivers/STM32F3xx_HAL_Driver/Src/stm32f3xx_hal_rcc.c ****   ===============================================================================
 123:Drivers/STM32F3xx_HAL_Driver/Src/stm32f3xx_hal_rcc.c ****            ##### Initialization and de-initialization functions #####
 124:Drivers/STM32F3xx_HAL_Driver/Src/stm32f3xx_hal_rcc.c ****   ===============================================================================
 125:Drivers/STM32F3xx_HAL_Driver/Src/stm32f3xx_hal_rcc.c ****     [..]
 126:Drivers/STM32F3xx_HAL_Driver/Src/stm32f3xx_hal_rcc.c ****       This section provides functions allowing to configure the internal/external oscillators
 127:Drivers/STM32F3xx_HAL_Driver/Src/stm32f3xx_hal_rcc.c ****       (HSE, HSI, LSE, LSI, PLL, CSS and MCO) and the System buses clocks (SYSCLK, AHB, APB1
 128:Drivers/STM32F3xx_HAL_Driver/Src/stm32f3xx_hal_rcc.c ****       and APB2).
 129:Drivers/STM32F3xx_HAL_Driver/Src/stm32f3xx_hal_rcc.c **** 
 130:Drivers/STM32F3xx_HAL_Driver/Src/stm32f3xx_hal_rcc.c ****     [..] Internal/external clock and PLL configuration
 131:Drivers/STM32F3xx_HAL_Driver/Src/stm32f3xx_hal_rcc.c ****       (#) HSI (high-speed internal), 8 MHz factory-trimmed RC used directly or through
 132:Drivers/STM32F3xx_HAL_Driver/Src/stm32f3xx_hal_rcc.c ****           the PLL as System clock source.
 133:Drivers/STM32F3xx_HAL_Driver/Src/stm32f3xx_hal_rcc.c ****           The HSI clock can be used also to clock the USART and I2C peripherals.
 134:Drivers/STM32F3xx_HAL_Driver/Src/stm32f3xx_hal_rcc.c **** 
 135:Drivers/STM32F3xx_HAL_Driver/Src/stm32f3xx_hal_rcc.c ****       (#) LSI (low-speed internal), ~40 KHz low consumption RC used as IWDG and/or RTC
 136:Drivers/STM32F3xx_HAL_Driver/Src/stm32f3xx_hal_rcc.c ****           clock source.
 137:Drivers/STM32F3xx_HAL_Driver/Src/stm32f3xx_hal_rcc.c **** 
 138:Drivers/STM32F3xx_HAL_Driver/Src/stm32f3xx_hal_rcc.c ****       (#) HSE (high-speed external), 4 to 32 MHz crystal oscillator used directly or
 139:Drivers/STM32F3xx_HAL_Driver/Src/stm32f3xx_hal_rcc.c ****           through the PLL as System clock source. Can be used also as RTC clock source.
 140:Drivers/STM32F3xx_HAL_Driver/Src/stm32f3xx_hal_rcc.c **** 
 141:Drivers/STM32F3xx_HAL_Driver/Src/stm32f3xx_hal_rcc.c ****       (#) LSE (low-speed external), 32 KHz oscillator used as RTC clock source.   
 142:Drivers/STM32F3xx_HAL_Driver/Src/stm32f3xx_hal_rcc.c **** 
 143:Drivers/STM32F3xx_HAL_Driver/Src/stm32f3xx_hal_rcc.c ****       (#) PLL (clocked by HSI or HSE), featuring different output clocks:
ARM GAS   			page 4


 144:Drivers/STM32F3xx_HAL_Driver/Src/stm32f3xx_hal_rcc.c ****         (++) The first output is used to generate the high speed system clock (up to 72 MHz)
 145:Drivers/STM32F3xx_HAL_Driver/Src/stm32f3xx_hal_rcc.c ****         (++) The second output is used to generate the clock for the USB FS (48 MHz)
 146:Drivers/STM32F3xx_HAL_Driver/Src/stm32f3xx_hal_rcc.c ****         (++) The third output may be used to generate the clock for the ADC peripherals (up to 72 M
 147:Drivers/STM32F3xx_HAL_Driver/Src/stm32f3xx_hal_rcc.c ****         (++) The fourth output may be used to generate the clock for the TIM peripherals (144 MHz)
 148:Drivers/STM32F3xx_HAL_Driver/Src/stm32f3xx_hal_rcc.c **** 
 149:Drivers/STM32F3xx_HAL_Driver/Src/stm32f3xx_hal_rcc.c ****       (#) CSS (Clock security system), once enable using the macro __HAL_RCC_CSS_ENABLE()
 150:Drivers/STM32F3xx_HAL_Driver/Src/stm32f3xx_hal_rcc.c ****           and if a HSE clock failure occurs(HSE used directly or through PLL as System 
 151:Drivers/STM32F3xx_HAL_Driver/Src/stm32f3xx_hal_rcc.c ****           clock source), the System clocks automatically switched to HSI and an interrupt
 152:Drivers/STM32F3xx_HAL_Driver/Src/stm32f3xx_hal_rcc.c ****           is generated if enabled. The interrupt is linked to the Cortex-M4 NMI 
 153:Drivers/STM32F3xx_HAL_Driver/Src/stm32f3xx_hal_rcc.c ****           (Non-Maskable Interrupt) exception vector.   
 154:Drivers/STM32F3xx_HAL_Driver/Src/stm32f3xx_hal_rcc.c **** 
 155:Drivers/STM32F3xx_HAL_Driver/Src/stm32f3xx_hal_rcc.c ****       (#) MCO (microcontroller clock output), used to output SYSCLK, HSI, HSE, LSI, LSE or PLL
 156:Drivers/STM32F3xx_HAL_Driver/Src/stm32f3xx_hal_rcc.c ****           clock (divided by 2) output on pin (such as PA8 pin).
 157:Drivers/STM32F3xx_HAL_Driver/Src/stm32f3xx_hal_rcc.c **** 
 158:Drivers/STM32F3xx_HAL_Driver/Src/stm32f3xx_hal_rcc.c ****     [..] System, AHB and APB buses clocks configuration
 159:Drivers/STM32F3xx_HAL_Driver/Src/stm32f3xx_hal_rcc.c ****       (#) Several clock sources can be used to drive the System clock (SYSCLK): HSI,
 160:Drivers/STM32F3xx_HAL_Driver/Src/stm32f3xx_hal_rcc.c ****           HSE and PLL.
 161:Drivers/STM32F3xx_HAL_Driver/Src/stm32f3xx_hal_rcc.c ****           The AHB clock (HCLK) is derived from System clock through configurable
 162:Drivers/STM32F3xx_HAL_Driver/Src/stm32f3xx_hal_rcc.c ****           prescaler and used to clock the CPU, memory and peripherals mapped
 163:Drivers/STM32F3xx_HAL_Driver/Src/stm32f3xx_hal_rcc.c ****           on AHB bus (DMA, GPIO...). APB1 (PCLK1) and APB2 (PCLK2) clocks are derived
 164:Drivers/STM32F3xx_HAL_Driver/Src/stm32f3xx_hal_rcc.c ****           from AHB clock through configurable prescalers and used to clock
 165:Drivers/STM32F3xx_HAL_Driver/Src/stm32f3xx_hal_rcc.c ****           the peripherals mapped on these buses. You can use
 166:Drivers/STM32F3xx_HAL_Driver/Src/stm32f3xx_hal_rcc.c ****           "HAL_RCC_GetSysClockFreq()" function to retrieve the frequencies of these clocks.
 167:Drivers/STM32F3xx_HAL_Driver/Src/stm32f3xx_hal_rcc.c **** 
 168:Drivers/STM32F3xx_HAL_Driver/Src/stm32f3xx_hal_rcc.c ****       (#) All the peripheral clocks are derived from the System clock (SYSCLK) except:
 169:Drivers/STM32F3xx_HAL_Driver/Src/stm32f3xx_hal_rcc.c ****         (++) The FLASH program/erase clock  which is always HSI 8MHz clock.
 170:Drivers/STM32F3xx_HAL_Driver/Src/stm32f3xx_hal_rcc.c ****         (++) The USB 48 MHz clock which is derived from the PLL VCO clock.
 171:Drivers/STM32F3xx_HAL_Driver/Src/stm32f3xx_hal_rcc.c ****         (++) The USART clock which can be derived as well from HSI 8MHz, LSI or LSE.
 172:Drivers/STM32F3xx_HAL_Driver/Src/stm32f3xx_hal_rcc.c ****         (++) The I2C clock which can be derived as well from HSI 8MHz clock.
 173:Drivers/STM32F3xx_HAL_Driver/Src/stm32f3xx_hal_rcc.c ****         (++) The ADC clock which is derived from PLL output.
 174:Drivers/STM32F3xx_HAL_Driver/Src/stm32f3xx_hal_rcc.c ****         (++) The RTC clock which is derived from the LSE, LSI or 1 MHz HSE_RTC
 175:Drivers/STM32F3xx_HAL_Driver/Src/stm32f3xx_hal_rcc.c ****              (HSE divided by a programmable prescaler). The System clock (SYSCLK)
 176:Drivers/STM32F3xx_HAL_Driver/Src/stm32f3xx_hal_rcc.c ****              frequency must be higher or equal to the RTC clock frequency.
 177:Drivers/STM32F3xx_HAL_Driver/Src/stm32f3xx_hal_rcc.c ****         (++) IWDG clock which is always the LSI clock.
 178:Drivers/STM32F3xx_HAL_Driver/Src/stm32f3xx_hal_rcc.c **** 
 179:Drivers/STM32F3xx_HAL_Driver/Src/stm32f3xx_hal_rcc.c ****          (#) For the STM32F3xx devices, the maximum frequency of the SYSCLK, HCLK, PCLK1 and PCLK2 
 180:Drivers/STM32F3xx_HAL_Driver/Src/stm32f3xx_hal_rcc.c ****              Depending on the SYSCLK frequency, the flash latency should be adapted accordingly.
 181:Drivers/STM32F3xx_HAL_Driver/Src/stm32f3xx_hal_rcc.c **** 
 182:Drivers/STM32F3xx_HAL_Driver/Src/stm32f3xx_hal_rcc.c ****          (#) After reset, the System clock source is the HSI (8 MHz) with 0 WS and
 183:Drivers/STM32F3xx_HAL_Driver/Src/stm32f3xx_hal_rcc.c ****              prefetch is disabled.
 184:Drivers/STM32F3xx_HAL_Driver/Src/stm32f3xx_hal_rcc.c ****   @endverbatim
 185:Drivers/STM32F3xx_HAL_Driver/Src/stm32f3xx_hal_rcc.c ****   * @{
 186:Drivers/STM32F3xx_HAL_Driver/Src/stm32f3xx_hal_rcc.c ****   */
 187:Drivers/STM32F3xx_HAL_Driver/Src/stm32f3xx_hal_rcc.c ****   
 188:Drivers/STM32F3xx_HAL_Driver/Src/stm32f3xx_hal_rcc.c **** /*
 189:Drivers/STM32F3xx_HAL_Driver/Src/stm32f3xx_hal_rcc.c ****   Additional consideration on the SYSCLK based on Latency settings:
 190:Drivers/STM32F3xx_HAL_Driver/Src/stm32f3xx_hal_rcc.c ****         +-----------------------------------------------+
 191:Drivers/STM32F3xx_HAL_Driver/Src/stm32f3xx_hal_rcc.c ****         | Latency       | SYSCLK clock frequency (MHz)  |
 192:Drivers/STM32F3xx_HAL_Driver/Src/stm32f3xx_hal_rcc.c ****         |---------------|-------------------------------|
 193:Drivers/STM32F3xx_HAL_Driver/Src/stm32f3xx_hal_rcc.c ****         |0WS(1CPU cycle)|       0 < SYSCLK <= 24        |
 194:Drivers/STM32F3xx_HAL_Driver/Src/stm32f3xx_hal_rcc.c ****         |---------------|-------------------------------|
 195:Drivers/STM32F3xx_HAL_Driver/Src/stm32f3xx_hal_rcc.c ****         |1WS(2CPU cycle)|      24 < SYSCLK <= 48        |
 196:Drivers/STM32F3xx_HAL_Driver/Src/stm32f3xx_hal_rcc.c ****         |---------------|-------------------------------|
 197:Drivers/STM32F3xx_HAL_Driver/Src/stm32f3xx_hal_rcc.c ****         |2WS(3CPU cycle)|      48 < SYSCLK <= 72        |
 198:Drivers/STM32F3xx_HAL_Driver/Src/stm32f3xx_hal_rcc.c ****         +-----------------------------------------------+
 199:Drivers/STM32F3xx_HAL_Driver/Src/stm32f3xx_hal_rcc.c ****   */
 200:Drivers/STM32F3xx_HAL_Driver/Src/stm32f3xx_hal_rcc.c **** 
ARM GAS   			page 5


 201:Drivers/STM32F3xx_HAL_Driver/Src/stm32f3xx_hal_rcc.c **** /**
 202:Drivers/STM32F3xx_HAL_Driver/Src/stm32f3xx_hal_rcc.c ****   * @brief  Resets the RCC clock configuration to the default reset state.
 203:Drivers/STM32F3xx_HAL_Driver/Src/stm32f3xx_hal_rcc.c ****   * @note   The default reset state of the clock configuration is given below:
 204:Drivers/STM32F3xx_HAL_Driver/Src/stm32f3xx_hal_rcc.c ****   *            - HSI ON and used as system clock source
 205:Drivers/STM32F3xx_HAL_Driver/Src/stm32f3xx_hal_rcc.c ****   *            - HSE and PLL OFF
 206:Drivers/STM32F3xx_HAL_Driver/Src/stm32f3xx_hal_rcc.c ****   *            - AHB, APB1 and APB2 prescaler set to 1.
 207:Drivers/STM32F3xx_HAL_Driver/Src/stm32f3xx_hal_rcc.c ****   *            - CSS and MCO1 OFF
 208:Drivers/STM32F3xx_HAL_Driver/Src/stm32f3xx_hal_rcc.c ****   *            - All interrupts disabled
 209:Drivers/STM32F3xx_HAL_Driver/Src/stm32f3xx_hal_rcc.c ****   * @note   This function does not modify the configuration of the
 210:Drivers/STM32F3xx_HAL_Driver/Src/stm32f3xx_hal_rcc.c ****   *            - Peripheral clocks
 211:Drivers/STM32F3xx_HAL_Driver/Src/stm32f3xx_hal_rcc.c ****   *            - LSI, LSE and RTC clocks
 212:Drivers/STM32F3xx_HAL_Driver/Src/stm32f3xx_hal_rcc.c ****   * @retval HAL status
 213:Drivers/STM32F3xx_HAL_Driver/Src/stm32f3xx_hal_rcc.c ****   */
 214:Drivers/STM32F3xx_HAL_Driver/Src/stm32f3xx_hal_rcc.c **** HAL_StatusTypeDef HAL_RCC_DeInit(void)
 215:Drivers/STM32F3xx_HAL_Driver/Src/stm32f3xx_hal_rcc.c **** {
  30              	 .loc 1 215 1 view-0
  31              	 .cfi_startproc
  32              	 
  33              	 
 216:Drivers/STM32F3xx_HAL_Driver/Src/stm32f3xx_hal_rcc.c ****   uint32_t tickstart = 0;
  34              	 .loc 1 216 3 view .LVU1
  35              	.LVL0:
 217:Drivers/STM32F3xx_HAL_Driver/Src/stm32f3xx_hal_rcc.c **** 
 218:Drivers/STM32F3xx_HAL_Driver/Src/stm32f3xx_hal_rcc.c ****   /* Set HSION bit */
 219:Drivers/STM32F3xx_HAL_Driver/Src/stm32f3xx_hal_rcc.c ****   SET_BIT(RCC->CR, RCC_CR_HSION);
  36              	 .loc 1 219 3 view .LVU2
 215:Drivers/STM32F3xx_HAL_Driver/Src/stm32f3xx_hal_rcc.c ****   uint32_t tickstart = 0;
  37              	 .loc 1 215 1 is_stmt 0 view .LVU3
  38 0000 70B5     	 push {r4,r5,r6,lr}
  39              	 .cfi_def_cfa_offset 16
  40              	 .cfi_offset 4,-16
  41              	 .cfi_offset 5,-12
  42              	 .cfi_offset 6,-8
  43              	 .cfi_offset 14,-4
  44              	 .loc 1 219 3 view .LVU4
  45 0002 334C     	 ldr r4,.L15
  46 0004 2368     	 ldr r3,[r4]
  47 0006 43F00103 	 orr r3,r3,#1
  48 000a 2360     	 str r3,[r4]
 220:Drivers/STM32F3xx_HAL_Driver/Src/stm32f3xx_hal_rcc.c **** 
 221:Drivers/STM32F3xx_HAL_Driver/Src/stm32f3xx_hal_rcc.c ****   /* Insure HSIRDY bit is set before writing default HSITRIM value */
 222:Drivers/STM32F3xx_HAL_Driver/Src/stm32f3xx_hal_rcc.c ****   /* Get start tick */
 223:Drivers/STM32F3xx_HAL_Driver/Src/stm32f3xx_hal_rcc.c ****   tickstart = HAL_GetTick();
  49              	 .loc 1 223 3 is_stmt 1 view .LVU5
  50              	 .loc 1 223 15 is_stmt 0 view .LVU6
  51 000c FFF7FEFF 	 bl HAL_GetTick
  52              	.LVL1:
  53 0010 0546     	 mov r5,r0
  54              	.LVL2:
 224:Drivers/STM32F3xx_HAL_Driver/Src/stm32f3xx_hal_rcc.c **** 
 225:Drivers/STM32F3xx_HAL_Driver/Src/stm32f3xx_hal_rcc.c ****   /* Wait till HSI is ready */
 226:Drivers/STM32F3xx_HAL_Driver/Src/stm32f3xx_hal_rcc.c ****   while(READ_BIT(RCC->CR, RCC_CR_HSIRDY) == RESET)
  55              	 .loc 1 226 3 is_stmt 1 view .LVU7
  56              	 .loc 1 226 8 is_stmt 0 view .LVU8
  57 0012 04E0     	 b .L2
  58              	.LVL3:
  59              	.L4:
ARM GAS   			page 6


 227:Drivers/STM32F3xx_HAL_Driver/Src/stm32f3xx_hal_rcc.c ****   {
 228:Drivers/STM32F3xx_HAL_Driver/Src/stm32f3xx_hal_rcc.c ****     if((HAL_GetTick() - tickstart) > HSI_TIMEOUT_VALUE)
  60              	 .loc 1 228 9 view .LVU9
  61 0014 FFF7FEFF 	 bl HAL_GetTick
  62              	.LVL4:
  63              	 .loc 1 228 23 view .LVU10
  64 0018 401B     	 subs r0,r0,r5
  65              	 .loc 1 228 7 view .LVU11
  66 001a 0228     	 cmp r0,#2
  67 001c 28D8     	 bhi .L6
  68              	.L2:
  69              	 .loc 1 228 5 is_stmt 1 view .LVU12
 226:Drivers/STM32F3xx_HAL_Driver/Src/stm32f3xx_hal_rcc.c ****   {
  70              	 .loc 1 226 8 view .LVU13
 226:Drivers/STM32F3xx_HAL_Driver/Src/stm32f3xx_hal_rcc.c ****   {
  71              	 .loc 1 226 9 is_stmt 0 view .LVU14
  72 001e 2368     	 ldr r3,[r4]
 226:Drivers/STM32F3xx_HAL_Driver/Src/stm32f3xx_hal_rcc.c ****   {
  73              	 .loc 1 226 8 view .LVU15
  74 0020 9B07     	 lsls r3,r3,#30
  75 0022 F7D5     	 bpl .L4
 229:Drivers/STM32F3xx_HAL_Driver/Src/stm32f3xx_hal_rcc.c ****     {
 230:Drivers/STM32F3xx_HAL_Driver/Src/stm32f3xx_hal_rcc.c ****       return HAL_TIMEOUT;
 231:Drivers/STM32F3xx_HAL_Driver/Src/stm32f3xx_hal_rcc.c ****     }
 232:Drivers/STM32F3xx_HAL_Driver/Src/stm32f3xx_hal_rcc.c ****   }
 233:Drivers/STM32F3xx_HAL_Driver/Src/stm32f3xx_hal_rcc.c **** 
 234:Drivers/STM32F3xx_HAL_Driver/Src/stm32f3xx_hal_rcc.c ****   /* Set HSITRIM default value */
 235:Drivers/STM32F3xx_HAL_Driver/Src/stm32f3xx_hal_rcc.c ****   MODIFY_REG(RCC->CR, RCC_CR_HSITRIM, RCC_CR_HSITRIM_4);
  76              	 .loc 1 235 3 is_stmt 1 view .LVU16
  77 0024 2368     	 ldr r3,[r4]
 236:Drivers/STM32F3xx_HAL_Driver/Src/stm32f3xx_hal_rcc.c **** 
 237:Drivers/STM32F3xx_HAL_Driver/Src/stm32f3xx_hal_rcc.c ****   /* Reset SW[1:0], HPRE[3:0], PPRE1[2:0], PPRE2[2:0] and MCOSEL[2:0] bits */
 238:Drivers/STM32F3xx_HAL_Driver/Src/stm32f3xx_hal_rcc.c ****   CLEAR_BIT(RCC->CFGR, RCC_CFGR_SW | RCC_CFGR_HPRE | RCC_CFGR_PPRE1 | RCC_CFGR_PPRE2 | RCC_CFGR_MCO
  78              	 .loc 1 238 3 is_stmt 0 view .LVU17
  79 0026 2B4A     	 ldr r2,.L15+4
 239:Drivers/STM32F3xx_HAL_Driver/Src/stm32f3xx_hal_rcc.c **** 
 240:Drivers/STM32F3xx_HAL_Driver/Src/stm32f3xx_hal_rcc.c ****   /* Insure HSI selected as system clock source */
 241:Drivers/STM32F3xx_HAL_Driver/Src/stm32f3xx_hal_rcc.c ****   /* Get start tick */
 242:Drivers/STM32F3xx_HAL_Driver/Src/stm32f3xx_hal_rcc.c ****   tickstart = HAL_GetTick();
 243:Drivers/STM32F3xx_HAL_Driver/Src/stm32f3xx_hal_rcc.c **** 
 244:Drivers/STM32F3xx_HAL_Driver/Src/stm32f3xx_hal_rcc.c ****   /* Wait till system clock source is ready */
 245:Drivers/STM32F3xx_HAL_Driver/Src/stm32f3xx_hal_rcc.c ****   while(READ_BIT(RCC->CFGR, RCC_CFGR_SWS) != RCC_CFGR_SWS_HSI)
  80              	 .loc 1 245 9 view .LVU18
  81 0028 294D     	 ldr r5,.L15
  82              	.LVL5:
 235:Drivers/STM32F3xx_HAL_Driver/Src/stm32f3xx_hal_rcc.c **** 
  83              	 .loc 1 235 3 view .LVU19
  84 002a 23F0F803 	 bic r3,r3,#248
  85 002e 43F08003 	 orr r3,r3,#128
  86 0032 2360     	 str r3,[r4]
 238:Drivers/STM32F3xx_HAL_Driver/Src/stm32f3xx_hal_rcc.c **** 
  87              	 .loc 1 238 3 is_stmt 1 view .LVU20
  88 0034 6368     	 ldr r3,[r4,#4]
  89 0036 1A40     	 ands r2,r2,r3
  90 0038 6260     	 str r2,[r4,#4]
 242:Drivers/STM32F3xx_HAL_Driver/Src/stm32f3xx_hal_rcc.c **** 
  91              	 .loc 1 242 3 view .LVU21
ARM GAS   			page 7


 242:Drivers/STM32F3xx_HAL_Driver/Src/stm32f3xx_hal_rcc.c **** 
  92              	 .loc 1 242 15 is_stmt 0 view .LVU22
  93 003a FFF7FEFF 	 bl HAL_GetTick
  94              	.LVL6:
 246:Drivers/STM32F3xx_HAL_Driver/Src/stm32f3xx_hal_rcc.c ****   {
 247:Drivers/STM32F3xx_HAL_Driver/Src/stm32f3xx_hal_rcc.c ****     if((HAL_GetTick() - tickstart) > CLOCKSWITCH_TIMEOUT_VALUE)
  95              	 .loc 1 247 7 view .LVU23
  96 003e 41F28836 	 movw r6,#5000
 242:Drivers/STM32F3xx_HAL_Driver/Src/stm32f3xx_hal_rcc.c **** 
  97              	 .loc 1 242 15 view .LVU24
  98 0042 0446     	 mov r4,r0
  99              	.LVL7:
 245:Drivers/STM32F3xx_HAL_Driver/Src/stm32f3xx_hal_rcc.c ****   {
 100              	 .loc 1 245 3 is_stmt 1 view .LVU25
 245:Drivers/STM32F3xx_HAL_Driver/Src/stm32f3xx_hal_rcc.c ****   {
 101              	 .loc 1 245 8 is_stmt 0 view .LVU26
 102 0044 04E0     	 b .L5
 103              	.LVL8:
 104              	.L7:
 105              	 .loc 1 247 9 view .LVU27
 106 0046 FFF7FEFF 	 bl HAL_GetTick
 107              	.LVL9:
 108              	 .loc 1 247 23 view .LVU28
 109 004a 001B     	 subs r0,r0,r4
 110              	 .loc 1 247 7 view .LVU29
 111 004c B042     	 cmp r0,r6
 112 004e 0FD8     	 bhi .L6
 113              	.L5:
 114              	 .loc 1 247 5 is_stmt 1 view .LVU30
 245:Drivers/STM32F3xx_HAL_Driver/Src/stm32f3xx_hal_rcc.c ****   {
 115              	 .loc 1 245 8 view .LVU31
 245:Drivers/STM32F3xx_HAL_Driver/Src/stm32f3xx_hal_rcc.c ****   {
 116              	 .loc 1 245 9 is_stmt 0 view .LVU32
 117 0050 6B68     	 ldr r3,[r5,#4]
 245:Drivers/STM32F3xx_HAL_Driver/Src/stm32f3xx_hal_rcc.c ****   {
 118              	 .loc 1 245 8 view .LVU33
 119 0052 13F00C0F 	 tst r3,#12
 120 0056 F6D1     	 bne .L7
 248:Drivers/STM32F3xx_HAL_Driver/Src/stm32f3xx_hal_rcc.c ****     {
 249:Drivers/STM32F3xx_HAL_Driver/Src/stm32f3xx_hal_rcc.c ****       return HAL_TIMEOUT;
 250:Drivers/STM32F3xx_HAL_Driver/Src/stm32f3xx_hal_rcc.c ****     }
 251:Drivers/STM32F3xx_HAL_Driver/Src/stm32f3xx_hal_rcc.c ****   }
 252:Drivers/STM32F3xx_HAL_Driver/Src/stm32f3xx_hal_rcc.c **** 
 253:Drivers/STM32F3xx_HAL_Driver/Src/stm32f3xx_hal_rcc.c ****   /* Update the SystemCoreClock global variable for HSI as system clock source */
 254:Drivers/STM32F3xx_HAL_Driver/Src/stm32f3xx_hal_rcc.c ****   SystemCoreClock = HSI_VALUE;
 121              	 .loc 1 254 3 is_stmt 1 view .LVU34
 255:Drivers/STM32F3xx_HAL_Driver/Src/stm32f3xx_hal_rcc.c **** 
 256:Drivers/STM32F3xx_HAL_Driver/Src/stm32f3xx_hal_rcc.c ****   /* Configure the source of time base considering new system clock settings  */
 257:Drivers/STM32F3xx_HAL_Driver/Src/stm32f3xx_hal_rcc.c ****   if(HAL_InitTick(uwTickPrio) != HAL_OK)
 122              	 .loc 1 257 6 is_stmt 0 view .LVU35
 123 0058 1F49     	 ldr r1,.L15+8
 254:Drivers/STM32F3xx_HAL_Driver/Src/stm32f3xx_hal_rcc.c **** 
 124              	 .loc 1 254 19 view .LVU36
 125 005a 204B     	 ldr r3,.L15+12
 126 005c 204A     	 ldr r2,.L15+16
 127              	 .loc 1 257 6 view .LVU37
 128 005e 0868     	 ldr r0,[r1]
ARM GAS   			page 8


 254:Drivers/STM32F3xx_HAL_Driver/Src/stm32f3xx_hal_rcc.c **** 
 129              	 .loc 1 254 19 view .LVU38
 130 0060 1A60     	 str r2,[r3]
 131              	 .loc 1 257 3 is_stmt 1 view .LVU39
 132              	 .loc 1 257 6 is_stmt 0 view .LVU40
 133 0062 FFF7FEFF 	 bl HAL_InitTick
 134              	.LVL10:
 135              	 .loc 1 257 5 view .LVU41
 136 0066 0446     	 mov r4,r0
 137              	.LVL11:
 138              	 .loc 1 257 5 view .LVU42
 139 0068 28B1     	 cbz r0,.L14
 258:Drivers/STM32F3xx_HAL_Driver/Src/stm32f3xx_hal_rcc.c ****   {
 259:Drivers/STM32F3xx_HAL_Driver/Src/stm32f3xx_hal_rcc.c ****     return HAL_ERROR;
 140              	 .loc 1 259 12 view .LVU43
 141 006a 0124     	 movs r4,#1
 260:Drivers/STM32F3xx_HAL_Driver/Src/stm32f3xx_hal_rcc.c ****   }
 261:Drivers/STM32F3xx_HAL_Driver/Src/stm32f3xx_hal_rcc.c **** 
 262:Drivers/STM32F3xx_HAL_Driver/Src/stm32f3xx_hal_rcc.c ****   /* Reset HSEON, CSSON, PLLON bits */
 263:Drivers/STM32F3xx_HAL_Driver/Src/stm32f3xx_hal_rcc.c ****   CLEAR_BIT(RCC->CR, RCC_CR_PLLON | RCC_CR_CSSON | RCC_CR_HSEON);
 264:Drivers/STM32F3xx_HAL_Driver/Src/stm32f3xx_hal_rcc.c **** 
 265:Drivers/STM32F3xx_HAL_Driver/Src/stm32f3xx_hal_rcc.c ****   /* Reset HSEBYP bit */
 266:Drivers/STM32F3xx_HAL_Driver/Src/stm32f3xx_hal_rcc.c ****   CLEAR_BIT(RCC->CR, RCC_CR_HSEBYP);
 267:Drivers/STM32F3xx_HAL_Driver/Src/stm32f3xx_hal_rcc.c **** 
 268:Drivers/STM32F3xx_HAL_Driver/Src/stm32f3xx_hal_rcc.c ****   /* Insure PLLRDY is reset */
 269:Drivers/STM32F3xx_HAL_Driver/Src/stm32f3xx_hal_rcc.c ****   /* Get start tick */
 270:Drivers/STM32F3xx_HAL_Driver/Src/stm32f3xx_hal_rcc.c ****   tickstart = HAL_GetTick();
 271:Drivers/STM32F3xx_HAL_Driver/Src/stm32f3xx_hal_rcc.c ****   while(READ_BIT(RCC->CR, RCC_CR_PLLRDY) != 0U)
 272:Drivers/STM32F3xx_HAL_Driver/Src/stm32f3xx_hal_rcc.c ****   {
 273:Drivers/STM32F3xx_HAL_Driver/Src/stm32f3xx_hal_rcc.c ****     if((HAL_GetTick() - tickstart) > PLL_TIMEOUT_VALUE)
 274:Drivers/STM32F3xx_HAL_Driver/Src/stm32f3xx_hal_rcc.c ****     {
 275:Drivers/STM32F3xx_HAL_Driver/Src/stm32f3xx_hal_rcc.c ****       return HAL_TIMEOUT;
 276:Drivers/STM32F3xx_HAL_Driver/Src/stm32f3xx_hal_rcc.c ****     }
 277:Drivers/STM32F3xx_HAL_Driver/Src/stm32f3xx_hal_rcc.c ****   }
 278:Drivers/STM32F3xx_HAL_Driver/Src/stm32f3xx_hal_rcc.c **** 
 279:Drivers/STM32F3xx_HAL_Driver/Src/stm32f3xx_hal_rcc.c ****   /* Reset CFGR register */
 280:Drivers/STM32F3xx_HAL_Driver/Src/stm32f3xx_hal_rcc.c ****   CLEAR_REG(RCC->CFGR);
 281:Drivers/STM32F3xx_HAL_Driver/Src/stm32f3xx_hal_rcc.c **** 
 282:Drivers/STM32F3xx_HAL_Driver/Src/stm32f3xx_hal_rcc.c ****   /* Reset CFGR2 register */
 283:Drivers/STM32F3xx_HAL_Driver/Src/stm32f3xx_hal_rcc.c ****   CLEAR_REG(RCC->CFGR2);
 284:Drivers/STM32F3xx_HAL_Driver/Src/stm32f3xx_hal_rcc.c **** 
 285:Drivers/STM32F3xx_HAL_Driver/Src/stm32f3xx_hal_rcc.c ****   /* Reset CFGR3 register */
 286:Drivers/STM32F3xx_HAL_Driver/Src/stm32f3xx_hal_rcc.c ****   CLEAR_REG(RCC->CFGR3);
 287:Drivers/STM32F3xx_HAL_Driver/Src/stm32f3xx_hal_rcc.c **** 
 288:Drivers/STM32F3xx_HAL_Driver/Src/stm32f3xx_hal_rcc.c ****   /* Clear all interrupt flags */
 289:Drivers/STM32F3xx_HAL_Driver/Src/stm32f3xx_hal_rcc.c ****   SET_BIT(RCC->CIR, RCC_CIR_LSIRDYC | RCC_CIR_LSERDYC | RCC_CIR_HSIRDYC | RCC_CIR_HSERDYC | RCC_CIR
 290:Drivers/STM32F3xx_HAL_Driver/Src/stm32f3xx_hal_rcc.c **** 
 291:Drivers/STM32F3xx_HAL_Driver/Src/stm32f3xx_hal_rcc.c ****   /* Disable all interrupts */
 292:Drivers/STM32F3xx_HAL_Driver/Src/stm32f3xx_hal_rcc.c ****   CLEAR_REG(RCC->CIR);
 293:Drivers/STM32F3xx_HAL_Driver/Src/stm32f3xx_hal_rcc.c **** 
 294:Drivers/STM32F3xx_HAL_Driver/Src/stm32f3xx_hal_rcc.c ****   /* Reset all CSR flags */
 295:Drivers/STM32F3xx_HAL_Driver/Src/stm32f3xx_hal_rcc.c ****   __HAL_RCC_CLEAR_RESET_FLAGS();
 296:Drivers/STM32F3xx_HAL_Driver/Src/stm32f3xx_hal_rcc.c **** 
 297:Drivers/STM32F3xx_HAL_Driver/Src/stm32f3xx_hal_rcc.c ****   return HAL_OK;
 298:Drivers/STM32F3xx_HAL_Driver/Src/stm32f3xx_hal_rcc.c **** }
 142              	 .loc 1 298 1 view .LVU44
 143 006c 2046     	 mov r0,r4
ARM GAS   			page 9


 144 006e 70BD     	 pop {r4,r5,r6,pc}
 145              	.L6:
 230:Drivers/STM32F3xx_HAL_Driver/Src/stm32f3xx_hal_rcc.c ****     }
 146              	 .loc 1 230 14 view .LVU45
 147 0070 0324     	 movs r4,#3
 148              	.L3:
 149              	 .loc 1 298 1 view .LVU46
 150 0072 2046     	 mov r0,r4
 151 0074 70BD     	 pop {r4,r5,r6,pc}
 152              	.L14:
 263:Drivers/STM32F3xx_HAL_Driver/Src/stm32f3xx_hal_rcc.c **** 
 153              	 .loc 1 263 3 is_stmt 1 view .LVU47
 154 0076 2B68     	 ldr r3,[r5]
 271:Drivers/STM32F3xx_HAL_Driver/Src/stm32f3xx_hal_rcc.c ****   {
 155              	 .loc 1 271 9 is_stmt 0 view .LVU48
 156 0078 154E     	 ldr r6,.L15
 263:Drivers/STM32F3xx_HAL_Driver/Src/stm32f3xx_hal_rcc.c **** 
 157              	 .loc 1 263 3 view .LVU49
 158 007a 23F08473 	 bic r3,r3,#17301504
 159 007e 23F48033 	 bic r3,r3,#65536
 160 0082 2B60     	 str r3,[r5]
 266:Drivers/STM32F3xx_HAL_Driver/Src/stm32f3xx_hal_rcc.c **** 
 161              	 .loc 1 266 3 is_stmt 1 view .LVU50
 162 0084 2B68     	 ldr r3,[r5]
 163 0086 23F48023 	 bic r3,r3,#262144
 164 008a 2B60     	 str r3,[r5]
 270:Drivers/STM32F3xx_HAL_Driver/Src/stm32f3xx_hal_rcc.c ****   while(READ_BIT(RCC->CR, RCC_CR_PLLRDY) != 0U)
 165              	 .loc 1 270 3 view .LVU51
 270:Drivers/STM32F3xx_HAL_Driver/Src/stm32f3xx_hal_rcc.c ****   while(READ_BIT(RCC->CR, RCC_CR_PLLRDY) != 0U)
 166              	 .loc 1 270 15 is_stmt 0 view .LVU52
 167 008c FFF7FEFF 	 bl HAL_GetTick
 168              	.LVL12:
 169 0090 0546     	 mov r5,r0
 170              	.LVL13:
 271:Drivers/STM32F3xx_HAL_Driver/Src/stm32f3xx_hal_rcc.c ****   {
 171              	 .loc 1 271 3 is_stmt 1 view .LVU53
 271:Drivers/STM32F3xx_HAL_Driver/Src/stm32f3xx_hal_rcc.c ****   {
 172              	 .loc 1 271 8 is_stmt 0 view .LVU54
 173 0092 04E0     	 b .L8
 174              	.LVL14:
 175              	.L9:
 273:Drivers/STM32F3xx_HAL_Driver/Src/stm32f3xx_hal_rcc.c ****     {
 176              	 .loc 1 273 9 view .LVU55
 177 0094 FFF7FEFF 	 bl HAL_GetTick
 178              	.LVL15:
 273:Drivers/STM32F3xx_HAL_Driver/Src/stm32f3xx_hal_rcc.c ****     {
 179              	 .loc 1 273 23 view .LVU56
 180 0098 431B     	 subs r3,r0,r5
 273:Drivers/STM32F3xx_HAL_Driver/Src/stm32f3xx_hal_rcc.c ****     {
 181              	 .loc 1 273 7 view .LVU57
 182 009a 022B     	 cmp r3,#2
 183 009c E8D8     	 bhi .L6
 184              	.L8:
 273:Drivers/STM32F3xx_HAL_Driver/Src/stm32f3xx_hal_rcc.c ****     {
 185              	 .loc 1 273 5 is_stmt 1 view .LVU58
 271:Drivers/STM32F3xx_HAL_Driver/Src/stm32f3xx_hal_rcc.c ****   {
 186              	 .loc 1 271 8 view .LVU59
ARM GAS   			page 10


 271:Drivers/STM32F3xx_HAL_Driver/Src/stm32f3xx_hal_rcc.c ****   {
 187              	 .loc 1 271 9 is_stmt 0 view .LVU60
 188 009e 3368     	 ldr r3,[r6]
 271:Drivers/STM32F3xx_HAL_Driver/Src/stm32f3xx_hal_rcc.c ****   {
 189              	 .loc 1 271 8 view .LVU61
 190 00a0 13F00073 	 ands r3,r3,#33554432
 191 00a4 F6D1     	 bne .L9
 280:Drivers/STM32F3xx_HAL_Driver/Src/stm32f3xx_hal_rcc.c **** 
 192              	 .loc 1 280 3 is_stmt 1 view .LVU62
 193 00a6 7360     	 str r3,[r6,#4]
 283:Drivers/STM32F3xx_HAL_Driver/Src/stm32f3xx_hal_rcc.c **** 
 194              	 .loc 1 283 3 view .LVU63
 195 00a8 F362     	 str r3,[r6,#44]
 286:Drivers/STM32F3xx_HAL_Driver/Src/stm32f3xx_hal_rcc.c **** 
 196              	 .loc 1 286 3 view .LVU64
 197 00aa 3363     	 str r3,[r6,#48]
 289:Drivers/STM32F3xx_HAL_Driver/Src/stm32f3xx_hal_rcc.c **** 
 198              	 .loc 1 289 3 view .LVU65
 199 00ac B168     	 ldr r1,[r6,#8]
 200 00ae 41F41F01 	 orr r1,r1,#10420224
 201 00b2 B160     	 str r1,[r6,#8]
 292:Drivers/STM32F3xx_HAL_Driver/Src/stm32f3xx_hal_rcc.c **** 
 202              	 .loc 1 292 3 view .LVU66
 203              	.LBB176:
 204              	.LBB177:
 205              	 .file 2 "Drivers/CMSIS/Include/cmsis_gcc.h"
   1:Drivers/CMSIS/Include/cmsis_gcc.h **** /**************************************************************************//**
   2:Drivers/CMSIS/Include/cmsis_gcc.h ****  * @file     cmsis_gcc.h
   3:Drivers/CMSIS/Include/cmsis_gcc.h ****  * @brief    CMSIS compiler GCC header file
   4:Drivers/CMSIS/Include/cmsis_gcc.h ****  * @version  V5.0.4
   5:Drivers/CMSIS/Include/cmsis_gcc.h ****  * @date     09. April 2018
   6:Drivers/CMSIS/Include/cmsis_gcc.h ****  ******************************************************************************/
   7:Drivers/CMSIS/Include/cmsis_gcc.h **** /*
   8:Drivers/CMSIS/Include/cmsis_gcc.h ****  * Copyright (c) 2009-2018 Arm Limited. All rights reserved.
   9:Drivers/CMSIS/Include/cmsis_gcc.h ****  *
  10:Drivers/CMSIS/Include/cmsis_gcc.h ****  * SPDX-License-Identifier: Apache-2.0
  11:Drivers/CMSIS/Include/cmsis_gcc.h ****  *
  12:Drivers/CMSIS/Include/cmsis_gcc.h ****  * Licensed under the Apache License, Version 2.0 (the License); you may
  13:Drivers/CMSIS/Include/cmsis_gcc.h ****  * not use this file except in compliance with the License.
  14:Drivers/CMSIS/Include/cmsis_gcc.h ****  * You may obtain a copy of the License at
  15:Drivers/CMSIS/Include/cmsis_gcc.h ****  *
  16:Drivers/CMSIS/Include/cmsis_gcc.h ****  * www.apache.org/licenses/LICENSE-2.0
  17:Drivers/CMSIS/Include/cmsis_gcc.h ****  *
  18:Drivers/CMSIS/Include/cmsis_gcc.h ****  * Unless required by applicable law or agreed to in writing, software
  19:Drivers/CMSIS/Include/cmsis_gcc.h ****  * distributed under the License is distributed on an AS IS BASIS, WITHOUT
  20:Drivers/CMSIS/Include/cmsis_gcc.h ****  * WARRANTIES OR CONDITIONS OF ANY KIND, either express or implied.
  21:Drivers/CMSIS/Include/cmsis_gcc.h ****  * See the License for the specific language governing permissions and
  22:Drivers/CMSIS/Include/cmsis_gcc.h ****  * limitations under the License.
  23:Drivers/CMSIS/Include/cmsis_gcc.h ****  */
  24:Drivers/CMSIS/Include/cmsis_gcc.h **** 
  25:Drivers/CMSIS/Include/cmsis_gcc.h **** #ifndef __CMSIS_GCC_H
  26:Drivers/CMSIS/Include/cmsis_gcc.h **** #define __CMSIS_GCC_H
  27:Drivers/CMSIS/Include/cmsis_gcc.h **** 
  28:Drivers/CMSIS/Include/cmsis_gcc.h **** /* ignore some GCC warnings */
  29:Drivers/CMSIS/Include/cmsis_gcc.h **** #pragma GCC diagnostic push
  30:Drivers/CMSIS/Include/cmsis_gcc.h **** #pragma GCC diagnostic ignored "-Wsign-conversion"
  31:Drivers/CMSIS/Include/cmsis_gcc.h **** #pragma GCC diagnostic ignored "-Wconversion"
ARM GAS   			page 11


  32:Drivers/CMSIS/Include/cmsis_gcc.h **** #pragma GCC diagnostic ignored "-Wunused-parameter"
  33:Drivers/CMSIS/Include/cmsis_gcc.h **** 
  34:Drivers/CMSIS/Include/cmsis_gcc.h **** /* Fallback for __has_builtin */
  35:Drivers/CMSIS/Include/cmsis_gcc.h **** #ifndef __has_builtin
  36:Drivers/CMSIS/Include/cmsis_gcc.h ****   #define __has_builtin(x) (0)
  37:Drivers/CMSIS/Include/cmsis_gcc.h **** #endif
  38:Drivers/CMSIS/Include/cmsis_gcc.h **** 
  39:Drivers/CMSIS/Include/cmsis_gcc.h **** /* CMSIS compiler specific defines */
  40:Drivers/CMSIS/Include/cmsis_gcc.h **** #ifndef   __ASM
  41:Drivers/CMSIS/Include/cmsis_gcc.h ****   #define __ASM                                  __asm
  42:Drivers/CMSIS/Include/cmsis_gcc.h **** #endif
  43:Drivers/CMSIS/Include/cmsis_gcc.h **** #ifndef   __INLINE
  44:Drivers/CMSIS/Include/cmsis_gcc.h ****   #define __INLINE                               inline
  45:Drivers/CMSIS/Include/cmsis_gcc.h **** #endif
  46:Drivers/CMSIS/Include/cmsis_gcc.h **** #ifndef   __STATIC_INLINE
  47:Drivers/CMSIS/Include/cmsis_gcc.h ****   #define __STATIC_INLINE                        static inline
  48:Drivers/CMSIS/Include/cmsis_gcc.h **** #endif
  49:Drivers/CMSIS/Include/cmsis_gcc.h **** #ifndef   __STATIC_FORCEINLINE                 
  50:Drivers/CMSIS/Include/cmsis_gcc.h ****   #define __STATIC_FORCEINLINE                   __attribute__((always_inline)) static inline
  51:Drivers/CMSIS/Include/cmsis_gcc.h **** #endif                                           
  52:Drivers/CMSIS/Include/cmsis_gcc.h **** #ifndef   __NO_RETURN
  53:Drivers/CMSIS/Include/cmsis_gcc.h ****   #define __NO_RETURN                            __attribute__((__noreturn__))
  54:Drivers/CMSIS/Include/cmsis_gcc.h **** #endif
  55:Drivers/CMSIS/Include/cmsis_gcc.h **** #ifndef   __USED
  56:Drivers/CMSIS/Include/cmsis_gcc.h ****   #define __USED                                 __attribute__((used))
  57:Drivers/CMSIS/Include/cmsis_gcc.h **** #endif
  58:Drivers/CMSIS/Include/cmsis_gcc.h **** #ifndef   __WEAK
  59:Drivers/CMSIS/Include/cmsis_gcc.h ****   #define __WEAK                                 __attribute__((weak))
  60:Drivers/CMSIS/Include/cmsis_gcc.h **** #endif
  61:Drivers/CMSIS/Include/cmsis_gcc.h **** #ifndef   __PACKED
  62:Drivers/CMSIS/Include/cmsis_gcc.h ****   #define __PACKED                               __attribute__((packed, aligned(1)))
  63:Drivers/CMSIS/Include/cmsis_gcc.h **** #endif
  64:Drivers/CMSIS/Include/cmsis_gcc.h **** #ifndef   __PACKED_STRUCT
  65:Drivers/CMSIS/Include/cmsis_gcc.h ****   #define __PACKED_STRUCT                        struct __attribute__((packed, aligned(1)))
  66:Drivers/CMSIS/Include/cmsis_gcc.h **** #endif
  67:Drivers/CMSIS/Include/cmsis_gcc.h **** #ifndef   __PACKED_UNION
  68:Drivers/CMSIS/Include/cmsis_gcc.h ****   #define __PACKED_UNION                         union __attribute__((packed, aligned(1)))
  69:Drivers/CMSIS/Include/cmsis_gcc.h **** #endif
  70:Drivers/CMSIS/Include/cmsis_gcc.h **** #ifndef   __UNALIGNED_UINT32        /* deprecated */
  71:Drivers/CMSIS/Include/cmsis_gcc.h ****   #pragma GCC diagnostic push
  72:Drivers/CMSIS/Include/cmsis_gcc.h ****   #pragma GCC diagnostic ignored "-Wpacked"
  73:Drivers/CMSIS/Include/cmsis_gcc.h ****   #pragma GCC diagnostic ignored "-Wattributes"
  74:Drivers/CMSIS/Include/cmsis_gcc.h ****   struct __attribute__((packed)) T_UINT32 { uint32_t v; };
  75:Drivers/CMSIS/Include/cmsis_gcc.h ****   #pragma GCC diagnostic pop
  76:Drivers/CMSIS/Include/cmsis_gcc.h ****   #define __UNALIGNED_UINT32(x)                  (((struct T_UINT32 *)(x))->v)
  77:Drivers/CMSIS/Include/cmsis_gcc.h **** #endif
  78:Drivers/CMSIS/Include/cmsis_gcc.h **** #ifndef   __UNALIGNED_UINT16_WRITE
  79:Drivers/CMSIS/Include/cmsis_gcc.h ****   #pragma GCC diagnostic push
  80:Drivers/CMSIS/Include/cmsis_gcc.h ****   #pragma GCC diagnostic ignored "-Wpacked"
  81:Drivers/CMSIS/Include/cmsis_gcc.h ****   #pragma GCC diagnostic ignored "-Wattributes"
  82:Drivers/CMSIS/Include/cmsis_gcc.h ****   __PACKED_STRUCT T_UINT16_WRITE { uint16_t v; };
  83:Drivers/CMSIS/Include/cmsis_gcc.h ****   #pragma GCC diagnostic pop
  84:Drivers/CMSIS/Include/cmsis_gcc.h ****   #define __UNALIGNED_UINT16_WRITE(addr, val)    (void)((((struct T_UINT16_WRITE *)(void *)(addr))-
  85:Drivers/CMSIS/Include/cmsis_gcc.h **** #endif
  86:Drivers/CMSIS/Include/cmsis_gcc.h **** #ifndef   __UNALIGNED_UINT16_READ
  87:Drivers/CMSIS/Include/cmsis_gcc.h ****   #pragma GCC diagnostic push
  88:Drivers/CMSIS/Include/cmsis_gcc.h ****   #pragma GCC diagnostic ignored "-Wpacked"
ARM GAS   			page 12


  89:Drivers/CMSIS/Include/cmsis_gcc.h ****   #pragma GCC diagnostic ignored "-Wattributes"
  90:Drivers/CMSIS/Include/cmsis_gcc.h ****   __PACKED_STRUCT T_UINT16_READ { uint16_t v; };
  91:Drivers/CMSIS/Include/cmsis_gcc.h ****   #pragma GCC diagnostic pop
  92:Drivers/CMSIS/Include/cmsis_gcc.h ****   #define __UNALIGNED_UINT16_READ(addr)          (((const struct T_UINT16_READ *)(const void *)(add
  93:Drivers/CMSIS/Include/cmsis_gcc.h **** #endif
  94:Drivers/CMSIS/Include/cmsis_gcc.h **** #ifndef   __UNALIGNED_UINT32_WRITE
  95:Drivers/CMSIS/Include/cmsis_gcc.h ****   #pragma GCC diagnostic push
  96:Drivers/CMSIS/Include/cmsis_gcc.h ****   #pragma GCC diagnostic ignored "-Wpacked"
  97:Drivers/CMSIS/Include/cmsis_gcc.h ****   #pragma GCC diagnostic ignored "-Wattributes"
  98:Drivers/CMSIS/Include/cmsis_gcc.h ****   __PACKED_STRUCT T_UINT32_WRITE { uint32_t v; };
  99:Drivers/CMSIS/Include/cmsis_gcc.h ****   #pragma GCC diagnostic pop
 100:Drivers/CMSIS/Include/cmsis_gcc.h ****   #define __UNALIGNED_UINT32_WRITE(addr, val)    (void)((((struct T_UINT32_WRITE *)(void *)(addr))-
 101:Drivers/CMSIS/Include/cmsis_gcc.h **** #endif
 102:Drivers/CMSIS/Include/cmsis_gcc.h **** #ifndef   __UNALIGNED_UINT32_READ
 103:Drivers/CMSIS/Include/cmsis_gcc.h ****   #pragma GCC diagnostic push
 104:Drivers/CMSIS/Include/cmsis_gcc.h ****   #pragma GCC diagnostic ignored "-Wpacked"
 105:Drivers/CMSIS/Include/cmsis_gcc.h ****   #pragma GCC diagnostic ignored "-Wattributes"
 106:Drivers/CMSIS/Include/cmsis_gcc.h ****   __PACKED_STRUCT T_UINT32_READ { uint32_t v; };
 107:Drivers/CMSIS/Include/cmsis_gcc.h ****   #pragma GCC diagnostic pop
 108:Drivers/CMSIS/Include/cmsis_gcc.h ****   #define __UNALIGNED_UINT32_READ(addr)          (((const struct T_UINT32_READ *)(const void *)(add
 109:Drivers/CMSIS/Include/cmsis_gcc.h **** #endif
 110:Drivers/CMSIS/Include/cmsis_gcc.h **** #ifndef   __ALIGNED
 111:Drivers/CMSIS/Include/cmsis_gcc.h ****   #define __ALIGNED(x)                           __attribute__((aligned(x)))
 112:Drivers/CMSIS/Include/cmsis_gcc.h **** #endif
 113:Drivers/CMSIS/Include/cmsis_gcc.h **** #ifndef   __RESTRICT
 114:Drivers/CMSIS/Include/cmsis_gcc.h ****   #define __RESTRICT                             __restrict
 115:Drivers/CMSIS/Include/cmsis_gcc.h **** #endif
 116:Drivers/CMSIS/Include/cmsis_gcc.h **** 
 117:Drivers/CMSIS/Include/cmsis_gcc.h **** 
 118:Drivers/CMSIS/Include/cmsis_gcc.h **** /* ###########################  Core Function Access  ########################### */
 119:Drivers/CMSIS/Include/cmsis_gcc.h **** /** \ingroup  CMSIS_Core_FunctionInterface
 120:Drivers/CMSIS/Include/cmsis_gcc.h ****     \defgroup CMSIS_Core_RegAccFunctions CMSIS Core Register Access Functions
 121:Drivers/CMSIS/Include/cmsis_gcc.h ****   @{
 122:Drivers/CMSIS/Include/cmsis_gcc.h ****  */
 123:Drivers/CMSIS/Include/cmsis_gcc.h **** 
 124:Drivers/CMSIS/Include/cmsis_gcc.h **** /**
 125:Drivers/CMSIS/Include/cmsis_gcc.h ****   \brief   Enable IRQ Interrupts
 126:Drivers/CMSIS/Include/cmsis_gcc.h ****   \details Enables IRQ interrupts by clearing the I-bit in the CPSR.
 127:Drivers/CMSIS/Include/cmsis_gcc.h ****            Can only be executed in Privileged modes.
 128:Drivers/CMSIS/Include/cmsis_gcc.h ****  */
 129:Drivers/CMSIS/Include/cmsis_gcc.h **** __STATIC_FORCEINLINE void __enable_irq(void)
 130:Drivers/CMSIS/Include/cmsis_gcc.h **** {
 131:Drivers/CMSIS/Include/cmsis_gcc.h ****   __ASM volatile ("cpsie i" : : : "memory");
 132:Drivers/CMSIS/Include/cmsis_gcc.h **** }
 133:Drivers/CMSIS/Include/cmsis_gcc.h **** 
 134:Drivers/CMSIS/Include/cmsis_gcc.h **** 
 135:Drivers/CMSIS/Include/cmsis_gcc.h **** /**
 136:Drivers/CMSIS/Include/cmsis_gcc.h ****   \brief   Disable IRQ Interrupts
 137:Drivers/CMSIS/Include/cmsis_gcc.h ****   \details Disables IRQ interrupts by setting the I-bit in the CPSR.
 138:Drivers/CMSIS/Include/cmsis_gcc.h ****            Can only be executed in Privileged modes.
 139:Drivers/CMSIS/Include/cmsis_gcc.h ****  */
 140:Drivers/CMSIS/Include/cmsis_gcc.h **** __STATIC_FORCEINLINE void __disable_irq(void)
 141:Drivers/CMSIS/Include/cmsis_gcc.h **** {
 142:Drivers/CMSIS/Include/cmsis_gcc.h ****   __ASM volatile ("cpsid i" : : : "memory");
 143:Drivers/CMSIS/Include/cmsis_gcc.h **** }
 144:Drivers/CMSIS/Include/cmsis_gcc.h **** 
 145:Drivers/CMSIS/Include/cmsis_gcc.h **** 
ARM GAS   			page 13


 146:Drivers/CMSIS/Include/cmsis_gcc.h **** /**
 147:Drivers/CMSIS/Include/cmsis_gcc.h ****   \brief   Get Control Register
 148:Drivers/CMSIS/Include/cmsis_gcc.h ****   \details Returns the content of the Control Register.
 149:Drivers/CMSIS/Include/cmsis_gcc.h ****   \return               Control Register value
 150:Drivers/CMSIS/Include/cmsis_gcc.h ****  */
 151:Drivers/CMSIS/Include/cmsis_gcc.h **** __STATIC_FORCEINLINE uint32_t __get_CONTROL(void)
 152:Drivers/CMSIS/Include/cmsis_gcc.h **** {
 153:Drivers/CMSIS/Include/cmsis_gcc.h ****   uint32_t result;
 154:Drivers/CMSIS/Include/cmsis_gcc.h **** 
 155:Drivers/CMSIS/Include/cmsis_gcc.h ****   __ASM volatile ("MRS %0, control" : "=r" (result) );
 156:Drivers/CMSIS/Include/cmsis_gcc.h ****   return(result);
 157:Drivers/CMSIS/Include/cmsis_gcc.h **** }
 158:Drivers/CMSIS/Include/cmsis_gcc.h **** 
 159:Drivers/CMSIS/Include/cmsis_gcc.h **** 
 160:Drivers/CMSIS/Include/cmsis_gcc.h **** #if (defined (__ARM_FEATURE_CMSE ) && (__ARM_FEATURE_CMSE == 3))
 161:Drivers/CMSIS/Include/cmsis_gcc.h **** /**
 162:Drivers/CMSIS/Include/cmsis_gcc.h ****   \brief   Get Control Register (non-secure)
 163:Drivers/CMSIS/Include/cmsis_gcc.h ****   \details Returns the content of the non-secure Control Register when in secure mode.
 164:Drivers/CMSIS/Include/cmsis_gcc.h ****   \return               non-secure Control Register value
 165:Drivers/CMSIS/Include/cmsis_gcc.h ****  */
 166:Drivers/CMSIS/Include/cmsis_gcc.h **** __STATIC_FORCEINLINE uint32_t __TZ_get_CONTROL_NS(void)
 167:Drivers/CMSIS/Include/cmsis_gcc.h **** {
 168:Drivers/CMSIS/Include/cmsis_gcc.h ****   uint32_t result;
 169:Drivers/CMSIS/Include/cmsis_gcc.h **** 
 170:Drivers/CMSIS/Include/cmsis_gcc.h ****   __ASM volatile ("MRS %0, control_ns" : "=r" (result) );
 171:Drivers/CMSIS/Include/cmsis_gcc.h ****   return(result);
 172:Drivers/CMSIS/Include/cmsis_gcc.h **** }
 173:Drivers/CMSIS/Include/cmsis_gcc.h **** #endif
 174:Drivers/CMSIS/Include/cmsis_gcc.h **** 
 175:Drivers/CMSIS/Include/cmsis_gcc.h **** 
 176:Drivers/CMSIS/Include/cmsis_gcc.h **** /**
 177:Drivers/CMSIS/Include/cmsis_gcc.h ****   \brief   Set Control Register
 178:Drivers/CMSIS/Include/cmsis_gcc.h ****   \details Writes the given value to the Control Register.
 179:Drivers/CMSIS/Include/cmsis_gcc.h ****   \param [in]    control  Control Register value to set
 180:Drivers/CMSIS/Include/cmsis_gcc.h ****  */
 181:Drivers/CMSIS/Include/cmsis_gcc.h **** __STATIC_FORCEINLINE void __set_CONTROL(uint32_t control)
 182:Drivers/CMSIS/Include/cmsis_gcc.h **** {
 183:Drivers/CMSIS/Include/cmsis_gcc.h ****   __ASM volatile ("MSR control, %0" : : "r" (control) : "memory");
 184:Drivers/CMSIS/Include/cmsis_gcc.h **** }
 185:Drivers/CMSIS/Include/cmsis_gcc.h **** 
 186:Drivers/CMSIS/Include/cmsis_gcc.h **** 
 187:Drivers/CMSIS/Include/cmsis_gcc.h **** #if (defined (__ARM_FEATURE_CMSE ) && (__ARM_FEATURE_CMSE == 3))
 188:Drivers/CMSIS/Include/cmsis_gcc.h **** /**
 189:Drivers/CMSIS/Include/cmsis_gcc.h ****   \brief   Set Control Register (non-secure)
 190:Drivers/CMSIS/Include/cmsis_gcc.h ****   \details Writes the given value to the non-secure Control Register when in secure state.
 191:Drivers/CMSIS/Include/cmsis_gcc.h ****   \param [in]    control  Control Register value to set
 192:Drivers/CMSIS/Include/cmsis_gcc.h ****  */
 193:Drivers/CMSIS/Include/cmsis_gcc.h **** __STATIC_FORCEINLINE void __TZ_set_CONTROL_NS(uint32_t control)
 194:Drivers/CMSIS/Include/cmsis_gcc.h **** {
 195:Drivers/CMSIS/Include/cmsis_gcc.h ****   __ASM volatile ("MSR control_ns, %0" : : "r" (control) : "memory");
 196:Drivers/CMSIS/Include/cmsis_gcc.h **** }
 197:Drivers/CMSIS/Include/cmsis_gcc.h **** #endif
 198:Drivers/CMSIS/Include/cmsis_gcc.h **** 
 199:Drivers/CMSIS/Include/cmsis_gcc.h **** 
 200:Drivers/CMSIS/Include/cmsis_gcc.h **** /**
 201:Drivers/CMSIS/Include/cmsis_gcc.h ****   \brief   Get IPSR Register
 202:Drivers/CMSIS/Include/cmsis_gcc.h ****   \details Returns the content of the IPSR Register.
ARM GAS   			page 14


 203:Drivers/CMSIS/Include/cmsis_gcc.h ****   \return               IPSR Register value
 204:Drivers/CMSIS/Include/cmsis_gcc.h ****  */
 205:Drivers/CMSIS/Include/cmsis_gcc.h **** __STATIC_FORCEINLINE uint32_t __get_IPSR(void)
 206:Drivers/CMSIS/Include/cmsis_gcc.h **** {
 207:Drivers/CMSIS/Include/cmsis_gcc.h ****   uint32_t result;
 208:Drivers/CMSIS/Include/cmsis_gcc.h **** 
 209:Drivers/CMSIS/Include/cmsis_gcc.h ****   __ASM volatile ("MRS %0, ipsr" : "=r" (result) );
 210:Drivers/CMSIS/Include/cmsis_gcc.h ****   return(result);
 211:Drivers/CMSIS/Include/cmsis_gcc.h **** }
 212:Drivers/CMSIS/Include/cmsis_gcc.h **** 
 213:Drivers/CMSIS/Include/cmsis_gcc.h **** 
 214:Drivers/CMSIS/Include/cmsis_gcc.h **** /**
 215:Drivers/CMSIS/Include/cmsis_gcc.h ****   \brief   Get APSR Register
 216:Drivers/CMSIS/Include/cmsis_gcc.h ****   \details Returns the content of the APSR Register.
 217:Drivers/CMSIS/Include/cmsis_gcc.h ****   \return               APSR Register value
 218:Drivers/CMSIS/Include/cmsis_gcc.h ****  */
 219:Drivers/CMSIS/Include/cmsis_gcc.h **** __STATIC_FORCEINLINE uint32_t __get_APSR(void)
 220:Drivers/CMSIS/Include/cmsis_gcc.h **** {
 221:Drivers/CMSIS/Include/cmsis_gcc.h ****   uint32_t result;
 222:Drivers/CMSIS/Include/cmsis_gcc.h **** 
 223:Drivers/CMSIS/Include/cmsis_gcc.h ****   __ASM volatile ("MRS %0, apsr" : "=r" (result) );
 224:Drivers/CMSIS/Include/cmsis_gcc.h ****   return(result);
 225:Drivers/CMSIS/Include/cmsis_gcc.h **** }
 226:Drivers/CMSIS/Include/cmsis_gcc.h **** 
 227:Drivers/CMSIS/Include/cmsis_gcc.h **** 
 228:Drivers/CMSIS/Include/cmsis_gcc.h **** /**
 229:Drivers/CMSIS/Include/cmsis_gcc.h ****   \brief   Get xPSR Register
 230:Drivers/CMSIS/Include/cmsis_gcc.h ****   \details Returns the content of the xPSR Register.
 231:Drivers/CMSIS/Include/cmsis_gcc.h ****   \return               xPSR Register value
 232:Drivers/CMSIS/Include/cmsis_gcc.h ****  */
 233:Drivers/CMSIS/Include/cmsis_gcc.h **** __STATIC_FORCEINLINE uint32_t __get_xPSR(void)
 234:Drivers/CMSIS/Include/cmsis_gcc.h **** {
 235:Drivers/CMSIS/Include/cmsis_gcc.h ****   uint32_t result;
 236:Drivers/CMSIS/Include/cmsis_gcc.h **** 
 237:Drivers/CMSIS/Include/cmsis_gcc.h ****   __ASM volatile ("MRS %0, xpsr" : "=r" (result) );
 238:Drivers/CMSIS/Include/cmsis_gcc.h ****   return(result);
 239:Drivers/CMSIS/Include/cmsis_gcc.h **** }
 240:Drivers/CMSIS/Include/cmsis_gcc.h **** 
 241:Drivers/CMSIS/Include/cmsis_gcc.h **** 
 242:Drivers/CMSIS/Include/cmsis_gcc.h **** /**
 243:Drivers/CMSIS/Include/cmsis_gcc.h ****   \brief   Get Process Stack Pointer
 244:Drivers/CMSIS/Include/cmsis_gcc.h ****   \details Returns the current value of the Process Stack Pointer (PSP).
 245:Drivers/CMSIS/Include/cmsis_gcc.h ****   \return               PSP Register value
 246:Drivers/CMSIS/Include/cmsis_gcc.h ****  */
 247:Drivers/CMSIS/Include/cmsis_gcc.h **** __STATIC_FORCEINLINE uint32_t __get_PSP(void)
 248:Drivers/CMSIS/Include/cmsis_gcc.h **** {
 249:Drivers/CMSIS/Include/cmsis_gcc.h ****   uint32_t result;
 250:Drivers/CMSIS/Include/cmsis_gcc.h **** 
 251:Drivers/CMSIS/Include/cmsis_gcc.h ****   __ASM volatile ("MRS %0, psp"  : "=r" (result) );
 252:Drivers/CMSIS/Include/cmsis_gcc.h ****   return(result);
 253:Drivers/CMSIS/Include/cmsis_gcc.h **** }
 254:Drivers/CMSIS/Include/cmsis_gcc.h **** 
 255:Drivers/CMSIS/Include/cmsis_gcc.h **** 
 256:Drivers/CMSIS/Include/cmsis_gcc.h **** #if (defined (__ARM_FEATURE_CMSE ) && (__ARM_FEATURE_CMSE == 3))
 257:Drivers/CMSIS/Include/cmsis_gcc.h **** /**
 258:Drivers/CMSIS/Include/cmsis_gcc.h ****   \brief   Get Process Stack Pointer (non-secure)
 259:Drivers/CMSIS/Include/cmsis_gcc.h ****   \details Returns the current value of the non-secure Process Stack Pointer (PSP) when in secure s
ARM GAS   			page 15


 260:Drivers/CMSIS/Include/cmsis_gcc.h ****   \return               PSP Register value
 261:Drivers/CMSIS/Include/cmsis_gcc.h ****  */
 262:Drivers/CMSIS/Include/cmsis_gcc.h **** __STATIC_FORCEINLINE uint32_t __TZ_get_PSP_NS(void)
 263:Drivers/CMSIS/Include/cmsis_gcc.h **** {
 264:Drivers/CMSIS/Include/cmsis_gcc.h ****   uint32_t result;
 265:Drivers/CMSIS/Include/cmsis_gcc.h **** 
 266:Drivers/CMSIS/Include/cmsis_gcc.h ****   __ASM volatile ("MRS %0, psp_ns"  : "=r" (result) );
 267:Drivers/CMSIS/Include/cmsis_gcc.h ****   return(result);
 268:Drivers/CMSIS/Include/cmsis_gcc.h **** }
 269:Drivers/CMSIS/Include/cmsis_gcc.h **** #endif
 270:Drivers/CMSIS/Include/cmsis_gcc.h **** 
 271:Drivers/CMSIS/Include/cmsis_gcc.h **** 
 272:Drivers/CMSIS/Include/cmsis_gcc.h **** /**
 273:Drivers/CMSIS/Include/cmsis_gcc.h ****   \brief   Set Process Stack Pointer
 274:Drivers/CMSIS/Include/cmsis_gcc.h ****   \details Assigns the given value to the Process Stack Pointer (PSP).
 275:Drivers/CMSIS/Include/cmsis_gcc.h ****   \param [in]    topOfProcStack  Process Stack Pointer value to set
 276:Drivers/CMSIS/Include/cmsis_gcc.h ****  */
 277:Drivers/CMSIS/Include/cmsis_gcc.h **** __STATIC_FORCEINLINE void __set_PSP(uint32_t topOfProcStack)
 278:Drivers/CMSIS/Include/cmsis_gcc.h **** {
 279:Drivers/CMSIS/Include/cmsis_gcc.h ****   __ASM volatile ("MSR psp, %0" : : "r" (topOfProcStack) : );
 280:Drivers/CMSIS/Include/cmsis_gcc.h **** }
 281:Drivers/CMSIS/Include/cmsis_gcc.h **** 
 282:Drivers/CMSIS/Include/cmsis_gcc.h **** 
 283:Drivers/CMSIS/Include/cmsis_gcc.h **** #if (defined (__ARM_FEATURE_CMSE ) && (__ARM_FEATURE_CMSE == 3))
 284:Drivers/CMSIS/Include/cmsis_gcc.h **** /**
 285:Drivers/CMSIS/Include/cmsis_gcc.h ****   \brief   Set Process Stack Pointer (non-secure)
 286:Drivers/CMSIS/Include/cmsis_gcc.h ****   \details Assigns the given value to the non-secure Process Stack Pointer (PSP) when in secure sta
 287:Drivers/CMSIS/Include/cmsis_gcc.h ****   \param [in]    topOfProcStack  Process Stack Pointer value to set
 288:Drivers/CMSIS/Include/cmsis_gcc.h ****  */
 289:Drivers/CMSIS/Include/cmsis_gcc.h **** __STATIC_FORCEINLINE void __TZ_set_PSP_NS(uint32_t topOfProcStack)
 290:Drivers/CMSIS/Include/cmsis_gcc.h **** {
 291:Drivers/CMSIS/Include/cmsis_gcc.h ****   __ASM volatile ("MSR psp_ns, %0" : : "r" (topOfProcStack) : );
 292:Drivers/CMSIS/Include/cmsis_gcc.h **** }
 293:Drivers/CMSIS/Include/cmsis_gcc.h **** #endif
 294:Drivers/CMSIS/Include/cmsis_gcc.h **** 
 295:Drivers/CMSIS/Include/cmsis_gcc.h **** 
 296:Drivers/CMSIS/Include/cmsis_gcc.h **** /**
 297:Drivers/CMSIS/Include/cmsis_gcc.h ****   \brief   Get Main Stack Pointer
 298:Drivers/CMSIS/Include/cmsis_gcc.h ****   \details Returns the current value of the Main Stack Pointer (MSP).
 299:Drivers/CMSIS/Include/cmsis_gcc.h ****   \return               MSP Register value
 300:Drivers/CMSIS/Include/cmsis_gcc.h ****  */
 301:Drivers/CMSIS/Include/cmsis_gcc.h **** __STATIC_FORCEINLINE uint32_t __get_MSP(void)
 302:Drivers/CMSIS/Include/cmsis_gcc.h **** {
 303:Drivers/CMSIS/Include/cmsis_gcc.h ****   uint32_t result;
 304:Drivers/CMSIS/Include/cmsis_gcc.h **** 
 305:Drivers/CMSIS/Include/cmsis_gcc.h ****   __ASM volatile ("MRS %0, msp" : "=r" (result) );
 306:Drivers/CMSIS/Include/cmsis_gcc.h ****   return(result);
 307:Drivers/CMSIS/Include/cmsis_gcc.h **** }
 308:Drivers/CMSIS/Include/cmsis_gcc.h **** 
 309:Drivers/CMSIS/Include/cmsis_gcc.h **** 
 310:Drivers/CMSIS/Include/cmsis_gcc.h **** #if (defined (__ARM_FEATURE_CMSE ) && (__ARM_FEATURE_CMSE == 3))
 311:Drivers/CMSIS/Include/cmsis_gcc.h **** /**
 312:Drivers/CMSIS/Include/cmsis_gcc.h ****   \brief   Get Main Stack Pointer (non-secure)
 313:Drivers/CMSIS/Include/cmsis_gcc.h ****   \details Returns the current value of the non-secure Main Stack Pointer (MSP) when in secure stat
 314:Drivers/CMSIS/Include/cmsis_gcc.h ****   \return               MSP Register value
 315:Drivers/CMSIS/Include/cmsis_gcc.h ****  */
 316:Drivers/CMSIS/Include/cmsis_gcc.h **** __STATIC_FORCEINLINE uint32_t __TZ_get_MSP_NS(void)
ARM GAS   			page 16


 317:Drivers/CMSIS/Include/cmsis_gcc.h **** {
 318:Drivers/CMSIS/Include/cmsis_gcc.h ****   uint32_t result;
 319:Drivers/CMSIS/Include/cmsis_gcc.h **** 
 320:Drivers/CMSIS/Include/cmsis_gcc.h ****   __ASM volatile ("MRS %0, msp_ns" : "=r" (result) );
 321:Drivers/CMSIS/Include/cmsis_gcc.h ****   return(result);
 322:Drivers/CMSIS/Include/cmsis_gcc.h **** }
 323:Drivers/CMSIS/Include/cmsis_gcc.h **** #endif
 324:Drivers/CMSIS/Include/cmsis_gcc.h **** 
 325:Drivers/CMSIS/Include/cmsis_gcc.h **** 
 326:Drivers/CMSIS/Include/cmsis_gcc.h **** /**
 327:Drivers/CMSIS/Include/cmsis_gcc.h ****   \brief   Set Main Stack Pointer
 328:Drivers/CMSIS/Include/cmsis_gcc.h ****   \details Assigns the given value to the Main Stack Pointer (MSP).
 329:Drivers/CMSIS/Include/cmsis_gcc.h ****   \param [in]    topOfMainStack  Main Stack Pointer value to set
 330:Drivers/CMSIS/Include/cmsis_gcc.h ****  */
 331:Drivers/CMSIS/Include/cmsis_gcc.h **** __STATIC_FORCEINLINE void __set_MSP(uint32_t topOfMainStack)
 332:Drivers/CMSIS/Include/cmsis_gcc.h **** {
 333:Drivers/CMSIS/Include/cmsis_gcc.h ****   __ASM volatile ("MSR msp, %0" : : "r" (topOfMainStack) : );
 334:Drivers/CMSIS/Include/cmsis_gcc.h **** }
 335:Drivers/CMSIS/Include/cmsis_gcc.h **** 
 336:Drivers/CMSIS/Include/cmsis_gcc.h **** 
 337:Drivers/CMSIS/Include/cmsis_gcc.h **** #if (defined (__ARM_FEATURE_CMSE ) && (__ARM_FEATURE_CMSE == 3))
 338:Drivers/CMSIS/Include/cmsis_gcc.h **** /**
 339:Drivers/CMSIS/Include/cmsis_gcc.h ****   \brief   Set Main Stack Pointer (non-secure)
 340:Drivers/CMSIS/Include/cmsis_gcc.h ****   \details Assigns the given value to the non-secure Main Stack Pointer (MSP) when in secure state.
 341:Drivers/CMSIS/Include/cmsis_gcc.h ****   \param [in]    topOfMainStack  Main Stack Pointer value to set
 342:Drivers/CMSIS/Include/cmsis_gcc.h ****  */
 343:Drivers/CMSIS/Include/cmsis_gcc.h **** __STATIC_FORCEINLINE void __TZ_set_MSP_NS(uint32_t topOfMainStack)
 344:Drivers/CMSIS/Include/cmsis_gcc.h **** {
 345:Drivers/CMSIS/Include/cmsis_gcc.h ****   __ASM volatile ("MSR msp_ns, %0" : : "r" (topOfMainStack) : );
 346:Drivers/CMSIS/Include/cmsis_gcc.h **** }
 347:Drivers/CMSIS/Include/cmsis_gcc.h **** #endif
 348:Drivers/CMSIS/Include/cmsis_gcc.h **** 
 349:Drivers/CMSIS/Include/cmsis_gcc.h **** 
 350:Drivers/CMSIS/Include/cmsis_gcc.h **** #if (defined (__ARM_FEATURE_CMSE ) && (__ARM_FEATURE_CMSE == 3))
 351:Drivers/CMSIS/Include/cmsis_gcc.h **** /**
 352:Drivers/CMSIS/Include/cmsis_gcc.h ****   \brief   Get Stack Pointer (non-secure)
 353:Drivers/CMSIS/Include/cmsis_gcc.h ****   \details Returns the current value of the non-secure Stack Pointer (SP) when in secure state.
 354:Drivers/CMSIS/Include/cmsis_gcc.h ****   \return               SP Register value
 355:Drivers/CMSIS/Include/cmsis_gcc.h ****  */
 356:Drivers/CMSIS/Include/cmsis_gcc.h **** __STATIC_FORCEINLINE uint32_t __TZ_get_SP_NS(void)
 357:Drivers/CMSIS/Include/cmsis_gcc.h **** {
 358:Drivers/CMSIS/Include/cmsis_gcc.h ****   uint32_t result;
 359:Drivers/CMSIS/Include/cmsis_gcc.h **** 
 360:Drivers/CMSIS/Include/cmsis_gcc.h ****   __ASM volatile ("MRS %0, sp_ns" : "=r" (result) );
 361:Drivers/CMSIS/Include/cmsis_gcc.h ****   return(result);
 362:Drivers/CMSIS/Include/cmsis_gcc.h **** }
 363:Drivers/CMSIS/Include/cmsis_gcc.h **** 
 364:Drivers/CMSIS/Include/cmsis_gcc.h **** 
 365:Drivers/CMSIS/Include/cmsis_gcc.h **** /**
 366:Drivers/CMSIS/Include/cmsis_gcc.h ****   \brief   Set Stack Pointer (non-secure)
 367:Drivers/CMSIS/Include/cmsis_gcc.h ****   \details Assigns the given value to the non-secure Stack Pointer (SP) when in secure state.
 368:Drivers/CMSIS/Include/cmsis_gcc.h ****   \param [in]    topOfStack  Stack Pointer value to set
 369:Drivers/CMSIS/Include/cmsis_gcc.h ****  */
 370:Drivers/CMSIS/Include/cmsis_gcc.h **** __STATIC_FORCEINLINE void __TZ_set_SP_NS(uint32_t topOfStack)
 371:Drivers/CMSIS/Include/cmsis_gcc.h **** {
 372:Drivers/CMSIS/Include/cmsis_gcc.h ****   __ASM volatile ("MSR sp_ns, %0" : : "r" (topOfStack) : );
 373:Drivers/CMSIS/Include/cmsis_gcc.h **** }
ARM GAS   			page 17


 374:Drivers/CMSIS/Include/cmsis_gcc.h **** #endif
 375:Drivers/CMSIS/Include/cmsis_gcc.h **** 
 376:Drivers/CMSIS/Include/cmsis_gcc.h **** 
 377:Drivers/CMSIS/Include/cmsis_gcc.h **** /**
 378:Drivers/CMSIS/Include/cmsis_gcc.h ****   \brief   Get Priority Mask
 379:Drivers/CMSIS/Include/cmsis_gcc.h ****   \details Returns the current state of the priority mask bit from the Priority Mask Register.
 380:Drivers/CMSIS/Include/cmsis_gcc.h ****   \return               Priority Mask value
 381:Drivers/CMSIS/Include/cmsis_gcc.h ****  */
 382:Drivers/CMSIS/Include/cmsis_gcc.h **** __STATIC_FORCEINLINE uint32_t __get_PRIMASK(void)
 383:Drivers/CMSIS/Include/cmsis_gcc.h **** {
 384:Drivers/CMSIS/Include/cmsis_gcc.h ****   uint32_t result;
 385:Drivers/CMSIS/Include/cmsis_gcc.h **** 
 386:Drivers/CMSIS/Include/cmsis_gcc.h ****   __ASM volatile ("MRS %0, primask" : "=r" (result) :: "memory");
 387:Drivers/CMSIS/Include/cmsis_gcc.h ****   return(result);
 388:Drivers/CMSIS/Include/cmsis_gcc.h **** }
 389:Drivers/CMSIS/Include/cmsis_gcc.h **** 
 390:Drivers/CMSIS/Include/cmsis_gcc.h **** 
 391:Drivers/CMSIS/Include/cmsis_gcc.h **** #if (defined (__ARM_FEATURE_CMSE ) && (__ARM_FEATURE_CMSE == 3))
 392:Drivers/CMSIS/Include/cmsis_gcc.h **** /**
 393:Drivers/CMSIS/Include/cmsis_gcc.h ****   \brief   Get Priority Mask (non-secure)
 394:Drivers/CMSIS/Include/cmsis_gcc.h ****   \details Returns the current state of the non-secure priority mask bit from the Priority Mask Reg
 395:Drivers/CMSIS/Include/cmsis_gcc.h ****   \return               Priority Mask value
 396:Drivers/CMSIS/Include/cmsis_gcc.h ****  */
 397:Drivers/CMSIS/Include/cmsis_gcc.h **** __STATIC_FORCEINLINE uint32_t __TZ_get_PRIMASK_NS(void)
 398:Drivers/CMSIS/Include/cmsis_gcc.h **** {
 399:Drivers/CMSIS/Include/cmsis_gcc.h ****   uint32_t result;
 400:Drivers/CMSIS/Include/cmsis_gcc.h **** 
 401:Drivers/CMSIS/Include/cmsis_gcc.h ****   __ASM volatile ("MRS %0, primask_ns" : "=r" (result) :: "memory");
 402:Drivers/CMSIS/Include/cmsis_gcc.h ****   return(result);
 403:Drivers/CMSIS/Include/cmsis_gcc.h **** }
 404:Drivers/CMSIS/Include/cmsis_gcc.h **** #endif
 405:Drivers/CMSIS/Include/cmsis_gcc.h **** 
 406:Drivers/CMSIS/Include/cmsis_gcc.h **** 
 407:Drivers/CMSIS/Include/cmsis_gcc.h **** /**
 408:Drivers/CMSIS/Include/cmsis_gcc.h ****   \brief   Set Priority Mask
 409:Drivers/CMSIS/Include/cmsis_gcc.h ****   \details Assigns the given value to the Priority Mask Register.
 410:Drivers/CMSIS/Include/cmsis_gcc.h ****   \param [in]    priMask  Priority Mask
 411:Drivers/CMSIS/Include/cmsis_gcc.h ****  */
 412:Drivers/CMSIS/Include/cmsis_gcc.h **** __STATIC_FORCEINLINE void __set_PRIMASK(uint32_t priMask)
 413:Drivers/CMSIS/Include/cmsis_gcc.h **** {
 414:Drivers/CMSIS/Include/cmsis_gcc.h ****   __ASM volatile ("MSR primask, %0" : : "r" (priMask) : "memory");
 415:Drivers/CMSIS/Include/cmsis_gcc.h **** }
 416:Drivers/CMSIS/Include/cmsis_gcc.h **** 
 417:Drivers/CMSIS/Include/cmsis_gcc.h **** 
 418:Drivers/CMSIS/Include/cmsis_gcc.h **** #if (defined (__ARM_FEATURE_CMSE ) && (__ARM_FEATURE_CMSE == 3))
 419:Drivers/CMSIS/Include/cmsis_gcc.h **** /**
 420:Drivers/CMSIS/Include/cmsis_gcc.h ****   \brief   Set Priority Mask (non-secure)
 421:Drivers/CMSIS/Include/cmsis_gcc.h ****   \details Assigns the given value to the non-secure Priority Mask Register when in secure state.
 422:Drivers/CMSIS/Include/cmsis_gcc.h ****   \param [in]    priMask  Priority Mask
 423:Drivers/CMSIS/Include/cmsis_gcc.h ****  */
 424:Drivers/CMSIS/Include/cmsis_gcc.h **** __STATIC_FORCEINLINE void __TZ_set_PRIMASK_NS(uint32_t priMask)
 425:Drivers/CMSIS/Include/cmsis_gcc.h **** {
 426:Drivers/CMSIS/Include/cmsis_gcc.h ****   __ASM volatile ("MSR primask_ns, %0" : : "r" (priMask) : "memory");
 427:Drivers/CMSIS/Include/cmsis_gcc.h **** }
 428:Drivers/CMSIS/Include/cmsis_gcc.h **** #endif
 429:Drivers/CMSIS/Include/cmsis_gcc.h **** 
 430:Drivers/CMSIS/Include/cmsis_gcc.h **** 
ARM GAS   			page 18


 431:Drivers/CMSIS/Include/cmsis_gcc.h **** #if ((defined (__ARM_ARCH_7M__      ) && (__ARM_ARCH_7M__      == 1)) || \
 432:Drivers/CMSIS/Include/cmsis_gcc.h ****      (defined (__ARM_ARCH_7EM__     ) && (__ARM_ARCH_7EM__     == 1)) || \
 433:Drivers/CMSIS/Include/cmsis_gcc.h ****      (defined (__ARM_ARCH_8M_MAIN__ ) && (__ARM_ARCH_8M_MAIN__ == 1))    )
 434:Drivers/CMSIS/Include/cmsis_gcc.h **** /**
 435:Drivers/CMSIS/Include/cmsis_gcc.h ****   \brief   Enable FIQ
 436:Drivers/CMSIS/Include/cmsis_gcc.h ****   \details Enables FIQ interrupts by clearing the F-bit in the CPSR.
 437:Drivers/CMSIS/Include/cmsis_gcc.h ****            Can only be executed in Privileged modes.
 438:Drivers/CMSIS/Include/cmsis_gcc.h ****  */
 439:Drivers/CMSIS/Include/cmsis_gcc.h **** __STATIC_FORCEINLINE void __enable_fault_irq(void)
 440:Drivers/CMSIS/Include/cmsis_gcc.h **** {
 441:Drivers/CMSIS/Include/cmsis_gcc.h ****   __ASM volatile ("cpsie f" : : : "memory");
 442:Drivers/CMSIS/Include/cmsis_gcc.h **** }
 443:Drivers/CMSIS/Include/cmsis_gcc.h **** 
 444:Drivers/CMSIS/Include/cmsis_gcc.h **** 
 445:Drivers/CMSIS/Include/cmsis_gcc.h **** /**
 446:Drivers/CMSIS/Include/cmsis_gcc.h ****   \brief   Disable FIQ
 447:Drivers/CMSIS/Include/cmsis_gcc.h ****   \details Disables FIQ interrupts by setting the F-bit in the CPSR.
 448:Drivers/CMSIS/Include/cmsis_gcc.h ****            Can only be executed in Privileged modes.
 449:Drivers/CMSIS/Include/cmsis_gcc.h ****  */
 450:Drivers/CMSIS/Include/cmsis_gcc.h **** __STATIC_FORCEINLINE void __disable_fault_irq(void)
 451:Drivers/CMSIS/Include/cmsis_gcc.h **** {
 452:Drivers/CMSIS/Include/cmsis_gcc.h ****   __ASM volatile ("cpsid f" : : : "memory");
 453:Drivers/CMSIS/Include/cmsis_gcc.h **** }
 454:Drivers/CMSIS/Include/cmsis_gcc.h **** 
 455:Drivers/CMSIS/Include/cmsis_gcc.h **** 
 456:Drivers/CMSIS/Include/cmsis_gcc.h **** /**
 457:Drivers/CMSIS/Include/cmsis_gcc.h ****   \brief   Get Base Priority
 458:Drivers/CMSIS/Include/cmsis_gcc.h ****   \details Returns the current value of the Base Priority register.
 459:Drivers/CMSIS/Include/cmsis_gcc.h ****   \return               Base Priority register value
 460:Drivers/CMSIS/Include/cmsis_gcc.h ****  */
 461:Drivers/CMSIS/Include/cmsis_gcc.h **** __STATIC_FORCEINLINE uint32_t __get_BASEPRI(void)
 462:Drivers/CMSIS/Include/cmsis_gcc.h **** {
 463:Drivers/CMSIS/Include/cmsis_gcc.h ****   uint32_t result;
 464:Drivers/CMSIS/Include/cmsis_gcc.h **** 
 465:Drivers/CMSIS/Include/cmsis_gcc.h ****   __ASM volatile ("MRS %0, basepri" : "=r" (result) );
 466:Drivers/CMSIS/Include/cmsis_gcc.h ****   return(result);
 467:Drivers/CMSIS/Include/cmsis_gcc.h **** }
 468:Drivers/CMSIS/Include/cmsis_gcc.h **** 
 469:Drivers/CMSIS/Include/cmsis_gcc.h **** 
 470:Drivers/CMSIS/Include/cmsis_gcc.h **** #if (defined (__ARM_FEATURE_CMSE ) && (__ARM_FEATURE_CMSE == 3))
 471:Drivers/CMSIS/Include/cmsis_gcc.h **** /**
 472:Drivers/CMSIS/Include/cmsis_gcc.h ****   \brief   Get Base Priority (non-secure)
 473:Drivers/CMSIS/Include/cmsis_gcc.h ****   \details Returns the current value of the non-secure Base Priority register when in secure state.
 474:Drivers/CMSIS/Include/cmsis_gcc.h ****   \return               Base Priority register value
 475:Drivers/CMSIS/Include/cmsis_gcc.h ****  */
 476:Drivers/CMSIS/Include/cmsis_gcc.h **** __STATIC_FORCEINLINE uint32_t __TZ_get_BASEPRI_NS(void)
 477:Drivers/CMSIS/Include/cmsis_gcc.h **** {
 478:Drivers/CMSIS/Include/cmsis_gcc.h ****   uint32_t result;
 479:Drivers/CMSIS/Include/cmsis_gcc.h **** 
 480:Drivers/CMSIS/Include/cmsis_gcc.h ****   __ASM volatile ("MRS %0, basepri_ns" : "=r" (result) );
 481:Drivers/CMSIS/Include/cmsis_gcc.h ****   return(result);
 482:Drivers/CMSIS/Include/cmsis_gcc.h **** }
 483:Drivers/CMSIS/Include/cmsis_gcc.h **** #endif
 484:Drivers/CMSIS/Include/cmsis_gcc.h **** 
 485:Drivers/CMSIS/Include/cmsis_gcc.h **** 
 486:Drivers/CMSIS/Include/cmsis_gcc.h **** /**
 487:Drivers/CMSIS/Include/cmsis_gcc.h ****   \brief   Set Base Priority
ARM GAS   			page 19


 488:Drivers/CMSIS/Include/cmsis_gcc.h ****   \details Assigns the given value to the Base Priority register.
 489:Drivers/CMSIS/Include/cmsis_gcc.h ****   \param [in]    basePri  Base Priority value to set
 490:Drivers/CMSIS/Include/cmsis_gcc.h ****  */
 491:Drivers/CMSIS/Include/cmsis_gcc.h **** __STATIC_FORCEINLINE void __set_BASEPRI(uint32_t basePri)
 492:Drivers/CMSIS/Include/cmsis_gcc.h **** {
 493:Drivers/CMSIS/Include/cmsis_gcc.h ****   __ASM volatile ("MSR basepri, %0" : : "r" (basePri) : "memory");
 494:Drivers/CMSIS/Include/cmsis_gcc.h **** }
 495:Drivers/CMSIS/Include/cmsis_gcc.h **** 
 496:Drivers/CMSIS/Include/cmsis_gcc.h **** 
 497:Drivers/CMSIS/Include/cmsis_gcc.h **** #if (defined (__ARM_FEATURE_CMSE ) && (__ARM_FEATURE_CMSE == 3))
 498:Drivers/CMSIS/Include/cmsis_gcc.h **** /**
 499:Drivers/CMSIS/Include/cmsis_gcc.h ****   \brief   Set Base Priority (non-secure)
 500:Drivers/CMSIS/Include/cmsis_gcc.h ****   \details Assigns the given value to the non-secure Base Priority register when in secure state.
 501:Drivers/CMSIS/Include/cmsis_gcc.h ****   \param [in]    basePri  Base Priority value to set
 502:Drivers/CMSIS/Include/cmsis_gcc.h ****  */
 503:Drivers/CMSIS/Include/cmsis_gcc.h **** __STATIC_FORCEINLINE void __TZ_set_BASEPRI_NS(uint32_t basePri)
 504:Drivers/CMSIS/Include/cmsis_gcc.h **** {
 505:Drivers/CMSIS/Include/cmsis_gcc.h ****   __ASM volatile ("MSR basepri_ns, %0" : : "r" (basePri) : "memory");
 506:Drivers/CMSIS/Include/cmsis_gcc.h **** }
 507:Drivers/CMSIS/Include/cmsis_gcc.h **** #endif
 508:Drivers/CMSIS/Include/cmsis_gcc.h **** 
 509:Drivers/CMSIS/Include/cmsis_gcc.h **** 
 510:Drivers/CMSIS/Include/cmsis_gcc.h **** /**
 511:Drivers/CMSIS/Include/cmsis_gcc.h ****   \brief   Set Base Priority with condition
 512:Drivers/CMSIS/Include/cmsis_gcc.h ****   \details Assigns the given value to the Base Priority register only if BASEPRI masking is disable
 513:Drivers/CMSIS/Include/cmsis_gcc.h ****            or the new value increases the BASEPRI priority level.
 514:Drivers/CMSIS/Include/cmsis_gcc.h ****   \param [in]    basePri  Base Priority value to set
 515:Drivers/CMSIS/Include/cmsis_gcc.h ****  */
 516:Drivers/CMSIS/Include/cmsis_gcc.h **** __STATIC_FORCEINLINE void __set_BASEPRI_MAX(uint32_t basePri)
 517:Drivers/CMSIS/Include/cmsis_gcc.h **** {
 518:Drivers/CMSIS/Include/cmsis_gcc.h ****   __ASM volatile ("MSR basepri_max, %0" : : "r" (basePri) : "memory");
 519:Drivers/CMSIS/Include/cmsis_gcc.h **** }
 520:Drivers/CMSIS/Include/cmsis_gcc.h **** 
 521:Drivers/CMSIS/Include/cmsis_gcc.h **** 
 522:Drivers/CMSIS/Include/cmsis_gcc.h **** /**
 523:Drivers/CMSIS/Include/cmsis_gcc.h ****   \brief   Get Fault Mask
 524:Drivers/CMSIS/Include/cmsis_gcc.h ****   \details Returns the current value of the Fault Mask register.
 525:Drivers/CMSIS/Include/cmsis_gcc.h ****   \return               Fault Mask register value
 526:Drivers/CMSIS/Include/cmsis_gcc.h ****  */
 527:Drivers/CMSIS/Include/cmsis_gcc.h **** __STATIC_FORCEINLINE uint32_t __get_FAULTMASK(void)
 528:Drivers/CMSIS/Include/cmsis_gcc.h **** {
 529:Drivers/CMSIS/Include/cmsis_gcc.h ****   uint32_t result;
 530:Drivers/CMSIS/Include/cmsis_gcc.h **** 
 531:Drivers/CMSIS/Include/cmsis_gcc.h ****   __ASM volatile ("MRS %0, faultmask" : "=r" (result) );
 532:Drivers/CMSIS/Include/cmsis_gcc.h ****   return(result);
 533:Drivers/CMSIS/Include/cmsis_gcc.h **** }
 534:Drivers/CMSIS/Include/cmsis_gcc.h **** 
 535:Drivers/CMSIS/Include/cmsis_gcc.h **** 
 536:Drivers/CMSIS/Include/cmsis_gcc.h **** #if (defined (__ARM_FEATURE_CMSE ) && (__ARM_FEATURE_CMSE == 3))
 537:Drivers/CMSIS/Include/cmsis_gcc.h **** /**
 538:Drivers/CMSIS/Include/cmsis_gcc.h ****   \brief   Get Fault Mask (non-secure)
 539:Drivers/CMSIS/Include/cmsis_gcc.h ****   \details Returns the current value of the non-secure Fault Mask register when in secure state.
 540:Drivers/CMSIS/Include/cmsis_gcc.h ****   \return               Fault Mask register value
 541:Drivers/CMSIS/Include/cmsis_gcc.h ****  */
 542:Drivers/CMSIS/Include/cmsis_gcc.h **** __STATIC_FORCEINLINE uint32_t __TZ_get_FAULTMASK_NS(void)
 543:Drivers/CMSIS/Include/cmsis_gcc.h **** {
 544:Drivers/CMSIS/Include/cmsis_gcc.h ****   uint32_t result;
ARM GAS   			page 20


 545:Drivers/CMSIS/Include/cmsis_gcc.h **** 
 546:Drivers/CMSIS/Include/cmsis_gcc.h ****   __ASM volatile ("MRS %0, faultmask_ns" : "=r" (result) );
 547:Drivers/CMSIS/Include/cmsis_gcc.h ****   return(result);
 548:Drivers/CMSIS/Include/cmsis_gcc.h **** }
 549:Drivers/CMSIS/Include/cmsis_gcc.h **** #endif
 550:Drivers/CMSIS/Include/cmsis_gcc.h **** 
 551:Drivers/CMSIS/Include/cmsis_gcc.h **** 
 552:Drivers/CMSIS/Include/cmsis_gcc.h **** /**
 553:Drivers/CMSIS/Include/cmsis_gcc.h ****   \brief   Set Fault Mask
 554:Drivers/CMSIS/Include/cmsis_gcc.h ****   \details Assigns the given value to the Fault Mask register.
 555:Drivers/CMSIS/Include/cmsis_gcc.h ****   \param [in]    faultMask  Fault Mask value to set
 556:Drivers/CMSIS/Include/cmsis_gcc.h ****  */
 557:Drivers/CMSIS/Include/cmsis_gcc.h **** __STATIC_FORCEINLINE void __set_FAULTMASK(uint32_t faultMask)
 558:Drivers/CMSIS/Include/cmsis_gcc.h **** {
 559:Drivers/CMSIS/Include/cmsis_gcc.h ****   __ASM volatile ("MSR faultmask, %0" : : "r" (faultMask) : "memory");
 560:Drivers/CMSIS/Include/cmsis_gcc.h **** }
 561:Drivers/CMSIS/Include/cmsis_gcc.h **** 
 562:Drivers/CMSIS/Include/cmsis_gcc.h **** 
 563:Drivers/CMSIS/Include/cmsis_gcc.h **** #if (defined (__ARM_FEATURE_CMSE ) && (__ARM_FEATURE_CMSE == 3))
 564:Drivers/CMSIS/Include/cmsis_gcc.h **** /**
 565:Drivers/CMSIS/Include/cmsis_gcc.h ****   \brief   Set Fault Mask (non-secure)
 566:Drivers/CMSIS/Include/cmsis_gcc.h ****   \details Assigns the given value to the non-secure Fault Mask register when in secure state.
 567:Drivers/CMSIS/Include/cmsis_gcc.h ****   \param [in]    faultMask  Fault Mask value to set
 568:Drivers/CMSIS/Include/cmsis_gcc.h ****  */
 569:Drivers/CMSIS/Include/cmsis_gcc.h **** __STATIC_FORCEINLINE void __TZ_set_FAULTMASK_NS(uint32_t faultMask)
 570:Drivers/CMSIS/Include/cmsis_gcc.h **** {
 571:Drivers/CMSIS/Include/cmsis_gcc.h ****   __ASM volatile ("MSR faultmask_ns, %0" : : "r" (faultMask) : "memory");
 572:Drivers/CMSIS/Include/cmsis_gcc.h **** }
 573:Drivers/CMSIS/Include/cmsis_gcc.h **** #endif
 574:Drivers/CMSIS/Include/cmsis_gcc.h **** 
 575:Drivers/CMSIS/Include/cmsis_gcc.h **** #endif /* ((defined (__ARM_ARCH_7M__      ) && (__ARM_ARCH_7M__      == 1)) || \
 576:Drivers/CMSIS/Include/cmsis_gcc.h ****            (defined (__ARM_ARCH_7EM__     ) && (__ARM_ARCH_7EM__     == 1)) || \
 577:Drivers/CMSIS/Include/cmsis_gcc.h ****            (defined (__ARM_ARCH_8M_MAIN__ ) && (__ARM_ARCH_8M_MAIN__ == 1))    ) */
 578:Drivers/CMSIS/Include/cmsis_gcc.h **** 
 579:Drivers/CMSIS/Include/cmsis_gcc.h **** 
 580:Drivers/CMSIS/Include/cmsis_gcc.h **** #if ((defined (__ARM_ARCH_8M_MAIN__ ) && (__ARM_ARCH_8M_MAIN__ == 1)) || \
 581:Drivers/CMSIS/Include/cmsis_gcc.h ****      (defined (__ARM_ARCH_8M_BASE__ ) && (__ARM_ARCH_8M_BASE__ == 1))    )
 582:Drivers/CMSIS/Include/cmsis_gcc.h **** 
 583:Drivers/CMSIS/Include/cmsis_gcc.h **** /**
 584:Drivers/CMSIS/Include/cmsis_gcc.h ****   \brief   Get Process Stack Pointer Limit
 585:Drivers/CMSIS/Include/cmsis_gcc.h ****   Devices without ARMv8-M Main Extensions (i.e. Cortex-M23) lack the non-secure
 586:Drivers/CMSIS/Include/cmsis_gcc.h ****   Stack Pointer Limit register hence zero is returned always in non-secure
 587:Drivers/CMSIS/Include/cmsis_gcc.h ****   mode.
 588:Drivers/CMSIS/Include/cmsis_gcc.h ****   
 589:Drivers/CMSIS/Include/cmsis_gcc.h ****   \details Returns the current value of the Process Stack Pointer Limit (PSPLIM).
 590:Drivers/CMSIS/Include/cmsis_gcc.h ****   \return               PSPLIM Register value
 591:Drivers/CMSIS/Include/cmsis_gcc.h ****  */
 592:Drivers/CMSIS/Include/cmsis_gcc.h **** __STATIC_FORCEINLINE uint32_t __get_PSPLIM(void)
 593:Drivers/CMSIS/Include/cmsis_gcc.h **** {
 594:Drivers/CMSIS/Include/cmsis_gcc.h **** #if (!(defined (__ARM_ARCH_8M_MAIN__ ) && (__ARM_ARCH_8M_MAIN__ == 1)) && \
 595:Drivers/CMSIS/Include/cmsis_gcc.h ****     (!defined (__ARM_FEATURE_CMSE) || (__ARM_FEATURE_CMSE < 3)))
 596:Drivers/CMSIS/Include/cmsis_gcc.h ****     // without main extensions, the non-secure PSPLIM is RAZ/WI
 597:Drivers/CMSIS/Include/cmsis_gcc.h ****   return 0U;
 598:Drivers/CMSIS/Include/cmsis_gcc.h **** #else
 599:Drivers/CMSIS/Include/cmsis_gcc.h ****   uint32_t result;
 600:Drivers/CMSIS/Include/cmsis_gcc.h ****   __ASM volatile ("MRS %0, psplim"  : "=r" (result) );
 601:Drivers/CMSIS/Include/cmsis_gcc.h ****   return result;
ARM GAS   			page 21


 602:Drivers/CMSIS/Include/cmsis_gcc.h **** #endif
 603:Drivers/CMSIS/Include/cmsis_gcc.h **** }
 604:Drivers/CMSIS/Include/cmsis_gcc.h **** 
 605:Drivers/CMSIS/Include/cmsis_gcc.h **** #if (defined (__ARM_FEATURE_CMSE) && (__ARM_FEATURE_CMSE == 3))
 606:Drivers/CMSIS/Include/cmsis_gcc.h **** /**
 607:Drivers/CMSIS/Include/cmsis_gcc.h ****   \brief   Get Process Stack Pointer Limit (non-secure)
 608:Drivers/CMSIS/Include/cmsis_gcc.h ****   Devices without ARMv8-M Main Extensions (i.e. Cortex-M23) lack the non-secure
 609:Drivers/CMSIS/Include/cmsis_gcc.h ****   Stack Pointer Limit register hence zero is returned always.
 610:Drivers/CMSIS/Include/cmsis_gcc.h **** 
 611:Drivers/CMSIS/Include/cmsis_gcc.h ****   \details Returns the current value of the non-secure Process Stack Pointer Limit (PSPLIM) when in
 612:Drivers/CMSIS/Include/cmsis_gcc.h ****   \return               PSPLIM Register value
 613:Drivers/CMSIS/Include/cmsis_gcc.h ****  */
 614:Drivers/CMSIS/Include/cmsis_gcc.h **** __STATIC_FORCEINLINE uint32_t __TZ_get_PSPLIM_NS(void)
 615:Drivers/CMSIS/Include/cmsis_gcc.h **** {
 616:Drivers/CMSIS/Include/cmsis_gcc.h **** #if (!(defined (__ARM_ARCH_8M_MAIN__ ) && (__ARM_ARCH_8M_MAIN__ == 1)))
 617:Drivers/CMSIS/Include/cmsis_gcc.h ****   // without main extensions, the non-secure PSPLIM is RAZ/WI
 618:Drivers/CMSIS/Include/cmsis_gcc.h ****   return 0U;
 619:Drivers/CMSIS/Include/cmsis_gcc.h **** #else
 620:Drivers/CMSIS/Include/cmsis_gcc.h ****   uint32_t result;
 621:Drivers/CMSIS/Include/cmsis_gcc.h ****   __ASM volatile ("MRS %0, psplim_ns"  : "=r" (result) );
 622:Drivers/CMSIS/Include/cmsis_gcc.h ****   return result;
 623:Drivers/CMSIS/Include/cmsis_gcc.h **** #endif
 624:Drivers/CMSIS/Include/cmsis_gcc.h **** }
 625:Drivers/CMSIS/Include/cmsis_gcc.h **** #endif
 626:Drivers/CMSIS/Include/cmsis_gcc.h **** 
 627:Drivers/CMSIS/Include/cmsis_gcc.h **** 
 628:Drivers/CMSIS/Include/cmsis_gcc.h **** /**
 629:Drivers/CMSIS/Include/cmsis_gcc.h ****   \brief   Set Process Stack Pointer Limit
 630:Drivers/CMSIS/Include/cmsis_gcc.h ****   Devices without ARMv8-M Main Extensions (i.e. Cortex-M23) lack the non-secure
 631:Drivers/CMSIS/Include/cmsis_gcc.h ****   Stack Pointer Limit register hence the write is silently ignored in non-secure
 632:Drivers/CMSIS/Include/cmsis_gcc.h ****   mode.
 633:Drivers/CMSIS/Include/cmsis_gcc.h ****   
 634:Drivers/CMSIS/Include/cmsis_gcc.h ****   \details Assigns the given value to the Process Stack Pointer Limit (PSPLIM).
 635:Drivers/CMSIS/Include/cmsis_gcc.h ****   \param [in]    ProcStackPtrLimit  Process Stack Pointer Limit value to set
 636:Drivers/CMSIS/Include/cmsis_gcc.h ****  */
 637:Drivers/CMSIS/Include/cmsis_gcc.h **** __STATIC_FORCEINLINE void __set_PSPLIM(uint32_t ProcStackPtrLimit)
 638:Drivers/CMSIS/Include/cmsis_gcc.h **** {
 639:Drivers/CMSIS/Include/cmsis_gcc.h **** #if (!(defined (__ARM_ARCH_8M_MAIN__ ) && (__ARM_ARCH_8M_MAIN__ == 1)) && \
 640:Drivers/CMSIS/Include/cmsis_gcc.h ****     (!defined (__ARM_FEATURE_CMSE) || (__ARM_FEATURE_CMSE < 3)))
 641:Drivers/CMSIS/Include/cmsis_gcc.h ****   // without main extensions, the non-secure PSPLIM is RAZ/WI
 642:Drivers/CMSIS/Include/cmsis_gcc.h ****   (void)ProcStackPtrLimit;
 643:Drivers/CMSIS/Include/cmsis_gcc.h **** #else
 644:Drivers/CMSIS/Include/cmsis_gcc.h ****   __ASM volatile ("MSR psplim, %0" : : "r" (ProcStackPtrLimit));
 645:Drivers/CMSIS/Include/cmsis_gcc.h **** #endif
 646:Drivers/CMSIS/Include/cmsis_gcc.h **** }
 647:Drivers/CMSIS/Include/cmsis_gcc.h **** 
 648:Drivers/CMSIS/Include/cmsis_gcc.h **** 
 649:Drivers/CMSIS/Include/cmsis_gcc.h **** #if (defined (__ARM_FEATURE_CMSE  ) && (__ARM_FEATURE_CMSE   == 3))
 650:Drivers/CMSIS/Include/cmsis_gcc.h **** /**
 651:Drivers/CMSIS/Include/cmsis_gcc.h ****   \brief   Set Process Stack Pointer (non-secure)
 652:Drivers/CMSIS/Include/cmsis_gcc.h ****   Devices without ARMv8-M Main Extensions (i.e. Cortex-M23) lack the non-secure
 653:Drivers/CMSIS/Include/cmsis_gcc.h ****   Stack Pointer Limit register hence the write is silently ignored.
 654:Drivers/CMSIS/Include/cmsis_gcc.h **** 
 655:Drivers/CMSIS/Include/cmsis_gcc.h ****   \details Assigns the given value to the non-secure Process Stack Pointer Limit (PSPLIM) when in s
 656:Drivers/CMSIS/Include/cmsis_gcc.h ****   \param [in]    ProcStackPtrLimit  Process Stack Pointer Limit value to set
 657:Drivers/CMSIS/Include/cmsis_gcc.h ****  */
 658:Drivers/CMSIS/Include/cmsis_gcc.h **** __STATIC_FORCEINLINE void __TZ_set_PSPLIM_NS(uint32_t ProcStackPtrLimit)
ARM GAS   			page 22


 659:Drivers/CMSIS/Include/cmsis_gcc.h **** {
 660:Drivers/CMSIS/Include/cmsis_gcc.h **** #if (!(defined (__ARM_ARCH_8M_MAIN__ ) && (__ARM_ARCH_8M_MAIN__ == 1)))
 661:Drivers/CMSIS/Include/cmsis_gcc.h ****   // without main extensions, the non-secure PSPLIM is RAZ/WI
 662:Drivers/CMSIS/Include/cmsis_gcc.h ****   (void)ProcStackPtrLimit;
 663:Drivers/CMSIS/Include/cmsis_gcc.h **** #else
 664:Drivers/CMSIS/Include/cmsis_gcc.h ****   __ASM volatile ("MSR psplim_ns, %0\n" : : "r" (ProcStackPtrLimit));
 665:Drivers/CMSIS/Include/cmsis_gcc.h **** #endif
 666:Drivers/CMSIS/Include/cmsis_gcc.h **** }
 667:Drivers/CMSIS/Include/cmsis_gcc.h **** #endif
 668:Drivers/CMSIS/Include/cmsis_gcc.h **** 
 669:Drivers/CMSIS/Include/cmsis_gcc.h **** 
 670:Drivers/CMSIS/Include/cmsis_gcc.h **** /**
 671:Drivers/CMSIS/Include/cmsis_gcc.h ****   \brief   Get Main Stack Pointer Limit
 672:Drivers/CMSIS/Include/cmsis_gcc.h ****   Devices without ARMv8-M Main Extensions (i.e. Cortex-M23) lack the non-secure
 673:Drivers/CMSIS/Include/cmsis_gcc.h ****   Stack Pointer Limit register hence zero is returned always in non-secure
 674:Drivers/CMSIS/Include/cmsis_gcc.h ****   mode.
 675:Drivers/CMSIS/Include/cmsis_gcc.h **** 
 676:Drivers/CMSIS/Include/cmsis_gcc.h ****   \details Returns the current value of the Main Stack Pointer Limit (MSPLIM).
 677:Drivers/CMSIS/Include/cmsis_gcc.h ****   \return               MSPLIM Register value
 678:Drivers/CMSIS/Include/cmsis_gcc.h ****  */
 679:Drivers/CMSIS/Include/cmsis_gcc.h **** __STATIC_FORCEINLINE uint32_t __get_MSPLIM(void)
 680:Drivers/CMSIS/Include/cmsis_gcc.h **** {
 681:Drivers/CMSIS/Include/cmsis_gcc.h **** #if (!(defined (__ARM_ARCH_8M_MAIN__ ) && (__ARM_ARCH_8M_MAIN__ == 1)) && \
 682:Drivers/CMSIS/Include/cmsis_gcc.h ****     (!defined (__ARM_FEATURE_CMSE) || (__ARM_FEATURE_CMSE < 3)))
 683:Drivers/CMSIS/Include/cmsis_gcc.h ****   // without main extensions, the non-secure MSPLIM is RAZ/WI
 684:Drivers/CMSIS/Include/cmsis_gcc.h ****   return 0U;
 685:Drivers/CMSIS/Include/cmsis_gcc.h **** #else
 686:Drivers/CMSIS/Include/cmsis_gcc.h ****   uint32_t result;
 687:Drivers/CMSIS/Include/cmsis_gcc.h ****   __ASM volatile ("MRS %0, msplim" : "=r" (result) );
 688:Drivers/CMSIS/Include/cmsis_gcc.h ****   return result;
 689:Drivers/CMSIS/Include/cmsis_gcc.h **** #endif
 690:Drivers/CMSIS/Include/cmsis_gcc.h **** }
 691:Drivers/CMSIS/Include/cmsis_gcc.h **** 
 692:Drivers/CMSIS/Include/cmsis_gcc.h **** 
 693:Drivers/CMSIS/Include/cmsis_gcc.h **** #if (defined (__ARM_FEATURE_CMSE  ) && (__ARM_FEATURE_CMSE   == 3))
 694:Drivers/CMSIS/Include/cmsis_gcc.h **** /**
 695:Drivers/CMSIS/Include/cmsis_gcc.h ****   \brief   Get Main Stack Pointer Limit (non-secure)
 696:Drivers/CMSIS/Include/cmsis_gcc.h ****   Devices without ARMv8-M Main Extensions (i.e. Cortex-M23) lack the non-secure
 697:Drivers/CMSIS/Include/cmsis_gcc.h ****   Stack Pointer Limit register hence zero is returned always.
 698:Drivers/CMSIS/Include/cmsis_gcc.h **** 
 699:Drivers/CMSIS/Include/cmsis_gcc.h ****   \details Returns the current value of the non-secure Main Stack Pointer Limit(MSPLIM) when in sec
 700:Drivers/CMSIS/Include/cmsis_gcc.h ****   \return               MSPLIM Register value
 701:Drivers/CMSIS/Include/cmsis_gcc.h ****  */
 702:Drivers/CMSIS/Include/cmsis_gcc.h **** __STATIC_FORCEINLINE uint32_t __TZ_get_MSPLIM_NS(void)
 703:Drivers/CMSIS/Include/cmsis_gcc.h **** {
 704:Drivers/CMSIS/Include/cmsis_gcc.h **** #if (!(defined (__ARM_ARCH_8M_MAIN__ ) && (__ARM_ARCH_8M_MAIN__ == 1)))
 705:Drivers/CMSIS/Include/cmsis_gcc.h ****   // without main extensions, the non-secure MSPLIM is RAZ/WI
 706:Drivers/CMSIS/Include/cmsis_gcc.h ****   return 0U;
 707:Drivers/CMSIS/Include/cmsis_gcc.h **** #else
 708:Drivers/CMSIS/Include/cmsis_gcc.h ****   uint32_t result;
 709:Drivers/CMSIS/Include/cmsis_gcc.h ****   __ASM volatile ("MRS %0, msplim_ns" : "=r" (result) );
 710:Drivers/CMSIS/Include/cmsis_gcc.h ****   return result;
 711:Drivers/CMSIS/Include/cmsis_gcc.h **** #endif
 712:Drivers/CMSIS/Include/cmsis_gcc.h **** }
 713:Drivers/CMSIS/Include/cmsis_gcc.h **** #endif
 714:Drivers/CMSIS/Include/cmsis_gcc.h **** 
 715:Drivers/CMSIS/Include/cmsis_gcc.h **** 
ARM GAS   			page 23


 716:Drivers/CMSIS/Include/cmsis_gcc.h **** /**
 717:Drivers/CMSIS/Include/cmsis_gcc.h ****   \brief   Set Main Stack Pointer Limit
 718:Drivers/CMSIS/Include/cmsis_gcc.h ****   Devices without ARMv8-M Main Extensions (i.e. Cortex-M23) lack the non-secure
 719:Drivers/CMSIS/Include/cmsis_gcc.h ****   Stack Pointer Limit register hence the write is silently ignored in non-secure
 720:Drivers/CMSIS/Include/cmsis_gcc.h ****   mode.
 721:Drivers/CMSIS/Include/cmsis_gcc.h **** 
 722:Drivers/CMSIS/Include/cmsis_gcc.h ****   \details Assigns the given value to the Main Stack Pointer Limit (MSPLIM).
 723:Drivers/CMSIS/Include/cmsis_gcc.h ****   \param [in]    MainStackPtrLimit  Main Stack Pointer Limit value to set
 724:Drivers/CMSIS/Include/cmsis_gcc.h ****  */
 725:Drivers/CMSIS/Include/cmsis_gcc.h **** __STATIC_FORCEINLINE void __set_MSPLIM(uint32_t MainStackPtrLimit)
 726:Drivers/CMSIS/Include/cmsis_gcc.h **** {
 727:Drivers/CMSIS/Include/cmsis_gcc.h **** #if (!(defined (__ARM_ARCH_8M_MAIN__ ) && (__ARM_ARCH_8M_MAIN__ == 1)) && \
 728:Drivers/CMSIS/Include/cmsis_gcc.h ****     (!defined (__ARM_FEATURE_CMSE) || (__ARM_FEATURE_CMSE < 3)))
 729:Drivers/CMSIS/Include/cmsis_gcc.h ****   // without main extensions, the non-secure MSPLIM is RAZ/WI
 730:Drivers/CMSIS/Include/cmsis_gcc.h ****   (void)MainStackPtrLimit;
 731:Drivers/CMSIS/Include/cmsis_gcc.h **** #else
 732:Drivers/CMSIS/Include/cmsis_gcc.h ****   __ASM volatile ("MSR msplim, %0" : : "r" (MainStackPtrLimit));
 733:Drivers/CMSIS/Include/cmsis_gcc.h **** #endif
 734:Drivers/CMSIS/Include/cmsis_gcc.h **** }
 735:Drivers/CMSIS/Include/cmsis_gcc.h **** 
 736:Drivers/CMSIS/Include/cmsis_gcc.h **** 
 737:Drivers/CMSIS/Include/cmsis_gcc.h **** #if (defined (__ARM_FEATURE_CMSE  ) && (__ARM_FEATURE_CMSE   == 3))
 738:Drivers/CMSIS/Include/cmsis_gcc.h **** /**
 739:Drivers/CMSIS/Include/cmsis_gcc.h ****   \brief   Set Main Stack Pointer Limit (non-secure)
 740:Drivers/CMSIS/Include/cmsis_gcc.h ****   Devices without ARMv8-M Main Extensions (i.e. Cortex-M23) lack the non-secure
 741:Drivers/CMSIS/Include/cmsis_gcc.h ****   Stack Pointer Limit register hence the write is silently ignored.
 742:Drivers/CMSIS/Include/cmsis_gcc.h **** 
 743:Drivers/CMSIS/Include/cmsis_gcc.h ****   \details Assigns the given value to the non-secure Main Stack Pointer Limit (MSPLIM) when in secu
 744:Drivers/CMSIS/Include/cmsis_gcc.h ****   \param [in]    MainStackPtrLimit  Main Stack Pointer value to set
 745:Drivers/CMSIS/Include/cmsis_gcc.h ****  */
 746:Drivers/CMSIS/Include/cmsis_gcc.h **** __STATIC_FORCEINLINE void __TZ_set_MSPLIM_NS(uint32_t MainStackPtrLimit)
 747:Drivers/CMSIS/Include/cmsis_gcc.h **** {
 748:Drivers/CMSIS/Include/cmsis_gcc.h **** #if (!(defined (__ARM_ARCH_8M_MAIN__ ) && (__ARM_ARCH_8M_MAIN__ == 1)))
 749:Drivers/CMSIS/Include/cmsis_gcc.h ****   // without main extensions, the non-secure MSPLIM is RAZ/WI
 750:Drivers/CMSIS/Include/cmsis_gcc.h ****   (void)MainStackPtrLimit;
 751:Drivers/CMSIS/Include/cmsis_gcc.h **** #else
 752:Drivers/CMSIS/Include/cmsis_gcc.h ****   __ASM volatile ("MSR msplim_ns, %0" : : "r" (MainStackPtrLimit));
 753:Drivers/CMSIS/Include/cmsis_gcc.h **** #endif
 754:Drivers/CMSIS/Include/cmsis_gcc.h **** }
 755:Drivers/CMSIS/Include/cmsis_gcc.h **** #endif
 756:Drivers/CMSIS/Include/cmsis_gcc.h **** 
 757:Drivers/CMSIS/Include/cmsis_gcc.h **** #endif /* ((defined (__ARM_ARCH_8M_MAIN__ ) && (__ARM_ARCH_8M_MAIN__ == 1)) || \
 758:Drivers/CMSIS/Include/cmsis_gcc.h ****            (defined (__ARM_ARCH_8M_BASE__ ) && (__ARM_ARCH_8M_BASE__ == 1))    ) */
 759:Drivers/CMSIS/Include/cmsis_gcc.h **** 
 760:Drivers/CMSIS/Include/cmsis_gcc.h **** 
 761:Drivers/CMSIS/Include/cmsis_gcc.h **** /**
 762:Drivers/CMSIS/Include/cmsis_gcc.h ****   \brief   Get FPSCR
 763:Drivers/CMSIS/Include/cmsis_gcc.h ****   \details Returns the current value of the Floating Point Status/Control register.
 764:Drivers/CMSIS/Include/cmsis_gcc.h ****   \return               Floating Point Status/Control register value
 765:Drivers/CMSIS/Include/cmsis_gcc.h ****  */
 766:Drivers/CMSIS/Include/cmsis_gcc.h **** __STATIC_FORCEINLINE uint32_t __get_FPSCR(void)
 767:Drivers/CMSIS/Include/cmsis_gcc.h **** {
 768:Drivers/CMSIS/Include/cmsis_gcc.h **** #if ((defined (__FPU_PRESENT) && (__FPU_PRESENT == 1U)) && \
 769:Drivers/CMSIS/Include/cmsis_gcc.h ****      (defined (__FPU_USED   ) && (__FPU_USED    == 1U))     )
 770:Drivers/CMSIS/Include/cmsis_gcc.h **** #if __has_builtin(__builtin_arm_get_fpscr) 
 771:Drivers/CMSIS/Include/cmsis_gcc.h **** // Re-enable using built-in when GCC has been fixed
 772:Drivers/CMSIS/Include/cmsis_gcc.h **** // || (__GNUC__ > 7) || (__GNUC__ == 7 && __GNUC_MINOR__ >= 2)
ARM GAS   			page 24


 773:Drivers/CMSIS/Include/cmsis_gcc.h ****   /* see https://gcc.gnu.org/ml/gcc-patches/2017-04/msg00443.html */
 774:Drivers/CMSIS/Include/cmsis_gcc.h ****   return __builtin_arm_get_fpscr();
 775:Drivers/CMSIS/Include/cmsis_gcc.h **** #else
 776:Drivers/CMSIS/Include/cmsis_gcc.h ****   uint32_t result;
 777:Drivers/CMSIS/Include/cmsis_gcc.h **** 
 778:Drivers/CMSIS/Include/cmsis_gcc.h ****   __ASM volatile ("VMRS %0, fpscr" : "=r" (result) );
 779:Drivers/CMSIS/Include/cmsis_gcc.h ****   return(result);
 780:Drivers/CMSIS/Include/cmsis_gcc.h **** #endif
 781:Drivers/CMSIS/Include/cmsis_gcc.h **** #else
 782:Drivers/CMSIS/Include/cmsis_gcc.h ****   return(0U);
 783:Drivers/CMSIS/Include/cmsis_gcc.h **** #endif
 784:Drivers/CMSIS/Include/cmsis_gcc.h **** }
 785:Drivers/CMSIS/Include/cmsis_gcc.h **** 
 786:Drivers/CMSIS/Include/cmsis_gcc.h **** 
 787:Drivers/CMSIS/Include/cmsis_gcc.h **** /**
 788:Drivers/CMSIS/Include/cmsis_gcc.h ****   \brief   Set FPSCR
 789:Drivers/CMSIS/Include/cmsis_gcc.h ****   \details Assigns the given value to the Floating Point Status/Control register.
 790:Drivers/CMSIS/Include/cmsis_gcc.h ****   \param [in]    fpscr  Floating Point Status/Control value to set
 791:Drivers/CMSIS/Include/cmsis_gcc.h ****  */
 792:Drivers/CMSIS/Include/cmsis_gcc.h **** __STATIC_FORCEINLINE void __set_FPSCR(uint32_t fpscr)
 793:Drivers/CMSIS/Include/cmsis_gcc.h **** {
 794:Drivers/CMSIS/Include/cmsis_gcc.h **** #if ((defined (__FPU_PRESENT) && (__FPU_PRESENT == 1U)) && \
 795:Drivers/CMSIS/Include/cmsis_gcc.h ****      (defined (__FPU_USED   ) && (__FPU_USED    == 1U))     )
 796:Drivers/CMSIS/Include/cmsis_gcc.h **** #if __has_builtin(__builtin_arm_set_fpscr)
 797:Drivers/CMSIS/Include/cmsis_gcc.h **** // Re-enable using built-in when GCC has been fixed
 798:Drivers/CMSIS/Include/cmsis_gcc.h **** // || (__GNUC__ > 7) || (__GNUC__ == 7 && __GNUC_MINOR__ >= 2)
 799:Drivers/CMSIS/Include/cmsis_gcc.h ****   /* see https://gcc.gnu.org/ml/gcc-patches/2017-04/msg00443.html */
 800:Drivers/CMSIS/Include/cmsis_gcc.h ****   __builtin_arm_set_fpscr(fpscr);
 801:Drivers/CMSIS/Include/cmsis_gcc.h **** #else
 802:Drivers/CMSIS/Include/cmsis_gcc.h ****   __ASM volatile ("VMSR fpscr, %0" : : "r" (fpscr) : "vfpcc", "memory");
 803:Drivers/CMSIS/Include/cmsis_gcc.h **** #endif
 804:Drivers/CMSIS/Include/cmsis_gcc.h **** #else
 805:Drivers/CMSIS/Include/cmsis_gcc.h ****   (void)fpscr;
 806:Drivers/CMSIS/Include/cmsis_gcc.h **** #endif
 807:Drivers/CMSIS/Include/cmsis_gcc.h **** }
 808:Drivers/CMSIS/Include/cmsis_gcc.h **** 
 809:Drivers/CMSIS/Include/cmsis_gcc.h **** 
 810:Drivers/CMSIS/Include/cmsis_gcc.h **** /*@} end of CMSIS_Core_RegAccFunctions */
 811:Drivers/CMSIS/Include/cmsis_gcc.h **** 
 812:Drivers/CMSIS/Include/cmsis_gcc.h **** 
 813:Drivers/CMSIS/Include/cmsis_gcc.h **** /* ##########################  Core Instruction Access  ######################### */
 814:Drivers/CMSIS/Include/cmsis_gcc.h **** /** \defgroup CMSIS_Core_InstructionInterface CMSIS Core Instruction Interface
 815:Drivers/CMSIS/Include/cmsis_gcc.h ****   Access to dedicated instructions
 816:Drivers/CMSIS/Include/cmsis_gcc.h ****   @{
 817:Drivers/CMSIS/Include/cmsis_gcc.h **** */
 818:Drivers/CMSIS/Include/cmsis_gcc.h **** 
 819:Drivers/CMSIS/Include/cmsis_gcc.h **** /* Define macros for porting to both thumb1 and thumb2.
 820:Drivers/CMSIS/Include/cmsis_gcc.h ****  * For thumb1, use low register (r0-r7), specified by constraint "l"
 821:Drivers/CMSIS/Include/cmsis_gcc.h ****  * Otherwise, use general registers, specified by constraint "r" */
 822:Drivers/CMSIS/Include/cmsis_gcc.h **** #if defined (__thumb__) && !defined (__thumb2__)
 823:Drivers/CMSIS/Include/cmsis_gcc.h **** #define __CMSIS_GCC_OUT_REG(r) "=l" (r)
 824:Drivers/CMSIS/Include/cmsis_gcc.h **** #define __CMSIS_GCC_RW_REG(r) "+l" (r)
 825:Drivers/CMSIS/Include/cmsis_gcc.h **** #define __CMSIS_GCC_USE_REG(r) "l" (r)
 826:Drivers/CMSIS/Include/cmsis_gcc.h **** #else
 827:Drivers/CMSIS/Include/cmsis_gcc.h **** #define __CMSIS_GCC_OUT_REG(r) "=r" (r)
 828:Drivers/CMSIS/Include/cmsis_gcc.h **** #define __CMSIS_GCC_RW_REG(r) "+r" (r)
 829:Drivers/CMSIS/Include/cmsis_gcc.h **** #define __CMSIS_GCC_USE_REG(r) "r" (r)
ARM GAS   			page 25


 830:Drivers/CMSIS/Include/cmsis_gcc.h **** #endif
 831:Drivers/CMSIS/Include/cmsis_gcc.h **** 
 832:Drivers/CMSIS/Include/cmsis_gcc.h **** /**
 833:Drivers/CMSIS/Include/cmsis_gcc.h ****   \brief   No Operation
 834:Drivers/CMSIS/Include/cmsis_gcc.h ****   \details No Operation does nothing. This instruction can be used for code alignment purposes.
 835:Drivers/CMSIS/Include/cmsis_gcc.h ****  */
 836:Drivers/CMSIS/Include/cmsis_gcc.h **** #define __NOP()                             __ASM volatile ("nop")
 837:Drivers/CMSIS/Include/cmsis_gcc.h **** 
 838:Drivers/CMSIS/Include/cmsis_gcc.h **** /**
 839:Drivers/CMSIS/Include/cmsis_gcc.h ****   \brief   Wait For Interrupt
 840:Drivers/CMSIS/Include/cmsis_gcc.h ****   \details Wait For Interrupt is a hint instruction that suspends execution until one of a number o
 841:Drivers/CMSIS/Include/cmsis_gcc.h ****  */
 842:Drivers/CMSIS/Include/cmsis_gcc.h **** #define __WFI()                             __ASM volatile ("wfi")
 843:Drivers/CMSIS/Include/cmsis_gcc.h **** 
 844:Drivers/CMSIS/Include/cmsis_gcc.h **** 
 845:Drivers/CMSIS/Include/cmsis_gcc.h **** /**
 846:Drivers/CMSIS/Include/cmsis_gcc.h ****   \brief   Wait For Event
 847:Drivers/CMSIS/Include/cmsis_gcc.h ****   \details Wait For Event is a hint instruction that permits the processor to enter
 848:Drivers/CMSIS/Include/cmsis_gcc.h ****            a low-power state until one of a number of events occurs.
 849:Drivers/CMSIS/Include/cmsis_gcc.h ****  */
 850:Drivers/CMSIS/Include/cmsis_gcc.h **** #define __WFE()                             __ASM volatile ("wfe")
 851:Drivers/CMSIS/Include/cmsis_gcc.h **** 
 852:Drivers/CMSIS/Include/cmsis_gcc.h **** 
 853:Drivers/CMSIS/Include/cmsis_gcc.h **** /**
 854:Drivers/CMSIS/Include/cmsis_gcc.h ****   \brief   Send Event
 855:Drivers/CMSIS/Include/cmsis_gcc.h ****   \details Send Event is a hint instruction. It causes an event to be signaled to the CPU.
 856:Drivers/CMSIS/Include/cmsis_gcc.h ****  */
 857:Drivers/CMSIS/Include/cmsis_gcc.h **** #define __SEV()                             __ASM volatile ("sev")
 858:Drivers/CMSIS/Include/cmsis_gcc.h **** 
 859:Drivers/CMSIS/Include/cmsis_gcc.h **** 
 860:Drivers/CMSIS/Include/cmsis_gcc.h **** /**
 861:Drivers/CMSIS/Include/cmsis_gcc.h ****   \brief   Instruction Synchronization Barrier
 862:Drivers/CMSIS/Include/cmsis_gcc.h ****   \details Instruction Synchronization Barrier flushes the pipeline in the processor,
 863:Drivers/CMSIS/Include/cmsis_gcc.h ****            so that all instructions following the ISB are fetched from cache or memory,
 864:Drivers/CMSIS/Include/cmsis_gcc.h ****            after the instruction has been completed.
 865:Drivers/CMSIS/Include/cmsis_gcc.h ****  */
 866:Drivers/CMSIS/Include/cmsis_gcc.h **** __STATIC_FORCEINLINE void __ISB(void)
 867:Drivers/CMSIS/Include/cmsis_gcc.h **** {
 868:Drivers/CMSIS/Include/cmsis_gcc.h ****   __ASM volatile ("isb 0xF":::"memory");
 869:Drivers/CMSIS/Include/cmsis_gcc.h **** }
 870:Drivers/CMSIS/Include/cmsis_gcc.h **** 
 871:Drivers/CMSIS/Include/cmsis_gcc.h **** 
 872:Drivers/CMSIS/Include/cmsis_gcc.h **** /**
 873:Drivers/CMSIS/Include/cmsis_gcc.h ****   \brief   Data Synchronization Barrier
 874:Drivers/CMSIS/Include/cmsis_gcc.h ****   \details Acts as a special kind of Data Memory Barrier.
 875:Drivers/CMSIS/Include/cmsis_gcc.h ****            It completes when all explicit memory accesses before this instruction complete.
 876:Drivers/CMSIS/Include/cmsis_gcc.h ****  */
 877:Drivers/CMSIS/Include/cmsis_gcc.h **** __STATIC_FORCEINLINE void __DSB(void)
 878:Drivers/CMSIS/Include/cmsis_gcc.h **** {
 879:Drivers/CMSIS/Include/cmsis_gcc.h ****   __ASM volatile ("dsb 0xF":::"memory");
 880:Drivers/CMSIS/Include/cmsis_gcc.h **** }
 881:Drivers/CMSIS/Include/cmsis_gcc.h **** 
 882:Drivers/CMSIS/Include/cmsis_gcc.h **** 
 883:Drivers/CMSIS/Include/cmsis_gcc.h **** /**
 884:Drivers/CMSIS/Include/cmsis_gcc.h ****   \brief   Data Memory Barrier
 885:Drivers/CMSIS/Include/cmsis_gcc.h ****   \details Ensures the apparent order of the explicit memory operations before
 886:Drivers/CMSIS/Include/cmsis_gcc.h ****            and after the instruction, without ensuring their completion.
ARM GAS   			page 26


 887:Drivers/CMSIS/Include/cmsis_gcc.h ****  */
 888:Drivers/CMSIS/Include/cmsis_gcc.h **** __STATIC_FORCEINLINE void __DMB(void)
 889:Drivers/CMSIS/Include/cmsis_gcc.h **** {
 890:Drivers/CMSIS/Include/cmsis_gcc.h ****   __ASM volatile ("dmb 0xF":::"memory");
 891:Drivers/CMSIS/Include/cmsis_gcc.h **** }
 892:Drivers/CMSIS/Include/cmsis_gcc.h **** 
 893:Drivers/CMSIS/Include/cmsis_gcc.h **** 
 894:Drivers/CMSIS/Include/cmsis_gcc.h **** /**
 895:Drivers/CMSIS/Include/cmsis_gcc.h ****   \brief   Reverse byte order (32 bit)
 896:Drivers/CMSIS/Include/cmsis_gcc.h ****   \details Reverses the byte order in unsigned integer value. For example, 0x12345678 becomes 0x785
 897:Drivers/CMSIS/Include/cmsis_gcc.h ****   \param [in]    value  Value to reverse
 898:Drivers/CMSIS/Include/cmsis_gcc.h ****   \return               Reversed value
 899:Drivers/CMSIS/Include/cmsis_gcc.h ****  */
 900:Drivers/CMSIS/Include/cmsis_gcc.h **** __STATIC_FORCEINLINE uint32_t __REV(uint32_t value)
 901:Drivers/CMSIS/Include/cmsis_gcc.h **** {
 902:Drivers/CMSIS/Include/cmsis_gcc.h **** #if (__GNUC__ > 4) || (__GNUC__ == 4 && __GNUC_MINOR__ >= 5)
 903:Drivers/CMSIS/Include/cmsis_gcc.h ****   return __builtin_bswap32(value);
 904:Drivers/CMSIS/Include/cmsis_gcc.h **** #else
 905:Drivers/CMSIS/Include/cmsis_gcc.h ****   uint32_t result;
 906:Drivers/CMSIS/Include/cmsis_gcc.h **** 
 907:Drivers/CMSIS/Include/cmsis_gcc.h ****   __ASM volatile ("rev %0, %1" : __CMSIS_GCC_OUT_REG (result) : __CMSIS_GCC_USE_REG (value) );
 908:Drivers/CMSIS/Include/cmsis_gcc.h ****   return result;
 909:Drivers/CMSIS/Include/cmsis_gcc.h **** #endif
 910:Drivers/CMSIS/Include/cmsis_gcc.h **** }
 911:Drivers/CMSIS/Include/cmsis_gcc.h **** 
 912:Drivers/CMSIS/Include/cmsis_gcc.h **** 
 913:Drivers/CMSIS/Include/cmsis_gcc.h **** /**
 914:Drivers/CMSIS/Include/cmsis_gcc.h ****   \brief   Reverse byte order (16 bit)
 915:Drivers/CMSIS/Include/cmsis_gcc.h ****   \details Reverses the byte order within each halfword of a word. For example, 0x12345678 becomes 
 916:Drivers/CMSIS/Include/cmsis_gcc.h ****   \param [in]    value  Value to reverse
 917:Drivers/CMSIS/Include/cmsis_gcc.h ****   \return               Reversed value
 918:Drivers/CMSIS/Include/cmsis_gcc.h ****  */
 919:Drivers/CMSIS/Include/cmsis_gcc.h **** __STATIC_FORCEINLINE uint32_t __REV16(uint32_t value)
 920:Drivers/CMSIS/Include/cmsis_gcc.h **** {
 921:Drivers/CMSIS/Include/cmsis_gcc.h ****   uint32_t result;
 922:Drivers/CMSIS/Include/cmsis_gcc.h **** 
 923:Drivers/CMSIS/Include/cmsis_gcc.h ****   __ASM volatile ("rev16 %0, %1" : __CMSIS_GCC_OUT_REG (result) : __CMSIS_GCC_USE_REG (value) );
 924:Drivers/CMSIS/Include/cmsis_gcc.h ****   return result;
 925:Drivers/CMSIS/Include/cmsis_gcc.h **** }
 926:Drivers/CMSIS/Include/cmsis_gcc.h **** 
 927:Drivers/CMSIS/Include/cmsis_gcc.h **** 
 928:Drivers/CMSIS/Include/cmsis_gcc.h **** /**
 929:Drivers/CMSIS/Include/cmsis_gcc.h ****   \brief   Reverse byte order (16 bit)
 930:Drivers/CMSIS/Include/cmsis_gcc.h ****   \details Reverses the byte order in a 16-bit value and returns the signed 16-bit result. For exam
 931:Drivers/CMSIS/Include/cmsis_gcc.h ****   \param [in]    value  Value to reverse
 932:Drivers/CMSIS/Include/cmsis_gcc.h ****   \return               Reversed value
 933:Drivers/CMSIS/Include/cmsis_gcc.h ****  */
 934:Drivers/CMSIS/Include/cmsis_gcc.h **** __STATIC_FORCEINLINE int16_t __REVSH(int16_t value)
 935:Drivers/CMSIS/Include/cmsis_gcc.h **** {
 936:Drivers/CMSIS/Include/cmsis_gcc.h **** #if (__GNUC__ > 4) || (__GNUC__ == 4 && __GNUC_MINOR__ >= 8)
 937:Drivers/CMSIS/Include/cmsis_gcc.h ****   return (int16_t)__builtin_bswap16(value);
 938:Drivers/CMSIS/Include/cmsis_gcc.h **** #else
 939:Drivers/CMSIS/Include/cmsis_gcc.h ****   int16_t result;
 940:Drivers/CMSIS/Include/cmsis_gcc.h **** 
 941:Drivers/CMSIS/Include/cmsis_gcc.h ****   __ASM volatile ("revsh %0, %1" : __CMSIS_GCC_OUT_REG (result) : __CMSIS_GCC_USE_REG (value) );
 942:Drivers/CMSIS/Include/cmsis_gcc.h ****   return result;
 943:Drivers/CMSIS/Include/cmsis_gcc.h **** #endif
ARM GAS   			page 27


 944:Drivers/CMSIS/Include/cmsis_gcc.h **** }
 945:Drivers/CMSIS/Include/cmsis_gcc.h **** 
 946:Drivers/CMSIS/Include/cmsis_gcc.h **** 
 947:Drivers/CMSIS/Include/cmsis_gcc.h **** /**
 948:Drivers/CMSIS/Include/cmsis_gcc.h ****   \brief   Rotate Right in unsigned value (32 bit)
 949:Drivers/CMSIS/Include/cmsis_gcc.h ****   \details Rotate Right (immediate) provides the value of the contents of a register rotated by a v
 950:Drivers/CMSIS/Include/cmsis_gcc.h ****   \param [in]    op1  Value to rotate
 951:Drivers/CMSIS/Include/cmsis_gcc.h ****   \param [in]    op2  Number of Bits to rotate
 952:Drivers/CMSIS/Include/cmsis_gcc.h ****   \return               Rotated value
 953:Drivers/CMSIS/Include/cmsis_gcc.h ****  */
 954:Drivers/CMSIS/Include/cmsis_gcc.h **** __STATIC_FORCEINLINE uint32_t __ROR(uint32_t op1, uint32_t op2)
 955:Drivers/CMSIS/Include/cmsis_gcc.h **** {
 956:Drivers/CMSIS/Include/cmsis_gcc.h ****   op2 %= 32U;
 957:Drivers/CMSIS/Include/cmsis_gcc.h ****   if (op2 == 0U)
 958:Drivers/CMSIS/Include/cmsis_gcc.h ****   {
 959:Drivers/CMSIS/Include/cmsis_gcc.h ****     return op1;
 960:Drivers/CMSIS/Include/cmsis_gcc.h ****   }
 961:Drivers/CMSIS/Include/cmsis_gcc.h ****   return (op1 >> op2) | (op1 << (32U - op2));
 962:Drivers/CMSIS/Include/cmsis_gcc.h **** }
 963:Drivers/CMSIS/Include/cmsis_gcc.h **** 
 964:Drivers/CMSIS/Include/cmsis_gcc.h **** 
 965:Drivers/CMSIS/Include/cmsis_gcc.h **** /**
 966:Drivers/CMSIS/Include/cmsis_gcc.h ****   \brief   Breakpoint
 967:Drivers/CMSIS/Include/cmsis_gcc.h ****   \details Causes the processor to enter Debug state.
 968:Drivers/CMSIS/Include/cmsis_gcc.h ****            Debug tools can use this to investigate system state when the instruction at a particula
 969:Drivers/CMSIS/Include/cmsis_gcc.h ****   \param [in]    value  is ignored by the processor.
 970:Drivers/CMSIS/Include/cmsis_gcc.h ****                  If required, a debugger can use it to store additional information about the break
 971:Drivers/CMSIS/Include/cmsis_gcc.h ****  */
 972:Drivers/CMSIS/Include/cmsis_gcc.h **** #define __BKPT(value)                       __ASM volatile ("bkpt "#value)
 973:Drivers/CMSIS/Include/cmsis_gcc.h **** 
 974:Drivers/CMSIS/Include/cmsis_gcc.h **** 
 975:Drivers/CMSIS/Include/cmsis_gcc.h **** /**
 976:Drivers/CMSIS/Include/cmsis_gcc.h ****   \brief   Reverse bit order of value
 977:Drivers/CMSIS/Include/cmsis_gcc.h ****   \details Reverses the bit order of the given value.
 978:Drivers/CMSIS/Include/cmsis_gcc.h ****   \param [in]    value  Value to reverse
 979:Drivers/CMSIS/Include/cmsis_gcc.h ****   \return               Reversed value
 980:Drivers/CMSIS/Include/cmsis_gcc.h ****  */
 981:Drivers/CMSIS/Include/cmsis_gcc.h **** __STATIC_FORCEINLINE uint32_t __RBIT(uint32_t value)
 982:Drivers/CMSIS/Include/cmsis_gcc.h **** {
 983:Drivers/CMSIS/Include/cmsis_gcc.h ****   uint32_t result;
 984:Drivers/CMSIS/Include/cmsis_gcc.h **** 
 985:Drivers/CMSIS/Include/cmsis_gcc.h **** #if ((defined (__ARM_ARCH_7M__      ) && (__ARM_ARCH_7M__      == 1)) || \
 986:Drivers/CMSIS/Include/cmsis_gcc.h ****      (defined (__ARM_ARCH_7EM__     ) && (__ARM_ARCH_7EM__     == 1)) || \
 987:Drivers/CMSIS/Include/cmsis_gcc.h ****      (defined (__ARM_ARCH_8M_MAIN__ ) && (__ARM_ARCH_8M_MAIN__ == 1))    )
 988:Drivers/CMSIS/Include/cmsis_gcc.h ****    __ASM volatile ("rbit %0, %1" : "=r" (result) : "r" (value) );
 206              	 .loc 2 988 4 is_stmt 0 view .LVU67
 207 00b4 4FF08072 	 mov r2,#16777216
 208              	.LBE177:
 209              	.LBE176:
 292:Drivers/STM32F3xx_HAL_Driver/Src/stm32f3xx_hal_rcc.c **** 
 210              	 .loc 1 292 3 view .LVU68
 211 00b8 B360     	 str r3,[r6,#8]
 295:Drivers/STM32F3xx_HAL_Driver/Src/stm32f3xx_hal_rcc.c **** 
 212              	 .loc 1 295 3 is_stmt 1 view .LVU69
 213              	.LVL16:
 214              	.LBB179:
 215              	.LBI176:
ARM GAS   			page 28


 981:Drivers/CMSIS/Include/cmsis_gcc.h **** {
 216              	 .loc 2 981 31 view .LVU70
 217              	.LBB178:
 983:Drivers/CMSIS/Include/cmsis_gcc.h **** 
 218              	 .loc 2 983 3 view .LVU71
 219              	 .loc 2 988 4 view .LVU72
 220              	 .syntax unified
 221              	
 222 00ba 92FAA2F2 	 rbit r2,r2
 223              	
 224              	.LVL17:
 989:Drivers/CMSIS/Include/cmsis_gcc.h **** #else
 990:Drivers/CMSIS/Include/cmsis_gcc.h ****   uint32_t s = (4U /*sizeof(v)*/ * 8U) - 1U; /* extra shift needed at end */
 991:Drivers/CMSIS/Include/cmsis_gcc.h **** 
 992:Drivers/CMSIS/Include/cmsis_gcc.h ****   result = value;                      /* r will be reversed bits of v; first get LSB of v */
 993:Drivers/CMSIS/Include/cmsis_gcc.h ****   for (value >>= 1U; value != 0U; value >>= 1U)
 994:Drivers/CMSIS/Include/cmsis_gcc.h ****   {
 995:Drivers/CMSIS/Include/cmsis_gcc.h ****     result <<= 1U;
 996:Drivers/CMSIS/Include/cmsis_gcc.h ****     result |= value & 1U;
 997:Drivers/CMSIS/Include/cmsis_gcc.h ****     s--;
 998:Drivers/CMSIS/Include/cmsis_gcc.h ****   }
 999:Drivers/CMSIS/Include/cmsis_gcc.h ****   result <<= s;                        /* shift when v's highest bits are zero */
1000:Drivers/CMSIS/Include/cmsis_gcc.h **** #endif
1001:Drivers/CMSIS/Include/cmsis_gcc.h ****   return result;
 225              	 .loc 2 1001 3 view .LVU73
 226              	 .loc 2 1001 3 is_stmt 0 view .LVU74
 227              	 .thumb
 228              	 .syntax unified
 229              	.LBE178:
 230              	.LBE179:
 295:Drivers/STM32F3xx_HAL_Driver/Src/stm32f3xx_hal_rcc.c **** 
 231              	 .loc 1 295 3 view .LVU75
 232 00be 094B     	 ldr r3,.L15+20
 233 00c0 B2FA82F2 	 clz r2,r2
 234 00c4 1344     	 add r3,r3,r2
 235 00c6 9B00     	 lsls r3,r3,#2
 236 00c8 0122     	 movs r2,#1
 237 00ca 1A60     	 str r2,[r3]
 297:Drivers/STM32F3xx_HAL_Driver/Src/stm32f3xx_hal_rcc.c **** }
 238              	 .loc 1 297 3 is_stmt 1 view .LVU76
 297:Drivers/STM32F3xx_HAL_Driver/Src/stm32f3xx_hal_rcc.c **** }
 239              	 .loc 1 297 10 is_stmt 0 view .LVU77
 240 00cc D1E7     	 b .L3
 241              	.L16:
 242 00ce 00BF     	 .align 2
 243              	.L15:
 244 00d0 00100240 	 .word 1073876992
 245 00d4 0CC0FFF8 	 .word -117456884
 246 00d8 00000000 	 .word uwTickPrio
 247 00dc 00000000 	 .word SystemCoreClock
 248 00e0 00127A00 	 .word 8000000
 249 00e4 20819010 	 .word 277905696
 250              	 .cfi_endproc
 251              	.LFE123:
 253              	 .section .text.HAL_RCC_OscConfig,"ax",%progbits
 254              	 .align 1
 255              	 .p2align 2,,3
ARM GAS   			page 29


 256              	 .global HAL_RCC_OscConfig
 257              	 .syntax unified
 258              	 .thumb
 259              	 .thumb_func
 260              	 .fpu fpv4-sp-d16
 262              	HAL_RCC_OscConfig:
 263              	.LVL18:
 264              	.LFB124:
 299:Drivers/STM32F3xx_HAL_Driver/Src/stm32f3xx_hal_rcc.c **** 
 300:Drivers/STM32F3xx_HAL_Driver/Src/stm32f3xx_hal_rcc.c **** /**
 301:Drivers/STM32F3xx_HAL_Driver/Src/stm32f3xx_hal_rcc.c ****   * @brief  Initializes the RCC Oscillators according to the specified parameters in the
 302:Drivers/STM32F3xx_HAL_Driver/Src/stm32f3xx_hal_rcc.c ****   *         RCC_OscInitTypeDef.
 303:Drivers/STM32F3xx_HAL_Driver/Src/stm32f3xx_hal_rcc.c ****   * @param  RCC_OscInitStruct pointer to an RCC_OscInitTypeDef structure that
 304:Drivers/STM32F3xx_HAL_Driver/Src/stm32f3xx_hal_rcc.c ****   *         contains the configuration information for the RCC Oscillators.
 305:Drivers/STM32F3xx_HAL_Driver/Src/stm32f3xx_hal_rcc.c ****   * @note   The PLL is not disabled when used as system clock.
 306:Drivers/STM32F3xx_HAL_Driver/Src/stm32f3xx_hal_rcc.c ****   * @note   Transitions LSE Bypass to LSE On and LSE On to LSE Bypass are not
 307:Drivers/STM32F3xx_HAL_Driver/Src/stm32f3xx_hal_rcc.c ****   *         supported by this macro. User should request a transition to LSE Off
 308:Drivers/STM32F3xx_HAL_Driver/Src/stm32f3xx_hal_rcc.c ****   *         first and then LSE On or LSE Bypass.
 309:Drivers/STM32F3xx_HAL_Driver/Src/stm32f3xx_hal_rcc.c ****   * @note   Transition HSE Bypass to HSE On and HSE On to HSE Bypass are not
 310:Drivers/STM32F3xx_HAL_Driver/Src/stm32f3xx_hal_rcc.c ****   *         supported by this macro. User should request a transition to HSE Off
 311:Drivers/STM32F3xx_HAL_Driver/Src/stm32f3xx_hal_rcc.c ****   *         first and then HSE On or HSE Bypass.
 312:Drivers/STM32F3xx_HAL_Driver/Src/stm32f3xx_hal_rcc.c ****   * @retval HAL status
 313:Drivers/STM32F3xx_HAL_Driver/Src/stm32f3xx_hal_rcc.c ****   */
 314:Drivers/STM32F3xx_HAL_Driver/Src/stm32f3xx_hal_rcc.c **** HAL_StatusTypeDef HAL_RCC_OscConfig(RCC_OscInitTypeDef  *RCC_OscInitStruct)
 315:Drivers/STM32F3xx_HAL_Driver/Src/stm32f3xx_hal_rcc.c **** {
 265              	 .loc 1 315 1 is_stmt 1 view-0
 266              	 .cfi_startproc
 267              	 
 268              	 
 316:Drivers/STM32F3xx_HAL_Driver/Src/stm32f3xx_hal_rcc.c ****   uint32_t tickstart;
 269              	 .loc 1 316 3 view .LVU79
 317:Drivers/STM32F3xx_HAL_Driver/Src/stm32f3xx_hal_rcc.c ****   uint32_t pll_config;
 270              	 .loc 1 317 3 view .LVU80
 318:Drivers/STM32F3xx_HAL_Driver/Src/stm32f3xx_hal_rcc.c **** #if defined(RCC_CFGR_PLLSRC_HSI_PREDIV)
 319:Drivers/STM32F3xx_HAL_Driver/Src/stm32f3xx_hal_rcc.c ****   uint32_t pll_config2;
 320:Drivers/STM32F3xx_HAL_Driver/Src/stm32f3xx_hal_rcc.c **** #endif /* RCC_CFGR_PLLSRC_HSI_PREDIV */
 321:Drivers/STM32F3xx_HAL_Driver/Src/stm32f3xx_hal_rcc.c **** 
 322:Drivers/STM32F3xx_HAL_Driver/Src/stm32f3xx_hal_rcc.c ****   /* Check Null pointer */
 323:Drivers/STM32F3xx_HAL_Driver/Src/stm32f3xx_hal_rcc.c ****   if(RCC_OscInitStruct == NULL)
 271              	 .loc 1 323 3 view .LVU81
 272              	 .loc 1 323 5 is_stmt 0 view .LVU82
 273 0000 0028     	 cmp r0,#0
 274 0002 00F08C82 	 beq .L121
 324:Drivers/STM32F3xx_HAL_Driver/Src/stm32f3xx_hal_rcc.c ****   {
 325:Drivers/STM32F3xx_HAL_Driver/Src/stm32f3xx_hal_rcc.c ****     return HAL_ERROR;
 326:Drivers/STM32F3xx_HAL_Driver/Src/stm32f3xx_hal_rcc.c ****   }
 327:Drivers/STM32F3xx_HAL_Driver/Src/stm32f3xx_hal_rcc.c **** 
 328:Drivers/STM32F3xx_HAL_Driver/Src/stm32f3xx_hal_rcc.c ****   /* Check the parameters */
 329:Drivers/STM32F3xx_HAL_Driver/Src/stm32f3xx_hal_rcc.c ****   assert_param(IS_RCC_OSCILLATORTYPE(RCC_OscInitStruct->OscillatorType));
 275              	 .loc 1 329 3 is_stmt 1 view .LVU83
 330:Drivers/STM32F3xx_HAL_Driver/Src/stm32f3xx_hal_rcc.c **** 
 331:Drivers/STM32F3xx_HAL_Driver/Src/stm32f3xx_hal_rcc.c ****   /*------------------------------- HSE Configuration ------------------------*/ 
 332:Drivers/STM32F3xx_HAL_Driver/Src/stm32f3xx_hal_rcc.c ****   if(((RCC_OscInitStruct->OscillatorType) & RCC_OSCILLATORTYPE_HSE) == RCC_OSCILLATORTYPE_HSE)
 276              	 .loc 1 332 3 view .LVU84
 315:Drivers/STM32F3xx_HAL_Driver/Src/stm32f3xx_hal_rcc.c ****   uint32_t tickstart;
 277              	 .loc 1 315 1 is_stmt 0 view .LVU85
 278 0006 2DE9F043 	 push {r4,r5,r6,r7,r8,r9,lr}
ARM GAS   			page 30


 279              	 .cfi_def_cfa_offset 28
 280              	 .cfi_offset 4,-28
 281              	 .cfi_offset 5,-24
 282              	 .cfi_offset 6,-20
 283              	 .cfi_offset 7,-16
 284              	 .cfi_offset 8,-12
 285              	 .cfi_offset 9,-8
 286              	 .cfi_offset 14,-4
 287              	 .loc 1 332 25 view .LVU86
 288 000a 0368     	 ldr r3,[r0]
 289              	 .loc 1 332 5 view .LVU87
 290 000c D907     	 lsls r1,r3,#31
 315:Drivers/STM32F3xx_HAL_Driver/Src/stm32f3xx_hal_rcc.c ****   uint32_t tickstart;
 291              	 .loc 1 315 1 view .LVU88
 292 000e 83B0     	 sub sp,sp,#12
 293              	 .cfi_def_cfa_offset 40
 294 0010 0446     	 mov r4,r0
 295              	 .loc 1 332 5 view .LVU89
 296 0012 4FD5     	 bpl .L20
 333:Drivers/STM32F3xx_HAL_Driver/Src/stm32f3xx_hal_rcc.c ****   {
 334:Drivers/STM32F3xx_HAL_Driver/Src/stm32f3xx_hal_rcc.c ****     /* Check the parameters */
 335:Drivers/STM32F3xx_HAL_Driver/Src/stm32f3xx_hal_rcc.c ****     assert_param(IS_RCC_HSE(RCC_OscInitStruct->HSEState));
 297              	 .loc 1 335 5 is_stmt 1 view .LVU90
 336:Drivers/STM32F3xx_HAL_Driver/Src/stm32f3xx_hal_rcc.c **** 
 337:Drivers/STM32F3xx_HAL_Driver/Src/stm32f3xx_hal_rcc.c ****     /* When the HSE is used as system clock or clock source for PLL in these cases it is not allowe
 338:Drivers/STM32F3xx_HAL_Driver/Src/stm32f3xx_hal_rcc.c ****     if((__HAL_RCC_GET_SYSCLK_SOURCE() == RCC_SYSCLKSOURCE_STATUS_HSE) 
 298              	 .loc 1 338 5 view .LVU91
 299              	 .loc 1 338 9 is_stmt 0 view .LVU92
 300 0014 B449     	 ldr r1,.L134
 301 0016 4A68     	 ldr r2,[r1,#4]
 302 0018 02F00C02 	 and r2,r2,#12
 303              	 .loc 1 338 7 view .LVU93
 304 001c 042A     	 cmp r2,#4
 305 001e 00F06D81 	 beq .L21
 339:Drivers/STM32F3xx_HAL_Driver/Src/stm32f3xx_hal_rcc.c ****        || ((__HAL_RCC_GET_SYSCLK_SOURCE() == RCC_SYSCLKSOURCE_STATUS_PLLCLK) && (__HAL_RCC_GET_PLL_
 306              	 .loc 1 339 13 view .LVU94
 307 0022 4A68     	 ldr r2,[r1,#4]
 308 0024 02F00C02 	 and r2,r2,#12
 309              	 .loc 1 339 8 view .LVU95
 310 0028 082A     	 cmp r2,#8
 311 002a 00F06381 	 beq .L122
 312              	.L22:
 340:Drivers/STM32F3xx_HAL_Driver/Src/stm32f3xx_hal_rcc.c ****     {
 341:Drivers/STM32F3xx_HAL_Driver/Src/stm32f3xx_hal_rcc.c ****       if((__HAL_RCC_GET_FLAG(RCC_FLAG_HSERDY) != RESET) && (RCC_OscInitStruct->HSEState == RCC_HSE_
 342:Drivers/STM32F3xx_HAL_Driver/Src/stm32f3xx_hal_rcc.c ****       {
 343:Drivers/STM32F3xx_HAL_Driver/Src/stm32f3xx_hal_rcc.c ****         return HAL_ERROR;
 344:Drivers/STM32F3xx_HAL_Driver/Src/stm32f3xx_hal_rcc.c ****       }
 345:Drivers/STM32F3xx_HAL_Driver/Src/stm32f3xx_hal_rcc.c ****     }
 346:Drivers/STM32F3xx_HAL_Driver/Src/stm32f3xx_hal_rcc.c ****     else
 347:Drivers/STM32F3xx_HAL_Driver/Src/stm32f3xx_hal_rcc.c ****     {
 348:Drivers/STM32F3xx_HAL_Driver/Src/stm32f3xx_hal_rcc.c ****       /* Set the new HSE configuration ---------------------------------------*/
 349:Drivers/STM32F3xx_HAL_Driver/Src/stm32f3xx_hal_rcc.c ****       __HAL_RCC_HSE_CONFIG(RCC_OscInitStruct->HSEState);
 313              	 .loc 1 349 7 is_stmt 1 view .LVU96
 314              	 .loc 1 349 7 view .LVU97
 315 002e 6368     	 ldr r3,[r4,#4]
 316 0030 B3F5803F 	 cmp r3,#65536
 317 0034 17D0     	 beq .L123
ARM GAS   			page 31


 318              	 .loc 1 349 7 discriminator 2 view .LVU98
 319 0036 002B     	 cmp r3,#0
 320 0038 00F09C81 	 beq .L124
 321              	 .loc 1 349 7 discriminator 5 view .LVU99
 322 003c B3F5A02F 	 cmp r3,#327680
 323 0040 00F05882 	 beq .L125
 324              	 .loc 1 349 7 discriminator 8 view .LVU100
 325 0044 A84B     	 ldr r3,.L134
 326 0046 1A68     	 ldr r2,[r3]
 327 0048 22F48032 	 bic r2,r2,#65536
 328 004c 1A60     	 str r2,[r3]
 329              	 .loc 1 349 7 discriminator 8 view .LVU101
 330 004e 1A68     	 ldr r2,[r3]
 331 0050 22F48022 	 bic r2,r2,#262144
 332 0054 1A60     	 str r2,[r3]
 333              	.L29:
 334              	 .loc 1 349 7 view .LVU102
 350:Drivers/STM32F3xx_HAL_Driver/Src/stm32f3xx_hal_rcc.c ****       
 351:Drivers/STM32F3xx_HAL_Driver/Src/stm32f3xx_hal_rcc.c **** #if defined(RCC_CFGR_PLLSRC_HSI_DIV2)
 352:Drivers/STM32F3xx_HAL_Driver/Src/stm32f3xx_hal_rcc.c ****       /* Configure the HSE predivision factor --------------------------------*/
 353:Drivers/STM32F3xx_HAL_Driver/Src/stm32f3xx_hal_rcc.c ****       __HAL_RCC_HSE_PREDIV_CONFIG(RCC_OscInitStruct->HSEPredivValue);
 335              	 .loc 1 353 7 view .LVU103
 336 0056 A44A     	 ldr r2,.L134
 337 0058 A168     	 ldr r1,[r4,#8]
 338 005a D36A     	 ldr r3,[r2,#44]
 339 005c 23F00F03 	 bic r3,r3,#15
 340 0060 0B43     	 orrs r3,r3,r1
 341 0062 D362     	 str r3,[r2,#44]
 354:Drivers/STM32F3xx_HAL_Driver/Src/stm32f3xx_hal_rcc.c **** #endif /* RCC_CFGR_PLLSRC_HSI_DIV2 */
 355:Drivers/STM32F3xx_HAL_Driver/Src/stm32f3xx_hal_rcc.c **** 
 356:Drivers/STM32F3xx_HAL_Driver/Src/stm32f3xx_hal_rcc.c ****        /* Check the HSE State */
 357:Drivers/STM32F3xx_HAL_Driver/Src/stm32f3xx_hal_rcc.c ****       if(RCC_OscInitStruct->HSEState != RCC_HSE_OFF)
 342              	 .loc 1 357 7 view .LVU104
 343 0064 0AE0     	 b .L25
 344              	.L123:
 349:Drivers/STM32F3xx_HAL_Driver/Src/stm32f3xx_hal_rcc.c ****       
 345              	 .loc 1 349 7 discriminator 1 view .LVU105
 346 0066 A04A     	 ldr r2,.L134
 347 0068 1368     	 ldr r3,[r2]
 348 006a 43F48033 	 orr r3,r3,#65536
 349 006e 1360     	 str r3,[r2]
 349:Drivers/STM32F3xx_HAL_Driver/Src/stm32f3xx_hal_rcc.c ****       
 350              	 .loc 1 349 7 discriminator 1 view .LVU106
 353:Drivers/STM32F3xx_HAL_Driver/Src/stm32f3xx_hal_rcc.c **** #endif /* RCC_CFGR_PLLSRC_HSI_DIV2 */
 351              	 .loc 1 353 7 discriminator 1 view .LVU107
 352 0070 D36A     	 ldr r3,[r2,#44]
 353 0072 A168     	 ldr r1,[r4,#8]
 354 0074 23F00F03 	 bic r3,r3,#15
 355 0078 0B43     	 orrs r3,r3,r1
 356 007a D362     	 str r3,[r2,#44]
 357              	 .loc 1 357 7 discriminator 1 view .LVU108
 358              	.L25:
 358:Drivers/STM32F3xx_HAL_Driver/Src/stm32f3xx_hal_rcc.c ****       {
 359:Drivers/STM32F3xx_HAL_Driver/Src/stm32f3xx_hal_rcc.c ****         /* Get Start Tick */
 360:Drivers/STM32F3xx_HAL_Driver/Src/stm32f3xx_hal_rcc.c ****         tickstart = HAL_GetTick();
 359              	 .loc 1 360 9 view .LVU109
 360              	 .loc 1 360 21 is_stmt 0 view .LVU110
ARM GAS   			page 32


 361 007c FFF7FEFF 	 bl HAL_GetTick
 362              	.LVL19:
 361:Drivers/STM32F3xx_HAL_Driver/Src/stm32f3xx_hal_rcc.c ****         
 362:Drivers/STM32F3xx_HAL_Driver/Src/stm32f3xx_hal_rcc.c ****         /* Wait till HSE is ready */
 363:Drivers/STM32F3xx_HAL_Driver/Src/stm32f3xx_hal_rcc.c ****         while(__HAL_RCC_GET_FLAG(RCC_FLAG_HSERDY) == RESET)
 363              	 .loc 1 363 15 view .LVU111
 364 0080 994F     	 ldr r7,.L134
 360:Drivers/STM32F3xx_HAL_Driver/Src/stm32f3xx_hal_rcc.c ****         
 365              	 .loc 1 360 21 view .LVU112
 366 0082 0546     	 mov r5,r0
 367              	.LVL20:
 368              	 .loc 1 363 9 is_stmt 1 view .LVU113
 369              	.LBB180:
 370              	.LBB181:
 988:Drivers/CMSIS/Include/cmsis_gcc.h **** #else
 371              	 .loc 2 988 4 is_stmt 0 view .LVU114
 372 0084 4FF40038 	 mov r8,#131072
 373              	.LBE181:
 374              	.LBE180:
 375              	 .loc 1 363 15 view .LVU115
 376 0088 0126     	 movs r6,#1
 377              	 .loc 1 363 14 view .LVU116
 378 008a 05E0     	 b .L30
 379              	.LVL21:
 380              	.L31:
 364:Drivers/STM32F3xx_HAL_Driver/Src/stm32f3xx_hal_rcc.c ****         {
 365:Drivers/STM32F3xx_HAL_Driver/Src/stm32f3xx_hal_rcc.c ****           if((HAL_GetTick() - tickstart ) > HSE_TIMEOUT_VALUE)
 381              	 .loc 1 365 15 view .LVU117
 382 008c FFF7FEFF 	 bl HAL_GetTick
 383              	.LVL22:
 384              	 .loc 1 365 29 view .LVU118
 385 0090 401B     	 subs r0,r0,r5
 386              	 .loc 1 365 13 view .LVU119
 387 0092 6428     	 cmp r0,#100
 388 0094 00F26A81 	 bhi .L32
 389              	.L30:
 363:Drivers/STM32F3xx_HAL_Driver/Src/stm32f3xx_hal_rcc.c ****         {
 390              	 .loc 1 363 14 is_stmt 1 view .LVU120
 391              	.LVL23:
 392              	.LBB183:
 393              	.LBI180:
 981:Drivers/CMSIS/Include/cmsis_gcc.h **** {
 394              	 .loc 2 981 31 view .LVU121
 395              	.LBB182:
 983:Drivers/CMSIS/Include/cmsis_gcc.h **** 
 396              	 .loc 2 983 3 view .LVU122
 988:Drivers/CMSIS/Include/cmsis_gcc.h **** #else
 397              	 .loc 2 988 4 view .LVU123
 398              	 .syntax unified
 399              	
 400 0098 98FAA8F3 	 rbit r3,r8
 401              	
 402              	.LVL24:
 403              	 .loc 2 1001 3 view .LVU124
 404              	 .loc 2 1001 3 is_stmt 0 view .LVU125
 405              	 .thumb
 406              	 .syntax unified
ARM GAS   			page 33


 407              	.LBE182:
 408              	.LBE183:
 363:Drivers/STM32F3xx_HAL_Driver/Src/stm32f3xx_hal_rcc.c ****         {
 409              	 .loc 1 363 15 view .LVU126
 410 009c 3A68     	 ldr r2,[r7]
 411              	.LVL25:
 412              	.LBB184:
 413              	.LBI184:
 981:Drivers/CMSIS/Include/cmsis_gcc.h **** {
 414              	 .loc 2 981 31 is_stmt 1 view .LVU127
 415              	.LBB185:
 983:Drivers/CMSIS/Include/cmsis_gcc.h **** 
 416              	 .loc 2 983 3 view .LVU128
 988:Drivers/CMSIS/Include/cmsis_gcc.h **** #else
 417              	 .loc 2 988 4 view .LVU129
 418              	 .syntax unified
 419              	
 420 009e 98FAA8F3 	 rbit r3,r8
 421              	
 422              	 .thumb
 423              	 .syntax unified
 424              	.LBE185:
 425              	.LBE184:
 426              	 .loc 1 365 11 view .LVU130
 427              	.LVL26:
 428              	.LBB187:
 429              	.LBB186:
 430              	 .loc 2 1001 3 view .LVU131
 431              	 .loc 2 1001 3 is_stmt 0 view .LVU132
 432              	.LBE186:
 433              	.LBE187:
 363:Drivers/STM32F3xx_HAL_Driver/Src/stm32f3xx_hal_rcc.c ****         {
 434              	 .loc 1 363 15 view .LVU133
 435 00a2 B3FA83F3 	 clz r3,r3
 436 00a6 03F01F03 	 and r3,r3,#31
 437 00aa 06FA03F3 	 lsl r3,r6,r3
 363:Drivers/STM32F3xx_HAL_Driver/Src/stm32f3xx_hal_rcc.c ****         {
 438              	 .loc 1 363 14 view .LVU134
 439 00ae 1342     	 tst r3,r2
 440 00b0 ECD0     	 beq .L31
 441              	.LVL27:
 442              	.L119:
 366:Drivers/STM32F3xx_HAL_Driver/Src/stm32f3xx_hal_rcc.c ****           {
 367:Drivers/STM32F3xx_HAL_Driver/Src/stm32f3xx_hal_rcc.c ****             return HAL_TIMEOUT;
 368:Drivers/STM32F3xx_HAL_Driver/Src/stm32f3xx_hal_rcc.c ****           }
 369:Drivers/STM32F3xx_HAL_Driver/Src/stm32f3xx_hal_rcc.c ****         }
 370:Drivers/STM32F3xx_HAL_Driver/Src/stm32f3xx_hal_rcc.c ****       }
 371:Drivers/STM32F3xx_HAL_Driver/Src/stm32f3xx_hal_rcc.c ****       else
 372:Drivers/STM32F3xx_HAL_Driver/Src/stm32f3xx_hal_rcc.c ****       {
 373:Drivers/STM32F3xx_HAL_Driver/Src/stm32f3xx_hal_rcc.c ****         /* Get Start Tick */
 374:Drivers/STM32F3xx_HAL_Driver/Src/stm32f3xx_hal_rcc.c ****         tickstart = HAL_GetTick();
 375:Drivers/STM32F3xx_HAL_Driver/Src/stm32f3xx_hal_rcc.c ****         
 376:Drivers/STM32F3xx_HAL_Driver/Src/stm32f3xx_hal_rcc.c ****         /* Wait till HSE is disabled */
 377:Drivers/STM32F3xx_HAL_Driver/Src/stm32f3xx_hal_rcc.c ****         while(__HAL_RCC_GET_FLAG(RCC_FLAG_HSERDY) != RESET)
 378:Drivers/STM32F3xx_HAL_Driver/Src/stm32f3xx_hal_rcc.c ****         {
 379:Drivers/STM32F3xx_HAL_Driver/Src/stm32f3xx_hal_rcc.c ****            if((HAL_GetTick() - tickstart ) > HSE_TIMEOUT_VALUE)
 380:Drivers/STM32F3xx_HAL_Driver/Src/stm32f3xx_hal_rcc.c ****           {
ARM GAS   			page 34


 381:Drivers/STM32F3xx_HAL_Driver/Src/stm32f3xx_hal_rcc.c ****             return HAL_TIMEOUT;
 382:Drivers/STM32F3xx_HAL_Driver/Src/stm32f3xx_hal_rcc.c ****           }
 383:Drivers/STM32F3xx_HAL_Driver/Src/stm32f3xx_hal_rcc.c ****         }
 384:Drivers/STM32F3xx_HAL_Driver/Src/stm32f3xx_hal_rcc.c ****       }
 385:Drivers/STM32F3xx_HAL_Driver/Src/stm32f3xx_hal_rcc.c ****     }
 386:Drivers/STM32F3xx_HAL_Driver/Src/stm32f3xx_hal_rcc.c ****   }
 387:Drivers/STM32F3xx_HAL_Driver/Src/stm32f3xx_hal_rcc.c ****   /*----------------------------- HSI Configuration --------------------------*/ 
 388:Drivers/STM32F3xx_HAL_Driver/Src/stm32f3xx_hal_rcc.c ****   if(((RCC_OscInitStruct->OscillatorType) & RCC_OSCILLATORTYPE_HSI) == RCC_OSCILLATORTYPE_HSI)
 443              	 .loc 1 388 25 view .LVU135
 444 00b2 2368     	 ldr r3,[r4]
 445              	.L20:
 446              	 .loc 1 388 3 is_stmt 1 view .LVU136
 447              	 .loc 1 388 5 is_stmt 0 view .LVU137
 448 00b4 9F07     	 lsls r7,r3,#30
 449 00b6 41D5     	 bpl .L34
 389:Drivers/STM32F3xx_HAL_Driver/Src/stm32f3xx_hal_rcc.c ****   {
 390:Drivers/STM32F3xx_HAL_Driver/Src/stm32f3xx_hal_rcc.c ****     /* Check the parameters */
 391:Drivers/STM32F3xx_HAL_Driver/Src/stm32f3xx_hal_rcc.c ****     assert_param(IS_RCC_HSI(RCC_OscInitStruct->HSIState));
 450              	 .loc 1 391 5 is_stmt 1 view .LVU138
 392:Drivers/STM32F3xx_HAL_Driver/Src/stm32f3xx_hal_rcc.c ****     assert_param(IS_RCC_CALIBRATION_VALUE(RCC_OscInitStruct->HSICalibrationValue));
 451              	 .loc 1 392 5 view .LVU139
 393:Drivers/STM32F3xx_HAL_Driver/Src/stm32f3xx_hal_rcc.c ****     
 394:Drivers/STM32F3xx_HAL_Driver/Src/stm32f3xx_hal_rcc.c ****     /* Check if HSI is used as system clock or as PLL source when PLL is selected as system clock *
 395:Drivers/STM32F3xx_HAL_Driver/Src/stm32f3xx_hal_rcc.c ****     if((__HAL_RCC_GET_SYSCLK_SOURCE() == RCC_SYSCLKSOURCE_STATUS_HSI) 
 452              	 .loc 1 395 5 view .LVU140
 453              	 .loc 1 395 9 is_stmt 0 view .LVU141
 454 00b8 8B4A     	 ldr r2,.L134
 455 00ba 5168     	 ldr r1,[r2,#4]
 456              	 .loc 1 395 7 view .LVU142
 457 00bc 11F00C0F 	 tst r1,#12
 458 00c0 00F0C880 	 beq .L35
 396:Drivers/STM32F3xx_HAL_Driver/Src/stm32f3xx_hal_rcc.c ****        || ((__HAL_RCC_GET_SYSCLK_SOURCE() == RCC_SYSCLKSOURCE_STATUS_PLLCLK) && (__HAL_RCC_GET_PLL_
 459              	 .loc 1 396 13 view .LVU143
 460 00c4 5168     	 ldr r1,[r2,#4]
 461 00c6 01F00C01 	 and r1,r1,#12
 462              	 .loc 1 396 8 view .LVU144
 463 00ca 0829     	 cmp r1,#8
 464 00cc 00F0BE80 	 beq .L126
 465              	.L36:
 397:Drivers/STM32F3xx_HAL_Driver/Src/stm32f3xx_hal_rcc.c ****     {
 398:Drivers/STM32F3xx_HAL_Driver/Src/stm32f3xx_hal_rcc.c ****       /* When HSI is used as system clock it will not disabled */
 399:Drivers/STM32F3xx_HAL_Driver/Src/stm32f3xx_hal_rcc.c ****       if((__HAL_RCC_GET_FLAG(RCC_FLAG_HSIRDY) != RESET) && (RCC_OscInitStruct->HSIState != RCC_HSI_
 400:Drivers/STM32F3xx_HAL_Driver/Src/stm32f3xx_hal_rcc.c ****       {
 401:Drivers/STM32F3xx_HAL_Driver/Src/stm32f3xx_hal_rcc.c ****         return HAL_ERROR;
 402:Drivers/STM32F3xx_HAL_Driver/Src/stm32f3xx_hal_rcc.c ****       }
 403:Drivers/STM32F3xx_HAL_Driver/Src/stm32f3xx_hal_rcc.c ****       /* Otherwise, just the calibration is allowed */
 404:Drivers/STM32F3xx_HAL_Driver/Src/stm32f3xx_hal_rcc.c ****       else
 405:Drivers/STM32F3xx_HAL_Driver/Src/stm32f3xx_hal_rcc.c ****       {
 406:Drivers/STM32F3xx_HAL_Driver/Src/stm32f3xx_hal_rcc.c ****         /* Adjusts the Internal High Speed oscillator (HSI) calibration value.*/
 407:Drivers/STM32F3xx_HAL_Driver/Src/stm32f3xx_hal_rcc.c ****         __HAL_RCC_HSI_CALIBRATIONVALUE_ADJUST(RCC_OscInitStruct->HSICalibrationValue);
 408:Drivers/STM32F3xx_HAL_Driver/Src/stm32f3xx_hal_rcc.c ****       }
 409:Drivers/STM32F3xx_HAL_Driver/Src/stm32f3xx_hal_rcc.c ****     }
 410:Drivers/STM32F3xx_HAL_Driver/Src/stm32f3xx_hal_rcc.c ****     else
 411:Drivers/STM32F3xx_HAL_Driver/Src/stm32f3xx_hal_rcc.c ****     {
 412:Drivers/STM32F3xx_HAL_Driver/Src/stm32f3xx_hal_rcc.c ****       /* Check the HSI State */
 413:Drivers/STM32F3xx_HAL_Driver/Src/stm32f3xx_hal_rcc.c ****       if(RCC_OscInitStruct->HSIState != RCC_HSI_OFF)
 466              	 .loc 1 413 7 is_stmt 1 view .LVU145
ARM GAS   			page 35


 467              	 .loc 1 413 9 is_stmt 0 view .LVU146
 468 00d0 2269     	 ldr r2,[r4,#16]
 469 00d2 002A     	 cmp r2,#0
 470 00d4 00F0AD81 	 beq .L38
 414:Drivers/STM32F3xx_HAL_Driver/Src/stm32f3xx_hal_rcc.c ****       {
 415:Drivers/STM32F3xx_HAL_Driver/Src/stm32f3xx_hal_rcc.c ****        /* Enable the Internal High Speed oscillator (HSI). */
 416:Drivers/STM32F3xx_HAL_Driver/Src/stm32f3xx_hal_rcc.c ****         __HAL_RCC_HSI_ENABLE();
 471              	 .loc 1 416 9 is_stmt 1 view .LVU147
 472              	.LVL28:
 473              	.LBB188:
 474              	.LBI188:
 981:Drivers/CMSIS/Include/cmsis_gcc.h **** {
 475              	 .loc 2 981 31 view .LVU148
 476              	.LBB189:
 983:Drivers/CMSIS/Include/cmsis_gcc.h **** 
 477              	 .loc 2 983 3 view .LVU149
 988:Drivers/CMSIS/Include/cmsis_gcc.h **** #else
 478              	 .loc 2 988 4 view .LVU150
 479 00d8 0125     	 movs r5,#1
 480              	 .syntax unified
 481              	
 482 00da 95FAA5F3 	 rbit r3,r5
 483              	
 484              	.LVL29:
 485              	 .loc 2 1001 3 view .LVU151
 486              	 .loc 2 1001 3 is_stmt 0 view .LVU152
 487              	 .thumb
 488              	 .syntax unified
 489              	.LBE189:
 490              	.LBE188:
 491              	 .loc 1 416 9 view .LVU153
 492 00de B3FA83F3 	 clz r3,r3
 493 00e2 03F18453 	 add r3,r3,#276824064
 494 00e6 03F58413 	 add r3,r3,#1081344
 495 00ea 9B00     	 lsls r3,r3,#2
 417:Drivers/STM32F3xx_HAL_Driver/Src/stm32f3xx_hal_rcc.c ****         
 418:Drivers/STM32F3xx_HAL_Driver/Src/stm32f3xx_hal_rcc.c ****         /* Get Start Tick */
 419:Drivers/STM32F3xx_HAL_Driver/Src/stm32f3xx_hal_rcc.c ****         tickstart = HAL_GetTick();
 420:Drivers/STM32F3xx_HAL_Driver/Src/stm32f3xx_hal_rcc.c ****         
 421:Drivers/STM32F3xx_HAL_Driver/Src/stm32f3xx_hal_rcc.c ****         /* Wait till HSI is ready */
 422:Drivers/STM32F3xx_HAL_Driver/Src/stm32f3xx_hal_rcc.c ****         while(__HAL_RCC_GET_FLAG(RCC_FLAG_HSIRDY) == RESET)
 496              	 .loc 1 422 15 view .LVU154
 497 00ec 7E4F     	 ldr r7,.L134
 416:Drivers/STM32F3xx_HAL_Driver/Src/stm32f3xx_hal_rcc.c ****         
 498              	 .loc 1 416 9 view .LVU155
 499 00ee 1D60     	 str r5,[r3]
 419:Drivers/STM32F3xx_HAL_Driver/Src/stm32f3xx_hal_rcc.c ****         
 500              	 .loc 1 419 9 is_stmt 1 view .LVU156
 419:Drivers/STM32F3xx_HAL_Driver/Src/stm32f3xx_hal_rcc.c ****         
 501              	 .loc 1 419 21 is_stmt 0 view .LVU157
 502 00f0 FFF7FEFF 	 bl HAL_GetTick
 503              	.LVL30:
 504              	.LBB190:
 505              	.LBB191:
 988:Drivers/CMSIS/Include/cmsis_gcc.h **** #else
 506              	 .loc 2 988 4 view .LVU158
 507 00f4 4FF00208 	 mov r8,#2
ARM GAS   			page 36


 508              	.LBE191:
 509              	.LBE190:
 419:Drivers/STM32F3xx_HAL_Driver/Src/stm32f3xx_hal_rcc.c ****         
 510              	 .loc 1 419 21 view .LVU159
 511 00f8 0646     	 mov r6,r0
 512              	.LVL31:
 513              	 .loc 1 422 9 is_stmt 1 view .LVU160
 514              	 .loc 1 422 14 is_stmt 0 view .LVU161
 515 00fa 05E0     	 b .L39
 516              	.LVL32:
 517              	.L40:
 423:Drivers/STM32F3xx_HAL_Driver/Src/stm32f3xx_hal_rcc.c ****         {
 424:Drivers/STM32F3xx_HAL_Driver/Src/stm32f3xx_hal_rcc.c ****           if((HAL_GetTick() - tickstart ) > HSI_TIMEOUT_VALUE)
 518              	 .loc 1 424 15 view .LVU162
 519 00fc FFF7FEFF 	 bl HAL_GetTick
 520              	.LVL33:
 521              	 .loc 1 424 29 view .LVU163
 522 0100 801B     	 subs r0,r0,r6
 523              	 .loc 1 424 13 view .LVU164
 524 0102 0228     	 cmp r0,#2
 525 0104 00F23281 	 bhi .L32
 526              	.L39:
 422:Drivers/STM32F3xx_HAL_Driver/Src/stm32f3xx_hal_rcc.c ****         {
 527              	 .loc 1 422 14 is_stmt 1 view .LVU165
 528              	.LVL34:
 529              	.LBB193:
 530              	.LBI190:
 981:Drivers/CMSIS/Include/cmsis_gcc.h **** {
 531              	 .loc 2 981 31 view .LVU166
 532              	.LBB192:
 983:Drivers/CMSIS/Include/cmsis_gcc.h **** 
 533              	 .loc 2 983 3 view .LVU167
 988:Drivers/CMSIS/Include/cmsis_gcc.h **** #else
 534              	 .loc 2 988 4 view .LVU168
 535              	 .syntax unified
 536              	
 537 0108 98FAA8F3 	 rbit r3,r8
 538              	
 539              	.LVL35:
 540              	 .loc 2 1001 3 view .LVU169
 541              	 .loc 2 1001 3 is_stmt 0 view .LVU170
 542              	 .thumb
 543              	 .syntax unified
 544              	.LBE192:
 545              	.LBE193:
 422:Drivers/STM32F3xx_HAL_Driver/Src/stm32f3xx_hal_rcc.c ****         {
 546              	 .loc 1 422 15 view .LVU171
 547 010c 3A68     	 ldr r2,[r7]
 548              	.LVL36:
 549              	.LBB194:
 550              	.LBI194:
 981:Drivers/CMSIS/Include/cmsis_gcc.h **** {
 551              	 .loc 2 981 31 is_stmt 1 view .LVU172
 552              	.LBB195:
 983:Drivers/CMSIS/Include/cmsis_gcc.h **** 
 553              	 .loc 2 983 3 view .LVU173
 988:Drivers/CMSIS/Include/cmsis_gcc.h **** #else
ARM GAS   			page 37


 554              	 .loc 2 988 4 view .LVU174
 555              	 .syntax unified
 556              	
 557 010e 98FAA8F3 	 rbit r3,r8
 558              	
 559              	 .thumb
 560              	 .syntax unified
 561              	.LBE195:
 562              	.LBE194:
 563              	 .loc 1 424 11 view .LVU175
 564              	.LVL37:
 565              	.LBB197:
 566              	.LBB196:
 567              	 .loc 2 1001 3 view .LVU176
 568              	 .loc 2 1001 3 is_stmt 0 view .LVU177
 569              	.LBE196:
 570              	.LBE197:
 422:Drivers/STM32F3xx_HAL_Driver/Src/stm32f3xx_hal_rcc.c ****         {
 571              	 .loc 1 422 15 view .LVU178
 572 0112 B3FA83F3 	 clz r3,r3
 573 0116 03F01F03 	 and r3,r3,#31
 574 011a 05FA03F3 	 lsl r3,r5,r3
 422:Drivers/STM32F3xx_HAL_Driver/Src/stm32f3xx_hal_rcc.c ****         {
 575              	 .loc 1 422 14 view .LVU179
 576 011e 1342     	 tst r3,r2
 577 0120 ECD0     	 beq .L40
 425:Drivers/STM32F3xx_HAL_Driver/Src/stm32f3xx_hal_rcc.c ****           {
 426:Drivers/STM32F3xx_HAL_Driver/Src/stm32f3xx_hal_rcc.c ****             return HAL_TIMEOUT;
 427:Drivers/STM32F3xx_HAL_Driver/Src/stm32f3xx_hal_rcc.c ****           }
 428:Drivers/STM32F3xx_HAL_Driver/Src/stm32f3xx_hal_rcc.c ****         }
 429:Drivers/STM32F3xx_HAL_Driver/Src/stm32f3xx_hal_rcc.c ****                 
 430:Drivers/STM32F3xx_HAL_Driver/Src/stm32f3xx_hal_rcc.c ****         /* Adjusts the Internal High Speed oscillator (HSI) calibration value.*/
 431:Drivers/STM32F3xx_HAL_Driver/Src/stm32f3xx_hal_rcc.c ****         __HAL_RCC_HSI_CALIBRATIONVALUE_ADJUST(RCC_OscInitStruct->HSICalibrationValue);
 578              	 .loc 1 431 9 is_stmt 1 view .LVU180
 579 0122 3968     	 ldr r1,[r7]
 580              	.LVL38:
 581              	.LBB198:
 582              	.LBI198:
 981:Drivers/CMSIS/Include/cmsis_gcc.h **** {
 583              	 .loc 2 981 31 view .LVU181
 584              	.LBB199:
 983:Drivers/CMSIS/Include/cmsis_gcc.h **** 
 585              	 .loc 2 983 3 view .LVU182
 988:Drivers/CMSIS/Include/cmsis_gcc.h **** #else
 586              	 .loc 2 988 4 view .LVU183
 587 0124 F822     	 movs r2,#248
 588              	 .syntax unified
 589              	
 590 0126 92FAA2F2 	 rbit r2,r2
 591              	
 592              	.LVL39:
 593              	 .loc 2 1001 3 view .LVU184
 594              	 .loc 2 1001 3 is_stmt 0 view .LVU185
 595              	 .thumb
 596              	 .syntax unified
 597              	.LBE199:
 598              	.LBE198:
ARM GAS   			page 38


 599              	 .loc 1 431 9 view .LVU186
 600 012a 6369     	 ldr r3,[r4,#20]
 601 012c B2FA82F2 	 clz r2,r2
 602 0130 9340     	 lsls r3,r3,r2
 603 0132 21F0F802 	 bic r2,r1,#248
 604 0136 1343     	 orrs r3,r3,r2
 605 0138 3B60     	 str r3,[r7]
 432:Drivers/STM32F3xx_HAL_Driver/Src/stm32f3xx_hal_rcc.c ****       }
 433:Drivers/STM32F3xx_HAL_Driver/Src/stm32f3xx_hal_rcc.c ****       else
 434:Drivers/STM32F3xx_HAL_Driver/Src/stm32f3xx_hal_rcc.c ****       {
 435:Drivers/STM32F3xx_HAL_Driver/Src/stm32f3xx_hal_rcc.c ****         /* Disable the Internal High Speed oscillator (HSI). */
 436:Drivers/STM32F3xx_HAL_Driver/Src/stm32f3xx_hal_rcc.c ****         __HAL_RCC_HSI_DISABLE();
 437:Drivers/STM32F3xx_HAL_Driver/Src/stm32f3xx_hal_rcc.c ****         
 438:Drivers/STM32F3xx_HAL_Driver/Src/stm32f3xx_hal_rcc.c ****         /* Get Start Tick */
 439:Drivers/STM32F3xx_HAL_Driver/Src/stm32f3xx_hal_rcc.c ****         tickstart = HAL_GetTick();
 440:Drivers/STM32F3xx_HAL_Driver/Src/stm32f3xx_hal_rcc.c ****         
 441:Drivers/STM32F3xx_HAL_Driver/Src/stm32f3xx_hal_rcc.c ****         /* Wait till HSI is disabled */
 442:Drivers/STM32F3xx_HAL_Driver/Src/stm32f3xx_hal_rcc.c ****         while(__HAL_RCC_GET_FLAG(RCC_FLAG_HSIRDY) != RESET)
 443:Drivers/STM32F3xx_HAL_Driver/Src/stm32f3xx_hal_rcc.c ****         {
 444:Drivers/STM32F3xx_HAL_Driver/Src/stm32f3xx_hal_rcc.c ****           if((HAL_GetTick() - tickstart ) > HSI_TIMEOUT_VALUE)
 445:Drivers/STM32F3xx_HAL_Driver/Src/stm32f3xx_hal_rcc.c ****           {
 446:Drivers/STM32F3xx_HAL_Driver/Src/stm32f3xx_hal_rcc.c ****             return HAL_TIMEOUT;
 447:Drivers/STM32F3xx_HAL_Driver/Src/stm32f3xx_hal_rcc.c ****           }
 448:Drivers/STM32F3xx_HAL_Driver/Src/stm32f3xx_hal_rcc.c ****         }
 449:Drivers/STM32F3xx_HAL_Driver/Src/stm32f3xx_hal_rcc.c ****       }
 450:Drivers/STM32F3xx_HAL_Driver/Src/stm32f3xx_hal_rcc.c ****     }
 451:Drivers/STM32F3xx_HAL_Driver/Src/stm32f3xx_hal_rcc.c ****   }
 452:Drivers/STM32F3xx_HAL_Driver/Src/stm32f3xx_hal_rcc.c ****   /*------------------------------ LSI Configuration -------------------------*/ 
 453:Drivers/STM32F3xx_HAL_Driver/Src/stm32f3xx_hal_rcc.c ****   if(((RCC_OscInitStruct->OscillatorType) & RCC_OSCILLATORTYPE_LSI) == RCC_OSCILLATORTYPE_LSI)
 606              	 .loc 1 453 25 view .LVU187
 607 013a 2368     	 ldr r3,[r4]
 608              	.LVL40:
 609              	.L34:
 610              	 .loc 1 453 3 is_stmt 1 view .LVU188
 611              	 .loc 1 453 5 is_stmt 0 view .LVU189
 612 013c 1D07     	 lsls r5,r3,#28
 613 013e 21D4     	 bmi .L127
 614              	.L43:
 454:Drivers/STM32F3xx_HAL_Driver/Src/stm32f3xx_hal_rcc.c ****   {
 455:Drivers/STM32F3xx_HAL_Driver/Src/stm32f3xx_hal_rcc.c ****     /* Check the parameters */
 456:Drivers/STM32F3xx_HAL_Driver/Src/stm32f3xx_hal_rcc.c ****     assert_param(IS_RCC_LSI(RCC_OscInitStruct->LSIState));
 457:Drivers/STM32F3xx_HAL_Driver/Src/stm32f3xx_hal_rcc.c ****     
 458:Drivers/STM32F3xx_HAL_Driver/Src/stm32f3xx_hal_rcc.c ****     /* Check the LSI State */
 459:Drivers/STM32F3xx_HAL_Driver/Src/stm32f3xx_hal_rcc.c ****     if(RCC_OscInitStruct->LSIState != RCC_LSI_OFF)
 460:Drivers/STM32F3xx_HAL_Driver/Src/stm32f3xx_hal_rcc.c ****     {
 461:Drivers/STM32F3xx_HAL_Driver/Src/stm32f3xx_hal_rcc.c ****       /* Enable the Internal Low Speed oscillator (LSI). */
 462:Drivers/STM32F3xx_HAL_Driver/Src/stm32f3xx_hal_rcc.c ****       __HAL_RCC_LSI_ENABLE();
 463:Drivers/STM32F3xx_HAL_Driver/Src/stm32f3xx_hal_rcc.c ****       
 464:Drivers/STM32F3xx_HAL_Driver/Src/stm32f3xx_hal_rcc.c ****       /* Get Start Tick */
 465:Drivers/STM32F3xx_HAL_Driver/Src/stm32f3xx_hal_rcc.c ****       tickstart = HAL_GetTick();
 466:Drivers/STM32F3xx_HAL_Driver/Src/stm32f3xx_hal_rcc.c ****       
 467:Drivers/STM32F3xx_HAL_Driver/Src/stm32f3xx_hal_rcc.c ****       /* Wait till LSI is ready */  
 468:Drivers/STM32F3xx_HAL_Driver/Src/stm32f3xx_hal_rcc.c ****       while(__HAL_RCC_GET_FLAG(RCC_FLAG_LSIRDY) == RESET)
 469:Drivers/STM32F3xx_HAL_Driver/Src/stm32f3xx_hal_rcc.c ****       {
 470:Drivers/STM32F3xx_HAL_Driver/Src/stm32f3xx_hal_rcc.c ****         if((HAL_GetTick() - tickstart ) > LSI_TIMEOUT_VALUE)
 471:Drivers/STM32F3xx_HAL_Driver/Src/stm32f3xx_hal_rcc.c ****         {
 472:Drivers/STM32F3xx_HAL_Driver/Src/stm32f3xx_hal_rcc.c ****           return HAL_TIMEOUT;
ARM GAS   			page 39


 473:Drivers/STM32F3xx_HAL_Driver/Src/stm32f3xx_hal_rcc.c ****         }
 474:Drivers/STM32F3xx_HAL_Driver/Src/stm32f3xx_hal_rcc.c ****       }
 475:Drivers/STM32F3xx_HAL_Driver/Src/stm32f3xx_hal_rcc.c ****     }
 476:Drivers/STM32F3xx_HAL_Driver/Src/stm32f3xx_hal_rcc.c ****     else
 477:Drivers/STM32F3xx_HAL_Driver/Src/stm32f3xx_hal_rcc.c ****     {
 478:Drivers/STM32F3xx_HAL_Driver/Src/stm32f3xx_hal_rcc.c ****       /* Disable the Internal Low Speed oscillator (LSI). */
 479:Drivers/STM32F3xx_HAL_Driver/Src/stm32f3xx_hal_rcc.c ****       __HAL_RCC_LSI_DISABLE();
 480:Drivers/STM32F3xx_HAL_Driver/Src/stm32f3xx_hal_rcc.c ****       
 481:Drivers/STM32F3xx_HAL_Driver/Src/stm32f3xx_hal_rcc.c ****       /* Get Start Tick */
 482:Drivers/STM32F3xx_HAL_Driver/Src/stm32f3xx_hal_rcc.c ****       tickstart = HAL_GetTick();
 483:Drivers/STM32F3xx_HAL_Driver/Src/stm32f3xx_hal_rcc.c ****       
 484:Drivers/STM32F3xx_HAL_Driver/Src/stm32f3xx_hal_rcc.c ****       /* Wait till LSI is disabled */  
 485:Drivers/STM32F3xx_HAL_Driver/Src/stm32f3xx_hal_rcc.c ****       while(__HAL_RCC_GET_FLAG(RCC_FLAG_LSIRDY) != RESET)
 486:Drivers/STM32F3xx_HAL_Driver/Src/stm32f3xx_hal_rcc.c ****       {
 487:Drivers/STM32F3xx_HAL_Driver/Src/stm32f3xx_hal_rcc.c ****         if((HAL_GetTick() - tickstart ) > LSI_TIMEOUT_VALUE)
 488:Drivers/STM32F3xx_HAL_Driver/Src/stm32f3xx_hal_rcc.c ****         {
 489:Drivers/STM32F3xx_HAL_Driver/Src/stm32f3xx_hal_rcc.c ****           return HAL_TIMEOUT;
 490:Drivers/STM32F3xx_HAL_Driver/Src/stm32f3xx_hal_rcc.c ****         }
 491:Drivers/STM32F3xx_HAL_Driver/Src/stm32f3xx_hal_rcc.c ****       }
 492:Drivers/STM32F3xx_HAL_Driver/Src/stm32f3xx_hal_rcc.c ****     }
 493:Drivers/STM32F3xx_HAL_Driver/Src/stm32f3xx_hal_rcc.c ****   }
 494:Drivers/STM32F3xx_HAL_Driver/Src/stm32f3xx_hal_rcc.c ****   /*------------------------------ LSE Configuration -------------------------*/ 
 495:Drivers/STM32F3xx_HAL_Driver/Src/stm32f3xx_hal_rcc.c ****   if(((RCC_OscInitStruct->OscillatorType) & RCC_OSCILLATORTYPE_LSE) == RCC_OSCILLATORTYPE_LSE)
 615              	 .loc 1 495 3 is_stmt 1 view .LVU190
 616              	 .loc 1 495 5 is_stmt 0 view .LVU191
 617 0140 5807     	 lsls r0,r3,#29
 618 0142 4CD5     	 bpl .L50
 619              	.L132:
 620              	.LBB200:
 496:Drivers/STM32F3xx_HAL_Driver/Src/stm32f3xx_hal_rcc.c ****   {
 497:Drivers/STM32F3xx_HAL_Driver/Src/stm32f3xx_hal_rcc.c ****     FlagStatus       pwrclkchanged = RESET;
 621              	 .loc 1 497 5 is_stmt 1 view .LVU192
 622              	.LVL41:
 498:Drivers/STM32F3xx_HAL_Driver/Src/stm32f3xx_hal_rcc.c ****     
 499:Drivers/STM32F3xx_HAL_Driver/Src/stm32f3xx_hal_rcc.c ****     /* Check the parameters */
 500:Drivers/STM32F3xx_HAL_Driver/Src/stm32f3xx_hal_rcc.c ****     assert_param(IS_RCC_LSE(RCC_OscInitStruct->LSEState));
 623              	 .loc 1 500 5 view .LVU193
 501:Drivers/STM32F3xx_HAL_Driver/Src/stm32f3xx_hal_rcc.c **** 
 502:Drivers/STM32F3xx_HAL_Driver/Src/stm32f3xx_hal_rcc.c ****     /* Update LSE configuration in Backup Domain control register    */
 503:Drivers/STM32F3xx_HAL_Driver/Src/stm32f3xx_hal_rcc.c ****     /* Requires to enable write access to Backup Domain of necessary */
 504:Drivers/STM32F3xx_HAL_Driver/Src/stm32f3xx_hal_rcc.c ****     if(__HAL_RCC_PWR_IS_CLK_DISABLED())
 624              	 .loc 1 504 5 view .LVU194
 625              	 .loc 1 504 8 is_stmt 0 view .LVU195
 626 0144 684B     	 ldr r3,.L134
 627 0146 DA69     	 ldr r2,[r3,#28]
 628              	 .loc 1 504 7 view .LVU196
 629 0148 D100     	 lsls r1,r2,#3
 630 014a 40F1C180 	 bpl .L128
 497:Drivers/STM32F3xx_HAL_Driver/Src/stm32f3xx_hal_rcc.c ****     
 631              	 .loc 1 497 22 view .LVU197
 632 014e 4FF00008 	 mov r8,#0
 633              	.LVL42:
 634              	.L51:
 505:Drivers/STM32F3xx_HAL_Driver/Src/stm32f3xx_hal_rcc.c ****     {
 506:Drivers/STM32F3xx_HAL_Driver/Src/stm32f3xx_hal_rcc.c ****       __HAL_RCC_PWR_CLK_ENABLE();
 507:Drivers/STM32F3xx_HAL_Driver/Src/stm32f3xx_hal_rcc.c ****       pwrclkchanged = SET;
 508:Drivers/STM32F3xx_HAL_Driver/Src/stm32f3xx_hal_rcc.c ****     }
ARM GAS   			page 40


 509:Drivers/STM32F3xx_HAL_Driver/Src/stm32f3xx_hal_rcc.c ****     
 510:Drivers/STM32F3xx_HAL_Driver/Src/stm32f3xx_hal_rcc.c ****     if(HAL_IS_BIT_CLR(PWR->CR, PWR_CR_DBP))
 635              	 .loc 1 510 5 is_stmt 1 view .LVU198
 636              	 .loc 1 510 8 is_stmt 0 view .LVU199
 637 0152 664D     	 ldr r5,.L134+4
 638 0154 2B68     	 ldr r3,[r5]
 639              	 .loc 1 510 7 view .LVU200
 640 0156 DA05     	 lsls r2,r3,#23
 641 0158 40F1F880 	 bpl .L52
 642              	.L57:
 511:Drivers/STM32F3xx_HAL_Driver/Src/stm32f3xx_hal_rcc.c ****     {
 512:Drivers/STM32F3xx_HAL_Driver/Src/stm32f3xx_hal_rcc.c ****       /* Enable write access to Backup domain */
 513:Drivers/STM32F3xx_HAL_Driver/Src/stm32f3xx_hal_rcc.c ****       SET_BIT(PWR->CR, PWR_CR_DBP);
 514:Drivers/STM32F3xx_HAL_Driver/Src/stm32f3xx_hal_rcc.c ****       
 515:Drivers/STM32F3xx_HAL_Driver/Src/stm32f3xx_hal_rcc.c ****       /* Wait for Backup domain Write protection disable */
 516:Drivers/STM32F3xx_HAL_Driver/Src/stm32f3xx_hal_rcc.c ****       tickstart = HAL_GetTick();
 517:Drivers/STM32F3xx_HAL_Driver/Src/stm32f3xx_hal_rcc.c **** 
 518:Drivers/STM32F3xx_HAL_Driver/Src/stm32f3xx_hal_rcc.c ****       while(HAL_IS_BIT_CLR(PWR->CR, PWR_CR_DBP))
 519:Drivers/STM32F3xx_HAL_Driver/Src/stm32f3xx_hal_rcc.c ****       {
 520:Drivers/STM32F3xx_HAL_Driver/Src/stm32f3xx_hal_rcc.c ****         if((HAL_GetTick() - tickstart) > RCC_DBP_TIMEOUT_VALUE)
 521:Drivers/STM32F3xx_HAL_Driver/Src/stm32f3xx_hal_rcc.c ****         {
 522:Drivers/STM32F3xx_HAL_Driver/Src/stm32f3xx_hal_rcc.c ****           return HAL_TIMEOUT;
 523:Drivers/STM32F3xx_HAL_Driver/Src/stm32f3xx_hal_rcc.c ****         }
 524:Drivers/STM32F3xx_HAL_Driver/Src/stm32f3xx_hal_rcc.c ****       }
 525:Drivers/STM32F3xx_HAL_Driver/Src/stm32f3xx_hal_rcc.c ****     }
 526:Drivers/STM32F3xx_HAL_Driver/Src/stm32f3xx_hal_rcc.c **** 
 527:Drivers/STM32F3xx_HAL_Driver/Src/stm32f3xx_hal_rcc.c ****     /* Set the new LSE configuration -----------------------------------------*/
 528:Drivers/STM32F3xx_HAL_Driver/Src/stm32f3xx_hal_rcc.c ****     __HAL_RCC_LSE_CONFIG(RCC_OscInitStruct->LSEState);
 643              	 .loc 1 528 5 is_stmt 1 view .LVU201
 644              	 .loc 1 528 5 view .LVU202
 645 015c E368     	 ldr r3,[r4,#12]
 646 015e 012B     	 cmp r3,#1
 647 0160 00F08D81 	 beq .L129
 648              	 .loc 1 528 5 discriminator 2 view .LVU203
 649 0164 002B     	 cmp r3,#0
 650 0166 00F02E81 	 beq .L130
 651              	 .loc 1 528 5 discriminator 5 view .LVU204
 652 016a 052B     	 cmp r3,#5
 653 016c 5E4B     	 ldr r3,.L134
 654 016e 1A6A     	 ldr r2,[r3,#32]
 655 0170 00F0CD81 	 beq .L131
 656              	 .loc 1 528 5 discriminator 8 view .LVU205
 657 0174 22F00102 	 bic r2,r2,#1
 658 0178 1A62     	 str r2,[r3,#32]
 659              	 .loc 1 528 5 discriminator 8 view .LVU206
 660 017a 1A6A     	 ldr r2,[r3,#32]
 661 017c 22F00402 	 bic r2,r2,#4
 662 0180 1A62     	 str r2,[r3,#32]
 663 0182 81E1     	 b .L58
 664              	.LVL43:
 665              	.L127:
 666              	 .loc 1 528 5 is_stmt 0 discriminator 8 view .LVU207
 667              	.LBE200:
 456:Drivers/STM32F3xx_HAL_Driver/Src/stm32f3xx_hal_rcc.c ****     
 668              	 .loc 1 456 5 is_stmt 1 view .LVU208
 459:Drivers/STM32F3xx_HAL_Driver/Src/stm32f3xx_hal_rcc.c ****     {
 669              	 .loc 1 459 5 view .LVU209
ARM GAS   			page 41


 459:Drivers/STM32F3xx_HAL_Driver/Src/stm32f3xx_hal_rcc.c ****     {
 670              	 .loc 1 459 7 is_stmt 0 view .LVU210
 671 0184 A269     	 ldr r2,[r4,#24]
 672 0186 002A     	 cmp r2,#0
 673 0188 7BD0     	 beq .L44
 462:Drivers/STM32F3xx_HAL_Driver/Src/stm32f3xx_hal_rcc.c ****       
 674              	 .loc 1 462 7 is_stmt 1 view .LVU211
 675              	.LVL44:
 676              	.LBB230:
 677              	.LBI230:
 981:Drivers/CMSIS/Include/cmsis_gcc.h **** {
 678              	 .loc 2 981 31 view .LVU212
 679              	.LBB231:
 983:Drivers/CMSIS/Include/cmsis_gcc.h **** 
 680              	 .loc 2 983 3 view .LVU213
 988:Drivers/CMSIS/Include/cmsis_gcc.h **** #else
 681              	 .loc 2 988 4 view .LVU214
 682 018a 0125     	 movs r5,#1
 683              	 .syntax unified
 684              	
 685 018c 95FAA5F2 	 rbit r2,r5
 686              	
 687              	.LVL45:
 688              	 .loc 2 1001 3 view .LVU215
 689              	 .loc 2 1001 3 is_stmt 0 view .LVU216
 690              	 .thumb
 691              	 .syntax unified
 692              	.LBE231:
 693              	.LBE230:
 462:Drivers/STM32F3xx_HAL_Driver/Src/stm32f3xx_hal_rcc.c ****       
 694              	 .loc 1 462 7 view .LVU217
 695 0190 574B     	 ldr r3,.L134+8
 468:Drivers/STM32F3xx_HAL_Driver/Src/stm32f3xx_hal_rcc.c ****       {
 696              	 .loc 1 468 13 view .LVU218
 697 0192 554F     	 ldr r7,.L134
 462:Drivers/STM32F3xx_HAL_Driver/Src/stm32f3xx_hal_rcc.c ****       
 698              	 .loc 1 462 7 view .LVU219
 699 0194 B2FA82F2 	 clz r2,r2
 700 0198 1344     	 add r3,r3,r2
 701 019a 9B00     	 lsls r3,r3,#2
 702              	.LBB232:
 703              	.LBB233:
 988:Drivers/CMSIS/Include/cmsis_gcc.h **** #else
 704              	 .loc 2 988 4 view .LVU220
 705 019c 4FF00208 	 mov r8,#2
 706              	.LBE233:
 707              	.LBE232:
 462:Drivers/STM32F3xx_HAL_Driver/Src/stm32f3xx_hal_rcc.c ****       
 708              	 .loc 1 462 7 view .LVU221
 709 01a0 1D60     	 str r5,[r3]
 465:Drivers/STM32F3xx_HAL_Driver/Src/stm32f3xx_hal_rcc.c ****       
 710              	 .loc 1 465 7 is_stmt 1 view .LVU222
 465:Drivers/STM32F3xx_HAL_Driver/Src/stm32f3xx_hal_rcc.c ****       
 711              	 .loc 1 465 19 is_stmt 0 view .LVU223
 712 01a2 FFF7FEFF 	 bl HAL_GetTick
 713              	.LVL46:
 714 01a6 0646     	 mov r6,r0
ARM GAS   			page 42


 715              	.LVL47:
 468:Drivers/STM32F3xx_HAL_Driver/Src/stm32f3xx_hal_rcc.c ****       {
 716              	 .loc 1 468 7 is_stmt 1 view .LVU224
 468:Drivers/STM32F3xx_HAL_Driver/Src/stm32f3xx_hal_rcc.c ****       {
 717              	 .loc 1 468 12 is_stmt 0 view .LVU225
 718 01a8 05E0     	 b .L45
 719              	.LVL48:
 720              	.L46:
 470:Drivers/STM32F3xx_HAL_Driver/Src/stm32f3xx_hal_rcc.c ****         {
 721              	 .loc 1 470 13 view .LVU226
 722 01aa FFF7FEFF 	 bl HAL_GetTick
 723              	.LVL49:
 470:Drivers/STM32F3xx_HAL_Driver/Src/stm32f3xx_hal_rcc.c ****         {
 724              	 .loc 1 470 27 view .LVU227
 725 01ae 801B     	 subs r0,r0,r6
 470:Drivers/STM32F3xx_HAL_Driver/Src/stm32f3xx_hal_rcc.c ****         {
 726              	 .loc 1 470 11 view .LVU228
 727 01b0 0228     	 cmp r0,#2
 728 01b2 00F2DB80 	 bhi .L32
 729              	.L45:
 468:Drivers/STM32F3xx_HAL_Driver/Src/stm32f3xx_hal_rcc.c ****       {
 730              	 .loc 1 468 12 is_stmt 1 view .LVU229
 731              	.LVL50:
 732              	.LBB235:
 733              	.LBI232:
 981:Drivers/CMSIS/Include/cmsis_gcc.h **** {
 734              	 .loc 2 981 31 view .LVU230
 735              	.LBB234:
 983:Drivers/CMSIS/Include/cmsis_gcc.h **** 
 736              	 .loc 2 983 3 view .LVU231
 988:Drivers/CMSIS/Include/cmsis_gcc.h **** #else
 737              	 .loc 2 988 4 view .LVU232
 738              	 .syntax unified
 739              	
 740 01b6 98FAA8F3 	 rbit r3,r8
 741              	
 742              	.LVL51:
 743              	 .loc 2 1001 3 view .LVU233
 744              	 .loc 2 1001 3 is_stmt 0 view .LVU234
 745              	 .thumb
 746              	 .syntax unified
 747              	.LBE234:
 748              	.LBE235:
 749              	.LBB236:
 750              	.LBI236:
 981:Drivers/CMSIS/Include/cmsis_gcc.h **** {
 751              	 .loc 2 981 31 is_stmt 1 view .LVU235
 752              	.LBB237:
 983:Drivers/CMSIS/Include/cmsis_gcc.h **** 
 753              	 .loc 2 983 3 view .LVU236
 988:Drivers/CMSIS/Include/cmsis_gcc.h **** #else
 754              	 .loc 2 988 4 view .LVU237
 755              	 .syntax unified
 756              	
 757 01ba 98FAA8F3 	 rbit r3,r8
 758              	
 759              	.LVL52:
ARM GAS   			page 43


 760              	 .loc 2 1001 3 view .LVU238
 761              	 .loc 2 1001 3 is_stmt 0 view .LVU239
 762              	 .thumb
 763              	 .syntax unified
 764              	.LBE237:
 765              	.LBE236:
 766              	.LBB238:
 767              	.LBI238:
 981:Drivers/CMSIS/Include/cmsis_gcc.h **** {
 768              	 .loc 2 981 31 is_stmt 1 view .LVU240
 769              	.LBB239:
 983:Drivers/CMSIS/Include/cmsis_gcc.h **** 
 770              	 .loc 2 983 3 view .LVU241
 988:Drivers/CMSIS/Include/cmsis_gcc.h **** #else
 771              	 .loc 2 988 4 view .LVU242
 772              	 .syntax unified
 773              	
 774 01be 98FAA8F3 	 rbit r3,r8
 775              	
 776              	.LVL53:
 777              	 .loc 2 1001 3 view .LVU243
 778              	 .loc 2 1001 3 is_stmt 0 view .LVU244
 779              	 .thumb
 780              	 .syntax unified
 781              	.LBE239:
 782              	.LBE238:
 468:Drivers/STM32F3xx_HAL_Driver/Src/stm32f3xx_hal_rcc.c ****       {
 783              	 .loc 1 468 13 view .LVU245
 784 01c2 7A6A     	 ldr r2,[r7,#36]
 785              	.LVL54:
 786              	.LBB240:
 787              	.LBI240:
 981:Drivers/CMSIS/Include/cmsis_gcc.h **** {
 788              	 .loc 2 981 31 is_stmt 1 view .LVU246
 789              	.LBB241:
 983:Drivers/CMSIS/Include/cmsis_gcc.h **** 
 790              	 .loc 2 983 3 view .LVU247
 988:Drivers/CMSIS/Include/cmsis_gcc.h **** #else
 791              	 .loc 2 988 4 view .LVU248
 792              	 .syntax unified
 793              	
 794 01c4 98FAA8F3 	 rbit r3,r8
 795              	
 796              	 .thumb
 797              	 .syntax unified
 798              	.LBE241:
 799              	.LBE240:
 470:Drivers/STM32F3xx_HAL_Driver/Src/stm32f3xx_hal_rcc.c ****         {
 800              	 .loc 1 470 9 view .LVU249
 801              	.LVL55:
 802              	.LBB243:
 803              	.LBB242:
 804              	 .loc 2 1001 3 view .LVU250
 805              	 .loc 2 1001 3 is_stmt 0 view .LVU251
 806              	.LBE242:
 807              	.LBE243:
 468:Drivers/STM32F3xx_HAL_Driver/Src/stm32f3xx_hal_rcc.c ****       {
ARM GAS   			page 44


 808              	 .loc 1 468 13 view .LVU252
 809 01c8 B3FA83F3 	 clz r3,r3
 810 01cc 03F01F03 	 and r3,r3,#31
 811 01d0 05FA03F3 	 lsl r3,r5,r3
 468:Drivers/STM32F3xx_HAL_Driver/Src/stm32f3xx_hal_rcc.c ****       {
 812              	 .loc 1 468 12 view .LVU253
 813 01d4 1342     	 tst r3,r2
 814 01d6 E8D0     	 beq .L46
 815              	.LVL56:
 816              	.L120:
 495:Drivers/STM32F3xx_HAL_Driver/Src/stm32f3xx_hal_rcc.c ****   {
 817              	 .loc 1 495 25 view .LVU254
 818 01d8 2368     	 ldr r3,[r4]
 495:Drivers/STM32F3xx_HAL_Driver/Src/stm32f3xx_hal_rcc.c ****   {
 819              	 .loc 1 495 3 is_stmt 1 view .LVU255
 495:Drivers/STM32F3xx_HAL_Driver/Src/stm32f3xx_hal_rcc.c ****   {
 820              	 .loc 1 495 5 is_stmt 0 view .LVU256
 821 01da 5807     	 lsls r0,r3,#29
 822 01dc B2D4     	 bmi .L132
 823              	.L50:
 529:Drivers/STM32F3xx_HAL_Driver/Src/stm32f3xx_hal_rcc.c ****     /* Check the LSE State */
 530:Drivers/STM32F3xx_HAL_Driver/Src/stm32f3xx_hal_rcc.c ****     if(RCC_OscInitStruct->LSEState != RCC_LSE_OFF)
 531:Drivers/STM32F3xx_HAL_Driver/Src/stm32f3xx_hal_rcc.c ****     {
 532:Drivers/STM32F3xx_HAL_Driver/Src/stm32f3xx_hal_rcc.c ****       /* Get Start Tick */
 533:Drivers/STM32F3xx_HAL_Driver/Src/stm32f3xx_hal_rcc.c ****       tickstart = HAL_GetTick();
 534:Drivers/STM32F3xx_HAL_Driver/Src/stm32f3xx_hal_rcc.c ****       
 535:Drivers/STM32F3xx_HAL_Driver/Src/stm32f3xx_hal_rcc.c ****       /* Wait till LSE is ready */  
 536:Drivers/STM32F3xx_HAL_Driver/Src/stm32f3xx_hal_rcc.c ****       while(__HAL_RCC_GET_FLAG(RCC_FLAG_LSERDY) == RESET)
 537:Drivers/STM32F3xx_HAL_Driver/Src/stm32f3xx_hal_rcc.c ****       {
 538:Drivers/STM32F3xx_HAL_Driver/Src/stm32f3xx_hal_rcc.c ****         if((HAL_GetTick() - tickstart ) > RCC_LSE_TIMEOUT_VALUE)
 539:Drivers/STM32F3xx_HAL_Driver/Src/stm32f3xx_hal_rcc.c ****         {
 540:Drivers/STM32F3xx_HAL_Driver/Src/stm32f3xx_hal_rcc.c ****           return HAL_TIMEOUT;
 541:Drivers/STM32F3xx_HAL_Driver/Src/stm32f3xx_hal_rcc.c ****         }
 542:Drivers/STM32F3xx_HAL_Driver/Src/stm32f3xx_hal_rcc.c ****       }
 543:Drivers/STM32F3xx_HAL_Driver/Src/stm32f3xx_hal_rcc.c ****     }
 544:Drivers/STM32F3xx_HAL_Driver/Src/stm32f3xx_hal_rcc.c ****     else
 545:Drivers/STM32F3xx_HAL_Driver/Src/stm32f3xx_hal_rcc.c ****     {
 546:Drivers/STM32F3xx_HAL_Driver/Src/stm32f3xx_hal_rcc.c ****       /* Get Start Tick */
 547:Drivers/STM32F3xx_HAL_Driver/Src/stm32f3xx_hal_rcc.c ****       tickstart = HAL_GetTick();
 548:Drivers/STM32F3xx_HAL_Driver/Src/stm32f3xx_hal_rcc.c ****       
 549:Drivers/STM32F3xx_HAL_Driver/Src/stm32f3xx_hal_rcc.c ****       /* Wait till LSE is disabled */  
 550:Drivers/STM32F3xx_HAL_Driver/Src/stm32f3xx_hal_rcc.c ****       while(__HAL_RCC_GET_FLAG(RCC_FLAG_LSERDY) != RESET)
 551:Drivers/STM32F3xx_HAL_Driver/Src/stm32f3xx_hal_rcc.c ****       {
 552:Drivers/STM32F3xx_HAL_Driver/Src/stm32f3xx_hal_rcc.c ****         if((HAL_GetTick() - tickstart ) > RCC_LSE_TIMEOUT_VALUE)
 553:Drivers/STM32F3xx_HAL_Driver/Src/stm32f3xx_hal_rcc.c ****         {
 554:Drivers/STM32F3xx_HAL_Driver/Src/stm32f3xx_hal_rcc.c ****           return HAL_TIMEOUT;
 555:Drivers/STM32F3xx_HAL_Driver/Src/stm32f3xx_hal_rcc.c ****         }
 556:Drivers/STM32F3xx_HAL_Driver/Src/stm32f3xx_hal_rcc.c ****       }
 557:Drivers/STM32F3xx_HAL_Driver/Src/stm32f3xx_hal_rcc.c ****     }
 558:Drivers/STM32F3xx_HAL_Driver/Src/stm32f3xx_hal_rcc.c **** 
 559:Drivers/STM32F3xx_HAL_Driver/Src/stm32f3xx_hal_rcc.c ****     /* Require to disable power clock if necessary */
 560:Drivers/STM32F3xx_HAL_Driver/Src/stm32f3xx_hal_rcc.c ****     if(pwrclkchanged == SET)
 561:Drivers/STM32F3xx_HAL_Driver/Src/stm32f3xx_hal_rcc.c ****     {
 562:Drivers/STM32F3xx_HAL_Driver/Src/stm32f3xx_hal_rcc.c ****       __HAL_RCC_PWR_CLK_DISABLE();
 563:Drivers/STM32F3xx_HAL_Driver/Src/stm32f3xx_hal_rcc.c ****     }
 564:Drivers/STM32F3xx_HAL_Driver/Src/stm32f3xx_hal_rcc.c ****   }
 565:Drivers/STM32F3xx_HAL_Driver/Src/stm32f3xx_hal_rcc.c **** 
ARM GAS   			page 45


 566:Drivers/STM32F3xx_HAL_Driver/Src/stm32f3xx_hal_rcc.c ****   /*-------------------------------- PLL Configuration -----------------------*/
 567:Drivers/STM32F3xx_HAL_Driver/Src/stm32f3xx_hal_rcc.c ****   /* Check the parameters */
 568:Drivers/STM32F3xx_HAL_Driver/Src/stm32f3xx_hal_rcc.c ****   assert_param(IS_RCC_PLL(RCC_OscInitStruct->PLL.PLLState));
 824              	 .loc 1 568 3 is_stmt 1 view .LVU257
 569:Drivers/STM32F3xx_HAL_Driver/Src/stm32f3xx_hal_rcc.c ****   if ((RCC_OscInitStruct->PLL.PLLState) != RCC_PLL_NONE)
 825              	 .loc 1 569 3 view .LVU258
 826              	 .loc 1 569 30 is_stmt 0 view .LVU259
 827 01de E069     	 ldr r0,[r4,#28]
 828              	 .loc 1 569 6 view .LVU260
 829 01e0 80B3     	 cbz r0,.L80
 570:Drivers/STM32F3xx_HAL_Driver/Src/stm32f3xx_hal_rcc.c ****   {
 571:Drivers/STM32F3xx_HAL_Driver/Src/stm32f3xx_hal_rcc.c ****     /* Check if the PLL is used as system clock or not */
 572:Drivers/STM32F3xx_HAL_Driver/Src/stm32f3xx_hal_rcc.c ****     if(__HAL_RCC_GET_SYSCLK_SOURCE() != RCC_SYSCLKSOURCE_STATUS_PLLCLK)
 830              	 .loc 1 572 5 is_stmt 1 view .LVU261
 831              	 .loc 1 572 8 is_stmt 0 view .LVU262
 832 01e2 414D     	 ldr r5,.L134
 833 01e4 6B68     	 ldr r3,[r5,#4]
 834 01e6 03F00C03 	 and r3,r3,#12
 835              	 .loc 1 572 7 view .LVU263
 836 01ea 082B     	 cmp r3,#8
 837 01ec 00F07181 	 beq .L74
 573:Drivers/STM32F3xx_HAL_Driver/Src/stm32f3xx_hal_rcc.c ****     { 
 574:Drivers/STM32F3xx_HAL_Driver/Src/stm32f3xx_hal_rcc.c ****       if((RCC_OscInitStruct->PLL.PLLState) == RCC_PLL_ON)
 838              	 .loc 1 574 7 is_stmt 1 view .LVU264
 839              	 .loc 1 574 9 is_stmt 0 view .LVU265
 840 01f0 0228     	 cmp r0,#2
 841              	.LBB244:
 842              	.LBB245:
 988:Drivers/CMSIS/Include/cmsis_gcc.h **** #else
 843              	 .loc 2 988 4 view .LVU266
 844 01f2 4FF08073 	 mov r3,#16777216
 845              	.LBE245:
 846              	.LBE244:
 847              	 .loc 1 574 9 view .LVU267
 848 01f6 00F09481 	 beq .L133
 575:Drivers/STM32F3xx_HAL_Driver/Src/stm32f3xx_hal_rcc.c ****       {
 576:Drivers/STM32F3xx_HAL_Driver/Src/stm32f3xx_hal_rcc.c ****         /* Check the parameters */
 577:Drivers/STM32F3xx_HAL_Driver/Src/stm32f3xx_hal_rcc.c ****         assert_param(IS_RCC_PLLSOURCE(RCC_OscInitStruct->PLL.PLLSource));
 578:Drivers/STM32F3xx_HAL_Driver/Src/stm32f3xx_hal_rcc.c ****         assert_param(IS_RCC_PLL_MUL(RCC_OscInitStruct->PLL.PLLMUL));
 579:Drivers/STM32F3xx_HAL_Driver/Src/stm32f3xx_hal_rcc.c **** #if   defined(RCC_CFGR_PLLSRC_HSI_PREDIV)
 580:Drivers/STM32F3xx_HAL_Driver/Src/stm32f3xx_hal_rcc.c ****         assert_param(IS_RCC_PREDIV(RCC_OscInitStruct->PLL.PREDIV));
 581:Drivers/STM32F3xx_HAL_Driver/Src/stm32f3xx_hal_rcc.c **** #endif
 582:Drivers/STM32F3xx_HAL_Driver/Src/stm32f3xx_hal_rcc.c ****   
 583:Drivers/STM32F3xx_HAL_Driver/Src/stm32f3xx_hal_rcc.c ****         /* Disable the main PLL. */
 584:Drivers/STM32F3xx_HAL_Driver/Src/stm32f3xx_hal_rcc.c ****         __HAL_RCC_PLL_DISABLE();
 585:Drivers/STM32F3xx_HAL_Driver/Src/stm32f3xx_hal_rcc.c ****         
 586:Drivers/STM32F3xx_HAL_Driver/Src/stm32f3xx_hal_rcc.c ****         /* Get Start Tick */
 587:Drivers/STM32F3xx_HAL_Driver/Src/stm32f3xx_hal_rcc.c ****         tickstart = HAL_GetTick();
 588:Drivers/STM32F3xx_HAL_Driver/Src/stm32f3xx_hal_rcc.c ****         
 589:Drivers/STM32F3xx_HAL_Driver/Src/stm32f3xx_hal_rcc.c ****         /* Wait till PLL is disabled */
 590:Drivers/STM32F3xx_HAL_Driver/Src/stm32f3xx_hal_rcc.c ****         while(__HAL_RCC_GET_FLAG(RCC_FLAG_PLLRDY)  != RESET)
 591:Drivers/STM32F3xx_HAL_Driver/Src/stm32f3xx_hal_rcc.c ****         {
 592:Drivers/STM32F3xx_HAL_Driver/Src/stm32f3xx_hal_rcc.c ****           if((HAL_GetTick() - tickstart ) > PLL_TIMEOUT_VALUE)
 593:Drivers/STM32F3xx_HAL_Driver/Src/stm32f3xx_hal_rcc.c ****           {
 594:Drivers/STM32F3xx_HAL_Driver/Src/stm32f3xx_hal_rcc.c ****             return HAL_TIMEOUT;
 595:Drivers/STM32F3xx_HAL_Driver/Src/stm32f3xx_hal_rcc.c ****           }
 596:Drivers/STM32F3xx_HAL_Driver/Src/stm32f3xx_hal_rcc.c ****         }
ARM GAS   			page 46


 597:Drivers/STM32F3xx_HAL_Driver/Src/stm32f3xx_hal_rcc.c **** 
 598:Drivers/STM32F3xx_HAL_Driver/Src/stm32f3xx_hal_rcc.c **** #if defined(RCC_CFGR_PLLSRC_HSI_PREDIV)
 599:Drivers/STM32F3xx_HAL_Driver/Src/stm32f3xx_hal_rcc.c ****         /* Configure the main PLL clock source, predivider and multiplication factor. */
 600:Drivers/STM32F3xx_HAL_Driver/Src/stm32f3xx_hal_rcc.c ****         __HAL_RCC_PLL_CONFIG(RCC_OscInitStruct->PLL.PLLSource,
 601:Drivers/STM32F3xx_HAL_Driver/Src/stm32f3xx_hal_rcc.c ****                              RCC_OscInitStruct->PLL.PREDIV,
 602:Drivers/STM32F3xx_HAL_Driver/Src/stm32f3xx_hal_rcc.c ****                              RCC_OscInitStruct->PLL.PLLMUL);
 603:Drivers/STM32F3xx_HAL_Driver/Src/stm32f3xx_hal_rcc.c **** #else
 604:Drivers/STM32F3xx_HAL_Driver/Src/stm32f3xx_hal_rcc.c ****       /* Configure the main PLL clock source and multiplication factor. */
 605:Drivers/STM32F3xx_HAL_Driver/Src/stm32f3xx_hal_rcc.c ****       __HAL_RCC_PLL_CONFIG(RCC_OscInitStruct->PLL.PLLSource,
 606:Drivers/STM32F3xx_HAL_Driver/Src/stm32f3xx_hal_rcc.c ****                            RCC_OscInitStruct->PLL.PLLMUL);
 607:Drivers/STM32F3xx_HAL_Driver/Src/stm32f3xx_hal_rcc.c **** #endif /* RCC_CFGR_PLLSRC_HSI_PREDIV */
 608:Drivers/STM32F3xx_HAL_Driver/Src/stm32f3xx_hal_rcc.c ****         /* Enable the main PLL. */
 609:Drivers/STM32F3xx_HAL_Driver/Src/stm32f3xx_hal_rcc.c ****         __HAL_RCC_PLL_ENABLE();
 610:Drivers/STM32F3xx_HAL_Driver/Src/stm32f3xx_hal_rcc.c ****         
 611:Drivers/STM32F3xx_HAL_Driver/Src/stm32f3xx_hal_rcc.c ****         /* Get Start Tick */
 612:Drivers/STM32F3xx_HAL_Driver/Src/stm32f3xx_hal_rcc.c ****         tickstart = HAL_GetTick();
 613:Drivers/STM32F3xx_HAL_Driver/Src/stm32f3xx_hal_rcc.c ****         
 614:Drivers/STM32F3xx_HAL_Driver/Src/stm32f3xx_hal_rcc.c ****         /* Wait till PLL is ready */
 615:Drivers/STM32F3xx_HAL_Driver/Src/stm32f3xx_hal_rcc.c ****         while(__HAL_RCC_GET_FLAG(RCC_FLAG_PLLRDY)  == RESET)
 616:Drivers/STM32F3xx_HAL_Driver/Src/stm32f3xx_hal_rcc.c ****         {
 617:Drivers/STM32F3xx_HAL_Driver/Src/stm32f3xx_hal_rcc.c ****           if((HAL_GetTick() - tickstart ) > PLL_TIMEOUT_VALUE)
 618:Drivers/STM32F3xx_HAL_Driver/Src/stm32f3xx_hal_rcc.c ****           {
 619:Drivers/STM32F3xx_HAL_Driver/Src/stm32f3xx_hal_rcc.c ****             return HAL_TIMEOUT;
 620:Drivers/STM32F3xx_HAL_Driver/Src/stm32f3xx_hal_rcc.c ****           }
 621:Drivers/STM32F3xx_HAL_Driver/Src/stm32f3xx_hal_rcc.c ****         }
 622:Drivers/STM32F3xx_HAL_Driver/Src/stm32f3xx_hal_rcc.c ****       }
 623:Drivers/STM32F3xx_HAL_Driver/Src/stm32f3xx_hal_rcc.c ****       else
 624:Drivers/STM32F3xx_HAL_Driver/Src/stm32f3xx_hal_rcc.c ****       {
 625:Drivers/STM32F3xx_HAL_Driver/Src/stm32f3xx_hal_rcc.c ****         /* Disable the main PLL. */
 626:Drivers/STM32F3xx_HAL_Driver/Src/stm32f3xx_hal_rcc.c ****         __HAL_RCC_PLL_DISABLE();
 849              	 .loc 1 626 9 is_stmt 1 view .LVU268
 850              	.LVL57:
 851              	.LBB247:
 852              	.LBI247:
 981:Drivers/CMSIS/Include/cmsis_gcc.h **** {
 853              	 .loc 2 981 31 view .LVU269
 854              	.LBB248:
 983:Drivers/CMSIS/Include/cmsis_gcc.h **** 
 855              	 .loc 2 983 3 view .LVU270
 988:Drivers/CMSIS/Include/cmsis_gcc.h **** #else
 856              	 .loc 2 988 4 view .LVU271
 857              	 .syntax unified
 858              	
 859 01fa 93FAA3F3 	 rbit r3,r3
 860              	
 861              	.LVL58:
 862              	 .loc 2 1001 3 view .LVU272
 863              	 .loc 2 1001 3 is_stmt 0 view .LVU273
 864              	 .thumb
 865              	 .syntax unified
 866              	.LBE248:
 867              	.LBE247:
 868              	 .loc 1 626 9 view .LVU274
 869 01fe B3FA83F3 	 clz r3,r3
 870 0202 03F18453 	 add r3,r3,#276824064
 871 0206 03F58413 	 add r3,r3,#1081344
 872 020a 9B00     	 lsls r3,r3,#2
ARM GAS   			page 47


 873 020c 0022     	 movs r2,#0
 874 020e 1A60     	 str r2,[r3]
 627:Drivers/STM32F3xx_HAL_Driver/Src/stm32f3xx_hal_rcc.c ****  
 628:Drivers/STM32F3xx_HAL_Driver/Src/stm32f3xx_hal_rcc.c ****         /* Get Start Tick */
 629:Drivers/STM32F3xx_HAL_Driver/Src/stm32f3xx_hal_rcc.c ****         tickstart = HAL_GetTick();
 875              	 .loc 1 629 9 is_stmt 1 view .LVU275
 876              	 .loc 1 629 21 is_stmt 0 view .LVU276
 877 0210 FFF7FEFF 	 bl HAL_GetTick
 878              	.LVL59:
 879              	.LBB249:
 880              	.LBB250:
 988:Drivers/CMSIS/Include/cmsis_gcc.h **** #else
 881              	 .loc 2 988 4 view .LVU277
 882 0214 4FF00077 	 mov r7,#33554432
 883              	.LBE250:
 884              	.LBE249:
 885              	 .loc 1 629 21 view .LVU278
 886 0218 0446     	 mov r4,r0
 887              	.LVL60:
 630:Drivers/STM32F3xx_HAL_Driver/Src/stm32f3xx_hal_rcc.c ****         
 631:Drivers/STM32F3xx_HAL_Driver/Src/stm32f3xx_hal_rcc.c ****         /* Wait till PLL is disabled */  
 632:Drivers/STM32F3xx_HAL_Driver/Src/stm32f3xx_hal_rcc.c ****         while(__HAL_RCC_GET_FLAG(RCC_FLAG_PLLRDY)  != RESET)
 888              	 .loc 1 632 9 is_stmt 1 view .LVU279
 889              	 .loc 1 632 15 is_stmt 0 view .LVU280
 890 021a 0126     	 movs r6,#1
 891              	 .loc 1 632 14 view .LVU281
 892 021c 05E0     	 b .L81
 893              	.LVL61:
 894              	.L82:
 633:Drivers/STM32F3xx_HAL_Driver/Src/stm32f3xx_hal_rcc.c ****         {
 634:Drivers/STM32F3xx_HAL_Driver/Src/stm32f3xx_hal_rcc.c ****           if((HAL_GetTick() - tickstart ) > PLL_TIMEOUT_VALUE)
 895              	 .loc 1 634 15 view .LVU282
 896 021e FFF7FEFF 	 bl HAL_GetTick
 897              	.LVL62:
 898              	 .loc 1 634 29 view .LVU283
 899 0222 001B     	 subs r0,r0,r4
 900              	 .loc 1 634 13 view .LVU284
 901 0224 0228     	 cmp r0,#2
 902 0226 00F2A180 	 bhi .L32
 903              	.L81:
 632:Drivers/STM32F3xx_HAL_Driver/Src/stm32f3xx_hal_rcc.c ****         {
 904              	 .loc 1 632 14 is_stmt 1 view .LVU285
 905              	.LVL63:
 906              	.LBB252:
 907              	.LBI249:
 981:Drivers/CMSIS/Include/cmsis_gcc.h **** {
 908              	 .loc 2 981 31 view .LVU286
 909              	.LBB251:
 983:Drivers/CMSIS/Include/cmsis_gcc.h **** 
 910              	 .loc 2 983 3 view .LVU287
 988:Drivers/CMSIS/Include/cmsis_gcc.h **** #else
 911              	 .loc 2 988 4 view .LVU288
 912              	 .syntax unified
 913              	
 914 022a 97FAA7F3 	 rbit r3,r7
 915              	
 916              	.LVL64:
ARM GAS   			page 48


 917              	 .loc 2 1001 3 view .LVU289
 918              	 .loc 2 1001 3 is_stmt 0 view .LVU290
 919              	 .thumb
 920              	 .syntax unified
 921              	.LBE251:
 922              	.LBE252:
 632:Drivers/STM32F3xx_HAL_Driver/Src/stm32f3xx_hal_rcc.c ****         {
 923              	 .loc 1 632 15 view .LVU291
 924 022e 2A68     	 ldr r2,[r5]
 925              	.LVL65:
 926              	.LBB253:
 927              	.LBI253:
 981:Drivers/CMSIS/Include/cmsis_gcc.h **** {
 928              	 .loc 2 981 31 is_stmt 1 view .LVU292
 929              	.LBB254:
 983:Drivers/CMSIS/Include/cmsis_gcc.h **** 
 930              	 .loc 2 983 3 view .LVU293
 988:Drivers/CMSIS/Include/cmsis_gcc.h **** #else
 931              	 .loc 2 988 4 view .LVU294
 932              	 .syntax unified
 933              	
 934 0230 97FAA7F3 	 rbit r3,r7
 935              	
 936              	 .thumb
 937              	 .syntax unified
 938              	.LBE254:
 939              	.LBE253:
 940              	 .loc 1 634 11 view .LVU295
 941              	.LVL66:
 942              	.LBB256:
 943              	.LBB255:
 944              	 .loc 2 1001 3 view .LVU296
 945              	 .loc 2 1001 3 is_stmt 0 view .LVU297
 946              	.LBE255:
 947              	.LBE256:
 632:Drivers/STM32F3xx_HAL_Driver/Src/stm32f3xx_hal_rcc.c ****         {
 948              	 .loc 1 632 15 view .LVU298
 949 0234 B3FA83F3 	 clz r3,r3
 950 0238 03F01F03 	 and r3,r3,#31
 951 023c 06FA03F3 	 lsl r3,r6,r3
 632:Drivers/STM32F3xx_HAL_Driver/Src/stm32f3xx_hal_rcc.c ****         {
 952              	 .loc 1 632 14 view .LVU299
 953 0240 1342     	 tst r3,r2
 954 0242 ECD1     	 bne .L82
 955              	.LVL67:
 956              	.L80:
 635:Drivers/STM32F3xx_HAL_Driver/Src/stm32f3xx_hal_rcc.c ****           {
 636:Drivers/STM32F3xx_HAL_Driver/Src/stm32f3xx_hal_rcc.c ****             return HAL_TIMEOUT;
 637:Drivers/STM32F3xx_HAL_Driver/Src/stm32f3xx_hal_rcc.c ****           }
 638:Drivers/STM32F3xx_HAL_Driver/Src/stm32f3xx_hal_rcc.c ****         }
 639:Drivers/STM32F3xx_HAL_Driver/Src/stm32f3xx_hal_rcc.c ****       }
 640:Drivers/STM32F3xx_HAL_Driver/Src/stm32f3xx_hal_rcc.c ****     }
 641:Drivers/STM32F3xx_HAL_Driver/Src/stm32f3xx_hal_rcc.c ****     else
 642:Drivers/STM32F3xx_HAL_Driver/Src/stm32f3xx_hal_rcc.c ****     {
 643:Drivers/STM32F3xx_HAL_Driver/Src/stm32f3xx_hal_rcc.c ****       /* Check if there is a request to disable the PLL used as System clock source */
 644:Drivers/STM32F3xx_HAL_Driver/Src/stm32f3xx_hal_rcc.c ****       if((RCC_OscInitStruct->PLL.PLLState) == RCC_PLL_OFF)
 645:Drivers/STM32F3xx_HAL_Driver/Src/stm32f3xx_hal_rcc.c ****       {
ARM GAS   			page 49


 646:Drivers/STM32F3xx_HAL_Driver/Src/stm32f3xx_hal_rcc.c ****         return HAL_ERROR;
 647:Drivers/STM32F3xx_HAL_Driver/Src/stm32f3xx_hal_rcc.c ****       }
 648:Drivers/STM32F3xx_HAL_Driver/Src/stm32f3xx_hal_rcc.c ****       else
 649:Drivers/STM32F3xx_HAL_Driver/Src/stm32f3xx_hal_rcc.c ****       {
 650:Drivers/STM32F3xx_HAL_Driver/Src/stm32f3xx_hal_rcc.c ****         /* Do not return HAL_ERROR if request repeats the current configuration */
 651:Drivers/STM32F3xx_HAL_Driver/Src/stm32f3xx_hal_rcc.c ****         pll_config = RCC->CFGR;
 652:Drivers/STM32F3xx_HAL_Driver/Src/stm32f3xx_hal_rcc.c **** #if defined(RCC_CFGR_PLLSRC_HSI_PREDIV)
 653:Drivers/STM32F3xx_HAL_Driver/Src/stm32f3xx_hal_rcc.c ****         pll_config2 = RCC->CFGR2;
 654:Drivers/STM32F3xx_HAL_Driver/Src/stm32f3xx_hal_rcc.c ****         if((READ_BIT(pll_config, RCC_CFGR_PLLSRC)   != RCC_OscInitStruct->PLL.PLLSource) ||      
 655:Drivers/STM32F3xx_HAL_Driver/Src/stm32f3xx_hal_rcc.c ****            (READ_BIT(pll_config, RCC_CFGR_PLLMUL)   != RCC_OscInitStruct->PLL.PLLMUL)    ||      
 656:Drivers/STM32F3xx_HAL_Driver/Src/stm32f3xx_hal_rcc.c ****            (READ_BIT(pll_config2, RCC_CFGR2_PREDIV)  != RCC_OscInitStruct->PLL.PREDIV))     
 657:Drivers/STM32F3xx_HAL_Driver/Src/stm32f3xx_hal_rcc.c **** #else
 658:Drivers/STM32F3xx_HAL_Driver/Src/stm32f3xx_hal_rcc.c ****         if((READ_BIT(pll_config, RCC_CFGR_PLLSRC)   != RCC_OscInitStruct->PLL.PLLSource) ||      
 659:Drivers/STM32F3xx_HAL_Driver/Src/stm32f3xx_hal_rcc.c ****            (READ_BIT(pll_config, RCC_CFGR_PLLMUL)   != RCC_OscInitStruct->PLL.PLLMUL))
 660:Drivers/STM32F3xx_HAL_Driver/Src/stm32f3xx_hal_rcc.c **** #endif
 661:Drivers/STM32F3xx_HAL_Driver/Src/stm32f3xx_hal_rcc.c ****         {
 662:Drivers/STM32F3xx_HAL_Driver/Src/stm32f3xx_hal_rcc.c ****           return HAL_ERROR;
 663:Drivers/STM32F3xx_HAL_Driver/Src/stm32f3xx_hal_rcc.c ****         }
 664:Drivers/STM32F3xx_HAL_Driver/Src/stm32f3xx_hal_rcc.c ****       }
 665:Drivers/STM32F3xx_HAL_Driver/Src/stm32f3xx_hal_rcc.c ****     }
 666:Drivers/STM32F3xx_HAL_Driver/Src/stm32f3xx_hal_rcc.c ****   }
 667:Drivers/STM32F3xx_HAL_Driver/Src/stm32f3xx_hal_rcc.c **** 
 668:Drivers/STM32F3xx_HAL_Driver/Src/stm32f3xx_hal_rcc.c ****   return HAL_OK;
 957              	 .loc 1 668 10 view .LVU300
 958 0244 0020     	 movs r0,#0
 959              	.L114:
 669:Drivers/STM32F3xx_HAL_Driver/Src/stm32f3xx_hal_rcc.c **** }
 960              	 .loc 1 669 1 view .LVU301
 961 0246 03B0     	 add sp,sp,#12
 962              	 .cfi_remember_state
 963              	 .cfi_def_cfa_offset 28
 964              	 
 965 0248 BDE8F083 	 pop {r4,r5,r6,r7,r8,r9,pc}
 966              	.LVL68:
 967              	.L126:
 968              	 .cfi_restore_state
 396:Drivers/STM32F3xx_HAL_Driver/Src/stm32f3xx_hal_rcc.c ****     {
 969              	 .loc 1 396 82 discriminator 1 view .LVU302
 970 024c 5268     	 ldr r2,[r2,#4]
 396:Drivers/STM32F3xx_HAL_Driver/Src/stm32f3xx_hal_rcc.c ****     {
 971              	 .loc 1 396 78 discriminator 1 view .LVU303
 972 024e D603     	 lsls r6,r2,#15
 973 0250 3FF53EAF 	 bmi .L36
 974              	.L35:
 399:Drivers/STM32F3xx_HAL_Driver/Src/stm32f3xx_hal_rcc.c ****       {
 975              	 .loc 1 399 7 is_stmt 1 view .LVU304
 976              	.LVL69:
 977              	.LBB257:
 978              	.LBI257:
 981:Drivers/CMSIS/Include/cmsis_gcc.h **** {
 979              	 .loc 2 981 31 view .LVU305
 980              	.LBB258:
 983:Drivers/CMSIS/Include/cmsis_gcc.h **** 
 981              	 .loc 2 983 3 view .LVU306
 988:Drivers/CMSIS/Include/cmsis_gcc.h **** #else
 982              	 .loc 2 988 4 view .LVU307
 983 0254 0222     	 movs r2,#2
ARM GAS   			page 50


 984              	 .syntax unified
 985              	
 986 0256 92FAA2F1 	 rbit r1,r2
 987              	
 988              	.LVL70:
 989              	 .loc 2 1001 3 view .LVU308
 990              	 .loc 2 1001 3 is_stmt 0 view .LVU309
 991              	 .thumb
 992              	 .syntax unified
 993              	.LBE258:
 994              	.LBE257:
 399:Drivers/STM32F3xx_HAL_Driver/Src/stm32f3xx_hal_rcc.c ****       {
 995              	 .loc 1 399 11 view .LVU310
 996 025a 2349     	 ldr r1,.L134
 997 025c 0868     	 ldr r0,[r1]
 998              	.LVL71:
 999              	.LBB259:
 1000              	.LBI259:
 981:Drivers/CMSIS/Include/cmsis_gcc.h **** {
 1001              	 .loc 2 981 31 is_stmt 1 view .LVU311
 1002              	.LBB260:
 983:Drivers/CMSIS/Include/cmsis_gcc.h **** 
 1003              	 .loc 2 983 3 view .LVU312
 988:Drivers/CMSIS/Include/cmsis_gcc.h **** #else
 1004              	 .loc 2 988 4 view .LVU313
 1005              	 .syntax unified
 1006              	
 1007 025e 92FAA2F2 	 rbit r2,r2
 1008              	
 1009              	.LVL72:
 1010              	 .loc 2 1001 3 view .LVU314
 1011              	 .loc 2 1001 3 is_stmt 0 view .LVU315
 1012              	 .thumb
 1013              	 .syntax unified
 1014              	.LBE260:
 1015              	.LBE259:
 399:Drivers/STM32F3xx_HAL_Driver/Src/stm32f3xx_hal_rcc.c ****       {
 1016              	 .loc 1 399 11 view .LVU316
 1017 0262 B2FA82F2 	 clz r2,r2
 1018 0266 02F01F02 	 and r2,r2,#31
 1019 026a 0121     	 movs r1,#1
 1020 026c 01FA02F2 	 lsl r2,r1,r2
 399:Drivers/STM32F3xx_HAL_Driver/Src/stm32f3xx_hal_rcc.c ****       {
 1021              	 .loc 1 399 9 view .LVU317
 1022 0270 0242     	 tst r2,r0
 1023 0272 5AD0     	 beq .L37
 399:Drivers/STM32F3xx_HAL_Driver/Src/stm32f3xx_hal_rcc.c ****       {
 1024              	 .loc 1 399 57 discriminator 13 view .LVU318
 1025 0274 2269     	 ldr r2,[r4,#16]
 1026 0276 8A42     	 cmp r2,r1
 1027 0278 57D0     	 beq .L37
 1028              	.L85:
 646:Drivers/STM32F3xx_HAL_Driver/Src/stm32f3xx_hal_rcc.c ****       }
 1029              	 .loc 1 646 16 view .LVU319
 1030 027a 0120     	 movs r0,#1
 1031              	 .loc 1 669 1 view .LVU320
 1032 027c 03B0     	 add sp,sp,#12
ARM GAS   			page 51


 1033              	 .cfi_remember_state
 1034              	 .cfi_def_cfa_offset 28
 1035              	 
 1036 027e BDE8F083 	 pop {r4,r5,r6,r7,r8,r9,pc}
 1037              	.LVL73:
 1038              	.L44:
 1039              	 .cfi_restore_state
 479:Drivers/STM32F3xx_HAL_Driver/Src/stm32f3xx_hal_rcc.c ****       
 1040              	 .loc 1 479 7 is_stmt 1 view .LVU321
 1041              	.LBB261:
 1042              	.LBI261:
 981:Drivers/CMSIS/Include/cmsis_gcc.h **** {
 1043              	 .loc 2 981 31 view .LVU322
 1044              	.LBB262:
 983:Drivers/CMSIS/Include/cmsis_gcc.h **** 
 1045              	 .loc 2 983 3 view .LVU323
 988:Drivers/CMSIS/Include/cmsis_gcc.h **** #else
 1046              	 .loc 2 988 4 view .LVU324
 1047 0282 0126     	 movs r6,#1
 1048              	 .syntax unified
 1049              	
 1050 0284 96FAA6F1 	 rbit r1,r6
 1051              	
 1052              	.LVL74:
 1053              	 .loc 2 1001 3 view .LVU325
 1054              	 .loc 2 1001 3 is_stmt 0 view .LVU326
 1055              	 .thumb
 1056              	 .syntax unified
 1057              	.LBE262:
 1058              	.LBE261:
 479:Drivers/STM32F3xx_HAL_Driver/Src/stm32f3xx_hal_rcc.c ****       
 1059              	 .loc 1 479 7 view .LVU327
 1060 0288 194B     	 ldr r3,.L134+8
 485:Drivers/STM32F3xx_HAL_Driver/Src/stm32f3xx_hal_rcc.c ****       {
 1061              	 .loc 1 485 13 view .LVU328
 1062 028a 174F     	 ldr r7,.L134
 479:Drivers/STM32F3xx_HAL_Driver/Src/stm32f3xx_hal_rcc.c ****       
 1063              	 .loc 1 479 7 view .LVU329
 1064 028c B1FA81F1 	 clz r1,r1
 1065 0290 0B44     	 add r3,r3,r1
 1066 0292 9B00     	 lsls r3,r3,#2
 1067              	.LBB263:
 1068              	.LBB264:
 988:Drivers/CMSIS/Include/cmsis_gcc.h **** #else
 1069              	 .loc 2 988 4 view .LVU330
 1070 0294 4FF00208 	 mov r8,#2
 1071              	.LBE264:
 1072              	.LBE263:
 479:Drivers/STM32F3xx_HAL_Driver/Src/stm32f3xx_hal_rcc.c ****       
 1073              	 .loc 1 479 7 view .LVU331
 1074 0298 1A60     	 str r2,[r3]
 482:Drivers/STM32F3xx_HAL_Driver/Src/stm32f3xx_hal_rcc.c ****       
 1075              	 .loc 1 482 7 is_stmt 1 view .LVU332
 482:Drivers/STM32F3xx_HAL_Driver/Src/stm32f3xx_hal_rcc.c ****       
 1076              	 .loc 1 482 19 is_stmt 0 view .LVU333
 1077 029a FFF7FEFF 	 bl HAL_GetTick
 1078              	.LVL75:
ARM GAS   			page 52


 1079 029e 0546     	 mov r5,r0
 1080              	.LVL76:
 485:Drivers/STM32F3xx_HAL_Driver/Src/stm32f3xx_hal_rcc.c ****       {
 1081              	 .loc 1 485 7 is_stmt 1 view .LVU334
 485:Drivers/STM32F3xx_HAL_Driver/Src/stm32f3xx_hal_rcc.c ****       {
 1082              	 .loc 1 485 12 is_stmt 0 view .LVU335
 1083 02a0 04E0     	 b .L47
 1084              	.LVL77:
 1085              	.L48:
 487:Drivers/STM32F3xx_HAL_Driver/Src/stm32f3xx_hal_rcc.c ****         {
 1086              	 .loc 1 487 13 view .LVU336
 1087 02a2 FFF7FEFF 	 bl HAL_GetTick
 1088              	.LVL78:
 487:Drivers/STM32F3xx_HAL_Driver/Src/stm32f3xx_hal_rcc.c ****         {
 1089              	 .loc 1 487 27 view .LVU337
 1090 02a6 401B     	 subs r0,r0,r5
 487:Drivers/STM32F3xx_HAL_Driver/Src/stm32f3xx_hal_rcc.c ****         {
 1091              	 .loc 1 487 11 view .LVU338
 1092 02a8 0228     	 cmp r0,#2
 1093 02aa 5FD8     	 bhi .L32
 1094              	.L47:
 485:Drivers/STM32F3xx_HAL_Driver/Src/stm32f3xx_hal_rcc.c ****       {
 1095              	 .loc 1 485 12 is_stmt 1 view .LVU339
 1096              	.LVL79:
 1097              	.LBB266:
 1098              	.LBI263:
 981:Drivers/CMSIS/Include/cmsis_gcc.h **** {
 1099              	 .loc 2 981 31 view .LVU340
 1100              	.LBB265:
 983:Drivers/CMSIS/Include/cmsis_gcc.h **** 
 1101              	 .loc 2 983 3 view .LVU341
 988:Drivers/CMSIS/Include/cmsis_gcc.h **** #else
 1102              	 .loc 2 988 4 view .LVU342
 1103              	 .syntax unified
 1104              	
 1105 02ac 98FAA8F3 	 rbit r3,r8
 1106              	
 1107              	.LVL80:
 1108              	 .loc 2 1001 3 view .LVU343
 1109              	 .loc 2 1001 3 is_stmt 0 view .LVU344
 1110              	 .thumb
 1111              	 .syntax unified
 1112              	.LBE265:
 1113              	.LBE266:
 1114              	.LBB267:
 1115              	.LBI267:
 981:Drivers/CMSIS/Include/cmsis_gcc.h **** {
 1116              	 .loc 2 981 31 is_stmt 1 view .LVU345
 1117              	.LBB268:
 983:Drivers/CMSIS/Include/cmsis_gcc.h **** 
 1118              	 .loc 2 983 3 view .LVU346
 988:Drivers/CMSIS/Include/cmsis_gcc.h **** #else
 1119              	 .loc 2 988 4 view .LVU347
 1120              	 .syntax unified
 1121              	
 1122 02b0 98FAA8F3 	 rbit r3,r8
 1123              	
ARM GAS   			page 53


 1124              	.LVL81:
 1125              	 .loc 2 1001 3 view .LVU348
 1126              	 .loc 2 1001 3 is_stmt 0 view .LVU349
 1127              	 .thumb
 1128              	 .syntax unified
 1129              	.LBE268:
 1130              	.LBE267:
 1131              	.LBB269:
 1132              	.LBI269:
 981:Drivers/CMSIS/Include/cmsis_gcc.h **** {
 1133              	 .loc 2 981 31 is_stmt 1 view .LVU350
 1134              	.LBB270:
 983:Drivers/CMSIS/Include/cmsis_gcc.h **** 
 1135              	 .loc 2 983 3 view .LVU351
 988:Drivers/CMSIS/Include/cmsis_gcc.h **** #else
 1136              	 .loc 2 988 4 view .LVU352
 1137              	 .syntax unified
 1138              	
 1139 02b4 98FAA8F3 	 rbit r3,r8
 1140              	
 1141              	.LVL82:
 1142              	 .loc 2 1001 3 view .LVU353
 1143              	 .loc 2 1001 3 is_stmt 0 view .LVU354
 1144              	 .thumb
 1145              	 .syntax unified
 1146              	.LBE270:
 1147              	.LBE269:
 485:Drivers/STM32F3xx_HAL_Driver/Src/stm32f3xx_hal_rcc.c ****       {
 1148              	 .loc 1 485 13 view .LVU355
 1149 02b8 7A6A     	 ldr r2,[r7,#36]
 1150              	.LVL83:
 1151              	.LBB271:
 1152              	.LBI271:
 981:Drivers/CMSIS/Include/cmsis_gcc.h **** {
 1153              	 .loc 2 981 31 is_stmt 1 view .LVU356
 1154              	.LBB272:
 983:Drivers/CMSIS/Include/cmsis_gcc.h **** 
 1155              	 .loc 2 983 3 view .LVU357
 988:Drivers/CMSIS/Include/cmsis_gcc.h **** #else
 1156              	 .loc 2 988 4 view .LVU358
 1157              	 .syntax unified
 1158              	
 1159 02ba 98FAA8F3 	 rbit r3,r8
 1160              	
 1161              	 .thumb
 1162              	 .syntax unified
 1163              	.LBE272:
 1164              	.LBE271:
 487:Drivers/STM32F3xx_HAL_Driver/Src/stm32f3xx_hal_rcc.c ****         {
 1165              	 .loc 1 487 9 view .LVU359
 1166              	.LVL84:
 1167              	.LBB274:
 1168              	.LBB273:
 1169              	 .loc 2 1001 3 view .LVU360
 1170              	 .loc 2 1001 3 is_stmt 0 view .LVU361
 1171              	.LBE273:
 1172              	.LBE274:
ARM GAS   			page 54


 485:Drivers/STM32F3xx_HAL_Driver/Src/stm32f3xx_hal_rcc.c ****       {
 1173              	 .loc 1 485 13 view .LVU362
 1174 02be B3FA83F3 	 clz r3,r3
 1175 02c2 03F01F03 	 and r3,r3,#31
 1176 02c6 06FA03F3 	 lsl r3,r6,r3
 485:Drivers/STM32F3xx_HAL_Driver/Src/stm32f3xx_hal_rcc.c ****       {
 1177              	 .loc 1 485 12 view .LVU363
 1178 02ca 1342     	 tst r3,r2
 1179 02cc E9D1     	 bne .L48
 1180 02ce 83E7     	 b .L120
 1181              	.LVL85:
 1182              	.L128:
 1183              	.LBB275:
 506:Drivers/STM32F3xx_HAL_Driver/Src/stm32f3xx_hal_rcc.c ****       pwrclkchanged = SET;
 1184              	 .loc 1 506 7 is_stmt 1 view .LVU364
 1185              	.LBB201:
 506:Drivers/STM32F3xx_HAL_Driver/Src/stm32f3xx_hal_rcc.c ****       pwrclkchanged = SET;
 1186              	 .loc 1 506 7 view .LVU365
 506:Drivers/STM32F3xx_HAL_Driver/Src/stm32f3xx_hal_rcc.c ****       pwrclkchanged = SET;
 1187              	 .loc 1 506 7 view .LVU366
 1188 02d0 DA69     	 ldr r2,[r3,#28]
 1189 02d2 42F08052 	 orr r2,r2,#268435456
 1190 02d6 DA61     	 str r2,[r3,#28]
 506:Drivers/STM32F3xx_HAL_Driver/Src/stm32f3xx_hal_rcc.c ****       pwrclkchanged = SET;
 1191              	 .loc 1 506 7 view .LVU367
 1192 02d8 DB69     	 ldr r3,[r3,#28]
 1193 02da 03F08053 	 and r3,r3,#268435456
 1194 02de 0193     	 str r3,[sp,#4]
 506:Drivers/STM32F3xx_HAL_Driver/Src/stm32f3xx_hal_rcc.c ****       pwrclkchanged = SET;
 1195              	 .loc 1 506 7 view .LVU368
 1196 02e0 019B     	 ldr r3,[sp,#4]
 1197              	.LBE201:
 506:Drivers/STM32F3xx_HAL_Driver/Src/stm32f3xx_hal_rcc.c ****       pwrclkchanged = SET;
 1198              	 .loc 1 506 7 view .LVU369
 507:Drivers/STM32F3xx_HAL_Driver/Src/stm32f3xx_hal_rcc.c ****     }
 1199              	 .loc 1 507 7 view .LVU370
 1200              	.LVL86:
 507:Drivers/STM32F3xx_HAL_Driver/Src/stm32f3xx_hal_rcc.c ****     }
 1201              	 .loc 1 507 21 is_stmt 0 view .LVU371
 1202 02e2 4FF00108 	 mov r8,#1
 1203 02e6 34E7     	 b .L51
 1204              	.L135:
 1205              	 .align 2
 1206              	.L134:
 1207 02e8 00100240 	 .word 1073876992
 1208 02ec 00700040 	 .word 1073770496
 1209 02f0 20819010 	 .word 277905696
 1210              	.LVL87:
 1211              	.L122:
 507:Drivers/STM32F3xx_HAL_Driver/Src/stm32f3xx_hal_rcc.c ****     }
 1212              	 .loc 1 507 21 view .LVU372
 1213              	.LBE275:
 339:Drivers/STM32F3xx_HAL_Driver/Src/stm32f3xx_hal_rcc.c ****     {
 1214              	 .loc 1 339 82 discriminator 1 view .LVU373
 1215 02f4 4A68     	 ldr r2,[r1,#4]
 339:Drivers/STM32F3xx_HAL_Driver/Src/stm32f3xx_hal_rcc.c ****     {
 1216              	 .loc 1 339 78 discriminator 1 view .LVU374
ARM GAS   			page 55


 1217 02f6 D203     	 lsls r2,r2,#15
 1218 02f8 7FF599AE 	 bpl .L22
 1219              	.L21:
 341:Drivers/STM32F3xx_HAL_Driver/Src/stm32f3xx_hal_rcc.c ****       {
 1220              	 .loc 1 341 7 is_stmt 1 view .LVU375
 1221              	.LVL88:
 1222              	.LBB276:
 1223              	.LBI276:
 981:Drivers/CMSIS/Include/cmsis_gcc.h **** {
 1224              	 .loc 2 981 31 view .LVU376
 1225              	.LBB277:
 983:Drivers/CMSIS/Include/cmsis_gcc.h **** 
 1226              	 .loc 2 983 3 view .LVU377
 988:Drivers/CMSIS/Include/cmsis_gcc.h **** #else
 1227              	 .loc 2 988 4 view .LVU378
 1228 02fc 4FF40032 	 mov r2,#131072
 1229              	 .syntax unified
 1230              	
 1231 0300 92FAA2F1 	 rbit r1,r2
 1232              	
 1233              	.LVL89:
 1234              	 .loc 2 1001 3 view .LVU379
 1235              	 .loc 2 1001 3 is_stmt 0 view .LVU380
 1236              	 .thumb
 1237              	 .syntax unified
 1238              	.LBE277:
 1239              	.LBE276:
 341:Drivers/STM32F3xx_HAL_Driver/Src/stm32f3xx_hal_rcc.c ****       {
 1240              	 .loc 1 341 11 view .LVU381
 1241 0304 B149     	 ldr r1,.L136
 1242 0306 0868     	 ldr r0,[r1]
 1243              	.LVL90:
 1244              	.LBB278:
 1245              	.LBI278:
 981:Drivers/CMSIS/Include/cmsis_gcc.h **** {
 1246              	 .loc 2 981 31 is_stmt 1 view .LVU382
 1247              	.LBB279:
 983:Drivers/CMSIS/Include/cmsis_gcc.h **** 
 1248              	 .loc 2 983 3 view .LVU383
 988:Drivers/CMSIS/Include/cmsis_gcc.h **** #else
 1249              	 .loc 2 988 4 view .LVU384
 1250              	 .syntax unified
 1251              	
 1252 0308 92FAA2F2 	 rbit r2,r2
 1253              	
 1254              	.LVL91:
 1255              	 .loc 2 1001 3 view .LVU385
 1256              	 .loc 2 1001 3 is_stmt 0 view .LVU386
 1257              	 .thumb
 1258              	 .syntax unified
 1259              	.LBE279:
 1260              	.LBE278:
 341:Drivers/STM32F3xx_HAL_Driver/Src/stm32f3xx_hal_rcc.c ****       {
 1261              	 .loc 1 341 11 view .LVU387
 1262 030c B2FA82F2 	 clz r2,r2
 1263 0310 02F01F02 	 and r2,r2,#31
 1264 0314 0121     	 movs r1,#1
ARM GAS   			page 56


 1265 0316 01FA02F2 	 lsl r2,r1,r2
 341:Drivers/STM32F3xx_HAL_Driver/Src/stm32f3xx_hal_rcc.c ****       {
 1266              	 .loc 1 341 9 view .LVU388
 1267 031a 0242     	 tst r2,r0
 1268 031c 3FF4CAAE 	 beq .L20
 341:Drivers/STM32F3xx_HAL_Driver/Src/stm32f3xx_hal_rcc.c ****       {
 1269              	 .loc 1 341 57 discriminator 13 view .LVU389
 1270 0320 6268     	 ldr r2,[r4,#4]
 1271 0322 002A     	 cmp r2,#0
 1272 0324 7FF4C6AE 	 bne .L20
 1273 0328 A7E7     	 b .L85
 1274              	.L37:
 407:Drivers/STM32F3xx_HAL_Driver/Src/stm32f3xx_hal_rcc.c ****       }
 1275              	 .loc 1 407 9 is_stmt 1 view .LVU390
 1276 032a A84D     	 ldr r5,.L136
 1277              	.LBB280:
 1278              	.LBB281:
 988:Drivers/CMSIS/Include/cmsis_gcc.h **** #else
 1279              	 .loc 2 988 4 is_stmt 0 view .LVU391
 1280 032c F822     	 movs r2,#248
 1281              	.LBE281:
 1282              	.LBE280:
 407:Drivers/STM32F3xx_HAL_Driver/Src/stm32f3xx_hal_rcc.c ****       }
 1283              	 .loc 1 407 9 view .LVU392
 1284 032e 2868     	 ldr r0,[r5]
 1285              	.LVL92:
 1286              	.LBB283:
 1287              	.LBI280:
 981:Drivers/CMSIS/Include/cmsis_gcc.h **** {
 1288              	 .loc 2 981 31 is_stmt 1 view .LVU393
 1289              	.LBB282:
 983:Drivers/CMSIS/Include/cmsis_gcc.h **** 
 1290              	 .loc 2 983 3 view .LVU394
 988:Drivers/CMSIS/Include/cmsis_gcc.h **** #else
 1291              	 .loc 2 988 4 view .LVU395
 1292              	 .syntax unified
 1293              	
 1294 0330 92FAA2F2 	 rbit r2,r2
 1295              	
 1296              	.LVL93:
 1297              	 .loc 2 1001 3 view .LVU396
 1298              	 .loc 2 1001 3 is_stmt 0 view .LVU397
 1299              	 .thumb
 1300              	 .syntax unified
 1301              	.LBE282:
 1302              	.LBE283:
 407:Drivers/STM32F3xx_HAL_Driver/Src/stm32f3xx_hal_rcc.c ****       }
 1303              	 .loc 1 407 9 view .LVU398
 1304 0334 B2FA82F1 	 clz r1,r2
 1305 0338 6269     	 ldr r2,[r4,#20]
 1306 033a 20F0F800 	 bic r0,r0,#248
 1307 033e 8A40     	 lsls r2,r2,r1
 1308 0340 0243     	 orrs r2,r2,r0
 1309 0342 2A60     	 str r2,[r5]
 453:Drivers/STM32F3xx_HAL_Driver/Src/stm32f3xx_hal_rcc.c ****   {
 1310              	 .loc 1 453 3 is_stmt 1 view .LVU399
 453:Drivers/STM32F3xx_HAL_Driver/Src/stm32f3xx_hal_rcc.c ****   {
ARM GAS   			page 57


 1311              	 .loc 1 453 5 is_stmt 0 view .LVU400
 1312 0344 1D07     	 lsls r5,r3,#28
 1313 0346 7FF5FBAE 	 bpl .L43
 1314 034a 1BE7     	 b .L127
 1315              	.LVL94:
 1316              	.L52:
 1317              	.LBB284:
 513:Drivers/STM32F3xx_HAL_Driver/Src/stm32f3xx_hal_rcc.c ****       
 1318              	 .loc 1 513 7 is_stmt 1 view .LVU401
 1319 034c 2B68     	 ldr r3,[r5]
 1320 034e 43F48073 	 orr r3,r3,#256
 1321 0352 2B60     	 str r3,[r5]
 516:Drivers/STM32F3xx_HAL_Driver/Src/stm32f3xx_hal_rcc.c **** 
 1322              	 .loc 1 516 7 view .LVU402
 516:Drivers/STM32F3xx_HAL_Driver/Src/stm32f3xx_hal_rcc.c **** 
 1323              	 .loc 1 516 19 is_stmt 0 view .LVU403
 1324 0354 FFF7FEFF 	 bl HAL_GetTick
 1325              	.LVL95:
 1326 0358 0646     	 mov r6,r0
 1327              	.LVL96:
 518:Drivers/STM32F3xx_HAL_Driver/Src/stm32f3xx_hal_rcc.c ****       {
 1328              	 .loc 1 518 7 is_stmt 1 view .LVU404
 1329              	.L55:
 520:Drivers/STM32F3xx_HAL_Driver/Src/stm32f3xx_hal_rcc.c ****         {
 1330              	 .loc 1 520 9 view .LVU405
 518:Drivers/STM32F3xx_HAL_Driver/Src/stm32f3xx_hal_rcc.c ****       {
 1331              	 .loc 1 518 12 view .LVU406
 518:Drivers/STM32F3xx_HAL_Driver/Src/stm32f3xx_hal_rcc.c ****       {
 1332              	 .loc 1 518 13 is_stmt 0 view .LVU407
 1333 035a 2B68     	 ldr r3,[r5]
 518:Drivers/STM32F3xx_HAL_Driver/Src/stm32f3xx_hal_rcc.c ****       {
 1334              	 .loc 1 518 12 view .LVU408
 1335 035c DB05     	 lsls r3,r3,#23
 1336 035e 3FF5FDAE 	 bmi .L57
 520:Drivers/STM32F3xx_HAL_Driver/Src/stm32f3xx_hal_rcc.c ****         {
 1337              	 .loc 1 520 13 view .LVU409
 1338 0362 FFF7FEFF 	 bl HAL_GetTick
 1339              	.LVL97:
 520:Drivers/STM32F3xx_HAL_Driver/Src/stm32f3xx_hal_rcc.c ****         {
 1340              	 .loc 1 520 27 view .LVU410
 1341 0366 801B     	 subs r0,r0,r6
 520:Drivers/STM32F3xx_HAL_Driver/Src/stm32f3xx_hal_rcc.c ****         {
 1342              	 .loc 1 520 11 view .LVU411
 1343 0368 6428     	 cmp r0,#100
 1344 036a F6D9     	 bls .L55
 1345              	.LVL98:
 1346              	.L32:
 520:Drivers/STM32F3xx_HAL_Driver/Src/stm32f3xx_hal_rcc.c ****         {
 1347              	 .loc 1 520 11 view .LVU412
 1348              	.LBE284:
 367:Drivers/STM32F3xx_HAL_Driver/Src/stm32f3xx_hal_rcc.c ****           }
 1349              	 .loc 1 367 20 view .LVU413
 1350 036c 0320     	 movs r0,#3
 1351              	 .loc 1 669 1 view .LVU414
 1352 036e 03B0     	 add sp,sp,#12
 1353              	 .cfi_remember_state
 1354              	 .cfi_def_cfa_offset 28
ARM GAS   			page 58


 1355              	 
 1356 0370 BDE8F083 	 pop {r4,r5,r6,r7,r8,r9,pc}
 1357              	.LVL99:
 1358              	.L124:
 1359              	 .cfi_restore_state
 349:Drivers/STM32F3xx_HAL_Driver/Src/stm32f3xx_hal_rcc.c ****       
 1360              	 .loc 1 349 7 is_stmt 1 discriminator 4 view .LVU415
 1361 0374 954D     	 ldr r5,.L136
 1362 0376 2B68     	 ldr r3,[r5]
 1363 0378 23F48033 	 bic r3,r3,#65536
 1364 037c 2B60     	 str r3,[r5]
 349:Drivers/STM32F3xx_HAL_Driver/Src/stm32f3xx_hal_rcc.c ****       
 1365              	 .loc 1 349 7 discriminator 4 view .LVU416
 1366 037e 2B68     	 ldr r3,[r5]
 1367 0380 23F48023 	 bic r3,r3,#262144
 1368 0384 2B60     	 str r3,[r5]
 349:Drivers/STM32F3xx_HAL_Driver/Src/stm32f3xx_hal_rcc.c ****       
 1369              	 .loc 1 349 7 discriminator 4 view .LVU417
 353:Drivers/STM32F3xx_HAL_Driver/Src/stm32f3xx_hal_rcc.c **** #endif /* RCC_CFGR_PLLSRC_HSI_DIV2 */
 1370              	 .loc 1 353 7 discriminator 4 view .LVU418
 1371 0386 EB6A     	 ldr r3,[r5,#44]
 1372 0388 A268     	 ldr r2,[r4,#8]
 1373 038a 23F00F03 	 bic r3,r3,#15
 1374 038e 1343     	 orrs r3,r3,r2
 1375 0390 EB62     	 str r3,[r5,#44]
 357:Drivers/STM32F3xx_HAL_Driver/Src/stm32f3xx_hal_rcc.c ****       {
 1376              	 .loc 1 357 7 discriminator 4 view .LVU419
 374:Drivers/STM32F3xx_HAL_Driver/Src/stm32f3xx_hal_rcc.c ****         
 1377              	 .loc 1 374 9 discriminator 4 view .LVU420
 374:Drivers/STM32F3xx_HAL_Driver/Src/stm32f3xx_hal_rcc.c ****         
 1378              	 .loc 1 374 21 is_stmt 0 discriminator 4 view .LVU421
 1379 0392 FFF7FEFF 	 bl HAL_GetTick
 1380              	.LVL100:
 1381              	.LBB285:
 1382              	.LBB286:
 988:Drivers/CMSIS/Include/cmsis_gcc.h **** #else
 1383              	 .loc 2 988 4 discriminator 4 view .LVU422
 1384 0396 4FF40038 	 mov r8,#131072
 1385              	.LBE286:
 1386              	.LBE285:
 374:Drivers/STM32F3xx_HAL_Driver/Src/stm32f3xx_hal_rcc.c ****         
 1387              	 .loc 1 374 21 discriminator 4 view .LVU423
 1388 039a 0646     	 mov r6,r0
 1389              	.LVL101:
 377:Drivers/STM32F3xx_HAL_Driver/Src/stm32f3xx_hal_rcc.c ****         {
 1390              	 .loc 1 377 9 is_stmt 1 discriminator 4 view .LVU424
 377:Drivers/STM32F3xx_HAL_Driver/Src/stm32f3xx_hal_rcc.c ****         {
 1391              	 .loc 1 377 15 is_stmt 0 discriminator 4 view .LVU425
 1392 039c 0127     	 movs r7,#1
 377:Drivers/STM32F3xx_HAL_Driver/Src/stm32f3xx_hal_rcc.c ****         {
 1393              	 .loc 1 377 14 discriminator 4 view .LVU426
 1394 039e 04E0     	 b .L27
 1395              	.LVL102:
 1396              	.L33:
 379:Drivers/STM32F3xx_HAL_Driver/Src/stm32f3xx_hal_rcc.c ****           {
 1397              	 .loc 1 379 16 view .LVU427
 1398 03a0 FFF7FEFF 	 bl HAL_GetTick
ARM GAS   			page 59


 1399              	.LVL103:
 379:Drivers/STM32F3xx_HAL_Driver/Src/stm32f3xx_hal_rcc.c ****           {
 1400              	 .loc 1 379 30 view .LVU428
 1401 03a4 801B     	 subs r0,r0,r6
 379:Drivers/STM32F3xx_HAL_Driver/Src/stm32f3xx_hal_rcc.c ****           {
 1402              	 .loc 1 379 14 view .LVU429
 1403 03a6 6428     	 cmp r0,#100
 1404 03a8 E0D8     	 bhi .L32
 1405              	.L27:
 377:Drivers/STM32F3xx_HAL_Driver/Src/stm32f3xx_hal_rcc.c ****         {
 1406              	 .loc 1 377 14 is_stmt 1 view .LVU430
 1407              	.LVL104:
 1408              	.LBB288:
 1409              	.LBI285:
 981:Drivers/CMSIS/Include/cmsis_gcc.h **** {
 1410              	 .loc 2 981 31 view .LVU431
 1411              	.LBB287:
 983:Drivers/CMSIS/Include/cmsis_gcc.h **** 
 1412              	 .loc 2 983 3 view .LVU432
 988:Drivers/CMSIS/Include/cmsis_gcc.h **** #else
 1413              	 .loc 2 988 4 view .LVU433
 1414              	 .syntax unified
 1415              	
 1416 03aa 98FAA8F3 	 rbit r3,r8
 1417              	
 1418              	.LVL105:
 1419              	 .loc 2 1001 3 view .LVU434
 1420              	 .loc 2 1001 3 is_stmt 0 view .LVU435
 1421              	 .thumb
 1422              	 .syntax unified
 1423              	.LBE287:
 1424              	.LBE288:
 377:Drivers/STM32F3xx_HAL_Driver/Src/stm32f3xx_hal_rcc.c ****         {
 1425              	 .loc 1 377 15 view .LVU436
 1426 03ae 2A68     	 ldr r2,[r5]
 1427              	.LVL106:
 1428              	.LBB289:
 1429              	.LBI289:
 981:Drivers/CMSIS/Include/cmsis_gcc.h **** {
 1430              	 .loc 2 981 31 is_stmt 1 view .LVU437
 1431              	.LBB290:
 983:Drivers/CMSIS/Include/cmsis_gcc.h **** 
 1432              	 .loc 2 983 3 view .LVU438
 988:Drivers/CMSIS/Include/cmsis_gcc.h **** #else
 1433              	 .loc 2 988 4 view .LVU439
 1434              	 .syntax unified
 1435              	
 1436 03b0 98FAA8F3 	 rbit r3,r8
 1437              	
 1438              	 .thumb
 1439              	 .syntax unified
 1440              	.LBE290:
 1441              	.LBE289:
 379:Drivers/STM32F3xx_HAL_Driver/Src/stm32f3xx_hal_rcc.c ****           {
 1442              	 .loc 1 379 12 view .LVU440
 1443              	.LVL107:
 1444              	.LBB292:
ARM GAS   			page 60


 1445              	.LBB291:
 1446              	 .loc 2 1001 3 view .LVU441
 1447              	 .loc 2 1001 3 is_stmt 0 view .LVU442
 1448              	.LBE291:
 1449              	.LBE292:
 377:Drivers/STM32F3xx_HAL_Driver/Src/stm32f3xx_hal_rcc.c ****         {
 1450              	 .loc 1 377 15 view .LVU443
 1451 03b4 B3FA83F3 	 clz r3,r3
 1452 03b8 03F01F03 	 and r3,r3,#31
 1453 03bc 07FA03F3 	 lsl r3,r7,r3
 377:Drivers/STM32F3xx_HAL_Driver/Src/stm32f3xx_hal_rcc.c ****         {
 1454              	 .loc 1 377 14 view .LVU444
 1455 03c0 1342     	 tst r3,r2
 1456 03c2 EDD1     	 bne .L33
 1457 03c4 75E6     	 b .L119
 1458              	.LVL108:
 1459              	.L130:
 1460              	.LBB293:
 528:Drivers/STM32F3xx_HAL_Driver/Src/stm32f3xx_hal_rcc.c ****     /* Check the LSE State */
 1461              	 .loc 1 528 5 is_stmt 1 discriminator 4 view .LVU445
 1462 03c6 814D     	 ldr r5,.L136
 1463 03c8 2B6A     	 ldr r3,[r5,#32]
 1464 03ca 23F00103 	 bic r3,r3,#1
 1465 03ce 2B62     	 str r3,[r5,#32]
 528:Drivers/STM32F3xx_HAL_Driver/Src/stm32f3xx_hal_rcc.c ****     /* Check the LSE State */
 1466              	 .loc 1 528 5 discriminator 4 view .LVU446
 1467 03d0 2B6A     	 ldr r3,[r5,#32]
 1468 03d2 23F00403 	 bic r3,r3,#4
 1469 03d6 2B62     	 str r3,[r5,#32]
 528:Drivers/STM32F3xx_HAL_Driver/Src/stm32f3xx_hal_rcc.c ****     /* Check the LSE State */
 1470              	 .loc 1 528 5 discriminator 4 view .LVU447
 530:Drivers/STM32F3xx_HAL_Driver/Src/stm32f3xx_hal_rcc.c ****     {
 1471              	 .loc 1 530 5 discriminator 4 view .LVU448
 547:Drivers/STM32F3xx_HAL_Driver/Src/stm32f3xx_hal_rcc.c ****       
 1472              	 .loc 1 547 7 discriminator 4 view .LVU449
 547:Drivers/STM32F3xx_HAL_Driver/Src/stm32f3xx_hal_rcc.c ****       
 1473              	 .loc 1 547 19 is_stmt 0 discriminator 4 view .LVU450
 1474 03d8 FFF7FEFF 	 bl HAL_GetTick
 1475              	.LVL109:
 1476              	.LBB202:
 1477              	.LBB203:
 988:Drivers/CMSIS/Include/cmsis_gcc.h **** #else
 1478              	 .loc 2 988 4 discriminator 4 view .LVU451
 1479 03dc 4FF00209 	 mov r9,#2
 1480              	.LBE203:
 1481              	.LBE202:
 547:Drivers/STM32F3xx_HAL_Driver/Src/stm32f3xx_hal_rcc.c ****       
 1482              	 .loc 1 547 19 discriminator 4 view .LVU452
 1483 03e0 0646     	 mov r6,r0
 1484              	.LVL110:
 550:Drivers/STM32F3xx_HAL_Driver/Src/stm32f3xx_hal_rcc.c ****       {
 1485              	 .loc 1 550 7 is_stmt 1 discriminator 4 view .LVU453
 550:Drivers/STM32F3xx_HAL_Driver/Src/stm32f3xx_hal_rcc.c ****       {
 1486              	 .loc 1 550 13 is_stmt 0 discriminator 4 view .LVU454
 1487 03e2 0127     	 movs r7,#1
 550:Drivers/STM32F3xx_HAL_Driver/Src/stm32f3xx_hal_rcc.c ****       {
 1488              	 .loc 1 550 12 discriminator 4 view .LVU455
ARM GAS   			page 61


 1489 03e4 13E0     	 b .L60
 1490              	.LVL111:
 1491              	.L69:
 1492              	.LBB205:
 1493              	.LBB206:
 988:Drivers/CMSIS/Include/cmsis_gcc.h **** #else
 1494              	 .loc 2 988 4 view .LVU456
 1495              	 .syntax unified
 1496              	
 1497 03e6 99FAA9F3 	 rbit r3,r9
 1498              	
 1499              	.LVL112:
 1500              	 .loc 2 1001 3 is_stmt 1 view .LVU457
 1501              	 .loc 2 1001 3 is_stmt 0 view .LVU458
 1502              	 .thumb
 1503              	 .syntax unified
 1504              	.LBE206:
 1505              	.LBE205:
 550:Drivers/STM32F3xx_HAL_Driver/Src/stm32f3xx_hal_rcc.c ****       {
 1506              	 .loc 1 550 13 view .LVU459
 1507 03ea 6A6A     	 ldr r2,[r5,#36]
 1508              	.L70:
 1509              	.LVL113:
 1510              	.LBB208:
 1511              	.LBI208:
 981:Drivers/CMSIS/Include/cmsis_gcc.h **** {
 1512              	 .loc 2 981 31 is_stmt 1 discriminator 11 view .LVU460
 1513              	.LBB209:
 983:Drivers/CMSIS/Include/cmsis_gcc.h **** 
 1514              	 .loc 2 983 3 discriminator 11 view .LVU461
 988:Drivers/CMSIS/Include/cmsis_gcc.h **** #else
 1515              	 .loc 2 988 4 discriminator 11 view .LVU462
 1516              	 .syntax unified
 1517              	
 1518 03ec 99FAA9F3 	 rbit r3,r9
 1519              	
 1520              	 .thumb
 1521              	 .syntax unified
 1522              	.LBE209:
 1523              	.LBE208:
 552:Drivers/STM32F3xx_HAL_Driver/Src/stm32f3xx_hal_rcc.c ****         {
 1524              	 .loc 1 552 9 discriminator 11 view .LVU463
 1525              	.LVL114:
 1526              	.LBB211:
 1527              	.LBB210:
 1528              	 .loc 2 1001 3 discriminator 11 view .LVU464
 1529              	 .loc 2 1001 3 is_stmt 0 discriminator 11 view .LVU465
 1530              	.LBE210:
 1531              	.LBE211:
 550:Drivers/STM32F3xx_HAL_Driver/Src/stm32f3xx_hal_rcc.c ****       {
 1532              	 .loc 1 550 13 discriminator 11 view .LVU466
 1533 03f0 B3FA83F3 	 clz r3,r3
 1534 03f4 03F01F03 	 and r3,r3,#31
 1535 03f8 07FA03F3 	 lsl r3,r7,r3
 550:Drivers/STM32F3xx_HAL_Driver/Src/stm32f3xx_hal_rcc.c ****       {
 1536              	 .loc 1 550 12 discriminator 11 view .LVU467
 1537 03fc 1342     	 tst r3,r2
ARM GAS   			page 62


 1538 03fe 0ED0     	 beq .L72
 552:Drivers/STM32F3xx_HAL_Driver/Src/stm32f3xx_hal_rcc.c ****         {
 1539              	 .loc 1 552 13 view .LVU468
 1540 0400 FFF7FEFF 	 bl HAL_GetTick
 1541              	.LVL115:
 552:Drivers/STM32F3xx_HAL_Driver/Src/stm32f3xx_hal_rcc.c ****         {
 1542              	 .loc 1 552 11 view .LVU469
 1543 0404 41F28833 	 movw r3,#5000
 552:Drivers/STM32F3xx_HAL_Driver/Src/stm32f3xx_hal_rcc.c ****         {
 1544              	 .loc 1 552 27 view .LVU470
 1545 0408 801B     	 subs r0,r0,r6
 552:Drivers/STM32F3xx_HAL_Driver/Src/stm32f3xx_hal_rcc.c ****         {
 1546              	 .loc 1 552 11 view .LVU471
 1547 040a 9842     	 cmp r0,r3
 1548 040c AED8     	 bhi .L32
 1549              	.L60:
 550:Drivers/STM32F3xx_HAL_Driver/Src/stm32f3xx_hal_rcc.c ****       {
 1550              	 .loc 1 550 12 is_stmt 1 view .LVU472
 1551              	.LVL116:
 1552              	.LBB212:
 1553              	.LBI202:
 981:Drivers/CMSIS/Include/cmsis_gcc.h **** {
 1554              	 .loc 2 981 31 view .LVU473
 1555              	.LBB204:
 983:Drivers/CMSIS/Include/cmsis_gcc.h **** 
 1556              	 .loc 2 983 3 view .LVU474
 988:Drivers/CMSIS/Include/cmsis_gcc.h **** #else
 1557              	 .loc 2 988 4 view .LVU475
 1558              	 .syntax unified
 1559              	
 1560 040e 99FAA9F3 	 rbit r3,r9
 1561              	
 1562              	.LVL117:
 1563              	 .loc 2 1001 3 view .LVU476
 1564              	 .loc 2 1001 3 is_stmt 0 view .LVU477
 1565              	 .thumb
 1566              	 .syntax unified
 1567              	.LBE204:
 1568              	.LBE212:
 1569              	.LBB213:
 1570              	.LBI213:
 981:Drivers/CMSIS/Include/cmsis_gcc.h **** {
 1571              	 .loc 2 981 31 is_stmt 1 view .LVU478
 1572              	.LBB214:
 983:Drivers/CMSIS/Include/cmsis_gcc.h **** 
 1573              	 .loc 2 983 3 view .LVU479
 988:Drivers/CMSIS/Include/cmsis_gcc.h **** #else
 1574              	 .loc 2 988 4 view .LVU480
 1575              	 .syntax unified
 1576              	
 1577 0412 99FAA9F3 	 rbit r3,r9
 1578              	
 1579              	.LVL118:
 1580              	 .loc 2 1001 3 view .LVU481
 1581              	 .loc 2 1001 3 is_stmt 0 view .LVU482
 1582              	 .thumb
 1583              	 .syntax unified
ARM GAS   			page 63


 1584              	.LBE214:
 1585              	.LBE213:
 1586              	.LBB215:
 1587              	.LBI205:
 981:Drivers/CMSIS/Include/cmsis_gcc.h **** {
 1588              	 .loc 2 981 31 is_stmt 1 view .LVU483
 1589              	.LBB207:
 983:Drivers/CMSIS/Include/cmsis_gcc.h **** 
 1590              	 .loc 2 983 3 view .LVU484
 988:Drivers/CMSIS/Include/cmsis_gcc.h **** #else
 1591              	 .loc 2 988 4 view .LVU485
 1592              	.LBE207:
 1593              	.LBE215:
 550:Drivers/STM32F3xx_HAL_Driver/Src/stm32f3xx_hal_rcc.c ****       {
 1594              	 .loc 1 550 13 is_stmt 0 view .LVU486
 1595 0416 002B     	 cmp r3,#0
 1596 0418 E5D0     	 beq .L69
 550:Drivers/STM32F3xx_HAL_Driver/Src/stm32f3xx_hal_rcc.c ****       {
 1597              	 .loc 1 550 13 discriminator 4 view .LVU487
 1598 041a 2A6A     	 ldr r2,[r5,#32]
 1599 041c E6E7     	 b .L70
 1600              	.LVL119:
 1601              	.L72:
 560:Drivers/STM32F3xx_HAL_Driver/Src/stm32f3xx_hal_rcc.c ****     {
 1602              	 .loc 1 560 5 is_stmt 1 view .LVU488
 560:Drivers/STM32F3xx_HAL_Driver/Src/stm32f3xx_hal_rcc.c ****     {
 1603              	 .loc 1 560 7 is_stmt 0 view .LVU489
 1604 041e B8F1000F 	 cmp r8,#0
 1605 0422 3FF4DCAE 	 beq .L50
 562:Drivers/STM32F3xx_HAL_Driver/Src/stm32f3xx_hal_rcc.c ****     }
 1606              	 .loc 1 562 7 is_stmt 1 view .LVU490
 1607 0426 694A     	 ldr r2,.L136
 1608 0428 D369     	 ldr r3,[r2,#28]
 1609 042a 23F08053 	 bic r3,r3,#268435456
 1610 042e D361     	 str r3,[r2,#28]
 1611 0430 D5E6     	 b .L50
 1612              	.LVL120:
 1613              	.L38:
 562:Drivers/STM32F3xx_HAL_Driver/Src/stm32f3xx_hal_rcc.c ****     }
 1614              	 .loc 1 562 7 is_stmt 0 view .LVU491
 1615              	.LBE293:
 436:Drivers/STM32F3xx_HAL_Driver/Src/stm32f3xx_hal_rcc.c ****         
 1616              	 .loc 1 436 9 is_stmt 1 view .LVU492
 1617              	.LBB294:
 1618              	.LBI294:
 981:Drivers/CMSIS/Include/cmsis_gcc.h **** {
 1619              	 .loc 2 981 31 view .LVU493
 1620              	.LBB295:
 983:Drivers/CMSIS/Include/cmsis_gcc.h **** 
 1621              	 .loc 2 983 3 view .LVU494
 988:Drivers/CMSIS/Include/cmsis_gcc.h **** #else
 1622              	 .loc 2 988 4 view .LVU495
 1623 0432 0126     	 movs r6,#1
 1624              	 .syntax unified
 1625              	
 1626 0434 96FAA6F3 	 rbit r3,r6
 1627              	
ARM GAS   			page 64


 1628              	.LVL121:
 1629              	 .loc 2 1001 3 view .LVU496
 1630              	 .loc 2 1001 3 is_stmt 0 view .LVU497
 1631              	 .thumb
 1632              	 .syntax unified
 1633              	.LBE295:
 1634              	.LBE294:
 436:Drivers/STM32F3xx_HAL_Driver/Src/stm32f3xx_hal_rcc.c ****         
 1635              	 .loc 1 436 9 view .LVU498
 1636 0438 B3FA83F3 	 clz r3,r3
 1637 043c 03F18453 	 add r3,r3,#276824064
 1638 0440 03F58413 	 add r3,r3,#1081344
 1639 0444 9B00     	 lsls r3,r3,#2
 442:Drivers/STM32F3xx_HAL_Driver/Src/stm32f3xx_hal_rcc.c ****         {
 1640              	 .loc 1 442 15 view .LVU499
 1641 0446 614F     	 ldr r7,.L136
 436:Drivers/STM32F3xx_HAL_Driver/Src/stm32f3xx_hal_rcc.c ****         
 1642              	 .loc 1 436 9 view .LVU500
 1643 0448 1A60     	 str r2,[r3]
 439:Drivers/STM32F3xx_HAL_Driver/Src/stm32f3xx_hal_rcc.c ****         
 1644              	 .loc 1 439 9 is_stmt 1 view .LVU501
 439:Drivers/STM32F3xx_HAL_Driver/Src/stm32f3xx_hal_rcc.c ****         
 1645              	 .loc 1 439 21 is_stmt 0 view .LVU502
 1646 044a FFF7FEFF 	 bl HAL_GetTick
 1647              	.LVL122:
 1648              	.LBB296:
 1649              	.LBB297:
 988:Drivers/CMSIS/Include/cmsis_gcc.h **** #else
 1650              	 .loc 2 988 4 view .LVU503
 1651 044e 4FF00208 	 mov r8,#2
 1652              	.LBE297:
 1653              	.LBE296:
 439:Drivers/STM32F3xx_HAL_Driver/Src/stm32f3xx_hal_rcc.c ****         
 1654              	 .loc 1 439 21 view .LVU504
 1655 0452 0546     	 mov r5,r0
 1656              	.LVL123:
 442:Drivers/STM32F3xx_HAL_Driver/Src/stm32f3xx_hal_rcc.c ****         {
 1657              	 .loc 1 442 9 is_stmt 1 view .LVU505
 442:Drivers/STM32F3xx_HAL_Driver/Src/stm32f3xx_hal_rcc.c ****         {
 1658              	 .loc 1 442 14 is_stmt 0 view .LVU506
 1659 0454 04E0     	 b .L41
 1660              	.LVL124:
 1661              	.L42:
 444:Drivers/STM32F3xx_HAL_Driver/Src/stm32f3xx_hal_rcc.c ****           {
 1662              	 .loc 1 444 15 view .LVU507
 1663 0456 FFF7FEFF 	 bl HAL_GetTick
 1664              	.LVL125:
 444:Drivers/STM32F3xx_HAL_Driver/Src/stm32f3xx_hal_rcc.c ****           {
 1665              	 .loc 1 444 29 view .LVU508
 1666 045a 401B     	 subs r0,r0,r5
 444:Drivers/STM32F3xx_HAL_Driver/Src/stm32f3xx_hal_rcc.c ****           {
 1667              	 .loc 1 444 13 view .LVU509
 1668 045c 0228     	 cmp r0,#2
 1669 045e 85D8     	 bhi .L32
 1670              	.L41:
 442:Drivers/STM32F3xx_HAL_Driver/Src/stm32f3xx_hal_rcc.c ****         {
 1671              	 .loc 1 442 14 is_stmt 1 view .LVU510
ARM GAS   			page 65


 1672              	.LVL126:
 1673              	.LBB299:
 1674              	.LBI296:
 981:Drivers/CMSIS/Include/cmsis_gcc.h **** {
 1675              	 .loc 2 981 31 view .LVU511
 1676              	.LBB298:
 983:Drivers/CMSIS/Include/cmsis_gcc.h **** 
 1677              	 .loc 2 983 3 view .LVU512
 988:Drivers/CMSIS/Include/cmsis_gcc.h **** #else
 1678              	 .loc 2 988 4 view .LVU513
 1679              	 .syntax unified
 1680              	
 1681 0460 98FAA8F3 	 rbit r3,r8
 1682              	
 1683              	.LVL127:
 1684              	 .loc 2 1001 3 view .LVU514
 1685              	 .loc 2 1001 3 is_stmt 0 view .LVU515
 1686              	 .thumb
 1687              	 .syntax unified
 1688              	.LBE298:
 1689              	.LBE299:
 442:Drivers/STM32F3xx_HAL_Driver/Src/stm32f3xx_hal_rcc.c ****         {
 1690              	 .loc 1 442 15 view .LVU516
 1691 0464 3A68     	 ldr r2,[r7]
 1692              	.LVL128:
 1693              	.LBB300:
 1694              	.LBI300:
 981:Drivers/CMSIS/Include/cmsis_gcc.h **** {
 1695              	 .loc 2 981 31 is_stmt 1 view .LVU517
 1696              	.LBB301:
 983:Drivers/CMSIS/Include/cmsis_gcc.h **** 
 1697              	 .loc 2 983 3 view .LVU518
 988:Drivers/CMSIS/Include/cmsis_gcc.h **** #else
 1698              	 .loc 2 988 4 view .LVU519
 1699              	 .syntax unified
 1700              	
 1701 0466 98FAA8F3 	 rbit r3,r8
 1702              	
 1703              	 .thumb
 1704              	 .syntax unified
 1705              	.LBE301:
 1706              	.LBE300:
 444:Drivers/STM32F3xx_HAL_Driver/Src/stm32f3xx_hal_rcc.c ****           {
 1707              	 .loc 1 444 11 view .LVU520
 1708              	.LVL129:
 1709              	.LBB303:
 1710              	.LBB302:
 1711              	 .loc 2 1001 3 view .LVU521
 1712              	 .loc 2 1001 3 is_stmt 0 view .LVU522
 1713              	.LBE302:
 1714              	.LBE303:
 442:Drivers/STM32F3xx_HAL_Driver/Src/stm32f3xx_hal_rcc.c ****         {
 1715              	 .loc 1 442 15 view .LVU523
 1716 046a B3FA83F3 	 clz r3,r3
 1717 046e 03F01F03 	 and r3,r3,#31
 1718 0472 06FA03F3 	 lsl r3,r6,r3
 442:Drivers/STM32F3xx_HAL_Driver/Src/stm32f3xx_hal_rcc.c ****         {
ARM GAS   			page 66


 1719              	 .loc 1 442 14 view .LVU524
 1720 0476 1342     	 tst r3,r2
 1721 0478 EDD1     	 bne .L42
 453:Drivers/STM32F3xx_HAL_Driver/Src/stm32f3xx_hal_rcc.c ****   {
 1722              	 .loc 1 453 25 view .LVU525
 1723 047a 2368     	 ldr r3,[r4]
 1724 047c 5EE6     	 b .L34
 1725              	.LVL130:
 1726              	.L129:
 1727              	.LBB304:
 528:Drivers/STM32F3xx_HAL_Driver/Src/stm32f3xx_hal_rcc.c ****     /* Check the LSE State */
 1728              	 .loc 1 528 5 is_stmt 1 discriminator 1 view .LVU526
 1729 047e 534A     	 ldr r2,.L136
 1730 0480 136A     	 ldr r3,[r2,#32]
 1731 0482 43F00103 	 orr r3,r3,#1
 1732 0486 1362     	 str r3,[r2,#32]
 528:Drivers/STM32F3xx_HAL_Driver/Src/stm32f3xx_hal_rcc.c ****     /* Check the LSE State */
 1733              	 .loc 1 528 5 discriminator 1 view .LVU527
 530:Drivers/STM32F3xx_HAL_Driver/Src/stm32f3xx_hal_rcc.c ****     {
 1734              	 .loc 1 530 5 discriminator 1 view .LVU528
 1735              	.L58:
 533:Drivers/STM32F3xx_HAL_Driver/Src/stm32f3xx_hal_rcc.c ****       
 1736              	 .loc 1 533 7 view .LVU529
 533:Drivers/STM32F3xx_HAL_Driver/Src/stm32f3xx_hal_rcc.c ****       
 1737              	 .loc 1 533 19 is_stmt 0 view .LVU530
 1738 0488 FFF7FEFF 	 bl HAL_GetTick
 1739              	.LVL131:
 536:Drivers/STM32F3xx_HAL_Driver/Src/stm32f3xx_hal_rcc.c ****       {
 1740              	 .loc 1 536 13 view .LVU531
 1741 048c 4F4F     	 ldr r7,.L136
 533:Drivers/STM32F3xx_HAL_Driver/Src/stm32f3xx_hal_rcc.c ****       
 1742              	 .loc 1 533 19 view .LVU532
 1743 048e 0546     	 mov r5,r0
 1744              	.LVL132:
 536:Drivers/STM32F3xx_HAL_Driver/Src/stm32f3xx_hal_rcc.c ****       {
 1745              	 .loc 1 536 7 is_stmt 1 view .LVU533
 1746              	.LBB216:
 1747              	.LBB217:
 988:Drivers/CMSIS/Include/cmsis_gcc.h **** #else
 1748              	 .loc 2 988 4 is_stmt 0 view .LVU534
 1749 0490 4FF00209 	 mov r9,#2
 1750              	.LBE217:
 1751              	.LBE216:
 536:Drivers/STM32F3xx_HAL_Driver/Src/stm32f3xx_hal_rcc.c ****       {
 1752              	 .loc 1 536 13 view .LVU535
 1753 0494 0126     	 movs r6,#1
 536:Drivers/STM32F3xx_HAL_Driver/Src/stm32f3xx_hal_rcc.c ****       {
 1754              	 .loc 1 536 12 view .LVU536
 1755 0496 14E0     	 b .L63
 1756              	.LVL133:
 1757              	.L64:
 1758              	.LBB219:
 1759              	.LBB220:
 988:Drivers/CMSIS/Include/cmsis_gcc.h **** #else
 1760              	 .loc 2 988 4 view .LVU537
 1761              	 .syntax unified
 1762              	
ARM GAS   			page 67


 1763 0498 99FAA9F3 	 rbit r3,r9
 1764              	
 1765              	.LVL134:
 1766              	 .loc 2 1001 3 is_stmt 1 view .LVU538
 1767              	 .loc 2 1001 3 is_stmt 0 view .LVU539
 1768              	 .thumb
 1769              	 .syntax unified
 1770              	.LBE220:
 1771              	.LBE219:
 536:Drivers/STM32F3xx_HAL_Driver/Src/stm32f3xx_hal_rcc.c ****       {
 1772              	 .loc 1 536 13 view .LVU540
 1773 049c 7A6A     	 ldr r2,[r7,#36]
 1774              	.L65:
 1775              	.LVL135:
 1776              	.LBB222:
 1777              	.LBI222:
 981:Drivers/CMSIS/Include/cmsis_gcc.h **** {
 1778              	 .loc 2 981 31 is_stmt 1 discriminator 11 view .LVU541
 1779              	.LBB223:
 983:Drivers/CMSIS/Include/cmsis_gcc.h **** 
 1780              	 .loc 2 983 3 discriminator 11 view .LVU542
 988:Drivers/CMSIS/Include/cmsis_gcc.h **** #else
 1781              	 .loc 2 988 4 discriminator 11 view .LVU543
 1782              	 .syntax unified
 1783              	
 1784 049e 99FAA9F3 	 rbit r3,r9
 1785              	
 1786              	 .thumb
 1787              	 .syntax unified
 1788              	.LBE223:
 1789              	.LBE222:
 538:Drivers/STM32F3xx_HAL_Driver/Src/stm32f3xx_hal_rcc.c ****         {
 1790              	 .loc 1 538 9 discriminator 11 view .LVU544
 1791              	.LVL136:
 1792              	.LBB225:
 1793              	.LBB224:
 1794              	 .loc 2 1001 3 discriminator 11 view .LVU545
 1795              	 .loc 2 1001 3 is_stmt 0 discriminator 11 view .LVU546
 1796              	.LBE224:
 1797              	.LBE225:
 536:Drivers/STM32F3xx_HAL_Driver/Src/stm32f3xx_hal_rcc.c ****       {
 1798              	 .loc 1 536 13 discriminator 11 view .LVU547
 1799 04a2 B3FA83F3 	 clz r3,r3
 1800 04a6 03F01F03 	 and r3,r3,#31
 1801 04aa 06FA03F3 	 lsl r3,r6,r3
 536:Drivers/STM32F3xx_HAL_Driver/Src/stm32f3xx_hal_rcc.c ****       {
 1802              	 .loc 1 536 12 discriminator 11 view .LVU548
 1803 04ae 1342     	 tst r3,r2
 1804 04b0 B5D1     	 bne .L72
 538:Drivers/STM32F3xx_HAL_Driver/Src/stm32f3xx_hal_rcc.c ****         {
 1805              	 .loc 1 538 13 view .LVU549
 1806 04b2 FFF7FEFF 	 bl HAL_GetTick
 1807              	.LVL137:
 538:Drivers/STM32F3xx_HAL_Driver/Src/stm32f3xx_hal_rcc.c ****         {
 1808              	 .loc 1 538 11 view .LVU550
 1809 04b6 41F28833 	 movw r3,#5000
 538:Drivers/STM32F3xx_HAL_Driver/Src/stm32f3xx_hal_rcc.c ****         {
ARM GAS   			page 68


 1810              	 .loc 1 538 27 view .LVU551
 1811 04ba 401B     	 subs r0,r0,r5
 538:Drivers/STM32F3xx_HAL_Driver/Src/stm32f3xx_hal_rcc.c ****         {
 1812              	 .loc 1 538 11 view .LVU552
 1813 04bc 9842     	 cmp r0,r3
 1814 04be 3FF655AF 	 bhi .L32
 1815              	.L63:
 536:Drivers/STM32F3xx_HAL_Driver/Src/stm32f3xx_hal_rcc.c ****       {
 1816              	 .loc 1 536 12 is_stmt 1 view .LVU553
 1817              	.LVL138:
 1818              	.LBB226:
 1819              	.LBI216:
 981:Drivers/CMSIS/Include/cmsis_gcc.h **** {
 1820              	 .loc 2 981 31 view .LVU554
 1821              	.LBB218:
 983:Drivers/CMSIS/Include/cmsis_gcc.h **** 
 1822              	 .loc 2 983 3 view .LVU555
 988:Drivers/CMSIS/Include/cmsis_gcc.h **** #else
 1823              	 .loc 2 988 4 view .LVU556
 1824              	 .syntax unified
 1825              	
 1826 04c2 99FAA9F3 	 rbit r3,r9
 1827              	
 1828              	.LVL139:
 1829              	 .loc 2 1001 3 view .LVU557
 1830              	 .loc 2 1001 3 is_stmt 0 view .LVU558
 1831              	 .thumb
 1832              	 .syntax unified
 1833              	.LBE218:
 1834              	.LBE226:
 1835              	.LBB227:
 1836              	.LBI227:
 981:Drivers/CMSIS/Include/cmsis_gcc.h **** {
 1837              	 .loc 2 981 31 is_stmt 1 view .LVU559
 1838              	.LBB228:
 983:Drivers/CMSIS/Include/cmsis_gcc.h **** 
 1839              	 .loc 2 983 3 view .LVU560
 988:Drivers/CMSIS/Include/cmsis_gcc.h **** #else
 1840              	 .loc 2 988 4 view .LVU561
 1841              	 .syntax unified
 1842              	
 1843 04c6 99FAA9F3 	 rbit r3,r9
 1844              	
 1845              	.LVL140:
 1846              	 .loc 2 1001 3 view .LVU562
 1847              	 .loc 2 1001 3 is_stmt 0 view .LVU563
 1848              	 .thumb
 1849              	 .syntax unified
 1850              	.LBE228:
 1851              	.LBE227:
 1852              	.LBB229:
 1853              	.LBI219:
 981:Drivers/CMSIS/Include/cmsis_gcc.h **** {
 1854              	 .loc 2 981 31 is_stmt 1 view .LVU564
 1855              	.LBB221:
 983:Drivers/CMSIS/Include/cmsis_gcc.h **** 
 1856              	 .loc 2 983 3 view .LVU565
ARM GAS   			page 69


 988:Drivers/CMSIS/Include/cmsis_gcc.h **** #else
 1857              	 .loc 2 988 4 view .LVU566
 1858              	.LBE221:
 1859              	.LBE229:
 536:Drivers/STM32F3xx_HAL_Driver/Src/stm32f3xx_hal_rcc.c ****       {
 1860              	 .loc 1 536 13 is_stmt 0 view .LVU567
 1861 04ca 002B     	 cmp r3,#0
 1862 04cc E4D0     	 beq .L64
 536:Drivers/STM32F3xx_HAL_Driver/Src/stm32f3xx_hal_rcc.c ****       {
 1863              	 .loc 1 536 13 discriminator 4 view .LVU568
 1864 04ce 3A6A     	 ldr r2,[r7,#32]
 1865 04d0 E5E7     	 b .L65
 1866              	.LVL141:
 1867              	.L74:
 536:Drivers/STM32F3xx_HAL_Driver/Src/stm32f3xx_hal_rcc.c ****       {
 1868              	 .loc 1 536 13 discriminator 4 view .LVU569
 1869              	.LBE304:
 644:Drivers/STM32F3xx_HAL_Driver/Src/stm32f3xx_hal_rcc.c ****       {
 1870              	 .loc 1 644 7 is_stmt 1 view .LVU570
 644:Drivers/STM32F3xx_HAL_Driver/Src/stm32f3xx_hal_rcc.c ****       {
 1871              	 .loc 1 644 9 is_stmt 0 view .LVU571
 1872 04d2 0128     	 cmp r0,#1
 1873 04d4 3FF4B7AE 	 beq .L114
 651:Drivers/STM32F3xx_HAL_Driver/Src/stm32f3xx_hal_rcc.c **** #if defined(RCC_CFGR_PLLSRC_HSI_PREDIV)
 1874              	 .loc 1 651 9 is_stmt 1 view .LVU572
 651:Drivers/STM32F3xx_HAL_Driver/Src/stm32f3xx_hal_rcc.c **** #if defined(RCC_CFGR_PLLSRC_HSI_PREDIV)
 1875              	 .loc 1 651 20 is_stmt 0 view .LVU573
 1876 04d8 6B68     	 ldr r3,[r5,#4]
 1877              	.LVL142:
 658:Drivers/STM32F3xx_HAL_Driver/Src/stm32f3xx_hal_rcc.c ****            (READ_BIT(pll_config, RCC_CFGR_PLLMUL)   != RCC_OscInitStruct->PLL.PLLMUL))
 1878              	 .loc 1 658 9 is_stmt 1 view .LVU574
 658:Drivers/STM32F3xx_HAL_Driver/Src/stm32f3xx_hal_rcc.c ****            (READ_BIT(pll_config, RCC_CFGR_PLLMUL)   != RCC_OscInitStruct->PLL.PLLMUL))
 1879              	 .loc 1 658 11 is_stmt 0 view .LVU575
 1880 04da 226A     	 ldr r2,[r4,#32]
 658:Drivers/STM32F3xx_HAL_Driver/Src/stm32f3xx_hal_rcc.c ****            (READ_BIT(pll_config, RCC_CFGR_PLLMUL)   != RCC_OscInitStruct->PLL.PLLMUL))
 1881              	 .loc 1 658 13 view .LVU576
 1882 04dc 03F48031 	 and r1,r3,#65536
 658:Drivers/STM32F3xx_HAL_Driver/Src/stm32f3xx_hal_rcc.c ****            (READ_BIT(pll_config, RCC_CFGR_PLLMUL)   != RCC_OscInitStruct->PLL.PLLMUL))
 1883              	 .loc 1 658 11 view .LVU577
 1884 04e0 9142     	 cmp r1,r2
 1885 04e2 7FF4CAAE 	 bne .L85
 658:Drivers/STM32F3xx_HAL_Driver/Src/stm32f3xx_hal_rcc.c ****            (READ_BIT(pll_config, RCC_CFGR_PLLMUL)   != RCC_OscInitStruct->PLL.PLLMUL))
 1886              	 .loc 1 658 90 discriminator 1 view .LVU578
 1887 04e6 606A     	 ldr r0,[r4,#36]
 659:Drivers/STM32F3xx_HAL_Driver/Src/stm32f3xx_hal_rcc.c **** #endif
 1888              	 .loc 1 659 13 discriminator 1 view .LVU579
 1889 04e8 03F47013 	 and r3,r3,#3932160
 1890              	.LVL143:
 668:Drivers/STM32F3xx_HAL_Driver/Src/stm32f3xx_hal_rcc.c **** }
 1891              	 .loc 1 668 10 discriminator 1 view .LVU580
 1892 04ec 181A     	 subs r0,r3,r0
 1893 04ee 18BF     	 it ne
 1894 04f0 0120     	 movne r0,#1
 1895 04f2 A8E6     	 b .L114
 1896              	.LVL144:
 1897              	.L125:
 349:Drivers/STM32F3xx_HAL_Driver/Src/stm32f3xx_hal_rcc.c ****       
ARM GAS   			page 70


 1898              	 .loc 1 349 7 is_stmt 1 discriminator 7 view .LVU581
 1899 04f4 03F18043 	 add r3,r3,#1073741824
 1900 04f8 A3F53C33 	 sub r3,r3,#192512
 1901 04fc 1A68     	 ldr r2,[r3]
 1902 04fe 42F48022 	 orr r2,r2,#262144
 1903 0502 1A60     	 str r2,[r3]
 349:Drivers/STM32F3xx_HAL_Driver/Src/stm32f3xx_hal_rcc.c ****       
 1904              	 .loc 1 349 7 discriminator 7 view .LVU582
 1905 0504 1A68     	 ldr r2,[r3]
 1906 0506 42F48032 	 orr r2,r2,#65536
 1907 050a 1A60     	 str r2,[r3]
 1908 050c A3E5     	 b .L29
 1909              	.LVL145:
 1910              	.L131:
 1911              	.LBB305:
 528:Drivers/STM32F3xx_HAL_Driver/Src/stm32f3xx_hal_rcc.c ****     /* Check the LSE State */
 1912              	 .loc 1 528 5 discriminator 7 view .LVU583
 1913 050e 42F00402 	 orr r2,r2,#4
 1914 0512 1A62     	 str r2,[r3,#32]
 528:Drivers/STM32F3xx_HAL_Driver/Src/stm32f3xx_hal_rcc.c ****     /* Check the LSE State */
 1915              	 .loc 1 528 5 discriminator 7 view .LVU584
 1916 0514 1A6A     	 ldr r2,[r3,#32]
 1917 0516 42F00102 	 orr r2,r2,#1
 1918 051a 1A62     	 str r2,[r3,#32]
 1919 051c B4E7     	 b .L58
 1920              	.LVL146:
 1921              	.L121:
 1922              	 .cfi_def_cfa_offset 0
 1923              	 .cfi_restore 4
 1924              	 .cfi_restore 5
 1925              	 .cfi_restore 6
 1926              	 .cfi_restore 7
 1927              	 .cfi_restore 8
 1928              	 .cfi_restore 9
 1929              	 .cfi_restore 14
 528:Drivers/STM32F3xx_HAL_Driver/Src/stm32f3xx_hal_rcc.c ****     /* Check the LSE State */
 1930              	 .loc 1 528 5 is_stmt 0 discriminator 7 view .LVU585
 1931              	.LBE305:
 325:Drivers/STM32F3xx_HAL_Driver/Src/stm32f3xx_hal_rcc.c ****   }
 1932              	 .loc 1 325 12 view .LVU586
 1933 051e 0120     	 movs r0,#1
 1934              	.LVL147:
 1935              	 .loc 1 669 1 view .LVU587
 1936 0520 7047     	 bx lr
 1937              	.LVL148:
 1938              	.L133:
 1939              	 .cfi_def_cfa_offset 40
 1940              	 .cfi_offset 4,-28
 1941              	 .cfi_offset 5,-24
 1942              	 .cfi_offset 6,-20
 1943              	 .cfi_offset 7,-16
 1944              	 .cfi_offset 8,-12
 1945              	 .cfi_offset 9,-8
 1946              	 .cfi_offset 14,-4
 577:Drivers/STM32F3xx_HAL_Driver/Src/stm32f3xx_hal_rcc.c ****         assert_param(IS_RCC_PLL_MUL(RCC_OscInitStruct->PLL.PLLMUL));
 1947              	 .loc 1 577 9 is_stmt 1 view .LVU588
 578:Drivers/STM32F3xx_HAL_Driver/Src/stm32f3xx_hal_rcc.c **** #if   defined(RCC_CFGR_PLLSRC_HSI_PREDIV)
ARM GAS   			page 71


 1948              	 .loc 1 578 9 view .LVU589
 584:Drivers/STM32F3xx_HAL_Driver/Src/stm32f3xx_hal_rcc.c ****         
 1949              	 .loc 1 584 9 view .LVU590
 1950              	.LBB306:
 1951              	.LBI244:
 981:Drivers/CMSIS/Include/cmsis_gcc.h **** {
 1952              	 .loc 2 981 31 view .LVU591
 1953              	.LBB246:
 983:Drivers/CMSIS/Include/cmsis_gcc.h **** 
 1954              	 .loc 2 983 3 view .LVU592
 988:Drivers/CMSIS/Include/cmsis_gcc.h **** #else
 1955              	 .loc 2 988 4 view .LVU593
 1956              	 .syntax unified
 1957              	
 1958 0522 93FAA3F3 	 rbit r3,r3
 1959              	
 1960              	.LVL149:
 1961              	 .loc 2 1001 3 view .LVU594
 1962              	 .loc 2 1001 3 is_stmt 0 view .LVU595
 1963              	 .thumb
 1964              	 .syntax unified
 1965              	.LBE246:
 1966              	.LBE306:
 584:Drivers/STM32F3xx_HAL_Driver/Src/stm32f3xx_hal_rcc.c ****         
 1967              	 .loc 1 584 9 view .LVU596
 1968 0526 B3FA83F3 	 clz r3,r3
 1969 052a 03F18453 	 add r3,r3,#276824064
 1970 052e 03F58413 	 add r3,r3,#1081344
 1971 0532 9B00     	 lsls r3,r3,#2
 1972 0534 0022     	 movs r2,#0
 1973 0536 1A60     	 str r2,[r3]
 587:Drivers/STM32F3xx_HAL_Driver/Src/stm32f3xx_hal_rcc.c ****         
 1974              	 .loc 1 587 9 is_stmt 1 view .LVU597
 587:Drivers/STM32F3xx_HAL_Driver/Src/stm32f3xx_hal_rcc.c ****         
 1975              	 .loc 1 587 21 is_stmt 0 view .LVU598
 1976 0538 FFF7FEFF 	 bl HAL_GetTick
 1977              	.LVL150:
 1978              	.LBB307:
 1979              	.LBB308:
 988:Drivers/CMSIS/Include/cmsis_gcc.h **** #else
 1980              	 .loc 2 988 4 view .LVU599
 1981 053c 4FF00078 	 mov r8,#33554432
 1982              	.LBE308:
 1983              	.LBE307:
 587:Drivers/STM32F3xx_HAL_Driver/Src/stm32f3xx_hal_rcc.c ****         
 1984              	 .loc 1 587 21 view .LVU600
 1985 0540 0646     	 mov r6,r0
 1986              	.LVL151:
 590:Drivers/STM32F3xx_HAL_Driver/Src/stm32f3xx_hal_rcc.c ****         {
 1987              	 .loc 1 590 9 is_stmt 1 view .LVU601
 590:Drivers/STM32F3xx_HAL_Driver/Src/stm32f3xx_hal_rcc.c ****         {
 1988              	 .loc 1 590 15 is_stmt 0 view .LVU602
 1989 0542 0127     	 movs r7,#1
 590:Drivers/STM32F3xx_HAL_Driver/Src/stm32f3xx_hal_rcc.c ****         {
 1990              	 .loc 1 590 14 view .LVU603
 1991 0544 05E0     	 b .L76
 1992              	.LVL152:
ARM GAS   			page 72


 1993              	.L77:
 592:Drivers/STM32F3xx_HAL_Driver/Src/stm32f3xx_hal_rcc.c ****           {
 1994              	 .loc 1 592 15 view .LVU604
 1995 0546 FFF7FEFF 	 bl HAL_GetTick
 1996              	.LVL153:
 592:Drivers/STM32F3xx_HAL_Driver/Src/stm32f3xx_hal_rcc.c ****           {
 1997              	 .loc 1 592 29 view .LVU605
 1998 054a 801B     	 subs r0,r0,r6
 592:Drivers/STM32F3xx_HAL_Driver/Src/stm32f3xx_hal_rcc.c ****           {
 1999              	 .loc 1 592 13 view .LVU606
 2000 054c 0228     	 cmp r0,#2
 2001 054e 3FF60DAF 	 bhi .L32
 2002              	.L76:
 590:Drivers/STM32F3xx_HAL_Driver/Src/stm32f3xx_hal_rcc.c ****         {
 2003              	 .loc 1 590 14 is_stmt 1 view .LVU607
 2004              	.LVL154:
 2005              	.LBB310:
 2006              	.LBI307:
 981:Drivers/CMSIS/Include/cmsis_gcc.h **** {
 2007              	 .loc 2 981 31 view .LVU608
 2008              	.LBB309:
 983:Drivers/CMSIS/Include/cmsis_gcc.h **** 
 2009              	 .loc 2 983 3 view .LVU609
 988:Drivers/CMSIS/Include/cmsis_gcc.h **** #else
 2010              	 .loc 2 988 4 view .LVU610
 2011              	 .syntax unified
 2012              	
 2013 0552 98FAA8F3 	 rbit r3,r8
 2014              	
 2015              	.LVL155:
 2016              	 .loc 2 1001 3 view .LVU611
 2017              	 .loc 2 1001 3 is_stmt 0 view .LVU612
 2018              	 .thumb
 2019              	 .syntax unified
 2020              	.LBE309:
 2021              	.LBE310:
 590:Drivers/STM32F3xx_HAL_Driver/Src/stm32f3xx_hal_rcc.c ****         {
 2022              	 .loc 1 590 15 view .LVU613
 2023 0556 2A68     	 ldr r2,[r5]
 2024              	.LVL156:
 2025              	.LBB311:
 2026              	.LBI311:
 981:Drivers/CMSIS/Include/cmsis_gcc.h **** {
 2027              	 .loc 2 981 31 is_stmt 1 view .LVU614
 2028              	.LBB312:
 983:Drivers/CMSIS/Include/cmsis_gcc.h **** 
 2029              	 .loc 2 983 3 view .LVU615
 988:Drivers/CMSIS/Include/cmsis_gcc.h **** #else
 2030              	 .loc 2 988 4 view .LVU616
 2031              	 .syntax unified
 2032              	
 2033 0558 98FAA8F3 	 rbit r3,r8
 2034              	
 2035              	 .thumb
 2036              	 .syntax unified
 2037              	.LBE312:
 2038              	.LBE311:
ARM GAS   			page 73


 592:Drivers/STM32F3xx_HAL_Driver/Src/stm32f3xx_hal_rcc.c ****           {
 2039              	 .loc 1 592 11 view .LVU617
 2040              	.LVL157:
 2041              	.LBB314:
 2042              	.LBB313:
 2043              	 .loc 2 1001 3 view .LVU618
 2044              	 .loc 2 1001 3 is_stmt 0 view .LVU619
 2045              	.LBE313:
 2046              	.LBE314:
 590:Drivers/STM32F3xx_HAL_Driver/Src/stm32f3xx_hal_rcc.c ****         {
 2047              	 .loc 1 590 15 view .LVU620
 2048 055c B3FA83F3 	 clz r3,r3
 2049 0560 03F01F03 	 and r3,r3,#31
 2050 0564 07FA03F3 	 lsl r3,r7,r3
 590:Drivers/STM32F3xx_HAL_Driver/Src/stm32f3xx_hal_rcc.c ****         {
 2051              	 .loc 1 590 14 view .LVU621
 2052 0568 1342     	 tst r3,r2
 2053 056a ECD1     	 bne .L77
 605:Drivers/STM32F3xx_HAL_Driver/Src/stm32f3xx_hal_rcc.c ****                            RCC_OscInitStruct->PLL.PLLMUL);
 2054              	 .loc 1 605 7 is_stmt 1 view .LVU622
 2055 056c D4E90813 	 ldrd r1,r3,[r4,#32]
 2056 0570 6A68     	 ldr r2,[r5,#4]
 2057 0572 0B43     	 orrs r3,r3,r1
 2058 0574 22F47412 	 bic r2,r2,#3997696
 2059 0578 1343     	 orrs r3,r3,r2
 2060 057a 6B60     	 str r3,[r5,#4]
 609:Drivers/STM32F3xx_HAL_Driver/Src/stm32f3xx_hal_rcc.c ****         
 2061              	 .loc 1 609 9 view .LVU623
 2062              	.LVL158:
 2063              	.LBB315:
 2064              	.LBI315:
 981:Drivers/CMSIS/Include/cmsis_gcc.h **** {
 2065              	 .loc 2 981 31 view .LVU624
 2066              	.LBB316:
 983:Drivers/CMSIS/Include/cmsis_gcc.h **** 
 2067              	 .loc 2 983 3 view .LVU625
 988:Drivers/CMSIS/Include/cmsis_gcc.h **** #else
 2068              	 .loc 2 988 4 view .LVU626
 2069 057c 4FF08073 	 mov r3,#16777216
 2070              	 .syntax unified
 2071              	
 2072 0580 93FAA3F3 	 rbit r3,r3
 2073              	
 2074              	.LVL159:
 2075              	 .loc 2 1001 3 view .LVU627
 2076              	 .loc 2 1001 3 is_stmt 0 view .LVU628
 2077              	 .thumb
 2078              	 .syntax unified
 2079              	.LBE316:
 2080              	.LBE315:
 609:Drivers/STM32F3xx_HAL_Driver/Src/stm32f3xx_hal_rcc.c ****         
 2081              	 .loc 1 609 9 view .LVU629
 2082 0584 B3FA83F3 	 clz r3,r3
 2083 0588 03F18453 	 add r3,r3,#276824064
 2084 058c 03F58413 	 add r3,r3,#1081344
 2085 0590 9B00     	 lsls r3,r3,#2
 615:Drivers/STM32F3xx_HAL_Driver/Src/stm32f3xx_hal_rcc.c ****         {
ARM GAS   			page 74


 2086              	 .loc 1 615 15 view .LVU630
 2087 0592 0E4D     	 ldr r5,.L136
 609:Drivers/STM32F3xx_HAL_Driver/Src/stm32f3xx_hal_rcc.c ****         
 2088              	 .loc 1 609 9 view .LVU631
 2089 0594 1F60     	 str r7,[r3]
 612:Drivers/STM32F3xx_HAL_Driver/Src/stm32f3xx_hal_rcc.c ****         
 2090              	 .loc 1 612 9 is_stmt 1 view .LVU632
 612:Drivers/STM32F3xx_HAL_Driver/Src/stm32f3xx_hal_rcc.c ****         
 2091              	 .loc 1 612 21 is_stmt 0 view .LVU633
 2092 0596 FFF7FEFF 	 bl HAL_GetTick
 2093              	.LVL160:
 2094              	.LBB317:
 2095              	.LBB318:
 988:Drivers/CMSIS/Include/cmsis_gcc.h **** #else
 2096              	 .loc 2 988 4 view .LVU634
 2097 059a 4FF00077 	 mov r7,#33554432
 2098              	.LBE318:
 2099              	.LBE317:
 612:Drivers/STM32F3xx_HAL_Driver/Src/stm32f3xx_hal_rcc.c ****         
 2100              	 .loc 1 612 21 view .LVU635
 2101 059e 0446     	 mov r4,r0
 2102              	.LVL161:
 615:Drivers/STM32F3xx_HAL_Driver/Src/stm32f3xx_hal_rcc.c ****         {
 2103              	 .loc 1 615 9 is_stmt 1 view .LVU636
 615:Drivers/STM32F3xx_HAL_Driver/Src/stm32f3xx_hal_rcc.c ****         {
 2104              	 .loc 1 615 15 is_stmt 0 view .LVU637
 2105 05a0 0126     	 movs r6,#1
 615:Drivers/STM32F3xx_HAL_Driver/Src/stm32f3xx_hal_rcc.c ****         {
 2106              	 .loc 1 615 14 view .LVU638
 2107 05a2 05E0     	 b .L78
 2108              	.LVL162:
 2109              	.L79:
 617:Drivers/STM32F3xx_HAL_Driver/Src/stm32f3xx_hal_rcc.c ****           {
 2110              	 .loc 1 617 15 view .LVU639
 2111 05a4 FFF7FEFF 	 bl HAL_GetTick
 2112              	.LVL163:
 617:Drivers/STM32F3xx_HAL_Driver/Src/stm32f3xx_hal_rcc.c ****           {
 2113              	 .loc 1 617 29 view .LVU640
 2114 05a8 001B     	 subs r0,r0,r4
 617:Drivers/STM32F3xx_HAL_Driver/Src/stm32f3xx_hal_rcc.c ****           {
 2115              	 .loc 1 617 13 view .LVU641
 2116 05aa 0228     	 cmp r0,#2
 2117 05ac 3FF6DEAE 	 bhi .L32
 2118              	.L78:
 615:Drivers/STM32F3xx_HAL_Driver/Src/stm32f3xx_hal_rcc.c ****         {
 2119              	 .loc 1 615 14 is_stmt 1 view .LVU642
 2120              	.LVL164:
 2121              	.LBB320:
 2122              	.LBI317:
 981:Drivers/CMSIS/Include/cmsis_gcc.h **** {
 2123              	 .loc 2 981 31 view .LVU643
 2124              	.LBB319:
 983:Drivers/CMSIS/Include/cmsis_gcc.h **** 
 2125              	 .loc 2 983 3 view .LVU644
 988:Drivers/CMSIS/Include/cmsis_gcc.h **** #else
 2126              	 .loc 2 988 4 view .LVU645
 2127              	 .syntax unified
ARM GAS   			page 75


 2128              	
 2129 05b0 97FAA7F3 	 rbit r3,r7
 2130              	
 2131              	.LVL165:
 2132              	 .loc 2 1001 3 view .LVU646
 2133              	 .loc 2 1001 3 is_stmt 0 view .LVU647
 2134              	 .thumb
 2135              	 .syntax unified
 2136              	.LBE319:
 2137              	.LBE320:
 615:Drivers/STM32F3xx_HAL_Driver/Src/stm32f3xx_hal_rcc.c ****         {
 2138              	 .loc 1 615 15 view .LVU648
 2139 05b4 2A68     	 ldr r2,[r5]
 2140              	.LVL166:
 2141              	.LBB321:
 2142              	.LBI321:
 981:Drivers/CMSIS/Include/cmsis_gcc.h **** {
 2143              	 .loc 2 981 31 is_stmt 1 view .LVU649
 2144              	.LBB322:
 983:Drivers/CMSIS/Include/cmsis_gcc.h **** 
 2145              	 .loc 2 983 3 view .LVU650
 988:Drivers/CMSIS/Include/cmsis_gcc.h **** #else
 2146              	 .loc 2 988 4 view .LVU651
 2147              	 .syntax unified
 2148              	
 2149 05b6 97FAA7F3 	 rbit r3,r7
 2150              	
 2151              	 .thumb
 2152              	 .syntax unified
 2153              	.LBE322:
 2154              	.LBE321:
 617:Drivers/STM32F3xx_HAL_Driver/Src/stm32f3xx_hal_rcc.c ****           {
 2155              	 .loc 1 617 11 view .LVU652
 2156              	.LVL167:
 2157              	.LBB324:
 2158              	.LBB323:
 2159              	 .loc 2 1001 3 view .LVU653
 2160              	 .loc 2 1001 3 is_stmt 0 view .LVU654
 2161              	.LBE323:
 2162              	.LBE324:
 615:Drivers/STM32F3xx_HAL_Driver/Src/stm32f3xx_hal_rcc.c ****         {
 2163              	 .loc 1 615 15 view .LVU655
 2164 05ba B3FA83F3 	 clz r3,r3
 2165 05be 03F01F03 	 and r3,r3,#31
 2166 05c2 06FA03F3 	 lsl r3,r6,r3
 615:Drivers/STM32F3xx_HAL_Driver/Src/stm32f3xx_hal_rcc.c ****         {
 2167              	 .loc 1 615 14 view .LVU656
 2168 05c6 1342     	 tst r3,r2
 2169 05c8 ECD0     	 beq .L79
 2170 05ca 3BE6     	 b .L80
 2171              	.L137:
 2172              	 .align 2
 2173              	.L136:
 2174 05cc 00100240 	 .word 1073876992
 2175              	 .cfi_endproc
 2176              	.LFE124:
 2178              	 .section .text.HAL_RCC_ClockConfig,"ax",%progbits
ARM GAS   			page 76


 2179              	 .align 1
 2180              	 .p2align 2,,3
 2181              	 .global HAL_RCC_ClockConfig
 2182              	 .syntax unified
 2183              	 .thumb
 2184              	 .thumb_func
 2185              	 .fpu fpv4-sp-d16
 2187              	HAL_RCC_ClockConfig:
 2188              	.LVL168:
 2189              	.LFB125:
 670:Drivers/STM32F3xx_HAL_Driver/Src/stm32f3xx_hal_rcc.c **** 
 671:Drivers/STM32F3xx_HAL_Driver/Src/stm32f3xx_hal_rcc.c **** /**
 672:Drivers/STM32F3xx_HAL_Driver/Src/stm32f3xx_hal_rcc.c ****   * @brief  Initializes the CPU, AHB and APB buses clocks according to the specified 
 673:Drivers/STM32F3xx_HAL_Driver/Src/stm32f3xx_hal_rcc.c ****   *         parameters in the RCC_ClkInitStruct.
 674:Drivers/STM32F3xx_HAL_Driver/Src/stm32f3xx_hal_rcc.c ****   * @param  RCC_ClkInitStruct pointer to an RCC_OscInitTypeDef structure that
 675:Drivers/STM32F3xx_HAL_Driver/Src/stm32f3xx_hal_rcc.c ****   *         contains the configuration information for the RCC peripheral.
 676:Drivers/STM32F3xx_HAL_Driver/Src/stm32f3xx_hal_rcc.c ****   * @param  FLatency FLASH Latency                   
 677:Drivers/STM32F3xx_HAL_Driver/Src/stm32f3xx_hal_rcc.c ****   *          The value of this parameter depend on device used within the same series
 678:Drivers/STM32F3xx_HAL_Driver/Src/stm32f3xx_hal_rcc.c ****   * @note   The SystemCoreClock CMSIS variable is used to store System Clock Frequency 
 679:Drivers/STM32F3xx_HAL_Driver/Src/stm32f3xx_hal_rcc.c ****   *         and updated by @ref HAL_RCC_GetHCLKFreq() function called within this function
 680:Drivers/STM32F3xx_HAL_Driver/Src/stm32f3xx_hal_rcc.c ****   *
 681:Drivers/STM32F3xx_HAL_Driver/Src/stm32f3xx_hal_rcc.c ****   * @note   The HSI is used (enabled by hardware) as system clock source after
 682:Drivers/STM32F3xx_HAL_Driver/Src/stm32f3xx_hal_rcc.c ****   *         start-up from Reset, wake-up from STOP and STANDBY mode, or in case
 683:Drivers/STM32F3xx_HAL_Driver/Src/stm32f3xx_hal_rcc.c ****   *         of failure of the HSE used directly or indirectly as system clock
 684:Drivers/STM32F3xx_HAL_Driver/Src/stm32f3xx_hal_rcc.c ****   *         (if the Clock Security System CSS is enabled).
 685:Drivers/STM32F3xx_HAL_Driver/Src/stm32f3xx_hal_rcc.c ****   *           
 686:Drivers/STM32F3xx_HAL_Driver/Src/stm32f3xx_hal_rcc.c ****   * @note   A switch from one clock source to another occurs only if the target
 687:Drivers/STM32F3xx_HAL_Driver/Src/stm32f3xx_hal_rcc.c ****   *         clock source is ready (clock stable after start-up delay or PLL locked). 
 688:Drivers/STM32F3xx_HAL_Driver/Src/stm32f3xx_hal_rcc.c ****   *         If a clock source which is not yet ready is selected, the switch will
 689:Drivers/STM32F3xx_HAL_Driver/Src/stm32f3xx_hal_rcc.c ****   *         occur when the clock source will be ready. 
 690:Drivers/STM32F3xx_HAL_Driver/Src/stm32f3xx_hal_rcc.c ****   *         You can use @ref HAL_RCC_GetClockConfig() function to know which clock is
 691:Drivers/STM32F3xx_HAL_Driver/Src/stm32f3xx_hal_rcc.c ****   *         currently used as system clock source.
 692:Drivers/STM32F3xx_HAL_Driver/Src/stm32f3xx_hal_rcc.c ****   * @retval HAL status
 693:Drivers/STM32F3xx_HAL_Driver/Src/stm32f3xx_hal_rcc.c ****   */
 694:Drivers/STM32F3xx_HAL_Driver/Src/stm32f3xx_hal_rcc.c **** HAL_StatusTypeDef HAL_RCC_ClockConfig(RCC_ClkInitTypeDef  *RCC_ClkInitStruct, uint32_t FLatency)
 695:Drivers/STM32F3xx_HAL_Driver/Src/stm32f3xx_hal_rcc.c **** {
 2190              	 .loc 1 695 1 is_stmt 1 view-0
 2191              	 .cfi_startproc
 2192              	 
 2193              	 
 696:Drivers/STM32F3xx_HAL_Driver/Src/stm32f3xx_hal_rcc.c ****   uint32_t tickstart = 0U;
 2194              	 .loc 1 696 3 view .LVU658
 697:Drivers/STM32F3xx_HAL_Driver/Src/stm32f3xx_hal_rcc.c **** 
 698:Drivers/STM32F3xx_HAL_Driver/Src/stm32f3xx_hal_rcc.c ****   /* Check Null pointer */
 699:Drivers/STM32F3xx_HAL_Driver/Src/stm32f3xx_hal_rcc.c ****   if(RCC_ClkInitStruct == NULL)
 2195              	 .loc 1 699 3 view .LVU659
 2196              	 .loc 1 699 5 is_stmt 0 view .LVU660
 2197 0000 0028     	 cmp r0,#0
 2198 0002 00F0C880 	 beq .L177
 700:Drivers/STM32F3xx_HAL_Driver/Src/stm32f3xx_hal_rcc.c ****   {
 701:Drivers/STM32F3xx_HAL_Driver/Src/stm32f3xx_hal_rcc.c ****     return HAL_ERROR;
 702:Drivers/STM32F3xx_HAL_Driver/Src/stm32f3xx_hal_rcc.c ****   }
 703:Drivers/STM32F3xx_HAL_Driver/Src/stm32f3xx_hal_rcc.c **** 
 704:Drivers/STM32F3xx_HAL_Driver/Src/stm32f3xx_hal_rcc.c ****   /* Check the parameters */
 705:Drivers/STM32F3xx_HAL_Driver/Src/stm32f3xx_hal_rcc.c ****   assert_param(IS_RCC_CLOCKTYPE(RCC_ClkInitStruct->ClockType));
 706:Drivers/STM32F3xx_HAL_Driver/Src/stm32f3xx_hal_rcc.c ****   assert_param(IS_FLASH_LATENCY(FLatency));
 707:Drivers/STM32F3xx_HAL_Driver/Src/stm32f3xx_hal_rcc.c **** 
ARM GAS   			page 77


 708:Drivers/STM32F3xx_HAL_Driver/Src/stm32f3xx_hal_rcc.c ****   /* To correctly read data from FLASH memory, the number of wait states (LATENCY) 
 709:Drivers/STM32F3xx_HAL_Driver/Src/stm32f3xx_hal_rcc.c ****   must be correctly programmed according to the frequency of the CPU clock 
 710:Drivers/STM32F3xx_HAL_Driver/Src/stm32f3xx_hal_rcc.c ****     (HCLK) of the device. */
 711:Drivers/STM32F3xx_HAL_Driver/Src/stm32f3xx_hal_rcc.c **** 
 712:Drivers/STM32F3xx_HAL_Driver/Src/stm32f3xx_hal_rcc.c ****   /* Increasing the number of wait states because of higher CPU frequency */
 713:Drivers/STM32F3xx_HAL_Driver/Src/stm32f3xx_hal_rcc.c ****   if(FLatency > __HAL_FLASH_GET_LATENCY())
 2199              	 .loc 1 713 17 view .LVU661
 2200 0006 6F4A     	 ldr r2,.L181
 2201 0008 1368     	 ldr r3,[r2]
 2202 000a 03F00703 	 and r3,r3,#7
 2203              	 .loc 1 713 5 view .LVU662
 2204 000e 8B42     	 cmp r3,r1
 695:Drivers/STM32F3xx_HAL_Driver/Src/stm32f3xx_hal_rcc.c ****   uint32_t tickstart = 0U;
 2205              	 .loc 1 695 1 view .LVU663
 2206 0010 2DE9F041 	 push {r4,r5,r6,r7,r8,lr}
 2207              	 .cfi_def_cfa_offset 24
 2208              	 .cfi_offset 4,-24
 2209              	 .cfi_offset 5,-20
 2210              	 .cfi_offset 6,-16
 2211              	 .cfi_offset 7,-12
 2212              	 .cfi_offset 8,-8
 2213              	 .cfi_offset 14,-4
 2214 0014 0D46     	 mov r5,r1
 2215 0016 0446     	 mov r4,r0
 705:Drivers/STM32F3xx_HAL_Driver/Src/stm32f3xx_hal_rcc.c ****   assert_param(IS_FLASH_LATENCY(FLatency));
 2216              	 .loc 1 705 3 is_stmt 1 view .LVU664
 706:Drivers/STM32F3xx_HAL_Driver/Src/stm32f3xx_hal_rcc.c **** 
 2217              	 .loc 1 706 3 view .LVU665
 2218              	 .loc 1 713 3 view .LVU666
 2219              	 .loc 1 713 5 is_stmt 0 view .LVU667
 2220 0018 0CD2     	 bcs .L145
 714:Drivers/STM32F3xx_HAL_Driver/Src/stm32f3xx_hal_rcc.c ****   {    
 715:Drivers/STM32F3xx_HAL_Driver/Src/stm32f3xx_hal_rcc.c ****     /* Program the new number of wait states to the LATENCY bits in the FLASH_ACR register */
 716:Drivers/STM32F3xx_HAL_Driver/Src/stm32f3xx_hal_rcc.c ****     __HAL_FLASH_SET_LATENCY(FLatency);
 2221              	 .loc 1 716 5 is_stmt 1 view .LVU668
 2222 001a 1368     	 ldr r3,[r2]
 2223 001c 23F00703 	 bic r3,r3,#7
 2224 0020 0B43     	 orrs r3,r3,r1
 2225 0022 1360     	 str r3,[r2]
 717:Drivers/STM32F3xx_HAL_Driver/Src/stm32f3xx_hal_rcc.c ****     
 718:Drivers/STM32F3xx_HAL_Driver/Src/stm32f3xx_hal_rcc.c ****     /* Check that the new number of wait states is taken into account to access the Flash
 719:Drivers/STM32F3xx_HAL_Driver/Src/stm32f3xx_hal_rcc.c ****     memory by reading the FLASH_ACR register */
 720:Drivers/STM32F3xx_HAL_Driver/Src/stm32f3xx_hal_rcc.c ****     if(__HAL_FLASH_GET_LATENCY() != FLatency)
 2226              	 .loc 1 720 5 view .LVU669
 2227              	 .loc 1 720 8 is_stmt 0 view .LVU670
 2228 0024 1368     	 ldr r3,[r2]
 2229 0026 03F00703 	 and r3,r3,#7
 2230              	 .loc 1 720 7 view .LVU671
 2231 002a 8B42     	 cmp r3,r1
 2232 002c 02D0     	 beq .L145
 2233              	.LVL169:
 2234              	.L144:
 701:Drivers/STM32F3xx_HAL_Driver/Src/stm32f3xx_hal_rcc.c ****   }
 2235              	 .loc 1 701 12 view .LVU672
 2236 002e 0120     	 movs r0,#1
 2237              	.L140:
 721:Drivers/STM32F3xx_HAL_Driver/Src/stm32f3xx_hal_rcc.c ****     {
ARM GAS   			page 78


 722:Drivers/STM32F3xx_HAL_Driver/Src/stm32f3xx_hal_rcc.c ****       return HAL_ERROR;
 723:Drivers/STM32F3xx_HAL_Driver/Src/stm32f3xx_hal_rcc.c ****     }
 724:Drivers/STM32F3xx_HAL_Driver/Src/stm32f3xx_hal_rcc.c ****   }
 725:Drivers/STM32F3xx_HAL_Driver/Src/stm32f3xx_hal_rcc.c **** 
 726:Drivers/STM32F3xx_HAL_Driver/Src/stm32f3xx_hal_rcc.c ****   /*-------------------------- HCLK Configuration --------------------------*/
 727:Drivers/STM32F3xx_HAL_Driver/Src/stm32f3xx_hal_rcc.c ****   if(((RCC_ClkInitStruct->ClockType) & RCC_CLOCKTYPE_HCLK) == RCC_CLOCKTYPE_HCLK)
 728:Drivers/STM32F3xx_HAL_Driver/Src/stm32f3xx_hal_rcc.c ****   {
 729:Drivers/STM32F3xx_HAL_Driver/Src/stm32f3xx_hal_rcc.c ****     assert_param(IS_RCC_HCLK(RCC_ClkInitStruct->AHBCLKDivider));
 730:Drivers/STM32F3xx_HAL_Driver/Src/stm32f3xx_hal_rcc.c ****     MODIFY_REG(RCC->CFGR, RCC_CFGR_HPRE, RCC_ClkInitStruct->AHBCLKDivider);
 731:Drivers/STM32F3xx_HAL_Driver/Src/stm32f3xx_hal_rcc.c ****   }
 732:Drivers/STM32F3xx_HAL_Driver/Src/stm32f3xx_hal_rcc.c **** 
 733:Drivers/STM32F3xx_HAL_Driver/Src/stm32f3xx_hal_rcc.c ****   /*------------------------- SYSCLK Configuration ---------------------------*/ 
 734:Drivers/STM32F3xx_HAL_Driver/Src/stm32f3xx_hal_rcc.c ****   if(((RCC_ClkInitStruct->ClockType) & RCC_CLOCKTYPE_SYSCLK) == RCC_CLOCKTYPE_SYSCLK)
 735:Drivers/STM32F3xx_HAL_Driver/Src/stm32f3xx_hal_rcc.c ****   {    
 736:Drivers/STM32F3xx_HAL_Driver/Src/stm32f3xx_hal_rcc.c ****     assert_param(IS_RCC_SYSCLKSOURCE(RCC_ClkInitStruct->SYSCLKSource));
 737:Drivers/STM32F3xx_HAL_Driver/Src/stm32f3xx_hal_rcc.c ****     
 738:Drivers/STM32F3xx_HAL_Driver/Src/stm32f3xx_hal_rcc.c ****     /* HSE is selected as System Clock Source */
 739:Drivers/STM32F3xx_HAL_Driver/Src/stm32f3xx_hal_rcc.c ****     if(RCC_ClkInitStruct->SYSCLKSource == RCC_SYSCLKSOURCE_HSE)
 740:Drivers/STM32F3xx_HAL_Driver/Src/stm32f3xx_hal_rcc.c ****     {
 741:Drivers/STM32F3xx_HAL_Driver/Src/stm32f3xx_hal_rcc.c ****       /* Check the HSE ready flag */  
 742:Drivers/STM32F3xx_HAL_Driver/Src/stm32f3xx_hal_rcc.c ****       if(__HAL_RCC_GET_FLAG(RCC_FLAG_HSERDY) == RESET)
 743:Drivers/STM32F3xx_HAL_Driver/Src/stm32f3xx_hal_rcc.c ****       {
 744:Drivers/STM32F3xx_HAL_Driver/Src/stm32f3xx_hal_rcc.c ****         return HAL_ERROR;
 745:Drivers/STM32F3xx_HAL_Driver/Src/stm32f3xx_hal_rcc.c ****       }
 746:Drivers/STM32F3xx_HAL_Driver/Src/stm32f3xx_hal_rcc.c ****     }
 747:Drivers/STM32F3xx_HAL_Driver/Src/stm32f3xx_hal_rcc.c ****     /* PLL is selected as System Clock Source */
 748:Drivers/STM32F3xx_HAL_Driver/Src/stm32f3xx_hal_rcc.c ****     else if(RCC_ClkInitStruct->SYSCLKSource == RCC_SYSCLKSOURCE_PLLCLK)
 749:Drivers/STM32F3xx_HAL_Driver/Src/stm32f3xx_hal_rcc.c ****     {
 750:Drivers/STM32F3xx_HAL_Driver/Src/stm32f3xx_hal_rcc.c ****       /* Check the PLL ready flag */  
 751:Drivers/STM32F3xx_HAL_Driver/Src/stm32f3xx_hal_rcc.c ****       if(__HAL_RCC_GET_FLAG(RCC_FLAG_PLLRDY) == RESET)
 752:Drivers/STM32F3xx_HAL_Driver/Src/stm32f3xx_hal_rcc.c ****       {
 753:Drivers/STM32F3xx_HAL_Driver/Src/stm32f3xx_hal_rcc.c ****         return HAL_ERROR;
 754:Drivers/STM32F3xx_HAL_Driver/Src/stm32f3xx_hal_rcc.c ****       }
 755:Drivers/STM32F3xx_HAL_Driver/Src/stm32f3xx_hal_rcc.c ****     }
 756:Drivers/STM32F3xx_HAL_Driver/Src/stm32f3xx_hal_rcc.c ****     /* HSI is selected as System Clock Source */
 757:Drivers/STM32F3xx_HAL_Driver/Src/stm32f3xx_hal_rcc.c ****     else
 758:Drivers/STM32F3xx_HAL_Driver/Src/stm32f3xx_hal_rcc.c ****     {
 759:Drivers/STM32F3xx_HAL_Driver/Src/stm32f3xx_hal_rcc.c ****       /* Check the HSI ready flag */  
 760:Drivers/STM32F3xx_HAL_Driver/Src/stm32f3xx_hal_rcc.c ****       if(__HAL_RCC_GET_FLAG(RCC_FLAG_HSIRDY) == RESET)
 761:Drivers/STM32F3xx_HAL_Driver/Src/stm32f3xx_hal_rcc.c ****       {
 762:Drivers/STM32F3xx_HAL_Driver/Src/stm32f3xx_hal_rcc.c ****         return HAL_ERROR;
 763:Drivers/STM32F3xx_HAL_Driver/Src/stm32f3xx_hal_rcc.c ****       }
 764:Drivers/STM32F3xx_HAL_Driver/Src/stm32f3xx_hal_rcc.c ****     }
 765:Drivers/STM32F3xx_HAL_Driver/Src/stm32f3xx_hal_rcc.c **** 
 766:Drivers/STM32F3xx_HAL_Driver/Src/stm32f3xx_hal_rcc.c ****     __HAL_RCC_SYSCLK_CONFIG(RCC_ClkInitStruct->SYSCLKSource);
 767:Drivers/STM32F3xx_HAL_Driver/Src/stm32f3xx_hal_rcc.c **** 
 768:Drivers/STM32F3xx_HAL_Driver/Src/stm32f3xx_hal_rcc.c ****     /* Get Start Tick */
 769:Drivers/STM32F3xx_HAL_Driver/Src/stm32f3xx_hal_rcc.c ****     tickstart = HAL_GetTick();
 770:Drivers/STM32F3xx_HAL_Driver/Src/stm32f3xx_hal_rcc.c ****     
 771:Drivers/STM32F3xx_HAL_Driver/Src/stm32f3xx_hal_rcc.c ****     while (__HAL_RCC_GET_SYSCLK_SOURCE() != (RCC_ClkInitStruct->SYSCLKSource << RCC_CFGR_SWS_Pos))
 772:Drivers/STM32F3xx_HAL_Driver/Src/stm32f3xx_hal_rcc.c ****     {
 773:Drivers/STM32F3xx_HAL_Driver/Src/stm32f3xx_hal_rcc.c ****       if ((HAL_GetTick() - tickstart) > CLOCKSWITCH_TIMEOUT_VALUE)
 774:Drivers/STM32F3xx_HAL_Driver/Src/stm32f3xx_hal_rcc.c ****       {
 775:Drivers/STM32F3xx_HAL_Driver/Src/stm32f3xx_hal_rcc.c ****         return HAL_TIMEOUT;
 776:Drivers/STM32F3xx_HAL_Driver/Src/stm32f3xx_hal_rcc.c ****       }
 777:Drivers/STM32F3xx_HAL_Driver/Src/stm32f3xx_hal_rcc.c ****     }
 778:Drivers/STM32F3xx_HAL_Driver/Src/stm32f3xx_hal_rcc.c ****   }
ARM GAS   			page 79


 779:Drivers/STM32F3xx_HAL_Driver/Src/stm32f3xx_hal_rcc.c ****   /* Decreasing the number of wait states because of lower CPU frequency */
 780:Drivers/STM32F3xx_HAL_Driver/Src/stm32f3xx_hal_rcc.c ****   if(FLatency < __HAL_FLASH_GET_LATENCY())
 781:Drivers/STM32F3xx_HAL_Driver/Src/stm32f3xx_hal_rcc.c ****   {    
 782:Drivers/STM32F3xx_HAL_Driver/Src/stm32f3xx_hal_rcc.c ****     /* Program the new number of wait states to the LATENCY bits in the FLASH_ACR register */
 783:Drivers/STM32F3xx_HAL_Driver/Src/stm32f3xx_hal_rcc.c ****     __HAL_FLASH_SET_LATENCY(FLatency);
 784:Drivers/STM32F3xx_HAL_Driver/Src/stm32f3xx_hal_rcc.c ****     
 785:Drivers/STM32F3xx_HAL_Driver/Src/stm32f3xx_hal_rcc.c ****     /* Check that the new number of wait states is taken into account to access the Flash
 786:Drivers/STM32F3xx_HAL_Driver/Src/stm32f3xx_hal_rcc.c ****     memory by reading the FLASH_ACR register */
 787:Drivers/STM32F3xx_HAL_Driver/Src/stm32f3xx_hal_rcc.c ****     if(__HAL_FLASH_GET_LATENCY() != FLatency)
 788:Drivers/STM32F3xx_HAL_Driver/Src/stm32f3xx_hal_rcc.c ****     {
 789:Drivers/STM32F3xx_HAL_Driver/Src/stm32f3xx_hal_rcc.c ****       return HAL_ERROR;
 790:Drivers/STM32F3xx_HAL_Driver/Src/stm32f3xx_hal_rcc.c ****     }
 791:Drivers/STM32F3xx_HAL_Driver/Src/stm32f3xx_hal_rcc.c ****   }    
 792:Drivers/STM32F3xx_HAL_Driver/Src/stm32f3xx_hal_rcc.c **** 
 793:Drivers/STM32F3xx_HAL_Driver/Src/stm32f3xx_hal_rcc.c ****   /*-------------------------- PCLK1 Configuration ---------------------------*/ 
 794:Drivers/STM32F3xx_HAL_Driver/Src/stm32f3xx_hal_rcc.c ****   if(((RCC_ClkInitStruct->ClockType) & RCC_CLOCKTYPE_PCLK1) == RCC_CLOCKTYPE_PCLK1)
 795:Drivers/STM32F3xx_HAL_Driver/Src/stm32f3xx_hal_rcc.c ****   {
 796:Drivers/STM32F3xx_HAL_Driver/Src/stm32f3xx_hal_rcc.c ****     assert_param(IS_RCC_PCLK(RCC_ClkInitStruct->APB1CLKDivider));
 797:Drivers/STM32F3xx_HAL_Driver/Src/stm32f3xx_hal_rcc.c ****     MODIFY_REG(RCC->CFGR, RCC_CFGR_PPRE1, RCC_ClkInitStruct->APB1CLKDivider);
 798:Drivers/STM32F3xx_HAL_Driver/Src/stm32f3xx_hal_rcc.c ****   }
 799:Drivers/STM32F3xx_HAL_Driver/Src/stm32f3xx_hal_rcc.c ****   
 800:Drivers/STM32F3xx_HAL_Driver/Src/stm32f3xx_hal_rcc.c ****   /*-------------------------- PCLK2 Configuration ---------------------------*/ 
 801:Drivers/STM32F3xx_HAL_Driver/Src/stm32f3xx_hal_rcc.c ****   if(((RCC_ClkInitStruct->ClockType) & RCC_CLOCKTYPE_PCLK2) == RCC_CLOCKTYPE_PCLK2)
 802:Drivers/STM32F3xx_HAL_Driver/Src/stm32f3xx_hal_rcc.c ****   {
 803:Drivers/STM32F3xx_HAL_Driver/Src/stm32f3xx_hal_rcc.c ****     assert_param(IS_RCC_PCLK(RCC_ClkInitStruct->APB2CLKDivider));
 804:Drivers/STM32F3xx_HAL_Driver/Src/stm32f3xx_hal_rcc.c ****     MODIFY_REG(RCC->CFGR, RCC_CFGR_PPRE2, ((RCC_ClkInitStruct->APB2CLKDivider) << 3U));
 805:Drivers/STM32F3xx_HAL_Driver/Src/stm32f3xx_hal_rcc.c ****   }
 806:Drivers/STM32F3xx_HAL_Driver/Src/stm32f3xx_hal_rcc.c ****  
 807:Drivers/STM32F3xx_HAL_Driver/Src/stm32f3xx_hal_rcc.c ****   /* Update the SystemCoreClock global variable */
 808:Drivers/STM32F3xx_HAL_Driver/Src/stm32f3xx_hal_rcc.c ****   SystemCoreClock = HAL_RCC_GetSysClockFreq() >> AHBPrescTable[(RCC->CFGR & RCC_CFGR_HPRE)>> RCC_CF
 809:Drivers/STM32F3xx_HAL_Driver/Src/stm32f3xx_hal_rcc.c **** 
 810:Drivers/STM32F3xx_HAL_Driver/Src/stm32f3xx_hal_rcc.c ****   /* Configure the source of time base considering new system clocks settings*/
 811:Drivers/STM32F3xx_HAL_Driver/Src/stm32f3xx_hal_rcc.c ****   HAL_InitTick (uwTickPrio);
 812:Drivers/STM32F3xx_HAL_Driver/Src/stm32f3xx_hal_rcc.c ****   
 813:Drivers/STM32F3xx_HAL_Driver/Src/stm32f3xx_hal_rcc.c ****   return HAL_OK;
 814:Drivers/STM32F3xx_HAL_Driver/Src/stm32f3xx_hal_rcc.c **** }
 2238              	 .loc 1 814 1 view .LVU673
 2239 0030 BDE8F081 	 pop {r4,r5,r6,r7,r8,pc}
 2240              	.LVL170:
 2241              	.L145:
 727:Drivers/STM32F3xx_HAL_Driver/Src/stm32f3xx_hal_rcc.c ****   {
 2242              	 .loc 1 727 3 is_stmt 1 view .LVU674
 727:Drivers/STM32F3xx_HAL_Driver/Src/stm32f3xx_hal_rcc.c ****   {
 2243              	 .loc 1 727 25 is_stmt 0 view .LVU675
 2244 0034 2368     	 ldr r3,[r4]
 727:Drivers/STM32F3xx_HAL_Driver/Src/stm32f3xx_hal_rcc.c ****   {
 2245              	 .loc 1 727 5 view .LVU676
 2246 0036 9F07     	 lsls r7,r3,#30
 2247 0038 06D5     	 bpl .L143
 729:Drivers/STM32F3xx_HAL_Driver/Src/stm32f3xx_hal_rcc.c ****     MODIFY_REG(RCC->CFGR, RCC_CFGR_HPRE, RCC_ClkInitStruct->AHBCLKDivider);
 2248              	 .loc 1 729 5 is_stmt 1 view .LVU677
 730:Drivers/STM32F3xx_HAL_Driver/Src/stm32f3xx_hal_rcc.c ****   }
 2249              	 .loc 1 730 5 view .LVU678
 2250 003a 6349     	 ldr r1,.L181+4
 2251              	.LVL171:
 730:Drivers/STM32F3xx_HAL_Driver/Src/stm32f3xx_hal_rcc.c ****   }
 2252              	 .loc 1 730 5 is_stmt 0 view .LVU679
ARM GAS   			page 80


 2253 003c A068     	 ldr r0,[r4,#8]
 2254              	.LVL172:
 730:Drivers/STM32F3xx_HAL_Driver/Src/stm32f3xx_hal_rcc.c ****   }
 2255              	 .loc 1 730 5 view .LVU680
 2256 003e 4A68     	 ldr r2,[r1,#4]
 2257 0040 22F0F002 	 bic r2,r2,#240
 2258 0044 0243     	 orrs r2,r2,r0
 2259 0046 4A60     	 str r2,[r1,#4]
 2260              	.L143:
 734:Drivers/STM32F3xx_HAL_Driver/Src/stm32f3xx_hal_rcc.c ****   {    
 2261              	 .loc 1 734 3 is_stmt 1 view .LVU681
 734:Drivers/STM32F3xx_HAL_Driver/Src/stm32f3xx_hal_rcc.c ****   {    
 2262              	 .loc 1 734 5 is_stmt 0 view .LVU682
 2263 0048 DE07     	 lsls r6,r3,#31
 2264 004a 2FD5     	 bpl .L154
 736:Drivers/STM32F3xx_HAL_Driver/Src/stm32f3xx_hal_rcc.c ****     
 2265              	 .loc 1 736 5 is_stmt 1 view .LVU683
 739:Drivers/STM32F3xx_HAL_Driver/Src/stm32f3xx_hal_rcc.c ****     {
 2266              	 .loc 1 739 5 view .LVU684
 739:Drivers/STM32F3xx_HAL_Driver/Src/stm32f3xx_hal_rcc.c ****     {
 2267              	 .loc 1 739 25 is_stmt 0 view .LVU685
 2268 004c 6168     	 ldr r1,[r4,#4]
 739:Drivers/STM32F3xx_HAL_Driver/Src/stm32f3xx_hal_rcc.c ****     {
 2269              	 .loc 1 739 7 view .LVU686
 2270 004e 0129     	 cmp r1,#1
 2271 0050 00F0A380 	 beq .L178
 748:Drivers/STM32F3xx_HAL_Driver/Src/stm32f3xx_hal_rcc.c ****     {
 2272              	 .loc 1 748 10 is_stmt 1 view .LVU687
 748:Drivers/STM32F3xx_HAL_Driver/Src/stm32f3xx_hal_rcc.c ****     {
 2273              	 .loc 1 748 12 is_stmt 0 view .LVU688
 2274 0054 0229     	 cmp r1,#2
 2275 0056 00F08B80 	 beq .L179
 760:Drivers/STM32F3xx_HAL_Driver/Src/stm32f3xx_hal_rcc.c ****       {
 2276              	 .loc 1 760 7 is_stmt 1 view .LVU689
 2277              	.LVL173:
 2278              	.LBB345:
 2279              	.LBI345:
 981:Drivers/CMSIS/Include/cmsis_gcc.h **** {
 2280              	 .loc 2 981 31 view .LVU690
 2281              	.LBB346:
 983:Drivers/CMSIS/Include/cmsis_gcc.h **** 
 2282              	 .loc 2 983 3 view .LVU691
 988:Drivers/CMSIS/Include/cmsis_gcc.h **** #else
 2283              	 .loc 2 988 4 view .LVU692
 2284 005a 0222     	 movs r2,#2
 2285              	 .syntax unified
 2286              	
 2287 005c 92FAA2F3 	 rbit r3,r2
 2288              	
 2289              	.LVL174:
 2290              	 .loc 2 1001 3 view .LVU693
 2291              	 .loc 2 1001 3 is_stmt 0 view .LVU694
 2292              	 .thumb
 2293              	 .syntax unified
 2294              	.LBE346:
 2295              	.LBE345:
 760:Drivers/STM32F3xx_HAL_Driver/Src/stm32f3xx_hal_rcc.c ****       {
ARM GAS   			page 81


 2296              	 .loc 1 760 10 view .LVU695
 2297 0060 594B     	 ldr r3,.L181+4
 2298 0062 1868     	 ldr r0,[r3]
 2299              	.LVL175:
 2300              	.LBB347:
 2301              	.LBI347:
 981:Drivers/CMSIS/Include/cmsis_gcc.h **** {
 2302              	 .loc 2 981 31 is_stmt 1 view .LVU696
 2303              	.LBB348:
 983:Drivers/CMSIS/Include/cmsis_gcc.h **** 
 2304              	 .loc 2 983 3 view .LVU697
 988:Drivers/CMSIS/Include/cmsis_gcc.h **** #else
 2305              	 .loc 2 988 4 view .LVU698
 2306              	 .syntax unified
 2307              	
 2308 0064 92FAA2F2 	 rbit r2,r2
 2309              	
 2310              	.LVL176:
 2311              	 .loc 2 1001 3 view .LVU699
 2312              	 .loc 2 1001 3 is_stmt 0 view .LVU700
 2313              	 .thumb
 2314              	 .syntax unified
 2315              	.LBE348:
 2316              	.LBE347:
 760:Drivers/STM32F3xx_HAL_Driver/Src/stm32f3xx_hal_rcc.c ****       {
 2317              	 .loc 1 760 10 view .LVU701
 2318 0068 B2FA82F2 	 clz r2,r2
 2319 006c 02F01F02 	 and r2,r2,#31
 2320 0070 0123     	 movs r3,#1
 2321 0072 03FA02F2 	 lsl r2,r3,r2
 760:Drivers/STM32F3xx_HAL_Driver/Src/stm32f3xx_hal_rcc.c ****       {
 2322              	 .loc 1 760 9 view .LVU702
 2323 0076 0242     	 tst r2,r0
 2324 0078 D9D0     	 beq .L144
 2325              	.L150:
 766:Drivers/STM32F3xx_HAL_Driver/Src/stm32f3xx_hal_rcc.c **** 
 2326              	 .loc 1 766 5 is_stmt 1 view .LVU703
 2327 007a 534E     	 ldr r6,.L181+4
 2328 007c 7368     	 ldr r3,[r6,#4]
 2329 007e 23F00303 	 bic r3,r3,#3
 2330 0082 0B43     	 orrs r3,r3,r1
 2331 0084 7360     	 str r3,[r6,#4]
 769:Drivers/STM32F3xx_HAL_Driver/Src/stm32f3xx_hal_rcc.c ****     
 2332              	 .loc 1 769 5 view .LVU704
 769:Drivers/STM32F3xx_HAL_Driver/Src/stm32f3xx_hal_rcc.c ****     
 2333              	 .loc 1 769 17 is_stmt 0 view .LVU705
 2334 0086 FFF7FEFF 	 bl HAL_GetTick
 2335              	.LVL177:
 773:Drivers/STM32F3xx_HAL_Driver/Src/stm32f3xx_hal_rcc.c ****       {
 2336              	 .loc 1 773 10 view .LVU706
 2337 008a 41F28838 	 movw r8,#5000
 769:Drivers/STM32F3xx_HAL_Driver/Src/stm32f3xx_hal_rcc.c ****     
 2338              	 .loc 1 769 17 view .LVU707
 2339 008e 0746     	 mov r7,r0
 2340              	.LVL178:
 771:Drivers/STM32F3xx_HAL_Driver/Src/stm32f3xx_hal_rcc.c ****     {
 2341              	 .loc 1 771 5 is_stmt 1 view .LVU708
ARM GAS   			page 82


 771:Drivers/STM32F3xx_HAL_Driver/Src/stm32f3xx_hal_rcc.c ****     {
 2342              	 .loc 1 771 11 is_stmt 0 view .LVU709
 2343 0090 05E0     	 b .L152
 2344              	.LVL179:
 2345              	.L153:
 773:Drivers/STM32F3xx_HAL_Driver/Src/stm32f3xx_hal_rcc.c ****       {
 2346              	 .loc 1 773 12 view .LVU710
 2347 0092 FFF7FEFF 	 bl HAL_GetTick
 2348              	.LVL180:
 773:Drivers/STM32F3xx_HAL_Driver/Src/stm32f3xx_hal_rcc.c ****       {
 2349              	 .loc 1 773 26 view .LVU711
 2350 0096 C01B     	 subs r0,r0,r7
 773:Drivers/STM32F3xx_HAL_Driver/Src/stm32f3xx_hal_rcc.c ****       {
 2351              	 .loc 1 773 10 view .LVU712
 2352 0098 4045     	 cmp r0,r8
 2353 009a 00F29080 	 bhi .L160
 2354              	.L152:
 773:Drivers/STM32F3xx_HAL_Driver/Src/stm32f3xx_hal_rcc.c ****       {
 2355              	 .loc 1 773 7 is_stmt 1 view .LVU713
 771:Drivers/STM32F3xx_HAL_Driver/Src/stm32f3xx_hal_rcc.c ****     {
 2356              	 .loc 1 771 11 view .LVU714
 771:Drivers/STM32F3xx_HAL_Driver/Src/stm32f3xx_hal_rcc.c ****     {
 2357              	 .loc 1 771 12 is_stmt 0 view .LVU715
 2358 009e 7368     	 ldr r3,[r6,#4]
 771:Drivers/STM32F3xx_HAL_Driver/Src/stm32f3xx_hal_rcc.c ****     {
 2359              	 .loc 1 771 78 view .LVU716
 2360 00a0 6268     	 ldr r2,[r4,#4]
 771:Drivers/STM32F3xx_HAL_Driver/Src/stm32f3xx_hal_rcc.c ****     {
 2361              	 .loc 1 771 12 view .LVU717
 2362 00a2 03F00C03 	 and r3,r3,#12
 771:Drivers/STM32F3xx_HAL_Driver/Src/stm32f3xx_hal_rcc.c ****     {
 2363              	 .loc 1 771 11 view .LVU718
 2364 00a6 B3EB820F 	 cmp r3,r2,lsl#2
 2365 00aa F2D1     	 bne .L153
 2366              	.LVL181:
 2367              	.L154:
 780:Drivers/STM32F3xx_HAL_Driver/Src/stm32f3xx_hal_rcc.c ****   {    
 2368              	 .loc 1 780 3 is_stmt 1 view .LVU719
 780:Drivers/STM32F3xx_HAL_Driver/Src/stm32f3xx_hal_rcc.c ****   {    
 2369              	 .loc 1 780 17 is_stmt 0 view .LVU720
 2370 00ac 454A     	 ldr r2,.L181
 2371 00ae 1368     	 ldr r3,[r2]
 2372 00b0 03F00703 	 and r3,r3,#7
 780:Drivers/STM32F3xx_HAL_Driver/Src/stm32f3xx_hal_rcc.c ****   {    
 2373              	 .loc 1 780 5 view .LVU721
 2374 00b4 AB42     	 cmp r3,r5
 2375 00b6 09D9     	 bls .L148
 783:Drivers/STM32F3xx_HAL_Driver/Src/stm32f3xx_hal_rcc.c ****     
 2376              	 .loc 1 783 5 is_stmt 1 view .LVU722
 2377 00b8 1368     	 ldr r3,[r2]
 2378 00ba 23F00703 	 bic r3,r3,#7
 2379 00be 2B43     	 orrs r3,r3,r5
 2380 00c0 1360     	 str r3,[r2]
 787:Drivers/STM32F3xx_HAL_Driver/Src/stm32f3xx_hal_rcc.c ****     {
 2381              	 .loc 1 787 5 view .LVU723
 787:Drivers/STM32F3xx_HAL_Driver/Src/stm32f3xx_hal_rcc.c ****     {
 2382              	 .loc 1 787 8 is_stmt 0 view .LVU724
ARM GAS   			page 83


 2383 00c2 1368     	 ldr r3,[r2]
 2384 00c4 03F00703 	 and r3,r3,#7
 787:Drivers/STM32F3xx_HAL_Driver/Src/stm32f3xx_hal_rcc.c ****     {
 2385              	 .loc 1 787 7 view .LVU725
 2386 00c8 AB42     	 cmp r3,r5
 2387 00ca B0D1     	 bne .L144
 2388              	.L148:
 794:Drivers/STM32F3xx_HAL_Driver/Src/stm32f3xx_hal_rcc.c ****   {
 2389              	 .loc 1 794 3 is_stmt 1 view .LVU726
 794:Drivers/STM32F3xx_HAL_Driver/Src/stm32f3xx_hal_rcc.c ****   {
 2390              	 .loc 1 794 25 is_stmt 0 view .LVU727
 2391 00cc 2368     	 ldr r3,[r4]
 794:Drivers/STM32F3xx_HAL_Driver/Src/stm32f3xx_hal_rcc.c ****   {
 2392              	 .loc 1 794 5 view .LVU728
 2393 00ce 5807     	 lsls r0,r3,#29
 2394 00d0 06D5     	 bpl .L156
 796:Drivers/STM32F3xx_HAL_Driver/Src/stm32f3xx_hal_rcc.c ****     MODIFY_REG(RCC->CFGR, RCC_CFGR_PPRE1, RCC_ClkInitStruct->APB1CLKDivider);
 2395              	 .loc 1 796 5 is_stmt 1 view .LVU729
 797:Drivers/STM32F3xx_HAL_Driver/Src/stm32f3xx_hal_rcc.c ****   }
 2396              	 .loc 1 797 5 view .LVU730
 2397 00d2 3D49     	 ldr r1,.L181+4
 2398 00d4 E068     	 ldr r0,[r4,#12]
 2399 00d6 4A68     	 ldr r2,[r1,#4]
 2400 00d8 22F4E062 	 bic r2,r2,#1792
 2401 00dc 0243     	 orrs r2,r2,r0
 2402 00de 4A60     	 str r2,[r1,#4]
 2403              	.L156:
 801:Drivers/STM32F3xx_HAL_Driver/Src/stm32f3xx_hal_rcc.c ****   {
 2404              	 .loc 1 801 3 view .LVU731
 801:Drivers/STM32F3xx_HAL_Driver/Src/stm32f3xx_hal_rcc.c ****   {
 2405              	 .loc 1 801 5 is_stmt 0 view .LVU732
 2406 00e0 1907     	 lsls r1,r3,#28
 2407 00e2 07D5     	 bpl .L157
 803:Drivers/STM32F3xx_HAL_Driver/Src/stm32f3xx_hal_rcc.c ****     MODIFY_REG(RCC->CFGR, RCC_CFGR_PPRE2, ((RCC_ClkInitStruct->APB2CLKDivider) << 3U));
 2408              	 .loc 1 803 5 is_stmt 1 view .LVU733
 804:Drivers/STM32F3xx_HAL_Driver/Src/stm32f3xx_hal_rcc.c ****   }
 2409              	 .loc 1 804 5 view .LVU734
 2410 00e4 384A     	 ldr r2,.L181+4
 2411 00e6 2169     	 ldr r1,[r4,#16]
 2412 00e8 5368     	 ldr r3,[r2,#4]
 2413 00ea 23F46053 	 bic r3,r3,#14336
 2414 00ee 43EAC103 	 orr r3,r3,r1,lsl#3
 2415 00f2 5360     	 str r3,[r2,#4]
 2416              	.L157:
 808:Drivers/STM32F3xx_HAL_Driver/Src/stm32f3xx_hal_rcc.c **** 
 2417              	 .loc 1 808 3 view .LVU735
 2418              	.LBB349:
 2419              	.LBI349:
 815:Drivers/STM32F3xx_HAL_Driver/Src/stm32f3xx_hal_rcc.c **** 
 816:Drivers/STM32F3xx_HAL_Driver/Src/stm32f3xx_hal_rcc.c **** /**
 817:Drivers/STM32F3xx_HAL_Driver/Src/stm32f3xx_hal_rcc.c ****   * @}
 818:Drivers/STM32F3xx_HAL_Driver/Src/stm32f3xx_hal_rcc.c ****   */
 819:Drivers/STM32F3xx_HAL_Driver/Src/stm32f3xx_hal_rcc.c **** 
 820:Drivers/STM32F3xx_HAL_Driver/Src/stm32f3xx_hal_rcc.c **** /** @defgroup RCC_Exported_Functions_Group2 Peripheral Control functions
 821:Drivers/STM32F3xx_HAL_Driver/Src/stm32f3xx_hal_rcc.c ****   *  @brief   RCC clocks control functions
 822:Drivers/STM32F3xx_HAL_Driver/Src/stm32f3xx_hal_rcc.c ****   *
 823:Drivers/STM32F3xx_HAL_Driver/Src/stm32f3xx_hal_rcc.c ****   @verbatim   
ARM GAS   			page 84


 824:Drivers/STM32F3xx_HAL_Driver/Src/stm32f3xx_hal_rcc.c ****   ===============================================================================
 825:Drivers/STM32F3xx_HAL_Driver/Src/stm32f3xx_hal_rcc.c ****                   ##### Peripheral Control functions #####
 826:Drivers/STM32F3xx_HAL_Driver/Src/stm32f3xx_hal_rcc.c ****   ===============================================================================  
 827:Drivers/STM32F3xx_HAL_Driver/Src/stm32f3xx_hal_rcc.c ****     [..]
 828:Drivers/STM32F3xx_HAL_Driver/Src/stm32f3xx_hal_rcc.c ****     This subsection provides a set of functions allowing to control the RCC Clocks 
 829:Drivers/STM32F3xx_HAL_Driver/Src/stm32f3xx_hal_rcc.c ****     frequencies.
 830:Drivers/STM32F3xx_HAL_Driver/Src/stm32f3xx_hal_rcc.c **** 
 831:Drivers/STM32F3xx_HAL_Driver/Src/stm32f3xx_hal_rcc.c ****   @endverbatim
 832:Drivers/STM32F3xx_HAL_Driver/Src/stm32f3xx_hal_rcc.c ****   * @{
 833:Drivers/STM32F3xx_HAL_Driver/Src/stm32f3xx_hal_rcc.c ****   */
 834:Drivers/STM32F3xx_HAL_Driver/Src/stm32f3xx_hal_rcc.c **** 
 835:Drivers/STM32F3xx_HAL_Driver/Src/stm32f3xx_hal_rcc.c **** #if defined(RCC_CFGR_MCOPRE)
 836:Drivers/STM32F3xx_HAL_Driver/Src/stm32f3xx_hal_rcc.c **** /**
 837:Drivers/STM32F3xx_HAL_Driver/Src/stm32f3xx_hal_rcc.c ****   * @brief  Selects the clock source to output on MCO pin.
 838:Drivers/STM32F3xx_HAL_Driver/Src/stm32f3xx_hal_rcc.c ****   * @note   MCO pin should be configured in alternate function mode.
 839:Drivers/STM32F3xx_HAL_Driver/Src/stm32f3xx_hal_rcc.c ****   * @param  RCC_MCOx specifies the output direction for the clock source.
 840:Drivers/STM32F3xx_HAL_Driver/Src/stm32f3xx_hal_rcc.c ****   *          This parameter can be one of the following values:
 841:Drivers/STM32F3xx_HAL_Driver/Src/stm32f3xx_hal_rcc.c ****   *            @arg @ref RCC_MCO1 Clock source to output on MCO1 pin(PA8).
 842:Drivers/STM32F3xx_HAL_Driver/Src/stm32f3xx_hal_rcc.c ****   * @param  RCC_MCOSource specifies the clock source to output.
 843:Drivers/STM32F3xx_HAL_Driver/Src/stm32f3xx_hal_rcc.c ****   *          This parameter can be one of the following values:
 844:Drivers/STM32F3xx_HAL_Driver/Src/stm32f3xx_hal_rcc.c ****   *            @arg @ref RCC_MCO1SOURCE_NOCLOCK     No clock selected
 845:Drivers/STM32F3xx_HAL_Driver/Src/stm32f3xx_hal_rcc.c ****   *            @arg @ref RCC_MCO1SOURCE_SYSCLK      System Clock selected as MCO clock
 846:Drivers/STM32F3xx_HAL_Driver/Src/stm32f3xx_hal_rcc.c ****   *            @arg @ref RCC_MCO1SOURCE_HSI         HSI selected as MCO clock
 847:Drivers/STM32F3xx_HAL_Driver/Src/stm32f3xx_hal_rcc.c ****   *            @arg @ref RCC_MCO1SOURCE_HSE         HSE selected as MCO clock
 848:Drivers/STM32F3xx_HAL_Driver/Src/stm32f3xx_hal_rcc.c ****   *            @arg @ref RCC_MCO1SOURCE_LSI         LSI selected as MCO clock
 849:Drivers/STM32F3xx_HAL_Driver/Src/stm32f3xx_hal_rcc.c ****   *            @arg @ref RCC_MCO1SOURCE_LSE         LSE selected as MCO clock
 850:Drivers/STM32F3xx_HAL_Driver/Src/stm32f3xx_hal_rcc.c ****   *            @arg @ref RCC_MCO1SOURCE_PLLCLK      PLLCLK selected as MCO clock
 851:Drivers/STM32F3xx_HAL_Driver/Src/stm32f3xx_hal_rcc.c ****   *            @arg @ref RCC_MCO1SOURCE_PLLCLK_DIV2 PLLCLK Divided by 2 selected as MCO clock
 852:Drivers/STM32F3xx_HAL_Driver/Src/stm32f3xx_hal_rcc.c ****   * @param  RCC_MCODiv specifies the MCO DIV.
 853:Drivers/STM32F3xx_HAL_Driver/Src/stm32f3xx_hal_rcc.c ****   *          This parameter can be one of the following values:
 854:Drivers/STM32F3xx_HAL_Driver/Src/stm32f3xx_hal_rcc.c ****   *            @arg @ref RCC_MCODIV_1   no division applied to MCO clock
 855:Drivers/STM32F3xx_HAL_Driver/Src/stm32f3xx_hal_rcc.c ****   *            @arg @ref RCC_MCODIV_2   division by 2 applied to MCO clock
 856:Drivers/STM32F3xx_HAL_Driver/Src/stm32f3xx_hal_rcc.c ****   *            @arg @ref RCC_MCODIV_4   division by 4 applied to MCO clock
 857:Drivers/STM32F3xx_HAL_Driver/Src/stm32f3xx_hal_rcc.c ****   *            @arg @ref RCC_MCODIV_8   division by 8 applied to MCO clock
 858:Drivers/STM32F3xx_HAL_Driver/Src/stm32f3xx_hal_rcc.c ****   *            @arg @ref RCC_MCODIV_16  division by 16 applied to MCO clock
 859:Drivers/STM32F3xx_HAL_Driver/Src/stm32f3xx_hal_rcc.c ****   *            @arg @ref RCC_MCODIV_32  division by 32 applied to MCO clock
 860:Drivers/STM32F3xx_HAL_Driver/Src/stm32f3xx_hal_rcc.c ****   *            @arg @ref RCC_MCODIV_64  division by 64 applied to MCO clock
 861:Drivers/STM32F3xx_HAL_Driver/Src/stm32f3xx_hal_rcc.c ****   *            @arg @ref RCC_MCODIV_128 division by 128 applied to MCO clock
 862:Drivers/STM32F3xx_HAL_Driver/Src/stm32f3xx_hal_rcc.c ****   * @retval None
 863:Drivers/STM32F3xx_HAL_Driver/Src/stm32f3xx_hal_rcc.c ****   */
 864:Drivers/STM32F3xx_HAL_Driver/Src/stm32f3xx_hal_rcc.c **** #else
 865:Drivers/STM32F3xx_HAL_Driver/Src/stm32f3xx_hal_rcc.c **** /**
 866:Drivers/STM32F3xx_HAL_Driver/Src/stm32f3xx_hal_rcc.c ****   * @brief  Selects the clock source to output on MCO pin.
 867:Drivers/STM32F3xx_HAL_Driver/Src/stm32f3xx_hal_rcc.c ****   * @note   MCO pin should be configured in alternate function mode.
 868:Drivers/STM32F3xx_HAL_Driver/Src/stm32f3xx_hal_rcc.c ****   * @param  RCC_MCOx specifies the output direction for the clock source.
 869:Drivers/STM32F3xx_HAL_Driver/Src/stm32f3xx_hal_rcc.c ****   *          This parameter can be one of the following values:
 870:Drivers/STM32F3xx_HAL_Driver/Src/stm32f3xx_hal_rcc.c ****   *            @arg @ref RCC_MCO1 Clock source to output on MCO1 pin(PA8).
 871:Drivers/STM32F3xx_HAL_Driver/Src/stm32f3xx_hal_rcc.c ****   * @param  RCC_MCOSource specifies the clock source to output.
 872:Drivers/STM32F3xx_HAL_Driver/Src/stm32f3xx_hal_rcc.c ****   *          This parameter can be one of the following values:
 873:Drivers/STM32F3xx_HAL_Driver/Src/stm32f3xx_hal_rcc.c ****   *            @arg @ref RCC_MCO1SOURCE_NOCLOCK     No clock selected as MCO clock
 874:Drivers/STM32F3xx_HAL_Driver/Src/stm32f3xx_hal_rcc.c ****   *            @arg @ref RCC_MCO1SOURCE_SYSCLK      System clock selected as MCO clock
 875:Drivers/STM32F3xx_HAL_Driver/Src/stm32f3xx_hal_rcc.c ****   *            @arg @ref RCC_MCO1SOURCE_HSI         HSI selected as MCO clock
 876:Drivers/STM32F3xx_HAL_Driver/Src/stm32f3xx_hal_rcc.c ****   *            @arg @ref RCC_MCO1SOURCE_HSE         HSE selected as MCO clock
 877:Drivers/STM32F3xx_HAL_Driver/Src/stm32f3xx_hal_rcc.c ****   *            @arg @ref RCC_MCO1SOURCE_LSI         LSI selected as MCO clock
 878:Drivers/STM32F3xx_HAL_Driver/Src/stm32f3xx_hal_rcc.c ****   *            @arg @ref RCC_MCO1SOURCE_LSE         LSE selected as MCO clock
 879:Drivers/STM32F3xx_HAL_Driver/Src/stm32f3xx_hal_rcc.c ****   *            @arg @ref RCC_MCO1SOURCE_PLLCLK_DIV2 PLLCLK Divided by 2 selected as MCO clock
 880:Drivers/STM32F3xx_HAL_Driver/Src/stm32f3xx_hal_rcc.c ****   * @param  RCC_MCODiv specifies the MCO DIV.
ARM GAS   			page 85


 881:Drivers/STM32F3xx_HAL_Driver/Src/stm32f3xx_hal_rcc.c ****   *          This parameter can be one of the following values:
 882:Drivers/STM32F3xx_HAL_Driver/Src/stm32f3xx_hal_rcc.c ****   *            @arg @ref RCC_MCODIV_1 no division applied to MCO clock
 883:Drivers/STM32F3xx_HAL_Driver/Src/stm32f3xx_hal_rcc.c ****   * @retval None
 884:Drivers/STM32F3xx_HAL_Driver/Src/stm32f3xx_hal_rcc.c ****   */
 885:Drivers/STM32F3xx_HAL_Driver/Src/stm32f3xx_hal_rcc.c **** #endif
 886:Drivers/STM32F3xx_HAL_Driver/Src/stm32f3xx_hal_rcc.c **** void HAL_RCC_MCOConfig(uint32_t RCC_MCOx, uint32_t RCC_MCOSource, uint32_t RCC_MCODiv)
 887:Drivers/STM32F3xx_HAL_Driver/Src/stm32f3xx_hal_rcc.c **** {
 888:Drivers/STM32F3xx_HAL_Driver/Src/stm32f3xx_hal_rcc.c ****   GPIO_InitTypeDef gpio;
 889:Drivers/STM32F3xx_HAL_Driver/Src/stm32f3xx_hal_rcc.c **** 
 890:Drivers/STM32F3xx_HAL_Driver/Src/stm32f3xx_hal_rcc.c ****   /* Check the parameters */
 891:Drivers/STM32F3xx_HAL_Driver/Src/stm32f3xx_hal_rcc.c ****   assert_param(IS_RCC_MCO(RCC_MCOx));
 892:Drivers/STM32F3xx_HAL_Driver/Src/stm32f3xx_hal_rcc.c ****   assert_param(IS_RCC_MCODIV(RCC_MCODiv));
 893:Drivers/STM32F3xx_HAL_Driver/Src/stm32f3xx_hal_rcc.c ****   assert_param(IS_RCC_MCO1SOURCE(RCC_MCOSource));
 894:Drivers/STM32F3xx_HAL_Driver/Src/stm32f3xx_hal_rcc.c ****   
 895:Drivers/STM32F3xx_HAL_Driver/Src/stm32f3xx_hal_rcc.c ****   /* Configure the MCO1 pin in alternate function mode */
 896:Drivers/STM32F3xx_HAL_Driver/Src/stm32f3xx_hal_rcc.c ****   gpio.Mode      = GPIO_MODE_AF_PP;
 897:Drivers/STM32F3xx_HAL_Driver/Src/stm32f3xx_hal_rcc.c ****   gpio.Speed     = GPIO_SPEED_FREQ_HIGH;
 898:Drivers/STM32F3xx_HAL_Driver/Src/stm32f3xx_hal_rcc.c ****   gpio.Pull      = GPIO_NOPULL;
 899:Drivers/STM32F3xx_HAL_Driver/Src/stm32f3xx_hal_rcc.c ****   gpio.Pin       = MCO1_PIN;
 900:Drivers/STM32F3xx_HAL_Driver/Src/stm32f3xx_hal_rcc.c ****   gpio.Alternate = GPIO_AF0_MCO;
 901:Drivers/STM32F3xx_HAL_Driver/Src/stm32f3xx_hal_rcc.c **** 
 902:Drivers/STM32F3xx_HAL_Driver/Src/stm32f3xx_hal_rcc.c ****   /* MCO1 Clock Enable */
 903:Drivers/STM32F3xx_HAL_Driver/Src/stm32f3xx_hal_rcc.c ****   MCO1_CLK_ENABLE();
 904:Drivers/STM32F3xx_HAL_Driver/Src/stm32f3xx_hal_rcc.c ****   
 905:Drivers/STM32F3xx_HAL_Driver/Src/stm32f3xx_hal_rcc.c ****   HAL_GPIO_Init(MCO1_GPIO_PORT, &gpio);
 906:Drivers/STM32F3xx_HAL_Driver/Src/stm32f3xx_hal_rcc.c ****   
 907:Drivers/STM32F3xx_HAL_Driver/Src/stm32f3xx_hal_rcc.c ****   /* Configure the MCO clock source */
 908:Drivers/STM32F3xx_HAL_Driver/Src/stm32f3xx_hal_rcc.c ****   __HAL_RCC_MCO1_CONFIG(RCC_MCOSource, RCC_MCODiv);
 909:Drivers/STM32F3xx_HAL_Driver/Src/stm32f3xx_hal_rcc.c **** }
 910:Drivers/STM32F3xx_HAL_Driver/Src/stm32f3xx_hal_rcc.c **** 
 911:Drivers/STM32F3xx_HAL_Driver/Src/stm32f3xx_hal_rcc.c **** /**
 912:Drivers/STM32F3xx_HAL_Driver/Src/stm32f3xx_hal_rcc.c ****   * @brief  Enables the Clock Security System.
 913:Drivers/STM32F3xx_HAL_Driver/Src/stm32f3xx_hal_rcc.c ****   * @note   If a failure is detected on the HSE oscillator clock, this oscillator
 914:Drivers/STM32F3xx_HAL_Driver/Src/stm32f3xx_hal_rcc.c ****   *         is automatically disabled and an interrupt is generated to inform the
 915:Drivers/STM32F3xx_HAL_Driver/Src/stm32f3xx_hal_rcc.c ****   *         software about the failure (Clock Security System Interrupt, CSSI),
 916:Drivers/STM32F3xx_HAL_Driver/Src/stm32f3xx_hal_rcc.c ****   *         allowing the MCU to perform rescue operations. The CSSI is linked to 
 917:Drivers/STM32F3xx_HAL_Driver/Src/stm32f3xx_hal_rcc.c ****   *         the Cortex-M4 NMI (Non-Maskable Interrupt) exception vector.  
 918:Drivers/STM32F3xx_HAL_Driver/Src/stm32f3xx_hal_rcc.c ****   * @retval None
 919:Drivers/STM32F3xx_HAL_Driver/Src/stm32f3xx_hal_rcc.c ****   */
 920:Drivers/STM32F3xx_HAL_Driver/Src/stm32f3xx_hal_rcc.c **** void HAL_RCC_EnableCSS(void)
 921:Drivers/STM32F3xx_HAL_Driver/Src/stm32f3xx_hal_rcc.c **** {
 922:Drivers/STM32F3xx_HAL_Driver/Src/stm32f3xx_hal_rcc.c ****   *(__IO uint32_t *) RCC_CR_CSSON_BB = (uint32_t)ENABLE;
 923:Drivers/STM32F3xx_HAL_Driver/Src/stm32f3xx_hal_rcc.c **** }
 924:Drivers/STM32F3xx_HAL_Driver/Src/stm32f3xx_hal_rcc.c **** 
 925:Drivers/STM32F3xx_HAL_Driver/Src/stm32f3xx_hal_rcc.c **** /**
 926:Drivers/STM32F3xx_HAL_Driver/Src/stm32f3xx_hal_rcc.c ****   * @brief  Disables the Clock Security System.
 927:Drivers/STM32F3xx_HAL_Driver/Src/stm32f3xx_hal_rcc.c ****   * @retval None
 928:Drivers/STM32F3xx_HAL_Driver/Src/stm32f3xx_hal_rcc.c ****   */
 929:Drivers/STM32F3xx_HAL_Driver/Src/stm32f3xx_hal_rcc.c **** void HAL_RCC_DisableCSS(void)
 930:Drivers/STM32F3xx_HAL_Driver/Src/stm32f3xx_hal_rcc.c **** {
 931:Drivers/STM32F3xx_HAL_Driver/Src/stm32f3xx_hal_rcc.c ****   *(__IO uint32_t *) RCC_CR_CSSON_BB = (uint32_t)DISABLE;
 932:Drivers/STM32F3xx_HAL_Driver/Src/stm32f3xx_hal_rcc.c **** }
 933:Drivers/STM32F3xx_HAL_Driver/Src/stm32f3xx_hal_rcc.c **** 
 934:Drivers/STM32F3xx_HAL_Driver/Src/stm32f3xx_hal_rcc.c **** /**
 935:Drivers/STM32F3xx_HAL_Driver/Src/stm32f3xx_hal_rcc.c ****   * @brief  Returns the SYSCLK frequency     
 936:Drivers/STM32F3xx_HAL_Driver/Src/stm32f3xx_hal_rcc.c ****   * @note   The system frequency computed by this function is not the real 
 937:Drivers/STM32F3xx_HAL_Driver/Src/stm32f3xx_hal_rcc.c ****   *         frequency in the chip. It is calculated based on the predefined 
ARM GAS   			page 86


 938:Drivers/STM32F3xx_HAL_Driver/Src/stm32f3xx_hal_rcc.c ****   *         constant and the selected clock source:
 939:Drivers/STM32F3xx_HAL_Driver/Src/stm32f3xx_hal_rcc.c ****   * @note     If SYSCLK source is HSI, function returns values based on HSI_VALUE(*)
 940:Drivers/STM32F3xx_HAL_Driver/Src/stm32f3xx_hal_rcc.c ****   * @note     If SYSCLK source is HSE, function returns a value based on HSE_VALUE
 941:Drivers/STM32F3xx_HAL_Driver/Src/stm32f3xx_hal_rcc.c ****   *           divided by PREDIV factor(**)
 942:Drivers/STM32F3xx_HAL_Driver/Src/stm32f3xx_hal_rcc.c ****   * @note     If SYSCLK source is PLL, function returns a value based on HSE_VALUE
 943:Drivers/STM32F3xx_HAL_Driver/Src/stm32f3xx_hal_rcc.c ****   *           divided by PREDIV factor(**) or HSI_VALUE(*) multiplied by the PLL factor.
 944:Drivers/STM32F3xx_HAL_Driver/Src/stm32f3xx_hal_rcc.c ****   * @note     (*) HSI_VALUE is a constant defined in stm32f3xx_hal_conf.h file (default value
 945:Drivers/STM32F3xx_HAL_Driver/Src/stm32f3xx_hal_rcc.c ****   *               8 MHz) but the real value may vary depending on the variations
 946:Drivers/STM32F3xx_HAL_Driver/Src/stm32f3xx_hal_rcc.c ****   *               in voltage and temperature.
 947:Drivers/STM32F3xx_HAL_Driver/Src/stm32f3xx_hal_rcc.c ****   * @note     (**) HSE_VALUE is a constant defined in stm32f3xx_hal_conf.h file (default value
 948:Drivers/STM32F3xx_HAL_Driver/Src/stm32f3xx_hal_rcc.c ****   *                8 MHz), user has to ensure that HSE_VALUE is same as the real
 949:Drivers/STM32F3xx_HAL_Driver/Src/stm32f3xx_hal_rcc.c ****   *                frequency of the crystal used. Otherwise, this function may
 950:Drivers/STM32F3xx_HAL_Driver/Src/stm32f3xx_hal_rcc.c ****   *                have wrong result.
 951:Drivers/STM32F3xx_HAL_Driver/Src/stm32f3xx_hal_rcc.c ****   *                  
 952:Drivers/STM32F3xx_HAL_Driver/Src/stm32f3xx_hal_rcc.c ****   * @note   The result of this function could be not correct when using fractional
 953:Drivers/STM32F3xx_HAL_Driver/Src/stm32f3xx_hal_rcc.c ****   *         value for HSE crystal.
 954:Drivers/STM32F3xx_HAL_Driver/Src/stm32f3xx_hal_rcc.c ****   *           
 955:Drivers/STM32F3xx_HAL_Driver/Src/stm32f3xx_hal_rcc.c ****   * @note   This function can be used by the user application to compute the 
 956:Drivers/STM32F3xx_HAL_Driver/Src/stm32f3xx_hal_rcc.c ****   *         baud-rate for the communication peripherals or configure other parameters.
 957:Drivers/STM32F3xx_HAL_Driver/Src/stm32f3xx_hal_rcc.c ****   *           
 958:Drivers/STM32F3xx_HAL_Driver/Src/stm32f3xx_hal_rcc.c ****   * @note   Each time SYSCLK changes, this function must be called to update the
 959:Drivers/STM32F3xx_HAL_Driver/Src/stm32f3xx_hal_rcc.c ****   *         right SYSCLK value. Otherwise, any configuration based on this function will be incorre
 960:Drivers/STM32F3xx_HAL_Driver/Src/stm32f3xx_hal_rcc.c ****   *         
 961:Drivers/STM32F3xx_HAL_Driver/Src/stm32f3xx_hal_rcc.c ****   * @retval SYSCLK frequency
 962:Drivers/STM32F3xx_HAL_Driver/Src/stm32f3xx_hal_rcc.c ****   */
 963:Drivers/STM32F3xx_HAL_Driver/Src/stm32f3xx_hal_rcc.c **** uint32_t HAL_RCC_GetSysClockFreq(void)
 2420              	 .loc 1 963 10 view .LVU736
 2421              	.LBB350:
 964:Drivers/STM32F3xx_HAL_Driver/Src/stm32f3xx_hal_rcc.c **** {
 965:Drivers/STM32F3xx_HAL_Driver/Src/stm32f3xx_hal_rcc.c ****   uint32_t tmpreg = 0U, prediv = 0U, pllclk = 0U, pllmul = 0U;
 2422              	 .loc 1 965 3 view .LVU737
 2423              	.LVL182:
 966:Drivers/STM32F3xx_HAL_Driver/Src/stm32f3xx_hal_rcc.c ****   uint32_t sysclockfreq = 0U;
 2424              	 .loc 1 966 3 view .LVU738
 967:Drivers/STM32F3xx_HAL_Driver/Src/stm32f3xx_hal_rcc.c ****   
 968:Drivers/STM32F3xx_HAL_Driver/Src/stm32f3xx_hal_rcc.c ****   tmpreg = RCC->CFGR;
 2425              	 .loc 1 968 3 view .LVU739
 2426              	 .loc 1 968 10 is_stmt 0 view .LVU740
 2427 00f4 3449     	 ldr r1,.L181+4
 2428 00f6 4A68     	 ldr r2,[r1,#4]
 2429              	.LVL183:
 969:Drivers/STM32F3xx_HAL_Driver/Src/stm32f3xx_hal_rcc.c ****   
 970:Drivers/STM32F3xx_HAL_Driver/Src/stm32f3xx_hal_rcc.c ****   /* Get SYSCLK source -------------------------------------------------------*/
 971:Drivers/STM32F3xx_HAL_Driver/Src/stm32f3xx_hal_rcc.c ****   switch (tmpreg & RCC_CFGR_SWS)
 2430              	 .loc 1 971 3 is_stmt 1 view .LVU741
 2431              	 .loc 1 971 18 is_stmt 0 view .LVU742
 2432 00f8 02F00C03 	 and r3,r2,#12
 2433              	 .loc 1 971 3 view .LVU743
 2434 00fc 082B     	 cmp r3,#8
 2435 00fe 17D0     	 beq .L180
 972:Drivers/STM32F3xx_HAL_Driver/Src/stm32f3xx_hal_rcc.c ****   {
 973:Drivers/STM32F3xx_HAL_Driver/Src/stm32f3xx_hal_rcc.c ****     case RCC_SYSCLKSOURCE_STATUS_HSE:  /* HSE used as system clock */
 974:Drivers/STM32F3xx_HAL_Driver/Src/stm32f3xx_hal_rcc.c ****     {
 975:Drivers/STM32F3xx_HAL_Driver/Src/stm32f3xx_hal_rcc.c ****       sysclockfreq = HSE_VALUE;
 2436              	 .loc 1 975 20 view .LVU744
 2437 0100 3249     	 ldr r1,.L181+8
 2438              	.LVL184:
ARM GAS   			page 87


 2439              	.L158:
 976:Drivers/STM32F3xx_HAL_Driver/Src/stm32f3xx_hal_rcc.c ****       break;
 977:Drivers/STM32F3xx_HAL_Driver/Src/stm32f3xx_hal_rcc.c ****     }
 978:Drivers/STM32F3xx_HAL_Driver/Src/stm32f3xx_hal_rcc.c ****     case RCC_SYSCLKSOURCE_STATUS_PLLCLK:  /* PLL used as system clock */
 979:Drivers/STM32F3xx_HAL_Driver/Src/stm32f3xx_hal_rcc.c ****     {
 980:Drivers/STM32F3xx_HAL_Driver/Src/stm32f3xx_hal_rcc.c ****       pllmul = aPLLMULFactorTable[(uint32_t)(tmpreg & RCC_CFGR_PLLMUL) >> POSITION_VAL(RCC_CFGR_PLL
 981:Drivers/STM32F3xx_HAL_Driver/Src/stm32f3xx_hal_rcc.c ****       prediv = aPredivFactorTable[(uint32_t)(RCC->CFGR2 & RCC_CFGR2_PREDIV) >> POSITION_VAL(RCC_CFG
 982:Drivers/STM32F3xx_HAL_Driver/Src/stm32f3xx_hal_rcc.c **** #if defined(RCC_CFGR_PLLSRC_HSI_DIV2)
 983:Drivers/STM32F3xx_HAL_Driver/Src/stm32f3xx_hal_rcc.c ****       if ((tmpreg & RCC_CFGR_PLLSRC) != RCC_PLLSOURCE_HSI)
 984:Drivers/STM32F3xx_HAL_Driver/Src/stm32f3xx_hal_rcc.c ****       {
 985:Drivers/STM32F3xx_HAL_Driver/Src/stm32f3xx_hal_rcc.c ****         /* HSE used as PLL clock source : PLLCLK = HSE/PREDIV * PLLMUL */
 986:Drivers/STM32F3xx_HAL_Driver/Src/stm32f3xx_hal_rcc.c ****         pllclk = (uint32_t)((uint64_t) HSE_VALUE / (uint64_t) (prediv)) * ((uint64_t) pllmul);
 987:Drivers/STM32F3xx_HAL_Driver/Src/stm32f3xx_hal_rcc.c ****       }
 988:Drivers/STM32F3xx_HAL_Driver/Src/stm32f3xx_hal_rcc.c ****       else
 989:Drivers/STM32F3xx_HAL_Driver/Src/stm32f3xx_hal_rcc.c ****       {
 990:Drivers/STM32F3xx_HAL_Driver/Src/stm32f3xx_hal_rcc.c ****         /* HSI used as PLL clock source : PLLCLK = HSI/2 * PLLMUL */
 991:Drivers/STM32F3xx_HAL_Driver/Src/stm32f3xx_hal_rcc.c ****         pllclk = (uint32_t)((uint64_t) (HSI_VALUE >> 1U) * ((uint64_t) pllmul));
 992:Drivers/STM32F3xx_HAL_Driver/Src/stm32f3xx_hal_rcc.c ****       }
 993:Drivers/STM32F3xx_HAL_Driver/Src/stm32f3xx_hal_rcc.c **** #else
 994:Drivers/STM32F3xx_HAL_Driver/Src/stm32f3xx_hal_rcc.c ****       if ((tmpreg & RCC_CFGR_PLLSRC_HSE_PREDIV) == RCC_CFGR_PLLSRC_HSE_PREDIV)
 995:Drivers/STM32F3xx_HAL_Driver/Src/stm32f3xx_hal_rcc.c ****       {
 996:Drivers/STM32F3xx_HAL_Driver/Src/stm32f3xx_hal_rcc.c ****         /* HSE used as PLL clock source : PLLCLK = HSE/PREDIV * PLLMUL */
 997:Drivers/STM32F3xx_HAL_Driver/Src/stm32f3xx_hal_rcc.c ****         pllclk = (uint32_t)((uint64_t) HSE_VALUE / (uint64_t) (prediv)) * ((uint64_t) pllmul);
 998:Drivers/STM32F3xx_HAL_Driver/Src/stm32f3xx_hal_rcc.c ****       }
 999:Drivers/STM32F3xx_HAL_Driver/Src/stm32f3xx_hal_rcc.c ****       else
1000:Drivers/STM32F3xx_HAL_Driver/Src/stm32f3xx_hal_rcc.c ****       {
1001:Drivers/STM32F3xx_HAL_Driver/Src/stm32f3xx_hal_rcc.c ****         /* HSI used as PLL clock source : PLLCLK = HSI/PREDIV * PLLMUL */
1002:Drivers/STM32F3xx_HAL_Driver/Src/stm32f3xx_hal_rcc.c ****         pllclk = (uint32_t)((uint64_t) HSI_VALUE / (uint64_t) (prediv)) * ((uint64_t) pllmul);
1003:Drivers/STM32F3xx_HAL_Driver/Src/stm32f3xx_hal_rcc.c ****       }
1004:Drivers/STM32F3xx_HAL_Driver/Src/stm32f3xx_hal_rcc.c **** #endif /* RCC_CFGR_PLLSRC_HSI_DIV2 */
1005:Drivers/STM32F3xx_HAL_Driver/Src/stm32f3xx_hal_rcc.c ****       sysclockfreq = pllclk;
1006:Drivers/STM32F3xx_HAL_Driver/Src/stm32f3xx_hal_rcc.c ****       break;
1007:Drivers/STM32F3xx_HAL_Driver/Src/stm32f3xx_hal_rcc.c ****     }
1008:Drivers/STM32F3xx_HAL_Driver/Src/stm32f3xx_hal_rcc.c ****     case RCC_SYSCLKSOURCE_STATUS_HSI:  /* HSI used as system clock source */
1009:Drivers/STM32F3xx_HAL_Driver/Src/stm32f3xx_hal_rcc.c ****     default: /* HSI used as system clock */
1010:Drivers/STM32F3xx_HAL_Driver/Src/stm32f3xx_hal_rcc.c ****     {
1011:Drivers/STM32F3xx_HAL_Driver/Src/stm32f3xx_hal_rcc.c ****       sysclockfreq = HSI_VALUE;
1012:Drivers/STM32F3xx_HAL_Driver/Src/stm32f3xx_hal_rcc.c ****       break;
1013:Drivers/STM32F3xx_HAL_Driver/Src/stm32f3xx_hal_rcc.c ****     }
1014:Drivers/STM32F3xx_HAL_Driver/Src/stm32f3xx_hal_rcc.c ****   }
1015:Drivers/STM32F3xx_HAL_Driver/Src/stm32f3xx_hal_rcc.c ****   return sysclockfreq;
 2440              	 .loc 1 1015 3 is_stmt 1 view .LVU745
 2441              	 .loc 1 1015 3 is_stmt 0 view .LVU746
 2442              	.LBE350:
 2443              	.LBE349:
 808:Drivers/STM32F3xx_HAL_Driver/Src/stm32f3xx_hal_rcc.c **** 
 2444              	 .loc 1 808 68 view .LVU747
 2445 0102 314B     	 ldr r3,.L181+4
 2446              	.LBB358:
 2447              	.LBB359:
 988:Drivers/CMSIS/Include/cmsis_gcc.h **** #else
 2448              	 .loc 2 988 4 view .LVU748
 2449 0104 F022     	 movs r2,#240
 2450              	.LBE359:
 2451              	.LBE358:
 808:Drivers/STM32F3xx_HAL_Driver/Src/stm32f3xx_hal_rcc.c **** 
 2452              	 .loc 1 808 68 view .LVU749
ARM GAS   			page 88


 2453 0106 5B68     	 ldr r3,[r3,#4]
 2454              	.LVL185:
 2455              	.LBB361:
 2456              	.LBI358:
 981:Drivers/CMSIS/Include/cmsis_gcc.h **** {
 2457              	 .loc 2 981 31 is_stmt 1 view .LVU750
 2458              	.LBB360:
 983:Drivers/CMSIS/Include/cmsis_gcc.h **** 
 2459              	 .loc 2 983 3 view .LVU751
 988:Drivers/CMSIS/Include/cmsis_gcc.h **** #else
 2460              	 .loc 2 988 4 view .LVU752
 2461              	 .syntax unified
 2462              	
 2463 0108 92FAA2F2 	 rbit r2,r2
 2464              	
 2465              	.LVL186:
 2466              	 .loc 2 1001 3 view .LVU753
 2467              	 .loc 2 1001 3 is_stmt 0 view .LVU754
 2468              	 .thumb
 2469              	 .syntax unified
 2470              	.LBE360:
 2471              	.LBE361:
 808:Drivers/STM32F3xx_HAL_Driver/Src/stm32f3xx_hal_rcc.c **** 
 2472              	 .loc 1 808 94 view .LVU755
 2473 010c B2FA82F2 	 clz r2,r2
 808:Drivers/STM32F3xx_HAL_Driver/Src/stm32f3xx_hal_rcc.c **** 
 2474              	 .loc 1 808 75 view .LVU756
 2475 0110 03F0F003 	 and r3,r3,#240
 808:Drivers/STM32F3xx_HAL_Driver/Src/stm32f3xx_hal_rcc.c **** 
 2476              	 .loc 1 808 91 view .LVU757
 2477 0114 D340     	 lsrs r3,r3,r2
 808:Drivers/STM32F3xx_HAL_Driver/Src/stm32f3xx_hal_rcc.c **** 
 2478              	 .loc 1 808 63 view .LVU758
 2479 0116 2E4A     	 ldr r2,.L181+12
 811:Drivers/STM32F3xx_HAL_Driver/Src/stm32f3xx_hal_rcc.c ****   
 2480              	 .loc 1 811 3 view .LVU759
 2481 0118 2E48     	 ldr r0,.L181+16
 808:Drivers/STM32F3xx_HAL_Driver/Src/stm32f3xx_hal_rcc.c **** 
 2482              	 .loc 1 808 63 view .LVU760
 2483 011a D35C     	 ldrb r3,[r2,r3]
 808:Drivers/STM32F3xx_HAL_Driver/Src/stm32f3xx_hal_rcc.c **** 
 2484              	 .loc 1 808 19 view .LVU761
 2485 011c 2E4A     	 ldr r2,.L181+20
 811:Drivers/STM32F3xx_HAL_Driver/Src/stm32f3xx_hal_rcc.c ****   
 2486              	 .loc 1 811 3 view .LVU762
 2487 011e 0068     	 ldr r0,[r0]
 808:Drivers/STM32F3xx_HAL_Driver/Src/stm32f3xx_hal_rcc.c **** 
 2488              	 .loc 1 808 47 view .LVU763
 2489 0120 21FA03F3 	 lsr r3,r1,r3
 808:Drivers/STM32F3xx_HAL_Driver/Src/stm32f3xx_hal_rcc.c **** 
 2490              	 .loc 1 808 19 view .LVU764
 2491 0124 1360     	 str r3,[r2]
 811:Drivers/STM32F3xx_HAL_Driver/Src/stm32f3xx_hal_rcc.c ****   
 2492              	 .loc 1 811 3 is_stmt 1 view .LVU765
 2493 0126 FFF7FEFF 	 bl HAL_InitTick
 2494              	.LVL187:
 813:Drivers/STM32F3xx_HAL_Driver/Src/stm32f3xx_hal_rcc.c **** }
ARM GAS   			page 89


 2495              	 .loc 1 813 3 view .LVU766
 813:Drivers/STM32F3xx_HAL_Driver/Src/stm32f3xx_hal_rcc.c **** }
 2496              	 .loc 1 813 10 is_stmt 0 view .LVU767
 2497 012a 0020     	 movs r0,#0
 814:Drivers/STM32F3xx_HAL_Driver/Src/stm32f3xx_hal_rcc.c **** 
 2498              	 .loc 1 814 1 view .LVU768
 2499 012c BDE8F081 	 pop {r4,r5,r6,r7,r8,pc}
 2500              	.LVL188:
 2501              	.L180:
 2502              	.LBB362:
 2503              	.LBB357:
 980:Drivers/STM32F3xx_HAL_Driver/Src/stm32f3xx_hal_rcc.c ****       prediv = aPredivFactorTable[(uint32_t)(RCC->CFGR2 & RCC_CFGR2_PREDIV) >> POSITION_VAL(RCC_CFG
 2504              	 .loc 1 980 7 is_stmt 1 view .LVU769
 2505              	.LBB351:
 2506              	.LBI351:
 981:Drivers/CMSIS/Include/cmsis_gcc.h **** {
 2507              	 .loc 2 981 31 view .LVU770
 2508              	.LBB352:
 983:Drivers/CMSIS/Include/cmsis_gcc.h **** 
 2509              	 .loc 2 983 3 view .LVU771
 988:Drivers/CMSIS/Include/cmsis_gcc.h **** #else
 2510              	 .loc 2 988 4 view .LVU772
 2511 0130 4FF47013 	 mov r3,#3932160
 2512              	 .syntax unified
 2513              	
 2514 0134 93FAA3F3 	 rbit r3,r3
 2515              	
 2516              	.LVL189:
 2517              	 .loc 2 1001 3 view .LVU773
 2518              	 .loc 2 1001 3 is_stmt 0 view .LVU774
 2519              	 .thumb
 2520              	 .syntax unified
 2521              	.LBE352:
 2522              	.LBE351:
 980:Drivers/STM32F3xx_HAL_Driver/Src/stm32f3xx_hal_rcc.c ****       prediv = aPredivFactorTable[(uint32_t)(RCC->CFGR2 & RCC_CFGR2_PREDIV) >> POSITION_VAL(RCC_CFG
 2523              	 .loc 1 980 35 view .LVU775
 2524 0138 02F47010 	 and r0,r2,#3932160
 980:Drivers/STM32F3xx_HAL_Driver/Src/stm32f3xx_hal_rcc.c ****       prediv = aPredivFactorTable[(uint32_t)(RCC->CFGR2 & RCC_CFGR2_PREDIV) >> POSITION_VAL(RCC_CFG
 2525              	 .loc 1 980 75 view .LVU776
 2526 013c B3FA83F3 	 clz r3,r3
 980:Drivers/STM32F3xx_HAL_Driver/Src/stm32f3xx_hal_rcc.c ****       prediv = aPredivFactorTable[(uint32_t)(RCC->CFGR2 & RCC_CFGR2_PREDIV) >> POSITION_VAL(RCC_CFG
 2527              	 .loc 1 980 34 view .LVU777
 2528 0140 264C     	 ldr r4,.L181+24
 2529              	.LVL190:
 981:Drivers/STM32F3xx_HAL_Driver/Src/stm32f3xx_hal_rcc.c **** #if defined(RCC_CFGR_PLLSRC_HSI_DIV2)
 2530              	 .loc 1 981 49 view .LVU778
 2531 0142 C96A     	 ldr r1,[r1,#44]
 980:Drivers/STM32F3xx_HAL_Driver/Src/stm32f3xx_hal_rcc.c ****       prediv = aPredivFactorTable[(uint32_t)(RCC->CFGR2 & RCC_CFGR2_PREDIV) >> POSITION_VAL(RCC_CFG
 2532              	 .loc 1 980 72 view .LVU779
 2533 0144 20FA03F3 	 lsr r3,r0,r3
 2534              	.LBB353:
 2535              	.LBB354:
 988:Drivers/CMSIS/Include/cmsis_gcc.h **** #else
 2536              	 .loc 2 988 4 view .LVU780
 2537 0148 0F20     	 movs r0,#15
 2538              	.LBE354:
 2539              	.LBE353:
ARM GAS   			page 90


 980:Drivers/STM32F3xx_HAL_Driver/Src/stm32f3xx_hal_rcc.c ****       prediv = aPredivFactorTable[(uint32_t)(RCC->CFGR2 & RCC_CFGR2_PREDIV) >> POSITION_VAL(RCC_CFG
 2540              	 .loc 1 980 14 view .LVU781
 2541 014a E35C     	 ldrb r3,[r4,r3]
 2542              	.LVL191:
 981:Drivers/STM32F3xx_HAL_Driver/Src/stm32f3xx_hal_rcc.c **** #if defined(RCC_CFGR_PLLSRC_HSI_DIV2)
 2543              	 .loc 1 981 7 is_stmt 1 view .LVU782
 2544              	.LBB356:
 2545              	.LBI353:
 981:Drivers/CMSIS/Include/cmsis_gcc.h **** {
 2546              	 .loc 2 981 31 view .LVU783
 2547              	.LBB355:
 983:Drivers/CMSIS/Include/cmsis_gcc.h **** 
 2548              	 .loc 2 983 3 view .LVU784
 988:Drivers/CMSIS/Include/cmsis_gcc.h **** #else
 2549              	 .loc 2 988 4 view .LVU785
 2550              	 .syntax unified
 2551              	
 2552 014c 90FAA0F0 	 rbit r0,r0
 2553              	
 2554              	.LVL192:
 2555              	 .loc 2 1001 3 view .LVU786
 2556              	 .loc 2 1001 3 is_stmt 0 view .LVU787
 2557              	 .thumb
 2558              	 .syntax unified
 2559              	.LBE355:
 2560              	.LBE356:
 981:Drivers/STM32F3xx_HAL_Driver/Src/stm32f3xx_hal_rcc.c **** #if defined(RCC_CFGR_PLLSRC_HSI_DIV2)
 2561              	 .loc 1 981 80 view .LVU788
 2562 0150 B0FA80F0 	 clz r0,r0
 981:Drivers/STM32F3xx_HAL_Driver/Src/stm32f3xx_hal_rcc.c **** #if defined(RCC_CFGR_PLLSRC_HSI_DIV2)
 2563              	 .loc 1 981 35 view .LVU789
 2564 0154 01F00F01 	 and r1,r1,#15
 981:Drivers/STM32F3xx_HAL_Driver/Src/stm32f3xx_hal_rcc.c **** #if defined(RCC_CFGR_PLLSRC_HSI_DIV2)
 2565              	 .loc 1 981 77 view .LVU790
 2566 0158 C140     	 lsrs r1,r1,r0
 981:Drivers/STM32F3xx_HAL_Driver/Src/stm32f3xx_hal_rcc.c **** #if defined(RCC_CFGR_PLLSRC_HSI_DIV2)
 2567              	 .loc 1 981 34 view .LVU791
 2568 015a 214C     	 ldr r4,.L181+28
 983:Drivers/STM32F3xx_HAL_Driver/Src/stm32f3xx_hal_rcc.c ****       {
 2569              	 .loc 1 983 10 view .LVU792
 2570 015c D203     	 lsls r2,r2,#15
 2571              	.LVL193:
 981:Drivers/STM32F3xx_HAL_Driver/Src/stm32f3xx_hal_rcc.c **** #if defined(RCC_CFGR_PLLSRC_HSI_DIV2)
 2572              	 .loc 1 981 34 view .LVU793
 2573 015e 605C     	 ldrb r0,[r4,r1]
 2574              	.LVL194:
 983:Drivers/STM32F3xx_HAL_Driver/Src/stm32f3xx_hal_rcc.c ****       {
 2575              	 .loc 1 983 7 is_stmt 1 view .LVU794
 986:Drivers/STM32F3xx_HAL_Driver/Src/stm32f3xx_hal_rcc.c ****       }
 2576              	 .loc 1 986 9 view .LVU795
 986:Drivers/STM32F3xx_HAL_Driver/Src/stm32f3xx_hal_rcc.c ****       }
 2577              	 .loc 1 986 18 is_stmt 0 view .LVU796
 2578 0160 4ABF     	 itet mi
 2579 0162 1A49     	 ldrmi r1,.L181+8
 991:Drivers/STM32F3xx_HAL_Driver/Src/stm32f3xx_hal_rcc.c ****       }
 2580              	 .loc 1 991 16 view .LVU797
 2581 0164 1F49     	 ldrpl r1,.L181+32
ARM GAS   			page 91


 986:Drivers/STM32F3xx_HAL_Driver/Src/stm32f3xx_hal_rcc.c ****       }
 2582              	 .loc 1 986 18 view .LVU798
 2583 0166 B1FBF0F1 	 udivmi r1,r1,r0
 991:Drivers/STM32F3xx_HAL_Driver/Src/stm32f3xx_hal_rcc.c ****       }
 2584              	 .loc 1 991 9 is_stmt 1 view .LVU799
 991:Drivers/STM32F3xx_HAL_Driver/Src/stm32f3xx_hal_rcc.c ****       }
 2585              	 .loc 1 991 16 is_stmt 0 view .LVU800
 2586 016a 03FB01F1 	 mul r1,r3,r1
 2587              	.LVL195:
 991:Drivers/STM32F3xx_HAL_Driver/Src/stm32f3xx_hal_rcc.c ****       }
 2588              	 .loc 1 991 16 view .LVU801
 2589 016e C8E7     	 b .L158
 2590              	.LVL196:
 2591              	.L179:
 991:Drivers/STM32F3xx_HAL_Driver/Src/stm32f3xx_hal_rcc.c ****       }
 2592              	 .loc 1 991 16 view .LVU802
 2593              	.LBE357:
 2594              	.LBE362:
 751:Drivers/STM32F3xx_HAL_Driver/Src/stm32f3xx_hal_rcc.c ****       {
 2595              	 .loc 1 751 7 is_stmt 1 view .LVU803
 2596              	.LBB363:
 2597              	.LBI363:
 981:Drivers/CMSIS/Include/cmsis_gcc.h **** {
 2598              	 .loc 2 981 31 view .LVU804
 2599              	.LBB364:
 983:Drivers/CMSIS/Include/cmsis_gcc.h **** 
 2600              	 .loc 2 983 3 view .LVU805
 988:Drivers/CMSIS/Include/cmsis_gcc.h **** #else
 2601              	 .loc 2 988 4 view .LVU806
 2602 0170 4FF00073 	 mov r3,#33554432
 2603              	 .syntax unified
 2604              	
 2605 0174 93FAA3F2 	 rbit r2,r3
 2606              	
 2607              	.LVL197:
 2608              	 .loc 2 1001 3 view .LVU807
 2609              	 .loc 2 1001 3 is_stmt 0 view .LVU808
 2610              	 .thumb
 2611              	 .syntax unified
 2612              	.LBE364:
 2613              	.LBE363:
 751:Drivers/STM32F3xx_HAL_Driver/Src/stm32f3xx_hal_rcc.c ****       {
 2614              	 .loc 1 751 10 view .LVU809
 2615 0178 134A     	 ldr r2,.L181+4
 2616 017a 1068     	 ldr r0,[r2]
 2617              	.LVL198:
 2618              	.LBB365:
 2619              	.LBI365:
 981:Drivers/CMSIS/Include/cmsis_gcc.h **** {
 2620              	 .loc 2 981 31 is_stmt 1 view .LVU810
 2621              	.LBB366:
 983:Drivers/CMSIS/Include/cmsis_gcc.h **** 
 2622              	 .loc 2 983 3 view .LVU811
 988:Drivers/CMSIS/Include/cmsis_gcc.h **** #else
 2623              	 .loc 2 988 4 view .LVU812
 2624              	 .syntax unified
 2625              	
ARM GAS   			page 92


 2626 017c 93FAA3F3 	 rbit r3,r3
 2627              	
 2628              	.LVL199:
 2629              	 .loc 2 1001 3 view .LVU813
 2630              	 .loc 2 1001 3 is_stmt 0 view .LVU814
 2631              	 .thumb
 2632              	 .syntax unified
 2633              	.LBE366:
 2634              	.LBE365:
 751:Drivers/STM32F3xx_HAL_Driver/Src/stm32f3xx_hal_rcc.c ****       {
 2635              	 .loc 1 751 10 view .LVU815
 2636 0180 B3FA83F3 	 clz r3,r3
 2637 0184 03F01F03 	 and r3,r3,#31
 2638 0188 0122     	 movs r2,#1
 2639 018a 02FA03F3 	 lsl r3,r2,r3
 751:Drivers/STM32F3xx_HAL_Driver/Src/stm32f3xx_hal_rcc.c ****       {
 2640              	 .loc 1 751 9 view .LVU816
 2641 018e 0342     	 tst r3,r0
 2642 0190 7FF473AF 	 bne .L150
 2643 0194 4BE7     	 b .L144
 2644              	.LVL200:
 2645              	.L177:
 2646              	 .cfi_def_cfa_offset 0
 2647              	 .cfi_restore 4
 2648              	 .cfi_restore 5
 2649              	 .cfi_restore 6
 2650              	 .cfi_restore 7
 2651              	 .cfi_restore 8
 2652              	 .cfi_restore 14
 701:Drivers/STM32F3xx_HAL_Driver/Src/stm32f3xx_hal_rcc.c ****   }
 2653              	 .loc 1 701 12 view .LVU817
 2654 0196 0120     	 movs r0,#1
 2655              	.LVL201:
 814:Drivers/STM32F3xx_HAL_Driver/Src/stm32f3xx_hal_rcc.c **** 
 2656              	 .loc 1 814 1 view .LVU818
 2657 0198 7047     	 bx lr
 2658              	.LVL202:
 2659              	.L178:
 2660              	 .cfi_def_cfa_offset 24
 2661              	 .cfi_offset 4,-24
 2662              	 .cfi_offset 5,-20
 2663              	 .cfi_offset 6,-16
 2664              	 .cfi_offset 7,-12
 2665              	 .cfi_offset 8,-8
 2666              	 .cfi_offset 14,-4
 742:Drivers/STM32F3xx_HAL_Driver/Src/stm32f3xx_hal_rcc.c ****       {
 2667              	 .loc 1 742 7 is_stmt 1 view .LVU819
 2668              	.LBB367:
 2669              	.LBI367:
 981:Drivers/CMSIS/Include/cmsis_gcc.h **** {
 2670              	 .loc 2 981 31 view .LVU820
 2671              	.LBB368:
 983:Drivers/CMSIS/Include/cmsis_gcc.h **** 
 2672              	 .loc 2 983 3 view .LVU821
 988:Drivers/CMSIS/Include/cmsis_gcc.h **** #else
 2673              	 .loc 2 988 4 view .LVU822
 2674 019a 4FF40032 	 mov r2,#131072
ARM GAS   			page 93


 2675              	 .syntax unified
 2676              	
 2677 019e 92FAA2F3 	 rbit r3,r2
 2678              	
 2679              	.LVL203:
 2680              	 .loc 2 1001 3 view .LVU823
 2681              	 .loc 2 1001 3 is_stmt 0 view .LVU824
 2682              	 .thumb
 2683              	 .syntax unified
 2684              	.LBE368:
 2685              	.LBE367:
 742:Drivers/STM32F3xx_HAL_Driver/Src/stm32f3xx_hal_rcc.c ****       {
 2686              	 .loc 1 742 10 view .LVU825
 2687 01a2 094B     	 ldr r3,.L181+4
 2688 01a4 1B68     	 ldr r3,[r3]
 2689              	.LVL204:
 2690              	.LBB369:
 2691              	.LBI369:
 981:Drivers/CMSIS/Include/cmsis_gcc.h **** {
 2692              	 .loc 2 981 31 is_stmt 1 view .LVU826
 2693              	.LBB370:
 983:Drivers/CMSIS/Include/cmsis_gcc.h **** 
 2694              	 .loc 2 983 3 view .LVU827
 988:Drivers/CMSIS/Include/cmsis_gcc.h **** #else
 2695              	 .loc 2 988 4 view .LVU828
 2696              	 .syntax unified
 2697              	
 2698 01a6 92FAA2F2 	 rbit r2,r2
 2699              	
 2700              	.LVL205:
 2701              	 .loc 2 1001 3 view .LVU829
 2702              	 .loc 2 1001 3 is_stmt 0 view .LVU830
 2703              	 .thumb
 2704              	 .syntax unified
 2705              	.LBE370:
 2706              	.LBE369:
 742:Drivers/STM32F3xx_HAL_Driver/Src/stm32f3xx_hal_rcc.c ****       {
 2707              	 .loc 1 742 10 view .LVU831
 2708 01aa B2FA82F2 	 clz r2,r2
 2709 01ae 02F01F02 	 and r2,r2,#31
 2710 01b2 01FA02F2 	 lsl r2,r1,r2
 742:Drivers/STM32F3xx_HAL_Driver/Src/stm32f3xx_hal_rcc.c ****       {
 2711              	 .loc 1 742 9 view .LVU832
 2712 01b6 1A42     	 tst r2,r3
 2713 01b8 7FF45FAF 	 bne .L150
 2714 01bc 37E7     	 b .L144
 2715              	.LVL206:
 2716              	.L160:
 775:Drivers/STM32F3xx_HAL_Driver/Src/stm32f3xx_hal_rcc.c ****       }
 2717              	 .loc 1 775 16 view .LVU833
 2718 01be 0320     	 movs r0,#3
 2719 01c0 36E7     	 b .L140
 2720              	.L182:
 2721 01c2 00BF     	 .align 2
 2722              	.L181:
 2723 01c4 00200240 	 .word 1073881088
 2724 01c8 00100240 	 .word 1073876992
ARM GAS   			page 94


 2725 01cc 00127A00 	 .word 8000000
 2726 01d0 00000000 	 .word AHBPrescTable
 2727 01d4 00000000 	 .word uwTickPrio
 2728 01d8 00000000 	 .word SystemCoreClock
 2729 01dc 00000000 	 .word .LANCHOR0
 2730 01e0 00000000 	 .word .LANCHOR1
 2731 01e4 00093D00 	 .word 4000000
 2732              	 .cfi_endproc
 2733              	.LFE125:
 2735              	 .section .text.HAL_RCC_MCOConfig,"ax",%progbits
 2736              	 .align 1
 2737              	 .p2align 2,,3
 2738              	 .global HAL_RCC_MCOConfig
 2739              	 .syntax unified
 2740              	 .thumb
 2741              	 .thumb_func
 2742              	 .fpu fpv4-sp-d16
 2744              	HAL_RCC_MCOConfig:
 2745              	.LVL207:
 2746              	.LFB126:
 887:Drivers/STM32F3xx_HAL_Driver/Src/stm32f3xx_hal_rcc.c ****   GPIO_InitTypeDef gpio;
 2747              	 .loc 1 887 1 is_stmt 1 view-0
 2748              	 .cfi_startproc
 2749              	 
 2750              	 
 888:Drivers/STM32F3xx_HAL_Driver/Src/stm32f3xx_hal_rcc.c **** 
 2751              	 .loc 1 888 3 view .LVU835
 891:Drivers/STM32F3xx_HAL_Driver/Src/stm32f3xx_hal_rcc.c ****   assert_param(IS_RCC_MCODIV(RCC_MCODiv));
 2752              	 .loc 1 891 3 view .LVU836
 892:Drivers/STM32F3xx_HAL_Driver/Src/stm32f3xx_hal_rcc.c ****   assert_param(IS_RCC_MCO1SOURCE(RCC_MCOSource));
 2753              	 .loc 1 892 3 view .LVU837
 893:Drivers/STM32F3xx_HAL_Driver/Src/stm32f3xx_hal_rcc.c ****   
 2754              	 .loc 1 893 3 view .LVU838
 896:Drivers/STM32F3xx_HAL_Driver/Src/stm32f3xx_hal_rcc.c ****   gpio.Speed     = GPIO_SPEED_FREQ_HIGH;
 2755              	 .loc 1 896 3 view .LVU839
 897:Drivers/STM32F3xx_HAL_Driver/Src/stm32f3xx_hal_rcc.c ****   gpio.Pull      = GPIO_NOPULL;
 2756              	 .loc 1 897 3 view .LVU840
 898:Drivers/STM32F3xx_HAL_Driver/Src/stm32f3xx_hal_rcc.c ****   gpio.Pin       = MCO1_PIN;
 2757              	 .loc 1 898 3 view .LVU841
 899:Drivers/STM32F3xx_HAL_Driver/Src/stm32f3xx_hal_rcc.c ****   gpio.Alternate = GPIO_AF0_MCO;
 2758              	 .loc 1 899 3 view .LVU842
 887:Drivers/STM32F3xx_HAL_Driver/Src/stm32f3xx_hal_rcc.c ****   GPIO_InitTypeDef gpio;
 2759              	 .loc 1 887 1 is_stmt 0 view .LVU843
 2760 0000 70B5     	 push {r4,r5,r6,lr}
 2761              	 .cfi_def_cfa_offset 16
 2762              	 .cfi_offset 4,-16
 2763              	 .cfi_offset 5,-12
 2764              	 .cfi_offset 6,-8
 2765              	 .cfi_offset 14,-4
 899:Drivers/STM32F3xx_HAL_Driver/Src/stm32f3xx_hal_rcc.c ****   gpio.Alternate = GPIO_AF0_MCO;
 2766              	 .loc 1 899 18 view .LVU844
 2767 0002 4FF48074 	 mov r4,#256
 887:Drivers/STM32F3xx_HAL_Driver/Src/stm32f3xx_hal_rcc.c ****   GPIO_InitTypeDef gpio;
 2768              	 .loc 1 887 1 view .LVU845
 2769 0006 88B0     	 sub sp,sp,#32
 2770              	 .cfi_def_cfa_offset 48
 899:Drivers/STM32F3xx_HAL_Driver/Src/stm32f3xx_hal_rcc.c ****   gpio.Alternate = GPIO_AF0_MCO;
ARM GAS   			page 95


 2771              	 .loc 1 899 18 view .LVU846
 2772 0008 0225     	 movs r5,#2
 2773 000a CDE90245 	 strd r4,[sp,#8]
 2774 000e 0024     	 movs r4,#0
 2775 0010 0325     	 movs r5,#3
 2776 0012 CDE90445 	 strd r4,[sp,#16]
 900:Drivers/STM32F3xx_HAL_Driver/Src/stm32f3xx_hal_rcc.c **** 
 2777              	 .loc 1 900 3 is_stmt 1 view .LVU847
 2778              	.LBB371:
 903:Drivers/STM32F3xx_HAL_Driver/Src/stm32f3xx_hal_rcc.c ****   
 2779              	 .loc 1 903 3 is_stmt 0 view .LVU848
 2780 0016 04F18044 	 add r4,r4,#1073741824
 2781 001a 04F50434 	 add r4,r4,#135168
 2782              	.LBE371:
 900:Drivers/STM32F3xx_HAL_Driver/Src/stm32f3xx_hal_rcc.c **** 
 2783              	 .loc 1 900 18 view .LVU849
 2784 001e 0023     	 movs r3,#0
 2785 0020 0693     	 str r3,[sp,#24]
 903:Drivers/STM32F3xx_HAL_Driver/Src/stm32f3xx_hal_rcc.c ****   
 2786              	 .loc 1 903 3 is_stmt 1 view .LVU850
 2787              	.LBB372:
 903:Drivers/STM32F3xx_HAL_Driver/Src/stm32f3xx_hal_rcc.c ****   
 2788              	 .loc 1 903 3 view .LVU851
 903:Drivers/STM32F3xx_HAL_Driver/Src/stm32f3xx_hal_rcc.c ****   
 2789              	 .loc 1 903 3 view .LVU852
 2790 0022 6369     	 ldr r3,[r4,#20]
 2791 0024 43F40033 	 orr r3,r3,#131072
 2792 0028 6361     	 str r3,[r4,#20]
 903:Drivers/STM32F3xx_HAL_Driver/Src/stm32f3xx_hal_rcc.c ****   
 2793              	 .loc 1 903 3 view .LVU853
 2794 002a 6369     	 ldr r3,[r4,#20]
 2795 002c 03F40033 	 and r3,r3,#131072
 2796              	.LBE372:
 887:Drivers/STM32F3xx_HAL_Driver/Src/stm32f3xx_hal_rcc.c ****   GPIO_InitTypeDef gpio;
 2797              	 .loc 1 887 1 is_stmt 0 view .LVU854
 2798 0030 0D46     	 mov r5,r1
 2799              	.LBB373:
 903:Drivers/STM32F3xx_HAL_Driver/Src/stm32f3xx_hal_rcc.c ****   
 2800              	 .loc 1 903 3 view .LVU855
 2801 0032 0193     	 str r3,[sp,#4]
 903:Drivers/STM32F3xx_HAL_Driver/Src/stm32f3xx_hal_rcc.c ****   
 2802              	 .loc 1 903 3 is_stmt 1 view .LVU856
 2803              	.LBE373:
 905:Drivers/STM32F3xx_HAL_Driver/Src/stm32f3xx_hal_rcc.c ****   
 2804              	 .loc 1 905 3 is_stmt 0 view .LVU857
 2805 0034 02A9     	 add r1,sp,#8
 2806              	.LVL208:
 905:Drivers/STM32F3xx_HAL_Driver/Src/stm32f3xx_hal_rcc.c ****   
 2807              	 .loc 1 905 3 view .LVU858
 2808 0036 4FF09040 	 mov r0,#1207959552
 2809              	.LVL209:
 2810              	.LBB374:
 903:Drivers/STM32F3xx_HAL_Driver/Src/stm32f3xx_hal_rcc.c ****   
 2811              	 .loc 1 903 3 view .LVU859
 2812 003a 019B     	 ldr r3,[sp,#4]
 2813              	.LBE374:
 903:Drivers/STM32F3xx_HAL_Driver/Src/stm32f3xx_hal_rcc.c ****   
ARM GAS   			page 96


 2814              	 .loc 1 903 3 is_stmt 1 view .LVU860
 905:Drivers/STM32F3xx_HAL_Driver/Src/stm32f3xx_hal_rcc.c ****   
 2815              	 .loc 1 905 3 view .LVU861
 887:Drivers/STM32F3xx_HAL_Driver/Src/stm32f3xx_hal_rcc.c ****   GPIO_InitTypeDef gpio;
 2816              	 .loc 1 887 1 is_stmt 0 view .LVU862
 2817 003c 1646     	 mov r6,r2
 905:Drivers/STM32F3xx_HAL_Driver/Src/stm32f3xx_hal_rcc.c ****   
 2818              	 .loc 1 905 3 view .LVU863
 2819 003e FFF7FEFF 	 bl HAL_GPIO_Init
 2820              	.LVL210:
 908:Drivers/STM32F3xx_HAL_Driver/Src/stm32f3xx_hal_rcc.c **** }
 2821              	 .loc 1 908 3 is_stmt 1 view .LVU864
 2822 0042 6368     	 ldr r3,[r4,#4]
 2823 0044 23F0EE43 	 bic r3,r3,#1996488704
 2824 0048 43EA0602 	 orr r2,r3,r6
 2825 004c 2A43     	 orrs r2,r2,r5
 2826 004e 6260     	 str r2,[r4,#4]
 909:Drivers/STM32F3xx_HAL_Driver/Src/stm32f3xx_hal_rcc.c **** 
 2827              	 .loc 1 909 1 is_stmt 0 view .LVU865
 2828 0050 08B0     	 add sp,sp,#32
 2829              	 .cfi_def_cfa_offset 16
 2830              	 
 2831 0052 70BD     	 pop {r4,r5,r6,pc}
 909:Drivers/STM32F3xx_HAL_Driver/Src/stm32f3xx_hal_rcc.c **** 
 2832              	 .loc 1 909 1 view .LVU866
 2833              	 .cfi_endproc
 2834              	.LFE126:
 2836              	 .section .text.HAL_RCC_EnableCSS,"ax",%progbits
 2837              	 .align 1
 2838              	 .p2align 2,,3
 2839              	 .global HAL_RCC_EnableCSS
 2840              	 .syntax unified
 2841              	 .thumb
 2842              	 .thumb_func
 2843              	 .fpu fpv4-sp-d16
 2845              	HAL_RCC_EnableCSS:
 2846              	.LFB127:
 921:Drivers/STM32F3xx_HAL_Driver/Src/stm32f3xx_hal_rcc.c ****   *(__IO uint32_t *) RCC_CR_CSSON_BB = (uint32_t)ENABLE;
 2847              	 .loc 1 921 1 is_stmt 1 view-0
 2848              	 .cfi_startproc
 2849              	 
 2850              	 
 2851              	 
 922:Drivers/STM32F3xx_HAL_Driver/Src/stm32f3xx_hal_rcc.c **** }
 2852              	 .loc 1 922 3 view .LVU868
 2853              	.LVL211:
 2854              	.LBB375:
 2855              	.LBI375:
 981:Drivers/CMSIS/Include/cmsis_gcc.h **** {
 2856              	 .loc 2 981 31 view .LVU869
 2857              	.LBB376:
 983:Drivers/CMSIS/Include/cmsis_gcc.h **** 
 2858              	 .loc 2 983 3 view .LVU870
 988:Drivers/CMSIS/Include/cmsis_gcc.h **** #else
 2859              	 .loc 2 988 4 view .LVU871
 2860 0000 4FF40023 	 mov r3,#524288
 2861              	 .syntax unified
ARM GAS   			page 97


 2862              	
 2863 0004 93FAA3F3 	 rbit r3,r3
 2864              	
 2865              	.LVL212:
 2866              	 .loc 2 1001 3 view .LVU872
 2867              	 .loc 2 1001 3 is_stmt 0 view .LVU873
 2868              	 .thumb
 2869              	 .syntax unified
 2870              	.LBE376:
 2871              	.LBE375:
 922:Drivers/STM32F3xx_HAL_Driver/Src/stm32f3xx_hal_rcc.c **** }
 2872              	 .loc 1 922 22 view .LVU874
 2873 0008 B3FA83F3 	 clz r3,r3
 2874 000c 03F18453 	 add r3,r3,#276824064
 2875 0010 03F58413 	 add r3,r3,#1081344
 2876 0014 9B00     	 lsls r3,r3,#2
 922:Drivers/STM32F3xx_HAL_Driver/Src/stm32f3xx_hal_rcc.c **** }
 2877              	 .loc 1 922 38 view .LVU875
 2878 0016 0122     	 movs r2,#1
 2879 0018 1A60     	 str r2,[r3]
 923:Drivers/STM32F3xx_HAL_Driver/Src/stm32f3xx_hal_rcc.c **** 
 2880              	 .loc 1 923 1 view .LVU876
 2881 001a 7047     	 bx lr
 2882              	 .cfi_endproc
 2883              	.LFE127:
 2885              	 .section .text.HAL_RCC_DisableCSS,"ax",%progbits
 2886              	 .align 1
 2887              	 .p2align 2,,3
 2888              	 .global HAL_RCC_DisableCSS
 2889              	 .syntax unified
 2890              	 .thumb
 2891              	 .thumb_func
 2892              	 .fpu fpv4-sp-d16
 2894              	HAL_RCC_DisableCSS:
 2895              	.LFB128:
 930:Drivers/STM32F3xx_HAL_Driver/Src/stm32f3xx_hal_rcc.c ****   *(__IO uint32_t *) RCC_CR_CSSON_BB = (uint32_t)DISABLE;
 2896              	 .loc 1 930 1 is_stmt 1 view-0
 2897              	 .cfi_startproc
 2898              	 
 2899              	 
 2900              	 
 931:Drivers/STM32F3xx_HAL_Driver/Src/stm32f3xx_hal_rcc.c **** }
 2901              	 .loc 1 931 3 view .LVU878
 2902              	.LVL213:
 2903              	.LBB377:
 2904              	.LBI377:
 981:Drivers/CMSIS/Include/cmsis_gcc.h **** {
 2905              	 .loc 2 981 31 view .LVU879
 2906              	.LBB378:
 983:Drivers/CMSIS/Include/cmsis_gcc.h **** 
 2907              	 .loc 2 983 3 view .LVU880
 988:Drivers/CMSIS/Include/cmsis_gcc.h **** #else
 2908              	 .loc 2 988 4 view .LVU881
 2909 0000 4FF40023 	 mov r3,#524288
 2910              	 .syntax unified
 2911              	
 2912 0004 93FAA3F3 	 rbit r3,r3
ARM GAS   			page 98


 2913              	
 2914              	.LVL214:
 2915              	 .loc 2 1001 3 view .LVU882
 2916              	 .loc 2 1001 3 is_stmt 0 view .LVU883
 2917              	 .thumb
 2918              	 .syntax unified
 2919              	.LBE378:
 2920              	.LBE377:
 931:Drivers/STM32F3xx_HAL_Driver/Src/stm32f3xx_hal_rcc.c **** }
 2921              	 .loc 1 931 22 view .LVU884
 2922 0008 B3FA83F3 	 clz r3,r3
 2923 000c 03F18453 	 add r3,r3,#276824064
 2924 0010 03F58413 	 add r3,r3,#1081344
 2925 0014 9B00     	 lsls r3,r3,#2
 931:Drivers/STM32F3xx_HAL_Driver/Src/stm32f3xx_hal_rcc.c **** }
 2926              	 .loc 1 931 38 view .LVU885
 2927 0016 0022     	 movs r2,#0
 2928 0018 1A60     	 str r2,[r3]
 932:Drivers/STM32F3xx_HAL_Driver/Src/stm32f3xx_hal_rcc.c **** 
 2929              	 .loc 1 932 1 view .LVU886
 2930 001a 7047     	 bx lr
 2931              	 .cfi_endproc
 2932              	.LFE128:
 2934              	 .section .text.HAL_RCC_GetSysClockFreq,"ax",%progbits
 2935              	 .align 1
 2936              	 .p2align 2,,3
 2937              	 .global HAL_RCC_GetSysClockFreq
 2938              	 .syntax unified
 2939              	 .thumb
 2940              	 .thumb_func
 2941              	 .fpu fpv4-sp-d16
 2943              	HAL_RCC_GetSysClockFreq:
 2944              	.LFB129:
 964:Drivers/STM32F3xx_HAL_Driver/Src/stm32f3xx_hal_rcc.c ****   uint32_t tmpreg = 0U, prediv = 0U, pllclk = 0U, pllmul = 0U;
 2945              	 .loc 1 964 1 is_stmt 1 view-0
 2946              	 .cfi_startproc
 2947              	 
 2948              	 
 2949              	 
 965:Drivers/STM32F3xx_HAL_Driver/Src/stm32f3xx_hal_rcc.c ****   uint32_t sysclockfreq = 0U;
 2950              	 .loc 1 965 3 view .LVU888
 2951              	.LVL215:
 966:Drivers/STM32F3xx_HAL_Driver/Src/stm32f3xx_hal_rcc.c ****   
 2952              	 .loc 1 966 3 view .LVU889
 968:Drivers/STM32F3xx_HAL_Driver/Src/stm32f3xx_hal_rcc.c ****   
 2953              	 .loc 1 968 3 view .LVU890
 968:Drivers/STM32F3xx_HAL_Driver/Src/stm32f3xx_hal_rcc.c ****   
 2954              	 .loc 1 968 10 is_stmt 0 view .LVU891
 2955 0000 1549     	 ldr r1,.L196
 2956 0002 4B68     	 ldr r3,[r1,#4]
 2957              	.LVL216:
 971:Drivers/STM32F3xx_HAL_Driver/Src/stm32f3xx_hal_rcc.c ****   {
 2958              	 .loc 1 971 3 is_stmt 1 view .LVU892
 971:Drivers/STM32F3xx_HAL_Driver/Src/stm32f3xx_hal_rcc.c ****   {
 2959              	 .loc 1 971 18 is_stmt 0 view .LVU893
 2960 0004 03F00C02 	 and r2,r3,#12
 971:Drivers/STM32F3xx_HAL_Driver/Src/stm32f3xx_hal_rcc.c ****   {
ARM GAS   			page 99


 2961              	 .loc 1 971 3 view .LVU894
 2962 0008 082A     	 cmp r2,#8
 2963 000a 01D0     	 beq .L195
 975:Drivers/STM32F3xx_HAL_Driver/Src/stm32f3xx_hal_rcc.c ****       break;
 2964              	 .loc 1 975 20 view .LVU895
 2965 000c 1348     	 ldr r0,.L196+4
 2966              	.LVL217:
 2967              	 .loc 1 1015 3 is_stmt 1 view .LVU896
1016:Drivers/STM32F3xx_HAL_Driver/Src/stm32f3xx_hal_rcc.c **** }
 2968              	 .loc 1 1016 1 is_stmt 0 view .LVU897
 2969 000e 7047     	 bx lr
 2970              	.LVL218:
 2971              	.L195:
 980:Drivers/STM32F3xx_HAL_Driver/Src/stm32f3xx_hal_rcc.c ****       prediv = aPredivFactorTable[(uint32_t)(RCC->CFGR2 & RCC_CFGR2_PREDIV) >> POSITION_VAL(RCC_CFG
 2972              	 .loc 1 980 7 is_stmt 1 view .LVU898
 2973              	.LBB379:
 2974              	.LBI379:
 981:Drivers/CMSIS/Include/cmsis_gcc.h **** {
 2975              	 .loc 2 981 31 view .LVU899
 2976              	.LBB380:
 983:Drivers/CMSIS/Include/cmsis_gcc.h **** 
 2977              	 .loc 2 983 3 view .LVU900
 988:Drivers/CMSIS/Include/cmsis_gcc.h **** #else
 2978              	 .loc 2 988 4 view .LVU901
 2979              	.LBE380:
 2980              	.LBE379:
 964:Drivers/STM32F3xx_HAL_Driver/Src/stm32f3xx_hal_rcc.c ****   uint32_t tmpreg = 0U, prediv = 0U, pllclk = 0U, pllmul = 0U;
 2981              	 .loc 1 964 1 is_stmt 0 view .LVU902
 2982 0010 10B4     	 push {r4}
 2983              	 .cfi_def_cfa_offset 4
 2984              	 .cfi_offset 4,-4
 2985              	.LBB382:
 2986              	.LBB381:
 988:Drivers/CMSIS/Include/cmsis_gcc.h **** #else
 2987              	 .loc 2 988 4 view .LVU903
 2988 0012 4FF47012 	 mov r2,#3932160
 2989              	 .syntax unified
 2990              	
 2991 0016 92FAA2F2 	 rbit r2,r2
 2992              	
 2993              	.LVL219:
 2994              	 .loc 2 1001 3 is_stmt 1 view .LVU904
 2995              	 .loc 2 1001 3 is_stmt 0 view .LVU905
 2996              	 .thumb
 2997              	 .syntax unified
 2998              	.LBE381:
 2999              	.LBE382:
 980:Drivers/STM32F3xx_HAL_Driver/Src/stm32f3xx_hal_rcc.c ****       prediv = aPredivFactorTable[(uint32_t)(RCC->CFGR2 & RCC_CFGR2_PREDIV) >> POSITION_VAL(RCC_CFG
 3000              	 .loc 1 980 75 view .LVU906
 3001 001a B2FA82F2 	 clz r2,r2
 980:Drivers/STM32F3xx_HAL_Driver/Src/stm32f3xx_hal_rcc.c ****       prediv = aPredivFactorTable[(uint32_t)(RCC->CFGR2 & RCC_CFGR2_PREDIV) >> POSITION_VAL(RCC_CFG
 3002              	 .loc 1 980 35 view .LVU907
 3003 001e 03F47010 	 and r0,r3,#3932160
 980:Drivers/STM32F3xx_HAL_Driver/Src/stm32f3xx_hal_rcc.c ****       prediv = aPredivFactorTable[(uint32_t)(RCC->CFGR2 & RCC_CFGR2_PREDIV) >> POSITION_VAL(RCC_CFG
 3004              	 .loc 1 980 34 view .LVU908
 3005 0022 0F4C     	 ldr r4,.L196+8
 980:Drivers/STM32F3xx_HAL_Driver/Src/stm32f3xx_hal_rcc.c ****       prediv = aPredivFactorTable[(uint32_t)(RCC->CFGR2 & RCC_CFGR2_PREDIV) >> POSITION_VAL(RCC_CFG
ARM GAS   			page 100


 3006              	 .loc 1 980 72 view .LVU909
 3007 0024 D040     	 lsrs r0,r0,r2
 981:Drivers/STM32F3xx_HAL_Driver/Src/stm32f3xx_hal_rcc.c **** #if defined(RCC_CFGR_PLLSRC_HSI_DIV2)
 3008              	 .loc 1 981 49 view .LVU910
 3009 0026 CA6A     	 ldr r2,[r1,#44]
 980:Drivers/STM32F3xx_HAL_Driver/Src/stm32f3xx_hal_rcc.c ****       prediv = aPredivFactorTable[(uint32_t)(RCC->CFGR2 & RCC_CFGR2_PREDIV) >> POSITION_VAL(RCC_CFG
 3010              	 .loc 1 980 14 view .LVU911
 3011 0028 205C     	 ldrb r0,[r4,r0]
 3012              	.LVL220:
 981:Drivers/STM32F3xx_HAL_Driver/Src/stm32f3xx_hal_rcc.c **** #if defined(RCC_CFGR_PLLSRC_HSI_DIV2)
 3013              	 .loc 1 981 7 is_stmt 1 view .LVU912
 3014              	.LBB383:
 3015              	.LBI383:
 981:Drivers/CMSIS/Include/cmsis_gcc.h **** {
 3016              	 .loc 2 981 31 view .LVU913
 3017              	.LBB384:
 983:Drivers/CMSIS/Include/cmsis_gcc.h **** 
 3018              	 .loc 2 983 3 view .LVU914
 988:Drivers/CMSIS/Include/cmsis_gcc.h **** #else
 3019              	 .loc 2 988 4 view .LVU915
 3020 002a 0F21     	 movs r1,#15
 3021              	 .syntax unified
 3022              	
 3023 002c 91FAA1F1 	 rbit r1,r1
 3024              	
 3025              	.LVL221:
 3026              	 .loc 2 1001 3 view .LVU916
 3027              	 .loc 2 1001 3 is_stmt 0 view .LVU917
 3028              	 .thumb
 3029              	 .syntax unified
 3030              	.LBE384:
 3031              	.LBE383:
 983:Drivers/STM32F3xx_HAL_Driver/Src/stm32f3xx_hal_rcc.c ****       {
 3032              	 .loc 1 983 10 view .LVU918
 3033 0030 DB03     	 lsls r3,r3,#15
 3034              	.LVL222:
 981:Drivers/STM32F3xx_HAL_Driver/Src/stm32f3xx_hal_rcc.c **** #if defined(RCC_CFGR_PLLSRC_HSI_DIV2)
 3035              	 .loc 1 981 80 view .LVU919
 3036 0032 B1FA81F1 	 clz r1,r1
 981:Drivers/STM32F3xx_HAL_Driver/Src/stm32f3xx_hal_rcc.c **** #if defined(RCC_CFGR_PLLSRC_HSI_DIV2)
 3037              	 .loc 1 981 35 view .LVU920
 3038 0036 02F00F02 	 and r2,r2,#15
 981:Drivers/STM32F3xx_HAL_Driver/Src/stm32f3xx_hal_rcc.c **** #if defined(RCC_CFGR_PLLSRC_HSI_DIV2)
 3039              	 .loc 1 981 34 view .LVU921
 3040 003a 0A4C     	 ldr r4,.L196+12
 986:Drivers/STM32F3xx_HAL_Driver/Src/stm32f3xx_hal_rcc.c ****       }
 3041              	 .loc 1 986 18 view .LVU922
 3042 003c 4CBF     	 ite mi
 3043 003e 074B     	 ldrmi r3,.L196+4
 991:Drivers/STM32F3xx_HAL_Driver/Src/stm32f3xx_hal_rcc.c ****       }
 3044              	 .loc 1 991 16 view .LVU923
 3045 0040 094B     	 ldrpl r3,.L196+16
 981:Drivers/STM32F3xx_HAL_Driver/Src/stm32f3xx_hal_rcc.c **** #if defined(RCC_CFGR_PLLSRC_HSI_DIV2)
 3046              	 .loc 1 981 77 view .LVU924
 3047 0042 22FA01F2 	 lsr r2,r2,r1
 981:Drivers/STM32F3xx_HAL_Driver/Src/stm32f3xx_hal_rcc.c **** #if defined(RCC_CFGR_PLLSRC_HSI_DIV2)
 3048              	 .loc 1 981 34 view .LVU925
ARM GAS   			page 101


 3049 0046 A25C     	 ldrb r2,[r4,r2]
 3050              	.LVL223:
 983:Drivers/STM32F3xx_HAL_Driver/Src/stm32f3xx_hal_rcc.c ****       {
 3051              	 .loc 1 983 7 is_stmt 1 view .LVU926
 986:Drivers/STM32F3xx_HAL_Driver/Src/stm32f3xx_hal_rcc.c ****       }
 3052              	 .loc 1 986 9 view .LVU927
 3053              	 .loc 1 1016 1 is_stmt 0 view .LVU928
 3054 0048 5DF8044B 	 ldr r4,[sp],#4
 3055              	 .cfi_restore 4
 3056              	 .cfi_def_cfa_offset 0
 986:Drivers/STM32F3xx_HAL_Driver/Src/stm32f3xx_hal_rcc.c ****       }
 3057              	 .loc 1 986 18 view .LVU929
 3058 004c 48BF     	 it mi
 3059 004e B3FBF2F3 	 udivmi r3,r3,r2
 991:Drivers/STM32F3xx_HAL_Driver/Src/stm32f3xx_hal_rcc.c ****       }
 3060              	 .loc 1 991 9 is_stmt 1 view .LVU930
 991:Drivers/STM32F3xx_HAL_Driver/Src/stm32f3xx_hal_rcc.c ****       }
 3061              	 .loc 1 991 16 is_stmt 0 view .LVU931
 3062 0052 03FB00F0 	 mul r0,r3,r0
 3063              	.LVL224:
 3064              	 .loc 1 1016 1 view .LVU932
 3065 0056 7047     	 bx lr
 3066              	.L197:
 3067              	 .align 2
 3068              	.L196:
 3069 0058 00100240 	 .word 1073876992
 3070 005c 00127A00 	 .word 8000000
 3071 0060 00000000 	 .word .LANCHOR0
 3072 0064 00000000 	 .word .LANCHOR1
 3073 0068 00093D00 	 .word 4000000
 3074              	 .cfi_endproc
 3075              	.LFE129:
 3077              	 .section .text.HAL_RCC_GetHCLKFreq,"ax",%progbits
 3078              	 .align 1
 3079              	 .p2align 2,,3
 3080              	 .global HAL_RCC_GetHCLKFreq
 3081              	 .syntax unified
 3082              	 .thumb
 3083              	 .thumb_func
 3084              	 .fpu fpv4-sp-d16
 3086              	HAL_RCC_GetHCLKFreq:
 3087              	.LFB130:
1017:Drivers/STM32F3xx_HAL_Driver/Src/stm32f3xx_hal_rcc.c **** 
1018:Drivers/STM32F3xx_HAL_Driver/Src/stm32f3xx_hal_rcc.c **** /**
1019:Drivers/STM32F3xx_HAL_Driver/Src/stm32f3xx_hal_rcc.c ****   * @brief  Returns the HCLK frequency     
1020:Drivers/STM32F3xx_HAL_Driver/Src/stm32f3xx_hal_rcc.c ****   * @note   Each time HCLK changes, this function must be called to update the
1021:Drivers/STM32F3xx_HAL_Driver/Src/stm32f3xx_hal_rcc.c ****   *         right HCLK value. Otherwise, any configuration based on this function will be incorrect
1022:Drivers/STM32F3xx_HAL_Driver/Src/stm32f3xx_hal_rcc.c ****   * 
1023:Drivers/STM32F3xx_HAL_Driver/Src/stm32f3xx_hal_rcc.c ****   * @note   The SystemCoreClock CMSIS variable is used to store System Clock Frequency 
1024:Drivers/STM32F3xx_HAL_Driver/Src/stm32f3xx_hal_rcc.c ****   *         and updated within this function
1025:Drivers/STM32F3xx_HAL_Driver/Src/stm32f3xx_hal_rcc.c ****   * @retval HCLK frequency
1026:Drivers/STM32F3xx_HAL_Driver/Src/stm32f3xx_hal_rcc.c ****   */
1027:Drivers/STM32F3xx_HAL_Driver/Src/stm32f3xx_hal_rcc.c **** uint32_t HAL_RCC_GetHCLKFreq(void)
1028:Drivers/STM32F3xx_HAL_Driver/Src/stm32f3xx_hal_rcc.c **** {
 3088              	 .loc 1 1028 1 is_stmt 1 view-0
 3089              	 .cfi_startproc
 3090              	 
ARM GAS   			page 102


 3091              	 
 3092              	 
1029:Drivers/STM32F3xx_HAL_Driver/Src/stm32f3xx_hal_rcc.c ****   return SystemCoreClock;
 3093              	 .loc 1 1029 3 view .LVU934
 3094              	 .loc 1 1029 10 is_stmt 0 view .LVU935
 3095 0000 014B     	 ldr r3,.L199
1030:Drivers/STM32F3xx_HAL_Driver/Src/stm32f3xx_hal_rcc.c **** }
 3096              	 .loc 1 1030 1 view .LVU936
 3097 0002 1868     	 ldr r0,[r3]
 3098 0004 7047     	 bx lr
 3099              	.L200:
 3100 0006 00BF     	 .align 2
 3101              	.L199:
 3102 0008 00000000 	 .word SystemCoreClock
 3103              	 .cfi_endproc
 3104              	.LFE130:
 3106              	 .section .text.HAL_RCC_GetPCLK1Freq,"ax",%progbits
 3107              	 .align 1
 3108              	 .p2align 2,,3
 3109              	 .global HAL_RCC_GetPCLK1Freq
 3110              	 .syntax unified
 3111              	 .thumb
 3112              	 .thumb_func
 3113              	 .fpu fpv4-sp-d16
 3115              	HAL_RCC_GetPCLK1Freq:
 3116              	.LFB131:
1031:Drivers/STM32F3xx_HAL_Driver/Src/stm32f3xx_hal_rcc.c **** 
1032:Drivers/STM32F3xx_HAL_Driver/Src/stm32f3xx_hal_rcc.c **** /**
1033:Drivers/STM32F3xx_HAL_Driver/Src/stm32f3xx_hal_rcc.c ****   * @brief  Returns the PCLK1 frequency     
1034:Drivers/STM32F3xx_HAL_Driver/Src/stm32f3xx_hal_rcc.c ****   * @note   Each time PCLK1 changes, this function must be called to update the
1035:Drivers/STM32F3xx_HAL_Driver/Src/stm32f3xx_hal_rcc.c ****   *         right PCLK1 value. Otherwise, any configuration based on this function will be incorrec
1036:Drivers/STM32F3xx_HAL_Driver/Src/stm32f3xx_hal_rcc.c ****   * @retval PCLK1 frequency
1037:Drivers/STM32F3xx_HAL_Driver/Src/stm32f3xx_hal_rcc.c ****   */
1038:Drivers/STM32F3xx_HAL_Driver/Src/stm32f3xx_hal_rcc.c **** uint32_t HAL_RCC_GetPCLK1Freq(void)
1039:Drivers/STM32F3xx_HAL_Driver/Src/stm32f3xx_hal_rcc.c **** {
 3117              	 .loc 1 1039 1 is_stmt 1 view-0
 3118              	 .cfi_startproc
 3119              	 
 3120              	 
 3121              	 
1040:Drivers/STM32F3xx_HAL_Driver/Src/stm32f3xx_hal_rcc.c ****   /* Get HCLK source and Compute PCLK1 frequency ---------------------------*/
1041:Drivers/STM32F3xx_HAL_Driver/Src/stm32f3xx_hal_rcc.c ****   return (HAL_RCC_GetHCLKFreq() >> APBPrescTable[(RCC->CFGR & RCC_CFGR_PPRE1) >> RCC_CFGR_PPRE1_BIT
 3122              	 .loc 1 1041 3 view .LVU938
 3123              	.LBB385:
 3124              	.LBI385:
1027:Drivers/STM32F3xx_HAL_Driver/Src/stm32f3xx_hal_rcc.c **** {
 3125              	 .loc 1 1027 10 view .LVU939
 3126              	.LBB386:
1029:Drivers/STM32F3xx_HAL_Driver/Src/stm32f3xx_hal_rcc.c **** }
 3127              	 .loc 1 1029 3 view .LVU940
 3128              	.LBE386:
 3129              	.LBE385:
 3130              	 .loc 1 1041 54 is_stmt 0 view .LVU941
 3131 0000 084B     	 ldr r3,.L202
 3132              	.LBB388:
 3133              	.LBB389:
 988:Drivers/CMSIS/Include/cmsis_gcc.h **** #else
ARM GAS   			page 103


 3134              	 .loc 2 988 4 view .LVU942
 3135 0002 4FF4E062 	 mov r2,#1792
 3136              	.LBE389:
 3137              	.LBE388:
 3138              	 .loc 1 1041 54 view .LVU943
 3139 0006 5B68     	 ldr r3,[r3,#4]
 3140              	.LVL225:
 3141              	.LBB391:
 3142              	.LBI388:
 981:Drivers/CMSIS/Include/cmsis_gcc.h **** {
 3143              	 .loc 2 981 31 is_stmt 1 view .LVU944
 3144              	.LBB390:
 983:Drivers/CMSIS/Include/cmsis_gcc.h **** 
 3145              	 .loc 2 983 3 view .LVU945
 988:Drivers/CMSIS/Include/cmsis_gcc.h **** #else
 3146              	 .loc 2 988 4 view .LVU946
 3147              	 .syntax unified
 3148              	
 3149 0008 92FAA2F2 	 rbit r2,r2
 3150              	
 3151              	.LVL226:
 3152              	 .loc 2 1001 3 view .LVU947
 3153              	 .loc 2 1001 3 is_stmt 0 view .LVU948
 3154              	 .thumb
 3155              	 .syntax unified
 3156              	.LBE390:
 3157              	.LBE391:
 3158              	 .loc 1 1041 82 view .LVU949
 3159 000c B2FA82F2 	 clz r2,r2
 3160              	 .loc 1 1041 61 view .LVU950
 3161 0010 03F4E063 	 and r3,r3,#1792
 3162              	 .loc 1 1041 49 view .LVU951
 3163 0014 0449     	 ldr r1,.L202+4
 3164              	.LBB392:
 3165              	.LBB387:
1029:Drivers/STM32F3xx_HAL_Driver/Src/stm32f3xx_hal_rcc.c **** }
 3166              	 .loc 1 1029 10 view .LVU952
 3167 0016 0548     	 ldr r0,.L202+8
 3168              	.LBE387:
 3169              	.LBE392:
 3170              	 .loc 1 1041 79 view .LVU953
 3171 0018 D340     	 lsrs r3,r3,r2
 3172              	 .loc 1 1041 33 view .LVU954
 3173 001a 0068     	 ldr r0,[r0]
 3174              	 .loc 1 1041 49 view .LVU955
 3175 001c CB5C     	 ldrb r3,[r1,r3]
1042:Drivers/STM32F3xx_HAL_Driver/Src/stm32f3xx_hal_rcc.c **** }    
 3176              	 .loc 1 1042 1 view .LVU956
 3177 001e D840     	 lsrs r0,r0,r3
 3178 0020 7047     	 bx lr
 3179              	.L203:
 3180 0022 00BF     	 .align 2
 3181              	.L202:
 3182 0024 00100240 	 .word 1073876992
 3183 0028 00000000 	 .word APBPrescTable
 3184 002c 00000000 	 .word SystemCoreClock
 3185              	 .cfi_endproc
ARM GAS   			page 104


 3186              	.LFE131:
 3188              	 .section .text.HAL_RCC_GetPCLK2Freq,"ax",%progbits
 3189              	 .align 1
 3190              	 .p2align 2,,3
 3191              	 .global HAL_RCC_GetPCLK2Freq
 3192              	 .syntax unified
 3193              	 .thumb
 3194              	 .thumb_func
 3195              	 .fpu fpv4-sp-d16
 3197              	HAL_RCC_GetPCLK2Freq:
 3198              	.LFB132:
1043:Drivers/STM32F3xx_HAL_Driver/Src/stm32f3xx_hal_rcc.c **** 
1044:Drivers/STM32F3xx_HAL_Driver/Src/stm32f3xx_hal_rcc.c **** /**
1045:Drivers/STM32F3xx_HAL_Driver/Src/stm32f3xx_hal_rcc.c ****   * @brief  Returns the PCLK2 frequency     
1046:Drivers/STM32F3xx_HAL_Driver/Src/stm32f3xx_hal_rcc.c ****   * @note   Each time PCLK2 changes, this function must be called to update the
1047:Drivers/STM32F3xx_HAL_Driver/Src/stm32f3xx_hal_rcc.c ****   *         right PCLK2 value. Otherwise, any configuration based on this function will be incorrec
1048:Drivers/STM32F3xx_HAL_Driver/Src/stm32f3xx_hal_rcc.c ****   * @retval PCLK2 frequency
1049:Drivers/STM32F3xx_HAL_Driver/Src/stm32f3xx_hal_rcc.c ****   */
1050:Drivers/STM32F3xx_HAL_Driver/Src/stm32f3xx_hal_rcc.c **** uint32_t HAL_RCC_GetPCLK2Freq(void)
1051:Drivers/STM32F3xx_HAL_Driver/Src/stm32f3xx_hal_rcc.c **** {
 3199              	 .loc 1 1051 1 is_stmt 1 view-0
 3200              	 .cfi_startproc
 3201              	 
 3202              	 
 3203              	 
1052:Drivers/STM32F3xx_HAL_Driver/Src/stm32f3xx_hal_rcc.c ****   /* Get HCLK source and Compute PCLK2 frequency ---------------------------*/
1053:Drivers/STM32F3xx_HAL_Driver/Src/stm32f3xx_hal_rcc.c ****   return (HAL_RCC_GetHCLKFreq()>> APBPrescTable[(RCC->CFGR & RCC_CFGR_PPRE2) >> RCC_CFGR_PPRE2_BITN
 3204              	 .loc 1 1053 3 view .LVU958
 3205              	.LBB393:
 3206              	.LBI393:
1027:Drivers/STM32F3xx_HAL_Driver/Src/stm32f3xx_hal_rcc.c **** {
 3207              	 .loc 1 1027 10 view .LVU959
 3208              	.LBB394:
1029:Drivers/STM32F3xx_HAL_Driver/Src/stm32f3xx_hal_rcc.c **** }
 3209              	 .loc 1 1029 3 view .LVU960
 3210              	.LBE394:
 3211              	.LBE393:
 3212              	 .loc 1 1053 53 is_stmt 0 view .LVU961
 3213 0000 084B     	 ldr r3,.L205
 3214              	.LBB396:
 3215              	.LBB397:
 988:Drivers/CMSIS/Include/cmsis_gcc.h **** #else
 3216              	 .loc 2 988 4 view .LVU962
 3217 0002 4FF46052 	 mov r2,#14336
 3218              	.LBE397:
 3219              	.LBE396:
 3220              	 .loc 1 1053 53 view .LVU963
 3221 0006 5B68     	 ldr r3,[r3,#4]
 3222              	.LVL227:
 3223              	.LBB399:
 3224              	.LBI396:
 981:Drivers/CMSIS/Include/cmsis_gcc.h **** {
 3225              	 .loc 2 981 31 is_stmt 1 view .LVU964
 3226              	.LBB398:
 983:Drivers/CMSIS/Include/cmsis_gcc.h **** 
 3227              	 .loc 2 983 3 view .LVU965
 988:Drivers/CMSIS/Include/cmsis_gcc.h **** #else
ARM GAS   			page 105


 3228              	 .loc 2 988 4 view .LVU966
 3229              	 .syntax unified
 3230              	
 3231 0008 92FAA2F2 	 rbit r2,r2
 3232              	
 3233              	.LVL228:
 3234              	 .loc 2 1001 3 view .LVU967
 3235              	 .loc 2 1001 3 is_stmt 0 view .LVU968
 3236              	 .thumb
 3237              	 .syntax unified
 3238              	.LBE398:
 3239              	.LBE399:
 3240              	 .loc 1 1053 81 view .LVU969
 3241 000c B2FA82F2 	 clz r2,r2
 3242              	 .loc 1 1053 60 view .LVU970
 3243 0010 03F46053 	 and r3,r3,#14336
 3244              	 .loc 1 1053 48 view .LVU971
 3245 0014 0449     	 ldr r1,.L205+4
 3246              	.LBB400:
 3247              	.LBB395:
1029:Drivers/STM32F3xx_HAL_Driver/Src/stm32f3xx_hal_rcc.c **** }
 3248              	 .loc 1 1029 10 view .LVU972
 3249 0016 0548     	 ldr r0,.L205+8
 3250              	.LBE395:
 3251              	.LBE400:
 3252              	 .loc 1 1053 78 view .LVU973
 3253 0018 D340     	 lsrs r3,r3,r2
 3254              	 .loc 1 1053 32 view .LVU974
 3255 001a 0068     	 ldr r0,[r0]
 3256              	 .loc 1 1053 48 view .LVU975
 3257 001c CB5C     	 ldrb r3,[r1,r3]
1054:Drivers/STM32F3xx_HAL_Driver/Src/stm32f3xx_hal_rcc.c **** } 
 3258              	 .loc 1 1054 1 view .LVU976
 3259 001e D840     	 lsrs r0,r0,r3
 3260 0020 7047     	 bx lr
 3261              	.L206:
 3262 0022 00BF     	 .align 2
 3263              	.L205:
 3264 0024 00100240 	 .word 1073876992
 3265 0028 00000000 	 .word APBPrescTable
 3266 002c 00000000 	 .word SystemCoreClock
 3267              	 .cfi_endproc
 3268              	.LFE132:
 3270              	 .section .text.HAL_RCC_GetOscConfig,"ax",%progbits
 3271              	 .align 1
 3272              	 .p2align 2,,3
 3273              	 .global HAL_RCC_GetOscConfig
 3274              	 .syntax unified
 3275              	 .thumb
 3276              	 .thumb_func
 3277              	 .fpu fpv4-sp-d16
 3279              	HAL_RCC_GetOscConfig:
 3280              	.LVL229:
 3281              	.LFB133:
1055:Drivers/STM32F3xx_HAL_Driver/Src/stm32f3xx_hal_rcc.c **** 
1056:Drivers/STM32F3xx_HAL_Driver/Src/stm32f3xx_hal_rcc.c **** /**
1057:Drivers/STM32F3xx_HAL_Driver/Src/stm32f3xx_hal_rcc.c ****   * @brief  Configures the RCC_OscInitStruct according to the internal 
ARM GAS   			page 106


1058:Drivers/STM32F3xx_HAL_Driver/Src/stm32f3xx_hal_rcc.c ****   * RCC configuration registers.
1059:Drivers/STM32F3xx_HAL_Driver/Src/stm32f3xx_hal_rcc.c ****   * @param  RCC_OscInitStruct pointer to an RCC_OscInitTypeDef structure that 
1060:Drivers/STM32F3xx_HAL_Driver/Src/stm32f3xx_hal_rcc.c ****   * will be configured.
1061:Drivers/STM32F3xx_HAL_Driver/Src/stm32f3xx_hal_rcc.c ****   * @retval None
1062:Drivers/STM32F3xx_HAL_Driver/Src/stm32f3xx_hal_rcc.c ****   */
1063:Drivers/STM32F3xx_HAL_Driver/Src/stm32f3xx_hal_rcc.c **** void HAL_RCC_GetOscConfig(RCC_OscInitTypeDef  *RCC_OscInitStruct)
1064:Drivers/STM32F3xx_HAL_Driver/Src/stm32f3xx_hal_rcc.c **** {
 3282              	 .loc 1 1064 1 is_stmt 1 view-0
 3283              	 .cfi_startproc
 3284              	 
 3285              	 
 3286              	 
1065:Drivers/STM32F3xx_HAL_Driver/Src/stm32f3xx_hal_rcc.c ****   /* Check the parameters */
1066:Drivers/STM32F3xx_HAL_Driver/Src/stm32f3xx_hal_rcc.c ****   assert_param(RCC_OscInitStruct != NULL);
 3287              	 .loc 1 1066 3 view .LVU978
1067:Drivers/STM32F3xx_HAL_Driver/Src/stm32f3xx_hal_rcc.c **** 
1068:Drivers/STM32F3xx_HAL_Driver/Src/stm32f3xx_hal_rcc.c ****   /* Set all possible values for the Oscillator type parameter ---------------*/
1069:Drivers/STM32F3xx_HAL_Driver/Src/stm32f3xx_hal_rcc.c ****   RCC_OscInitStruct->OscillatorType = RCC_OSCILLATORTYPE_HSE | RCC_OSCILLATORTYPE_HSI  \
 3288              	 .loc 1 1069 3 view .LVU979
 3289              	 .loc 1 1069 37 is_stmt 0 view .LVU980
 3290 0000 0F22     	 movs r2,#15
1070:Drivers/STM32F3xx_HAL_Driver/Src/stm32f3xx_hal_rcc.c ****                   | RCC_OSCILLATORTYPE_LSE | RCC_OSCILLATORTYPE_LSI;
1071:Drivers/STM32F3xx_HAL_Driver/Src/stm32f3xx_hal_rcc.c **** 
1072:Drivers/STM32F3xx_HAL_Driver/Src/stm32f3xx_hal_rcc.c **** 
1073:Drivers/STM32F3xx_HAL_Driver/Src/stm32f3xx_hal_rcc.c ****   /* Get the HSE configuration -----------------------------------------------*/
1074:Drivers/STM32F3xx_HAL_Driver/Src/stm32f3xx_hal_rcc.c ****   if((RCC->CR &RCC_CR_HSEBYP) == RCC_CR_HSEBYP)
 3291              	 .loc 1 1074 10 view .LVU981
 3292 0002 224B     	 ldr r3,.L216
1069:Drivers/STM32F3xx_HAL_Driver/Src/stm32f3xx_hal_rcc.c ****                   | RCC_OSCILLATORTYPE_LSE | RCC_OSCILLATORTYPE_LSI;
 3293              	 .loc 1 1069 37 view .LVU982
 3294 0004 0260     	 str r2,[r0]
 3295              	 .loc 1 1074 3 is_stmt 1 view .LVU983
 3296              	 .loc 1 1074 10 is_stmt 0 view .LVU984
 3297 0006 1A68     	 ldr r2,[r3]
 3298              	 .loc 1 1074 5 view .LVU985
 3299 0008 5203     	 lsls r2,r2,#13
 3300 000a 2FD5     	 bpl .L208
1075:Drivers/STM32F3xx_HAL_Driver/Src/stm32f3xx_hal_rcc.c ****   {
1076:Drivers/STM32F3xx_HAL_Driver/Src/stm32f3xx_hal_rcc.c ****     RCC_OscInitStruct->HSEState = RCC_HSE_BYPASS;
 3301              	 .loc 1 1076 5 is_stmt 1 view .LVU986
 3302              	 .loc 1 1076 33 is_stmt 0 view .LVU987
 3303 000c 4FF4A023 	 mov r3,#327680
 3304 0010 4360     	 str r3,[r0,#4]
 3305              	.L209:
1077:Drivers/STM32F3xx_HAL_Driver/Src/stm32f3xx_hal_rcc.c ****   }
1078:Drivers/STM32F3xx_HAL_Driver/Src/stm32f3xx_hal_rcc.c ****   else if((RCC->CR &RCC_CR_HSEON) == RCC_CR_HSEON)
1079:Drivers/STM32F3xx_HAL_Driver/Src/stm32f3xx_hal_rcc.c ****   {
1080:Drivers/STM32F3xx_HAL_Driver/Src/stm32f3xx_hal_rcc.c ****     RCC_OscInitStruct->HSEState = RCC_HSE_ON;
1081:Drivers/STM32F3xx_HAL_Driver/Src/stm32f3xx_hal_rcc.c ****   }
1082:Drivers/STM32F3xx_HAL_Driver/Src/stm32f3xx_hal_rcc.c ****   else
1083:Drivers/STM32F3xx_HAL_Driver/Src/stm32f3xx_hal_rcc.c ****   {
1084:Drivers/STM32F3xx_HAL_Driver/Src/stm32f3xx_hal_rcc.c ****     RCC_OscInitStruct->HSEState = RCC_HSE_OFF;
1085:Drivers/STM32F3xx_HAL_Driver/Src/stm32f3xx_hal_rcc.c ****   }
1086:Drivers/STM32F3xx_HAL_Driver/Src/stm32f3xx_hal_rcc.c **** #if defined(RCC_CFGR_PLLSRC_HSI_DIV2)
1087:Drivers/STM32F3xx_HAL_Driver/Src/stm32f3xx_hal_rcc.c ****   RCC_OscInitStruct->HSEPredivValue = __HAL_RCC_HSE_GET_PREDIV();
 3306              	 .loc 1 1087 3 is_stmt 1 view .LVU988
 3307              	 .loc 1 1087 39 is_stmt 0 view .LVU989
ARM GAS   			page 107


 3308 0012 1E49     	 ldr r1,.L216
 3309 0014 CB6A     	 ldr r3,[r1,#44]
 3310 0016 03F00F03 	 and r3,r3,#15
 3311              	 .loc 1 1087 37 view .LVU990
 3312 001a 8360     	 str r3,[r0,#8]
1088:Drivers/STM32F3xx_HAL_Driver/Src/stm32f3xx_hal_rcc.c **** #endif
1089:Drivers/STM32F3xx_HAL_Driver/Src/stm32f3xx_hal_rcc.c **** 
1090:Drivers/STM32F3xx_HAL_Driver/Src/stm32f3xx_hal_rcc.c ****   /* Get the HSI configuration -----------------------------------------------*/
1091:Drivers/STM32F3xx_HAL_Driver/Src/stm32f3xx_hal_rcc.c ****   if((RCC->CR &RCC_CR_HSION) == RCC_CR_HSION)
 3313              	 .loc 1 1091 3 is_stmt 1 view .LVU991
 3314              	 .loc 1 1091 10 is_stmt 0 view .LVU992
 3315 001c 0B68     	 ldr r3,[r1]
 3316              	 .loc 1 1091 15 view .LVU993
 3317 001e 03F00103 	 and r3,r3,#1
 3318 0022 0361     	 str r3,[r0,#16]
1092:Drivers/STM32F3xx_HAL_Driver/Src/stm32f3xx_hal_rcc.c ****   {
1093:Drivers/STM32F3xx_HAL_Driver/Src/stm32f3xx_hal_rcc.c ****     RCC_OscInitStruct->HSIState = RCC_HSI_ON;
1094:Drivers/STM32F3xx_HAL_Driver/Src/stm32f3xx_hal_rcc.c ****   }
1095:Drivers/STM32F3xx_HAL_Driver/Src/stm32f3xx_hal_rcc.c ****   else
1096:Drivers/STM32F3xx_HAL_Driver/Src/stm32f3xx_hal_rcc.c ****   {
1097:Drivers/STM32F3xx_HAL_Driver/Src/stm32f3xx_hal_rcc.c ****     RCC_OscInitStruct->HSIState = RCC_HSI_OFF;
1098:Drivers/STM32F3xx_HAL_Driver/Src/stm32f3xx_hal_rcc.c ****   }
1099:Drivers/STM32F3xx_HAL_Driver/Src/stm32f3xx_hal_rcc.c ****   
1100:Drivers/STM32F3xx_HAL_Driver/Src/stm32f3xx_hal_rcc.c ****   RCC_OscInitStruct->HSICalibrationValue = (uint32_t)((RCC->CR & RCC_CR_HSITRIM) >> POSITION_VAL(RC
 3319              	 .loc 1 1100 3 is_stmt 1 view .LVU994
 3320              	 .loc 1 1100 59 is_stmt 0 view .LVU995
 3321 0024 0B68     	 ldr r3,[r1]
 3322              	.LVL230:
 3323              	.LBB401:
 3324              	.LBI401:
 981:Drivers/CMSIS/Include/cmsis_gcc.h **** {
 3325              	 .loc 2 981 31 is_stmt 1 view .LVU996
 3326              	.LBB402:
 983:Drivers/CMSIS/Include/cmsis_gcc.h **** 
 3327              	 .loc 2 983 3 view .LVU997
 988:Drivers/CMSIS/Include/cmsis_gcc.h **** #else
 3328              	 .loc 2 988 4 view .LVU998
 3329 0026 F822     	 movs r2,#248
 3330              	 .syntax unified
 3331              	
 3332 0028 92FAA2F2 	 rbit r2,r2
 3333              	
 3334              	.LVL231:
 3335              	 .loc 2 1001 3 view .LVU999
 3336              	 .loc 2 1001 3 is_stmt 0 view .LVU1000
 3337              	 .thumb
 3338              	 .syntax unified
 3339              	.LBE402:
 3340              	.LBE401:
 3341              	 .loc 1 1100 85 view .LVU1001
 3342 002c B2FA82F2 	 clz r2,r2
 3343              	 .loc 1 1100 64 view .LVU1002
 3344 0030 03F0F803 	 and r3,r3,#248
 3345              	 .loc 1 1100 44 view .LVU1003
 3346 0034 D340     	 lsrs r3,r3,r2
 3347              	 .loc 1 1100 42 view .LVU1004
 3348 0036 4361     	 str r3,[r0,#20]
ARM GAS   			page 108


1101:Drivers/STM32F3xx_HAL_Driver/Src/stm32f3xx_hal_rcc.c ****   
1102:Drivers/STM32F3xx_HAL_Driver/Src/stm32f3xx_hal_rcc.c ****   /* Get the LSE configuration -----------------------------------------------*/
1103:Drivers/STM32F3xx_HAL_Driver/Src/stm32f3xx_hal_rcc.c ****   if((RCC->BDCR &RCC_BDCR_LSEBYP) == RCC_BDCR_LSEBYP)
 3349              	 .loc 1 1103 3 is_stmt 1 view .LVU1005
 3350              	 .loc 1 1103 10 is_stmt 0 view .LVU1006
 3351 0038 0B6A     	 ldr r3,[r1,#32]
 3352              	 .loc 1 1103 5 view .LVU1007
 3353 003a 5B07     	 lsls r3,r3,#29
 3354 003c 1ED5     	 bpl .L211
1104:Drivers/STM32F3xx_HAL_Driver/Src/stm32f3xx_hal_rcc.c ****   {
1105:Drivers/STM32F3xx_HAL_Driver/Src/stm32f3xx_hal_rcc.c ****     RCC_OscInitStruct->LSEState = RCC_LSE_BYPASS;
 3355              	 .loc 1 1105 5 is_stmt 1 view .LVU1008
 3356              	 .loc 1 1105 33 is_stmt 0 view .LVU1009
 3357 003e 0523     	 movs r3,#5
 3358 0040 C360     	 str r3,[r0,#12]
 3359              	.L212:
1106:Drivers/STM32F3xx_HAL_Driver/Src/stm32f3xx_hal_rcc.c ****   }
1107:Drivers/STM32F3xx_HAL_Driver/Src/stm32f3xx_hal_rcc.c ****   else if((RCC->BDCR &RCC_BDCR_LSEON) == RCC_BDCR_LSEON)
1108:Drivers/STM32F3xx_HAL_Driver/Src/stm32f3xx_hal_rcc.c ****   {
1109:Drivers/STM32F3xx_HAL_Driver/Src/stm32f3xx_hal_rcc.c ****     RCC_OscInitStruct->LSEState = RCC_LSE_ON;
1110:Drivers/STM32F3xx_HAL_Driver/Src/stm32f3xx_hal_rcc.c ****   }
1111:Drivers/STM32F3xx_HAL_Driver/Src/stm32f3xx_hal_rcc.c ****   else
1112:Drivers/STM32F3xx_HAL_Driver/Src/stm32f3xx_hal_rcc.c ****   {
1113:Drivers/STM32F3xx_HAL_Driver/Src/stm32f3xx_hal_rcc.c ****     RCC_OscInitStruct->LSEState = RCC_LSE_OFF;
1114:Drivers/STM32F3xx_HAL_Driver/Src/stm32f3xx_hal_rcc.c ****   }
1115:Drivers/STM32F3xx_HAL_Driver/Src/stm32f3xx_hal_rcc.c ****   
1116:Drivers/STM32F3xx_HAL_Driver/Src/stm32f3xx_hal_rcc.c ****   /* Get the LSI configuration -----------------------------------------------*/
1117:Drivers/STM32F3xx_HAL_Driver/Src/stm32f3xx_hal_rcc.c ****   if((RCC->CSR &RCC_CSR_LSION) == RCC_CSR_LSION)
 3360              	 .loc 1 1117 3 is_stmt 1 view .LVU1010
 3361              	 .loc 1 1117 10 is_stmt 0 view .LVU1011
 3362 0042 124B     	 ldr r3,.L216
 3363 0044 5A6A     	 ldr r2,[r3,#36]
 3364              	 .loc 1 1117 16 view .LVU1012
 3365 0046 02F00102 	 and r2,r2,#1
 3366 004a 8261     	 str r2,[r0,#24]
1118:Drivers/STM32F3xx_HAL_Driver/Src/stm32f3xx_hal_rcc.c ****   {
1119:Drivers/STM32F3xx_HAL_Driver/Src/stm32f3xx_hal_rcc.c ****     RCC_OscInitStruct->LSIState = RCC_LSI_ON;
1120:Drivers/STM32F3xx_HAL_Driver/Src/stm32f3xx_hal_rcc.c ****   }
1121:Drivers/STM32F3xx_HAL_Driver/Src/stm32f3xx_hal_rcc.c ****   else
1122:Drivers/STM32F3xx_HAL_Driver/Src/stm32f3xx_hal_rcc.c ****   {
1123:Drivers/STM32F3xx_HAL_Driver/Src/stm32f3xx_hal_rcc.c ****     RCC_OscInitStruct->LSIState = RCC_LSI_OFF;
1124:Drivers/STM32F3xx_HAL_Driver/Src/stm32f3xx_hal_rcc.c ****   }
1125:Drivers/STM32F3xx_HAL_Driver/Src/stm32f3xx_hal_rcc.c ****   
1126:Drivers/STM32F3xx_HAL_Driver/Src/stm32f3xx_hal_rcc.c **** 
1127:Drivers/STM32F3xx_HAL_Driver/Src/stm32f3xx_hal_rcc.c ****   /* Get the PLL configuration -----------------------------------------------*/
1128:Drivers/STM32F3xx_HAL_Driver/Src/stm32f3xx_hal_rcc.c ****   if((RCC->CR &RCC_CR_PLLON) == RCC_CR_PLLON)
 3367              	 .loc 1 1128 3 is_stmt 1 view .LVU1013
 3368              	 .loc 1 1128 10 is_stmt 0 view .LVU1014
 3369 004c 1A68     	 ldr r2,[r3]
1129:Drivers/STM32F3xx_HAL_Driver/Src/stm32f3xx_hal_rcc.c ****   {
1130:Drivers/STM32F3xx_HAL_Driver/Src/stm32f3xx_hal_rcc.c ****     RCC_OscInitStruct->PLL.PLLState = RCC_PLL_ON;
1131:Drivers/STM32F3xx_HAL_Driver/Src/stm32f3xx_hal_rcc.c ****   }
1132:Drivers/STM32F3xx_HAL_Driver/Src/stm32f3xx_hal_rcc.c ****   else
1133:Drivers/STM32F3xx_HAL_Driver/Src/stm32f3xx_hal_rcc.c ****   {
1134:Drivers/STM32F3xx_HAL_Driver/Src/stm32f3xx_hal_rcc.c ****     RCC_OscInitStruct->PLL.PLLState = RCC_PLL_OFF;
 3370              	 .loc 1 1134 37 view .LVU1015
 3371 004e 12F0807F 	 tst r2,#16777216
ARM GAS   			page 109


 3372 0052 14BF     	 ite ne
 3373 0054 0222     	 movne r2,#2
 3374 0056 0122     	 moveq r2,#1
 3375 0058 C261     	 str r2,[r0,#28]
1135:Drivers/STM32F3xx_HAL_Driver/Src/stm32f3xx_hal_rcc.c ****   }
1136:Drivers/STM32F3xx_HAL_Driver/Src/stm32f3xx_hal_rcc.c ****   RCC_OscInitStruct->PLL.PLLSource = (uint32_t)(RCC->CFGR & RCC_CFGR_PLLSRC);
 3376              	 .loc 1 1136 3 is_stmt 1 view .LVU1016
 3377              	 .loc 1 1136 52 is_stmt 0 view .LVU1017
 3378 005a 5A68     	 ldr r2,[r3,#4]
 3379              	 .loc 1 1136 38 view .LVU1018
 3380 005c 02F48032 	 and r2,r2,#65536
 3381              	 .loc 1 1136 36 view .LVU1019
 3382 0060 0262     	 str r2,[r0,#32]
1137:Drivers/STM32F3xx_HAL_Driver/Src/stm32f3xx_hal_rcc.c ****   RCC_OscInitStruct->PLL.PLLMUL = (uint32_t)(RCC->CFGR & RCC_CFGR_PLLMUL);
 3383              	 .loc 1 1137 3 is_stmt 1 view .LVU1020
 3384              	 .loc 1 1137 49 is_stmt 0 view .LVU1021
 3385 0062 5B68     	 ldr r3,[r3,#4]
 3386              	 .loc 1 1137 35 view .LVU1022
 3387 0064 03F47013 	 and r3,r3,#3932160
 3388              	 .loc 1 1137 33 view .LVU1023
 3389 0068 4362     	 str r3,[r0,#36]
1138:Drivers/STM32F3xx_HAL_Driver/Src/stm32f3xx_hal_rcc.c **** #if defined(RCC_CFGR_PLLSRC_HSI_PREDIV)
1139:Drivers/STM32F3xx_HAL_Driver/Src/stm32f3xx_hal_rcc.c ****   RCC_OscInitStruct->PLL.PREDIV = (uint32_t)(RCC->CFGR2 & RCC_CFGR2_PREDIV);
1140:Drivers/STM32F3xx_HAL_Driver/Src/stm32f3xx_hal_rcc.c **** #endif /* RCC_CFGR_PLLSRC_HSI_PREDIV */
1141:Drivers/STM32F3xx_HAL_Driver/Src/stm32f3xx_hal_rcc.c **** }
 3390              	 .loc 1 1141 1 view .LVU1024
 3391 006a 7047     	 bx lr
 3392              	.L208:
1078:Drivers/STM32F3xx_HAL_Driver/Src/stm32f3xx_hal_rcc.c ****   {
 3393              	 .loc 1 1078 8 is_stmt 1 view .LVU1025
1078:Drivers/STM32F3xx_HAL_Driver/Src/stm32f3xx_hal_rcc.c ****   {
 3394              	 .loc 1 1078 15 is_stmt 0 view .LVU1026
 3395 006c 1B68     	 ldr r3,[r3]
1078:Drivers/STM32F3xx_HAL_Driver/Src/stm32f3xx_hal_rcc.c ****   {
 3396              	 .loc 1 1078 10 view .LVU1027
 3397 006e 13F48033 	 ands r3,r3,#65536
1080:Drivers/STM32F3xx_HAL_Driver/Src/stm32f3xx_hal_rcc.c ****   }
 3398              	 .loc 1 1080 5 is_stmt 1 view .LVU1028
1080:Drivers/STM32F3xx_HAL_Driver/Src/stm32f3xx_hal_rcc.c ****   }
 3399              	 .loc 1 1080 33 is_stmt 0 view .LVU1029
 3400 0072 18BF     	 it ne
 3401 0074 4FF48033 	 movne r3,#65536
1084:Drivers/STM32F3xx_HAL_Driver/Src/stm32f3xx_hal_rcc.c ****   }
 3402              	 .loc 1 1084 5 is_stmt 1 view .LVU1030
1084:Drivers/STM32F3xx_HAL_Driver/Src/stm32f3xx_hal_rcc.c ****   }
 3403              	 .loc 1 1084 33 is_stmt 0 view .LVU1031
 3404 0078 4360     	 str r3,[r0,#4]
 3405 007a CAE7     	 b .L209
 3406              	.L211:
1107:Drivers/STM32F3xx_HAL_Driver/Src/stm32f3xx_hal_rcc.c ****   {
 3407              	 .loc 1 1107 8 is_stmt 1 view .LVU1032
1107:Drivers/STM32F3xx_HAL_Driver/Src/stm32f3xx_hal_rcc.c ****   {
 3408              	 .loc 1 1107 15 is_stmt 0 view .LVU1033
 3409 007c 0B6A     	 ldr r3,[r1,#32]
1107:Drivers/STM32F3xx_HAL_Driver/Src/stm32f3xx_hal_rcc.c ****   {
 3410              	 .loc 1 1107 10 view .LVU1034
 3411 007e 13F00103 	 ands r3,r3,#1
ARM GAS   			page 110


1109:Drivers/STM32F3xx_HAL_Driver/Src/stm32f3xx_hal_rcc.c ****   }
 3412              	 .loc 1 1109 5 is_stmt 1 view .LVU1035
1109:Drivers/STM32F3xx_HAL_Driver/Src/stm32f3xx_hal_rcc.c ****   }
 3413              	 .loc 1 1109 33 is_stmt 0 view .LVU1036
 3414 0082 18BF     	 it ne
 3415 0084 0123     	 movne r3,#1
1113:Drivers/STM32F3xx_HAL_Driver/Src/stm32f3xx_hal_rcc.c ****   }
 3416              	 .loc 1 1113 5 is_stmt 1 view .LVU1037
1113:Drivers/STM32F3xx_HAL_Driver/Src/stm32f3xx_hal_rcc.c ****   }
 3417              	 .loc 1 1113 33 is_stmt 0 view .LVU1038
 3418 0086 C360     	 str r3,[r0,#12]
 3419 0088 DBE7     	 b .L212
 3420              	.L217:
 3421 008a 00BF     	 .align 2
 3422              	.L216:
 3423 008c 00100240 	 .word 1073876992
 3424              	 .cfi_endproc
 3425              	.LFE133:
 3427              	 .section .text.HAL_RCC_GetClockConfig,"ax",%progbits
 3428              	 .align 1
 3429              	 .p2align 2,,3
 3430              	 .global HAL_RCC_GetClockConfig
 3431              	 .syntax unified
 3432              	 .thumb
 3433              	 .thumb_func
 3434              	 .fpu fpv4-sp-d16
 3436              	HAL_RCC_GetClockConfig:
 3437              	.LVL232:
 3438              	.LFB134:
1142:Drivers/STM32F3xx_HAL_Driver/Src/stm32f3xx_hal_rcc.c **** 
1143:Drivers/STM32F3xx_HAL_Driver/Src/stm32f3xx_hal_rcc.c **** /**
1144:Drivers/STM32F3xx_HAL_Driver/Src/stm32f3xx_hal_rcc.c ****   * @brief  Get the RCC_ClkInitStruct according to the internal 
1145:Drivers/STM32F3xx_HAL_Driver/Src/stm32f3xx_hal_rcc.c ****   * RCC configuration registers.
1146:Drivers/STM32F3xx_HAL_Driver/Src/stm32f3xx_hal_rcc.c ****   * @param  RCC_ClkInitStruct pointer to an RCC_ClkInitTypeDef structure that 
1147:Drivers/STM32F3xx_HAL_Driver/Src/stm32f3xx_hal_rcc.c ****   * contains the current clock configuration.
1148:Drivers/STM32F3xx_HAL_Driver/Src/stm32f3xx_hal_rcc.c ****   * @param  pFLatency Pointer on the Flash Latency.
1149:Drivers/STM32F3xx_HAL_Driver/Src/stm32f3xx_hal_rcc.c ****   * @retval None
1150:Drivers/STM32F3xx_HAL_Driver/Src/stm32f3xx_hal_rcc.c ****   */
1151:Drivers/STM32F3xx_HAL_Driver/Src/stm32f3xx_hal_rcc.c **** void HAL_RCC_GetClockConfig(RCC_ClkInitTypeDef  *RCC_ClkInitStruct, uint32_t *pFLatency)
1152:Drivers/STM32F3xx_HAL_Driver/Src/stm32f3xx_hal_rcc.c **** {
 3439              	 .loc 1 1152 1 is_stmt 1 view-0
 3440              	 .cfi_startproc
 3441              	 
 3442              	 
 3443              	 
1153:Drivers/STM32F3xx_HAL_Driver/Src/stm32f3xx_hal_rcc.c ****   /* Check the parameters */
1154:Drivers/STM32F3xx_HAL_Driver/Src/stm32f3xx_hal_rcc.c ****   assert_param(RCC_ClkInitStruct != NULL);
 3444              	 .loc 1 1154 3 view .LVU1040
1155:Drivers/STM32F3xx_HAL_Driver/Src/stm32f3xx_hal_rcc.c ****   assert_param(pFLatency != NULL);
 3445              	 .loc 1 1155 3 view .LVU1041
1156:Drivers/STM32F3xx_HAL_Driver/Src/stm32f3xx_hal_rcc.c **** 
1157:Drivers/STM32F3xx_HAL_Driver/Src/stm32f3xx_hal_rcc.c ****   /* Set all possible values for the Clock type parameter --------------------*/
1158:Drivers/STM32F3xx_HAL_Driver/Src/stm32f3xx_hal_rcc.c ****   RCC_ClkInitStruct->ClockType = RCC_CLOCKTYPE_SYSCLK | RCC_CLOCKTYPE_HCLK | RCC_CLOCKTYPE_PCLK1 | 
 3446              	 .loc 1 1158 3 view .LVU1042
1159:Drivers/STM32F3xx_HAL_Driver/Src/stm32f3xx_hal_rcc.c ****   
1160:Drivers/STM32F3xx_HAL_Driver/Src/stm32f3xx_hal_rcc.c ****   /* Get the SYSCLK configuration --------------------------------------------*/ 
1161:Drivers/STM32F3xx_HAL_Driver/Src/stm32f3xx_hal_rcc.c ****   RCC_ClkInitStruct->SYSCLKSource = (uint32_t)(RCC->CFGR & RCC_CFGR_SW);
ARM GAS   			page 111


 3447              	 .loc 1 1161 51 is_stmt 0 view .LVU1043
 3448 0000 0E4B     	 ldr r3,.L220
1158:Drivers/STM32F3xx_HAL_Driver/Src/stm32f3xx_hal_rcc.c ****   
 3449              	 .loc 1 1158 32 view .LVU1044
 3450 0002 0F22     	 movs r2,#15
 3451 0004 0260     	 str r2,[r0]
 3452              	 .loc 1 1161 3 is_stmt 1 view .LVU1045
 3453              	 .loc 1 1161 51 is_stmt 0 view .LVU1046
 3454 0006 5A68     	 ldr r2,[r3,#4]
 3455              	 .loc 1 1161 37 view .LVU1047
 3456 0008 02F00302 	 and r2,r2,#3
 3457              	 .loc 1 1161 35 view .LVU1048
 3458 000c 4260     	 str r2,[r0,#4]
1162:Drivers/STM32F3xx_HAL_Driver/Src/stm32f3xx_hal_rcc.c ****   
1163:Drivers/STM32F3xx_HAL_Driver/Src/stm32f3xx_hal_rcc.c ****   /* Get the HCLK configuration ----------------------------------------------*/ 
1164:Drivers/STM32F3xx_HAL_Driver/Src/stm32f3xx_hal_rcc.c ****   RCC_ClkInitStruct->AHBCLKDivider = (uint32_t)(RCC->CFGR & RCC_CFGR_HPRE); 
 3459              	 .loc 1 1164 3 is_stmt 1 view .LVU1049
 3460              	 .loc 1 1164 52 is_stmt 0 view .LVU1050
 3461 000e 5A68     	 ldr r2,[r3,#4]
 3462              	 .loc 1 1164 38 view .LVU1051
 3463 0010 02F0F002 	 and r2,r2,#240
 3464              	 .loc 1 1164 36 view .LVU1052
 3465 0014 8260     	 str r2,[r0,#8]
1165:Drivers/STM32F3xx_HAL_Driver/Src/stm32f3xx_hal_rcc.c ****   
1166:Drivers/STM32F3xx_HAL_Driver/Src/stm32f3xx_hal_rcc.c ****   /* Get the APB1 configuration ----------------------------------------------*/ 
1167:Drivers/STM32F3xx_HAL_Driver/Src/stm32f3xx_hal_rcc.c ****   RCC_ClkInitStruct->APB1CLKDivider = (uint32_t)(RCC->CFGR & RCC_CFGR_PPRE1);   
 3466              	 .loc 1 1167 3 is_stmt 1 view .LVU1053
 3467              	 .loc 1 1167 53 is_stmt 0 view .LVU1054
 3468 0016 5A68     	 ldr r2,[r3,#4]
 3469              	 .loc 1 1167 39 view .LVU1055
 3470 0018 02F4E062 	 and r2,r2,#1792
 3471              	 .loc 1 1167 37 view .LVU1056
 3472 001c C260     	 str r2,[r0,#12]
1168:Drivers/STM32F3xx_HAL_Driver/Src/stm32f3xx_hal_rcc.c ****   
1169:Drivers/STM32F3xx_HAL_Driver/Src/stm32f3xx_hal_rcc.c ****   /* Get the APB2 configuration ----------------------------------------------*/ 
1170:Drivers/STM32F3xx_HAL_Driver/Src/stm32f3xx_hal_rcc.c ****   RCC_ClkInitStruct->APB2CLKDivider = (uint32_t)((RCC->CFGR & RCC_CFGR_PPRE2) >> 3U);
 3473              	 .loc 1 1170 3 is_stmt 1 view .LVU1057
 3474              	 .loc 1 1170 54 is_stmt 0 view .LVU1058
 3475 001e 5B68     	 ldr r3,[r3,#4]
 3476              	 .loc 1 1170 39 view .LVU1059
 3477 0020 DB08     	 lsrs r3,r3,#3
1152:Drivers/STM32F3xx_HAL_Driver/Src/stm32f3xx_hal_rcc.c ****   /* Check the parameters */
 3478              	 .loc 1 1152 1 view .LVU1060
 3479 0022 10B4     	 push {r4}
 3480              	 .cfi_def_cfa_offset 4
 3481              	 .cfi_offset 4,-4
 3482              	 .loc 1 1170 39 view .LVU1061
 3483 0024 03F4E063 	 and r3,r3,#1792
1171:Drivers/STM32F3xx_HAL_Driver/Src/stm32f3xx_hal_rcc.c ****   
1172:Drivers/STM32F3xx_HAL_Driver/Src/stm32f3xx_hal_rcc.c ****   /* Get the Flash Wait State (Latency) configuration ------------------------*/   
1173:Drivers/STM32F3xx_HAL_Driver/Src/stm32f3xx_hal_rcc.c ****   *pFLatency = (uint32_t)(FLASH->ACR & FLASH_ACR_LATENCY); 
 3484              	 .loc 1 1173 32 view .LVU1062
 3485 0028 054C     	 ldr r4,.L220+4
1170:Drivers/STM32F3xx_HAL_Driver/Src/stm32f3xx_hal_rcc.c ****   
 3486              	 .loc 1 1170 37 view .LVU1063
 3487 002a 0361     	 str r3,[r0,#16]
 3488              	 .loc 1 1173 3 is_stmt 1 view .LVU1064
ARM GAS   			page 112


 3489              	 .loc 1 1173 32 is_stmt 0 view .LVU1065
 3490 002c 2368     	 ldr r3,[r4]
1174:Drivers/STM32F3xx_HAL_Driver/Src/stm32f3xx_hal_rcc.c **** }
 3491              	 .loc 1 1174 1 view .LVU1066
 3492 002e 5DF8044B 	 ldr r4,[sp],#4
 3493              	 .cfi_restore 4
 3494              	 .cfi_def_cfa_offset 0
1173:Drivers/STM32F3xx_HAL_Driver/Src/stm32f3xx_hal_rcc.c **** }
 3495              	 .loc 1 1173 16 view .LVU1067
 3496 0032 03F00703 	 and r3,r3,#7
1173:Drivers/STM32F3xx_HAL_Driver/Src/stm32f3xx_hal_rcc.c **** }
 3497              	 .loc 1 1173 14 view .LVU1068
 3498 0036 0B60     	 str r3,[r1]
 3499              	 .loc 1 1174 1 view .LVU1069
 3500 0038 7047     	 bx lr
 3501              	.L221:
 3502 003a 00BF     	 .align 2
 3503              	.L220:
 3504 003c 00100240 	 .word 1073876992
 3505 0040 00200240 	 .word 1073881088
 3506              	 .cfi_endproc
 3507              	.LFE134:
 3509              	 .section .text.HAL_RCC_CSSCallback,"ax",%progbits
 3510              	 .align 1
 3511              	 .p2align 2,,3
 3512              	 .weak HAL_RCC_CSSCallback
 3513              	 .syntax unified
 3514              	 .thumb
 3515              	 .thumb_func
 3516              	 .fpu fpv4-sp-d16
 3518              	HAL_RCC_CSSCallback:
 3519              	.LFB136:
1175:Drivers/STM32F3xx_HAL_Driver/Src/stm32f3xx_hal_rcc.c **** 
1176:Drivers/STM32F3xx_HAL_Driver/Src/stm32f3xx_hal_rcc.c **** /**
1177:Drivers/STM32F3xx_HAL_Driver/Src/stm32f3xx_hal_rcc.c ****   * @brief This function handles the RCC CSS interrupt request.
1178:Drivers/STM32F3xx_HAL_Driver/Src/stm32f3xx_hal_rcc.c ****   * @note This API should be called under the NMI_Handler().
1179:Drivers/STM32F3xx_HAL_Driver/Src/stm32f3xx_hal_rcc.c ****   * @retval None
1180:Drivers/STM32F3xx_HAL_Driver/Src/stm32f3xx_hal_rcc.c ****   */
1181:Drivers/STM32F3xx_HAL_Driver/Src/stm32f3xx_hal_rcc.c **** void HAL_RCC_NMI_IRQHandler(void)
1182:Drivers/STM32F3xx_HAL_Driver/Src/stm32f3xx_hal_rcc.c **** {
1183:Drivers/STM32F3xx_HAL_Driver/Src/stm32f3xx_hal_rcc.c ****   /* Check RCC CSSF flag  */
1184:Drivers/STM32F3xx_HAL_Driver/Src/stm32f3xx_hal_rcc.c ****   if(__HAL_RCC_GET_IT(RCC_IT_CSS))
1185:Drivers/STM32F3xx_HAL_Driver/Src/stm32f3xx_hal_rcc.c ****   {
1186:Drivers/STM32F3xx_HAL_Driver/Src/stm32f3xx_hal_rcc.c ****     /* RCC Clock Security System interrupt user callback */
1187:Drivers/STM32F3xx_HAL_Driver/Src/stm32f3xx_hal_rcc.c ****     HAL_RCC_CSSCallback();
1188:Drivers/STM32F3xx_HAL_Driver/Src/stm32f3xx_hal_rcc.c ****     
1189:Drivers/STM32F3xx_HAL_Driver/Src/stm32f3xx_hal_rcc.c ****     /* Clear RCC CSS pending bit */
1190:Drivers/STM32F3xx_HAL_Driver/Src/stm32f3xx_hal_rcc.c ****     __HAL_RCC_CLEAR_IT(RCC_IT_CSS);
1191:Drivers/STM32F3xx_HAL_Driver/Src/stm32f3xx_hal_rcc.c ****   }
1192:Drivers/STM32F3xx_HAL_Driver/Src/stm32f3xx_hal_rcc.c **** }
1193:Drivers/STM32F3xx_HAL_Driver/Src/stm32f3xx_hal_rcc.c **** 
1194:Drivers/STM32F3xx_HAL_Driver/Src/stm32f3xx_hal_rcc.c **** /**
1195:Drivers/STM32F3xx_HAL_Driver/Src/stm32f3xx_hal_rcc.c ****   * @brief  RCC Clock Security System interrupt callback
1196:Drivers/STM32F3xx_HAL_Driver/Src/stm32f3xx_hal_rcc.c ****   * @retval none
1197:Drivers/STM32F3xx_HAL_Driver/Src/stm32f3xx_hal_rcc.c ****   */
1198:Drivers/STM32F3xx_HAL_Driver/Src/stm32f3xx_hal_rcc.c **** __weak void HAL_RCC_CSSCallback(void)
1199:Drivers/STM32F3xx_HAL_Driver/Src/stm32f3xx_hal_rcc.c **** {
ARM GAS   			page 113


 3520              	 .loc 1 1199 1 is_stmt 1 view-0
 3521              	 .cfi_startproc
 3522              	 
 3523              	 
 3524              	 
1200:Drivers/STM32F3xx_HAL_Driver/Src/stm32f3xx_hal_rcc.c ****   /* NOTE : This function Should not be modified, when the callback is needed,
1201:Drivers/STM32F3xx_HAL_Driver/Src/stm32f3xx_hal_rcc.c ****     the HAL_RCC_CSSCallback could be implemented in the user file
1202:Drivers/STM32F3xx_HAL_Driver/Src/stm32f3xx_hal_rcc.c ****     */ 
1203:Drivers/STM32F3xx_HAL_Driver/Src/stm32f3xx_hal_rcc.c **** }
 3525              	 .loc 1 1203 1 view .LVU1071
 3526 0000 7047     	 bx lr
 3527              	 .cfi_endproc
 3528              	.LFE136:
 3530 0002 00BF     	 .section .text.HAL_RCC_NMI_IRQHandler,"ax",%progbits
 3531              	 .align 1
 3532              	 .p2align 2,,3
 3533              	 .global HAL_RCC_NMI_IRQHandler
 3534              	 .syntax unified
 3535              	 .thumb
 3536              	 .thumb_func
 3537              	 .fpu fpv4-sp-d16
 3539              	HAL_RCC_NMI_IRQHandler:
 3540              	.LFB135:
1182:Drivers/STM32F3xx_HAL_Driver/Src/stm32f3xx_hal_rcc.c ****   /* Check RCC CSSF flag  */
 3541              	 .loc 1 1182 1 view-0
 3542              	 .cfi_startproc
 3543              	 
 3544              	 
1184:Drivers/STM32F3xx_HAL_Driver/Src/stm32f3xx_hal_rcc.c ****   {
 3545              	 .loc 1 1184 3 view .LVU1073
1182:Drivers/STM32F3xx_HAL_Driver/Src/stm32f3xx_hal_rcc.c ****   /* Check RCC CSSF flag  */
 3546              	 .loc 1 1182 1 is_stmt 0 view .LVU1074
 3547 0000 10B5     	 push {r4,lr}
 3548              	 .cfi_def_cfa_offset 8
 3549              	 .cfi_offset 4,-8
 3550              	 .cfi_offset 14,-4
1184:Drivers/STM32F3xx_HAL_Driver/Src/stm32f3xx_hal_rcc.c ****   {
 3551              	 .loc 1 1184 6 view .LVU1075
 3552 0002 054C     	 ldr r4,.L230
 3553 0004 A368     	 ldr r3,[r4,#8]
1184:Drivers/STM32F3xx_HAL_Driver/Src/stm32f3xx_hal_rcc.c ****   {
 3554              	 .loc 1 1184 5 view .LVU1076
 3555 0006 1B06     	 lsls r3,r3,#24
 3556 0008 00D4     	 bmi .L229
1192:Drivers/STM32F3xx_HAL_Driver/Src/stm32f3xx_hal_rcc.c **** 
 3557              	 .loc 1 1192 1 view .LVU1077
 3558 000a 10BD     	 pop {r4,pc}
 3559              	.L229:
1187:Drivers/STM32F3xx_HAL_Driver/Src/stm32f3xx_hal_rcc.c ****     
 3560              	 .loc 1 1187 5 is_stmt 1 view .LVU1078
 3561 000c FFF7FEFF 	 bl HAL_RCC_CSSCallback
 3562              	.LVL233:
1190:Drivers/STM32F3xx_HAL_Driver/Src/stm32f3xx_hal_rcc.c ****   }
 3563              	 .loc 1 1190 5 view .LVU1079
 3564 0010 8023     	 movs r3,#128
 3565 0012 A372     	 strb r3,[r4,#10]
1192:Drivers/STM32F3xx_HAL_Driver/Src/stm32f3xx_hal_rcc.c **** 
ARM GAS   			page 114


 3566              	 .loc 1 1192 1 is_stmt 0 view .LVU1080
 3567 0014 10BD     	 pop {r4,pc}
 3568              	.L231:
 3569 0016 00BF     	 .align 2
 3570              	.L230:
 3571 0018 00100240 	 .word 1073876992
 3572              	 .cfi_endproc
 3573              	.LFE135:
 3575              	 .section .rodata.aPLLMULFactorTable,"a"
 3576              	 .align 2
 3577              	 .set .LANCHOR0,.+0
 3580              	aPLLMULFactorTable:
 3581 0000 02030405 	 .ascii "\002\003\004\005\006\007\010\011\012\013\014\015\016"
 3581      06070809 
 3581      0A0B0C0D 
 3581      0E
 3582 000d 0F1010   	 .ascii "\017\020\020"
 3583              	 .section .rodata.aPredivFactorTable,"a"
 3584              	 .align 2
 3585              	 .set .LANCHOR1,.+0
 3588              	aPredivFactorTable:
 3589 0000 01020304 	 .ascii "\001\002\003\004\005\006\007\010\011\012\013\014\015"
 3589      05060708 
 3589      090A0B0C 
 3589      0D
 3590 000d 0E0F10   	 .ascii "\016\017\020"
 3591              	 .text
 3592              	.Letext0:
 3593              	 .file 3 "/usr/lib/gcc/arm-none-eabi/10.3.1/include/stdint.h"
 3594              	 .file 4 "Drivers/CMSIS/Device/ST/STM32F3xx/Include/system_stm32f3xx.h"
 3595              	 .file 5 "Drivers/CMSIS/Device/ST/STM32F3xx/Include/stm32f334x8.h"
 3596              	 .file 6 "Drivers/CMSIS/Device/ST/STM32F3xx/Include/stm32f3xx.h"
 3597              	 .file 7 "Drivers/STM32F3xx_HAL_Driver/Inc/stm32f3xx_hal_def.h"
 3598              	 .file 8 "Drivers/STM32F3xx_HAL_Driver/Inc/stm32f3xx_hal_rcc.h"
 3599              	 .file 9 "Drivers/STM32F3xx_HAL_Driver/Inc/stm32f3xx_hal_gpio.h"
 3600              	 .file 10 "Drivers/STM32F3xx_HAL_Driver/Inc/stm32f3xx_hal.h"
ARM GAS   			page 115


DEFINED SYMBOLS
                            *ABS*:0000000000000000 stm32f3xx_hal_rcc.c
    {standard input}:18     .text.HAL_RCC_DeInit:0000000000000000 $t
    {standard input}:27     .text.HAL_RCC_DeInit:0000000000000000 HAL_RCC_DeInit
    {standard input}:244    .text.HAL_RCC_DeInit:00000000000000d0 $d
    {standard input}:254    .text.HAL_RCC_OscConfig:0000000000000000 $t
    {standard input}:262    .text.HAL_RCC_OscConfig:0000000000000000 HAL_RCC_OscConfig
    {standard input}:1207   .text.HAL_RCC_OscConfig:00000000000002e8 $d
    {standard input}:1215   .text.HAL_RCC_OscConfig:00000000000002f4 $t
    {standard input}:2174   .text.HAL_RCC_OscConfig:00000000000005cc $d
    {standard input}:2179   .text.HAL_RCC_ClockConfig:0000000000000000 $t
    {standard input}:2187   .text.HAL_RCC_ClockConfig:0000000000000000 HAL_RCC_ClockConfig
    {standard input}:2723   .text.HAL_RCC_ClockConfig:00000000000001c4 $d
    {standard input}:2736   .text.HAL_RCC_MCOConfig:0000000000000000 $t
    {standard input}:2744   .text.HAL_RCC_MCOConfig:0000000000000000 HAL_RCC_MCOConfig
    {standard input}:2837   .text.HAL_RCC_EnableCSS:0000000000000000 $t
    {standard input}:2845   .text.HAL_RCC_EnableCSS:0000000000000000 HAL_RCC_EnableCSS
    {standard input}:2886   .text.HAL_RCC_DisableCSS:0000000000000000 $t
    {standard input}:2894   .text.HAL_RCC_DisableCSS:0000000000000000 HAL_RCC_DisableCSS
    {standard input}:2935   .text.HAL_RCC_GetSysClockFreq:0000000000000000 $t
    {standard input}:2943   .text.HAL_RCC_GetSysClockFreq:0000000000000000 HAL_RCC_GetSysClockFreq
    {standard input}:3069   .text.HAL_RCC_GetSysClockFreq:0000000000000058 $d
    {standard input}:3078   .text.HAL_RCC_GetHCLKFreq:0000000000000000 $t
    {standard input}:3086   .text.HAL_RCC_GetHCLKFreq:0000000000000000 HAL_RCC_GetHCLKFreq
    {standard input}:3102   .text.HAL_RCC_GetHCLKFreq:0000000000000008 $d
    {standard input}:3107   .text.HAL_RCC_GetPCLK1Freq:0000000000000000 $t
    {standard input}:3115   .text.HAL_RCC_GetPCLK1Freq:0000000000000000 HAL_RCC_GetPCLK1Freq
    {standard input}:3182   .text.HAL_RCC_GetPCLK1Freq:0000000000000024 $d
    {standard input}:3189   .text.HAL_RCC_GetPCLK2Freq:0000000000000000 $t
    {standard input}:3197   .text.HAL_RCC_GetPCLK2Freq:0000000000000000 HAL_RCC_GetPCLK2Freq
    {standard input}:3264   .text.HAL_RCC_GetPCLK2Freq:0000000000000024 $d
    {standard input}:3271   .text.HAL_RCC_GetOscConfig:0000000000000000 $t
    {standard input}:3279   .text.HAL_RCC_GetOscConfig:0000000000000000 HAL_RCC_GetOscConfig
    {standard input}:3423   .text.HAL_RCC_GetOscConfig:000000000000008c $d
    {standard input}:3428   .text.HAL_RCC_GetClockConfig:0000000000000000 $t
    {standard input}:3436   .text.HAL_RCC_GetClockConfig:0000000000000000 HAL_RCC_GetClockConfig
    {standard input}:3504   .text.HAL_RCC_GetClockConfig:000000000000003c $d
    {standard input}:3510   .text.HAL_RCC_CSSCallback:0000000000000000 $t
    {standard input}:3518   .text.HAL_RCC_CSSCallback:0000000000000000 HAL_RCC_CSSCallback
    {standard input}:3531   .text.HAL_RCC_NMI_IRQHandler:0000000000000000 $t
    {standard input}:3539   .text.HAL_RCC_NMI_IRQHandler:0000000000000000 HAL_RCC_NMI_IRQHandler
    {standard input}:3571   .text.HAL_RCC_NMI_IRQHandler:0000000000000018 $d
    {standard input}:3576   .rodata.aPLLMULFactorTable:0000000000000000 $d
    {standard input}:3580   .rodata.aPLLMULFactorTable:0000000000000000 aPLLMULFactorTable
    {standard input}:3584   .rodata.aPredivFactorTable:0000000000000000 $d
    {standard input}:3588   .rodata.aPredivFactorTable:0000000000000000 aPredivFactorTable
                           .group:0000000000000000 wm4.0.5bd3fb47ece8cd89db7f39859867d34b
                           .group:0000000000000000 wm4.stm32f3xx_hal_conf.h.22.68702fcb376080053c327f742c9961b5
                           .group:0000000000000000 wm4.stm32f3xx.h.38.82e8e99dfe49c20b1a4a903bd92d6a62
                           .group:0000000000000000 wm4.stm32f334x8.h.34.4062b27910dbe4163b311597cc3129d0
                           .group:0000000000000000 wm4.stdint.h.29.6d480f4ba0f60596e88234283d42444f
                           .group:0000000000000000 wm4.cmsis_version.h.32.4d5822004c01a829a975260e854b5f8e
                           .group:0000000000000000 wm4.core_cm4.h.66.e4ff136c4a17abc46741866f64f8e729
                           .group:0000000000000000 wm4.cmsis_gcc.h.26.6774fe91202d65f4d5ffcff60e00da34
                           .group:0000000000000000 wm4.core_cm4.h.174.300c477346073ecdebb72dd943ae4d09
                           .group:0000000000000000 wm4.stm32f334x8.h.742.4d018c717ec53f6245cec4363d185c67
                           .group:0000000000000000 wm4.stm32f3xx.h.174.91b72afab8b3d83f71cfd7ef15cf4952
ARM GAS   			page 116


                           .group:0000000000000000 wm4.stm32_hal_legacy.h.22.faf2d895fc44f19fdf533a93a00a4465
                           .group:0000000000000000 wm4.stddef.h.39.144cf5ddcd53cbfdac30259dc1a6c87f
                           .group:0000000000000000 wm4.stm32f3xx_hal_def.h.58.9b3c2bdf4a254dccb0f88c83bea62e05
                           .group:0000000000000000 wm4.stm32f3xx_hal_rcc.h.46.e37a97e5b8d0ca06a596d1c15979cbcc
                           .group:0000000000000000 wm4.stm32f3xx_hal_rcc_ex.h.20.10471072208d7575503f2f1804851a76
                           .group:0000000000000000 wm4.stm32f3xx_hal_gpio.h.21.7cd0c7cb2091a8a34b9016ef7d16b8a7
                           .group:0000000000000000 wm4.stm32f3xx_hal_gpio_ex.h.21.af39eaa5623e0a1009fcf4398ea2c1b7
                           .group:0000000000000000 wm4.stm32f3xx_hal_exti.h.21.97ce243ab3f68da52c38aef7d478a1e0
                           .group:0000000000000000 wm4.stm32f3xx_hal_dma.h.21.cc527711b185a0aec89274d6a9e66e40
                           .group:0000000000000000 wm4.stm32f3xx_hal_dma_ex.h.21.0990be4ccabf56d8663bc991eae085b1
                           .group:0000000000000000 wm4.stm32f3xx_hal_dma.h.406.bee398d2c322633b5d4483460294543c
                           .group:0000000000000000 wm4.stm32f3xx_hal_cortex.h.21.2e6f8d82a4b5342dc6cb4d8275d4190e
                           .group:0000000000000000 wm4.stm32f3xx_hal_adc_ex.h.21.83e1b666f94c6741e0f75669498b4cf0
                           .group:0000000000000000 wm4.stm32f3xx_hal_adc.h.55.6de54c307a17ed796a45b8e483250af2
                           .group:0000000000000000 wm4.stm32f3xx_hal_can.h.21.e8a2553fb767050d2b1baa10ea524b9c
                           .group:0000000000000000 wm4.stm32f3xx_hal_flash.h.20.53fc2ade23629e1c8d41b6b358abbb8d
                           .group:0000000000000000 wm4.stm32f3xx_hal_flash_ex.h.20.66a2e271db53c743be1fcb77b2017459
                           .group:0000000000000000 wm4.stm32f3xx_hal_hrtim.h.21.fb28980682ad68d99a88889d8ff4d172
                           .group:0000000000000000 wm4.stm32f3xx_hal_i2c.h.21.f7663f116d03c0043fd0e75e612f16ea
                           .group:0000000000000000 wm4.stm32f3xx_hal_i2c_ex.h.21.cf479782f4f3a68ef5fbce499167225b
                           .group:0000000000000000 wm4.stm32f3xx_hal_i2c.h.739.edde0c83ea6830c2c975fff967ebea26
                           .group:0000000000000000 wm4.stm32f3xx_hal_iwdg.h.21.3504a210964eb279ef1de8bb44988f11
                           .group:0000000000000000 wm4.stm32f3xx_hal_pwr.h.21.6193057a5c33d0b02d2f3a23acd22249
                           .group:0000000000000000 wm4.stm32f3xx_hal_pwr_ex.h.21.0ae6fdf7fd790f205b68ea57197f080d
                           .group:0000000000000000 wm4.stm32f3xx_hal_tim.h.21.d20cc3ea3a57aedcc53e87fa48cc1f6c
                           .group:0000000000000000 wm4.stm32f3xx_hal_tim_ex.h.21.87406a6cc7024a9faaf6aed69e2733ce
                           .group:0000000000000000 wm4.stm32f3xx_hal_uart.h.21.11bf2ca66aa636cfe74a1eb39fe0d460
                           .group:0000000000000000 wm4.stm32f3xx_hal_uart_ex.h.21.f592049ad8b63c2f48d6a2e8f48bef5c
                           .group:0000000000000000 wm4.stm32f3xx_hal.h.43.350d066a115a4ce03caef6c5048b93ca

UNDEFINED SYMBOLS
HAL_GetTick
HAL_InitTick
uwTickPrio
SystemCoreClock
AHBPrescTable
HAL_GPIO_Init
APBPrescTable
