ARM GAS   			page 1


   1              	 .cpu cortex-m4
   2              	 .eabi_attribute 27,1
   3              	 .eabi_attribute 28,1
   4              	 .eabi_attribute 20,1
   5              	 .eabi_attribute 21,1
   6              	 .eabi_attribute 23,3
   7              	 .eabi_attribute 24,1
   8              	 .eabi_attribute 25,1
   9              	 .eabi_attribute 26,1
  10              	 .eabi_attribute 30,2
  11              	 .eabi_attribute 34,1
  12              	 .eabi_attribute 18,4
  13              	 .file "stm32f3xx_hal_flash_ex.c"
  14              	 .text
  15              	.Ltext0:
  16              	 .cfi_sections .debug_frame
  17              	 .section .text.HAL_FLASHEx_Erase,"ax",%progbits
  18              	 .align 1
  19              	 .p2align 2,,3
  20              	 .global HAL_FLASHEx_Erase
  21              	 .arch armv7e-m
  22              	 .syntax unified
  23              	 .thumb
  24              	 .thumb_func
  25              	 .fpu fpv4-sp-d16
  27              	HAL_FLASHEx_Erase:
  28              	.LVL0:
  29              	.LFB123:
  30              	 .file 1 "Drivers/STM32F3xx_HAL_Driver/Src/stm32f3xx_hal_flash_ex.c"
   1:Drivers/STM32F3xx_HAL_Driver/Src/stm32f3xx_hal_flash_ex.c **** /**
   2:Drivers/STM32F3xx_HAL_Driver/Src/stm32f3xx_hal_flash_ex.c ****   ******************************************************************************
   3:Drivers/STM32F3xx_HAL_Driver/Src/stm32f3xx_hal_flash_ex.c ****   * @file    stm32f3xx_hal_flash_ex.c
   4:Drivers/STM32F3xx_HAL_Driver/Src/stm32f3xx_hal_flash_ex.c ****   * @author  MCD Application Team
   5:Drivers/STM32F3xx_HAL_Driver/Src/stm32f3xx_hal_flash_ex.c ****   * @brief   Extended FLASH HAL module driver.
   6:Drivers/STM32F3xx_HAL_Driver/Src/stm32f3xx_hal_flash_ex.c ****   *    
   7:Drivers/STM32F3xx_HAL_Driver/Src/stm32f3xx_hal_flash_ex.c ****   *          This file provides firmware functions to manage the following 
   8:Drivers/STM32F3xx_HAL_Driver/Src/stm32f3xx_hal_flash_ex.c ****   *          functionalities of the FLASH peripheral:
   9:Drivers/STM32F3xx_HAL_Driver/Src/stm32f3xx_hal_flash_ex.c ****   *           + Extended Initialization/de-initialization functions
  10:Drivers/STM32F3xx_HAL_Driver/Src/stm32f3xx_hal_flash_ex.c ****   *           + Extended I/O operation functions
  11:Drivers/STM32F3xx_HAL_Driver/Src/stm32f3xx_hal_flash_ex.c ****   *           + Extended Peripheral Control functions 
  12:Drivers/STM32F3xx_HAL_Driver/Src/stm32f3xx_hal_flash_ex.c ****   *         
  13:Drivers/STM32F3xx_HAL_Driver/Src/stm32f3xx_hal_flash_ex.c ****   @verbatim
  14:Drivers/STM32F3xx_HAL_Driver/Src/stm32f3xx_hal_flash_ex.c ****   ==============================================================================
  15:Drivers/STM32F3xx_HAL_Driver/Src/stm32f3xx_hal_flash_ex.c ****                ##### Flash peripheral extended features  #####
  16:Drivers/STM32F3xx_HAL_Driver/Src/stm32f3xx_hal_flash_ex.c ****   ==============================================================================
  17:Drivers/STM32F3xx_HAL_Driver/Src/stm32f3xx_hal_flash_ex.c ****            
  18:Drivers/STM32F3xx_HAL_Driver/Src/stm32f3xx_hal_flash_ex.c ****                       ##### How to use this driver #####
  19:Drivers/STM32F3xx_HAL_Driver/Src/stm32f3xx_hal_flash_ex.c ****   ==============================================================================
  20:Drivers/STM32F3xx_HAL_Driver/Src/stm32f3xx_hal_flash_ex.c ****   [..] This driver provides functions to configure and program the FLASH memory 
  21:Drivers/STM32F3xx_HAL_Driver/Src/stm32f3xx_hal_flash_ex.c ****        of all STM32F3xxx devices. It includes
  22:Drivers/STM32F3xx_HAL_Driver/Src/stm32f3xx_hal_flash_ex.c ****        
  23:Drivers/STM32F3xx_HAL_Driver/Src/stm32f3xx_hal_flash_ex.c ****         (++) Set/Reset the write protection
  24:Drivers/STM32F3xx_HAL_Driver/Src/stm32f3xx_hal_flash_ex.c ****         (++) Program the user Option Bytes
  25:Drivers/STM32F3xx_HAL_Driver/Src/stm32f3xx_hal_flash_ex.c ****         (++) Get the Read protection Level
  26:Drivers/STM32F3xx_HAL_Driver/Src/stm32f3xx_hal_flash_ex.c ****   
  27:Drivers/STM32F3xx_HAL_Driver/Src/stm32f3xx_hal_flash_ex.c ****   @endverbatim
  28:Drivers/STM32F3xx_HAL_Driver/Src/stm32f3xx_hal_flash_ex.c ****   ******************************************************************************
ARM GAS   			page 2


  29:Drivers/STM32F3xx_HAL_Driver/Src/stm32f3xx_hal_flash_ex.c ****   * @attention
  30:Drivers/STM32F3xx_HAL_Driver/Src/stm32f3xx_hal_flash_ex.c ****   *
  31:Drivers/STM32F3xx_HAL_Driver/Src/stm32f3xx_hal_flash_ex.c ****   * Copyright (c) 2016 STMicroelectronics.
  32:Drivers/STM32F3xx_HAL_Driver/Src/stm32f3xx_hal_flash_ex.c ****   * All rights reserved.
  33:Drivers/STM32F3xx_HAL_Driver/Src/stm32f3xx_hal_flash_ex.c ****   *
  34:Drivers/STM32F3xx_HAL_Driver/Src/stm32f3xx_hal_flash_ex.c ****   * This software is licensed under terms that can be found in the LICENSE file in
  35:Drivers/STM32F3xx_HAL_Driver/Src/stm32f3xx_hal_flash_ex.c ****   * the root directory of this software component.
  36:Drivers/STM32F3xx_HAL_Driver/Src/stm32f3xx_hal_flash_ex.c ****   * If no LICENSE file comes with this software, it is provided AS-IS.
  37:Drivers/STM32F3xx_HAL_Driver/Src/stm32f3xx_hal_flash_ex.c ****   ******************************************************************************
  38:Drivers/STM32F3xx_HAL_Driver/Src/stm32f3xx_hal_flash_ex.c ****   */
  39:Drivers/STM32F3xx_HAL_Driver/Src/stm32f3xx_hal_flash_ex.c **** 
  40:Drivers/STM32F3xx_HAL_Driver/Src/stm32f3xx_hal_flash_ex.c **** /* Includes ------------------------------------------------------------------*/
  41:Drivers/STM32F3xx_HAL_Driver/Src/stm32f3xx_hal_flash_ex.c **** #include "stm32f3xx_hal.h"
  42:Drivers/STM32F3xx_HAL_Driver/Src/stm32f3xx_hal_flash_ex.c **** 
  43:Drivers/STM32F3xx_HAL_Driver/Src/stm32f3xx_hal_flash_ex.c **** /** @addtogroup STM32F3xx_HAL_Driver
  44:Drivers/STM32F3xx_HAL_Driver/Src/stm32f3xx_hal_flash_ex.c ****   * @{
  45:Drivers/STM32F3xx_HAL_Driver/Src/stm32f3xx_hal_flash_ex.c ****   */
  46:Drivers/STM32F3xx_HAL_Driver/Src/stm32f3xx_hal_flash_ex.c **** #ifdef HAL_FLASH_MODULE_ENABLED
  47:Drivers/STM32F3xx_HAL_Driver/Src/stm32f3xx_hal_flash_ex.c **** 
  48:Drivers/STM32F3xx_HAL_Driver/Src/stm32f3xx_hal_flash_ex.c **** /** @addtogroup FLASH
  49:Drivers/STM32F3xx_HAL_Driver/Src/stm32f3xx_hal_flash_ex.c ****   * @{
  50:Drivers/STM32F3xx_HAL_Driver/Src/stm32f3xx_hal_flash_ex.c ****   */
  51:Drivers/STM32F3xx_HAL_Driver/Src/stm32f3xx_hal_flash_ex.c **** /** @addtogroup FLASH_Private_Variables
  52:Drivers/STM32F3xx_HAL_Driver/Src/stm32f3xx_hal_flash_ex.c ****  * @{
  53:Drivers/STM32F3xx_HAL_Driver/Src/stm32f3xx_hal_flash_ex.c ****  */
  54:Drivers/STM32F3xx_HAL_Driver/Src/stm32f3xx_hal_flash_ex.c **** /* Variables used for Erase pages under interruption*/
  55:Drivers/STM32F3xx_HAL_Driver/Src/stm32f3xx_hal_flash_ex.c **** extern FLASH_ProcessTypeDef pFlash;
  56:Drivers/STM32F3xx_HAL_Driver/Src/stm32f3xx_hal_flash_ex.c **** /**
  57:Drivers/STM32F3xx_HAL_Driver/Src/stm32f3xx_hal_flash_ex.c ****   * @}
  58:Drivers/STM32F3xx_HAL_Driver/Src/stm32f3xx_hal_flash_ex.c ****   */
  59:Drivers/STM32F3xx_HAL_Driver/Src/stm32f3xx_hal_flash_ex.c **** 
  60:Drivers/STM32F3xx_HAL_Driver/Src/stm32f3xx_hal_flash_ex.c **** /**
  61:Drivers/STM32F3xx_HAL_Driver/Src/stm32f3xx_hal_flash_ex.c ****   * @}
  62:Drivers/STM32F3xx_HAL_Driver/Src/stm32f3xx_hal_flash_ex.c ****   */
  63:Drivers/STM32F3xx_HAL_Driver/Src/stm32f3xx_hal_flash_ex.c ****   
  64:Drivers/STM32F3xx_HAL_Driver/Src/stm32f3xx_hal_flash_ex.c **** /** @defgroup FLASHEx FLASHEx
  65:Drivers/STM32F3xx_HAL_Driver/Src/stm32f3xx_hal_flash_ex.c ****   * @brief FLASH HAL Extension module driver
  66:Drivers/STM32F3xx_HAL_Driver/Src/stm32f3xx_hal_flash_ex.c ****   * @{
  67:Drivers/STM32F3xx_HAL_Driver/Src/stm32f3xx_hal_flash_ex.c ****   */
  68:Drivers/STM32F3xx_HAL_Driver/Src/stm32f3xx_hal_flash_ex.c **** 
  69:Drivers/STM32F3xx_HAL_Driver/Src/stm32f3xx_hal_flash_ex.c **** /* Private typedef -----------------------------------------------------------*/
  70:Drivers/STM32F3xx_HAL_Driver/Src/stm32f3xx_hal_flash_ex.c **** /* Private define ------------------------------------------------------------*/
  71:Drivers/STM32F3xx_HAL_Driver/Src/stm32f3xx_hal_flash_ex.c **** /** @defgroup FLASHEx_Private_Constants FLASHEx Private Constants
  72:Drivers/STM32F3xx_HAL_Driver/Src/stm32f3xx_hal_flash_ex.c ****  * @{
  73:Drivers/STM32F3xx_HAL_Driver/Src/stm32f3xx_hal_flash_ex.c ****  */
  74:Drivers/STM32F3xx_HAL_Driver/Src/stm32f3xx_hal_flash_ex.c **** #define FLASH_POSITION_IWDGSW_BIT        (uint32_t)POSITION_VAL(FLASH_OBR_IWDG_SW)
  75:Drivers/STM32F3xx_HAL_Driver/Src/stm32f3xx_hal_flash_ex.c **** #define FLASH_POSITION_OB_USERDATA0_BIT  (uint32_t)POSITION_VAL(FLASH_OBR_DATA0)
  76:Drivers/STM32F3xx_HAL_Driver/Src/stm32f3xx_hal_flash_ex.c **** #define FLASH_POSITION_OB_USERDATA1_BIT  (uint32_t)POSITION_VAL(FLASH_OBR_DATA1)
  77:Drivers/STM32F3xx_HAL_Driver/Src/stm32f3xx_hal_flash_ex.c **** /**
  78:Drivers/STM32F3xx_HAL_Driver/Src/stm32f3xx_hal_flash_ex.c ****   * @}
  79:Drivers/STM32F3xx_HAL_Driver/Src/stm32f3xx_hal_flash_ex.c ****   */
  80:Drivers/STM32F3xx_HAL_Driver/Src/stm32f3xx_hal_flash_ex.c **** 
  81:Drivers/STM32F3xx_HAL_Driver/Src/stm32f3xx_hal_flash_ex.c **** /* Private macro -------------------------------------------------------------*/
  82:Drivers/STM32F3xx_HAL_Driver/Src/stm32f3xx_hal_flash_ex.c **** /** @defgroup FLASHEx_Private_Macros FLASHEx Private Macros
  83:Drivers/STM32F3xx_HAL_Driver/Src/stm32f3xx_hal_flash_ex.c ****   * @{
  84:Drivers/STM32F3xx_HAL_Driver/Src/stm32f3xx_hal_flash_ex.c ****   */
  85:Drivers/STM32F3xx_HAL_Driver/Src/stm32f3xx_hal_flash_ex.c **** /**
ARM GAS   			page 3


  86:Drivers/STM32F3xx_HAL_Driver/Src/stm32f3xx_hal_flash_ex.c ****   * @}
  87:Drivers/STM32F3xx_HAL_Driver/Src/stm32f3xx_hal_flash_ex.c ****   */ 
  88:Drivers/STM32F3xx_HAL_Driver/Src/stm32f3xx_hal_flash_ex.c **** 
  89:Drivers/STM32F3xx_HAL_Driver/Src/stm32f3xx_hal_flash_ex.c **** /* Private variables ---------------------------------------------------------*/
  90:Drivers/STM32F3xx_HAL_Driver/Src/stm32f3xx_hal_flash_ex.c **** /* Private function prototypes -----------------------------------------------*/
  91:Drivers/STM32F3xx_HAL_Driver/Src/stm32f3xx_hal_flash_ex.c **** /** @defgroup FLASHEx_Private_Functions FLASHEx Private Functions
  92:Drivers/STM32F3xx_HAL_Driver/Src/stm32f3xx_hal_flash_ex.c ****  * @{
  93:Drivers/STM32F3xx_HAL_Driver/Src/stm32f3xx_hal_flash_ex.c ****  */
  94:Drivers/STM32F3xx_HAL_Driver/Src/stm32f3xx_hal_flash_ex.c **** /* Erase operations */
  95:Drivers/STM32F3xx_HAL_Driver/Src/stm32f3xx_hal_flash_ex.c **** static void              FLASH_MassErase(void);
  96:Drivers/STM32F3xx_HAL_Driver/Src/stm32f3xx_hal_flash_ex.c **** void    FLASH_PageErase(uint32_t PageAddress);
  97:Drivers/STM32F3xx_HAL_Driver/Src/stm32f3xx_hal_flash_ex.c **** 
  98:Drivers/STM32F3xx_HAL_Driver/Src/stm32f3xx_hal_flash_ex.c **** /* Option bytes control */
  99:Drivers/STM32F3xx_HAL_Driver/Src/stm32f3xx_hal_flash_ex.c **** static HAL_StatusTypeDef FLASH_OB_EnableWRP(uint32_t WriteProtectPage);
 100:Drivers/STM32F3xx_HAL_Driver/Src/stm32f3xx_hal_flash_ex.c **** static HAL_StatusTypeDef FLASH_OB_DisableWRP(uint32_t WriteProtectPage);
 101:Drivers/STM32F3xx_HAL_Driver/Src/stm32f3xx_hal_flash_ex.c **** static HAL_StatusTypeDef FLASH_OB_RDP_LevelConfig(uint8_t ReadProtectLevel);
 102:Drivers/STM32F3xx_HAL_Driver/Src/stm32f3xx_hal_flash_ex.c **** static HAL_StatusTypeDef FLASH_OB_UserConfig(uint8_t UserConfig);
 103:Drivers/STM32F3xx_HAL_Driver/Src/stm32f3xx_hal_flash_ex.c **** static HAL_StatusTypeDef FLASH_OB_ProgramData(uint32_t Address, uint8_t Data);
 104:Drivers/STM32F3xx_HAL_Driver/Src/stm32f3xx_hal_flash_ex.c **** static uint32_t          FLASH_OB_GetWRP(void);
 105:Drivers/STM32F3xx_HAL_Driver/Src/stm32f3xx_hal_flash_ex.c **** static uint32_t          FLASH_OB_GetRDP(void);
 106:Drivers/STM32F3xx_HAL_Driver/Src/stm32f3xx_hal_flash_ex.c **** static uint8_t           FLASH_OB_GetUser(void);
 107:Drivers/STM32F3xx_HAL_Driver/Src/stm32f3xx_hal_flash_ex.c **** 
 108:Drivers/STM32F3xx_HAL_Driver/Src/stm32f3xx_hal_flash_ex.c **** /**
 109:Drivers/STM32F3xx_HAL_Driver/Src/stm32f3xx_hal_flash_ex.c ****   * @}
 110:Drivers/STM32F3xx_HAL_Driver/Src/stm32f3xx_hal_flash_ex.c ****   */
 111:Drivers/STM32F3xx_HAL_Driver/Src/stm32f3xx_hal_flash_ex.c **** 
 112:Drivers/STM32F3xx_HAL_Driver/Src/stm32f3xx_hal_flash_ex.c **** /* Exported functions ---------------------------------------------------------*/
 113:Drivers/STM32F3xx_HAL_Driver/Src/stm32f3xx_hal_flash_ex.c **** /** @defgroup FLASHEx_Exported_Functions FLASHEx Exported Functions
 114:Drivers/STM32F3xx_HAL_Driver/Src/stm32f3xx_hal_flash_ex.c ****   * @{
 115:Drivers/STM32F3xx_HAL_Driver/Src/stm32f3xx_hal_flash_ex.c ****   */
 116:Drivers/STM32F3xx_HAL_Driver/Src/stm32f3xx_hal_flash_ex.c ****   
 117:Drivers/STM32F3xx_HAL_Driver/Src/stm32f3xx_hal_flash_ex.c **** /** @defgroup FLASHEx_Exported_Functions_Group1 FLASHEx Memory Erasing functions
 118:Drivers/STM32F3xx_HAL_Driver/Src/stm32f3xx_hal_flash_ex.c ****  *  @brief   FLASH Memory Erasing functions
 119:Drivers/STM32F3xx_HAL_Driver/Src/stm32f3xx_hal_flash_ex.c ****   *
 120:Drivers/STM32F3xx_HAL_Driver/Src/stm32f3xx_hal_flash_ex.c **** @verbatim   
 121:Drivers/STM32F3xx_HAL_Driver/Src/stm32f3xx_hal_flash_ex.c ****   ==============================================================================
 122:Drivers/STM32F3xx_HAL_Driver/Src/stm32f3xx_hal_flash_ex.c ****                 ##### FLASH Erasing Programming functions ##### 
 123:Drivers/STM32F3xx_HAL_Driver/Src/stm32f3xx_hal_flash_ex.c ****   ==============================================================================
 124:Drivers/STM32F3xx_HAL_Driver/Src/stm32f3xx_hal_flash_ex.c **** 
 125:Drivers/STM32F3xx_HAL_Driver/Src/stm32f3xx_hal_flash_ex.c ****     [..] The FLASH Memory Erasing functions, includes the following functions:
 126:Drivers/STM32F3xx_HAL_Driver/Src/stm32f3xx_hal_flash_ex.c ****     (+) HAL_FLASHEx_Erase: return only when erase has been done
 127:Drivers/STM32F3xx_HAL_Driver/Src/stm32f3xx_hal_flash_ex.c ****     (+) HAL_FLASHEx_Erase_IT: end of erase is done when HAL_FLASH_EndOfOperationCallback 
 128:Drivers/STM32F3xx_HAL_Driver/Src/stm32f3xx_hal_flash_ex.c ****         is called with parameter 0xFFFFFFFF
 129:Drivers/STM32F3xx_HAL_Driver/Src/stm32f3xx_hal_flash_ex.c **** 
 130:Drivers/STM32F3xx_HAL_Driver/Src/stm32f3xx_hal_flash_ex.c ****     [..] Any operation of erase should follow these steps:
 131:Drivers/STM32F3xx_HAL_Driver/Src/stm32f3xx_hal_flash_ex.c ****     (#) Call the HAL_FLASH_Unlock() function to enable the flash control register and 
 132:Drivers/STM32F3xx_HAL_Driver/Src/stm32f3xx_hal_flash_ex.c ****         program memory access.
 133:Drivers/STM32F3xx_HAL_Driver/Src/stm32f3xx_hal_flash_ex.c ****     (#) Call the desired function to erase page.
 134:Drivers/STM32F3xx_HAL_Driver/Src/stm32f3xx_hal_flash_ex.c ****     (#) Call the HAL_FLASH_Lock() to disable the flash program memory access 
 135:Drivers/STM32F3xx_HAL_Driver/Src/stm32f3xx_hal_flash_ex.c ****        (recommended to protect the FLASH memory against possible unwanted operation).
 136:Drivers/STM32F3xx_HAL_Driver/Src/stm32f3xx_hal_flash_ex.c **** 
 137:Drivers/STM32F3xx_HAL_Driver/Src/stm32f3xx_hal_flash_ex.c **** @endverbatim
 138:Drivers/STM32F3xx_HAL_Driver/Src/stm32f3xx_hal_flash_ex.c ****   * @{
 139:Drivers/STM32F3xx_HAL_Driver/Src/stm32f3xx_hal_flash_ex.c ****   */
 140:Drivers/STM32F3xx_HAL_Driver/Src/stm32f3xx_hal_flash_ex.c ****   
 141:Drivers/STM32F3xx_HAL_Driver/Src/stm32f3xx_hal_flash_ex.c **** 
 142:Drivers/STM32F3xx_HAL_Driver/Src/stm32f3xx_hal_flash_ex.c **** /**
ARM GAS   			page 4


 143:Drivers/STM32F3xx_HAL_Driver/Src/stm32f3xx_hal_flash_ex.c ****   * @brief  Perform a mass erase or erase the specified FLASH memory pages
 144:Drivers/STM32F3xx_HAL_Driver/Src/stm32f3xx_hal_flash_ex.c ****   * @note   To correctly run this function, the @ref HAL_FLASH_Unlock() function
 145:Drivers/STM32F3xx_HAL_Driver/Src/stm32f3xx_hal_flash_ex.c ****   *         must be called before.
 146:Drivers/STM32F3xx_HAL_Driver/Src/stm32f3xx_hal_flash_ex.c ****   *         Call the @ref HAL_FLASH_Lock() to disable the flash memory access 
 147:Drivers/STM32F3xx_HAL_Driver/Src/stm32f3xx_hal_flash_ex.c ****   *         (recommended to protect the FLASH memory against possible unwanted operation)
 148:Drivers/STM32F3xx_HAL_Driver/Src/stm32f3xx_hal_flash_ex.c ****   * @param[in]  pEraseInit pointer to an FLASH_EraseInitTypeDef structure that
 149:Drivers/STM32F3xx_HAL_Driver/Src/stm32f3xx_hal_flash_ex.c ****   *         contains the configuration information for the erasing.
 150:Drivers/STM32F3xx_HAL_Driver/Src/stm32f3xx_hal_flash_ex.c ****   *
 151:Drivers/STM32F3xx_HAL_Driver/Src/stm32f3xx_hal_flash_ex.c ****   * @param[out]  PageError pointer to variable  that
 152:Drivers/STM32F3xx_HAL_Driver/Src/stm32f3xx_hal_flash_ex.c ****   *         contains the configuration information on faulty page in case of error
 153:Drivers/STM32F3xx_HAL_Driver/Src/stm32f3xx_hal_flash_ex.c ****   *         (0xFFFFFFFF means that all the pages have been correctly erased)
 154:Drivers/STM32F3xx_HAL_Driver/Src/stm32f3xx_hal_flash_ex.c ****   *
 155:Drivers/STM32F3xx_HAL_Driver/Src/stm32f3xx_hal_flash_ex.c ****   * @retval HAL_StatusTypeDef HAL Status
 156:Drivers/STM32F3xx_HAL_Driver/Src/stm32f3xx_hal_flash_ex.c ****   */
 157:Drivers/STM32F3xx_HAL_Driver/Src/stm32f3xx_hal_flash_ex.c **** HAL_StatusTypeDef HAL_FLASHEx_Erase(FLASH_EraseInitTypeDef *pEraseInit, uint32_t *PageError)
 158:Drivers/STM32F3xx_HAL_Driver/Src/stm32f3xx_hal_flash_ex.c **** {
  31              	 .loc 1 158 1 view-0
  32              	 .cfi_startproc
  33              	 
  34              	 
 159:Drivers/STM32F3xx_HAL_Driver/Src/stm32f3xx_hal_flash_ex.c ****   HAL_StatusTypeDef status = HAL_ERROR;
  35              	 .loc 1 159 3 view .LVU1
 160:Drivers/STM32F3xx_HAL_Driver/Src/stm32f3xx_hal_flash_ex.c ****   uint32_t address = 0U;
  36              	 .loc 1 160 3 view .LVU2
 161:Drivers/STM32F3xx_HAL_Driver/Src/stm32f3xx_hal_flash_ex.c **** 
 162:Drivers/STM32F3xx_HAL_Driver/Src/stm32f3xx_hal_flash_ex.c ****   /* Process Locked */
 163:Drivers/STM32F3xx_HAL_Driver/Src/stm32f3xx_hal_flash_ex.c ****   __HAL_LOCK(&pFlash);
  37              	 .loc 1 163 3 view .LVU3
  38              	 .loc 1 163 3 view .LVU4
 158:Drivers/STM32F3xx_HAL_Driver/Src/stm32f3xx_hal_flash_ex.c ****   HAL_StatusTypeDef status = HAL_ERROR;
  39              	 .loc 1 158 1 is_stmt 0 view .LVU5
  40 0000 2DE9F843 	 push {r3,r4,r5,r6,r7,r8,r9,lr}
  41              	 .cfi_def_cfa_offset 32
  42              	 .cfi_offset 3,-32
  43              	 .cfi_offset 4,-28
  44              	 .cfi_offset 5,-24
  45              	 .cfi_offset 6,-20
  46              	 .cfi_offset 7,-16
  47              	 .cfi_offset 8,-12
  48              	 .cfi_offset 9,-8
  49              	 .cfi_offset 14,-4
  50              	 .loc 1 163 3 view .LVU6
  51 0004 2D4E     	 ldr r6,.L14
  52 0006 337E     	 ldrb r3,[r6,#24]
  53 0008 012B     	 cmp r3,#1
  54 000a 54D0     	 beq .L8
  55              	 .loc 1 163 3 discriminator 2 view .LVU7
  56 000c 0123     	 movs r3,#1
  57 000e 3376     	 strb r3,[r6,#24]
 164:Drivers/STM32F3xx_HAL_Driver/Src/stm32f3xx_hal_flash_ex.c **** 
 165:Drivers/STM32F3xx_HAL_Driver/Src/stm32f3xx_hal_flash_ex.c ****   /* Check the parameters */
 166:Drivers/STM32F3xx_HAL_Driver/Src/stm32f3xx_hal_flash_ex.c ****   assert_param(IS_FLASH_TYPEERASE(pEraseInit->TypeErase));
 167:Drivers/STM32F3xx_HAL_Driver/Src/stm32f3xx_hal_flash_ex.c **** 
 168:Drivers/STM32F3xx_HAL_Driver/Src/stm32f3xx_hal_flash_ex.c ****   if (pEraseInit->TypeErase == FLASH_TYPEERASE_MASSERASE)
  58              	 .loc 1 168 6 discriminator 2 view .LVU8
  59 0010 0368     	 ldr r3,[r0]
  60 0012 012B     	 cmp r3,#1
ARM GAS   			page 5


  61 0014 8146     	 mov r9,r0
 163:Drivers/STM32F3xx_HAL_Driver/Src/stm32f3xx_hal_flash_ex.c **** 
  62              	 .loc 1 163 3 is_stmt 1 discriminator 2 view .LVU9
 163:Drivers/STM32F3xx_HAL_Driver/Src/stm32f3xx_hal_flash_ex.c **** 
  63              	 .loc 1 163 3 discriminator 2 view .LVU10
 166:Drivers/STM32F3xx_HAL_Driver/Src/stm32f3xx_hal_flash_ex.c **** 
  64              	 .loc 1 166 3 discriminator 2 view .LVU11
  65              	 .loc 1 168 3 discriminator 2 view .LVU12
  66              	 .loc 1 168 6 is_stmt 0 discriminator 2 view .LVU13
  67 0016 31D0     	 beq .L12
 169:Drivers/STM32F3xx_HAL_Driver/Src/stm32f3xx_hal_flash_ex.c ****   {
 170:Drivers/STM32F3xx_HAL_Driver/Src/stm32f3xx_hal_flash_ex.c ****       /* Mass Erase requested for Bank1 */
 171:Drivers/STM32F3xx_HAL_Driver/Src/stm32f3xx_hal_flash_ex.c ****       /* Wait for last operation to be completed */
 172:Drivers/STM32F3xx_HAL_Driver/Src/stm32f3xx_hal_flash_ex.c ****       if (FLASH_WaitForLastOperation((uint32_t)FLASH_TIMEOUT_VALUE) == HAL_OK)
 173:Drivers/STM32F3xx_HAL_Driver/Src/stm32f3xx_hal_flash_ex.c ****       {
 174:Drivers/STM32F3xx_HAL_Driver/Src/stm32f3xx_hal_flash_ex.c ****         /*Mass erase to be done*/
 175:Drivers/STM32F3xx_HAL_Driver/Src/stm32f3xx_hal_flash_ex.c ****         FLASH_MassErase();
 176:Drivers/STM32F3xx_HAL_Driver/Src/stm32f3xx_hal_flash_ex.c ****         
 177:Drivers/STM32F3xx_HAL_Driver/Src/stm32f3xx_hal_flash_ex.c ****         /* Wait for last operation to be completed */
 178:Drivers/STM32F3xx_HAL_Driver/Src/stm32f3xx_hal_flash_ex.c ****         status = FLASH_WaitForLastOperation((uint32_t)FLASH_TIMEOUT_VALUE);
 179:Drivers/STM32F3xx_HAL_Driver/Src/stm32f3xx_hal_flash_ex.c ****         
 180:Drivers/STM32F3xx_HAL_Driver/Src/stm32f3xx_hal_flash_ex.c ****         /* If the erase operation is completed, disable the MER Bit */
 181:Drivers/STM32F3xx_HAL_Driver/Src/stm32f3xx_hal_flash_ex.c ****         CLEAR_BIT(FLASH->CR, FLASH_CR_MER);
 182:Drivers/STM32F3xx_HAL_Driver/Src/stm32f3xx_hal_flash_ex.c ****       }
 183:Drivers/STM32F3xx_HAL_Driver/Src/stm32f3xx_hal_flash_ex.c ****   }
 184:Drivers/STM32F3xx_HAL_Driver/Src/stm32f3xx_hal_flash_ex.c ****   else
 185:Drivers/STM32F3xx_HAL_Driver/Src/stm32f3xx_hal_flash_ex.c ****   {
 186:Drivers/STM32F3xx_HAL_Driver/Src/stm32f3xx_hal_flash_ex.c ****     /* Page Erase is requested */
 187:Drivers/STM32F3xx_HAL_Driver/Src/stm32f3xx_hal_flash_ex.c ****     /* Check the parameters */
 188:Drivers/STM32F3xx_HAL_Driver/Src/stm32f3xx_hal_flash_ex.c ****     assert_param(IS_FLASH_PROGRAM_ADDRESS(pEraseInit->PageAddress));
  68              	 .loc 1 188 5 is_stmt 1 view .LVU14
 189:Drivers/STM32F3xx_HAL_Driver/Src/stm32f3xx_hal_flash_ex.c ****     assert_param(IS_FLASH_NB_PAGES(pEraseInit->PageAddress, pEraseInit->NbPages));
  69              	 .loc 1 189 5 view .LVU15
 190:Drivers/STM32F3xx_HAL_Driver/Src/stm32f3xx_hal_flash_ex.c ****     
 191:Drivers/STM32F3xx_HAL_Driver/Src/stm32f3xx_hal_flash_ex.c ****       /* Page Erase requested on address located on bank1 */
 192:Drivers/STM32F3xx_HAL_Driver/Src/stm32f3xx_hal_flash_ex.c ****       /* Wait for last operation to be completed */
 193:Drivers/STM32F3xx_HAL_Driver/Src/stm32f3xx_hal_flash_ex.c ****       if (FLASH_WaitForLastOperation((uint32_t)FLASH_TIMEOUT_VALUE) == HAL_OK)
  70              	 .loc 1 193 7 view .LVU16
  71              	 .loc 1 193 11 is_stmt 0 view .LVU17
  72 0018 4CF25030 	 movw r0,#50000
  73              	.LVL1:
  74              	 .loc 1 193 11 view .LVU18
  75 001c 8846     	 mov r8,r1
  76 001e FFF7FEFF 	 bl FLASH_WaitForLastOperation
  77              	.LVL2:
  78              	 .loc 1 193 10 view .LVU19
  79 0022 0746     	 mov r7,r0
  80 0024 78BB     	 cbnz r0,.L4
 194:Drivers/STM32F3xx_HAL_Driver/Src/stm32f3xx_hal_flash_ex.c ****       {
 195:Drivers/STM32F3xx_HAL_Driver/Src/stm32f3xx_hal_flash_ex.c ****         /*Initialization of PageError variable*/
 196:Drivers/STM32F3xx_HAL_Driver/Src/stm32f3xx_hal_flash_ex.c ****         *PageError = 0xFFFFFFFFU;
  81              	 .loc 1 196 9 is_stmt 1 view .LVU20
  82              	 .loc 1 196 20 is_stmt 0 view .LVU21
  83 0026 4FF0FF33 	 mov r3,#-1
  84 002a C8F80030 	 str r3,[r8]
 197:Drivers/STM32F3xx_HAL_Driver/Src/stm32f3xx_hal_flash_ex.c ****         
 198:Drivers/STM32F3xx_HAL_Driver/Src/stm32f3xx_hal_flash_ex.c ****         /* Erase page by page to be done*/
ARM GAS   			page 6


 199:Drivers/STM32F3xx_HAL_Driver/Src/stm32f3xx_hal_flash_ex.c ****         for(address = pEraseInit->PageAddress;
  85              	 .loc 1 199 9 is_stmt 1 view .LVU22
 200:Drivers/STM32F3xx_HAL_Driver/Src/stm32f3xx_hal_flash_ex.c ****             address < ((pEraseInit->NbPages * FLASH_PAGE_SIZE) + pEraseInit->PageAddress);
  86              	 .loc 1 200 45 is_stmt 0 view .LVU23
  87 002e D9E90153 	 ldrd r5,r3,[r9,#4]
  88              	 .loc 1 200 64 view .LVU24
  89 0032 05EBC323 	 add r3,r5,r3,lsl#11
 199:Drivers/STM32F3xx_HAL_Driver/Src/stm32f3xx_hal_flash_ex.c ****             address < ((pEraseInit->NbPages * FLASH_PAGE_SIZE) + pEraseInit->PageAddress);
  90              	 .loc 1 199 9 view .LVU25
  91 0036 9D42     	 cmp r5,r3
  92 0038 25D2     	 bcs .L4
  93              	.LBB30:
  94              	.LBB31:
 201:Drivers/STM32F3xx_HAL_Driver/Src/stm32f3xx_hal_flash_ex.c ****             address += FLASH_PAGE_SIZE)
 202:Drivers/STM32F3xx_HAL_Driver/Src/stm32f3xx_hal_flash_ex.c ****         {
 203:Drivers/STM32F3xx_HAL_Driver/Src/stm32f3xx_hal_flash_ex.c ****           FLASH_PageErase(address);
 204:Drivers/STM32F3xx_HAL_Driver/Src/stm32f3xx_hal_flash_ex.c ****           
 205:Drivers/STM32F3xx_HAL_Driver/Src/stm32f3xx_hal_flash_ex.c ****           /* Wait for last operation to be completed */
 206:Drivers/STM32F3xx_HAL_Driver/Src/stm32f3xx_hal_flash_ex.c ****           status = FLASH_WaitForLastOperation((uint32_t)FLASH_TIMEOUT_VALUE);
 207:Drivers/STM32F3xx_HAL_Driver/Src/stm32f3xx_hal_flash_ex.c ****           
 208:Drivers/STM32F3xx_HAL_Driver/Src/stm32f3xx_hal_flash_ex.c ****           /* If the erase operation is completed, disable the PER Bit */
 209:Drivers/STM32F3xx_HAL_Driver/Src/stm32f3xx_hal_flash_ex.c ****           CLEAR_BIT(FLASH->CR, FLASH_CR_PER);
 210:Drivers/STM32F3xx_HAL_Driver/Src/stm32f3xx_hal_flash_ex.c ****           
 211:Drivers/STM32F3xx_HAL_Driver/Src/stm32f3xx_hal_flash_ex.c ****           if (status != HAL_OK)
 212:Drivers/STM32F3xx_HAL_Driver/Src/stm32f3xx_hal_flash_ex.c ****           {
 213:Drivers/STM32F3xx_HAL_Driver/Src/stm32f3xx_hal_flash_ex.c ****             /* In case of error, stop erase procedure and return the faulty address */
 214:Drivers/STM32F3xx_HAL_Driver/Src/stm32f3xx_hal_flash_ex.c ****             *PageError = address;
 215:Drivers/STM32F3xx_HAL_Driver/Src/stm32f3xx_hal_flash_ex.c ****             break;
 216:Drivers/STM32F3xx_HAL_Driver/Src/stm32f3xx_hal_flash_ex.c ****           }
 217:Drivers/STM32F3xx_HAL_Driver/Src/stm32f3xx_hal_flash_ex.c ****         }
 218:Drivers/STM32F3xx_HAL_Driver/Src/stm32f3xx_hal_flash_ex.c ****       }
 219:Drivers/STM32F3xx_HAL_Driver/Src/stm32f3xx_hal_flash_ex.c ****   }
 220:Drivers/STM32F3xx_HAL_Driver/Src/stm32f3xx_hal_flash_ex.c **** 
 221:Drivers/STM32F3xx_HAL_Driver/Src/stm32f3xx_hal_flash_ex.c ****   /* Process Unlocked */
 222:Drivers/STM32F3xx_HAL_Driver/Src/stm32f3xx_hal_flash_ex.c ****   __HAL_UNLOCK(&pFlash);
 223:Drivers/STM32F3xx_HAL_Driver/Src/stm32f3xx_hal_flash_ex.c **** 
 224:Drivers/STM32F3xx_HAL_Driver/Src/stm32f3xx_hal_flash_ex.c ****   return status;
 225:Drivers/STM32F3xx_HAL_Driver/Src/stm32f3xx_hal_flash_ex.c **** }
 226:Drivers/STM32F3xx_HAL_Driver/Src/stm32f3xx_hal_flash_ex.c **** 
 227:Drivers/STM32F3xx_HAL_Driver/Src/stm32f3xx_hal_flash_ex.c **** /**
 228:Drivers/STM32F3xx_HAL_Driver/Src/stm32f3xx_hal_flash_ex.c ****   * @brief  Perform a mass erase or erase the specified FLASH memory pages with interrupt enabled
 229:Drivers/STM32F3xx_HAL_Driver/Src/stm32f3xx_hal_flash_ex.c ****   * @note   To correctly run this function, the @ref HAL_FLASH_Unlock() function
 230:Drivers/STM32F3xx_HAL_Driver/Src/stm32f3xx_hal_flash_ex.c ****   *         must be called before.
 231:Drivers/STM32F3xx_HAL_Driver/Src/stm32f3xx_hal_flash_ex.c ****   *         Call the @ref HAL_FLASH_Lock() to disable the flash memory access 
 232:Drivers/STM32F3xx_HAL_Driver/Src/stm32f3xx_hal_flash_ex.c ****   *         (recommended to protect the FLASH memory against possible unwanted operation)
 233:Drivers/STM32F3xx_HAL_Driver/Src/stm32f3xx_hal_flash_ex.c ****   * @param  pEraseInit pointer to an FLASH_EraseInitTypeDef structure that
 234:Drivers/STM32F3xx_HAL_Driver/Src/stm32f3xx_hal_flash_ex.c ****   *         contains the configuration information for the erasing.
 235:Drivers/STM32F3xx_HAL_Driver/Src/stm32f3xx_hal_flash_ex.c ****   *
 236:Drivers/STM32F3xx_HAL_Driver/Src/stm32f3xx_hal_flash_ex.c ****   * @retval HAL_StatusTypeDef HAL Status
 237:Drivers/STM32F3xx_HAL_Driver/Src/stm32f3xx_hal_flash_ex.c ****   */
 238:Drivers/STM32F3xx_HAL_Driver/Src/stm32f3xx_hal_flash_ex.c **** HAL_StatusTypeDef HAL_FLASHEx_Erase_IT(FLASH_EraseInitTypeDef *pEraseInit)
 239:Drivers/STM32F3xx_HAL_Driver/Src/stm32f3xx_hal_flash_ex.c **** {
 240:Drivers/STM32F3xx_HAL_Driver/Src/stm32f3xx_hal_flash_ex.c ****   HAL_StatusTypeDef status = HAL_OK;
 241:Drivers/STM32F3xx_HAL_Driver/Src/stm32f3xx_hal_flash_ex.c **** 
 242:Drivers/STM32F3xx_HAL_Driver/Src/stm32f3xx_hal_flash_ex.c ****   /* Process Locked */
 243:Drivers/STM32F3xx_HAL_Driver/Src/stm32f3xx_hal_flash_ex.c ****   __HAL_LOCK(&pFlash);
 244:Drivers/STM32F3xx_HAL_Driver/Src/stm32f3xx_hal_flash_ex.c **** 
ARM GAS   			page 7


 245:Drivers/STM32F3xx_HAL_Driver/Src/stm32f3xx_hal_flash_ex.c ****   /* If procedure already ongoing, reject the next one */
 246:Drivers/STM32F3xx_HAL_Driver/Src/stm32f3xx_hal_flash_ex.c ****   if (pFlash.ProcedureOnGoing != FLASH_PROC_NONE)
 247:Drivers/STM32F3xx_HAL_Driver/Src/stm32f3xx_hal_flash_ex.c ****   {
 248:Drivers/STM32F3xx_HAL_Driver/Src/stm32f3xx_hal_flash_ex.c ****     return HAL_ERROR;
 249:Drivers/STM32F3xx_HAL_Driver/Src/stm32f3xx_hal_flash_ex.c ****   }
 250:Drivers/STM32F3xx_HAL_Driver/Src/stm32f3xx_hal_flash_ex.c ****   
 251:Drivers/STM32F3xx_HAL_Driver/Src/stm32f3xx_hal_flash_ex.c ****   /* Check the parameters */
 252:Drivers/STM32F3xx_HAL_Driver/Src/stm32f3xx_hal_flash_ex.c ****   assert_param(IS_FLASH_TYPEERASE(pEraseInit->TypeErase));
 253:Drivers/STM32F3xx_HAL_Driver/Src/stm32f3xx_hal_flash_ex.c **** 
 254:Drivers/STM32F3xx_HAL_Driver/Src/stm32f3xx_hal_flash_ex.c ****   /* Enable End of FLASH Operation and Error source interrupts */
 255:Drivers/STM32F3xx_HAL_Driver/Src/stm32f3xx_hal_flash_ex.c ****   __HAL_FLASH_ENABLE_IT(FLASH_IT_EOP | FLASH_IT_ERR);
 256:Drivers/STM32F3xx_HAL_Driver/Src/stm32f3xx_hal_flash_ex.c **** 
 257:Drivers/STM32F3xx_HAL_Driver/Src/stm32f3xx_hal_flash_ex.c ****   if (pEraseInit->TypeErase == FLASH_TYPEERASE_MASSERASE)
 258:Drivers/STM32F3xx_HAL_Driver/Src/stm32f3xx_hal_flash_ex.c ****   {
 259:Drivers/STM32F3xx_HAL_Driver/Src/stm32f3xx_hal_flash_ex.c ****     /*Mass erase to be done*/
 260:Drivers/STM32F3xx_HAL_Driver/Src/stm32f3xx_hal_flash_ex.c ****     pFlash.ProcedureOnGoing = FLASH_PROC_MASSERASE;
 261:Drivers/STM32F3xx_HAL_Driver/Src/stm32f3xx_hal_flash_ex.c ****         FLASH_MassErase();
 262:Drivers/STM32F3xx_HAL_Driver/Src/stm32f3xx_hal_flash_ex.c ****   }
 263:Drivers/STM32F3xx_HAL_Driver/Src/stm32f3xx_hal_flash_ex.c ****   else
 264:Drivers/STM32F3xx_HAL_Driver/Src/stm32f3xx_hal_flash_ex.c ****   {
 265:Drivers/STM32F3xx_HAL_Driver/Src/stm32f3xx_hal_flash_ex.c ****     /* Erase by page to be done*/
 266:Drivers/STM32F3xx_HAL_Driver/Src/stm32f3xx_hal_flash_ex.c **** 
 267:Drivers/STM32F3xx_HAL_Driver/Src/stm32f3xx_hal_flash_ex.c ****     /* Check the parameters */
 268:Drivers/STM32F3xx_HAL_Driver/Src/stm32f3xx_hal_flash_ex.c ****     assert_param(IS_FLASH_PROGRAM_ADDRESS(pEraseInit->PageAddress));
 269:Drivers/STM32F3xx_HAL_Driver/Src/stm32f3xx_hal_flash_ex.c ****     assert_param(IS_FLASH_NB_PAGES(pEraseInit->PageAddress, pEraseInit->NbPages));
 270:Drivers/STM32F3xx_HAL_Driver/Src/stm32f3xx_hal_flash_ex.c **** 
 271:Drivers/STM32F3xx_HAL_Driver/Src/stm32f3xx_hal_flash_ex.c ****     pFlash.ProcedureOnGoing = FLASH_PROC_PAGEERASE;
 272:Drivers/STM32F3xx_HAL_Driver/Src/stm32f3xx_hal_flash_ex.c ****     pFlash.DataRemaining = pEraseInit->NbPages;
 273:Drivers/STM32F3xx_HAL_Driver/Src/stm32f3xx_hal_flash_ex.c ****     pFlash.Address = pEraseInit->PageAddress;
 274:Drivers/STM32F3xx_HAL_Driver/Src/stm32f3xx_hal_flash_ex.c **** 
 275:Drivers/STM32F3xx_HAL_Driver/Src/stm32f3xx_hal_flash_ex.c ****     /*Erase 1st page and wait for IT*/
 276:Drivers/STM32F3xx_HAL_Driver/Src/stm32f3xx_hal_flash_ex.c ****     FLASH_PageErase(pEraseInit->PageAddress);
 277:Drivers/STM32F3xx_HAL_Driver/Src/stm32f3xx_hal_flash_ex.c ****   }
 278:Drivers/STM32F3xx_HAL_Driver/Src/stm32f3xx_hal_flash_ex.c **** 
 279:Drivers/STM32F3xx_HAL_Driver/Src/stm32f3xx_hal_flash_ex.c ****   return status;
 280:Drivers/STM32F3xx_HAL_Driver/Src/stm32f3xx_hal_flash_ex.c **** }
 281:Drivers/STM32F3xx_HAL_Driver/Src/stm32f3xx_hal_flash_ex.c **** 
 282:Drivers/STM32F3xx_HAL_Driver/Src/stm32f3xx_hal_flash_ex.c **** /**
 283:Drivers/STM32F3xx_HAL_Driver/Src/stm32f3xx_hal_flash_ex.c ****   * @}
 284:Drivers/STM32F3xx_HAL_Driver/Src/stm32f3xx_hal_flash_ex.c ****   */
 285:Drivers/STM32F3xx_HAL_Driver/Src/stm32f3xx_hal_flash_ex.c **** 
 286:Drivers/STM32F3xx_HAL_Driver/Src/stm32f3xx_hal_flash_ex.c **** /** @defgroup FLASHEx_Exported_Functions_Group2 Option Bytes Programming functions
 287:Drivers/STM32F3xx_HAL_Driver/Src/stm32f3xx_hal_flash_ex.c ****  *  @brief   Option Bytes Programming functions
 288:Drivers/STM32F3xx_HAL_Driver/Src/stm32f3xx_hal_flash_ex.c ****   *
 289:Drivers/STM32F3xx_HAL_Driver/Src/stm32f3xx_hal_flash_ex.c **** @verbatim   
 290:Drivers/STM32F3xx_HAL_Driver/Src/stm32f3xx_hal_flash_ex.c ****   ==============================================================================
 291:Drivers/STM32F3xx_HAL_Driver/Src/stm32f3xx_hal_flash_ex.c ****                 ##### Option Bytes Programming functions ##### 
 292:Drivers/STM32F3xx_HAL_Driver/Src/stm32f3xx_hal_flash_ex.c ****   ==============================================================================  
 293:Drivers/STM32F3xx_HAL_Driver/Src/stm32f3xx_hal_flash_ex.c ****     [..]
 294:Drivers/STM32F3xx_HAL_Driver/Src/stm32f3xx_hal_flash_ex.c ****     This subsection provides a set of functions allowing to control the FLASH 
 295:Drivers/STM32F3xx_HAL_Driver/Src/stm32f3xx_hal_flash_ex.c ****     option bytes operations.
 296:Drivers/STM32F3xx_HAL_Driver/Src/stm32f3xx_hal_flash_ex.c **** 
 297:Drivers/STM32F3xx_HAL_Driver/Src/stm32f3xx_hal_flash_ex.c **** @endverbatim
 298:Drivers/STM32F3xx_HAL_Driver/Src/stm32f3xx_hal_flash_ex.c ****   * @{
 299:Drivers/STM32F3xx_HAL_Driver/Src/stm32f3xx_hal_flash_ex.c ****   */
 300:Drivers/STM32F3xx_HAL_Driver/Src/stm32f3xx_hal_flash_ex.c **** 
 301:Drivers/STM32F3xx_HAL_Driver/Src/stm32f3xx_hal_flash_ex.c **** /**
ARM GAS   			page 8


 302:Drivers/STM32F3xx_HAL_Driver/Src/stm32f3xx_hal_flash_ex.c ****   * @brief  Erases the FLASH option bytes.
 303:Drivers/STM32F3xx_HAL_Driver/Src/stm32f3xx_hal_flash_ex.c ****   * @note   This functions erases all option bytes except the Read protection (RDP).
 304:Drivers/STM32F3xx_HAL_Driver/Src/stm32f3xx_hal_flash_ex.c ****   *         The function @ref HAL_FLASH_Unlock() should be called before to unlock the FLASH interf
 305:Drivers/STM32F3xx_HAL_Driver/Src/stm32f3xx_hal_flash_ex.c ****   *         The function @ref HAL_FLASH_OB_Unlock() should be called before to unlock the options b
 306:Drivers/STM32F3xx_HAL_Driver/Src/stm32f3xx_hal_flash_ex.c ****   *         The function @ref HAL_FLASH_OB_Launch() should be called after to force the reload of t
 307:Drivers/STM32F3xx_HAL_Driver/Src/stm32f3xx_hal_flash_ex.c ****   *         (system reset will occur)
 308:Drivers/STM32F3xx_HAL_Driver/Src/stm32f3xx_hal_flash_ex.c ****   * @retval HAL status
 309:Drivers/STM32F3xx_HAL_Driver/Src/stm32f3xx_hal_flash_ex.c ****   */
 310:Drivers/STM32F3xx_HAL_Driver/Src/stm32f3xx_hal_flash_ex.c **** 
 311:Drivers/STM32F3xx_HAL_Driver/Src/stm32f3xx_hal_flash_ex.c **** HAL_StatusTypeDef HAL_FLASHEx_OBErase(void)
 312:Drivers/STM32F3xx_HAL_Driver/Src/stm32f3xx_hal_flash_ex.c **** {
 313:Drivers/STM32F3xx_HAL_Driver/Src/stm32f3xx_hal_flash_ex.c ****   uint8_t rdptmp = OB_RDP_LEVEL_0;
 314:Drivers/STM32F3xx_HAL_Driver/Src/stm32f3xx_hal_flash_ex.c ****   HAL_StatusTypeDef status = HAL_ERROR;
 315:Drivers/STM32F3xx_HAL_Driver/Src/stm32f3xx_hal_flash_ex.c **** 
 316:Drivers/STM32F3xx_HAL_Driver/Src/stm32f3xx_hal_flash_ex.c ****   /* Get the actual read protection Option Byte value */
 317:Drivers/STM32F3xx_HAL_Driver/Src/stm32f3xx_hal_flash_ex.c ****   rdptmp = FLASH_OB_GetRDP();
 318:Drivers/STM32F3xx_HAL_Driver/Src/stm32f3xx_hal_flash_ex.c **** 
 319:Drivers/STM32F3xx_HAL_Driver/Src/stm32f3xx_hal_flash_ex.c ****   /* Wait for last operation to be completed */
 320:Drivers/STM32F3xx_HAL_Driver/Src/stm32f3xx_hal_flash_ex.c ****   status = FLASH_WaitForLastOperation((uint32_t)FLASH_TIMEOUT_VALUE);
 321:Drivers/STM32F3xx_HAL_Driver/Src/stm32f3xx_hal_flash_ex.c **** 
 322:Drivers/STM32F3xx_HAL_Driver/Src/stm32f3xx_hal_flash_ex.c ****   if(status == HAL_OK)
 323:Drivers/STM32F3xx_HAL_Driver/Src/stm32f3xx_hal_flash_ex.c ****   {
 324:Drivers/STM32F3xx_HAL_Driver/Src/stm32f3xx_hal_flash_ex.c ****     /* Clean the error context */
 325:Drivers/STM32F3xx_HAL_Driver/Src/stm32f3xx_hal_flash_ex.c ****     pFlash.ErrorCode = HAL_FLASH_ERROR_NONE;
 326:Drivers/STM32F3xx_HAL_Driver/Src/stm32f3xx_hal_flash_ex.c **** 
 327:Drivers/STM32F3xx_HAL_Driver/Src/stm32f3xx_hal_flash_ex.c ****     /* If the previous operation is completed, proceed to erase the option bytes */
 328:Drivers/STM32F3xx_HAL_Driver/Src/stm32f3xx_hal_flash_ex.c ****     SET_BIT(FLASH->CR, FLASH_CR_OPTER);
 329:Drivers/STM32F3xx_HAL_Driver/Src/stm32f3xx_hal_flash_ex.c ****     SET_BIT(FLASH->CR, FLASH_CR_STRT);
 330:Drivers/STM32F3xx_HAL_Driver/Src/stm32f3xx_hal_flash_ex.c **** 
 331:Drivers/STM32F3xx_HAL_Driver/Src/stm32f3xx_hal_flash_ex.c ****     /* Wait for last operation to be completed */
 332:Drivers/STM32F3xx_HAL_Driver/Src/stm32f3xx_hal_flash_ex.c ****     status = FLASH_WaitForLastOperation((uint32_t)FLASH_TIMEOUT_VALUE);
 333:Drivers/STM32F3xx_HAL_Driver/Src/stm32f3xx_hal_flash_ex.c **** 
 334:Drivers/STM32F3xx_HAL_Driver/Src/stm32f3xx_hal_flash_ex.c ****     /* If the erase operation is completed, disable the OPTER Bit */
 335:Drivers/STM32F3xx_HAL_Driver/Src/stm32f3xx_hal_flash_ex.c ****     CLEAR_BIT(FLASH->CR, FLASH_CR_OPTER);
 336:Drivers/STM32F3xx_HAL_Driver/Src/stm32f3xx_hal_flash_ex.c **** 
 337:Drivers/STM32F3xx_HAL_Driver/Src/stm32f3xx_hal_flash_ex.c ****     if(status == HAL_OK)
 338:Drivers/STM32F3xx_HAL_Driver/Src/stm32f3xx_hal_flash_ex.c ****     {
 339:Drivers/STM32F3xx_HAL_Driver/Src/stm32f3xx_hal_flash_ex.c ****       /* Restore the last read protection Option Byte value */
 340:Drivers/STM32F3xx_HAL_Driver/Src/stm32f3xx_hal_flash_ex.c ****       status = FLASH_OB_RDP_LevelConfig(rdptmp);
 341:Drivers/STM32F3xx_HAL_Driver/Src/stm32f3xx_hal_flash_ex.c ****     }
 342:Drivers/STM32F3xx_HAL_Driver/Src/stm32f3xx_hal_flash_ex.c ****   }
 343:Drivers/STM32F3xx_HAL_Driver/Src/stm32f3xx_hal_flash_ex.c **** 
 344:Drivers/STM32F3xx_HAL_Driver/Src/stm32f3xx_hal_flash_ex.c ****   /* Return the erase status */
 345:Drivers/STM32F3xx_HAL_Driver/Src/stm32f3xx_hal_flash_ex.c ****   return status;
 346:Drivers/STM32F3xx_HAL_Driver/Src/stm32f3xx_hal_flash_ex.c **** }
 347:Drivers/STM32F3xx_HAL_Driver/Src/stm32f3xx_hal_flash_ex.c **** 
 348:Drivers/STM32F3xx_HAL_Driver/Src/stm32f3xx_hal_flash_ex.c **** /**
 349:Drivers/STM32F3xx_HAL_Driver/Src/stm32f3xx_hal_flash_ex.c ****   * @brief  Program option bytes
 350:Drivers/STM32F3xx_HAL_Driver/Src/stm32f3xx_hal_flash_ex.c ****   * @note   The function @ref HAL_FLASH_Unlock() should be called before to unlock the FLASH interf
 351:Drivers/STM32F3xx_HAL_Driver/Src/stm32f3xx_hal_flash_ex.c ****   *         The function @ref HAL_FLASH_OB_Unlock() should be called before to unlock the options b
 352:Drivers/STM32F3xx_HAL_Driver/Src/stm32f3xx_hal_flash_ex.c ****   *         The function @ref HAL_FLASH_OB_Launch() should be called after to force the reload of t
 353:Drivers/STM32F3xx_HAL_Driver/Src/stm32f3xx_hal_flash_ex.c ****   *         (system reset will occur)
 354:Drivers/STM32F3xx_HAL_Driver/Src/stm32f3xx_hal_flash_ex.c ****   *
 355:Drivers/STM32F3xx_HAL_Driver/Src/stm32f3xx_hal_flash_ex.c ****   * @param  pOBInit pointer to an FLASH_OBInitStruct structure that
 356:Drivers/STM32F3xx_HAL_Driver/Src/stm32f3xx_hal_flash_ex.c ****   *         contains the configuration information for the programming.
 357:Drivers/STM32F3xx_HAL_Driver/Src/stm32f3xx_hal_flash_ex.c ****   *
 358:Drivers/STM32F3xx_HAL_Driver/Src/stm32f3xx_hal_flash_ex.c ****   * @retval HAL_StatusTypeDef HAL Status
ARM GAS   			page 9


 359:Drivers/STM32F3xx_HAL_Driver/Src/stm32f3xx_hal_flash_ex.c ****   */
 360:Drivers/STM32F3xx_HAL_Driver/Src/stm32f3xx_hal_flash_ex.c **** HAL_StatusTypeDef HAL_FLASHEx_OBProgram(FLASH_OBProgramInitTypeDef *pOBInit)
 361:Drivers/STM32F3xx_HAL_Driver/Src/stm32f3xx_hal_flash_ex.c **** {
 362:Drivers/STM32F3xx_HAL_Driver/Src/stm32f3xx_hal_flash_ex.c ****   HAL_StatusTypeDef status = HAL_ERROR;
 363:Drivers/STM32F3xx_HAL_Driver/Src/stm32f3xx_hal_flash_ex.c **** 
 364:Drivers/STM32F3xx_HAL_Driver/Src/stm32f3xx_hal_flash_ex.c ****   /* Process Locked */
 365:Drivers/STM32F3xx_HAL_Driver/Src/stm32f3xx_hal_flash_ex.c ****   __HAL_LOCK(&pFlash);
 366:Drivers/STM32F3xx_HAL_Driver/Src/stm32f3xx_hal_flash_ex.c **** 
 367:Drivers/STM32F3xx_HAL_Driver/Src/stm32f3xx_hal_flash_ex.c ****   /* Check the parameters */
 368:Drivers/STM32F3xx_HAL_Driver/Src/stm32f3xx_hal_flash_ex.c ****   assert_param(IS_OPTIONBYTE(pOBInit->OptionType));
 369:Drivers/STM32F3xx_HAL_Driver/Src/stm32f3xx_hal_flash_ex.c **** 
 370:Drivers/STM32F3xx_HAL_Driver/Src/stm32f3xx_hal_flash_ex.c ****   /* Write protection configuration */
 371:Drivers/STM32F3xx_HAL_Driver/Src/stm32f3xx_hal_flash_ex.c ****   if((pOBInit->OptionType & OPTIONBYTE_WRP) == OPTIONBYTE_WRP)
 372:Drivers/STM32F3xx_HAL_Driver/Src/stm32f3xx_hal_flash_ex.c ****   {
 373:Drivers/STM32F3xx_HAL_Driver/Src/stm32f3xx_hal_flash_ex.c ****     assert_param(IS_WRPSTATE(pOBInit->WRPState));
 374:Drivers/STM32F3xx_HAL_Driver/Src/stm32f3xx_hal_flash_ex.c ****     if (pOBInit->WRPState == OB_WRPSTATE_ENABLE)
 375:Drivers/STM32F3xx_HAL_Driver/Src/stm32f3xx_hal_flash_ex.c ****     {
 376:Drivers/STM32F3xx_HAL_Driver/Src/stm32f3xx_hal_flash_ex.c ****       /* Enable of Write protection on the selected page */
 377:Drivers/STM32F3xx_HAL_Driver/Src/stm32f3xx_hal_flash_ex.c ****       status = FLASH_OB_EnableWRP(pOBInit->WRPPage);
 378:Drivers/STM32F3xx_HAL_Driver/Src/stm32f3xx_hal_flash_ex.c ****     }
 379:Drivers/STM32F3xx_HAL_Driver/Src/stm32f3xx_hal_flash_ex.c ****     else
 380:Drivers/STM32F3xx_HAL_Driver/Src/stm32f3xx_hal_flash_ex.c ****     {
 381:Drivers/STM32F3xx_HAL_Driver/Src/stm32f3xx_hal_flash_ex.c ****       /* Disable of Write protection on the selected page */
 382:Drivers/STM32F3xx_HAL_Driver/Src/stm32f3xx_hal_flash_ex.c ****       status = FLASH_OB_DisableWRP(pOBInit->WRPPage);
 383:Drivers/STM32F3xx_HAL_Driver/Src/stm32f3xx_hal_flash_ex.c ****     }
 384:Drivers/STM32F3xx_HAL_Driver/Src/stm32f3xx_hal_flash_ex.c ****     if (status != HAL_OK)
 385:Drivers/STM32F3xx_HAL_Driver/Src/stm32f3xx_hal_flash_ex.c ****     {
 386:Drivers/STM32F3xx_HAL_Driver/Src/stm32f3xx_hal_flash_ex.c ****       /* Process Unlocked */
 387:Drivers/STM32F3xx_HAL_Driver/Src/stm32f3xx_hal_flash_ex.c ****       __HAL_UNLOCK(&pFlash);
 388:Drivers/STM32F3xx_HAL_Driver/Src/stm32f3xx_hal_flash_ex.c ****       return status;
 389:Drivers/STM32F3xx_HAL_Driver/Src/stm32f3xx_hal_flash_ex.c ****     }
 390:Drivers/STM32F3xx_HAL_Driver/Src/stm32f3xx_hal_flash_ex.c ****   }
 391:Drivers/STM32F3xx_HAL_Driver/Src/stm32f3xx_hal_flash_ex.c **** 
 392:Drivers/STM32F3xx_HAL_Driver/Src/stm32f3xx_hal_flash_ex.c ****   /* Read protection configuration */
 393:Drivers/STM32F3xx_HAL_Driver/Src/stm32f3xx_hal_flash_ex.c ****   if((pOBInit->OptionType & OPTIONBYTE_RDP) == OPTIONBYTE_RDP)
 394:Drivers/STM32F3xx_HAL_Driver/Src/stm32f3xx_hal_flash_ex.c ****   {
 395:Drivers/STM32F3xx_HAL_Driver/Src/stm32f3xx_hal_flash_ex.c ****     status = FLASH_OB_RDP_LevelConfig(pOBInit->RDPLevel);
 396:Drivers/STM32F3xx_HAL_Driver/Src/stm32f3xx_hal_flash_ex.c ****     if (status != HAL_OK)
 397:Drivers/STM32F3xx_HAL_Driver/Src/stm32f3xx_hal_flash_ex.c ****     {
 398:Drivers/STM32F3xx_HAL_Driver/Src/stm32f3xx_hal_flash_ex.c ****       /* Process Unlocked */
 399:Drivers/STM32F3xx_HAL_Driver/Src/stm32f3xx_hal_flash_ex.c ****       __HAL_UNLOCK(&pFlash);
 400:Drivers/STM32F3xx_HAL_Driver/Src/stm32f3xx_hal_flash_ex.c ****       return status;
 401:Drivers/STM32F3xx_HAL_Driver/Src/stm32f3xx_hal_flash_ex.c ****     }
 402:Drivers/STM32F3xx_HAL_Driver/Src/stm32f3xx_hal_flash_ex.c ****   }
 403:Drivers/STM32F3xx_HAL_Driver/Src/stm32f3xx_hal_flash_ex.c **** 
 404:Drivers/STM32F3xx_HAL_Driver/Src/stm32f3xx_hal_flash_ex.c ****   /* USER configuration */
 405:Drivers/STM32F3xx_HAL_Driver/Src/stm32f3xx_hal_flash_ex.c ****   if((pOBInit->OptionType & OPTIONBYTE_USER) == OPTIONBYTE_USER)
 406:Drivers/STM32F3xx_HAL_Driver/Src/stm32f3xx_hal_flash_ex.c ****   {
 407:Drivers/STM32F3xx_HAL_Driver/Src/stm32f3xx_hal_flash_ex.c ****     status = FLASH_OB_UserConfig(pOBInit->USERConfig);
 408:Drivers/STM32F3xx_HAL_Driver/Src/stm32f3xx_hal_flash_ex.c ****     if (status != HAL_OK)
 409:Drivers/STM32F3xx_HAL_Driver/Src/stm32f3xx_hal_flash_ex.c ****     {
 410:Drivers/STM32F3xx_HAL_Driver/Src/stm32f3xx_hal_flash_ex.c ****       /* Process Unlocked */
 411:Drivers/STM32F3xx_HAL_Driver/Src/stm32f3xx_hal_flash_ex.c ****       __HAL_UNLOCK(&pFlash);
 412:Drivers/STM32F3xx_HAL_Driver/Src/stm32f3xx_hal_flash_ex.c ****       return status;
 413:Drivers/STM32F3xx_HAL_Driver/Src/stm32f3xx_hal_flash_ex.c ****     }
 414:Drivers/STM32F3xx_HAL_Driver/Src/stm32f3xx_hal_flash_ex.c ****   }
 415:Drivers/STM32F3xx_HAL_Driver/Src/stm32f3xx_hal_flash_ex.c **** 
ARM GAS   			page 10


 416:Drivers/STM32F3xx_HAL_Driver/Src/stm32f3xx_hal_flash_ex.c ****   /* DATA configuration*/
 417:Drivers/STM32F3xx_HAL_Driver/Src/stm32f3xx_hal_flash_ex.c ****   if((pOBInit->OptionType & OPTIONBYTE_DATA) == OPTIONBYTE_DATA)
 418:Drivers/STM32F3xx_HAL_Driver/Src/stm32f3xx_hal_flash_ex.c ****   {
 419:Drivers/STM32F3xx_HAL_Driver/Src/stm32f3xx_hal_flash_ex.c ****     status = FLASH_OB_ProgramData(pOBInit->DATAAddress, pOBInit->DATAData);
 420:Drivers/STM32F3xx_HAL_Driver/Src/stm32f3xx_hal_flash_ex.c ****     if (status != HAL_OK)
 421:Drivers/STM32F3xx_HAL_Driver/Src/stm32f3xx_hal_flash_ex.c ****     {
 422:Drivers/STM32F3xx_HAL_Driver/Src/stm32f3xx_hal_flash_ex.c ****       /* Process Unlocked */
 423:Drivers/STM32F3xx_HAL_Driver/Src/stm32f3xx_hal_flash_ex.c ****       __HAL_UNLOCK(&pFlash);
 424:Drivers/STM32F3xx_HAL_Driver/Src/stm32f3xx_hal_flash_ex.c ****       return status;
 425:Drivers/STM32F3xx_HAL_Driver/Src/stm32f3xx_hal_flash_ex.c ****     }
 426:Drivers/STM32F3xx_HAL_Driver/Src/stm32f3xx_hal_flash_ex.c ****   }
 427:Drivers/STM32F3xx_HAL_Driver/Src/stm32f3xx_hal_flash_ex.c **** 
 428:Drivers/STM32F3xx_HAL_Driver/Src/stm32f3xx_hal_flash_ex.c ****   /* Process Unlocked */
 429:Drivers/STM32F3xx_HAL_Driver/Src/stm32f3xx_hal_flash_ex.c ****   __HAL_UNLOCK(&pFlash);
 430:Drivers/STM32F3xx_HAL_Driver/Src/stm32f3xx_hal_flash_ex.c **** 
 431:Drivers/STM32F3xx_HAL_Driver/Src/stm32f3xx_hal_flash_ex.c ****   return status;
 432:Drivers/STM32F3xx_HAL_Driver/Src/stm32f3xx_hal_flash_ex.c **** }
 433:Drivers/STM32F3xx_HAL_Driver/Src/stm32f3xx_hal_flash_ex.c **** 
 434:Drivers/STM32F3xx_HAL_Driver/Src/stm32f3xx_hal_flash_ex.c **** /**
 435:Drivers/STM32F3xx_HAL_Driver/Src/stm32f3xx_hal_flash_ex.c ****   * @brief  Get the Option byte configuration
 436:Drivers/STM32F3xx_HAL_Driver/Src/stm32f3xx_hal_flash_ex.c ****   * @param  pOBInit pointer to an FLASH_OBInitStruct structure that
 437:Drivers/STM32F3xx_HAL_Driver/Src/stm32f3xx_hal_flash_ex.c ****   *         contains the configuration information for the programming.
 438:Drivers/STM32F3xx_HAL_Driver/Src/stm32f3xx_hal_flash_ex.c ****   *
 439:Drivers/STM32F3xx_HAL_Driver/Src/stm32f3xx_hal_flash_ex.c ****   * @retval None
 440:Drivers/STM32F3xx_HAL_Driver/Src/stm32f3xx_hal_flash_ex.c ****   */
 441:Drivers/STM32F3xx_HAL_Driver/Src/stm32f3xx_hal_flash_ex.c **** void HAL_FLASHEx_OBGetConfig(FLASH_OBProgramInitTypeDef *pOBInit)
 442:Drivers/STM32F3xx_HAL_Driver/Src/stm32f3xx_hal_flash_ex.c **** {
 443:Drivers/STM32F3xx_HAL_Driver/Src/stm32f3xx_hal_flash_ex.c ****   pOBInit->OptionType = OPTIONBYTE_WRP | OPTIONBYTE_RDP | OPTIONBYTE_USER;
 444:Drivers/STM32F3xx_HAL_Driver/Src/stm32f3xx_hal_flash_ex.c **** 
 445:Drivers/STM32F3xx_HAL_Driver/Src/stm32f3xx_hal_flash_ex.c ****   /*Get WRP*/
 446:Drivers/STM32F3xx_HAL_Driver/Src/stm32f3xx_hal_flash_ex.c ****   pOBInit->WRPPage = FLASH_OB_GetWRP();
 447:Drivers/STM32F3xx_HAL_Driver/Src/stm32f3xx_hal_flash_ex.c **** 
 448:Drivers/STM32F3xx_HAL_Driver/Src/stm32f3xx_hal_flash_ex.c ****   /*Get RDP Level*/
 449:Drivers/STM32F3xx_HAL_Driver/Src/stm32f3xx_hal_flash_ex.c ****   pOBInit->RDPLevel = FLASH_OB_GetRDP();
 450:Drivers/STM32F3xx_HAL_Driver/Src/stm32f3xx_hal_flash_ex.c **** 
 451:Drivers/STM32F3xx_HAL_Driver/Src/stm32f3xx_hal_flash_ex.c ****   /*Get USER*/
 452:Drivers/STM32F3xx_HAL_Driver/Src/stm32f3xx_hal_flash_ex.c ****   pOBInit->USERConfig = FLASH_OB_GetUser();
 453:Drivers/STM32F3xx_HAL_Driver/Src/stm32f3xx_hal_flash_ex.c **** }
 454:Drivers/STM32F3xx_HAL_Driver/Src/stm32f3xx_hal_flash_ex.c **** 
 455:Drivers/STM32F3xx_HAL_Driver/Src/stm32f3xx_hal_flash_ex.c **** /**
 456:Drivers/STM32F3xx_HAL_Driver/Src/stm32f3xx_hal_flash_ex.c ****   * @brief  Get the Option byte user data
 457:Drivers/STM32F3xx_HAL_Driver/Src/stm32f3xx_hal_flash_ex.c ****   * @param  DATAAdress Address of the option byte DATA
 458:Drivers/STM32F3xx_HAL_Driver/Src/stm32f3xx_hal_flash_ex.c ****   *          This parameter can be one of the following values:
 459:Drivers/STM32F3xx_HAL_Driver/Src/stm32f3xx_hal_flash_ex.c ****   *            @arg @ref OB_DATA_ADDRESS_DATA0
 460:Drivers/STM32F3xx_HAL_Driver/Src/stm32f3xx_hal_flash_ex.c ****   *            @arg @ref OB_DATA_ADDRESS_DATA1
 461:Drivers/STM32F3xx_HAL_Driver/Src/stm32f3xx_hal_flash_ex.c ****   * @retval Value programmed in USER data
 462:Drivers/STM32F3xx_HAL_Driver/Src/stm32f3xx_hal_flash_ex.c ****   */
 463:Drivers/STM32F3xx_HAL_Driver/Src/stm32f3xx_hal_flash_ex.c **** uint32_t HAL_FLASHEx_OBGetUserData(uint32_t DATAAdress)
 464:Drivers/STM32F3xx_HAL_Driver/Src/stm32f3xx_hal_flash_ex.c **** {
 465:Drivers/STM32F3xx_HAL_Driver/Src/stm32f3xx_hal_flash_ex.c ****   uint32_t value = 0U;
 466:Drivers/STM32F3xx_HAL_Driver/Src/stm32f3xx_hal_flash_ex.c ****   
 467:Drivers/STM32F3xx_HAL_Driver/Src/stm32f3xx_hal_flash_ex.c ****   if (DATAAdress == OB_DATA_ADDRESS_DATA0)
 468:Drivers/STM32F3xx_HAL_Driver/Src/stm32f3xx_hal_flash_ex.c ****   {
 469:Drivers/STM32F3xx_HAL_Driver/Src/stm32f3xx_hal_flash_ex.c ****     /* Get value programmed in OB USER Data0 */
 470:Drivers/STM32F3xx_HAL_Driver/Src/stm32f3xx_hal_flash_ex.c ****     value = READ_BIT(FLASH->OBR, FLASH_OBR_DATA0) >> FLASH_POSITION_OB_USERDATA0_BIT;
 471:Drivers/STM32F3xx_HAL_Driver/Src/stm32f3xx_hal_flash_ex.c ****   }
 472:Drivers/STM32F3xx_HAL_Driver/Src/stm32f3xx_hal_flash_ex.c ****   else
ARM GAS   			page 11


 473:Drivers/STM32F3xx_HAL_Driver/Src/stm32f3xx_hal_flash_ex.c ****   {
 474:Drivers/STM32F3xx_HAL_Driver/Src/stm32f3xx_hal_flash_ex.c ****     /* Get value programmed in OB USER Data1 */
 475:Drivers/STM32F3xx_HAL_Driver/Src/stm32f3xx_hal_flash_ex.c ****     value = READ_BIT(FLASH->OBR, FLASH_OBR_DATA1) >> FLASH_POSITION_OB_USERDATA1_BIT;
 476:Drivers/STM32F3xx_HAL_Driver/Src/stm32f3xx_hal_flash_ex.c ****   }
 477:Drivers/STM32F3xx_HAL_Driver/Src/stm32f3xx_hal_flash_ex.c ****   
 478:Drivers/STM32F3xx_HAL_Driver/Src/stm32f3xx_hal_flash_ex.c ****   return value;
 479:Drivers/STM32F3xx_HAL_Driver/Src/stm32f3xx_hal_flash_ex.c **** }
 480:Drivers/STM32F3xx_HAL_Driver/Src/stm32f3xx_hal_flash_ex.c **** 
 481:Drivers/STM32F3xx_HAL_Driver/Src/stm32f3xx_hal_flash_ex.c **** /**
 482:Drivers/STM32F3xx_HAL_Driver/Src/stm32f3xx_hal_flash_ex.c ****   * @}
 483:Drivers/STM32F3xx_HAL_Driver/Src/stm32f3xx_hal_flash_ex.c ****   */
 484:Drivers/STM32F3xx_HAL_Driver/Src/stm32f3xx_hal_flash_ex.c **** 
 485:Drivers/STM32F3xx_HAL_Driver/Src/stm32f3xx_hal_flash_ex.c **** /**
 486:Drivers/STM32F3xx_HAL_Driver/Src/stm32f3xx_hal_flash_ex.c ****   * @}
 487:Drivers/STM32F3xx_HAL_Driver/Src/stm32f3xx_hal_flash_ex.c ****   */
 488:Drivers/STM32F3xx_HAL_Driver/Src/stm32f3xx_hal_flash_ex.c **** 
 489:Drivers/STM32F3xx_HAL_Driver/Src/stm32f3xx_hal_flash_ex.c **** /** @addtogroup FLASHEx_Private_Functions
 490:Drivers/STM32F3xx_HAL_Driver/Src/stm32f3xx_hal_flash_ex.c ****  * @{
 491:Drivers/STM32F3xx_HAL_Driver/Src/stm32f3xx_hal_flash_ex.c ****  */
 492:Drivers/STM32F3xx_HAL_Driver/Src/stm32f3xx_hal_flash_ex.c **** 
 493:Drivers/STM32F3xx_HAL_Driver/Src/stm32f3xx_hal_flash_ex.c **** /**
 494:Drivers/STM32F3xx_HAL_Driver/Src/stm32f3xx_hal_flash_ex.c ****   * @brief  Full erase of FLASH memory Bank 
 495:Drivers/STM32F3xx_HAL_Driver/Src/stm32f3xx_hal_flash_ex.c ****   *
 496:Drivers/STM32F3xx_HAL_Driver/Src/stm32f3xx_hal_flash_ex.c ****   * @retval None
 497:Drivers/STM32F3xx_HAL_Driver/Src/stm32f3xx_hal_flash_ex.c ****   */
 498:Drivers/STM32F3xx_HAL_Driver/Src/stm32f3xx_hal_flash_ex.c **** static void FLASH_MassErase(void)
 499:Drivers/STM32F3xx_HAL_Driver/Src/stm32f3xx_hal_flash_ex.c **** {
 500:Drivers/STM32F3xx_HAL_Driver/Src/stm32f3xx_hal_flash_ex.c ****   /* Clean the error context */
 501:Drivers/STM32F3xx_HAL_Driver/Src/stm32f3xx_hal_flash_ex.c ****   pFlash.ErrorCode = HAL_FLASH_ERROR_NONE;
 502:Drivers/STM32F3xx_HAL_Driver/Src/stm32f3xx_hal_flash_ex.c **** 
 503:Drivers/STM32F3xx_HAL_Driver/Src/stm32f3xx_hal_flash_ex.c ****     /* Only bank1 will be erased*/
 504:Drivers/STM32F3xx_HAL_Driver/Src/stm32f3xx_hal_flash_ex.c ****     SET_BIT(FLASH->CR, FLASH_CR_MER);
 505:Drivers/STM32F3xx_HAL_Driver/Src/stm32f3xx_hal_flash_ex.c ****     SET_BIT(FLASH->CR, FLASH_CR_STRT);
 506:Drivers/STM32F3xx_HAL_Driver/Src/stm32f3xx_hal_flash_ex.c **** }
 507:Drivers/STM32F3xx_HAL_Driver/Src/stm32f3xx_hal_flash_ex.c **** 
 508:Drivers/STM32F3xx_HAL_Driver/Src/stm32f3xx_hal_flash_ex.c **** /**
 509:Drivers/STM32F3xx_HAL_Driver/Src/stm32f3xx_hal_flash_ex.c ****   * @brief  Enable the write protection of the desired pages
 510:Drivers/STM32F3xx_HAL_Driver/Src/stm32f3xx_hal_flash_ex.c ****   * @note   An option byte erase is done automatically in this function. 
 511:Drivers/STM32F3xx_HAL_Driver/Src/stm32f3xx_hal_flash_ex.c ****   * @note   When the memory read protection level is selected (RDP level = 1), 
 512:Drivers/STM32F3xx_HAL_Driver/Src/stm32f3xx_hal_flash_ex.c ****   *         it is not possible to program or erase the flash page i if
 513:Drivers/STM32F3xx_HAL_Driver/Src/stm32f3xx_hal_flash_ex.c ****   *         debug features are connected or boot code is executed in RAM, even if nWRPi = 1 
 514:Drivers/STM32F3xx_HAL_Driver/Src/stm32f3xx_hal_flash_ex.c ****   * 
 515:Drivers/STM32F3xx_HAL_Driver/Src/stm32f3xx_hal_flash_ex.c ****   * @param  WriteProtectPage specifies the page(s) to be write protected.
 516:Drivers/STM32F3xx_HAL_Driver/Src/stm32f3xx_hal_flash_ex.c ****   *         The value of this parameter depend on device used within the same series 
 517:Drivers/STM32F3xx_HAL_Driver/Src/stm32f3xx_hal_flash_ex.c ****   * @retval HAL status 
 518:Drivers/STM32F3xx_HAL_Driver/Src/stm32f3xx_hal_flash_ex.c ****   */
 519:Drivers/STM32F3xx_HAL_Driver/Src/stm32f3xx_hal_flash_ex.c **** static HAL_StatusTypeDef FLASH_OB_EnableWRP(uint32_t WriteProtectPage)
 520:Drivers/STM32F3xx_HAL_Driver/Src/stm32f3xx_hal_flash_ex.c **** {
 521:Drivers/STM32F3xx_HAL_Driver/Src/stm32f3xx_hal_flash_ex.c ****   HAL_StatusTypeDef status = HAL_OK;
 522:Drivers/STM32F3xx_HAL_Driver/Src/stm32f3xx_hal_flash_ex.c ****   uint16_t WRP0_Data = 0xFFFFU;
 523:Drivers/STM32F3xx_HAL_Driver/Src/stm32f3xx_hal_flash_ex.c **** #if defined(OB_WRP1_WRP1)
 524:Drivers/STM32F3xx_HAL_Driver/Src/stm32f3xx_hal_flash_ex.c ****   uint16_t WRP1_Data = 0xFFFFU;
 525:Drivers/STM32F3xx_HAL_Driver/Src/stm32f3xx_hal_flash_ex.c **** #endif /* OB_WRP1_WRP1 */
 526:Drivers/STM32F3xx_HAL_Driver/Src/stm32f3xx_hal_flash_ex.c **** #if defined(OB_WRP2_WRP2)
 527:Drivers/STM32F3xx_HAL_Driver/Src/stm32f3xx_hal_flash_ex.c ****   uint16_t WRP2_Data = 0xFFFFU;
 528:Drivers/STM32F3xx_HAL_Driver/Src/stm32f3xx_hal_flash_ex.c **** #endif /* OB_WRP2_WRP2 */
 529:Drivers/STM32F3xx_HAL_Driver/Src/stm32f3xx_hal_flash_ex.c **** #if defined(OB_WRP3_WRP3)
ARM GAS   			page 12


 530:Drivers/STM32F3xx_HAL_Driver/Src/stm32f3xx_hal_flash_ex.c ****   uint16_t WRP3_Data = 0xFFFFU;
 531:Drivers/STM32F3xx_HAL_Driver/Src/stm32f3xx_hal_flash_ex.c **** #endif /* OB_WRP3_WRP3 */
 532:Drivers/STM32F3xx_HAL_Driver/Src/stm32f3xx_hal_flash_ex.c ****   
 533:Drivers/STM32F3xx_HAL_Driver/Src/stm32f3xx_hal_flash_ex.c ****   /* Check the parameters */
 534:Drivers/STM32F3xx_HAL_Driver/Src/stm32f3xx_hal_flash_ex.c ****   assert_param(IS_OB_WRP(WriteProtectPage));
 535:Drivers/STM32F3xx_HAL_Driver/Src/stm32f3xx_hal_flash_ex.c ****     
 536:Drivers/STM32F3xx_HAL_Driver/Src/stm32f3xx_hal_flash_ex.c ****   /* Get current write protected pages and the new pages to be protected ******/
 537:Drivers/STM32F3xx_HAL_Driver/Src/stm32f3xx_hal_flash_ex.c ****   WriteProtectPage = (uint32_t)(~((~FLASH_OB_GetWRP()) | WriteProtectPage));
 538:Drivers/STM32F3xx_HAL_Driver/Src/stm32f3xx_hal_flash_ex.c ****   
 539:Drivers/STM32F3xx_HAL_Driver/Src/stm32f3xx_hal_flash_ex.c **** #if defined(OB_WRP_PAGES0TO15MASK)
 540:Drivers/STM32F3xx_HAL_Driver/Src/stm32f3xx_hal_flash_ex.c ****   WRP0_Data = (uint16_t)(WriteProtectPage & OB_WRP_PAGES0TO15MASK);
 541:Drivers/STM32F3xx_HAL_Driver/Src/stm32f3xx_hal_flash_ex.c **** #endif /* OB_WRP_PAGES0TO31MASK */
 542:Drivers/STM32F3xx_HAL_Driver/Src/stm32f3xx_hal_flash_ex.c ****   
 543:Drivers/STM32F3xx_HAL_Driver/Src/stm32f3xx_hal_flash_ex.c **** #if defined(OB_WRP_PAGES16TO31MASK)
 544:Drivers/STM32F3xx_HAL_Driver/Src/stm32f3xx_hal_flash_ex.c ****   WRP1_Data = (uint16_t)((WriteProtectPage & OB_WRP_PAGES16TO31MASK) >> 8U);
 545:Drivers/STM32F3xx_HAL_Driver/Src/stm32f3xx_hal_flash_ex.c **** #endif /* OB_WRP_PAGES32TO63MASK */
 546:Drivers/STM32F3xx_HAL_Driver/Src/stm32f3xx_hal_flash_ex.c ****  
 547:Drivers/STM32F3xx_HAL_Driver/Src/stm32f3xx_hal_flash_ex.c **** #if defined(OB_WRP_PAGES32TO47MASK)
 548:Drivers/STM32F3xx_HAL_Driver/Src/stm32f3xx_hal_flash_ex.c ****   WRP2_Data = (uint16_t)((WriteProtectPage & OB_WRP_PAGES32TO47MASK) >> 16U);
 549:Drivers/STM32F3xx_HAL_Driver/Src/stm32f3xx_hal_flash_ex.c **** #endif /* OB_WRP_PAGES32TO47MASK */
 550:Drivers/STM32F3xx_HAL_Driver/Src/stm32f3xx_hal_flash_ex.c **** 
 551:Drivers/STM32F3xx_HAL_Driver/Src/stm32f3xx_hal_flash_ex.c **** #if defined(OB_WRP_PAGES48TO127MASK)
 552:Drivers/STM32F3xx_HAL_Driver/Src/stm32f3xx_hal_flash_ex.c ****   WRP3_Data = (uint16_t)((WriteProtectPage & OB_WRP_PAGES48TO127MASK) >> 24U); 
 553:Drivers/STM32F3xx_HAL_Driver/Src/stm32f3xx_hal_flash_ex.c **** #elif defined(OB_WRP_PAGES48TO255MASK)
 554:Drivers/STM32F3xx_HAL_Driver/Src/stm32f3xx_hal_flash_ex.c ****   WRP3_Data = (uint16_t)((WriteProtectPage & OB_WRP_PAGES48TO255MASK) >> 24U); 
 555:Drivers/STM32F3xx_HAL_Driver/Src/stm32f3xx_hal_flash_ex.c **** #endif /* OB_WRP_PAGES48TO63MASK */
 556:Drivers/STM32F3xx_HAL_Driver/Src/stm32f3xx_hal_flash_ex.c ****   
 557:Drivers/STM32F3xx_HAL_Driver/Src/stm32f3xx_hal_flash_ex.c ****   /* Wait for last operation to be completed */
 558:Drivers/STM32F3xx_HAL_Driver/Src/stm32f3xx_hal_flash_ex.c ****   status = FLASH_WaitForLastOperation((uint32_t)FLASH_TIMEOUT_VALUE);
 559:Drivers/STM32F3xx_HAL_Driver/Src/stm32f3xx_hal_flash_ex.c **** 
 560:Drivers/STM32F3xx_HAL_Driver/Src/stm32f3xx_hal_flash_ex.c ****   if(status == HAL_OK)
 561:Drivers/STM32F3xx_HAL_Driver/Src/stm32f3xx_hal_flash_ex.c ****   { 
 562:Drivers/STM32F3xx_HAL_Driver/Src/stm32f3xx_hal_flash_ex.c ****     /* Clean the error context */
 563:Drivers/STM32F3xx_HAL_Driver/Src/stm32f3xx_hal_flash_ex.c ****     pFlash.ErrorCode = HAL_FLASH_ERROR_NONE;
 564:Drivers/STM32F3xx_HAL_Driver/Src/stm32f3xx_hal_flash_ex.c **** 
 565:Drivers/STM32F3xx_HAL_Driver/Src/stm32f3xx_hal_flash_ex.c ****     /* To be able to write again option byte, need to perform a option byte erase */
 566:Drivers/STM32F3xx_HAL_Driver/Src/stm32f3xx_hal_flash_ex.c ****     status = HAL_FLASHEx_OBErase();
 567:Drivers/STM32F3xx_HAL_Driver/Src/stm32f3xx_hal_flash_ex.c ****     if (status == HAL_OK)  
 568:Drivers/STM32F3xx_HAL_Driver/Src/stm32f3xx_hal_flash_ex.c ****     {
 569:Drivers/STM32F3xx_HAL_Driver/Src/stm32f3xx_hal_flash_ex.c ****       /* Enable write protection */
 570:Drivers/STM32F3xx_HAL_Driver/Src/stm32f3xx_hal_flash_ex.c ****       SET_BIT(FLASH->CR, FLASH_CR_OPTPG);
 571:Drivers/STM32F3xx_HAL_Driver/Src/stm32f3xx_hal_flash_ex.c **** 
 572:Drivers/STM32F3xx_HAL_Driver/Src/stm32f3xx_hal_flash_ex.c **** #if defined(OB_WRP0_WRP0)
 573:Drivers/STM32F3xx_HAL_Driver/Src/stm32f3xx_hal_flash_ex.c ****       if(WRP0_Data != 0xFFU)
 574:Drivers/STM32F3xx_HAL_Driver/Src/stm32f3xx_hal_flash_ex.c ****       {
 575:Drivers/STM32F3xx_HAL_Driver/Src/stm32f3xx_hal_flash_ex.c ****         OB->WRP0 &= WRP0_Data;
 576:Drivers/STM32F3xx_HAL_Driver/Src/stm32f3xx_hal_flash_ex.c ****         
 577:Drivers/STM32F3xx_HAL_Driver/Src/stm32f3xx_hal_flash_ex.c ****         /* Wait for last operation to be completed */
 578:Drivers/STM32F3xx_HAL_Driver/Src/stm32f3xx_hal_flash_ex.c ****         status = FLASH_WaitForLastOperation((uint32_t)FLASH_TIMEOUT_VALUE);
 579:Drivers/STM32F3xx_HAL_Driver/Src/stm32f3xx_hal_flash_ex.c ****       }
 580:Drivers/STM32F3xx_HAL_Driver/Src/stm32f3xx_hal_flash_ex.c **** #endif /* OB_WRP0_WRP0 */
 581:Drivers/STM32F3xx_HAL_Driver/Src/stm32f3xx_hal_flash_ex.c **** 
 582:Drivers/STM32F3xx_HAL_Driver/Src/stm32f3xx_hal_flash_ex.c **** #if defined(OB_WRP1_WRP1)
 583:Drivers/STM32F3xx_HAL_Driver/Src/stm32f3xx_hal_flash_ex.c ****       if((status == HAL_OK) && (WRP1_Data != 0xFFU))
 584:Drivers/STM32F3xx_HAL_Driver/Src/stm32f3xx_hal_flash_ex.c ****       {
 585:Drivers/STM32F3xx_HAL_Driver/Src/stm32f3xx_hal_flash_ex.c ****         OB->WRP1 &= WRP1_Data;
 586:Drivers/STM32F3xx_HAL_Driver/Src/stm32f3xx_hal_flash_ex.c ****         
ARM GAS   			page 13


 587:Drivers/STM32F3xx_HAL_Driver/Src/stm32f3xx_hal_flash_ex.c ****         /* Wait for last operation to be completed */
 588:Drivers/STM32F3xx_HAL_Driver/Src/stm32f3xx_hal_flash_ex.c ****         status = FLASH_WaitForLastOperation((uint32_t)FLASH_TIMEOUT_VALUE);
 589:Drivers/STM32F3xx_HAL_Driver/Src/stm32f3xx_hal_flash_ex.c ****       }
 590:Drivers/STM32F3xx_HAL_Driver/Src/stm32f3xx_hal_flash_ex.c **** #endif /* OB_WRP1_WRP1 */
 591:Drivers/STM32F3xx_HAL_Driver/Src/stm32f3xx_hal_flash_ex.c **** 
 592:Drivers/STM32F3xx_HAL_Driver/Src/stm32f3xx_hal_flash_ex.c **** #if defined(OB_WRP2_WRP2)
 593:Drivers/STM32F3xx_HAL_Driver/Src/stm32f3xx_hal_flash_ex.c ****       if((status == HAL_OK) && (WRP2_Data != 0xFFU))
 594:Drivers/STM32F3xx_HAL_Driver/Src/stm32f3xx_hal_flash_ex.c ****       {
 595:Drivers/STM32F3xx_HAL_Driver/Src/stm32f3xx_hal_flash_ex.c ****         OB->WRP2 &= WRP2_Data;
 596:Drivers/STM32F3xx_HAL_Driver/Src/stm32f3xx_hal_flash_ex.c ****         
 597:Drivers/STM32F3xx_HAL_Driver/Src/stm32f3xx_hal_flash_ex.c ****         /* Wait for last operation to be completed */
 598:Drivers/STM32F3xx_HAL_Driver/Src/stm32f3xx_hal_flash_ex.c ****         status = FLASH_WaitForLastOperation((uint32_t)FLASH_TIMEOUT_VALUE);
 599:Drivers/STM32F3xx_HAL_Driver/Src/stm32f3xx_hal_flash_ex.c ****       }
 600:Drivers/STM32F3xx_HAL_Driver/Src/stm32f3xx_hal_flash_ex.c **** #endif /* OB_WRP2_WRP2 */
 601:Drivers/STM32F3xx_HAL_Driver/Src/stm32f3xx_hal_flash_ex.c **** 
 602:Drivers/STM32F3xx_HAL_Driver/Src/stm32f3xx_hal_flash_ex.c **** #if defined(OB_WRP3_WRP3)
 603:Drivers/STM32F3xx_HAL_Driver/Src/stm32f3xx_hal_flash_ex.c ****       if((status == HAL_OK) && (WRP3_Data != 0xFFU))
 604:Drivers/STM32F3xx_HAL_Driver/Src/stm32f3xx_hal_flash_ex.c ****       {
 605:Drivers/STM32F3xx_HAL_Driver/Src/stm32f3xx_hal_flash_ex.c ****         OB->WRP3 &= WRP3_Data;
 606:Drivers/STM32F3xx_HAL_Driver/Src/stm32f3xx_hal_flash_ex.c ****         
 607:Drivers/STM32F3xx_HAL_Driver/Src/stm32f3xx_hal_flash_ex.c ****         /* Wait for last operation to be completed */
 608:Drivers/STM32F3xx_HAL_Driver/Src/stm32f3xx_hal_flash_ex.c ****         status = FLASH_WaitForLastOperation((uint32_t)FLASH_TIMEOUT_VALUE);
 609:Drivers/STM32F3xx_HAL_Driver/Src/stm32f3xx_hal_flash_ex.c ****       }
 610:Drivers/STM32F3xx_HAL_Driver/Src/stm32f3xx_hal_flash_ex.c **** #endif /* OB_WRP3_WRP3 */
 611:Drivers/STM32F3xx_HAL_Driver/Src/stm32f3xx_hal_flash_ex.c **** 
 612:Drivers/STM32F3xx_HAL_Driver/Src/stm32f3xx_hal_flash_ex.c ****       /* if the program operation is completed, disable the OPTPG Bit */
 613:Drivers/STM32F3xx_HAL_Driver/Src/stm32f3xx_hal_flash_ex.c ****       CLEAR_BIT(FLASH->CR, FLASH_CR_OPTPG);
 614:Drivers/STM32F3xx_HAL_Driver/Src/stm32f3xx_hal_flash_ex.c ****     }
 615:Drivers/STM32F3xx_HAL_Driver/Src/stm32f3xx_hal_flash_ex.c ****   }
 616:Drivers/STM32F3xx_HAL_Driver/Src/stm32f3xx_hal_flash_ex.c ****   
 617:Drivers/STM32F3xx_HAL_Driver/Src/stm32f3xx_hal_flash_ex.c ****   return status;
 618:Drivers/STM32F3xx_HAL_Driver/Src/stm32f3xx_hal_flash_ex.c **** }
 619:Drivers/STM32F3xx_HAL_Driver/Src/stm32f3xx_hal_flash_ex.c **** 
 620:Drivers/STM32F3xx_HAL_Driver/Src/stm32f3xx_hal_flash_ex.c **** /**
 621:Drivers/STM32F3xx_HAL_Driver/Src/stm32f3xx_hal_flash_ex.c ****   * @brief  Disable the write protection of the desired pages
 622:Drivers/STM32F3xx_HAL_Driver/Src/stm32f3xx_hal_flash_ex.c ****   * @note   An option byte erase is done automatically in this function. 
 623:Drivers/STM32F3xx_HAL_Driver/Src/stm32f3xx_hal_flash_ex.c ****   * @note   When the memory read protection level is selected (RDP level = 1), 
 624:Drivers/STM32F3xx_HAL_Driver/Src/stm32f3xx_hal_flash_ex.c ****   *         it is not possible to program or erase the flash page i if   
 625:Drivers/STM32F3xx_HAL_Driver/Src/stm32f3xx_hal_flash_ex.c ****   *         debug features are connected or boot code is executed in RAM, even if nWRPi = 1 
 626:Drivers/STM32F3xx_HAL_Driver/Src/stm32f3xx_hal_flash_ex.c ****   * 
 627:Drivers/STM32F3xx_HAL_Driver/Src/stm32f3xx_hal_flash_ex.c ****   * @param  WriteProtectPage specifies the page(s) to be write unprotected.
 628:Drivers/STM32F3xx_HAL_Driver/Src/stm32f3xx_hal_flash_ex.c ****   *         The value of this parameter depend on device used within the same series 
 629:Drivers/STM32F3xx_HAL_Driver/Src/stm32f3xx_hal_flash_ex.c ****   * @retval HAL status 
 630:Drivers/STM32F3xx_HAL_Driver/Src/stm32f3xx_hal_flash_ex.c ****   */
 631:Drivers/STM32F3xx_HAL_Driver/Src/stm32f3xx_hal_flash_ex.c **** static HAL_StatusTypeDef FLASH_OB_DisableWRP(uint32_t WriteProtectPage)
 632:Drivers/STM32F3xx_HAL_Driver/Src/stm32f3xx_hal_flash_ex.c **** {
 633:Drivers/STM32F3xx_HAL_Driver/Src/stm32f3xx_hal_flash_ex.c ****   HAL_StatusTypeDef status = HAL_OK;
 634:Drivers/STM32F3xx_HAL_Driver/Src/stm32f3xx_hal_flash_ex.c ****   uint16_t WRP0_Data = 0xFFFFU;
 635:Drivers/STM32F3xx_HAL_Driver/Src/stm32f3xx_hal_flash_ex.c **** #if defined(OB_WRP1_WRP1)
 636:Drivers/STM32F3xx_HAL_Driver/Src/stm32f3xx_hal_flash_ex.c ****   uint16_t WRP1_Data = 0xFFFFU;
 637:Drivers/STM32F3xx_HAL_Driver/Src/stm32f3xx_hal_flash_ex.c **** #endif /* OB_WRP1_WRP1 */
 638:Drivers/STM32F3xx_HAL_Driver/Src/stm32f3xx_hal_flash_ex.c **** #if defined(OB_WRP2_WRP2)
 639:Drivers/STM32F3xx_HAL_Driver/Src/stm32f3xx_hal_flash_ex.c ****   uint16_t WRP2_Data = 0xFFFFU;
 640:Drivers/STM32F3xx_HAL_Driver/Src/stm32f3xx_hal_flash_ex.c **** #endif /* OB_WRP2_WRP2 */
 641:Drivers/STM32F3xx_HAL_Driver/Src/stm32f3xx_hal_flash_ex.c **** #if defined(OB_WRP3_WRP3)
 642:Drivers/STM32F3xx_HAL_Driver/Src/stm32f3xx_hal_flash_ex.c ****   uint16_t WRP3_Data = 0xFFFFU;
 643:Drivers/STM32F3xx_HAL_Driver/Src/stm32f3xx_hal_flash_ex.c **** #endif /* OB_WRP3_WRP3 */
ARM GAS   			page 14


 644:Drivers/STM32F3xx_HAL_Driver/Src/stm32f3xx_hal_flash_ex.c ****   
 645:Drivers/STM32F3xx_HAL_Driver/Src/stm32f3xx_hal_flash_ex.c ****   /* Check the parameters */
 646:Drivers/STM32F3xx_HAL_Driver/Src/stm32f3xx_hal_flash_ex.c ****   assert_param(IS_OB_WRP(WriteProtectPage));
 647:Drivers/STM32F3xx_HAL_Driver/Src/stm32f3xx_hal_flash_ex.c **** 
 648:Drivers/STM32F3xx_HAL_Driver/Src/stm32f3xx_hal_flash_ex.c ****   /* Get current write protected pages and the new pages to be unprotected ******/
 649:Drivers/STM32F3xx_HAL_Driver/Src/stm32f3xx_hal_flash_ex.c ****   WriteProtectPage = (FLASH_OB_GetWRP() | WriteProtectPage);
 650:Drivers/STM32F3xx_HAL_Driver/Src/stm32f3xx_hal_flash_ex.c **** 
 651:Drivers/STM32F3xx_HAL_Driver/Src/stm32f3xx_hal_flash_ex.c **** #if defined(OB_WRP_PAGES0TO15MASK)
 652:Drivers/STM32F3xx_HAL_Driver/Src/stm32f3xx_hal_flash_ex.c ****   WRP0_Data = (uint16_t)(WriteProtectPage & OB_WRP_PAGES0TO15MASK);
 653:Drivers/STM32F3xx_HAL_Driver/Src/stm32f3xx_hal_flash_ex.c **** #endif /* OB_WRP_PAGES0TO31MASK */
 654:Drivers/STM32F3xx_HAL_Driver/Src/stm32f3xx_hal_flash_ex.c ****   
 655:Drivers/STM32F3xx_HAL_Driver/Src/stm32f3xx_hal_flash_ex.c **** #if defined(OB_WRP_PAGES16TO31MASK)
 656:Drivers/STM32F3xx_HAL_Driver/Src/stm32f3xx_hal_flash_ex.c ****   WRP1_Data = (uint16_t)((WriteProtectPage & OB_WRP_PAGES16TO31MASK) >> 8U);
 657:Drivers/STM32F3xx_HAL_Driver/Src/stm32f3xx_hal_flash_ex.c **** #endif /* OB_WRP_PAGES32TO63MASK */
 658:Drivers/STM32F3xx_HAL_Driver/Src/stm32f3xx_hal_flash_ex.c ****  
 659:Drivers/STM32F3xx_HAL_Driver/Src/stm32f3xx_hal_flash_ex.c **** #if defined(OB_WRP_PAGES32TO47MASK)
 660:Drivers/STM32F3xx_HAL_Driver/Src/stm32f3xx_hal_flash_ex.c ****   WRP2_Data = (uint16_t)((WriteProtectPage & OB_WRP_PAGES32TO47MASK) >> 16U);
 661:Drivers/STM32F3xx_HAL_Driver/Src/stm32f3xx_hal_flash_ex.c **** #endif /* OB_WRP_PAGES32TO47MASK */
 662:Drivers/STM32F3xx_HAL_Driver/Src/stm32f3xx_hal_flash_ex.c **** 
 663:Drivers/STM32F3xx_HAL_Driver/Src/stm32f3xx_hal_flash_ex.c **** #if defined(OB_WRP_PAGES48TO127MASK)
 664:Drivers/STM32F3xx_HAL_Driver/Src/stm32f3xx_hal_flash_ex.c ****   WRP3_Data = (uint16_t)((WriteProtectPage & OB_WRP_PAGES48TO127MASK) >> 24U); 
 665:Drivers/STM32F3xx_HAL_Driver/Src/stm32f3xx_hal_flash_ex.c **** #elif defined(OB_WRP_PAGES48TO255MASK)
 666:Drivers/STM32F3xx_HAL_Driver/Src/stm32f3xx_hal_flash_ex.c ****   WRP3_Data = (uint16_t)((WriteProtectPage & OB_WRP_PAGES48TO255MASK) >> 24U); 
 667:Drivers/STM32F3xx_HAL_Driver/Src/stm32f3xx_hal_flash_ex.c **** #endif /* OB_WRP_PAGES48TO63MASK */
 668:Drivers/STM32F3xx_HAL_Driver/Src/stm32f3xx_hal_flash_ex.c **** 
 669:Drivers/STM32F3xx_HAL_Driver/Src/stm32f3xx_hal_flash_ex.c ****     
 670:Drivers/STM32F3xx_HAL_Driver/Src/stm32f3xx_hal_flash_ex.c ****   /* Wait for last operation to be completed */
 671:Drivers/STM32F3xx_HAL_Driver/Src/stm32f3xx_hal_flash_ex.c ****   status = FLASH_WaitForLastOperation((uint32_t)FLASH_TIMEOUT_VALUE);
 672:Drivers/STM32F3xx_HAL_Driver/Src/stm32f3xx_hal_flash_ex.c **** 
 673:Drivers/STM32F3xx_HAL_Driver/Src/stm32f3xx_hal_flash_ex.c ****   if(status == HAL_OK)
 674:Drivers/STM32F3xx_HAL_Driver/Src/stm32f3xx_hal_flash_ex.c ****   { 
 675:Drivers/STM32F3xx_HAL_Driver/Src/stm32f3xx_hal_flash_ex.c ****     /* Clean the error context */
 676:Drivers/STM32F3xx_HAL_Driver/Src/stm32f3xx_hal_flash_ex.c ****     pFlash.ErrorCode = HAL_FLASH_ERROR_NONE;
 677:Drivers/STM32F3xx_HAL_Driver/Src/stm32f3xx_hal_flash_ex.c **** 
 678:Drivers/STM32F3xx_HAL_Driver/Src/stm32f3xx_hal_flash_ex.c ****     /* To be able to write again option byte, need to perform a option byte erase */
 679:Drivers/STM32F3xx_HAL_Driver/Src/stm32f3xx_hal_flash_ex.c ****     status = HAL_FLASHEx_OBErase();
 680:Drivers/STM32F3xx_HAL_Driver/Src/stm32f3xx_hal_flash_ex.c ****     if (status == HAL_OK)  
 681:Drivers/STM32F3xx_HAL_Driver/Src/stm32f3xx_hal_flash_ex.c ****     {
 682:Drivers/STM32F3xx_HAL_Driver/Src/stm32f3xx_hal_flash_ex.c ****       SET_BIT(FLASH->CR, FLASH_CR_OPTPG);
 683:Drivers/STM32F3xx_HAL_Driver/Src/stm32f3xx_hal_flash_ex.c **** 
 684:Drivers/STM32F3xx_HAL_Driver/Src/stm32f3xx_hal_flash_ex.c **** #if defined(OB_WRP0_WRP0)
 685:Drivers/STM32F3xx_HAL_Driver/Src/stm32f3xx_hal_flash_ex.c ****       if(WRP0_Data != 0xFFU)
 686:Drivers/STM32F3xx_HAL_Driver/Src/stm32f3xx_hal_flash_ex.c ****       {
 687:Drivers/STM32F3xx_HAL_Driver/Src/stm32f3xx_hal_flash_ex.c ****         OB->WRP0 |= WRP0_Data;
 688:Drivers/STM32F3xx_HAL_Driver/Src/stm32f3xx_hal_flash_ex.c ****         
 689:Drivers/STM32F3xx_HAL_Driver/Src/stm32f3xx_hal_flash_ex.c ****         /* Wait for last operation to be completed */
 690:Drivers/STM32F3xx_HAL_Driver/Src/stm32f3xx_hal_flash_ex.c ****         status = FLASH_WaitForLastOperation((uint32_t)FLASH_TIMEOUT_VALUE);
 691:Drivers/STM32F3xx_HAL_Driver/Src/stm32f3xx_hal_flash_ex.c ****       }
 692:Drivers/STM32F3xx_HAL_Driver/Src/stm32f3xx_hal_flash_ex.c **** #endif /* OB_WRP0_WRP0 */
 693:Drivers/STM32F3xx_HAL_Driver/Src/stm32f3xx_hal_flash_ex.c **** 
 694:Drivers/STM32F3xx_HAL_Driver/Src/stm32f3xx_hal_flash_ex.c **** #if defined(OB_WRP1_WRP1)
 695:Drivers/STM32F3xx_HAL_Driver/Src/stm32f3xx_hal_flash_ex.c ****       if((status == HAL_OK) && (WRP1_Data != 0xFFU))
 696:Drivers/STM32F3xx_HAL_Driver/Src/stm32f3xx_hal_flash_ex.c ****       {
 697:Drivers/STM32F3xx_HAL_Driver/Src/stm32f3xx_hal_flash_ex.c ****         OB->WRP1 |= WRP1_Data;
 698:Drivers/STM32F3xx_HAL_Driver/Src/stm32f3xx_hal_flash_ex.c ****         
 699:Drivers/STM32F3xx_HAL_Driver/Src/stm32f3xx_hal_flash_ex.c ****         /* Wait for last operation to be completed */
 700:Drivers/STM32F3xx_HAL_Driver/Src/stm32f3xx_hal_flash_ex.c ****         status = FLASH_WaitForLastOperation((uint32_t)FLASH_TIMEOUT_VALUE);
ARM GAS   			page 15


 701:Drivers/STM32F3xx_HAL_Driver/Src/stm32f3xx_hal_flash_ex.c ****       }
 702:Drivers/STM32F3xx_HAL_Driver/Src/stm32f3xx_hal_flash_ex.c **** #endif /* OB_WRP1_WRP1 */
 703:Drivers/STM32F3xx_HAL_Driver/Src/stm32f3xx_hal_flash_ex.c **** 
 704:Drivers/STM32F3xx_HAL_Driver/Src/stm32f3xx_hal_flash_ex.c **** #if defined(OB_WRP2_WRP2)
 705:Drivers/STM32F3xx_HAL_Driver/Src/stm32f3xx_hal_flash_ex.c ****       if((status == HAL_OK) && (WRP2_Data != 0xFFU))
 706:Drivers/STM32F3xx_HAL_Driver/Src/stm32f3xx_hal_flash_ex.c ****       {
 707:Drivers/STM32F3xx_HAL_Driver/Src/stm32f3xx_hal_flash_ex.c ****         OB->WRP2 |= WRP2_Data;
 708:Drivers/STM32F3xx_HAL_Driver/Src/stm32f3xx_hal_flash_ex.c ****         
 709:Drivers/STM32F3xx_HAL_Driver/Src/stm32f3xx_hal_flash_ex.c ****         /* Wait for last operation to be completed */
 710:Drivers/STM32F3xx_HAL_Driver/Src/stm32f3xx_hal_flash_ex.c ****         status = FLASH_WaitForLastOperation((uint32_t)FLASH_TIMEOUT_VALUE);
 711:Drivers/STM32F3xx_HAL_Driver/Src/stm32f3xx_hal_flash_ex.c ****       }
 712:Drivers/STM32F3xx_HAL_Driver/Src/stm32f3xx_hal_flash_ex.c **** #endif /* OB_WRP2_WRP2 */
 713:Drivers/STM32F3xx_HAL_Driver/Src/stm32f3xx_hal_flash_ex.c **** 
 714:Drivers/STM32F3xx_HAL_Driver/Src/stm32f3xx_hal_flash_ex.c **** #if defined(OB_WRP3_WRP3)
 715:Drivers/STM32F3xx_HAL_Driver/Src/stm32f3xx_hal_flash_ex.c ****       if((status == HAL_OK) && (WRP3_Data != 0xFFU))
 716:Drivers/STM32F3xx_HAL_Driver/Src/stm32f3xx_hal_flash_ex.c ****       {
 717:Drivers/STM32F3xx_HAL_Driver/Src/stm32f3xx_hal_flash_ex.c ****         OB->WRP3 |= WRP3_Data;
 718:Drivers/STM32F3xx_HAL_Driver/Src/stm32f3xx_hal_flash_ex.c ****         
 719:Drivers/STM32F3xx_HAL_Driver/Src/stm32f3xx_hal_flash_ex.c ****         /* Wait for last operation to be completed */
 720:Drivers/STM32F3xx_HAL_Driver/Src/stm32f3xx_hal_flash_ex.c ****         status = FLASH_WaitForLastOperation((uint32_t)FLASH_TIMEOUT_VALUE);
 721:Drivers/STM32F3xx_HAL_Driver/Src/stm32f3xx_hal_flash_ex.c ****       }
 722:Drivers/STM32F3xx_HAL_Driver/Src/stm32f3xx_hal_flash_ex.c **** #endif /* OB_WRP3_WRP3 */
 723:Drivers/STM32F3xx_HAL_Driver/Src/stm32f3xx_hal_flash_ex.c **** 
 724:Drivers/STM32F3xx_HAL_Driver/Src/stm32f3xx_hal_flash_ex.c ****       /* if the program operation is completed, disable the OPTPG Bit */
 725:Drivers/STM32F3xx_HAL_Driver/Src/stm32f3xx_hal_flash_ex.c ****       CLEAR_BIT(FLASH->CR, FLASH_CR_OPTPG);
 726:Drivers/STM32F3xx_HAL_Driver/Src/stm32f3xx_hal_flash_ex.c ****     }
 727:Drivers/STM32F3xx_HAL_Driver/Src/stm32f3xx_hal_flash_ex.c ****   }
 728:Drivers/STM32F3xx_HAL_Driver/Src/stm32f3xx_hal_flash_ex.c ****   return status;
 729:Drivers/STM32F3xx_HAL_Driver/Src/stm32f3xx_hal_flash_ex.c **** }
 730:Drivers/STM32F3xx_HAL_Driver/Src/stm32f3xx_hal_flash_ex.c **** 
 731:Drivers/STM32F3xx_HAL_Driver/Src/stm32f3xx_hal_flash_ex.c **** /**
 732:Drivers/STM32F3xx_HAL_Driver/Src/stm32f3xx_hal_flash_ex.c ****   * @brief  Set the read protection level.
 733:Drivers/STM32F3xx_HAL_Driver/Src/stm32f3xx_hal_flash_ex.c ****   * @param  ReadProtectLevel specifies the read protection level.
 734:Drivers/STM32F3xx_HAL_Driver/Src/stm32f3xx_hal_flash_ex.c ****   *         This parameter can be one of the following values:
 735:Drivers/STM32F3xx_HAL_Driver/Src/stm32f3xx_hal_flash_ex.c ****   *            @arg @ref OB_RDP_LEVEL_0 No protection
 736:Drivers/STM32F3xx_HAL_Driver/Src/stm32f3xx_hal_flash_ex.c ****   *            @arg @ref OB_RDP_LEVEL_1 Read protection of the memory
 737:Drivers/STM32F3xx_HAL_Driver/Src/stm32f3xx_hal_flash_ex.c ****   *            @arg @ref OB_RDP_LEVEL_2 Full chip protection
 738:Drivers/STM32F3xx_HAL_Driver/Src/stm32f3xx_hal_flash_ex.c ****   * @note   Warning: When enabling OB_RDP level 2 it's no more possible to go back to level 1 or 0
 739:Drivers/STM32F3xx_HAL_Driver/Src/stm32f3xx_hal_flash_ex.c ****   * @retval HAL status
 740:Drivers/STM32F3xx_HAL_Driver/Src/stm32f3xx_hal_flash_ex.c ****   */
 741:Drivers/STM32F3xx_HAL_Driver/Src/stm32f3xx_hal_flash_ex.c **** static HAL_StatusTypeDef FLASH_OB_RDP_LevelConfig(uint8_t ReadProtectLevel)
 742:Drivers/STM32F3xx_HAL_Driver/Src/stm32f3xx_hal_flash_ex.c **** {
 743:Drivers/STM32F3xx_HAL_Driver/Src/stm32f3xx_hal_flash_ex.c ****   HAL_StatusTypeDef status = HAL_OK;
 744:Drivers/STM32F3xx_HAL_Driver/Src/stm32f3xx_hal_flash_ex.c ****   
 745:Drivers/STM32F3xx_HAL_Driver/Src/stm32f3xx_hal_flash_ex.c ****   /* Check the parameters */
 746:Drivers/STM32F3xx_HAL_Driver/Src/stm32f3xx_hal_flash_ex.c ****   assert_param(IS_OB_RDP_LEVEL(ReadProtectLevel));
 747:Drivers/STM32F3xx_HAL_Driver/Src/stm32f3xx_hal_flash_ex.c ****   
 748:Drivers/STM32F3xx_HAL_Driver/Src/stm32f3xx_hal_flash_ex.c ****   /* Wait for last operation to be completed */
 749:Drivers/STM32F3xx_HAL_Driver/Src/stm32f3xx_hal_flash_ex.c ****   status = FLASH_WaitForLastOperation((uint32_t)FLASH_TIMEOUT_VALUE);
 750:Drivers/STM32F3xx_HAL_Driver/Src/stm32f3xx_hal_flash_ex.c ****   
 751:Drivers/STM32F3xx_HAL_Driver/Src/stm32f3xx_hal_flash_ex.c ****   if(status == HAL_OK)
 752:Drivers/STM32F3xx_HAL_Driver/Src/stm32f3xx_hal_flash_ex.c ****   { 
 753:Drivers/STM32F3xx_HAL_Driver/Src/stm32f3xx_hal_flash_ex.c ****     /* Clean the error context */
 754:Drivers/STM32F3xx_HAL_Driver/Src/stm32f3xx_hal_flash_ex.c ****     pFlash.ErrorCode = HAL_FLASH_ERROR_NONE;
 755:Drivers/STM32F3xx_HAL_Driver/Src/stm32f3xx_hal_flash_ex.c ****     
 756:Drivers/STM32F3xx_HAL_Driver/Src/stm32f3xx_hal_flash_ex.c ****     /* If the previous operation is completed, proceed to erase the option bytes */
 757:Drivers/STM32F3xx_HAL_Driver/Src/stm32f3xx_hal_flash_ex.c ****     SET_BIT(FLASH->CR, FLASH_CR_OPTER);
ARM GAS   			page 16


 758:Drivers/STM32F3xx_HAL_Driver/Src/stm32f3xx_hal_flash_ex.c ****     SET_BIT(FLASH->CR, FLASH_CR_STRT);
 759:Drivers/STM32F3xx_HAL_Driver/Src/stm32f3xx_hal_flash_ex.c **** 
 760:Drivers/STM32F3xx_HAL_Driver/Src/stm32f3xx_hal_flash_ex.c ****     /* Wait for last operation to be completed */
 761:Drivers/STM32F3xx_HAL_Driver/Src/stm32f3xx_hal_flash_ex.c ****     status = FLASH_WaitForLastOperation((uint32_t)FLASH_TIMEOUT_VALUE);
 762:Drivers/STM32F3xx_HAL_Driver/Src/stm32f3xx_hal_flash_ex.c **** 
 763:Drivers/STM32F3xx_HAL_Driver/Src/stm32f3xx_hal_flash_ex.c ****     /* If the erase operation is completed, disable the OPTER Bit */
 764:Drivers/STM32F3xx_HAL_Driver/Src/stm32f3xx_hal_flash_ex.c ****     CLEAR_BIT(FLASH->CR, FLASH_CR_OPTER);
 765:Drivers/STM32F3xx_HAL_Driver/Src/stm32f3xx_hal_flash_ex.c **** 
 766:Drivers/STM32F3xx_HAL_Driver/Src/stm32f3xx_hal_flash_ex.c ****     if(status == HAL_OK)
 767:Drivers/STM32F3xx_HAL_Driver/Src/stm32f3xx_hal_flash_ex.c ****     {
 768:Drivers/STM32F3xx_HAL_Driver/Src/stm32f3xx_hal_flash_ex.c ****       /* Enable the Option Bytes Programming operation */
 769:Drivers/STM32F3xx_HAL_Driver/Src/stm32f3xx_hal_flash_ex.c ****       SET_BIT(FLASH->CR, FLASH_CR_OPTPG);
 770:Drivers/STM32F3xx_HAL_Driver/Src/stm32f3xx_hal_flash_ex.c ****       
 771:Drivers/STM32F3xx_HAL_Driver/Src/stm32f3xx_hal_flash_ex.c ****       WRITE_REG(OB->RDP, ReadProtectLevel);
 772:Drivers/STM32F3xx_HAL_Driver/Src/stm32f3xx_hal_flash_ex.c ****       
 773:Drivers/STM32F3xx_HAL_Driver/Src/stm32f3xx_hal_flash_ex.c ****       /* Wait for last operation to be completed */
 774:Drivers/STM32F3xx_HAL_Driver/Src/stm32f3xx_hal_flash_ex.c ****       status = FLASH_WaitForLastOperation((uint32_t)FLASH_TIMEOUT_VALUE); 
 775:Drivers/STM32F3xx_HAL_Driver/Src/stm32f3xx_hal_flash_ex.c ****       
 776:Drivers/STM32F3xx_HAL_Driver/Src/stm32f3xx_hal_flash_ex.c ****       /* if the program operation is completed, disable the OPTPG Bit */
 777:Drivers/STM32F3xx_HAL_Driver/Src/stm32f3xx_hal_flash_ex.c ****       CLEAR_BIT(FLASH->CR, FLASH_CR_OPTPG);
 778:Drivers/STM32F3xx_HAL_Driver/Src/stm32f3xx_hal_flash_ex.c ****     }
 779:Drivers/STM32F3xx_HAL_Driver/Src/stm32f3xx_hal_flash_ex.c ****   }
 780:Drivers/STM32F3xx_HAL_Driver/Src/stm32f3xx_hal_flash_ex.c ****   
 781:Drivers/STM32F3xx_HAL_Driver/Src/stm32f3xx_hal_flash_ex.c ****   return status;
 782:Drivers/STM32F3xx_HAL_Driver/Src/stm32f3xx_hal_flash_ex.c **** }
 783:Drivers/STM32F3xx_HAL_Driver/Src/stm32f3xx_hal_flash_ex.c **** 
 784:Drivers/STM32F3xx_HAL_Driver/Src/stm32f3xx_hal_flash_ex.c **** /**
 785:Drivers/STM32F3xx_HAL_Driver/Src/stm32f3xx_hal_flash_ex.c ****   * @brief  Program the FLASH User Option Byte.    
 786:Drivers/STM32F3xx_HAL_Driver/Src/stm32f3xx_hal_flash_ex.c ****   * @note   Programming of the OB should be performed only after an erase (otherwise PGERR occurs)
 787:Drivers/STM32F3xx_HAL_Driver/Src/stm32f3xx_hal_flash_ex.c ****   * @param  UserConfig The FLASH User Option Bytes values: IWDG_SW(Bit0), RST_STOP(Bit1), RST_STDBY
 788:Drivers/STM32F3xx_HAL_Driver/Src/stm32f3xx_hal_flash_ex.c ****   *         VDDA_Analog_Monitoring(Bit5) and SRAM_Parity_Enable(Bit6). 
 789:Drivers/STM32F3xx_HAL_Driver/Src/stm32f3xx_hal_flash_ex.c ****   *         And SDADC12_VDD_MONITOR(Bit7) for STM32F373 or STM32F378 . 
 790:Drivers/STM32F3xx_HAL_Driver/Src/stm32f3xx_hal_flash_ex.c ****   * @retval HAL status
 791:Drivers/STM32F3xx_HAL_Driver/Src/stm32f3xx_hal_flash_ex.c ****   */
 792:Drivers/STM32F3xx_HAL_Driver/Src/stm32f3xx_hal_flash_ex.c **** static HAL_StatusTypeDef FLASH_OB_UserConfig(uint8_t UserConfig)
 793:Drivers/STM32F3xx_HAL_Driver/Src/stm32f3xx_hal_flash_ex.c **** {
 794:Drivers/STM32F3xx_HAL_Driver/Src/stm32f3xx_hal_flash_ex.c ****   HAL_StatusTypeDef status = HAL_OK;
 795:Drivers/STM32F3xx_HAL_Driver/Src/stm32f3xx_hal_flash_ex.c **** 
 796:Drivers/STM32F3xx_HAL_Driver/Src/stm32f3xx_hal_flash_ex.c ****   /* Check the parameters */
 797:Drivers/STM32F3xx_HAL_Driver/Src/stm32f3xx_hal_flash_ex.c ****   assert_param(IS_OB_IWDG_SOURCE((UserConfig&OB_IWDG_SW)));
 798:Drivers/STM32F3xx_HAL_Driver/Src/stm32f3xx_hal_flash_ex.c ****   assert_param(IS_OB_STOP_SOURCE((UserConfig&OB_STOP_NO_RST)));
 799:Drivers/STM32F3xx_HAL_Driver/Src/stm32f3xx_hal_flash_ex.c ****   assert_param(IS_OB_STDBY_SOURCE((UserConfig&OB_STDBY_NO_RST)));
 800:Drivers/STM32F3xx_HAL_Driver/Src/stm32f3xx_hal_flash_ex.c ****   assert_param(IS_OB_BOOT1((UserConfig&OB_BOOT1_SET)));
 801:Drivers/STM32F3xx_HAL_Driver/Src/stm32f3xx_hal_flash_ex.c ****   assert_param(IS_OB_VDDA_ANALOG((UserConfig&OB_VDDA_ANALOG_ON)));
 802:Drivers/STM32F3xx_HAL_Driver/Src/stm32f3xx_hal_flash_ex.c ****   assert_param(IS_OB_SRAM_PARITY((UserConfig&OB_SRAM_PARITY_RESET)));
 803:Drivers/STM32F3xx_HAL_Driver/Src/stm32f3xx_hal_flash_ex.c **** #if defined(FLASH_OBR_SDADC12_VDD_MONITOR)
 804:Drivers/STM32F3xx_HAL_Driver/Src/stm32f3xx_hal_flash_ex.c ****   assert_param(IS_OB_SDACD_VDD_MONITOR((UserConfig&OB_SDACD_VDD_MONITOR_SET)));
 805:Drivers/STM32F3xx_HAL_Driver/Src/stm32f3xx_hal_flash_ex.c **** #endif /* FLASH_OBR_SDADC12_VDD_MONITOR */
 806:Drivers/STM32F3xx_HAL_Driver/Src/stm32f3xx_hal_flash_ex.c **** 
 807:Drivers/STM32F3xx_HAL_Driver/Src/stm32f3xx_hal_flash_ex.c ****   /* Wait for last operation to be completed */
 808:Drivers/STM32F3xx_HAL_Driver/Src/stm32f3xx_hal_flash_ex.c ****   status = FLASH_WaitForLastOperation((uint32_t)FLASH_TIMEOUT_VALUE);
 809:Drivers/STM32F3xx_HAL_Driver/Src/stm32f3xx_hal_flash_ex.c ****   
 810:Drivers/STM32F3xx_HAL_Driver/Src/stm32f3xx_hal_flash_ex.c ****   if(status == HAL_OK)
 811:Drivers/STM32F3xx_HAL_Driver/Src/stm32f3xx_hal_flash_ex.c ****   {     
 812:Drivers/STM32F3xx_HAL_Driver/Src/stm32f3xx_hal_flash_ex.c ****     /* Clean the error context */
 813:Drivers/STM32F3xx_HAL_Driver/Src/stm32f3xx_hal_flash_ex.c ****     pFlash.ErrorCode = HAL_FLASH_ERROR_NONE;
 814:Drivers/STM32F3xx_HAL_Driver/Src/stm32f3xx_hal_flash_ex.c **** 
ARM GAS   			page 17


 815:Drivers/STM32F3xx_HAL_Driver/Src/stm32f3xx_hal_flash_ex.c ****     /* Enable the Option Bytes Programming operation */
 816:Drivers/STM32F3xx_HAL_Driver/Src/stm32f3xx_hal_flash_ex.c ****     SET_BIT(FLASH->CR, FLASH_CR_OPTPG); 
 817:Drivers/STM32F3xx_HAL_Driver/Src/stm32f3xx_hal_flash_ex.c ****  
 818:Drivers/STM32F3xx_HAL_Driver/Src/stm32f3xx_hal_flash_ex.c **** #if   defined(FLASH_OBR_SDADC12_VDD_MONITOR)
 819:Drivers/STM32F3xx_HAL_Driver/Src/stm32f3xx_hal_flash_ex.c ****     OB->USER = (UserConfig | 0x08U);
 820:Drivers/STM32F3xx_HAL_Driver/Src/stm32f3xx_hal_flash_ex.c **** #else
 821:Drivers/STM32F3xx_HAL_Driver/Src/stm32f3xx_hal_flash_ex.c ****     OB->USER = (UserConfig | 0x88U);
 822:Drivers/STM32F3xx_HAL_Driver/Src/stm32f3xx_hal_flash_ex.c **** #endif
 823:Drivers/STM32F3xx_HAL_Driver/Src/stm32f3xx_hal_flash_ex.c **** 
 824:Drivers/STM32F3xx_HAL_Driver/Src/stm32f3xx_hal_flash_ex.c ****     /* Wait for last operation to be completed */
 825:Drivers/STM32F3xx_HAL_Driver/Src/stm32f3xx_hal_flash_ex.c ****     status = FLASH_WaitForLastOperation((uint32_t)FLASH_TIMEOUT_VALUE);
 826:Drivers/STM32F3xx_HAL_Driver/Src/stm32f3xx_hal_flash_ex.c **** 
 827:Drivers/STM32F3xx_HAL_Driver/Src/stm32f3xx_hal_flash_ex.c ****     /* if the program operation is completed, disable the OPTPG Bit */
 828:Drivers/STM32F3xx_HAL_Driver/Src/stm32f3xx_hal_flash_ex.c ****     CLEAR_BIT(FLASH->CR, FLASH_CR_OPTPG);
 829:Drivers/STM32F3xx_HAL_Driver/Src/stm32f3xx_hal_flash_ex.c ****   }
 830:Drivers/STM32F3xx_HAL_Driver/Src/stm32f3xx_hal_flash_ex.c ****   
 831:Drivers/STM32F3xx_HAL_Driver/Src/stm32f3xx_hal_flash_ex.c ****   return status; 
 832:Drivers/STM32F3xx_HAL_Driver/Src/stm32f3xx_hal_flash_ex.c **** }
 833:Drivers/STM32F3xx_HAL_Driver/Src/stm32f3xx_hal_flash_ex.c **** 
 834:Drivers/STM32F3xx_HAL_Driver/Src/stm32f3xx_hal_flash_ex.c **** /**
 835:Drivers/STM32F3xx_HAL_Driver/Src/stm32f3xx_hal_flash_ex.c ****   * @brief  Programs a half word at a specified Option Byte Data address.
 836:Drivers/STM32F3xx_HAL_Driver/Src/stm32f3xx_hal_flash_ex.c ****   * @note   The function @ref HAL_FLASH_Unlock() should be called before to unlock the FLASH interf
 837:Drivers/STM32F3xx_HAL_Driver/Src/stm32f3xx_hal_flash_ex.c ****   *         The function @ref HAL_FLASH_OB_Unlock() should be called before to unlock the options b
 838:Drivers/STM32F3xx_HAL_Driver/Src/stm32f3xx_hal_flash_ex.c ****   *         The function @ref HAL_FLASH_OB_Launch() should be called after to force the reload of t
 839:Drivers/STM32F3xx_HAL_Driver/Src/stm32f3xx_hal_flash_ex.c ****   *         (system reset will occur)
 840:Drivers/STM32F3xx_HAL_Driver/Src/stm32f3xx_hal_flash_ex.c ****   *         Programming of the OB should be performed only after an erase (otherwise PGERR occurs)
 841:Drivers/STM32F3xx_HAL_Driver/Src/stm32f3xx_hal_flash_ex.c ****   * @param  Address specifies the address to be programmed.
 842:Drivers/STM32F3xx_HAL_Driver/Src/stm32f3xx_hal_flash_ex.c ****   *         This parameter can be 0x1FFFF804 or 0x1FFFF806. 
 843:Drivers/STM32F3xx_HAL_Driver/Src/stm32f3xx_hal_flash_ex.c ****   * @param  Data specifies the data to be programmed.
 844:Drivers/STM32F3xx_HAL_Driver/Src/stm32f3xx_hal_flash_ex.c ****   * @retval HAL status
 845:Drivers/STM32F3xx_HAL_Driver/Src/stm32f3xx_hal_flash_ex.c ****   */
 846:Drivers/STM32F3xx_HAL_Driver/Src/stm32f3xx_hal_flash_ex.c **** static HAL_StatusTypeDef FLASH_OB_ProgramData(uint32_t Address, uint8_t Data)
 847:Drivers/STM32F3xx_HAL_Driver/Src/stm32f3xx_hal_flash_ex.c **** {
 848:Drivers/STM32F3xx_HAL_Driver/Src/stm32f3xx_hal_flash_ex.c ****   HAL_StatusTypeDef status = HAL_ERROR;
 849:Drivers/STM32F3xx_HAL_Driver/Src/stm32f3xx_hal_flash_ex.c ****   
 850:Drivers/STM32F3xx_HAL_Driver/Src/stm32f3xx_hal_flash_ex.c ****   /* Check the parameters */
 851:Drivers/STM32F3xx_HAL_Driver/Src/stm32f3xx_hal_flash_ex.c ****   assert_param(IS_OB_DATA_ADDRESS(Address));
 852:Drivers/STM32F3xx_HAL_Driver/Src/stm32f3xx_hal_flash_ex.c ****   
 853:Drivers/STM32F3xx_HAL_Driver/Src/stm32f3xx_hal_flash_ex.c ****   /* Wait for last operation to be completed */
 854:Drivers/STM32F3xx_HAL_Driver/Src/stm32f3xx_hal_flash_ex.c ****   status = FLASH_WaitForLastOperation((uint32_t)FLASH_TIMEOUT_VALUE);
 855:Drivers/STM32F3xx_HAL_Driver/Src/stm32f3xx_hal_flash_ex.c ****   
 856:Drivers/STM32F3xx_HAL_Driver/Src/stm32f3xx_hal_flash_ex.c ****   if(status == HAL_OK)
 857:Drivers/STM32F3xx_HAL_Driver/Src/stm32f3xx_hal_flash_ex.c ****   {
 858:Drivers/STM32F3xx_HAL_Driver/Src/stm32f3xx_hal_flash_ex.c ****     /* Clean the error context */
 859:Drivers/STM32F3xx_HAL_Driver/Src/stm32f3xx_hal_flash_ex.c ****     pFlash.ErrorCode = HAL_FLASH_ERROR_NONE;
 860:Drivers/STM32F3xx_HAL_Driver/Src/stm32f3xx_hal_flash_ex.c **** 
 861:Drivers/STM32F3xx_HAL_Driver/Src/stm32f3xx_hal_flash_ex.c ****     /* Enables the Option Bytes Programming operation */
 862:Drivers/STM32F3xx_HAL_Driver/Src/stm32f3xx_hal_flash_ex.c ****     SET_BIT(FLASH->CR, FLASH_CR_OPTPG); 
 863:Drivers/STM32F3xx_HAL_Driver/Src/stm32f3xx_hal_flash_ex.c ****     *(__IO uint16_t*)Address = Data;
 864:Drivers/STM32F3xx_HAL_Driver/Src/stm32f3xx_hal_flash_ex.c ****     
 865:Drivers/STM32F3xx_HAL_Driver/Src/stm32f3xx_hal_flash_ex.c ****     /* Wait for last operation to be completed */
 866:Drivers/STM32F3xx_HAL_Driver/Src/stm32f3xx_hal_flash_ex.c ****     status = FLASH_WaitForLastOperation((uint32_t)FLASH_TIMEOUT_VALUE);
 867:Drivers/STM32F3xx_HAL_Driver/Src/stm32f3xx_hal_flash_ex.c ****     
 868:Drivers/STM32F3xx_HAL_Driver/Src/stm32f3xx_hal_flash_ex.c ****     /* If the program operation is completed, disable the OPTPG Bit */
 869:Drivers/STM32F3xx_HAL_Driver/Src/stm32f3xx_hal_flash_ex.c ****     CLEAR_BIT(FLASH->CR, FLASH_CR_OPTPG);
 870:Drivers/STM32F3xx_HAL_Driver/Src/stm32f3xx_hal_flash_ex.c ****   }
 871:Drivers/STM32F3xx_HAL_Driver/Src/stm32f3xx_hal_flash_ex.c ****   /* Return the Option Byte Data Program Status */
ARM GAS   			page 18


 872:Drivers/STM32F3xx_HAL_Driver/Src/stm32f3xx_hal_flash_ex.c ****   return status;
 873:Drivers/STM32F3xx_HAL_Driver/Src/stm32f3xx_hal_flash_ex.c **** }
 874:Drivers/STM32F3xx_HAL_Driver/Src/stm32f3xx_hal_flash_ex.c **** 
 875:Drivers/STM32F3xx_HAL_Driver/Src/stm32f3xx_hal_flash_ex.c **** /**
 876:Drivers/STM32F3xx_HAL_Driver/Src/stm32f3xx_hal_flash_ex.c ****   * @brief  Return the FLASH Write Protection Option Bytes value.
 877:Drivers/STM32F3xx_HAL_Driver/Src/stm32f3xx_hal_flash_ex.c ****   * @retval The FLASH Write Protection Option Bytes value
 878:Drivers/STM32F3xx_HAL_Driver/Src/stm32f3xx_hal_flash_ex.c ****   */
 879:Drivers/STM32F3xx_HAL_Driver/Src/stm32f3xx_hal_flash_ex.c **** static uint32_t FLASH_OB_GetWRP(void)
 880:Drivers/STM32F3xx_HAL_Driver/Src/stm32f3xx_hal_flash_ex.c **** {
 881:Drivers/STM32F3xx_HAL_Driver/Src/stm32f3xx_hal_flash_ex.c ****   /* Return the FLASH write protection Register value */
 882:Drivers/STM32F3xx_HAL_Driver/Src/stm32f3xx_hal_flash_ex.c ****   return (uint32_t)(READ_REG(FLASH->WRPR));
 883:Drivers/STM32F3xx_HAL_Driver/Src/stm32f3xx_hal_flash_ex.c **** }
 884:Drivers/STM32F3xx_HAL_Driver/Src/stm32f3xx_hal_flash_ex.c **** 
 885:Drivers/STM32F3xx_HAL_Driver/Src/stm32f3xx_hal_flash_ex.c **** /**
 886:Drivers/STM32F3xx_HAL_Driver/Src/stm32f3xx_hal_flash_ex.c ****   * @brief  Returns the FLASH Read Protection level.
 887:Drivers/STM32F3xx_HAL_Driver/Src/stm32f3xx_hal_flash_ex.c ****   * @retval FLASH RDP level
 888:Drivers/STM32F3xx_HAL_Driver/Src/stm32f3xx_hal_flash_ex.c ****   *         This parameter can be one of the following values:
 889:Drivers/STM32F3xx_HAL_Driver/Src/stm32f3xx_hal_flash_ex.c ****   *            @arg @ref OB_RDP_LEVEL_0 No protection
 890:Drivers/STM32F3xx_HAL_Driver/Src/stm32f3xx_hal_flash_ex.c ****   *            @arg @ref OB_RDP_LEVEL_1 Read protection of the memory
 891:Drivers/STM32F3xx_HAL_Driver/Src/stm32f3xx_hal_flash_ex.c ****   *            @arg @ref OB_RDP_LEVEL_2 Full chip protection
 892:Drivers/STM32F3xx_HAL_Driver/Src/stm32f3xx_hal_flash_ex.c ****   */
 893:Drivers/STM32F3xx_HAL_Driver/Src/stm32f3xx_hal_flash_ex.c **** static uint32_t FLASH_OB_GetRDP(void)
 894:Drivers/STM32F3xx_HAL_Driver/Src/stm32f3xx_hal_flash_ex.c **** {
 895:Drivers/STM32F3xx_HAL_Driver/Src/stm32f3xx_hal_flash_ex.c ****   uint32_t tmp_reg = 0U;
 896:Drivers/STM32F3xx_HAL_Driver/Src/stm32f3xx_hal_flash_ex.c ****   
 897:Drivers/STM32F3xx_HAL_Driver/Src/stm32f3xx_hal_flash_ex.c ****   /* Read RDP level bits */
 898:Drivers/STM32F3xx_HAL_Driver/Src/stm32f3xx_hal_flash_ex.c **** #if defined(FLASH_OBR_RDPRT)
 899:Drivers/STM32F3xx_HAL_Driver/Src/stm32f3xx_hal_flash_ex.c ****   tmp_reg = READ_BIT(FLASH->OBR, FLASH_OBR_RDPRT);
 900:Drivers/STM32F3xx_HAL_Driver/Src/stm32f3xx_hal_flash_ex.c **** #elif defined(FLASH_OBR_LEVEL1_PROT)
 901:Drivers/STM32F3xx_HAL_Driver/Src/stm32f3xx_hal_flash_ex.c ****   tmp_reg = READ_BIT(FLASH->OBR, (FLASH_OBR_LEVEL1_PROT | FLASH_OBR_LEVEL2_PROT));
 902:Drivers/STM32F3xx_HAL_Driver/Src/stm32f3xx_hal_flash_ex.c **** #endif /* FLASH_OBR_RDPRT */
 903:Drivers/STM32F3xx_HAL_Driver/Src/stm32f3xx_hal_flash_ex.c **** 
 904:Drivers/STM32F3xx_HAL_Driver/Src/stm32f3xx_hal_flash_ex.c **** #if defined(FLASH_OBR_RDPRT)
 905:Drivers/STM32F3xx_HAL_Driver/Src/stm32f3xx_hal_flash_ex.c ****   if (tmp_reg == FLASH_OBR_RDPRT_2)
 906:Drivers/STM32F3xx_HAL_Driver/Src/stm32f3xx_hal_flash_ex.c **** #elif defined(FLASH_OBR_LEVEL1_PROT)
 907:Drivers/STM32F3xx_HAL_Driver/Src/stm32f3xx_hal_flash_ex.c ****   if (tmp_reg == FLASH_OBR_LEVEL2_PROT)
 908:Drivers/STM32F3xx_HAL_Driver/Src/stm32f3xx_hal_flash_ex.c **** #endif /* FLASH_OBR_RDPRT */
 909:Drivers/STM32F3xx_HAL_Driver/Src/stm32f3xx_hal_flash_ex.c ****   {
 910:Drivers/STM32F3xx_HAL_Driver/Src/stm32f3xx_hal_flash_ex.c ****     return OB_RDP_LEVEL_2;
 911:Drivers/STM32F3xx_HAL_Driver/Src/stm32f3xx_hal_flash_ex.c ****   }
 912:Drivers/STM32F3xx_HAL_Driver/Src/stm32f3xx_hal_flash_ex.c ****   else if (tmp_reg == 0U)
 913:Drivers/STM32F3xx_HAL_Driver/Src/stm32f3xx_hal_flash_ex.c ****   {
 914:Drivers/STM32F3xx_HAL_Driver/Src/stm32f3xx_hal_flash_ex.c ****     return OB_RDP_LEVEL_0;
 915:Drivers/STM32F3xx_HAL_Driver/Src/stm32f3xx_hal_flash_ex.c ****   }
 916:Drivers/STM32F3xx_HAL_Driver/Src/stm32f3xx_hal_flash_ex.c ****   else 
 917:Drivers/STM32F3xx_HAL_Driver/Src/stm32f3xx_hal_flash_ex.c ****   {
 918:Drivers/STM32F3xx_HAL_Driver/Src/stm32f3xx_hal_flash_ex.c ****     return OB_RDP_LEVEL_1;
 919:Drivers/STM32F3xx_HAL_Driver/Src/stm32f3xx_hal_flash_ex.c ****   }
 920:Drivers/STM32F3xx_HAL_Driver/Src/stm32f3xx_hal_flash_ex.c **** }
 921:Drivers/STM32F3xx_HAL_Driver/Src/stm32f3xx_hal_flash_ex.c **** 
 922:Drivers/STM32F3xx_HAL_Driver/Src/stm32f3xx_hal_flash_ex.c **** /**
 923:Drivers/STM32F3xx_HAL_Driver/Src/stm32f3xx_hal_flash_ex.c ****   * @brief  Return the FLASH User Option Byte value.
 924:Drivers/STM32F3xx_HAL_Driver/Src/stm32f3xx_hal_flash_ex.c ****   * @retval  The FLASH User Option Bytes values: IWDG_SW(Bit0), RST_STOP(Bit1), RST_STDBY(Bit2), nB
 925:Drivers/STM32F3xx_HAL_Driver/Src/stm32f3xx_hal_flash_ex.c ****   *         VDDA_Analog_Monitoring(Bit5) and SRAM_Parity_Enable(Bit6). 
 926:Drivers/STM32F3xx_HAL_Driver/Src/stm32f3xx_hal_flash_ex.c ****   *         And SDADC12_VDD_MONITOR(Bit7) for STM32F373 or STM32F378 . 
 927:Drivers/STM32F3xx_HAL_Driver/Src/stm32f3xx_hal_flash_ex.c ****   */
 928:Drivers/STM32F3xx_HAL_Driver/Src/stm32f3xx_hal_flash_ex.c **** static uint8_t FLASH_OB_GetUser(void)
ARM GAS   			page 19


 929:Drivers/STM32F3xx_HAL_Driver/Src/stm32f3xx_hal_flash_ex.c **** {
 930:Drivers/STM32F3xx_HAL_Driver/Src/stm32f3xx_hal_flash_ex.c ****   /* Return the User Option Byte */
 931:Drivers/STM32F3xx_HAL_Driver/Src/stm32f3xx_hal_flash_ex.c ****   return (uint8_t)((READ_REG(FLASH->OBR) & FLASH_OBR_USER) >> FLASH_POSITION_IWDGSW_BIT);
 932:Drivers/STM32F3xx_HAL_Driver/Src/stm32f3xx_hal_flash_ex.c **** }
 933:Drivers/STM32F3xx_HAL_Driver/Src/stm32f3xx_hal_flash_ex.c **** 
 934:Drivers/STM32F3xx_HAL_Driver/Src/stm32f3xx_hal_flash_ex.c **** /**
 935:Drivers/STM32F3xx_HAL_Driver/Src/stm32f3xx_hal_flash_ex.c ****   * @}
 936:Drivers/STM32F3xx_HAL_Driver/Src/stm32f3xx_hal_flash_ex.c ****   */
 937:Drivers/STM32F3xx_HAL_Driver/Src/stm32f3xx_hal_flash_ex.c **** 
 938:Drivers/STM32F3xx_HAL_Driver/Src/stm32f3xx_hal_flash_ex.c **** /**
 939:Drivers/STM32F3xx_HAL_Driver/Src/stm32f3xx_hal_flash_ex.c ****   * @}
 940:Drivers/STM32F3xx_HAL_Driver/Src/stm32f3xx_hal_flash_ex.c ****   */
 941:Drivers/STM32F3xx_HAL_Driver/Src/stm32f3xx_hal_flash_ex.c **** 
 942:Drivers/STM32F3xx_HAL_Driver/Src/stm32f3xx_hal_flash_ex.c **** /** @addtogroup FLASH
 943:Drivers/STM32F3xx_HAL_Driver/Src/stm32f3xx_hal_flash_ex.c ****   * @{
 944:Drivers/STM32F3xx_HAL_Driver/Src/stm32f3xx_hal_flash_ex.c ****   */
 945:Drivers/STM32F3xx_HAL_Driver/Src/stm32f3xx_hal_flash_ex.c **** 
 946:Drivers/STM32F3xx_HAL_Driver/Src/stm32f3xx_hal_flash_ex.c **** /** @addtogroup FLASH_Private_Functions
 947:Drivers/STM32F3xx_HAL_Driver/Src/stm32f3xx_hal_flash_ex.c ****  * @{
 948:Drivers/STM32F3xx_HAL_Driver/Src/stm32f3xx_hal_flash_ex.c ****  */
 949:Drivers/STM32F3xx_HAL_Driver/Src/stm32f3xx_hal_flash_ex.c **** 
 950:Drivers/STM32F3xx_HAL_Driver/Src/stm32f3xx_hal_flash_ex.c **** /**
 951:Drivers/STM32F3xx_HAL_Driver/Src/stm32f3xx_hal_flash_ex.c ****   * @brief  Erase the specified FLASH memory page
 952:Drivers/STM32F3xx_HAL_Driver/Src/stm32f3xx_hal_flash_ex.c ****   * @param  PageAddress FLASH page to erase
 953:Drivers/STM32F3xx_HAL_Driver/Src/stm32f3xx_hal_flash_ex.c ****   *         The value of this parameter depend on device used within the same series      
 954:Drivers/STM32F3xx_HAL_Driver/Src/stm32f3xx_hal_flash_ex.c ****   * 
 955:Drivers/STM32F3xx_HAL_Driver/Src/stm32f3xx_hal_flash_ex.c ****   * @retval None
 956:Drivers/STM32F3xx_HAL_Driver/Src/stm32f3xx_hal_flash_ex.c ****   */
 957:Drivers/STM32F3xx_HAL_Driver/Src/stm32f3xx_hal_flash_ex.c **** void FLASH_PageErase(uint32_t PageAddress)
 958:Drivers/STM32F3xx_HAL_Driver/Src/stm32f3xx_hal_flash_ex.c **** {
 959:Drivers/STM32F3xx_HAL_Driver/Src/stm32f3xx_hal_flash_ex.c ****   /* Clean the error context */
 960:Drivers/STM32F3xx_HAL_Driver/Src/stm32f3xx_hal_flash_ex.c ****   pFlash.ErrorCode = HAL_FLASH_ERROR_NONE;
 961:Drivers/STM32F3xx_HAL_Driver/Src/stm32f3xx_hal_flash_ex.c **** 
 962:Drivers/STM32F3xx_HAL_Driver/Src/stm32f3xx_hal_flash_ex.c ****     /* Proceed to erase the page */
 963:Drivers/STM32F3xx_HAL_Driver/Src/stm32f3xx_hal_flash_ex.c ****     SET_BIT(FLASH->CR, FLASH_CR_PER);
  95              	 .loc 1 963 5 view .LVU26
  96 003a 214C     	 ldr r4,.L14+4
  97 003c 07E0     	 b .L7
  98              	.LVL3:
  99              	.L6:
 100              	 .loc 1 963 5 view .LVU27
 101              	.LBE31:
 102              	.LBE30:
 200:Drivers/STM32F3xx_HAL_Driver/Src/stm32f3xx_hal_flash_ex.c ****             address += FLASH_PAGE_SIZE)
 103              	 .loc 1 200 64 view .LVU28
 104 003e D9E90132 	 ldrd r3,r2,[r9,#4]
 201:Drivers/STM32F3xx_HAL_Driver/Src/stm32f3xx_hal_flash_ex.c ****             address += FLASH_PAGE_SIZE)
 105              	 .loc 1 201 21 view .LVU29
 106 0042 05F50065 	 add r5,r5,#2048
 107              	.LVL4:
 200:Drivers/STM32F3xx_HAL_Driver/Src/stm32f3xx_hal_flash_ex.c ****             address += FLASH_PAGE_SIZE)
 108              	 .loc 1 200 13 is_stmt 1 view .LVU30
 200:Drivers/STM32F3xx_HAL_Driver/Src/stm32f3xx_hal_flash_ex.c ****             address += FLASH_PAGE_SIZE)
 109              	 .loc 1 200 64 is_stmt 0 view .LVU31
 110 0046 03EBC223 	 add r3,r3,r2,lsl#11
 199:Drivers/STM32F3xx_HAL_Driver/Src/stm32f3xx_hal_flash_ex.c ****             address < ((pEraseInit->NbPages * FLASH_PAGE_SIZE) + pEraseInit->PageAddress);
 111              	 .loc 1 199 9 view .LVU32
ARM GAS   			page 20


 112 004a AB42     	 cmp r3,r5
 113 004c 1CD9     	 bls .L5
 114              	.LVL5:
 115              	.L7:
 203:Drivers/STM32F3xx_HAL_Driver/Src/stm32f3xx_hal_flash_ex.c ****           
 116              	 .loc 1 203 11 is_stmt 1 view .LVU33
 117              	.LBB33:
 118              	.LBI30:
 957:Drivers/STM32F3xx_HAL_Driver/Src/stm32f3xx_hal_flash_ex.c **** {
 119              	 .loc 1 957 6 view .LVU34
 120              	.LBB32:
 960:Drivers/STM32F3xx_HAL_Driver/Src/stm32f3xx_hal_flash_ex.c **** 
 121              	 .loc 1 960 3 view .LVU35
 960:Drivers/STM32F3xx_HAL_Driver/Src/stm32f3xx_hal_flash_ex.c **** 
 122              	 .loc 1 960 20 is_stmt 0 view .LVU36
 123 004e F761     	 str r7,[r6,#28]
 124              	 .loc 1 963 5 is_stmt 1 view .LVU37
 125 0050 2369     	 ldr r3,[r4,#16]
 126 0052 43F00203 	 orr r3,r3,#2
 127 0056 2361     	 str r3,[r4,#16]
 964:Drivers/STM32F3xx_HAL_Driver/Src/stm32f3xx_hal_flash_ex.c ****     WRITE_REG(FLASH->AR, PageAddress);
 128              	 .loc 1 964 5 view .LVU38
 129 0058 6561     	 str r5,[r4,#20]
 965:Drivers/STM32F3xx_HAL_Driver/Src/stm32f3xx_hal_flash_ex.c ****     SET_BIT(FLASH->CR, FLASH_CR_STRT);
 130              	 .loc 1 965 5 view .LVU39
 131 005a 2369     	 ldr r3,[r4,#16]
 132 005c 43F04003 	 orr r3,r3,#64
 133 0060 2361     	 str r3,[r4,#16]
 134              	.LVL6:
 135              	 .loc 1 965 5 is_stmt 0 view .LVU40
 136              	.LBE32:
 137              	.LBE33:
 206:Drivers/STM32F3xx_HAL_Driver/Src/stm32f3xx_hal_flash_ex.c ****           
 138              	 .loc 1 206 11 is_stmt 1 view .LVU41
 206:Drivers/STM32F3xx_HAL_Driver/Src/stm32f3xx_hal_flash_ex.c ****           
 139              	 .loc 1 206 20 is_stmt 0 view .LVU42
 140 0062 4CF25030 	 movw r0,#50000
 141 0066 FFF7FEFF 	 bl FLASH_WaitForLastOperation
 142              	.LVL7:
 201:Drivers/STM32F3xx_HAL_Driver/Src/stm32f3xx_hal_flash_ex.c ****         {
 143              	 .loc 1 201 13 is_stmt 1 view .LVU43
 209:Drivers/STM32F3xx_HAL_Driver/Src/stm32f3xx_hal_flash_ex.c ****           
 144              	 .loc 1 209 11 view .LVU44
 145 006a 2369     	 ldr r3,[r4,#16]
 146 006c 23F00203 	 bic r3,r3,#2
 147 0070 2361     	 str r3,[r4,#16]
 211:Drivers/STM32F3xx_HAL_Driver/Src/stm32f3xx_hal_flash_ex.c ****           {
 148              	 .loc 1 211 11 view .LVU45
 211:Drivers/STM32F3xx_HAL_Driver/Src/stm32f3xx_hal_flash_ex.c ****           {
 149              	 .loc 1 211 14 is_stmt 0 view .LVU46
 150 0072 0028     	 cmp r0,#0
 151 0074 E3D0     	 beq .L6
 214:Drivers/STM32F3xx_HAL_Driver/Src/stm32f3xx_hal_flash_ex.c ****             break;
 152              	 .loc 1 214 13 is_stmt 1 view .LVU47
 214:Drivers/STM32F3xx_HAL_Driver/Src/stm32f3xx_hal_flash_ex.c ****             break;
 153              	 .loc 1 214 24 is_stmt 0 view .LVU48
 154 0076 C8F80050 	 str r5,[r8]
ARM GAS   			page 21


 215:Drivers/STM32F3xx_HAL_Driver/Src/stm32f3xx_hal_flash_ex.c ****           }
 155              	 .loc 1 215 13 is_stmt 1 view .LVU49
 156 007a 05E0     	 b .L5
 157              	.LVL8:
 158              	.L12:
 172:Drivers/STM32F3xx_HAL_Driver/Src/stm32f3xx_hal_flash_ex.c ****       {
 159              	 .loc 1 172 7 view .LVU50
 172:Drivers/STM32F3xx_HAL_Driver/Src/stm32f3xx_hal_flash_ex.c ****       {
 160              	 .loc 1 172 11 is_stmt 0 view .LVU51
 161 007c 4CF25030 	 movw r0,#50000
 162              	.LVL9:
 172:Drivers/STM32F3xx_HAL_Driver/Src/stm32f3xx_hal_flash_ex.c ****       {
 163              	 .loc 1 172 11 view .LVU52
 164 0080 FFF7FEFF 	 bl FLASH_WaitForLastOperation
 165              	.LVL10:
 172:Drivers/STM32F3xx_HAL_Driver/Src/stm32f3xx_hal_flash_ex.c ****       {
 166              	 .loc 1 172 10 view .LVU53
 167 0084 20B1     	 cbz r0,.L13
 168              	.L4:
 159:Drivers/STM32F3xx_HAL_Driver/Src/stm32f3xx_hal_flash_ex.c ****   uint32_t address = 0U;
 169              	 .loc 1 159 21 view .LVU54
 170 0086 0120     	 movs r0,#1
 171              	.LVL11:
 172              	.L5:
 222:Drivers/STM32F3xx_HAL_Driver/Src/stm32f3xx_hal_flash_ex.c **** 
 173              	 .loc 1 222 3 is_stmt 1 view .LVU55
 222:Drivers/STM32F3xx_HAL_Driver/Src/stm32f3xx_hal_flash_ex.c **** 
 174              	 .loc 1 222 3 view .LVU56
 175 0088 0023     	 movs r3,#0
 176 008a 3376     	 strb r3,[r6,#24]
 222:Drivers/STM32F3xx_HAL_Driver/Src/stm32f3xx_hal_flash_ex.c **** 
 177              	 .loc 1 222 3 view .LVU57
 224:Drivers/STM32F3xx_HAL_Driver/Src/stm32f3xx_hal_flash_ex.c **** }
 178              	 .loc 1 224 3 view .LVU58
 225:Drivers/STM32F3xx_HAL_Driver/Src/stm32f3xx_hal_flash_ex.c **** 
 179              	 .loc 1 225 1 is_stmt 0 view .LVU59
 180 008c BDE8F883 	 pop {r3,r4,r5,r6,r7,r8,r9,pc}
 181              	.LVL12:
 182              	.L13:
 175:Drivers/STM32F3xx_HAL_Driver/Src/stm32f3xx_hal_flash_ex.c ****         
 183              	 .loc 1 175 9 is_stmt 1 view .LVU60
 184              	.LBB34:
 185              	.LBI34:
 498:Drivers/STM32F3xx_HAL_Driver/Src/stm32f3xx_hal_flash_ex.c **** {
 186              	 .loc 1 498 13 view .LVU61
 187              	.LBB35:
 501:Drivers/STM32F3xx_HAL_Driver/Src/stm32f3xx_hal_flash_ex.c **** 
 188              	 .loc 1 501 3 view .LVU62
 504:Drivers/STM32F3xx_HAL_Driver/Src/stm32f3xx_hal_flash_ex.c ****     SET_BIT(FLASH->CR, FLASH_CR_STRT);
 189              	 .loc 1 504 5 is_stmt 0 view .LVU63
 190 0090 0B4C     	 ldr r4,.L14+4
 501:Drivers/STM32F3xx_HAL_Driver/Src/stm32f3xx_hal_flash_ex.c **** 
 191              	 .loc 1 501 20 view .LVU64
 192 0092 F061     	 str r0,[r6,#28]
 504:Drivers/STM32F3xx_HAL_Driver/Src/stm32f3xx_hal_flash_ex.c ****     SET_BIT(FLASH->CR, FLASH_CR_STRT);
 193              	 .loc 1 504 5 is_stmt 1 view .LVU65
 194 0094 2369     	 ldr r3,[r4,#16]
ARM GAS   			page 22


 195 0096 43F00403 	 orr r3,r3,#4
 196 009a 2361     	 str r3,[r4,#16]
 505:Drivers/STM32F3xx_HAL_Driver/Src/stm32f3xx_hal_flash_ex.c **** }
 197              	 .loc 1 505 5 view .LVU66
 198 009c 2369     	 ldr r3,[r4,#16]
 199 009e 43F04003 	 orr r3,r3,#64
 200 00a2 2361     	 str r3,[r4,#16]
 201              	.LBE35:
 202              	.LBE34:
 178:Drivers/STM32F3xx_HAL_Driver/Src/stm32f3xx_hal_flash_ex.c ****         
 203              	 .loc 1 178 9 view .LVU67
 178:Drivers/STM32F3xx_HAL_Driver/Src/stm32f3xx_hal_flash_ex.c ****         
 204              	 .loc 1 178 18 is_stmt 0 view .LVU68
 205 00a4 4CF25030 	 movw r0,#50000
 206 00a8 FFF7FEFF 	 bl FLASH_WaitForLastOperation
 207              	.LVL13:
 181:Drivers/STM32F3xx_HAL_Driver/Src/stm32f3xx_hal_flash_ex.c ****       }
 208              	 .loc 1 181 9 view .LVU69
 209 00ac 2369     	 ldr r3,[r4,#16]
 210              	.LVL14:
 181:Drivers/STM32F3xx_HAL_Driver/Src/stm32f3xx_hal_flash_ex.c ****       }
 211              	 .loc 1 181 9 is_stmt 1 view .LVU70
 212 00ae 23F00403 	 bic r3,r3,#4
 213 00b2 2361     	 str r3,[r4,#16]
 214 00b4 E8E7     	 b .L5
 215              	.LVL15:
 216              	.L8:
 163:Drivers/STM32F3xx_HAL_Driver/Src/stm32f3xx_hal_flash_ex.c **** 
 217              	 .loc 1 163 3 is_stmt 0 view .LVU71
 218 00b6 0220     	 movs r0,#2
 219              	.LVL16:
 225:Drivers/STM32F3xx_HAL_Driver/Src/stm32f3xx_hal_flash_ex.c **** 
 220              	 .loc 1 225 1 view .LVU72
 221 00b8 BDE8F883 	 pop {r3,r4,r5,r6,r7,r8,r9,pc}
 222              	.L15:
 223              	 .align 2
 224              	.L14:
 225 00bc 00000000 	 .word pFlash
 226 00c0 00200240 	 .word 1073881088
 227              	 .cfi_endproc
 228              	.LFE123:
 230              	 .section .text.HAL_FLASHEx_Erase_IT,"ax",%progbits
 231              	 .align 1
 232              	 .p2align 2,,3
 233              	 .global HAL_FLASHEx_Erase_IT
 234              	 .syntax unified
 235              	 .thumb
 236              	 .thumb_func
 237              	 .fpu fpv4-sp-d16
 239              	HAL_FLASHEx_Erase_IT:
 240              	.LVL17:
 241              	.LFB124:
 239:Drivers/STM32F3xx_HAL_Driver/Src/stm32f3xx_hal_flash_ex.c ****   HAL_StatusTypeDef status = HAL_OK;
 242              	 .loc 1 239 1 is_stmt 1 view-0
 243              	 .cfi_startproc
 244              	 
 245              	 
ARM GAS   			page 23


 246              	 
 240:Drivers/STM32F3xx_HAL_Driver/Src/stm32f3xx_hal_flash_ex.c **** 
 247              	 .loc 1 240 3 view .LVU74
 243:Drivers/STM32F3xx_HAL_Driver/Src/stm32f3xx_hal_flash_ex.c **** 
 248              	 .loc 1 243 3 view .LVU75
 243:Drivers/STM32F3xx_HAL_Driver/Src/stm32f3xx_hal_flash_ex.c **** 
 249              	 .loc 1 243 3 view .LVU76
 250 0000 1E4B     	 ldr r3,.L26
 251 0002 1A7E     	 ldrb r2,[r3,#24]
 252 0004 012A     	 cmp r2,#1
 253 0006 36D0     	 beq .L19
 243:Drivers/STM32F3xx_HAL_Driver/Src/stm32f3xx_hal_flash_ex.c **** 
 254              	 .loc 1 243 3 discriminator 2 view .LVU77
 246:Drivers/STM32F3xx_HAL_Driver/Src/stm32f3xx_hal_flash_ex.c ****   {
 255              	 .loc 1 246 13 is_stmt 0 discriminator 2 view .LVU78
 256 0008 1A78     	 ldrb r2,[r3]
 243:Drivers/STM32F3xx_HAL_Driver/Src/stm32f3xx_hal_flash_ex.c **** 
 257              	 .loc 1 243 3 discriminator 2 view .LVU79
 258 000a 4FF0010C 	 mov ip,#1
 259 000e 83F818C0 	 strb ip,[r3,#24]
 243:Drivers/STM32F3xx_HAL_Driver/Src/stm32f3xx_hal_flash_ex.c **** 
 260              	 .loc 1 243 3 is_stmt 1 discriminator 2 view .LVU80
 246:Drivers/STM32F3xx_HAL_Driver/Src/stm32f3xx_hal_flash_ex.c ****   {
 261              	 .loc 1 246 3 discriminator 2 view .LVU81
 246:Drivers/STM32F3xx_HAL_Driver/Src/stm32f3xx_hal_flash_ex.c ****   {
 262              	 .loc 1 246 6 is_stmt 0 discriminator 2 view .LVU82
 263 0012 02F0FF01 	 and r1,r2,#255
 264 0016 E2B9     	 cbnz r2,.L20
 252:Drivers/STM32F3xx_HAL_Driver/Src/stm32f3xx_hal_flash_ex.c **** 
 265              	 .loc 1 252 3 is_stmt 1 view .LVU83
 255:Drivers/STM32F3xx_HAL_Driver/Src/stm32f3xx_hal_flash_ex.c **** 
 266              	 .loc 1 255 3 view .LVU84
 267 0018 194A     	 ldr r2,.L26+4
 239:Drivers/STM32F3xx_HAL_Driver/Src/stm32f3xx_hal_flash_ex.c ****   HAL_StatusTypeDef status = HAL_OK;
 268              	 .loc 1 239 1 is_stmt 0 view .LVU85
 269 001a 10B4     	 push {r4}
 270              	 .cfi_def_cfa_offset 4
 271              	 .cfi_offset 4,-4
 255:Drivers/STM32F3xx_HAL_Driver/Src/stm32f3xx_hal_flash_ex.c **** 
 272              	 .loc 1 255 3 view .LVU86
 273 001c 1469     	 ldr r4,[r2,#16]
 274 001e 44F4A054 	 orr r4,r4,#5120
 275 0022 1461     	 str r4,[r2,#16]
 257:Drivers/STM32F3xx_HAL_Driver/Src/stm32f3xx_hal_flash_ex.c ****   {
 276              	 .loc 1 257 3 is_stmt 1 view .LVU87
 257:Drivers/STM32F3xx_HAL_Driver/Src/stm32f3xx_hal_flash_ex.c ****   {
 277              	 .loc 1 257 6 is_stmt 0 view .LVU88
 278 0024 0468     	 ldr r4,[r0]
 279 0026 6445     	 cmp r4,ip
 280 0028 16D0     	 beq .L25
 268:Drivers/STM32F3xx_HAL_Driver/Src/stm32f3xx_hal_flash_ex.c ****     assert_param(IS_FLASH_NB_PAGES(pEraseInit->PageAddress, pEraseInit->NbPages));
 281              	 .loc 1 268 5 is_stmt 1 view .LVU89
 269:Drivers/STM32F3xx_HAL_Driver/Src/stm32f3xx_hal_flash_ex.c **** 
 282              	 .loc 1 269 5 view .LVU90
 271:Drivers/STM32F3xx_HAL_Driver/Src/stm32f3xx_hal_flash_ex.c ****     pFlash.DataRemaining = pEraseInit->NbPages;
 283              	 .loc 1 271 5 view .LVU91
 273:Drivers/STM32F3xx_HAL_Driver/Src/stm32f3xx_hal_flash_ex.c **** 
ARM GAS   			page 24


 284              	 .loc 1 273 32 is_stmt 0 view .LVU92
 285 002a D0E90104 	 ldrd r0,r4,[r0,#4]
 286              	.LVL18:
 271:Drivers/STM32F3xx_HAL_Driver/Src/stm32f3xx_hal_flash_ex.c ****     pFlash.DataRemaining = pEraseInit->NbPages;
 287              	 .loc 1 271 29 view .LVU93
 288 002e 83F800C0 	 strb ip,[r3]
 272:Drivers/STM32F3xx_HAL_Driver/Src/stm32f3xx_hal_flash_ex.c ****     pFlash.Address = pEraseInit->PageAddress;
 289              	 .loc 1 272 5 is_stmt 1 view .LVU94
 272:Drivers/STM32F3xx_HAL_Driver/Src/stm32f3xx_hal_flash_ex.c ****     pFlash.Address = pEraseInit->PageAddress;
 290              	 .loc 1 272 26 is_stmt 0 view .LVU95
 291 0032 5C60     	 str r4,[r3,#4]
 273:Drivers/STM32F3xx_HAL_Driver/Src/stm32f3xx_hal_flash_ex.c **** 
 292              	 .loc 1 273 5 is_stmt 1 view .LVU96
 273:Drivers/STM32F3xx_HAL_Driver/Src/stm32f3xx_hal_flash_ex.c **** 
 293              	 .loc 1 273 20 is_stmt 0 view .LVU97
 294 0034 9860     	 str r0,[r3,#8]
 276:Drivers/STM32F3xx_HAL_Driver/Src/stm32f3xx_hal_flash_ex.c ****   }
 295              	 .loc 1 276 5 is_stmt 1 view .LVU98
 296              	.LVL19:
 297              	.LBB36:
 298              	.LBI36:
 957:Drivers/STM32F3xx_HAL_Driver/Src/stm32f3xx_hal_flash_ex.c **** {
 299              	 .loc 1 957 6 view .LVU99
 300              	.LBB37:
 960:Drivers/STM32F3xx_HAL_Driver/Src/stm32f3xx_hal_flash_ex.c **** 
 301              	 .loc 1 960 3 view .LVU100
 960:Drivers/STM32F3xx_HAL_Driver/Src/stm32f3xx_hal_flash_ex.c **** 
 302              	 .loc 1 960 20 is_stmt 0 view .LVU101
 303 0036 D961     	 str r1,[r3,#28]
 963:Drivers/STM32F3xx_HAL_Driver/Src/stm32f3xx_hal_flash_ex.c ****     WRITE_REG(FLASH->AR, PageAddress);
 304              	 .loc 1 963 5 is_stmt 1 view .LVU102
 305 0038 1369     	 ldr r3,[r2,#16]
 306              	.LBE37:
 307              	.LBE36:
 280:Drivers/STM32F3xx_HAL_Driver/Src/stm32f3xx_hal_flash_ex.c **** 
 308              	 .loc 1 280 1 is_stmt 0 view .LVU103
 309 003a 5DF8044B 	 ldr r4,[sp],#4
 310              	 .cfi_restore 4
 311              	 .cfi_def_cfa_offset 0
 312              	.LBB40:
 313              	.LBB38:
 963:Drivers/STM32F3xx_HAL_Driver/Src/stm32f3xx_hal_flash_ex.c ****     WRITE_REG(FLASH->AR, PageAddress);
 314              	 .loc 1 963 5 view .LVU104
 315 003e 43F00203 	 orr r3,r3,#2
 316 0042 1361     	 str r3,[r2,#16]
 964:Drivers/STM32F3xx_HAL_Driver/Src/stm32f3xx_hal_flash_ex.c ****     SET_BIT(FLASH->CR, FLASH_CR_STRT);
 317              	 .loc 1 964 5 is_stmt 1 view .LVU105
 318 0044 5061     	 str r0,[r2,#20]
 319              	 .loc 1 965 5 view .LVU106
 320 0046 1369     	 ldr r3,[r2,#16]
 321 0048 43F04003 	 orr r3,r3,#64
 322              	.LBE38:
 323              	.LBE40:
 280:Drivers/STM32F3xx_HAL_Driver/Src/stm32f3xx_hal_flash_ex.c **** 
 324              	 .loc 1 280 1 is_stmt 0 view .LVU107
 325 004c 0846     	 mov r0,r1
 326              	.LVL20:
ARM GAS   			page 25


 327              	.LBB41:
 328              	.LBB39:
 329              	 .loc 1 965 5 view .LVU108
 330 004e 1361     	 str r3,[r2,#16]
 331              	.LVL21:
 332              	 .loc 1 965 5 view .LVU109
 333              	.LBE39:
 334              	.LBE41:
 280:Drivers/STM32F3xx_HAL_Driver/Src/stm32f3xx_hal_flash_ex.c **** 
 335              	 .loc 1 280 1 view .LVU110
 336 0050 7047     	 bx lr
 337              	.LVL22:
 338              	.L20:
 248:Drivers/STM32F3xx_HAL_Driver/Src/stm32f3xx_hal_flash_ex.c ****   }
 339              	 .loc 1 248 12 view .LVU111
 340 0052 6146     	 mov r1,ip
 280:Drivers/STM32F3xx_HAL_Driver/Src/stm32f3xx_hal_flash_ex.c **** 
 341              	 .loc 1 280 1 view .LVU112
 342 0054 0846     	 mov r0,r1
 343              	.LVL23:
 280:Drivers/STM32F3xx_HAL_Driver/Src/stm32f3xx_hal_flash_ex.c **** 
 344              	 .loc 1 280 1 view .LVU113
 345 0056 7047     	 bx lr
 346              	.LVL24:
 347              	.L25:
 348              	 .cfi_def_cfa_offset 4
 349              	 .cfi_offset 4,-4
 260:Drivers/STM32F3xx_HAL_Driver/Src/stm32f3xx_hal_flash_ex.c ****         FLASH_MassErase();
 350              	 .loc 1 260 5 is_stmt 1 view .LVU114
 260:Drivers/STM32F3xx_HAL_Driver/Src/stm32f3xx_hal_flash_ex.c ****         FLASH_MassErase();
 351              	 .loc 1 260 29 is_stmt 0 view .LVU115
 352 0058 0220     	 movs r0,#2
 353              	.LVL25:
 260:Drivers/STM32F3xx_HAL_Driver/Src/stm32f3xx_hal_flash_ex.c ****         FLASH_MassErase();
 354              	 .loc 1 260 29 view .LVU116
 355 005a 1870     	 strb r0,[r3]
 261:Drivers/STM32F3xx_HAL_Driver/Src/stm32f3xx_hal_flash_ex.c ****   }
 356              	 .loc 1 261 9 is_stmt 1 view .LVU117
 357              	.LBB42:
 358              	.LBI42:
 498:Drivers/STM32F3xx_HAL_Driver/Src/stm32f3xx_hal_flash_ex.c **** {
 359              	 .loc 1 498 13 view .LVU118
 360              	.LBB43:
 501:Drivers/STM32F3xx_HAL_Driver/Src/stm32f3xx_hal_flash_ex.c **** 
 361              	 .loc 1 501 3 view .LVU119
 501:Drivers/STM32F3xx_HAL_Driver/Src/stm32f3xx_hal_flash_ex.c **** 
 362              	 .loc 1 501 20 is_stmt 0 view .LVU120
 363 005c D961     	 str r1,[r3,#28]
 504:Drivers/STM32F3xx_HAL_Driver/Src/stm32f3xx_hal_flash_ex.c ****     SET_BIT(FLASH->CR, FLASH_CR_STRT);
 364              	 .loc 1 504 5 is_stmt 1 view .LVU121
 365 005e 1369     	 ldr r3,[r2,#16]
 366              	.LBE43:
 367              	.LBE42:
 280:Drivers/STM32F3xx_HAL_Driver/Src/stm32f3xx_hal_flash_ex.c **** 
 368              	 .loc 1 280 1 is_stmt 0 view .LVU122
 369 0060 5DF8044B 	 ldr r4,[sp],#4
 370              	 .cfi_restore 4
ARM GAS   			page 26


 371              	 .cfi_def_cfa_offset 0
 372              	.LBB46:
 373              	.LBB44:
 504:Drivers/STM32F3xx_HAL_Driver/Src/stm32f3xx_hal_flash_ex.c ****     SET_BIT(FLASH->CR, FLASH_CR_STRT);
 374              	 .loc 1 504 5 view .LVU123
 375 0064 43F00403 	 orr r3,r3,#4
 376 0068 1361     	 str r3,[r2,#16]
 505:Drivers/STM32F3xx_HAL_Driver/Src/stm32f3xx_hal_flash_ex.c **** }
 377              	 .loc 1 505 5 is_stmt 1 view .LVU124
 378 006a 1369     	 ldr r3,[r2,#16]
 379 006c 43F04003 	 orr r3,r3,#64
 380              	.LBE44:
 381              	.LBE46:
 280:Drivers/STM32F3xx_HAL_Driver/Src/stm32f3xx_hal_flash_ex.c **** 
 382              	 .loc 1 280 1 is_stmt 0 view .LVU125
 383 0070 0846     	 mov r0,r1
 384              	.LBB47:
 385              	.LBB45:
 505:Drivers/STM32F3xx_HAL_Driver/Src/stm32f3xx_hal_flash_ex.c **** }
 386              	 .loc 1 505 5 view .LVU126
 387 0072 1361     	 str r3,[r2,#16]
 388              	.LBE45:
 389              	.LBE47:
 280:Drivers/STM32F3xx_HAL_Driver/Src/stm32f3xx_hal_flash_ex.c **** 
 390              	 .loc 1 280 1 view .LVU127
 391 0074 7047     	 bx lr
 392              	.LVL26:
 393              	.L19:
 243:Drivers/STM32F3xx_HAL_Driver/Src/stm32f3xx_hal_flash_ex.c **** 
 394              	 .loc 1 243 3 view .LVU128
 395 0076 0221     	 movs r1,#2
 280:Drivers/STM32F3xx_HAL_Driver/Src/stm32f3xx_hal_flash_ex.c **** 
 396              	 .loc 1 280 1 view .LVU129
 397 0078 0846     	 mov r0,r1
 398              	.LVL27:
 280:Drivers/STM32F3xx_HAL_Driver/Src/stm32f3xx_hal_flash_ex.c **** 
 399              	 .loc 1 280 1 view .LVU130
 400 007a 7047     	 bx lr
 401              	.L27:
 402              	 .align 2
 403              	.L26:
 404 007c 00000000 	 .word pFlash
 405 0080 00200240 	 .word 1073881088
 406              	 .cfi_endproc
 407              	.LFE124:
 409              	 .section .text.HAL_FLASHEx_OBErase,"ax",%progbits
 410              	 .align 1
 411              	 .p2align 2,,3
 412              	 .global HAL_FLASHEx_OBErase
 413              	 .syntax unified
 414              	 .thumb
 415              	 .thumb_func
 416              	 .fpu fpv4-sp-d16
 418              	HAL_FLASHEx_OBErase:
 419              	.LFB125:
 312:Drivers/STM32F3xx_HAL_Driver/Src/stm32f3xx_hal_flash_ex.c ****   uint8_t rdptmp = OB_RDP_LEVEL_0;
 420              	 .loc 1 312 1 is_stmt 1 view-0
ARM GAS   			page 27


 421              	 .cfi_startproc
 422              	 
 423              	 
 313:Drivers/STM32F3xx_HAL_Driver/Src/stm32f3xx_hal_flash_ex.c ****   HAL_StatusTypeDef status = HAL_ERROR;
 424              	 .loc 1 313 3 view .LVU132
 425              	.LVL28:
 314:Drivers/STM32F3xx_HAL_Driver/Src/stm32f3xx_hal_flash_ex.c **** 
 426              	 .loc 1 314 3 view .LVU133
 317:Drivers/STM32F3xx_HAL_Driver/Src/stm32f3xx_hal_flash_ex.c **** 
 427              	 .loc 1 317 3 view .LVU134
 428              	.LBB54:
 429              	.LBI54:
 893:Drivers/STM32F3xx_HAL_Driver/Src/stm32f3xx_hal_flash_ex.c **** {
 430              	 .loc 1 893 17 view .LVU135
 431              	.LBB55:
 895:Drivers/STM32F3xx_HAL_Driver/Src/stm32f3xx_hal_flash_ex.c ****   
 432              	 .loc 1 895 3 view .LVU136
 899:Drivers/STM32F3xx_HAL_Driver/Src/stm32f3xx_hal_flash_ex.c **** #elif defined(FLASH_OBR_LEVEL1_PROT)
 433              	 .loc 1 899 3 view .LVU137
 899:Drivers/STM32F3xx_HAL_Driver/Src/stm32f3xx_hal_flash_ex.c **** #elif defined(FLASH_OBR_LEVEL1_PROT)
 434              	 .loc 1 899 13 is_stmt 0 view .LVU138
 435 0000 274B     	 ldr r3,.L35
 436 0002 DB69     	 ldr r3,[r3,#28]
 899:Drivers/STM32F3xx_HAL_Driver/Src/stm32f3xx_hal_flash_ex.c **** #elif defined(FLASH_OBR_LEVEL1_PROT)
 437              	 .loc 1 899 11 view .LVU139
 438 0004 03F00603 	 and r3,r3,#6
 439              	.LVL29:
 905:Drivers/STM32F3xx_HAL_Driver/Src/stm32f3xx_hal_flash_ex.c **** #elif defined(FLASH_OBR_LEVEL1_PROT)
 440              	 .loc 1 905 3 is_stmt 1 view .LVU140
 905:Drivers/STM32F3xx_HAL_Driver/Src/stm32f3xx_hal_flash_ex.c **** #elif defined(FLASH_OBR_LEVEL1_PROT)
 441              	 .loc 1 905 6 is_stmt 0 view .LVU141
 442 0008 062B     	 cmp r3,#6
 443              	.LBE55:
 444              	.LBE54:
 312:Drivers/STM32F3xx_HAL_Driver/Src/stm32f3xx_hal_flash_ex.c ****   uint8_t rdptmp = OB_RDP_LEVEL_0;
 445              	 .loc 1 312 1 view .LVU142
 446 000a 70B5     	 push {r4,r5,r6,lr}
 447              	 .cfi_def_cfa_offset 16
 448              	 .cfi_offset 4,-16
 449              	 .cfi_offset 5,-12
 450              	 .cfi_offset 6,-8
 451              	 .cfi_offset 14,-4
 452              	.LBB58:
 453              	.LBB56:
 905:Drivers/STM32F3xx_HAL_Driver/Src/stm32f3xx_hal_flash_ex.c **** #elif defined(FLASH_OBR_LEVEL1_PROT)
 454              	 .loc 1 905 6 view .LVU143
 455 000c 46D0     	 beq .L31
 912:Drivers/STM32F3xx_HAL_Driver/Src/stm32f3xx_hal_flash_ex.c ****   {
 456              	 .loc 1 912 8 is_stmt 1 view .LVU144
 912:Drivers/STM32F3xx_HAL_Driver/Src/stm32f3xx_hal_flash_ex.c ****   {
 457              	 .loc 1 912 11 is_stmt 0 view .LVU145
 458 000e 002B     	 cmp r3,#0
 459 0010 0CBF     	 ite eq
 460 0012 AA25     	 moveq r5,#170
 461 0014 BB25     	 movne r5,#187
 462              	.L29:
 463              	.LVL30:
ARM GAS   			page 28


 912:Drivers/STM32F3xx_HAL_Driver/Src/stm32f3xx_hal_flash_ex.c ****   {
 464              	 .loc 1 912 11 view .LVU146
 465              	.LBE56:
 466              	.LBE58:
 320:Drivers/STM32F3xx_HAL_Driver/Src/stm32f3xx_hal_flash_ex.c **** 
 467              	 .loc 1 320 3 is_stmt 1 view .LVU147
 320:Drivers/STM32F3xx_HAL_Driver/Src/stm32f3xx_hal_flash_ex.c **** 
 468              	 .loc 1 320 12 is_stmt 0 view .LVU148
 469 0016 4CF25030 	 movw r0,#50000
 470 001a FFF7FEFF 	 bl FLASH_WaitForLastOperation
 471              	.LVL31:
 322:Drivers/STM32F3xx_HAL_Driver/Src/stm32f3xx_hal_flash_ex.c ****   {
 472              	 .loc 1 322 3 is_stmt 1 view .LVU149
 322:Drivers/STM32F3xx_HAL_Driver/Src/stm32f3xx_hal_flash_ex.c ****   {
 473              	 .loc 1 322 5 is_stmt 0 view .LVU150
 474 001e 00B1     	 cbz r0,.L34
 475              	.LVL32:
 476              	.L30:
 345:Drivers/STM32F3xx_HAL_Driver/Src/stm32f3xx_hal_flash_ex.c **** }
 477              	 .loc 1 345 3 is_stmt 1 view .LVU151
 346:Drivers/STM32F3xx_HAL_Driver/Src/stm32f3xx_hal_flash_ex.c **** 
 478              	 .loc 1 346 1 is_stmt 0 view .LVU152
 479 0020 70BD     	 pop {r4,r5,r6,pc}
 480              	.L34:
 325:Drivers/STM32F3xx_HAL_Driver/Src/stm32f3xx_hal_flash_ex.c **** 
 481              	 .loc 1 325 5 is_stmt 1 view .LVU153
 325:Drivers/STM32F3xx_HAL_Driver/Src/stm32f3xx_hal_flash_ex.c **** 
 482              	 .loc 1 325 22 is_stmt 0 view .LVU154
 483 0022 204E     	 ldr r6,.L35+4
 328:Drivers/STM32F3xx_HAL_Driver/Src/stm32f3xx_hal_flash_ex.c ****     SET_BIT(FLASH->CR, FLASH_CR_STRT);
 484              	 .loc 1 328 5 view .LVU155
 485 0024 1E4C     	 ldr r4,.L35
 325:Drivers/STM32F3xx_HAL_Driver/Src/stm32f3xx_hal_flash_ex.c **** 
 486              	 .loc 1 325 22 view .LVU156
 487 0026 F061     	 str r0,[r6,#28]
 328:Drivers/STM32F3xx_HAL_Driver/Src/stm32f3xx_hal_flash_ex.c ****     SET_BIT(FLASH->CR, FLASH_CR_STRT);
 488              	 .loc 1 328 5 is_stmt 1 view .LVU157
 489 0028 2369     	 ldr r3,[r4,#16]
 490 002a 43F02003 	 orr r3,r3,#32
 491 002e 2361     	 str r3,[r4,#16]
 329:Drivers/STM32F3xx_HAL_Driver/Src/stm32f3xx_hal_flash_ex.c **** 
 492              	 .loc 1 329 5 view .LVU158
 493 0030 2369     	 ldr r3,[r4,#16]
 494 0032 43F04003 	 orr r3,r3,#64
 495 0036 2361     	 str r3,[r4,#16]
 332:Drivers/STM32F3xx_HAL_Driver/Src/stm32f3xx_hal_flash_ex.c **** 
 496              	 .loc 1 332 5 view .LVU159
 332:Drivers/STM32F3xx_HAL_Driver/Src/stm32f3xx_hal_flash_ex.c **** 
 497              	 .loc 1 332 14 is_stmt 0 view .LVU160
 498 0038 4CF25030 	 movw r0,#50000
 499              	.LVL33:
 332:Drivers/STM32F3xx_HAL_Driver/Src/stm32f3xx_hal_flash_ex.c **** 
 500              	 .loc 1 332 14 view .LVU161
 501 003c FFF7FEFF 	 bl FLASH_WaitForLastOperation
 502              	.LVL34:
 335:Drivers/STM32F3xx_HAL_Driver/Src/stm32f3xx_hal_flash_ex.c **** 
 503              	 .loc 1 335 5 is_stmt 1 view .LVU162
ARM GAS   			page 29


 504 0040 2369     	 ldr r3,[r4,#16]
 505 0042 23F02003 	 bic r3,r3,#32
 506 0046 2361     	 str r3,[r4,#16]
 337:Drivers/STM32F3xx_HAL_Driver/Src/stm32f3xx_hal_flash_ex.c ****     {
 507              	 .loc 1 337 5 view .LVU163
 337:Drivers/STM32F3xx_HAL_Driver/Src/stm32f3xx_hal_flash_ex.c ****     {
 508              	 .loc 1 337 7 is_stmt 0 view .LVU164
 509 0048 0028     	 cmp r0,#0
 510 004a E9D1     	 bne .L30
 340:Drivers/STM32F3xx_HAL_Driver/Src/stm32f3xx_hal_flash_ex.c ****     }
 511              	 .loc 1 340 7 is_stmt 1 view .LVU165
 512              	.LVL35:
 513              	.LBB59:
 514              	.LBI59:
 741:Drivers/STM32F3xx_HAL_Driver/Src/stm32f3xx_hal_flash_ex.c **** {
 515              	 .loc 1 741 26 view .LVU166
 516              	.LBB60:
 743:Drivers/STM32F3xx_HAL_Driver/Src/stm32f3xx_hal_flash_ex.c ****   
 517              	 .loc 1 743 3 view .LVU167
 746:Drivers/STM32F3xx_HAL_Driver/Src/stm32f3xx_hal_flash_ex.c ****   
 518              	 .loc 1 746 3 view .LVU168
 749:Drivers/STM32F3xx_HAL_Driver/Src/stm32f3xx_hal_flash_ex.c ****   
 519              	 .loc 1 749 3 view .LVU169
 749:Drivers/STM32F3xx_HAL_Driver/Src/stm32f3xx_hal_flash_ex.c ****   
 520              	 .loc 1 749 12 is_stmt 0 view .LVU170
 521 004c 4CF25030 	 movw r0,#50000
 522              	.LVL36:
 749:Drivers/STM32F3xx_HAL_Driver/Src/stm32f3xx_hal_flash_ex.c ****   
 523              	 .loc 1 749 12 view .LVU171
 524 0050 FFF7FEFF 	 bl FLASH_WaitForLastOperation
 525              	.LVL37:
 751:Drivers/STM32F3xx_HAL_Driver/Src/stm32f3xx_hal_flash_ex.c ****   { 
 526              	 .loc 1 751 3 is_stmt 1 view .LVU172
 751:Drivers/STM32F3xx_HAL_Driver/Src/stm32f3xx_hal_flash_ex.c ****   { 
 527              	 .loc 1 751 5 is_stmt 0 view .LVU173
 528 0054 0028     	 cmp r0,#0
 529 0056 E3D1     	 bne .L30
 754:Drivers/STM32F3xx_HAL_Driver/Src/stm32f3xx_hal_flash_ex.c ****     
 530              	 .loc 1 754 5 is_stmt 1 view .LVU174
 754:Drivers/STM32F3xx_HAL_Driver/Src/stm32f3xx_hal_flash_ex.c ****     
 531              	 .loc 1 754 22 is_stmt 0 view .LVU175
 532 0058 F061     	 str r0,[r6,#28]
 757:Drivers/STM32F3xx_HAL_Driver/Src/stm32f3xx_hal_flash_ex.c ****     SET_BIT(FLASH->CR, FLASH_CR_STRT);
 533              	 .loc 1 757 5 is_stmt 1 view .LVU176
 534 005a 2369     	 ldr r3,[r4,#16]
 535 005c 43F02003 	 orr r3,r3,#32
 536 0060 2361     	 str r3,[r4,#16]
 758:Drivers/STM32F3xx_HAL_Driver/Src/stm32f3xx_hal_flash_ex.c **** 
 537              	 .loc 1 758 5 view .LVU177
 538 0062 2369     	 ldr r3,[r4,#16]
 539 0064 43F04003 	 orr r3,r3,#64
 540 0068 2361     	 str r3,[r4,#16]
 761:Drivers/STM32F3xx_HAL_Driver/Src/stm32f3xx_hal_flash_ex.c **** 
 541              	 .loc 1 761 5 view .LVU178
 761:Drivers/STM32F3xx_HAL_Driver/Src/stm32f3xx_hal_flash_ex.c **** 
 542              	 .loc 1 761 14 is_stmt 0 view .LVU179
 543 006a 4CF25030 	 movw r0,#50000
ARM GAS   			page 30


 544              	.LVL38:
 761:Drivers/STM32F3xx_HAL_Driver/Src/stm32f3xx_hal_flash_ex.c **** 
 545              	 .loc 1 761 14 view .LVU180
 546 006e FFF7FEFF 	 bl FLASH_WaitForLastOperation
 547              	.LVL39:
 764:Drivers/STM32F3xx_HAL_Driver/Src/stm32f3xx_hal_flash_ex.c **** 
 548              	 .loc 1 764 5 is_stmt 1 view .LVU181
 549 0072 2369     	 ldr r3,[r4,#16]
 550 0074 23F02003 	 bic r3,r3,#32
 551 0078 2361     	 str r3,[r4,#16]
 766:Drivers/STM32F3xx_HAL_Driver/Src/stm32f3xx_hal_flash_ex.c ****     {
 552              	 .loc 1 766 5 view .LVU182
 766:Drivers/STM32F3xx_HAL_Driver/Src/stm32f3xx_hal_flash_ex.c ****     {
 553              	 .loc 1 766 7 is_stmt 0 view .LVU183
 554 007a 0028     	 cmp r0,#0
 555 007c D0D1     	 bne .L30
 556              	.LVL40:
 557              	.LBB61:
 558              	.LBI61:
 741:Drivers/STM32F3xx_HAL_Driver/Src/stm32f3xx_hal_flash_ex.c **** {
 559              	 .loc 1 741 26 is_stmt 1 view .LVU184
 560              	.LBB62:
 769:Drivers/STM32F3xx_HAL_Driver/Src/stm32f3xx_hal_flash_ex.c ****       
 561              	 .loc 1 769 7 view .LVU185
 562 007e 2369     	 ldr r3,[r4,#16]
 771:Drivers/STM32F3xx_HAL_Driver/Src/stm32f3xx_hal_flash_ex.c ****       
 563              	 .loc 1 771 7 is_stmt 0 view .LVU186
 564 0080 094A     	 ldr r2,.L35+8
 769:Drivers/STM32F3xx_HAL_Driver/Src/stm32f3xx_hal_flash_ex.c ****       
 565              	 .loc 1 769 7 view .LVU187
 566 0082 43F01003 	 orr r3,r3,#16
 567 0086 2361     	 str r3,[r4,#16]
 771:Drivers/STM32F3xx_HAL_Driver/Src/stm32f3xx_hal_flash_ex.c ****       
 568              	 .loc 1 771 7 is_stmt 1 view .LVU188
 774:Drivers/STM32F3xx_HAL_Driver/Src/stm32f3xx_hal_flash_ex.c ****       
 569              	 .loc 1 774 16 is_stmt 0 view .LVU189
 570 0088 4CF25030 	 movw r0,#50000
 571              	.LVL41:
 771:Drivers/STM32F3xx_HAL_Driver/Src/stm32f3xx_hal_flash_ex.c ****       
 572              	 .loc 1 771 7 view .LVU190
 573 008c 1580     	 strh r5,[r2]
 774:Drivers/STM32F3xx_HAL_Driver/Src/stm32f3xx_hal_flash_ex.c ****       
 574              	 .loc 1 774 7 is_stmt 1 view .LVU191
 774:Drivers/STM32F3xx_HAL_Driver/Src/stm32f3xx_hal_flash_ex.c ****       
 575              	 .loc 1 774 16 is_stmt 0 view .LVU192
 576 008e FFF7FEFF 	 bl FLASH_WaitForLastOperation
 577              	.LVL42:
 777:Drivers/STM32F3xx_HAL_Driver/Src/stm32f3xx_hal_flash_ex.c ****     }
 578              	 .loc 1 777 7 view .LVU193
 579 0092 2369     	 ldr r3,[r4,#16]
 580              	.LVL43:
 777:Drivers/STM32F3xx_HAL_Driver/Src/stm32f3xx_hal_flash_ex.c ****     }
 581              	 .loc 1 777 7 is_stmt 1 view .LVU194
 582 0094 23F01003 	 bic r3,r3,#16
 583 0098 2361     	 str r3,[r4,#16]
 781:Drivers/STM32F3xx_HAL_Driver/Src/stm32f3xx_hal_flash_ex.c **** }
 584              	 .loc 1 781 3 view .LVU195
ARM GAS   			page 31


 585              	.LVL44:
 781:Drivers/STM32F3xx_HAL_Driver/Src/stm32f3xx_hal_flash_ex.c **** }
 586              	 .loc 1 781 3 is_stmt 0 view .LVU196
 587              	.LBE62:
 588              	.LBE61:
 589              	.LBE60:
 590              	.LBE59:
 345:Drivers/STM32F3xx_HAL_Driver/Src/stm32f3xx_hal_flash_ex.c **** }
 591              	 .loc 1 345 3 is_stmt 1 view .LVU197
 346:Drivers/STM32F3xx_HAL_Driver/Src/stm32f3xx_hal_flash_ex.c **** 
 592              	 .loc 1 346 1 is_stmt 0 view .LVU198
 593 009a 70BD     	 pop {r4,r5,r6,pc}
 594              	.LVL45:
 595              	.L31:
 596              	.LBB63:
 597              	.LBB57:
 346:Drivers/STM32F3xx_HAL_Driver/Src/stm32f3xx_hal_flash_ex.c **** 
 598              	 .loc 1 346 1 view .LVU199
 599 009c CC25     	 movs r5,#204
 600 009e BAE7     	 b .L29
 601              	.L36:
 602              	 .align 2
 603              	.L35:
 604 00a0 00200240 	 .word 1073881088
 605 00a4 00000000 	 .word pFlash
 606 00a8 00F8FF1F 	 .word 536868864
 607              	.LBE57:
 608              	.LBE63:
 609              	 .cfi_endproc
 610              	.LFE125:
 612              	 .section .text.HAL_FLASHEx_OBProgram,"ax",%progbits
 613              	 .align 1
 614              	 .p2align 2,,3
 615              	 .global HAL_FLASHEx_OBProgram
 616              	 .syntax unified
 617              	 .thumb
 618              	 .thumb_func
 619              	 .fpu fpv4-sp-d16
 621              	HAL_FLASHEx_OBProgram:
 622              	.LVL46:
 623              	.LFB126:
 361:Drivers/STM32F3xx_HAL_Driver/Src/stm32f3xx_hal_flash_ex.c ****   HAL_StatusTypeDef status = HAL_ERROR;
 624              	 .loc 1 361 1 is_stmt 1 view-0
 625              	 .cfi_startproc
 626              	 
 627              	 
 362:Drivers/STM32F3xx_HAL_Driver/Src/stm32f3xx_hal_flash_ex.c **** 
 628              	 .loc 1 362 3 view .LVU201
 365:Drivers/STM32F3xx_HAL_Driver/Src/stm32f3xx_hal_flash_ex.c **** 
 629              	 .loc 1 365 3 view .LVU202
 365:Drivers/STM32F3xx_HAL_Driver/Src/stm32f3xx_hal_flash_ex.c **** 
 630              	 .loc 1 365 3 view .LVU203
 361:Drivers/STM32F3xx_HAL_Driver/Src/stm32f3xx_hal_flash_ex.c ****   HAL_StatusTypeDef status = HAL_ERROR;
 631              	 .loc 1 361 1 is_stmt 0 view .LVU204
 632 0000 2DE9F843 	 push {r3,r4,r5,r6,r7,r8,r9,lr}
 633              	 .cfi_def_cfa_offset 32
 634              	 .cfi_offset 3,-32
ARM GAS   			page 32


 635              	 .cfi_offset 4,-28
 636              	 .cfi_offset 5,-24
 637              	 .cfi_offset 6,-20
 638              	 .cfi_offset 7,-16
 639              	 .cfi_offset 8,-12
 640              	 .cfi_offset 9,-8
 641              	 .cfi_offset 14,-4
 365:Drivers/STM32F3xx_HAL_Driver/Src/stm32f3xx_hal_flash_ex.c **** 
 642              	 .loc 1 365 3 view .LVU205
 643 0004 8B4E     	 ldr r6,.L88
 644 0006 337E     	 ldrb r3,[r6,#24]
 645 0008 012B     	 cmp r3,#1
 646 000a 00F0E680 	 beq .L59
 365:Drivers/STM32F3xx_HAL_Driver/Src/stm32f3xx_hal_flash_ex.c **** 
 647              	 .loc 1 365 3 is_stmt 1 discriminator 2 view .LVU206
 648 000e 0124     	 movs r4,#1
 649 0010 3476     	 strb r4,[r6,#24]
 365:Drivers/STM32F3xx_HAL_Driver/Src/stm32f3xx_hal_flash_ex.c **** 
 650              	 .loc 1 365 3 discriminator 2 view .LVU207
 368:Drivers/STM32F3xx_HAL_Driver/Src/stm32f3xx_hal_flash_ex.c **** 
 651              	 .loc 1 368 3 discriminator 2 view .LVU208
 371:Drivers/STM32F3xx_HAL_Driver/Src/stm32f3xx_hal_flash_ex.c ****   {
 652              	 .loc 1 371 3 discriminator 2 view .LVU209
 371:Drivers/STM32F3xx_HAL_Driver/Src/stm32f3xx_hal_flash_ex.c ****   {
 653              	 .loc 1 371 14 is_stmt 0 discriminator 2 view .LVU210
 654 0012 0368     	 ldr r3,[r0]
 655 0014 0546     	 mov r5,r0
 371:Drivers/STM32F3xx_HAL_Driver/Src/stm32f3xx_hal_flash_ex.c ****   {
 656              	 .loc 1 371 5 discriminator 2 view .LVU211
 657 0016 D807     	 lsls r0,r3,#31
 658              	.LVL47:
 371:Drivers/STM32F3xx_HAL_Driver/Src/stm32f3xx_hal_flash_ex.c ****   {
 659              	 .loc 1 371 5 discriminator 2 view .LVU212
 660 0018 39D5     	 bpl .L39
 373:Drivers/STM32F3xx_HAL_Driver/Src/stm32f3xx_hal_flash_ex.c ****     if (pOBInit->WRPState == OB_WRPSTATE_ENABLE)
 661              	 .loc 1 373 5 is_stmt 1 view .LVU213
 374:Drivers/STM32F3xx_HAL_Driver/Src/stm32f3xx_hal_flash_ex.c ****     {
 662              	 .loc 1 374 5 view .LVU214
 374:Drivers/STM32F3xx_HAL_Driver/Src/stm32f3xx_hal_flash_ex.c ****     {
 663              	 .loc 1 374 8 is_stmt 0 view .LVU215
 664 001a 6B68     	 ldr r3,[r5,#4]
 665              	.LBB80:
 666              	.LBB81:
 667              	.LBB82:
 668              	.LBB83:
 882:Drivers/STM32F3xx_HAL_Driver/Src/stm32f3xx_hal_flash_ex.c **** }
 669              	 .loc 1 882 10 view .LVU216
 670 001c 864F     	 ldr r7,.L88+4
 671              	.LBE83:
 672              	.LBE82:
 673              	.LBE81:
 674              	.LBE80:
 377:Drivers/STM32F3xx_HAL_Driver/Src/stm32f3xx_hal_flash_ex.c ****     }
 675              	 .loc 1 377 16 view .LVU217
 676 001e D5F80890 	 ldr r9,[r5,#8]
 677              	.LVL48:
 678              	.LBB90:
ARM GAS   			page 33


 679              	.LBI80:
 519:Drivers/STM32F3xx_HAL_Driver/Src/stm32f3xx_hal_flash_ex.c **** {
 680              	 .loc 1 519 26 is_stmt 1 view .LVU218
 681              	.LBB86:
 521:Drivers/STM32F3xx_HAL_Driver/Src/stm32f3xx_hal_flash_ex.c ****   uint16_t WRP0_Data = 0xFFFFU;
 682              	 .loc 1 521 3 view .LVU219
 522:Drivers/STM32F3xx_HAL_Driver/Src/stm32f3xx_hal_flash_ex.c **** #if defined(OB_WRP1_WRP1)
 683              	 .loc 1 522 3 view .LVU220
 524:Drivers/STM32F3xx_HAL_Driver/Src/stm32f3xx_hal_flash_ex.c **** #endif /* OB_WRP1_WRP1 */
 684              	 .loc 1 524 3 view .LVU221
 534:Drivers/STM32F3xx_HAL_Driver/Src/stm32f3xx_hal_flash_ex.c ****     
 685              	 .loc 1 534 3 view .LVU222
 537:Drivers/STM32F3xx_HAL_Driver/Src/stm32f3xx_hal_flash_ex.c ****   
 686              	 .loc 1 537 3 view .LVU223
 687              	.LBB85:
 688              	.LBI82:
 879:Drivers/STM32F3xx_HAL_Driver/Src/stm32f3xx_hal_flash_ex.c **** {
 689              	 .loc 1 879 17 view .LVU224
 690              	.LBB84:
 882:Drivers/STM32F3xx_HAL_Driver/Src/stm32f3xx_hal_flash_ex.c **** }
 691              	 .loc 1 882 3 view .LVU225
 882:Drivers/STM32F3xx_HAL_Driver/Src/stm32f3xx_hal_flash_ex.c **** }
 692              	 .loc 1 882 10 is_stmt 0 view .LVU226
 693 0022 D7F82080 	 ldr r8,[r7,#32]
 694              	.LBE84:
 695              	.LBE85:
 696              	.LBE86:
 697              	.LBE90:
 374:Drivers/STM32F3xx_HAL_Driver/Src/stm32f3xx_hal_flash_ex.c ****     {
 698              	 .loc 1 374 8 view .LVU227
 699 0026 A342     	 cmp r3,r4
 700              	.LBB91:
 701              	.LBB87:
 558:Drivers/STM32F3xx_HAL_Driver/Src/stm32f3xx_hal_flash_ex.c **** 
 702              	 .loc 1 558 12 view .LVU228
 703 0028 4CF25030 	 movw r0,#50000
 704              	.LBE87:
 705              	.LBE91:
 374:Drivers/STM32F3xx_HAL_Driver/Src/stm32f3xx_hal_flash_ex.c ****     {
 706              	 .loc 1 374 8 view .LVU229
 707 002c 00F0AE80 	 beq .L83
 382:Drivers/STM32F3xx_HAL_Driver/Src/stm32f3xx_hal_flash_ex.c ****     }
 708              	 .loc 1 382 7 is_stmt 1 view .LVU230
 709              	.LVL49:
 710              	.LBB92:
 711              	.LBB93:
 652:Drivers/STM32F3xx_HAL_Driver/Src/stm32f3xx_hal_flash_ex.c **** #endif /* OB_WRP_PAGES0TO31MASK */
 712              	 .loc 1 652 3 view .LVU231
 656:Drivers/STM32F3xx_HAL_Driver/Src/stm32f3xx_hal_flash_ex.c **** #endif /* OB_WRP_PAGES32TO63MASK */
 713              	 .loc 1 656 3 view .LVU232
 671:Drivers/STM32F3xx_HAL_Driver/Src/stm32f3xx_hal_flash_ex.c **** 
 714              	 .loc 1 671 3 view .LVU233
 671:Drivers/STM32F3xx_HAL_Driver/Src/stm32f3xx_hal_flash_ex.c **** 
 715              	 .loc 1 671 12 is_stmt 0 view .LVU234
 716 0030 FFF7FEFF 	 bl FLASH_WaitForLastOperation
 717              	.LVL50:
 673:Drivers/STM32F3xx_HAL_Driver/Src/stm32f3xx_hal_flash_ex.c ****   { 
ARM GAS   			page 34


 718              	 .loc 1 673 3 is_stmt 1 view .LVU235
 673:Drivers/STM32F3xx_HAL_Driver/Src/stm32f3xx_hal_flash_ex.c ****   { 
 719              	 .loc 1 673 5 is_stmt 0 view .LVU236
 720 0034 0446     	 mov r4,r0
 721 0036 20B1     	 cbz r0,.L84
 722              	.LVL51:
 723              	.L57:
 673:Drivers/STM32F3xx_HAL_Driver/Src/stm32f3xx_hal_flash_ex.c ****   { 
 724              	 .loc 1 673 5 view .LVU237
 725              	.LBE93:
 726              	.LBE92:
 429:Drivers/STM32F3xx_HAL_Driver/Src/stm32f3xx_hal_flash_ex.c **** 
 727              	 .loc 1 429 3 is_stmt 1 view .LVU238
 429:Drivers/STM32F3xx_HAL_Driver/Src/stm32f3xx_hal_flash_ex.c **** 
 728              	 .loc 1 429 3 view .LVU239
 729 0038 0023     	 movs r3,#0
 730 003a 3376     	 strb r3,[r6,#24]
 429:Drivers/STM32F3xx_HAL_Driver/Src/stm32f3xx_hal_flash_ex.c **** 
 731              	 .loc 1 429 3 view .LVU240
 431:Drivers/STM32F3xx_HAL_Driver/Src/stm32f3xx_hal_flash_ex.c **** }
 732              	 .loc 1 431 3 view .LVU241
 432:Drivers/STM32F3xx_HAL_Driver/Src/stm32f3xx_hal_flash_ex.c **** 
 733              	 .loc 1 432 1 is_stmt 0 view .LVU242
 734 003c 2046     	 mov r0,r4
 735 003e BDE8F883 	 pop {r3,r4,r5,r6,r7,r8,r9,pc}
 736              	.LVL52:
 737              	.L84:
 738              	.LBB96:
 739              	.LBB94:
 676:Drivers/STM32F3xx_HAL_Driver/Src/stm32f3xx_hal_flash_ex.c **** 
 740              	 .loc 1 676 5 is_stmt 1 view .LVU243
 676:Drivers/STM32F3xx_HAL_Driver/Src/stm32f3xx_hal_flash_ex.c **** 
 741              	 .loc 1 676 22 is_stmt 0 view .LVU244
 742 0042 F061     	 str r0,[r6,#28]
 679:Drivers/STM32F3xx_HAL_Driver/Src/stm32f3xx_hal_flash_ex.c ****     if (status == HAL_OK)  
 743              	 .loc 1 679 5 is_stmt 1 view .LVU245
 679:Drivers/STM32F3xx_HAL_Driver/Src/stm32f3xx_hal_flash_ex.c ****     if (status == HAL_OK)  
 744              	 .loc 1 679 14 is_stmt 0 view .LVU246
 745 0044 FFF7FEFF 	 bl HAL_FLASHEx_OBErase
 746              	.LVL53:
 680:Drivers/STM32F3xx_HAL_Driver/Src/stm32f3xx_hal_flash_ex.c ****     {
 747              	 .loc 1 680 5 is_stmt 1 view .LVU247
 680:Drivers/STM32F3xx_HAL_Driver/Src/stm32f3xx_hal_flash_ex.c ****     {
 748              	 .loc 1 680 8 is_stmt 0 view .LVU248
 749 0048 0446     	 mov r4,r0
 750 004a 0028     	 cmp r0,#0
 751 004c F4D1     	 bne .L57
 682:Drivers/STM32F3xx_HAL_Driver/Src/stm32f3xx_hal_flash_ex.c **** 
 752              	 .loc 1 682 7 view .LVU249
 753 004e 3B69     	 ldr r3,[r7,#16]
 649:Drivers/STM32F3xx_HAL_Driver/Src/stm32f3xx_hal_flash_ex.c **** 
 754              	 .loc 1 649 20 view .LVU250
 755 0050 49EA0808 	 orr r8,r9,r8
 756              	.LVL54:
 682:Drivers/STM32F3xx_HAL_Driver/Src/stm32f3xx_hal_flash_ex.c **** 
 757              	 .loc 1 682 7 view .LVU251
 758 0054 43F01003 	 orr r3,r3,#16
ARM GAS   			page 35


 759 0058 3B61     	 str r3,[r7,#16]
 652:Drivers/STM32F3xx_HAL_Driver/Src/stm32f3xx_hal_flash_ex.c **** #endif /* OB_WRP_PAGES0TO31MASK */
 760              	 .loc 1 652 13 view .LVU252
 761 005a 5FFA88F3 	 uxtb r3,r8
 682:Drivers/STM32F3xx_HAL_Driver/Src/stm32f3xx_hal_flash_ex.c **** 
 762              	 .loc 1 682 7 is_stmt 1 view .LVU253
 685:Drivers/STM32F3xx_HAL_Driver/Src/stm32f3xx_hal_flash_ex.c ****       {
 763              	 .loc 1 685 7 view .LVU254
 685:Drivers/STM32F3xx_HAL_Driver/Src/stm32f3xx_hal_flash_ex.c ****       {
 764              	 .loc 1 685 9 is_stmt 0 view .LVU255
 765 005e FF2B     	 cmp r3,#255
 766 0060 00F0BF80 	 beq .L51
 687:Drivers/STM32F3xx_HAL_Driver/Src/stm32f3xx_hal_flash_ex.c ****         
 767              	 .loc 1 687 9 is_stmt 1 view .LVU256
 687:Drivers/STM32F3xx_HAL_Driver/Src/stm32f3xx_hal_flash_ex.c ****         
 768              	 .loc 1 687 18 is_stmt 0 view .LVU257
 769 0064 7549     	 ldr r1,.L88+8
 770 0066 0A89     	 ldrh r2,[r1,#8]
 771 0068 92B2     	 uxth r2,r2
 772 006a 1343     	 orrs r3,r3,r2
 690:Drivers/STM32F3xx_HAL_Driver/Src/stm32f3xx_hal_flash_ex.c ****       }
 773              	 .loc 1 690 18 view .LVU258
 774 006c 4CF25030 	 movw r0,#50000
 775              	.LVL55:
 687:Drivers/STM32F3xx_HAL_Driver/Src/stm32f3xx_hal_flash_ex.c ****         
 776              	 .loc 1 687 18 view .LVU259
 777 0070 0B81     	 strh r3,[r1,#8]
 690:Drivers/STM32F3xx_HAL_Driver/Src/stm32f3xx_hal_flash_ex.c ****       }
 778              	 .loc 1 690 9 is_stmt 1 view .LVU260
 690:Drivers/STM32F3xx_HAL_Driver/Src/stm32f3xx_hal_flash_ex.c ****       }
 779              	 .loc 1 690 18 is_stmt 0 view .LVU261
 780 0072 FFF7FEFF 	 bl FLASH_WaitForLastOperation
 781              	.LVL56:
 695:Drivers/STM32F3xx_HAL_Driver/Src/stm32f3xx_hal_flash_ex.c ****       {
 782              	 .loc 1 695 7 is_stmt 1 view .LVU262
 695:Drivers/STM32F3xx_HAL_Driver/Src/stm32f3xx_hal_flash_ex.c ****       {
 783              	 .loc 1 695 9 is_stmt 0 view .LVU263
 784 0076 0028     	 cmp r0,#0
 785 0078 00F0B380 	 beq .L51
 786              	.LVL57:
 787              	.L82:
 725:Drivers/STM32F3xx_HAL_Driver/Src/stm32f3xx_hal_flash_ex.c ****     }
 788              	 .loc 1 725 7 view .LVU264
 789 007c 6E4A     	 ldr r2,.L88+4
 790 007e 1369     	 ldr r3,[r2,#16]
 791 0080 23F01003 	 bic r3,r3,#16
 700:Drivers/STM32F3xx_HAL_Driver/Src/stm32f3xx_hal_flash_ex.c ****       }
 792              	 .loc 1 700 18 view .LVU265
 793 0084 0446     	 mov r4,r0
 794              	.LVL58:
 725:Drivers/STM32F3xx_HAL_Driver/Src/stm32f3xx_hal_flash_ex.c ****     }
 795              	 .loc 1 725 7 is_stmt 1 view .LVU266
 796 0086 1361     	 str r3,[r2,#16]
 797              	.LVL59:
 798              	.L47:
 725:Drivers/STM32F3xx_HAL_Driver/Src/stm32f3xx_hal_flash_ex.c ****     }
 799              	 .loc 1 725 7 is_stmt 0 view .LVU267
ARM GAS   			page 36


 800              	.LBE94:
 801              	.LBE96:
 384:Drivers/STM32F3xx_HAL_Driver/Src/stm32f3xx_hal_flash_ex.c ****     {
 802              	 .loc 1 384 5 is_stmt 1 view .LVU268
 384:Drivers/STM32F3xx_HAL_Driver/Src/stm32f3xx_hal_flash_ex.c ****     {
 803              	 .loc 1 384 8 is_stmt 0 view .LVU269
 804 0088 002C     	 cmp r4,#0
 805 008a D5D1     	 bne .L57
 393:Drivers/STM32F3xx_HAL_Driver/Src/stm32f3xx_hal_flash_ex.c ****   {
 806              	 .loc 1 393 14 view .LVU270
 807 008c 2B68     	 ldr r3,[r5]
 808              	.LVL60:
 809              	.L39:
 393:Drivers/STM32F3xx_HAL_Driver/Src/stm32f3xx_hal_flash_ex.c ****   {
 810              	 .loc 1 393 3 is_stmt 1 view .LVU271
 393:Drivers/STM32F3xx_HAL_Driver/Src/stm32f3xx_hal_flash_ex.c ****   {
 811              	 .loc 1 393 5 is_stmt 0 view .LVU272
 812 008e 9907     	 lsls r1,r3,#30
 813 0090 20D4     	 bmi .L85
 405:Drivers/STM32F3xx_HAL_Driver/Src/stm32f3xx_hal_flash_ex.c ****   {
 814              	 .loc 1 405 3 is_stmt 1 view .LVU273
 405:Drivers/STM32F3xx_HAL_Driver/Src/stm32f3xx_hal_flash_ex.c ****   {
 815              	 .loc 1 405 5 is_stmt 0 view .LVU274
 816 0092 5A07     	 lsls r2,r3,#29
 817 0094 54D4     	 bmi .L86
 818              	.L55:
 417:Drivers/STM32F3xx_HAL_Driver/Src/stm32f3xx_hal_flash_ex.c ****   {
 819              	 .loc 1 417 3 is_stmt 1 view .LVU275
 417:Drivers/STM32F3xx_HAL_Driver/Src/stm32f3xx_hal_flash_ex.c ****   {
 820              	 .loc 1 417 5 is_stmt 0 view .LVU276
 821 0096 1B07     	 lsls r3,r3,#28
 822 0098 CED5     	 bpl .L57
 823              	.L87:
 419:Drivers/STM32F3xx_HAL_Driver/Src/stm32f3xx_hal_flash_ex.c ****     if (status != HAL_OK)
 824              	 .loc 1 419 5 is_stmt 1 view .LVU277
 825              	.LBB97:
 826              	.LBB98:
 854:Drivers/STM32F3xx_HAL_Driver/Src/stm32f3xx_hal_flash_ex.c ****   
 827              	 .loc 1 854 12 is_stmt 0 view .LVU278
 828 009a 4CF25030 	 movw r0,#50000
 829              	.LBE98:
 830              	.LBE97:
 419:Drivers/STM32F3xx_HAL_Driver/Src/stm32f3xx_hal_flash_ex.c ****     if (status != HAL_OK)
 831              	 .loc 1 419 14 view .LVU279
 832 009e D5F81080 	 ldr r8,[r5,#16]
 833 00a2 2F7D     	 ldrb r7,[r5,#20]
 834              	.LVL61:
 835              	.LBB101:
 836              	.LBI97:
 846:Drivers/STM32F3xx_HAL_Driver/Src/stm32f3xx_hal_flash_ex.c **** {
 837              	 .loc 1 846 26 is_stmt 1 view .LVU280
 838              	.LBB99:
 848:Drivers/STM32F3xx_HAL_Driver/Src/stm32f3xx_hal_flash_ex.c ****   
 839              	 .loc 1 848 3 view .LVU281
 851:Drivers/STM32F3xx_HAL_Driver/Src/stm32f3xx_hal_flash_ex.c ****   
 840              	 .loc 1 851 3 view .LVU282
 854:Drivers/STM32F3xx_HAL_Driver/Src/stm32f3xx_hal_flash_ex.c ****   
ARM GAS   			page 37


 841              	 .loc 1 854 3 view .LVU283
 854:Drivers/STM32F3xx_HAL_Driver/Src/stm32f3xx_hal_flash_ex.c ****   
 842              	 .loc 1 854 12 is_stmt 0 view .LVU284
 843 00a4 FFF7FEFF 	 bl FLASH_WaitForLastOperation
 844              	.LVL62:
 856:Drivers/STM32F3xx_HAL_Driver/Src/stm32f3xx_hal_flash_ex.c ****   {
 845              	 .loc 1 856 3 is_stmt 1 view .LVU285
 856:Drivers/STM32F3xx_HAL_Driver/Src/stm32f3xx_hal_flash_ex.c ****   {
 846              	 .loc 1 856 5 is_stmt 0 view .LVU286
 847 00a8 0446     	 mov r4,r0
 848              	.LVL63:
 856:Drivers/STM32F3xx_HAL_Driver/Src/stm32f3xx_hal_flash_ex.c ****   {
 849              	 .loc 1 856 5 view .LVU287
 850 00aa 0028     	 cmp r0,#0
 851 00ac C4D1     	 bne .L57
 859:Drivers/STM32F3xx_HAL_Driver/Src/stm32f3xx_hal_flash_ex.c **** 
 852              	 .loc 1 859 5 is_stmt 1 view .LVU288
 862:Drivers/STM32F3xx_HAL_Driver/Src/stm32f3xx_hal_flash_ex.c ****     *(__IO uint16_t*)Address = Data;
 853              	 .loc 1 862 5 is_stmt 0 view .LVU289
 854 00ae 624D     	 ldr r5,.L88+4
 855              	.LVL64:
 859:Drivers/STM32F3xx_HAL_Driver/Src/stm32f3xx_hal_flash_ex.c **** 
 856              	 .loc 1 859 22 view .LVU290
 857 00b0 F061     	 str r0,[r6,#28]
 862:Drivers/STM32F3xx_HAL_Driver/Src/stm32f3xx_hal_flash_ex.c ****     *(__IO uint16_t*)Address = Data;
 858              	 .loc 1 862 5 is_stmt 1 view .LVU291
 859 00b2 2B69     	 ldr r3,[r5,#16]
 863:Drivers/STM32F3xx_HAL_Driver/Src/stm32f3xx_hal_flash_ex.c ****     
 860              	 .loc 1 863 30 is_stmt 0 view .LVU292
 861 00b4 BFB2     	 uxth r7,r7
 862              	.LVL65:
 862:Drivers/STM32F3xx_HAL_Driver/Src/stm32f3xx_hal_flash_ex.c ****     *(__IO uint16_t*)Address = Data;
 863              	 .loc 1 862 5 view .LVU293
 864 00b6 43F01003 	 orr r3,r3,#16
 865 00ba 2B61     	 str r3,[r5,#16]
 863:Drivers/STM32F3xx_HAL_Driver/Src/stm32f3xx_hal_flash_ex.c ****     
 866              	 .loc 1 863 5 is_stmt 1 view .LVU294
 866:Drivers/STM32F3xx_HAL_Driver/Src/stm32f3xx_hal_flash_ex.c ****     
 867              	 .loc 1 866 14 is_stmt 0 view .LVU295
 868 00bc 4CF25030 	 movw r0,#50000
 869              	.LVL66:
 863:Drivers/STM32F3xx_HAL_Driver/Src/stm32f3xx_hal_flash_ex.c ****     
 870              	 .loc 1 863 30 view .LVU296
 871 00c0 A8F80070 	 strh r7,[r8]
 866:Drivers/STM32F3xx_HAL_Driver/Src/stm32f3xx_hal_flash_ex.c ****     
 872              	 .loc 1 866 5 is_stmt 1 view .LVU297
 866:Drivers/STM32F3xx_HAL_Driver/Src/stm32f3xx_hal_flash_ex.c ****     
 873              	 .loc 1 866 14 is_stmt 0 view .LVU298
 874 00c4 FFF7FEFF 	 bl FLASH_WaitForLastOperation
 875              	.LVL67:
 869:Drivers/STM32F3xx_HAL_Driver/Src/stm32f3xx_hal_flash_ex.c ****   }
 876              	 .loc 1 869 5 is_stmt 1 view .LVU299
 877 00c8 2B69     	 ldr r3,[r5,#16]
 878 00ca 23F01003 	 bic r3,r3,#16
 879              	.LBE99:
 880              	.LBE101:
 420:Drivers/STM32F3xx_HAL_Driver/Src/stm32f3xx_hal_flash_ex.c ****     {
ARM GAS   			page 38


 881              	 .loc 1 420 8 is_stmt 0 view .LVU300
 882 00ce 0446     	 mov r4,r0
 883              	.LBB102:
 884              	.LBB100:
 869:Drivers/STM32F3xx_HAL_Driver/Src/stm32f3xx_hal_flash_ex.c ****   }
 885              	 .loc 1 869 5 view .LVU301
 886 00d0 2B61     	 str r3,[r5,#16]
 887              	.LVL68:
 872:Drivers/STM32F3xx_HAL_Driver/Src/stm32f3xx_hal_flash_ex.c **** }
 888              	 .loc 1 872 3 is_stmt 1 view .LVU302
 872:Drivers/STM32F3xx_HAL_Driver/Src/stm32f3xx_hal_flash_ex.c **** }
 889              	 .loc 1 872 3 is_stmt 0 view .LVU303
 890              	.LBE100:
 891              	.LBE102:
 420:Drivers/STM32F3xx_HAL_Driver/Src/stm32f3xx_hal_flash_ex.c ****     {
 892              	 .loc 1 420 5 is_stmt 1 view .LVU304
 893 00d2 B1E7     	 b .L57
 894              	.LVL69:
 895              	.L85:
 395:Drivers/STM32F3xx_HAL_Driver/Src/stm32f3xx_hal_flash_ex.c ****     if (status != HAL_OK)
 896              	 .loc 1 395 5 view .LVU305
 897              	.LBB103:
 898              	.LBB104:
 749:Drivers/STM32F3xx_HAL_Driver/Src/stm32f3xx_hal_flash_ex.c ****   
 899              	 .loc 1 749 12 is_stmt 0 view .LVU306
 900 00d4 4CF25030 	 movw r0,#50000
 901              	.LBE104:
 902              	.LBE103:
 395:Drivers/STM32F3xx_HAL_Driver/Src/stm32f3xx_hal_flash_ex.c ****     if (status != HAL_OK)
 903              	 .loc 1 395 14 view .LVU307
 904 00d8 95F80C80 	 ldrb r8,[r5,#12]
 905              	.LVL70:
 906              	.LBB108:
 907              	.LBI103:
 741:Drivers/STM32F3xx_HAL_Driver/Src/stm32f3xx_hal_flash_ex.c **** {
 908              	 .loc 1 741 26 is_stmt 1 view .LVU308
 909              	.LBB107:
 743:Drivers/STM32F3xx_HAL_Driver/Src/stm32f3xx_hal_flash_ex.c ****   
 910              	 .loc 1 743 3 view .LVU309
 746:Drivers/STM32F3xx_HAL_Driver/Src/stm32f3xx_hal_flash_ex.c ****   
 911              	 .loc 1 746 3 view .LVU310
 749:Drivers/STM32F3xx_HAL_Driver/Src/stm32f3xx_hal_flash_ex.c ****   
 912              	 .loc 1 749 3 view .LVU311
 749:Drivers/STM32F3xx_HAL_Driver/Src/stm32f3xx_hal_flash_ex.c ****   
 913              	 .loc 1 749 12 is_stmt 0 view .LVU312
 914 00dc FFF7FEFF 	 bl FLASH_WaitForLastOperation
 915              	.LVL71:
 751:Drivers/STM32F3xx_HAL_Driver/Src/stm32f3xx_hal_flash_ex.c ****   { 
 916              	 .loc 1 751 3 is_stmt 1 view .LVU313
 751:Drivers/STM32F3xx_HAL_Driver/Src/stm32f3xx_hal_flash_ex.c ****   { 
 917              	 .loc 1 751 5 is_stmt 0 view .LVU314
 918 00e0 0446     	 mov r4,r0
 919              	.LVL72:
 751:Drivers/STM32F3xx_HAL_Driver/Src/stm32f3xx_hal_flash_ex.c ****   { 
 920              	 .loc 1 751 5 view .LVU315
 921 00e2 0028     	 cmp r0,#0
 922 00e4 A8D1     	 bne .L57
ARM GAS   			page 39


 754:Drivers/STM32F3xx_HAL_Driver/Src/stm32f3xx_hal_flash_ex.c ****     
 923              	 .loc 1 754 5 is_stmt 1 view .LVU316
 757:Drivers/STM32F3xx_HAL_Driver/Src/stm32f3xx_hal_flash_ex.c ****     SET_BIT(FLASH->CR, FLASH_CR_STRT);
 924              	 .loc 1 757 5 is_stmt 0 view .LVU317
 925 00e6 544F     	 ldr r7,.L88+4
 754:Drivers/STM32F3xx_HAL_Driver/Src/stm32f3xx_hal_flash_ex.c ****     
 926              	 .loc 1 754 22 view .LVU318
 927 00e8 F061     	 str r0,[r6,#28]
 757:Drivers/STM32F3xx_HAL_Driver/Src/stm32f3xx_hal_flash_ex.c ****     SET_BIT(FLASH->CR, FLASH_CR_STRT);
 928              	 .loc 1 757 5 is_stmt 1 view .LVU319
 929 00ea 3B69     	 ldr r3,[r7,#16]
 930 00ec 43F02003 	 orr r3,r3,#32
 931 00f0 3B61     	 str r3,[r7,#16]
 758:Drivers/STM32F3xx_HAL_Driver/Src/stm32f3xx_hal_flash_ex.c **** 
 932              	 .loc 1 758 5 view .LVU320
 933 00f2 3B69     	 ldr r3,[r7,#16]
 934 00f4 43F04003 	 orr r3,r3,#64
 935 00f8 3B61     	 str r3,[r7,#16]
 761:Drivers/STM32F3xx_HAL_Driver/Src/stm32f3xx_hal_flash_ex.c **** 
 936              	 .loc 1 761 5 view .LVU321
 761:Drivers/STM32F3xx_HAL_Driver/Src/stm32f3xx_hal_flash_ex.c **** 
 937              	 .loc 1 761 14 is_stmt 0 view .LVU322
 938 00fa 4CF25030 	 movw r0,#50000
 939              	.LVL73:
 761:Drivers/STM32F3xx_HAL_Driver/Src/stm32f3xx_hal_flash_ex.c **** 
 940              	 .loc 1 761 14 view .LVU323
 941 00fe FFF7FEFF 	 bl FLASH_WaitForLastOperation
 942              	.LVL74:
 764:Drivers/STM32F3xx_HAL_Driver/Src/stm32f3xx_hal_flash_ex.c **** 
 943              	 .loc 1 764 5 is_stmt 1 view .LVU324
 944 0102 3B69     	 ldr r3,[r7,#16]
 945 0104 23F02003 	 bic r3,r3,#32
 946 0108 3B61     	 str r3,[r7,#16]
 766:Drivers/STM32F3xx_HAL_Driver/Src/stm32f3xx_hal_flash_ex.c ****     {
 947              	 .loc 1 766 5 view .LVU325
 766:Drivers/STM32F3xx_HAL_Driver/Src/stm32f3xx_hal_flash_ex.c ****     {
 948              	 .loc 1 766 7 is_stmt 0 view .LVU326
 949 010a 0446     	 mov r4,r0
 950 010c 0028     	 cmp r0,#0
 951 010e 93D1     	 bne .L57
 952              	.LVL75:
 953              	.LBB105:
 954              	.LBI105:
 741:Drivers/STM32F3xx_HAL_Driver/Src/stm32f3xx_hal_flash_ex.c **** {
 955              	 .loc 1 741 26 is_stmt 1 view .LVU327
 956              	.LBB106:
 769:Drivers/STM32F3xx_HAL_Driver/Src/stm32f3xx_hal_flash_ex.c ****       
 957              	 .loc 1 769 7 view .LVU328
 958 0110 3B69     	 ldr r3,[r7,#16]
 959 0112 43F01003 	 orr r3,r3,#16
 960 0116 3B61     	 str r3,[r7,#16]
 771:Drivers/STM32F3xx_HAL_Driver/Src/stm32f3xx_hal_flash_ex.c ****       
 961              	 .loc 1 771 7 view .LVU329
 962 0118 484B     	 ldr r3,.L88+8
 963 011a 1FFA88F8 	 uxth r8,r8
 964              	.LVL76:
 771:Drivers/STM32F3xx_HAL_Driver/Src/stm32f3xx_hal_flash_ex.c ****       
ARM GAS   			page 40


 965              	 .loc 1 771 7 is_stmt 0 view .LVU330
 966 011e A3F80080 	 strh r8,[r3]
 774:Drivers/STM32F3xx_HAL_Driver/Src/stm32f3xx_hal_flash_ex.c ****       
 967              	 .loc 1 774 7 is_stmt 1 view .LVU331
 774:Drivers/STM32F3xx_HAL_Driver/Src/stm32f3xx_hal_flash_ex.c ****       
 968              	 .loc 1 774 16 is_stmt 0 view .LVU332
 969 0122 4CF25030 	 movw r0,#50000
 970              	.LVL77:
 774:Drivers/STM32F3xx_HAL_Driver/Src/stm32f3xx_hal_flash_ex.c ****       
 971              	 .loc 1 774 16 view .LVU333
 972 0126 FFF7FEFF 	 bl FLASH_WaitForLastOperation
 973              	.LVL78:
 777:Drivers/STM32F3xx_HAL_Driver/Src/stm32f3xx_hal_flash_ex.c ****     }
 974              	 .loc 1 777 7 is_stmt 1 view .LVU334
 975 012a 3B69     	 ldr r3,[r7,#16]
 976 012c 23F01003 	 bic r3,r3,#16
 977 0130 3B61     	 str r3,[r7,#16]
 781:Drivers/STM32F3xx_HAL_Driver/Src/stm32f3xx_hal_flash_ex.c **** }
 978              	 .loc 1 781 3 view .LVU335
 979              	.LVL79:
 781:Drivers/STM32F3xx_HAL_Driver/Src/stm32f3xx_hal_flash_ex.c **** }
 980              	 .loc 1 781 3 is_stmt 0 view .LVU336
 981              	.LBE106:
 982              	.LBE105:
 781:Drivers/STM32F3xx_HAL_Driver/Src/stm32f3xx_hal_flash_ex.c **** }
 983              	 .loc 1 781 3 is_stmt 1 view .LVU337
 781:Drivers/STM32F3xx_HAL_Driver/Src/stm32f3xx_hal_flash_ex.c **** }
 984              	 .loc 1 781 3 is_stmt 0 view .LVU338
 985              	.LBE107:
 986              	.LBE108:
 396:Drivers/STM32F3xx_HAL_Driver/Src/stm32f3xx_hal_flash_ex.c ****     {
 987              	 .loc 1 396 5 is_stmt 1 view .LVU339
 396:Drivers/STM32F3xx_HAL_Driver/Src/stm32f3xx_hal_flash_ex.c ****     {
 988              	 .loc 1 396 8 is_stmt 0 view .LVU340
 989 0132 0446     	 mov r4,r0
 990 0134 0028     	 cmp r0,#0
 991 0136 7FF47FAF 	 bne .L57
 405:Drivers/STM32F3xx_HAL_Driver/Src/stm32f3xx_hal_flash_ex.c ****   {
 992              	 .loc 1 405 14 view .LVU341
 993 013a 2B68     	 ldr r3,[r5]
 994              	.LVL80:
 405:Drivers/STM32F3xx_HAL_Driver/Src/stm32f3xx_hal_flash_ex.c ****   {
 995              	 .loc 1 405 3 is_stmt 1 view .LVU342
 405:Drivers/STM32F3xx_HAL_Driver/Src/stm32f3xx_hal_flash_ex.c ****   {
 996              	 .loc 1 405 5 is_stmt 0 view .LVU343
 997 013c 5A07     	 lsls r2,r3,#29
 998 013e AAD5     	 bpl .L55
 999              	.L86:
 407:Drivers/STM32F3xx_HAL_Driver/Src/stm32f3xx_hal_flash_ex.c ****     if (status != HAL_OK)
 1000              	 .loc 1 407 5 is_stmt 1 view .LVU344
 1001              	.LBB109:
 1002              	.LBB110:
 808:Drivers/STM32F3xx_HAL_Driver/Src/stm32f3xx_hal_flash_ex.c ****   
 1003              	 .loc 1 808 12 is_stmt 0 view .LVU345
 1004 0140 4CF25030 	 movw r0,#50000
 1005              	.LBE110:
 1006              	.LBE109:
ARM GAS   			page 41


 407:Drivers/STM32F3xx_HAL_Driver/Src/stm32f3xx_hal_flash_ex.c ****     if (status != HAL_OK)
 1007              	 .loc 1 407 14 view .LVU346
 1008 0144 95F80D80 	 ldrb r8,[r5,#13]
 1009              	.LVL81:
 1010              	.LBB112:
 1011              	.LBI109:
 792:Drivers/STM32F3xx_HAL_Driver/Src/stm32f3xx_hal_flash_ex.c **** {
 1012              	 .loc 1 792 26 is_stmt 1 view .LVU347
 1013              	.LBB111:
 794:Drivers/STM32F3xx_HAL_Driver/Src/stm32f3xx_hal_flash_ex.c **** 
 1014              	 .loc 1 794 3 view .LVU348
 797:Drivers/STM32F3xx_HAL_Driver/Src/stm32f3xx_hal_flash_ex.c ****   assert_param(IS_OB_STOP_SOURCE((UserConfig&OB_STOP_NO_RST)));
 1015              	 .loc 1 797 3 view .LVU349
 798:Drivers/STM32F3xx_HAL_Driver/Src/stm32f3xx_hal_flash_ex.c ****   assert_param(IS_OB_STDBY_SOURCE((UserConfig&OB_STDBY_NO_RST)));
 1016              	 .loc 1 798 3 view .LVU350
 799:Drivers/STM32F3xx_HAL_Driver/Src/stm32f3xx_hal_flash_ex.c ****   assert_param(IS_OB_BOOT1((UserConfig&OB_BOOT1_SET)));
 1017              	 .loc 1 799 3 view .LVU351
 800:Drivers/STM32F3xx_HAL_Driver/Src/stm32f3xx_hal_flash_ex.c ****   assert_param(IS_OB_VDDA_ANALOG((UserConfig&OB_VDDA_ANALOG_ON)));
 1018              	 .loc 1 800 3 view .LVU352
 801:Drivers/STM32F3xx_HAL_Driver/Src/stm32f3xx_hal_flash_ex.c ****   assert_param(IS_OB_SRAM_PARITY((UserConfig&OB_SRAM_PARITY_RESET)));
 1019              	 .loc 1 801 3 view .LVU353
 802:Drivers/STM32F3xx_HAL_Driver/Src/stm32f3xx_hal_flash_ex.c **** #if defined(FLASH_OBR_SDADC12_VDD_MONITOR)
 1020              	 .loc 1 802 3 view .LVU354
 808:Drivers/STM32F3xx_HAL_Driver/Src/stm32f3xx_hal_flash_ex.c ****   
 1021              	 .loc 1 808 3 view .LVU355
 808:Drivers/STM32F3xx_HAL_Driver/Src/stm32f3xx_hal_flash_ex.c ****   
 1022              	 .loc 1 808 12 is_stmt 0 view .LVU356
 1023 0148 FFF7FEFF 	 bl FLASH_WaitForLastOperation
 1024              	.LVL82:
 810:Drivers/STM32F3xx_HAL_Driver/Src/stm32f3xx_hal_flash_ex.c ****   {     
 1025              	 .loc 1 810 3 is_stmt 1 view .LVU357
 810:Drivers/STM32F3xx_HAL_Driver/Src/stm32f3xx_hal_flash_ex.c ****   {     
 1026              	 .loc 1 810 5 is_stmt 0 view .LVU358
 1027 014c 0446     	 mov r4,r0
 1028              	.LVL83:
 810:Drivers/STM32F3xx_HAL_Driver/Src/stm32f3xx_hal_flash_ex.c ****   {     
 1029              	 .loc 1 810 5 view .LVU359
 1030 014e 0028     	 cmp r0,#0
 1031 0150 7FF472AF 	 bne .L57
 813:Drivers/STM32F3xx_HAL_Driver/Src/stm32f3xx_hal_flash_ex.c **** 
 1032              	 .loc 1 813 5 is_stmt 1 view .LVU360
 816:Drivers/STM32F3xx_HAL_Driver/Src/stm32f3xx_hal_flash_ex.c ****  
 1033              	 .loc 1 816 5 is_stmt 0 view .LVU361
 1034 0154 384F     	 ldr r7,.L88+4
 813:Drivers/STM32F3xx_HAL_Driver/Src/stm32f3xx_hal_flash_ex.c **** 
 1035              	 .loc 1 813 22 view .LVU362
 1036 0156 F061     	 str r0,[r6,#28]
 816:Drivers/STM32F3xx_HAL_Driver/Src/stm32f3xx_hal_flash_ex.c ****  
 1037              	 .loc 1 816 5 is_stmt 1 view .LVU363
 1038 0158 3B69     	 ldr r3,[r7,#16]
 1039 015a 43F01003 	 orr r3,r3,#16
 1040 015e 3B61     	 str r3,[r7,#16]
 821:Drivers/STM32F3xx_HAL_Driver/Src/stm32f3xx_hal_flash_ex.c **** #endif
 1041              	 .loc 1 821 5 view .LVU364
 821:Drivers/STM32F3xx_HAL_Driver/Src/stm32f3xx_hal_flash_ex.c **** #endif
 1042              	 .loc 1 821 14 is_stmt 0 view .LVU365
 1043 0160 364B     	 ldr r3,.L88+8
ARM GAS   			page 42


 1044 0162 48F08808 	 orr r8,r8,#136
 1045              	.LVL84:
 821:Drivers/STM32F3xx_HAL_Driver/Src/stm32f3xx_hal_flash_ex.c **** #endif
 1046              	 .loc 1 821 14 view .LVU366
 1047 0166 A3F80280 	 strh r8,[r3,#2]
 825:Drivers/STM32F3xx_HAL_Driver/Src/stm32f3xx_hal_flash_ex.c **** 
 1048              	 .loc 1 825 5 is_stmt 1 view .LVU367
 825:Drivers/STM32F3xx_HAL_Driver/Src/stm32f3xx_hal_flash_ex.c **** 
 1049              	 .loc 1 825 14 is_stmt 0 view .LVU368
 1050 016a 4CF25030 	 movw r0,#50000
 1051              	.LVL85:
 825:Drivers/STM32F3xx_HAL_Driver/Src/stm32f3xx_hal_flash_ex.c **** 
 1052              	 .loc 1 825 14 view .LVU369
 1053 016e FFF7FEFF 	 bl FLASH_WaitForLastOperation
 1054              	.LVL86:
 828:Drivers/STM32F3xx_HAL_Driver/Src/stm32f3xx_hal_flash_ex.c ****   }
 1055              	 .loc 1 828 5 is_stmt 1 view .LVU370
 1056 0172 3B69     	 ldr r3,[r7,#16]
 1057 0174 23F01003 	 bic r3,r3,#16
 1058 0178 3B61     	 str r3,[r7,#16]
 831:Drivers/STM32F3xx_HAL_Driver/Src/stm32f3xx_hal_flash_ex.c **** }
 1059              	 .loc 1 831 3 view .LVU371
 1060              	.LVL87:
 831:Drivers/STM32F3xx_HAL_Driver/Src/stm32f3xx_hal_flash_ex.c **** }
 1061              	 .loc 1 831 3 is_stmt 0 view .LVU372
 1062              	.LBE111:
 1063              	.LBE112:
 408:Drivers/STM32F3xx_HAL_Driver/Src/stm32f3xx_hal_flash_ex.c ****     {
 1064              	 .loc 1 408 5 is_stmt 1 view .LVU373
 408:Drivers/STM32F3xx_HAL_Driver/Src/stm32f3xx_hal_flash_ex.c ****     {
 1065              	 .loc 1 408 8 is_stmt 0 view .LVU374
 1066 017a 0446     	 mov r4,r0
 1067 017c 0028     	 cmp r0,#0
 1068 017e 7FF45BAF 	 bne .L57
 417:Drivers/STM32F3xx_HAL_Driver/Src/stm32f3xx_hal_flash_ex.c ****   {
 1069              	 .loc 1 417 14 view .LVU375
 1070 0182 2B68     	 ldr r3,[r5]
 1071              	.LVL88:
 417:Drivers/STM32F3xx_HAL_Driver/Src/stm32f3xx_hal_flash_ex.c ****   {
 1072              	 .loc 1 417 3 is_stmt 1 view .LVU376
 417:Drivers/STM32F3xx_HAL_Driver/Src/stm32f3xx_hal_flash_ex.c ****   {
 1073              	 .loc 1 417 5 is_stmt 0 view .LVU377
 1074 0184 1B07     	 lsls r3,r3,#28
 1075 0186 7FF557AF 	 bpl .L57
 1076 018a 86E7     	 b .L87
 1077              	.LVL89:
 1078              	.L83:
 377:Drivers/STM32F3xx_HAL_Driver/Src/stm32f3xx_hal_flash_ex.c ****     }
 1079              	 .loc 1 377 7 is_stmt 1 view .LVU378
 1080              	.LBB113:
 1081              	.LBB88:
 540:Drivers/STM32F3xx_HAL_Driver/Src/stm32f3xx_hal_flash_ex.c **** #endif /* OB_WRP_PAGES0TO31MASK */
 1082              	 .loc 1 540 3 view .LVU379
 544:Drivers/STM32F3xx_HAL_Driver/Src/stm32f3xx_hal_flash_ex.c **** #endif /* OB_WRP_PAGES32TO63MASK */
 1083              	 .loc 1 544 3 view .LVU380
 558:Drivers/STM32F3xx_HAL_Driver/Src/stm32f3xx_hal_flash_ex.c **** 
 1084              	 .loc 1 558 3 view .LVU381
ARM GAS   			page 43


 558:Drivers/STM32F3xx_HAL_Driver/Src/stm32f3xx_hal_flash_ex.c **** 
 1085              	 .loc 1 558 12 is_stmt 0 view .LVU382
 1086 018c FFF7FEFF 	 bl FLASH_WaitForLastOperation
 1087              	.LVL90:
 560:Drivers/STM32F3xx_HAL_Driver/Src/stm32f3xx_hal_flash_ex.c ****   { 
 1088              	 .loc 1 560 3 is_stmt 1 view .LVU383
 560:Drivers/STM32F3xx_HAL_Driver/Src/stm32f3xx_hal_flash_ex.c ****   { 
 1089              	 .loc 1 560 5 is_stmt 0 view .LVU384
 1090 0190 0446     	 mov r4,r0
 1091 0192 0028     	 cmp r0,#0
 1092 0194 7FF450AF 	 bne .L57
 563:Drivers/STM32F3xx_HAL_Driver/Src/stm32f3xx_hal_flash_ex.c **** 
 1093              	 .loc 1 563 5 is_stmt 1 view .LVU385
 563:Drivers/STM32F3xx_HAL_Driver/Src/stm32f3xx_hal_flash_ex.c **** 
 1094              	 .loc 1 563 22 is_stmt 0 view .LVU386
 1095 0198 F061     	 str r0,[r6,#28]
 566:Drivers/STM32F3xx_HAL_Driver/Src/stm32f3xx_hal_flash_ex.c ****     if (status == HAL_OK)  
 1096              	 .loc 1 566 5 is_stmt 1 view .LVU387
 566:Drivers/STM32F3xx_HAL_Driver/Src/stm32f3xx_hal_flash_ex.c ****     if (status == HAL_OK)  
 1097              	 .loc 1 566 14 is_stmt 0 view .LVU388
 1098 019a FFF7FEFF 	 bl HAL_FLASHEx_OBErase
 1099              	.LVL91:
 567:Drivers/STM32F3xx_HAL_Driver/Src/stm32f3xx_hal_flash_ex.c ****     {
 1100              	 .loc 1 567 5 is_stmt 1 view .LVU389
 567:Drivers/STM32F3xx_HAL_Driver/Src/stm32f3xx_hal_flash_ex.c ****     {
 1101              	 .loc 1 567 8 is_stmt 0 view .LVU390
 1102 019e 0446     	 mov r4,r0
 1103 01a0 0028     	 cmp r0,#0
 1104 01a2 7FF449AF 	 bne .L57
 570:Drivers/STM32F3xx_HAL_Driver/Src/stm32f3xx_hal_flash_ex.c **** 
 1105              	 .loc 1 570 7 view .LVU391
 1106 01a6 3B69     	 ldr r3,[r7,#16]
 537:Drivers/STM32F3xx_HAL_Driver/Src/stm32f3xx_hal_flash_ex.c ****   
 1107              	 .loc 1 537 20 view .LVU392
 1108 01a8 28EA0908 	 bic r8,r8,r9
 1109              	.LVL92:
 570:Drivers/STM32F3xx_HAL_Driver/Src/stm32f3xx_hal_flash_ex.c **** 
 1110              	 .loc 1 570 7 view .LVU393
 1111 01ac 43F01003 	 orr r3,r3,#16
 1112 01b0 3B61     	 str r3,[r7,#16]
 540:Drivers/STM32F3xx_HAL_Driver/Src/stm32f3xx_hal_flash_ex.c **** #endif /* OB_WRP_PAGES0TO31MASK */
 1113              	 .loc 1 540 13 view .LVU394
 1114 01b2 5FFA88F3 	 uxtb r3,r8
 570:Drivers/STM32F3xx_HAL_Driver/Src/stm32f3xx_hal_flash_ex.c **** 
 1115              	 .loc 1 570 7 is_stmt 1 view .LVU395
 573:Drivers/STM32F3xx_HAL_Driver/Src/stm32f3xx_hal_flash_ex.c ****       {
 1116              	 .loc 1 573 7 view .LVU396
 573:Drivers/STM32F3xx_HAL_Driver/Src/stm32f3xx_hal_flash_ex.c ****       {
 1117              	 .loc 1 573 9 is_stmt 0 view .LVU397
 1118 01b6 FF2B     	 cmp r3,#255
 1119 01b8 2BD0     	 beq .L45
 575:Drivers/STM32F3xx_HAL_Driver/Src/stm32f3xx_hal_flash_ex.c ****         
 1120              	 .loc 1 575 9 is_stmt 1 view .LVU398
 575:Drivers/STM32F3xx_HAL_Driver/Src/stm32f3xx_hal_flash_ex.c ****         
 1121              	 .loc 1 575 18 is_stmt 0 view .LVU399
 1122 01ba 204A     	 ldr r2,.L88+8
 1123 01bc 1189     	 ldrh r1,[r2,#8]
ARM GAS   			page 44


 1124 01be 0B40     	 ands r3,r3,r1
 578:Drivers/STM32F3xx_HAL_Driver/Src/stm32f3xx_hal_flash_ex.c ****       }
 1125              	 .loc 1 578 18 view .LVU400
 1126 01c0 4CF25030 	 movw r0,#50000
 1127              	.LVL93:
 575:Drivers/STM32F3xx_HAL_Driver/Src/stm32f3xx_hal_flash_ex.c ****         
 1128              	 .loc 1 575 18 view .LVU401
 1129 01c4 1381     	 strh r3,[r2,#8]
 578:Drivers/STM32F3xx_HAL_Driver/Src/stm32f3xx_hal_flash_ex.c ****       }
 1130              	 .loc 1 578 9 is_stmt 1 view .LVU402
 578:Drivers/STM32F3xx_HAL_Driver/Src/stm32f3xx_hal_flash_ex.c ****       }
 1131              	 .loc 1 578 18 is_stmt 0 view .LVU403
 1132 01c6 FFF7FEFF 	 bl FLASH_WaitForLastOperation
 1133              	.LVL94:
 583:Drivers/STM32F3xx_HAL_Driver/Src/stm32f3xx_hal_flash_ex.c ****       {
 1134              	 .loc 1 583 7 is_stmt 1 view .LVU404
 583:Drivers/STM32F3xx_HAL_Driver/Src/stm32f3xx_hal_flash_ex.c ****       {
 1135              	 .loc 1 583 9 is_stmt 0 view .LVU405
 1136 01ca 10B3     	 cbz r0,.L45
 1137              	.L46:
 613:Drivers/STM32F3xx_HAL_Driver/Src/stm32f3xx_hal_flash_ex.c ****     }
 1138              	 .loc 1 613 7 is_stmt 1 view .LVU406
 1139 01cc 1A4A     	 ldr r2,.L88+4
 1140 01ce 1369     	 ldr r3,[r2,#16]
 1141 01d0 23F01003 	 bic r3,r3,#16
 1142 01d4 0446     	 mov r4,r0
 1143 01d6 1361     	 str r3,[r2,#16]
 1144 01d8 56E7     	 b .L47
 1145              	.LVL95:
 1146              	.L59:
 613:Drivers/STM32F3xx_HAL_Driver/Src/stm32f3xx_hal_flash_ex.c ****     }
 1147              	 .loc 1 613 7 is_stmt 0 view .LVU407
 1148              	.LBE88:
 1149              	.LBE113:
 365:Drivers/STM32F3xx_HAL_Driver/Src/stm32f3xx_hal_flash_ex.c **** 
 1150              	 .loc 1 365 3 view .LVU408
 1151 01da 0224     	 movs r4,#2
 432:Drivers/STM32F3xx_HAL_Driver/Src/stm32f3xx_hal_flash_ex.c **** 
 1152              	 .loc 1 432 1 view .LVU409
 1153 01dc 2046     	 mov r0,r4
 1154              	.LVL96:
 432:Drivers/STM32F3xx_HAL_Driver/Src/stm32f3xx_hal_flash_ex.c **** 
 1155              	 .loc 1 432 1 view .LVU410
 1156 01de BDE8F883 	 pop {r3,r4,r5,r6,r7,r8,r9,pc}
 1157              	.LVL97:
 1158              	.L51:
 1159              	.LBB114:
 1160              	.LBB95:
 656:Drivers/STM32F3xx_HAL_Driver/Src/stm32f3xx_hal_flash_ex.c **** #endif /* OB_WRP_PAGES32TO63MASK */
 1161              	 .loc 1 656 13 view .LVU411
 1162 01e2 C8F30728 	 ubfx r8,r8,#8,#8
 1163              	.LVL98:
 695:Drivers/STM32F3xx_HAL_Driver/Src/stm32f3xx_hal_flash_ex.c ****       {
 1164              	 .loc 1 695 29 view .LVU412
 1165 01e6 B8F1FF0F 	 cmp r8,#255
 1166 01ea 0BD0     	 beq .L80
 697:Drivers/STM32F3xx_HAL_Driver/Src/stm32f3xx_hal_flash_ex.c ****         
ARM GAS   			page 45


 1167              	 .loc 1 697 9 is_stmt 1 view .LVU413
 697:Drivers/STM32F3xx_HAL_Driver/Src/stm32f3xx_hal_flash_ex.c ****         
 1168              	 .loc 1 697 18 is_stmt 0 view .LVU414
 1169 01ec 134A     	 ldr r2,.L88+8
 1170 01ee 5389     	 ldrh r3,[r2,#10]
 1171 01f0 9BB2     	 uxth r3,r3
 1172 01f2 48EA0308 	 orr r8,r8,r3
 1173 01f6 A2F80A80 	 strh r8,[r2,#10]
 700:Drivers/STM32F3xx_HAL_Driver/Src/stm32f3xx_hal_flash_ex.c ****       }
 1174              	 .loc 1 700 9 is_stmt 1 view .LVU415
 700:Drivers/STM32F3xx_HAL_Driver/Src/stm32f3xx_hal_flash_ex.c ****       }
 1175              	 .loc 1 700 18 is_stmt 0 view .LVU416
 1176 01fa 4CF25030 	 movw r0,#50000
 1177 01fe FFF7FEFF 	 bl FLASH_WaitForLastOperation
 1178              	.LVL99:
 1179 0202 3BE7     	 b .L82
 1180              	.LVL100:
 1181              	.L80:
 725:Drivers/STM32F3xx_HAL_Driver/Src/stm32f3xx_hal_flash_ex.c ****     }
 1182              	 .loc 1 725 7 is_stmt 1 view .LVU417
 1183 0204 0C4A     	 ldr r2,.L88+4
 1184 0206 1369     	 ldr r3,[r2,#16]
 1185 0208 23F01003 	 bic r3,r3,#16
 1186 020c 1361     	 str r3,[r2,#16]
 1187              	.LVL101:
 725:Drivers/STM32F3xx_HAL_Driver/Src/stm32f3xx_hal_flash_ex.c ****     }
 1188              	 .loc 1 725 7 is_stmt 0 view .LVU418
 1189              	.LBE95:
 1190              	.LBE114:
 384:Drivers/STM32F3xx_HAL_Driver/Src/stm32f3xx_hal_flash_ex.c ****     {
 1191              	 .loc 1 384 5 is_stmt 1 view .LVU419
 393:Drivers/STM32F3xx_HAL_Driver/Src/stm32f3xx_hal_flash_ex.c ****   {
 1192              	 .loc 1 393 14 is_stmt 0 view .LVU420
 1193 020e 2B68     	 ldr r3,[r5]
 1194 0210 3DE7     	 b .L39
 1195              	.LVL102:
 1196              	.L45:
 1197              	.LBB115:
 1198              	.LBB89:
 544:Drivers/STM32F3xx_HAL_Driver/Src/stm32f3xx_hal_flash_ex.c **** #endif /* OB_WRP_PAGES32TO63MASK */
 1199              	 .loc 1 544 13 view .LVU421
 1200 0212 C8F30728 	 ubfx r8,r8,#8,#8
 1201              	.LVL103:
 583:Drivers/STM32F3xx_HAL_Driver/Src/stm32f3xx_hal_flash_ex.c ****       {
 1202              	 .loc 1 583 29 view .LVU422
 1203 0216 B8F1FF0F 	 cmp r8,#255
 1204 021a F3D0     	 beq .L80
 585:Drivers/STM32F3xx_HAL_Driver/Src/stm32f3xx_hal_flash_ex.c ****         
 1205              	 .loc 1 585 9 is_stmt 1 view .LVU423
 585:Drivers/STM32F3xx_HAL_Driver/Src/stm32f3xx_hal_flash_ex.c ****         
 1206              	 .loc 1 585 18 is_stmt 0 view .LVU424
 1207 021c 074B     	 ldr r3,.L88+8
 1208 021e 5A89     	 ldrh r2,[r3,#10]
 1209 0220 08EA0208 	 and r8,r8,r2
 1210 0224 A3F80A80 	 strh r8,[r3,#10]
 588:Drivers/STM32F3xx_HAL_Driver/Src/stm32f3xx_hal_flash_ex.c ****       }
 1211              	 .loc 1 588 9 is_stmt 1 view .LVU425
ARM GAS   			page 46


 588:Drivers/STM32F3xx_HAL_Driver/Src/stm32f3xx_hal_flash_ex.c ****       }
 1212              	 .loc 1 588 18 is_stmt 0 view .LVU426
 1213 0228 4CF25030 	 movw r0,#50000
 1214 022c FFF7FEFF 	 bl FLASH_WaitForLastOperation
 1215              	.LVL104:
 588:Drivers/STM32F3xx_HAL_Driver/Src/stm32f3xx_hal_flash_ex.c ****       }
 1216              	 .loc 1 588 18 view .LVU427
 1217 0230 CCE7     	 b .L46
 1218              	.L89:
 1219 0232 00BF     	 .align 2
 1220              	.L88:
 1221 0234 00000000 	 .word pFlash
 1222 0238 00200240 	 .word 1073881088
 1223 023c 00F8FF1F 	 .word 536868864
 1224              	.LBE89:
 1225              	.LBE115:
 1226              	 .cfi_endproc
 1227              	.LFE126:
 1229              	 .section .text.HAL_FLASHEx_OBGetConfig,"ax",%progbits
 1230              	 .align 1
 1231              	 .p2align 2,,3
 1232              	 .global HAL_FLASHEx_OBGetConfig
 1233              	 .syntax unified
 1234              	 .thumb
 1235              	 .thumb_func
 1236              	 .fpu fpv4-sp-d16
 1238              	HAL_FLASHEx_OBGetConfig:
 1239              	.LVL105:
 1240              	.LFB127:
 442:Drivers/STM32F3xx_HAL_Driver/Src/stm32f3xx_hal_flash_ex.c ****   pOBInit->OptionType = OPTIONBYTE_WRP | OPTIONBYTE_RDP | OPTIONBYTE_USER;
 1241              	 .loc 1 442 1 is_stmt 1 view-0
 1242              	 .cfi_startproc
 1243              	 
 1244              	 
 1245              	 
 443:Drivers/STM32F3xx_HAL_Driver/Src/stm32f3xx_hal_flash_ex.c **** 
 1246              	 .loc 1 443 3 view .LVU429
 1247              	.LBB116:
 1248              	.LBB117:
 882:Drivers/STM32F3xx_HAL_Driver/Src/stm32f3xx_hal_flash_ex.c **** }
 1249              	 .loc 1 882 10 is_stmt 0 view .LVU430
 1250 0000 0E4B     	 ldr r3,.L94
 1251              	.LBE117:
 1252              	.LBE116:
 443:Drivers/STM32F3xx_HAL_Driver/Src/stm32f3xx_hal_flash_ex.c **** 
 1253              	 .loc 1 443 23 view .LVU431
 1254 0002 0722     	 movs r2,#7
 1255 0004 0260     	 str r2,[r0]
 446:Drivers/STM32F3xx_HAL_Driver/Src/stm32f3xx_hal_flash_ex.c **** 
 1256              	 .loc 1 446 3 is_stmt 1 view .LVU432
 1257              	.LBB119:
 1258              	.LBI116:
 879:Drivers/STM32F3xx_HAL_Driver/Src/stm32f3xx_hal_flash_ex.c **** {
 1259              	 .loc 1 879 17 view .LVU433
 1260              	.LBB118:
 882:Drivers/STM32F3xx_HAL_Driver/Src/stm32f3xx_hal_flash_ex.c **** }
 1261              	 .loc 1 882 3 view .LVU434
ARM GAS   			page 47


 882:Drivers/STM32F3xx_HAL_Driver/Src/stm32f3xx_hal_flash_ex.c **** }
 1262              	 .loc 1 882 10 is_stmt 0 view .LVU435
 1263 0006 1A6A     	 ldr r2,[r3,#32]
 1264              	.LBE118:
 1265              	.LBE119:
 446:Drivers/STM32F3xx_HAL_Driver/Src/stm32f3xx_hal_flash_ex.c **** 
 1266              	 .loc 1 446 20 view .LVU436
 1267 0008 8260     	 str r2,[r0,#8]
 449:Drivers/STM32F3xx_HAL_Driver/Src/stm32f3xx_hal_flash_ex.c **** 
 1268              	 .loc 1 449 3 is_stmt 1 view .LVU437
 1269              	.LBB120:
 1270              	.LBI120:
 893:Drivers/STM32F3xx_HAL_Driver/Src/stm32f3xx_hal_flash_ex.c **** {
 1271              	 .loc 1 893 17 view .LVU438
 1272              	.LBB121:
 895:Drivers/STM32F3xx_HAL_Driver/Src/stm32f3xx_hal_flash_ex.c ****   
 1273              	 .loc 1 895 3 view .LVU439
 1274              	.LVL106:
 899:Drivers/STM32F3xx_HAL_Driver/Src/stm32f3xx_hal_flash_ex.c **** #elif defined(FLASH_OBR_LEVEL1_PROT)
 1275              	 .loc 1 899 3 view .LVU440
 899:Drivers/STM32F3xx_HAL_Driver/Src/stm32f3xx_hal_flash_ex.c **** #elif defined(FLASH_OBR_LEVEL1_PROT)
 1276              	 .loc 1 899 13 is_stmt 0 view .LVU441
 1277 000a DB69     	 ldr r3,[r3,#28]
 899:Drivers/STM32F3xx_HAL_Driver/Src/stm32f3xx_hal_flash_ex.c **** #elif defined(FLASH_OBR_LEVEL1_PROT)
 1278              	 .loc 1 899 11 view .LVU442
 1279 000c 03F00603 	 and r3,r3,#6
 1280              	.LVL107:
 905:Drivers/STM32F3xx_HAL_Driver/Src/stm32f3xx_hal_flash_ex.c **** #elif defined(FLASH_OBR_LEVEL1_PROT)
 1281              	 .loc 1 905 3 is_stmt 1 view .LVU443
 905:Drivers/STM32F3xx_HAL_Driver/Src/stm32f3xx_hal_flash_ex.c **** #elif defined(FLASH_OBR_LEVEL1_PROT)
 1282              	 .loc 1 905 6 is_stmt 0 view .LVU444
 1283 0010 062B     	 cmp r3,#6
 1284 0012 11D0     	 beq .L92
 912:Drivers/STM32F3xx_HAL_Driver/Src/stm32f3xx_hal_flash_ex.c ****   {
 1285              	 .loc 1 912 8 is_stmt 1 view .LVU445
 912:Drivers/STM32F3xx_HAL_Driver/Src/stm32f3xx_hal_flash_ex.c ****   {
 1286              	 .loc 1 912 11 is_stmt 0 view .LVU446
 1287 0014 002B     	 cmp r3,#0
 1288 0016 0CBF     	 ite eq
 1289 0018 AA22     	 moveq r2,#170
 1290 001a BB22     	 movne r2,#187
 1291              	.L91:
 1292              	.LVL108:
 912:Drivers/STM32F3xx_HAL_Driver/Src/stm32f3xx_hal_flash_ex.c ****   {
 1293              	 .loc 1 912 11 view .LVU447
 1294              	.LBE121:
 1295              	.LBE120:
 1296              	.LBB123:
 1297              	.LBB124:
 931:Drivers/STM32F3xx_HAL_Driver/Src/stm32f3xx_hal_flash_ex.c **** }
 1298              	 .loc 1 931 21 view .LVU448
 1299 001c 074B     	 ldr r3,.L94
 1300              	.LBE124:
 1301              	.LBE123:
 449:Drivers/STM32F3xx_HAL_Driver/Src/stm32f3xx_hal_flash_ex.c **** 
 1302              	 .loc 1 449 21 view .LVU449
 1303 001e 0273     	 strb r2,[r0,#12]
ARM GAS   			page 48


 452:Drivers/STM32F3xx_HAL_Driver/Src/stm32f3xx_hal_flash_ex.c **** }
 1304              	 .loc 1 452 3 is_stmt 1 view .LVU450
 1305              	.LBB128:
 1306              	.LBI123:
 928:Drivers/STM32F3xx_HAL_Driver/Src/stm32f3xx_hal_flash_ex.c **** {
 1307              	 .loc 1 928 16 view .LVU451
 1308              	.LBB127:
 931:Drivers/STM32F3xx_HAL_Driver/Src/stm32f3xx_hal_flash_ex.c **** }
 1309              	 .loc 1 931 3 view .LVU452
 931:Drivers/STM32F3xx_HAL_Driver/Src/stm32f3xx_hal_flash_ex.c **** }
 1310              	 .loc 1 931 21 is_stmt 0 view .LVU453
 1311 0020 DB69     	 ldr r3,[r3,#28]
 1312              	.LVL109:
 1313              	.LBB125:
 1314              	.LBI125:
 1315              	 .file 2 "Drivers/CMSIS/Include/cmsis_gcc.h"
   1:Drivers/CMSIS/Include/cmsis_gcc.h **** /**************************************************************************//**
   2:Drivers/CMSIS/Include/cmsis_gcc.h ****  * @file     cmsis_gcc.h
   3:Drivers/CMSIS/Include/cmsis_gcc.h ****  * @brief    CMSIS compiler GCC header file
   4:Drivers/CMSIS/Include/cmsis_gcc.h ****  * @version  V5.0.4
   5:Drivers/CMSIS/Include/cmsis_gcc.h ****  * @date     09. April 2018
   6:Drivers/CMSIS/Include/cmsis_gcc.h ****  ******************************************************************************/
   7:Drivers/CMSIS/Include/cmsis_gcc.h **** /*
   8:Drivers/CMSIS/Include/cmsis_gcc.h ****  * Copyright (c) 2009-2018 Arm Limited. All rights reserved.
   9:Drivers/CMSIS/Include/cmsis_gcc.h ****  *
  10:Drivers/CMSIS/Include/cmsis_gcc.h ****  * SPDX-License-Identifier: Apache-2.0
  11:Drivers/CMSIS/Include/cmsis_gcc.h ****  *
  12:Drivers/CMSIS/Include/cmsis_gcc.h ****  * Licensed under the Apache License, Version 2.0 (the License); you may
  13:Drivers/CMSIS/Include/cmsis_gcc.h ****  * not use this file except in compliance with the License.
  14:Drivers/CMSIS/Include/cmsis_gcc.h ****  * You may obtain a copy of the License at
  15:Drivers/CMSIS/Include/cmsis_gcc.h ****  *
  16:Drivers/CMSIS/Include/cmsis_gcc.h ****  * www.apache.org/licenses/LICENSE-2.0
  17:Drivers/CMSIS/Include/cmsis_gcc.h ****  *
  18:Drivers/CMSIS/Include/cmsis_gcc.h ****  * Unless required by applicable law or agreed to in writing, software
  19:Drivers/CMSIS/Include/cmsis_gcc.h ****  * distributed under the License is distributed on an AS IS BASIS, WITHOUT
  20:Drivers/CMSIS/Include/cmsis_gcc.h ****  * WARRANTIES OR CONDITIONS OF ANY KIND, either express or implied.
  21:Drivers/CMSIS/Include/cmsis_gcc.h ****  * See the License for the specific language governing permissions and
  22:Drivers/CMSIS/Include/cmsis_gcc.h ****  * limitations under the License.
  23:Drivers/CMSIS/Include/cmsis_gcc.h ****  */
  24:Drivers/CMSIS/Include/cmsis_gcc.h **** 
  25:Drivers/CMSIS/Include/cmsis_gcc.h **** #ifndef __CMSIS_GCC_H
  26:Drivers/CMSIS/Include/cmsis_gcc.h **** #define __CMSIS_GCC_H
  27:Drivers/CMSIS/Include/cmsis_gcc.h **** 
  28:Drivers/CMSIS/Include/cmsis_gcc.h **** /* ignore some GCC warnings */
  29:Drivers/CMSIS/Include/cmsis_gcc.h **** #pragma GCC diagnostic push
  30:Drivers/CMSIS/Include/cmsis_gcc.h **** #pragma GCC diagnostic ignored "-Wsign-conversion"
  31:Drivers/CMSIS/Include/cmsis_gcc.h **** #pragma GCC diagnostic ignored "-Wconversion"
  32:Drivers/CMSIS/Include/cmsis_gcc.h **** #pragma GCC diagnostic ignored "-Wunused-parameter"
  33:Drivers/CMSIS/Include/cmsis_gcc.h **** 
  34:Drivers/CMSIS/Include/cmsis_gcc.h **** /* Fallback for __has_builtin */
  35:Drivers/CMSIS/Include/cmsis_gcc.h **** #ifndef __has_builtin
  36:Drivers/CMSIS/Include/cmsis_gcc.h ****   #define __has_builtin(x) (0)
  37:Drivers/CMSIS/Include/cmsis_gcc.h **** #endif
  38:Drivers/CMSIS/Include/cmsis_gcc.h **** 
  39:Drivers/CMSIS/Include/cmsis_gcc.h **** /* CMSIS compiler specific defines */
  40:Drivers/CMSIS/Include/cmsis_gcc.h **** #ifndef   __ASM
  41:Drivers/CMSIS/Include/cmsis_gcc.h ****   #define __ASM                                  __asm
ARM GAS   			page 49


  42:Drivers/CMSIS/Include/cmsis_gcc.h **** #endif
  43:Drivers/CMSIS/Include/cmsis_gcc.h **** #ifndef   __INLINE
  44:Drivers/CMSIS/Include/cmsis_gcc.h ****   #define __INLINE                               inline
  45:Drivers/CMSIS/Include/cmsis_gcc.h **** #endif
  46:Drivers/CMSIS/Include/cmsis_gcc.h **** #ifndef   __STATIC_INLINE
  47:Drivers/CMSIS/Include/cmsis_gcc.h ****   #define __STATIC_INLINE                        static inline
  48:Drivers/CMSIS/Include/cmsis_gcc.h **** #endif
  49:Drivers/CMSIS/Include/cmsis_gcc.h **** #ifndef   __STATIC_FORCEINLINE                 
  50:Drivers/CMSIS/Include/cmsis_gcc.h ****   #define __STATIC_FORCEINLINE                   __attribute__((always_inline)) static inline
  51:Drivers/CMSIS/Include/cmsis_gcc.h **** #endif                                           
  52:Drivers/CMSIS/Include/cmsis_gcc.h **** #ifndef   __NO_RETURN
  53:Drivers/CMSIS/Include/cmsis_gcc.h ****   #define __NO_RETURN                            __attribute__((__noreturn__))
  54:Drivers/CMSIS/Include/cmsis_gcc.h **** #endif
  55:Drivers/CMSIS/Include/cmsis_gcc.h **** #ifndef   __USED
  56:Drivers/CMSIS/Include/cmsis_gcc.h ****   #define __USED                                 __attribute__((used))
  57:Drivers/CMSIS/Include/cmsis_gcc.h **** #endif
  58:Drivers/CMSIS/Include/cmsis_gcc.h **** #ifndef   __WEAK
  59:Drivers/CMSIS/Include/cmsis_gcc.h ****   #define __WEAK                                 __attribute__((weak))
  60:Drivers/CMSIS/Include/cmsis_gcc.h **** #endif
  61:Drivers/CMSIS/Include/cmsis_gcc.h **** #ifndef   __PACKED
  62:Drivers/CMSIS/Include/cmsis_gcc.h ****   #define __PACKED                               __attribute__((packed, aligned(1)))
  63:Drivers/CMSIS/Include/cmsis_gcc.h **** #endif
  64:Drivers/CMSIS/Include/cmsis_gcc.h **** #ifndef   __PACKED_STRUCT
  65:Drivers/CMSIS/Include/cmsis_gcc.h ****   #define __PACKED_STRUCT                        struct __attribute__((packed, aligned(1)))
  66:Drivers/CMSIS/Include/cmsis_gcc.h **** #endif
  67:Drivers/CMSIS/Include/cmsis_gcc.h **** #ifndef   __PACKED_UNION
  68:Drivers/CMSIS/Include/cmsis_gcc.h ****   #define __PACKED_UNION                         union __attribute__((packed, aligned(1)))
  69:Drivers/CMSIS/Include/cmsis_gcc.h **** #endif
  70:Drivers/CMSIS/Include/cmsis_gcc.h **** #ifndef   __UNALIGNED_UINT32        /* deprecated */
  71:Drivers/CMSIS/Include/cmsis_gcc.h ****   #pragma GCC diagnostic push
  72:Drivers/CMSIS/Include/cmsis_gcc.h ****   #pragma GCC diagnostic ignored "-Wpacked"
  73:Drivers/CMSIS/Include/cmsis_gcc.h ****   #pragma GCC diagnostic ignored "-Wattributes"
  74:Drivers/CMSIS/Include/cmsis_gcc.h ****   struct __attribute__((packed)) T_UINT32 { uint32_t v; };
  75:Drivers/CMSIS/Include/cmsis_gcc.h ****   #pragma GCC diagnostic pop
  76:Drivers/CMSIS/Include/cmsis_gcc.h ****   #define __UNALIGNED_UINT32(x)                  (((struct T_UINT32 *)(x))->v)
  77:Drivers/CMSIS/Include/cmsis_gcc.h **** #endif
  78:Drivers/CMSIS/Include/cmsis_gcc.h **** #ifndef   __UNALIGNED_UINT16_WRITE
  79:Drivers/CMSIS/Include/cmsis_gcc.h ****   #pragma GCC diagnostic push
  80:Drivers/CMSIS/Include/cmsis_gcc.h ****   #pragma GCC diagnostic ignored "-Wpacked"
  81:Drivers/CMSIS/Include/cmsis_gcc.h ****   #pragma GCC diagnostic ignored "-Wattributes"
  82:Drivers/CMSIS/Include/cmsis_gcc.h ****   __PACKED_STRUCT T_UINT16_WRITE { uint16_t v; };
  83:Drivers/CMSIS/Include/cmsis_gcc.h ****   #pragma GCC diagnostic pop
  84:Drivers/CMSIS/Include/cmsis_gcc.h ****   #define __UNALIGNED_UINT16_WRITE(addr, val)    (void)((((struct T_UINT16_WRITE *)(void *)(addr))-
  85:Drivers/CMSIS/Include/cmsis_gcc.h **** #endif
  86:Drivers/CMSIS/Include/cmsis_gcc.h **** #ifndef   __UNALIGNED_UINT16_READ
  87:Drivers/CMSIS/Include/cmsis_gcc.h ****   #pragma GCC diagnostic push
  88:Drivers/CMSIS/Include/cmsis_gcc.h ****   #pragma GCC diagnostic ignored "-Wpacked"
  89:Drivers/CMSIS/Include/cmsis_gcc.h ****   #pragma GCC diagnostic ignored "-Wattributes"
  90:Drivers/CMSIS/Include/cmsis_gcc.h ****   __PACKED_STRUCT T_UINT16_READ { uint16_t v; };
  91:Drivers/CMSIS/Include/cmsis_gcc.h ****   #pragma GCC diagnostic pop
  92:Drivers/CMSIS/Include/cmsis_gcc.h ****   #define __UNALIGNED_UINT16_READ(addr)          (((const struct T_UINT16_READ *)(const void *)(add
  93:Drivers/CMSIS/Include/cmsis_gcc.h **** #endif
  94:Drivers/CMSIS/Include/cmsis_gcc.h **** #ifndef   __UNALIGNED_UINT32_WRITE
  95:Drivers/CMSIS/Include/cmsis_gcc.h ****   #pragma GCC diagnostic push
  96:Drivers/CMSIS/Include/cmsis_gcc.h ****   #pragma GCC diagnostic ignored "-Wpacked"
  97:Drivers/CMSIS/Include/cmsis_gcc.h ****   #pragma GCC diagnostic ignored "-Wattributes"
  98:Drivers/CMSIS/Include/cmsis_gcc.h ****   __PACKED_STRUCT T_UINT32_WRITE { uint32_t v; };
ARM GAS   			page 50


  99:Drivers/CMSIS/Include/cmsis_gcc.h ****   #pragma GCC diagnostic pop
 100:Drivers/CMSIS/Include/cmsis_gcc.h ****   #define __UNALIGNED_UINT32_WRITE(addr, val)    (void)((((struct T_UINT32_WRITE *)(void *)(addr))-
 101:Drivers/CMSIS/Include/cmsis_gcc.h **** #endif
 102:Drivers/CMSIS/Include/cmsis_gcc.h **** #ifndef   __UNALIGNED_UINT32_READ
 103:Drivers/CMSIS/Include/cmsis_gcc.h ****   #pragma GCC diagnostic push
 104:Drivers/CMSIS/Include/cmsis_gcc.h ****   #pragma GCC diagnostic ignored "-Wpacked"
 105:Drivers/CMSIS/Include/cmsis_gcc.h ****   #pragma GCC diagnostic ignored "-Wattributes"
 106:Drivers/CMSIS/Include/cmsis_gcc.h ****   __PACKED_STRUCT T_UINT32_READ { uint32_t v; };
 107:Drivers/CMSIS/Include/cmsis_gcc.h ****   #pragma GCC diagnostic pop
 108:Drivers/CMSIS/Include/cmsis_gcc.h ****   #define __UNALIGNED_UINT32_READ(addr)          (((const struct T_UINT32_READ *)(const void *)(add
 109:Drivers/CMSIS/Include/cmsis_gcc.h **** #endif
 110:Drivers/CMSIS/Include/cmsis_gcc.h **** #ifndef   __ALIGNED
 111:Drivers/CMSIS/Include/cmsis_gcc.h ****   #define __ALIGNED(x)                           __attribute__((aligned(x)))
 112:Drivers/CMSIS/Include/cmsis_gcc.h **** #endif
 113:Drivers/CMSIS/Include/cmsis_gcc.h **** #ifndef   __RESTRICT
 114:Drivers/CMSIS/Include/cmsis_gcc.h ****   #define __RESTRICT                             __restrict
 115:Drivers/CMSIS/Include/cmsis_gcc.h **** #endif
 116:Drivers/CMSIS/Include/cmsis_gcc.h **** 
 117:Drivers/CMSIS/Include/cmsis_gcc.h **** 
 118:Drivers/CMSIS/Include/cmsis_gcc.h **** /* ###########################  Core Function Access  ########################### */
 119:Drivers/CMSIS/Include/cmsis_gcc.h **** /** \ingroup  CMSIS_Core_FunctionInterface
 120:Drivers/CMSIS/Include/cmsis_gcc.h ****     \defgroup CMSIS_Core_RegAccFunctions CMSIS Core Register Access Functions
 121:Drivers/CMSIS/Include/cmsis_gcc.h ****   @{
 122:Drivers/CMSIS/Include/cmsis_gcc.h ****  */
 123:Drivers/CMSIS/Include/cmsis_gcc.h **** 
 124:Drivers/CMSIS/Include/cmsis_gcc.h **** /**
 125:Drivers/CMSIS/Include/cmsis_gcc.h ****   \brief   Enable IRQ Interrupts
 126:Drivers/CMSIS/Include/cmsis_gcc.h ****   \details Enables IRQ interrupts by clearing the I-bit in the CPSR.
 127:Drivers/CMSIS/Include/cmsis_gcc.h ****            Can only be executed in Privileged modes.
 128:Drivers/CMSIS/Include/cmsis_gcc.h ****  */
 129:Drivers/CMSIS/Include/cmsis_gcc.h **** __STATIC_FORCEINLINE void __enable_irq(void)
 130:Drivers/CMSIS/Include/cmsis_gcc.h **** {
 131:Drivers/CMSIS/Include/cmsis_gcc.h ****   __ASM volatile ("cpsie i" : : : "memory");
 132:Drivers/CMSIS/Include/cmsis_gcc.h **** }
 133:Drivers/CMSIS/Include/cmsis_gcc.h **** 
 134:Drivers/CMSIS/Include/cmsis_gcc.h **** 
 135:Drivers/CMSIS/Include/cmsis_gcc.h **** /**
 136:Drivers/CMSIS/Include/cmsis_gcc.h ****   \brief   Disable IRQ Interrupts
 137:Drivers/CMSIS/Include/cmsis_gcc.h ****   \details Disables IRQ interrupts by setting the I-bit in the CPSR.
 138:Drivers/CMSIS/Include/cmsis_gcc.h ****            Can only be executed in Privileged modes.
 139:Drivers/CMSIS/Include/cmsis_gcc.h ****  */
 140:Drivers/CMSIS/Include/cmsis_gcc.h **** __STATIC_FORCEINLINE void __disable_irq(void)
 141:Drivers/CMSIS/Include/cmsis_gcc.h **** {
 142:Drivers/CMSIS/Include/cmsis_gcc.h ****   __ASM volatile ("cpsid i" : : : "memory");
 143:Drivers/CMSIS/Include/cmsis_gcc.h **** }
 144:Drivers/CMSIS/Include/cmsis_gcc.h **** 
 145:Drivers/CMSIS/Include/cmsis_gcc.h **** 
 146:Drivers/CMSIS/Include/cmsis_gcc.h **** /**
 147:Drivers/CMSIS/Include/cmsis_gcc.h ****   \brief   Get Control Register
 148:Drivers/CMSIS/Include/cmsis_gcc.h ****   \details Returns the content of the Control Register.
 149:Drivers/CMSIS/Include/cmsis_gcc.h ****   \return               Control Register value
 150:Drivers/CMSIS/Include/cmsis_gcc.h ****  */
 151:Drivers/CMSIS/Include/cmsis_gcc.h **** __STATIC_FORCEINLINE uint32_t __get_CONTROL(void)
 152:Drivers/CMSIS/Include/cmsis_gcc.h **** {
 153:Drivers/CMSIS/Include/cmsis_gcc.h ****   uint32_t result;
 154:Drivers/CMSIS/Include/cmsis_gcc.h **** 
 155:Drivers/CMSIS/Include/cmsis_gcc.h ****   __ASM volatile ("MRS %0, control" : "=r" (result) );
ARM GAS   			page 51


 156:Drivers/CMSIS/Include/cmsis_gcc.h ****   return(result);
 157:Drivers/CMSIS/Include/cmsis_gcc.h **** }
 158:Drivers/CMSIS/Include/cmsis_gcc.h **** 
 159:Drivers/CMSIS/Include/cmsis_gcc.h **** 
 160:Drivers/CMSIS/Include/cmsis_gcc.h **** #if (defined (__ARM_FEATURE_CMSE ) && (__ARM_FEATURE_CMSE == 3))
 161:Drivers/CMSIS/Include/cmsis_gcc.h **** /**
 162:Drivers/CMSIS/Include/cmsis_gcc.h ****   \brief   Get Control Register (non-secure)
 163:Drivers/CMSIS/Include/cmsis_gcc.h ****   \details Returns the content of the non-secure Control Register when in secure mode.
 164:Drivers/CMSIS/Include/cmsis_gcc.h ****   \return               non-secure Control Register value
 165:Drivers/CMSIS/Include/cmsis_gcc.h ****  */
 166:Drivers/CMSIS/Include/cmsis_gcc.h **** __STATIC_FORCEINLINE uint32_t __TZ_get_CONTROL_NS(void)
 167:Drivers/CMSIS/Include/cmsis_gcc.h **** {
 168:Drivers/CMSIS/Include/cmsis_gcc.h ****   uint32_t result;
 169:Drivers/CMSIS/Include/cmsis_gcc.h **** 
 170:Drivers/CMSIS/Include/cmsis_gcc.h ****   __ASM volatile ("MRS %0, control_ns" : "=r" (result) );
 171:Drivers/CMSIS/Include/cmsis_gcc.h ****   return(result);
 172:Drivers/CMSIS/Include/cmsis_gcc.h **** }
 173:Drivers/CMSIS/Include/cmsis_gcc.h **** #endif
 174:Drivers/CMSIS/Include/cmsis_gcc.h **** 
 175:Drivers/CMSIS/Include/cmsis_gcc.h **** 
 176:Drivers/CMSIS/Include/cmsis_gcc.h **** /**
 177:Drivers/CMSIS/Include/cmsis_gcc.h ****   \brief   Set Control Register
 178:Drivers/CMSIS/Include/cmsis_gcc.h ****   \details Writes the given value to the Control Register.
 179:Drivers/CMSIS/Include/cmsis_gcc.h ****   \param [in]    control  Control Register value to set
 180:Drivers/CMSIS/Include/cmsis_gcc.h ****  */
 181:Drivers/CMSIS/Include/cmsis_gcc.h **** __STATIC_FORCEINLINE void __set_CONTROL(uint32_t control)
 182:Drivers/CMSIS/Include/cmsis_gcc.h **** {
 183:Drivers/CMSIS/Include/cmsis_gcc.h ****   __ASM volatile ("MSR control, %0" : : "r" (control) : "memory");
 184:Drivers/CMSIS/Include/cmsis_gcc.h **** }
 185:Drivers/CMSIS/Include/cmsis_gcc.h **** 
 186:Drivers/CMSIS/Include/cmsis_gcc.h **** 
 187:Drivers/CMSIS/Include/cmsis_gcc.h **** #if (defined (__ARM_FEATURE_CMSE ) && (__ARM_FEATURE_CMSE == 3))
 188:Drivers/CMSIS/Include/cmsis_gcc.h **** /**
 189:Drivers/CMSIS/Include/cmsis_gcc.h ****   \brief   Set Control Register (non-secure)
 190:Drivers/CMSIS/Include/cmsis_gcc.h ****   \details Writes the given value to the non-secure Control Register when in secure state.
 191:Drivers/CMSIS/Include/cmsis_gcc.h ****   \param [in]    control  Control Register value to set
 192:Drivers/CMSIS/Include/cmsis_gcc.h ****  */
 193:Drivers/CMSIS/Include/cmsis_gcc.h **** __STATIC_FORCEINLINE void __TZ_set_CONTROL_NS(uint32_t control)
 194:Drivers/CMSIS/Include/cmsis_gcc.h **** {
 195:Drivers/CMSIS/Include/cmsis_gcc.h ****   __ASM volatile ("MSR control_ns, %0" : : "r" (control) : "memory");
 196:Drivers/CMSIS/Include/cmsis_gcc.h **** }
 197:Drivers/CMSIS/Include/cmsis_gcc.h **** #endif
 198:Drivers/CMSIS/Include/cmsis_gcc.h **** 
 199:Drivers/CMSIS/Include/cmsis_gcc.h **** 
 200:Drivers/CMSIS/Include/cmsis_gcc.h **** /**
 201:Drivers/CMSIS/Include/cmsis_gcc.h ****   \brief   Get IPSR Register
 202:Drivers/CMSIS/Include/cmsis_gcc.h ****   \details Returns the content of the IPSR Register.
 203:Drivers/CMSIS/Include/cmsis_gcc.h ****   \return               IPSR Register value
 204:Drivers/CMSIS/Include/cmsis_gcc.h ****  */
 205:Drivers/CMSIS/Include/cmsis_gcc.h **** __STATIC_FORCEINLINE uint32_t __get_IPSR(void)
 206:Drivers/CMSIS/Include/cmsis_gcc.h **** {
 207:Drivers/CMSIS/Include/cmsis_gcc.h ****   uint32_t result;
 208:Drivers/CMSIS/Include/cmsis_gcc.h **** 
 209:Drivers/CMSIS/Include/cmsis_gcc.h ****   __ASM volatile ("MRS %0, ipsr" : "=r" (result) );
 210:Drivers/CMSIS/Include/cmsis_gcc.h ****   return(result);
 211:Drivers/CMSIS/Include/cmsis_gcc.h **** }
 212:Drivers/CMSIS/Include/cmsis_gcc.h **** 
ARM GAS   			page 52


 213:Drivers/CMSIS/Include/cmsis_gcc.h **** 
 214:Drivers/CMSIS/Include/cmsis_gcc.h **** /**
 215:Drivers/CMSIS/Include/cmsis_gcc.h ****   \brief   Get APSR Register
 216:Drivers/CMSIS/Include/cmsis_gcc.h ****   \details Returns the content of the APSR Register.
 217:Drivers/CMSIS/Include/cmsis_gcc.h ****   \return               APSR Register value
 218:Drivers/CMSIS/Include/cmsis_gcc.h ****  */
 219:Drivers/CMSIS/Include/cmsis_gcc.h **** __STATIC_FORCEINLINE uint32_t __get_APSR(void)
 220:Drivers/CMSIS/Include/cmsis_gcc.h **** {
 221:Drivers/CMSIS/Include/cmsis_gcc.h ****   uint32_t result;
 222:Drivers/CMSIS/Include/cmsis_gcc.h **** 
 223:Drivers/CMSIS/Include/cmsis_gcc.h ****   __ASM volatile ("MRS %0, apsr" : "=r" (result) );
 224:Drivers/CMSIS/Include/cmsis_gcc.h ****   return(result);
 225:Drivers/CMSIS/Include/cmsis_gcc.h **** }
 226:Drivers/CMSIS/Include/cmsis_gcc.h **** 
 227:Drivers/CMSIS/Include/cmsis_gcc.h **** 
 228:Drivers/CMSIS/Include/cmsis_gcc.h **** /**
 229:Drivers/CMSIS/Include/cmsis_gcc.h ****   \brief   Get xPSR Register
 230:Drivers/CMSIS/Include/cmsis_gcc.h ****   \details Returns the content of the xPSR Register.
 231:Drivers/CMSIS/Include/cmsis_gcc.h ****   \return               xPSR Register value
 232:Drivers/CMSIS/Include/cmsis_gcc.h ****  */
 233:Drivers/CMSIS/Include/cmsis_gcc.h **** __STATIC_FORCEINLINE uint32_t __get_xPSR(void)
 234:Drivers/CMSIS/Include/cmsis_gcc.h **** {
 235:Drivers/CMSIS/Include/cmsis_gcc.h ****   uint32_t result;
 236:Drivers/CMSIS/Include/cmsis_gcc.h **** 
 237:Drivers/CMSIS/Include/cmsis_gcc.h ****   __ASM volatile ("MRS %0, xpsr" : "=r" (result) );
 238:Drivers/CMSIS/Include/cmsis_gcc.h ****   return(result);
 239:Drivers/CMSIS/Include/cmsis_gcc.h **** }
 240:Drivers/CMSIS/Include/cmsis_gcc.h **** 
 241:Drivers/CMSIS/Include/cmsis_gcc.h **** 
 242:Drivers/CMSIS/Include/cmsis_gcc.h **** /**
 243:Drivers/CMSIS/Include/cmsis_gcc.h ****   \brief   Get Process Stack Pointer
 244:Drivers/CMSIS/Include/cmsis_gcc.h ****   \details Returns the current value of the Process Stack Pointer (PSP).
 245:Drivers/CMSIS/Include/cmsis_gcc.h ****   \return               PSP Register value
 246:Drivers/CMSIS/Include/cmsis_gcc.h ****  */
 247:Drivers/CMSIS/Include/cmsis_gcc.h **** __STATIC_FORCEINLINE uint32_t __get_PSP(void)
 248:Drivers/CMSIS/Include/cmsis_gcc.h **** {
 249:Drivers/CMSIS/Include/cmsis_gcc.h ****   uint32_t result;
 250:Drivers/CMSIS/Include/cmsis_gcc.h **** 
 251:Drivers/CMSIS/Include/cmsis_gcc.h ****   __ASM volatile ("MRS %0, psp"  : "=r" (result) );
 252:Drivers/CMSIS/Include/cmsis_gcc.h ****   return(result);
 253:Drivers/CMSIS/Include/cmsis_gcc.h **** }
 254:Drivers/CMSIS/Include/cmsis_gcc.h **** 
 255:Drivers/CMSIS/Include/cmsis_gcc.h **** 
 256:Drivers/CMSIS/Include/cmsis_gcc.h **** #if (defined (__ARM_FEATURE_CMSE ) && (__ARM_FEATURE_CMSE == 3))
 257:Drivers/CMSIS/Include/cmsis_gcc.h **** /**
 258:Drivers/CMSIS/Include/cmsis_gcc.h ****   \brief   Get Process Stack Pointer (non-secure)
 259:Drivers/CMSIS/Include/cmsis_gcc.h ****   \details Returns the current value of the non-secure Process Stack Pointer (PSP) when in secure s
 260:Drivers/CMSIS/Include/cmsis_gcc.h ****   \return               PSP Register value
 261:Drivers/CMSIS/Include/cmsis_gcc.h ****  */
 262:Drivers/CMSIS/Include/cmsis_gcc.h **** __STATIC_FORCEINLINE uint32_t __TZ_get_PSP_NS(void)
 263:Drivers/CMSIS/Include/cmsis_gcc.h **** {
 264:Drivers/CMSIS/Include/cmsis_gcc.h ****   uint32_t result;
 265:Drivers/CMSIS/Include/cmsis_gcc.h **** 
 266:Drivers/CMSIS/Include/cmsis_gcc.h ****   __ASM volatile ("MRS %0, psp_ns"  : "=r" (result) );
 267:Drivers/CMSIS/Include/cmsis_gcc.h ****   return(result);
 268:Drivers/CMSIS/Include/cmsis_gcc.h **** }
 269:Drivers/CMSIS/Include/cmsis_gcc.h **** #endif
ARM GAS   			page 53


 270:Drivers/CMSIS/Include/cmsis_gcc.h **** 
 271:Drivers/CMSIS/Include/cmsis_gcc.h **** 
 272:Drivers/CMSIS/Include/cmsis_gcc.h **** /**
 273:Drivers/CMSIS/Include/cmsis_gcc.h ****   \brief   Set Process Stack Pointer
 274:Drivers/CMSIS/Include/cmsis_gcc.h ****   \details Assigns the given value to the Process Stack Pointer (PSP).
 275:Drivers/CMSIS/Include/cmsis_gcc.h ****   \param [in]    topOfProcStack  Process Stack Pointer value to set
 276:Drivers/CMSIS/Include/cmsis_gcc.h ****  */
 277:Drivers/CMSIS/Include/cmsis_gcc.h **** __STATIC_FORCEINLINE void __set_PSP(uint32_t topOfProcStack)
 278:Drivers/CMSIS/Include/cmsis_gcc.h **** {
 279:Drivers/CMSIS/Include/cmsis_gcc.h ****   __ASM volatile ("MSR psp, %0" : : "r" (topOfProcStack) : );
 280:Drivers/CMSIS/Include/cmsis_gcc.h **** }
 281:Drivers/CMSIS/Include/cmsis_gcc.h **** 
 282:Drivers/CMSIS/Include/cmsis_gcc.h **** 
 283:Drivers/CMSIS/Include/cmsis_gcc.h **** #if (defined (__ARM_FEATURE_CMSE ) && (__ARM_FEATURE_CMSE == 3))
 284:Drivers/CMSIS/Include/cmsis_gcc.h **** /**
 285:Drivers/CMSIS/Include/cmsis_gcc.h ****   \brief   Set Process Stack Pointer (non-secure)
 286:Drivers/CMSIS/Include/cmsis_gcc.h ****   \details Assigns the given value to the non-secure Process Stack Pointer (PSP) when in secure sta
 287:Drivers/CMSIS/Include/cmsis_gcc.h ****   \param [in]    topOfProcStack  Process Stack Pointer value to set
 288:Drivers/CMSIS/Include/cmsis_gcc.h ****  */
 289:Drivers/CMSIS/Include/cmsis_gcc.h **** __STATIC_FORCEINLINE void __TZ_set_PSP_NS(uint32_t topOfProcStack)
 290:Drivers/CMSIS/Include/cmsis_gcc.h **** {
 291:Drivers/CMSIS/Include/cmsis_gcc.h ****   __ASM volatile ("MSR psp_ns, %0" : : "r" (topOfProcStack) : );
 292:Drivers/CMSIS/Include/cmsis_gcc.h **** }
 293:Drivers/CMSIS/Include/cmsis_gcc.h **** #endif
 294:Drivers/CMSIS/Include/cmsis_gcc.h **** 
 295:Drivers/CMSIS/Include/cmsis_gcc.h **** 
 296:Drivers/CMSIS/Include/cmsis_gcc.h **** /**
 297:Drivers/CMSIS/Include/cmsis_gcc.h ****   \brief   Get Main Stack Pointer
 298:Drivers/CMSIS/Include/cmsis_gcc.h ****   \details Returns the current value of the Main Stack Pointer (MSP).
 299:Drivers/CMSIS/Include/cmsis_gcc.h ****   \return               MSP Register value
 300:Drivers/CMSIS/Include/cmsis_gcc.h ****  */
 301:Drivers/CMSIS/Include/cmsis_gcc.h **** __STATIC_FORCEINLINE uint32_t __get_MSP(void)
 302:Drivers/CMSIS/Include/cmsis_gcc.h **** {
 303:Drivers/CMSIS/Include/cmsis_gcc.h ****   uint32_t result;
 304:Drivers/CMSIS/Include/cmsis_gcc.h **** 
 305:Drivers/CMSIS/Include/cmsis_gcc.h ****   __ASM volatile ("MRS %0, msp" : "=r" (result) );
 306:Drivers/CMSIS/Include/cmsis_gcc.h ****   return(result);
 307:Drivers/CMSIS/Include/cmsis_gcc.h **** }
 308:Drivers/CMSIS/Include/cmsis_gcc.h **** 
 309:Drivers/CMSIS/Include/cmsis_gcc.h **** 
 310:Drivers/CMSIS/Include/cmsis_gcc.h **** #if (defined (__ARM_FEATURE_CMSE ) && (__ARM_FEATURE_CMSE == 3))
 311:Drivers/CMSIS/Include/cmsis_gcc.h **** /**
 312:Drivers/CMSIS/Include/cmsis_gcc.h ****   \brief   Get Main Stack Pointer (non-secure)
 313:Drivers/CMSIS/Include/cmsis_gcc.h ****   \details Returns the current value of the non-secure Main Stack Pointer (MSP) when in secure stat
 314:Drivers/CMSIS/Include/cmsis_gcc.h ****   \return               MSP Register value
 315:Drivers/CMSIS/Include/cmsis_gcc.h ****  */
 316:Drivers/CMSIS/Include/cmsis_gcc.h **** __STATIC_FORCEINLINE uint32_t __TZ_get_MSP_NS(void)
 317:Drivers/CMSIS/Include/cmsis_gcc.h **** {
 318:Drivers/CMSIS/Include/cmsis_gcc.h ****   uint32_t result;
 319:Drivers/CMSIS/Include/cmsis_gcc.h **** 
 320:Drivers/CMSIS/Include/cmsis_gcc.h ****   __ASM volatile ("MRS %0, msp_ns" : "=r" (result) );
 321:Drivers/CMSIS/Include/cmsis_gcc.h ****   return(result);
 322:Drivers/CMSIS/Include/cmsis_gcc.h **** }
 323:Drivers/CMSIS/Include/cmsis_gcc.h **** #endif
 324:Drivers/CMSIS/Include/cmsis_gcc.h **** 
 325:Drivers/CMSIS/Include/cmsis_gcc.h **** 
 326:Drivers/CMSIS/Include/cmsis_gcc.h **** /**
ARM GAS   			page 54


 327:Drivers/CMSIS/Include/cmsis_gcc.h ****   \brief   Set Main Stack Pointer
 328:Drivers/CMSIS/Include/cmsis_gcc.h ****   \details Assigns the given value to the Main Stack Pointer (MSP).
 329:Drivers/CMSIS/Include/cmsis_gcc.h ****   \param [in]    topOfMainStack  Main Stack Pointer value to set
 330:Drivers/CMSIS/Include/cmsis_gcc.h ****  */
 331:Drivers/CMSIS/Include/cmsis_gcc.h **** __STATIC_FORCEINLINE void __set_MSP(uint32_t topOfMainStack)
 332:Drivers/CMSIS/Include/cmsis_gcc.h **** {
 333:Drivers/CMSIS/Include/cmsis_gcc.h ****   __ASM volatile ("MSR msp, %0" : : "r" (topOfMainStack) : );
 334:Drivers/CMSIS/Include/cmsis_gcc.h **** }
 335:Drivers/CMSIS/Include/cmsis_gcc.h **** 
 336:Drivers/CMSIS/Include/cmsis_gcc.h **** 
 337:Drivers/CMSIS/Include/cmsis_gcc.h **** #if (defined (__ARM_FEATURE_CMSE ) && (__ARM_FEATURE_CMSE == 3))
 338:Drivers/CMSIS/Include/cmsis_gcc.h **** /**
 339:Drivers/CMSIS/Include/cmsis_gcc.h ****   \brief   Set Main Stack Pointer (non-secure)
 340:Drivers/CMSIS/Include/cmsis_gcc.h ****   \details Assigns the given value to the non-secure Main Stack Pointer (MSP) when in secure state.
 341:Drivers/CMSIS/Include/cmsis_gcc.h ****   \param [in]    topOfMainStack  Main Stack Pointer value to set
 342:Drivers/CMSIS/Include/cmsis_gcc.h ****  */
 343:Drivers/CMSIS/Include/cmsis_gcc.h **** __STATIC_FORCEINLINE void __TZ_set_MSP_NS(uint32_t topOfMainStack)
 344:Drivers/CMSIS/Include/cmsis_gcc.h **** {
 345:Drivers/CMSIS/Include/cmsis_gcc.h ****   __ASM volatile ("MSR msp_ns, %0" : : "r" (topOfMainStack) : );
 346:Drivers/CMSIS/Include/cmsis_gcc.h **** }
 347:Drivers/CMSIS/Include/cmsis_gcc.h **** #endif
 348:Drivers/CMSIS/Include/cmsis_gcc.h **** 
 349:Drivers/CMSIS/Include/cmsis_gcc.h **** 
 350:Drivers/CMSIS/Include/cmsis_gcc.h **** #if (defined (__ARM_FEATURE_CMSE ) && (__ARM_FEATURE_CMSE == 3))
 351:Drivers/CMSIS/Include/cmsis_gcc.h **** /**
 352:Drivers/CMSIS/Include/cmsis_gcc.h ****   \brief   Get Stack Pointer (non-secure)
 353:Drivers/CMSIS/Include/cmsis_gcc.h ****   \details Returns the current value of the non-secure Stack Pointer (SP) when in secure state.
 354:Drivers/CMSIS/Include/cmsis_gcc.h ****   \return               SP Register value
 355:Drivers/CMSIS/Include/cmsis_gcc.h ****  */
 356:Drivers/CMSIS/Include/cmsis_gcc.h **** __STATIC_FORCEINLINE uint32_t __TZ_get_SP_NS(void)
 357:Drivers/CMSIS/Include/cmsis_gcc.h **** {
 358:Drivers/CMSIS/Include/cmsis_gcc.h ****   uint32_t result;
 359:Drivers/CMSIS/Include/cmsis_gcc.h **** 
 360:Drivers/CMSIS/Include/cmsis_gcc.h ****   __ASM volatile ("MRS %0, sp_ns" : "=r" (result) );
 361:Drivers/CMSIS/Include/cmsis_gcc.h ****   return(result);
 362:Drivers/CMSIS/Include/cmsis_gcc.h **** }
 363:Drivers/CMSIS/Include/cmsis_gcc.h **** 
 364:Drivers/CMSIS/Include/cmsis_gcc.h **** 
 365:Drivers/CMSIS/Include/cmsis_gcc.h **** /**
 366:Drivers/CMSIS/Include/cmsis_gcc.h ****   \brief   Set Stack Pointer (non-secure)
 367:Drivers/CMSIS/Include/cmsis_gcc.h ****   \details Assigns the given value to the non-secure Stack Pointer (SP) when in secure state.
 368:Drivers/CMSIS/Include/cmsis_gcc.h ****   \param [in]    topOfStack  Stack Pointer value to set
 369:Drivers/CMSIS/Include/cmsis_gcc.h ****  */
 370:Drivers/CMSIS/Include/cmsis_gcc.h **** __STATIC_FORCEINLINE void __TZ_set_SP_NS(uint32_t topOfStack)
 371:Drivers/CMSIS/Include/cmsis_gcc.h **** {
 372:Drivers/CMSIS/Include/cmsis_gcc.h ****   __ASM volatile ("MSR sp_ns, %0" : : "r" (topOfStack) : );
 373:Drivers/CMSIS/Include/cmsis_gcc.h **** }
 374:Drivers/CMSIS/Include/cmsis_gcc.h **** #endif
 375:Drivers/CMSIS/Include/cmsis_gcc.h **** 
 376:Drivers/CMSIS/Include/cmsis_gcc.h **** 
 377:Drivers/CMSIS/Include/cmsis_gcc.h **** /**
 378:Drivers/CMSIS/Include/cmsis_gcc.h ****   \brief   Get Priority Mask
 379:Drivers/CMSIS/Include/cmsis_gcc.h ****   \details Returns the current state of the priority mask bit from the Priority Mask Register.
 380:Drivers/CMSIS/Include/cmsis_gcc.h ****   \return               Priority Mask value
 381:Drivers/CMSIS/Include/cmsis_gcc.h ****  */
 382:Drivers/CMSIS/Include/cmsis_gcc.h **** __STATIC_FORCEINLINE uint32_t __get_PRIMASK(void)
 383:Drivers/CMSIS/Include/cmsis_gcc.h **** {
ARM GAS   			page 55


 384:Drivers/CMSIS/Include/cmsis_gcc.h ****   uint32_t result;
 385:Drivers/CMSIS/Include/cmsis_gcc.h **** 
 386:Drivers/CMSIS/Include/cmsis_gcc.h ****   __ASM volatile ("MRS %0, primask" : "=r" (result) :: "memory");
 387:Drivers/CMSIS/Include/cmsis_gcc.h ****   return(result);
 388:Drivers/CMSIS/Include/cmsis_gcc.h **** }
 389:Drivers/CMSIS/Include/cmsis_gcc.h **** 
 390:Drivers/CMSIS/Include/cmsis_gcc.h **** 
 391:Drivers/CMSIS/Include/cmsis_gcc.h **** #if (defined (__ARM_FEATURE_CMSE ) && (__ARM_FEATURE_CMSE == 3))
 392:Drivers/CMSIS/Include/cmsis_gcc.h **** /**
 393:Drivers/CMSIS/Include/cmsis_gcc.h ****   \brief   Get Priority Mask (non-secure)
 394:Drivers/CMSIS/Include/cmsis_gcc.h ****   \details Returns the current state of the non-secure priority mask bit from the Priority Mask Reg
 395:Drivers/CMSIS/Include/cmsis_gcc.h ****   \return               Priority Mask value
 396:Drivers/CMSIS/Include/cmsis_gcc.h ****  */
 397:Drivers/CMSIS/Include/cmsis_gcc.h **** __STATIC_FORCEINLINE uint32_t __TZ_get_PRIMASK_NS(void)
 398:Drivers/CMSIS/Include/cmsis_gcc.h **** {
 399:Drivers/CMSIS/Include/cmsis_gcc.h ****   uint32_t result;
 400:Drivers/CMSIS/Include/cmsis_gcc.h **** 
 401:Drivers/CMSIS/Include/cmsis_gcc.h ****   __ASM volatile ("MRS %0, primask_ns" : "=r" (result) :: "memory");
 402:Drivers/CMSIS/Include/cmsis_gcc.h ****   return(result);
 403:Drivers/CMSIS/Include/cmsis_gcc.h **** }
 404:Drivers/CMSIS/Include/cmsis_gcc.h **** #endif
 405:Drivers/CMSIS/Include/cmsis_gcc.h **** 
 406:Drivers/CMSIS/Include/cmsis_gcc.h **** 
 407:Drivers/CMSIS/Include/cmsis_gcc.h **** /**
 408:Drivers/CMSIS/Include/cmsis_gcc.h ****   \brief   Set Priority Mask
 409:Drivers/CMSIS/Include/cmsis_gcc.h ****   \details Assigns the given value to the Priority Mask Register.
 410:Drivers/CMSIS/Include/cmsis_gcc.h ****   \param [in]    priMask  Priority Mask
 411:Drivers/CMSIS/Include/cmsis_gcc.h ****  */
 412:Drivers/CMSIS/Include/cmsis_gcc.h **** __STATIC_FORCEINLINE void __set_PRIMASK(uint32_t priMask)
 413:Drivers/CMSIS/Include/cmsis_gcc.h **** {
 414:Drivers/CMSIS/Include/cmsis_gcc.h ****   __ASM volatile ("MSR primask, %0" : : "r" (priMask) : "memory");
 415:Drivers/CMSIS/Include/cmsis_gcc.h **** }
 416:Drivers/CMSIS/Include/cmsis_gcc.h **** 
 417:Drivers/CMSIS/Include/cmsis_gcc.h **** 
 418:Drivers/CMSIS/Include/cmsis_gcc.h **** #if (defined (__ARM_FEATURE_CMSE ) && (__ARM_FEATURE_CMSE == 3))
 419:Drivers/CMSIS/Include/cmsis_gcc.h **** /**
 420:Drivers/CMSIS/Include/cmsis_gcc.h ****   \brief   Set Priority Mask (non-secure)
 421:Drivers/CMSIS/Include/cmsis_gcc.h ****   \details Assigns the given value to the non-secure Priority Mask Register when in secure state.
 422:Drivers/CMSIS/Include/cmsis_gcc.h ****   \param [in]    priMask  Priority Mask
 423:Drivers/CMSIS/Include/cmsis_gcc.h ****  */
 424:Drivers/CMSIS/Include/cmsis_gcc.h **** __STATIC_FORCEINLINE void __TZ_set_PRIMASK_NS(uint32_t priMask)
 425:Drivers/CMSIS/Include/cmsis_gcc.h **** {
 426:Drivers/CMSIS/Include/cmsis_gcc.h ****   __ASM volatile ("MSR primask_ns, %0" : : "r" (priMask) : "memory");
 427:Drivers/CMSIS/Include/cmsis_gcc.h **** }
 428:Drivers/CMSIS/Include/cmsis_gcc.h **** #endif
 429:Drivers/CMSIS/Include/cmsis_gcc.h **** 
 430:Drivers/CMSIS/Include/cmsis_gcc.h **** 
 431:Drivers/CMSIS/Include/cmsis_gcc.h **** #if ((defined (__ARM_ARCH_7M__      ) && (__ARM_ARCH_7M__      == 1)) || \
 432:Drivers/CMSIS/Include/cmsis_gcc.h ****      (defined (__ARM_ARCH_7EM__     ) && (__ARM_ARCH_7EM__     == 1)) || \
 433:Drivers/CMSIS/Include/cmsis_gcc.h ****      (defined (__ARM_ARCH_8M_MAIN__ ) && (__ARM_ARCH_8M_MAIN__ == 1))    )
 434:Drivers/CMSIS/Include/cmsis_gcc.h **** /**
 435:Drivers/CMSIS/Include/cmsis_gcc.h ****   \brief   Enable FIQ
 436:Drivers/CMSIS/Include/cmsis_gcc.h ****   \details Enables FIQ interrupts by clearing the F-bit in the CPSR.
 437:Drivers/CMSIS/Include/cmsis_gcc.h ****            Can only be executed in Privileged modes.
 438:Drivers/CMSIS/Include/cmsis_gcc.h ****  */
 439:Drivers/CMSIS/Include/cmsis_gcc.h **** __STATIC_FORCEINLINE void __enable_fault_irq(void)
 440:Drivers/CMSIS/Include/cmsis_gcc.h **** {
ARM GAS   			page 56


 441:Drivers/CMSIS/Include/cmsis_gcc.h ****   __ASM volatile ("cpsie f" : : : "memory");
 442:Drivers/CMSIS/Include/cmsis_gcc.h **** }
 443:Drivers/CMSIS/Include/cmsis_gcc.h **** 
 444:Drivers/CMSIS/Include/cmsis_gcc.h **** 
 445:Drivers/CMSIS/Include/cmsis_gcc.h **** /**
 446:Drivers/CMSIS/Include/cmsis_gcc.h ****   \brief   Disable FIQ
 447:Drivers/CMSIS/Include/cmsis_gcc.h ****   \details Disables FIQ interrupts by setting the F-bit in the CPSR.
 448:Drivers/CMSIS/Include/cmsis_gcc.h ****            Can only be executed in Privileged modes.
 449:Drivers/CMSIS/Include/cmsis_gcc.h ****  */
 450:Drivers/CMSIS/Include/cmsis_gcc.h **** __STATIC_FORCEINLINE void __disable_fault_irq(void)
 451:Drivers/CMSIS/Include/cmsis_gcc.h **** {
 452:Drivers/CMSIS/Include/cmsis_gcc.h ****   __ASM volatile ("cpsid f" : : : "memory");
 453:Drivers/CMSIS/Include/cmsis_gcc.h **** }
 454:Drivers/CMSIS/Include/cmsis_gcc.h **** 
 455:Drivers/CMSIS/Include/cmsis_gcc.h **** 
 456:Drivers/CMSIS/Include/cmsis_gcc.h **** /**
 457:Drivers/CMSIS/Include/cmsis_gcc.h ****   \brief   Get Base Priority
 458:Drivers/CMSIS/Include/cmsis_gcc.h ****   \details Returns the current value of the Base Priority register.
 459:Drivers/CMSIS/Include/cmsis_gcc.h ****   \return               Base Priority register value
 460:Drivers/CMSIS/Include/cmsis_gcc.h ****  */
 461:Drivers/CMSIS/Include/cmsis_gcc.h **** __STATIC_FORCEINLINE uint32_t __get_BASEPRI(void)
 462:Drivers/CMSIS/Include/cmsis_gcc.h **** {
 463:Drivers/CMSIS/Include/cmsis_gcc.h ****   uint32_t result;
 464:Drivers/CMSIS/Include/cmsis_gcc.h **** 
 465:Drivers/CMSIS/Include/cmsis_gcc.h ****   __ASM volatile ("MRS %0, basepri" : "=r" (result) );
 466:Drivers/CMSIS/Include/cmsis_gcc.h ****   return(result);
 467:Drivers/CMSIS/Include/cmsis_gcc.h **** }
 468:Drivers/CMSIS/Include/cmsis_gcc.h **** 
 469:Drivers/CMSIS/Include/cmsis_gcc.h **** 
 470:Drivers/CMSIS/Include/cmsis_gcc.h **** #if (defined (__ARM_FEATURE_CMSE ) && (__ARM_FEATURE_CMSE == 3))
 471:Drivers/CMSIS/Include/cmsis_gcc.h **** /**
 472:Drivers/CMSIS/Include/cmsis_gcc.h ****   \brief   Get Base Priority (non-secure)
 473:Drivers/CMSIS/Include/cmsis_gcc.h ****   \details Returns the current value of the non-secure Base Priority register when in secure state.
 474:Drivers/CMSIS/Include/cmsis_gcc.h ****   \return               Base Priority register value
 475:Drivers/CMSIS/Include/cmsis_gcc.h ****  */
 476:Drivers/CMSIS/Include/cmsis_gcc.h **** __STATIC_FORCEINLINE uint32_t __TZ_get_BASEPRI_NS(void)
 477:Drivers/CMSIS/Include/cmsis_gcc.h **** {
 478:Drivers/CMSIS/Include/cmsis_gcc.h ****   uint32_t result;
 479:Drivers/CMSIS/Include/cmsis_gcc.h **** 
 480:Drivers/CMSIS/Include/cmsis_gcc.h ****   __ASM volatile ("MRS %0, basepri_ns" : "=r" (result) );
 481:Drivers/CMSIS/Include/cmsis_gcc.h ****   return(result);
 482:Drivers/CMSIS/Include/cmsis_gcc.h **** }
 483:Drivers/CMSIS/Include/cmsis_gcc.h **** #endif
 484:Drivers/CMSIS/Include/cmsis_gcc.h **** 
 485:Drivers/CMSIS/Include/cmsis_gcc.h **** 
 486:Drivers/CMSIS/Include/cmsis_gcc.h **** /**
 487:Drivers/CMSIS/Include/cmsis_gcc.h ****   \brief   Set Base Priority
 488:Drivers/CMSIS/Include/cmsis_gcc.h ****   \details Assigns the given value to the Base Priority register.
 489:Drivers/CMSIS/Include/cmsis_gcc.h ****   \param [in]    basePri  Base Priority value to set
 490:Drivers/CMSIS/Include/cmsis_gcc.h ****  */
 491:Drivers/CMSIS/Include/cmsis_gcc.h **** __STATIC_FORCEINLINE void __set_BASEPRI(uint32_t basePri)
 492:Drivers/CMSIS/Include/cmsis_gcc.h **** {
 493:Drivers/CMSIS/Include/cmsis_gcc.h ****   __ASM volatile ("MSR basepri, %0" : : "r" (basePri) : "memory");
 494:Drivers/CMSIS/Include/cmsis_gcc.h **** }
 495:Drivers/CMSIS/Include/cmsis_gcc.h **** 
 496:Drivers/CMSIS/Include/cmsis_gcc.h **** 
 497:Drivers/CMSIS/Include/cmsis_gcc.h **** #if (defined (__ARM_FEATURE_CMSE ) && (__ARM_FEATURE_CMSE == 3))
ARM GAS   			page 57


 498:Drivers/CMSIS/Include/cmsis_gcc.h **** /**
 499:Drivers/CMSIS/Include/cmsis_gcc.h ****   \brief   Set Base Priority (non-secure)
 500:Drivers/CMSIS/Include/cmsis_gcc.h ****   \details Assigns the given value to the non-secure Base Priority register when in secure state.
 501:Drivers/CMSIS/Include/cmsis_gcc.h ****   \param [in]    basePri  Base Priority value to set
 502:Drivers/CMSIS/Include/cmsis_gcc.h ****  */
 503:Drivers/CMSIS/Include/cmsis_gcc.h **** __STATIC_FORCEINLINE void __TZ_set_BASEPRI_NS(uint32_t basePri)
 504:Drivers/CMSIS/Include/cmsis_gcc.h **** {
 505:Drivers/CMSIS/Include/cmsis_gcc.h ****   __ASM volatile ("MSR basepri_ns, %0" : : "r" (basePri) : "memory");
 506:Drivers/CMSIS/Include/cmsis_gcc.h **** }
 507:Drivers/CMSIS/Include/cmsis_gcc.h **** #endif
 508:Drivers/CMSIS/Include/cmsis_gcc.h **** 
 509:Drivers/CMSIS/Include/cmsis_gcc.h **** 
 510:Drivers/CMSIS/Include/cmsis_gcc.h **** /**
 511:Drivers/CMSIS/Include/cmsis_gcc.h ****   \brief   Set Base Priority with condition
 512:Drivers/CMSIS/Include/cmsis_gcc.h ****   \details Assigns the given value to the Base Priority register only if BASEPRI masking is disable
 513:Drivers/CMSIS/Include/cmsis_gcc.h ****            or the new value increases the BASEPRI priority level.
 514:Drivers/CMSIS/Include/cmsis_gcc.h ****   \param [in]    basePri  Base Priority value to set
 515:Drivers/CMSIS/Include/cmsis_gcc.h ****  */
 516:Drivers/CMSIS/Include/cmsis_gcc.h **** __STATIC_FORCEINLINE void __set_BASEPRI_MAX(uint32_t basePri)
 517:Drivers/CMSIS/Include/cmsis_gcc.h **** {
 518:Drivers/CMSIS/Include/cmsis_gcc.h ****   __ASM volatile ("MSR basepri_max, %0" : : "r" (basePri) : "memory");
 519:Drivers/CMSIS/Include/cmsis_gcc.h **** }
 520:Drivers/CMSIS/Include/cmsis_gcc.h **** 
 521:Drivers/CMSIS/Include/cmsis_gcc.h **** 
 522:Drivers/CMSIS/Include/cmsis_gcc.h **** /**
 523:Drivers/CMSIS/Include/cmsis_gcc.h ****   \brief   Get Fault Mask
 524:Drivers/CMSIS/Include/cmsis_gcc.h ****   \details Returns the current value of the Fault Mask register.
 525:Drivers/CMSIS/Include/cmsis_gcc.h ****   \return               Fault Mask register value
 526:Drivers/CMSIS/Include/cmsis_gcc.h ****  */
 527:Drivers/CMSIS/Include/cmsis_gcc.h **** __STATIC_FORCEINLINE uint32_t __get_FAULTMASK(void)
 528:Drivers/CMSIS/Include/cmsis_gcc.h **** {
 529:Drivers/CMSIS/Include/cmsis_gcc.h ****   uint32_t result;
 530:Drivers/CMSIS/Include/cmsis_gcc.h **** 
 531:Drivers/CMSIS/Include/cmsis_gcc.h ****   __ASM volatile ("MRS %0, faultmask" : "=r" (result) );
 532:Drivers/CMSIS/Include/cmsis_gcc.h ****   return(result);
 533:Drivers/CMSIS/Include/cmsis_gcc.h **** }
 534:Drivers/CMSIS/Include/cmsis_gcc.h **** 
 535:Drivers/CMSIS/Include/cmsis_gcc.h **** 
 536:Drivers/CMSIS/Include/cmsis_gcc.h **** #if (defined (__ARM_FEATURE_CMSE ) && (__ARM_FEATURE_CMSE == 3))
 537:Drivers/CMSIS/Include/cmsis_gcc.h **** /**
 538:Drivers/CMSIS/Include/cmsis_gcc.h ****   \brief   Get Fault Mask (non-secure)
 539:Drivers/CMSIS/Include/cmsis_gcc.h ****   \details Returns the current value of the non-secure Fault Mask register when in secure state.
 540:Drivers/CMSIS/Include/cmsis_gcc.h ****   \return               Fault Mask register value
 541:Drivers/CMSIS/Include/cmsis_gcc.h ****  */
 542:Drivers/CMSIS/Include/cmsis_gcc.h **** __STATIC_FORCEINLINE uint32_t __TZ_get_FAULTMASK_NS(void)
 543:Drivers/CMSIS/Include/cmsis_gcc.h **** {
 544:Drivers/CMSIS/Include/cmsis_gcc.h ****   uint32_t result;
 545:Drivers/CMSIS/Include/cmsis_gcc.h **** 
 546:Drivers/CMSIS/Include/cmsis_gcc.h ****   __ASM volatile ("MRS %0, faultmask_ns" : "=r" (result) );
 547:Drivers/CMSIS/Include/cmsis_gcc.h ****   return(result);
 548:Drivers/CMSIS/Include/cmsis_gcc.h **** }
 549:Drivers/CMSIS/Include/cmsis_gcc.h **** #endif
 550:Drivers/CMSIS/Include/cmsis_gcc.h **** 
 551:Drivers/CMSIS/Include/cmsis_gcc.h **** 
 552:Drivers/CMSIS/Include/cmsis_gcc.h **** /**
 553:Drivers/CMSIS/Include/cmsis_gcc.h ****   \brief   Set Fault Mask
 554:Drivers/CMSIS/Include/cmsis_gcc.h ****   \details Assigns the given value to the Fault Mask register.
ARM GAS   			page 58


 555:Drivers/CMSIS/Include/cmsis_gcc.h ****   \param [in]    faultMask  Fault Mask value to set
 556:Drivers/CMSIS/Include/cmsis_gcc.h ****  */
 557:Drivers/CMSIS/Include/cmsis_gcc.h **** __STATIC_FORCEINLINE void __set_FAULTMASK(uint32_t faultMask)
 558:Drivers/CMSIS/Include/cmsis_gcc.h **** {
 559:Drivers/CMSIS/Include/cmsis_gcc.h ****   __ASM volatile ("MSR faultmask, %0" : : "r" (faultMask) : "memory");
 560:Drivers/CMSIS/Include/cmsis_gcc.h **** }
 561:Drivers/CMSIS/Include/cmsis_gcc.h **** 
 562:Drivers/CMSIS/Include/cmsis_gcc.h **** 
 563:Drivers/CMSIS/Include/cmsis_gcc.h **** #if (defined (__ARM_FEATURE_CMSE ) && (__ARM_FEATURE_CMSE == 3))
 564:Drivers/CMSIS/Include/cmsis_gcc.h **** /**
 565:Drivers/CMSIS/Include/cmsis_gcc.h ****   \brief   Set Fault Mask (non-secure)
 566:Drivers/CMSIS/Include/cmsis_gcc.h ****   \details Assigns the given value to the non-secure Fault Mask register when in secure state.
 567:Drivers/CMSIS/Include/cmsis_gcc.h ****   \param [in]    faultMask  Fault Mask value to set
 568:Drivers/CMSIS/Include/cmsis_gcc.h ****  */
 569:Drivers/CMSIS/Include/cmsis_gcc.h **** __STATIC_FORCEINLINE void __TZ_set_FAULTMASK_NS(uint32_t faultMask)
 570:Drivers/CMSIS/Include/cmsis_gcc.h **** {
 571:Drivers/CMSIS/Include/cmsis_gcc.h ****   __ASM volatile ("MSR faultmask_ns, %0" : : "r" (faultMask) : "memory");
 572:Drivers/CMSIS/Include/cmsis_gcc.h **** }
 573:Drivers/CMSIS/Include/cmsis_gcc.h **** #endif
 574:Drivers/CMSIS/Include/cmsis_gcc.h **** 
 575:Drivers/CMSIS/Include/cmsis_gcc.h **** #endif /* ((defined (__ARM_ARCH_7M__      ) && (__ARM_ARCH_7M__      == 1)) || \
 576:Drivers/CMSIS/Include/cmsis_gcc.h ****            (defined (__ARM_ARCH_7EM__     ) && (__ARM_ARCH_7EM__     == 1)) || \
 577:Drivers/CMSIS/Include/cmsis_gcc.h ****            (defined (__ARM_ARCH_8M_MAIN__ ) && (__ARM_ARCH_8M_MAIN__ == 1))    ) */
 578:Drivers/CMSIS/Include/cmsis_gcc.h **** 
 579:Drivers/CMSIS/Include/cmsis_gcc.h **** 
 580:Drivers/CMSIS/Include/cmsis_gcc.h **** #if ((defined (__ARM_ARCH_8M_MAIN__ ) && (__ARM_ARCH_8M_MAIN__ == 1)) || \
 581:Drivers/CMSIS/Include/cmsis_gcc.h ****      (defined (__ARM_ARCH_8M_BASE__ ) && (__ARM_ARCH_8M_BASE__ == 1))    )
 582:Drivers/CMSIS/Include/cmsis_gcc.h **** 
 583:Drivers/CMSIS/Include/cmsis_gcc.h **** /**
 584:Drivers/CMSIS/Include/cmsis_gcc.h ****   \brief   Get Process Stack Pointer Limit
 585:Drivers/CMSIS/Include/cmsis_gcc.h ****   Devices without ARMv8-M Main Extensions (i.e. Cortex-M23) lack the non-secure
 586:Drivers/CMSIS/Include/cmsis_gcc.h ****   Stack Pointer Limit register hence zero is returned always in non-secure
 587:Drivers/CMSIS/Include/cmsis_gcc.h ****   mode.
 588:Drivers/CMSIS/Include/cmsis_gcc.h ****   
 589:Drivers/CMSIS/Include/cmsis_gcc.h ****   \details Returns the current value of the Process Stack Pointer Limit (PSPLIM).
 590:Drivers/CMSIS/Include/cmsis_gcc.h ****   \return               PSPLIM Register value
 591:Drivers/CMSIS/Include/cmsis_gcc.h ****  */
 592:Drivers/CMSIS/Include/cmsis_gcc.h **** __STATIC_FORCEINLINE uint32_t __get_PSPLIM(void)
 593:Drivers/CMSIS/Include/cmsis_gcc.h **** {
 594:Drivers/CMSIS/Include/cmsis_gcc.h **** #if (!(defined (__ARM_ARCH_8M_MAIN__ ) && (__ARM_ARCH_8M_MAIN__ == 1)) && \
 595:Drivers/CMSIS/Include/cmsis_gcc.h ****     (!defined (__ARM_FEATURE_CMSE) || (__ARM_FEATURE_CMSE < 3)))
 596:Drivers/CMSIS/Include/cmsis_gcc.h ****     // without main extensions, the non-secure PSPLIM is RAZ/WI
 597:Drivers/CMSIS/Include/cmsis_gcc.h ****   return 0U;
 598:Drivers/CMSIS/Include/cmsis_gcc.h **** #else
 599:Drivers/CMSIS/Include/cmsis_gcc.h ****   uint32_t result;
 600:Drivers/CMSIS/Include/cmsis_gcc.h ****   __ASM volatile ("MRS %0, psplim"  : "=r" (result) );
 601:Drivers/CMSIS/Include/cmsis_gcc.h ****   return result;
 602:Drivers/CMSIS/Include/cmsis_gcc.h **** #endif
 603:Drivers/CMSIS/Include/cmsis_gcc.h **** }
 604:Drivers/CMSIS/Include/cmsis_gcc.h **** 
 605:Drivers/CMSIS/Include/cmsis_gcc.h **** #if (defined (__ARM_FEATURE_CMSE) && (__ARM_FEATURE_CMSE == 3))
 606:Drivers/CMSIS/Include/cmsis_gcc.h **** /**
 607:Drivers/CMSIS/Include/cmsis_gcc.h ****   \brief   Get Process Stack Pointer Limit (non-secure)
 608:Drivers/CMSIS/Include/cmsis_gcc.h ****   Devices without ARMv8-M Main Extensions (i.e. Cortex-M23) lack the non-secure
 609:Drivers/CMSIS/Include/cmsis_gcc.h ****   Stack Pointer Limit register hence zero is returned always.
 610:Drivers/CMSIS/Include/cmsis_gcc.h **** 
 611:Drivers/CMSIS/Include/cmsis_gcc.h ****   \details Returns the current value of the non-secure Process Stack Pointer Limit (PSPLIM) when in
ARM GAS   			page 59


 612:Drivers/CMSIS/Include/cmsis_gcc.h ****   \return               PSPLIM Register value
 613:Drivers/CMSIS/Include/cmsis_gcc.h ****  */
 614:Drivers/CMSIS/Include/cmsis_gcc.h **** __STATIC_FORCEINLINE uint32_t __TZ_get_PSPLIM_NS(void)
 615:Drivers/CMSIS/Include/cmsis_gcc.h **** {
 616:Drivers/CMSIS/Include/cmsis_gcc.h **** #if (!(defined (__ARM_ARCH_8M_MAIN__ ) && (__ARM_ARCH_8M_MAIN__ == 1)))
 617:Drivers/CMSIS/Include/cmsis_gcc.h ****   // without main extensions, the non-secure PSPLIM is RAZ/WI
 618:Drivers/CMSIS/Include/cmsis_gcc.h ****   return 0U;
 619:Drivers/CMSIS/Include/cmsis_gcc.h **** #else
 620:Drivers/CMSIS/Include/cmsis_gcc.h ****   uint32_t result;
 621:Drivers/CMSIS/Include/cmsis_gcc.h ****   __ASM volatile ("MRS %0, psplim_ns"  : "=r" (result) );
 622:Drivers/CMSIS/Include/cmsis_gcc.h ****   return result;
 623:Drivers/CMSIS/Include/cmsis_gcc.h **** #endif
 624:Drivers/CMSIS/Include/cmsis_gcc.h **** }
 625:Drivers/CMSIS/Include/cmsis_gcc.h **** #endif
 626:Drivers/CMSIS/Include/cmsis_gcc.h **** 
 627:Drivers/CMSIS/Include/cmsis_gcc.h **** 
 628:Drivers/CMSIS/Include/cmsis_gcc.h **** /**
 629:Drivers/CMSIS/Include/cmsis_gcc.h ****   \brief   Set Process Stack Pointer Limit
 630:Drivers/CMSIS/Include/cmsis_gcc.h ****   Devices without ARMv8-M Main Extensions (i.e. Cortex-M23) lack the non-secure
 631:Drivers/CMSIS/Include/cmsis_gcc.h ****   Stack Pointer Limit register hence the write is silently ignored in non-secure
 632:Drivers/CMSIS/Include/cmsis_gcc.h ****   mode.
 633:Drivers/CMSIS/Include/cmsis_gcc.h ****   
 634:Drivers/CMSIS/Include/cmsis_gcc.h ****   \details Assigns the given value to the Process Stack Pointer Limit (PSPLIM).
 635:Drivers/CMSIS/Include/cmsis_gcc.h ****   \param [in]    ProcStackPtrLimit  Process Stack Pointer Limit value to set
 636:Drivers/CMSIS/Include/cmsis_gcc.h ****  */
 637:Drivers/CMSIS/Include/cmsis_gcc.h **** __STATIC_FORCEINLINE void __set_PSPLIM(uint32_t ProcStackPtrLimit)
 638:Drivers/CMSIS/Include/cmsis_gcc.h **** {
 639:Drivers/CMSIS/Include/cmsis_gcc.h **** #if (!(defined (__ARM_ARCH_8M_MAIN__ ) && (__ARM_ARCH_8M_MAIN__ == 1)) && \
 640:Drivers/CMSIS/Include/cmsis_gcc.h ****     (!defined (__ARM_FEATURE_CMSE) || (__ARM_FEATURE_CMSE < 3)))
 641:Drivers/CMSIS/Include/cmsis_gcc.h ****   // without main extensions, the non-secure PSPLIM is RAZ/WI
 642:Drivers/CMSIS/Include/cmsis_gcc.h ****   (void)ProcStackPtrLimit;
 643:Drivers/CMSIS/Include/cmsis_gcc.h **** #else
 644:Drivers/CMSIS/Include/cmsis_gcc.h ****   __ASM volatile ("MSR psplim, %0" : : "r" (ProcStackPtrLimit));
 645:Drivers/CMSIS/Include/cmsis_gcc.h **** #endif
 646:Drivers/CMSIS/Include/cmsis_gcc.h **** }
 647:Drivers/CMSIS/Include/cmsis_gcc.h **** 
 648:Drivers/CMSIS/Include/cmsis_gcc.h **** 
 649:Drivers/CMSIS/Include/cmsis_gcc.h **** #if (defined (__ARM_FEATURE_CMSE  ) && (__ARM_FEATURE_CMSE   == 3))
 650:Drivers/CMSIS/Include/cmsis_gcc.h **** /**
 651:Drivers/CMSIS/Include/cmsis_gcc.h ****   \brief   Set Process Stack Pointer (non-secure)
 652:Drivers/CMSIS/Include/cmsis_gcc.h ****   Devices without ARMv8-M Main Extensions (i.e. Cortex-M23) lack the non-secure
 653:Drivers/CMSIS/Include/cmsis_gcc.h ****   Stack Pointer Limit register hence the write is silently ignored.
 654:Drivers/CMSIS/Include/cmsis_gcc.h **** 
 655:Drivers/CMSIS/Include/cmsis_gcc.h ****   \details Assigns the given value to the non-secure Process Stack Pointer Limit (PSPLIM) when in s
 656:Drivers/CMSIS/Include/cmsis_gcc.h ****   \param [in]    ProcStackPtrLimit  Process Stack Pointer Limit value to set
 657:Drivers/CMSIS/Include/cmsis_gcc.h ****  */
 658:Drivers/CMSIS/Include/cmsis_gcc.h **** __STATIC_FORCEINLINE void __TZ_set_PSPLIM_NS(uint32_t ProcStackPtrLimit)
 659:Drivers/CMSIS/Include/cmsis_gcc.h **** {
 660:Drivers/CMSIS/Include/cmsis_gcc.h **** #if (!(defined (__ARM_ARCH_8M_MAIN__ ) && (__ARM_ARCH_8M_MAIN__ == 1)))
 661:Drivers/CMSIS/Include/cmsis_gcc.h ****   // without main extensions, the non-secure PSPLIM is RAZ/WI
 662:Drivers/CMSIS/Include/cmsis_gcc.h ****   (void)ProcStackPtrLimit;
 663:Drivers/CMSIS/Include/cmsis_gcc.h **** #else
 664:Drivers/CMSIS/Include/cmsis_gcc.h ****   __ASM volatile ("MSR psplim_ns, %0\n" : : "r" (ProcStackPtrLimit));
 665:Drivers/CMSIS/Include/cmsis_gcc.h **** #endif
 666:Drivers/CMSIS/Include/cmsis_gcc.h **** }
 667:Drivers/CMSIS/Include/cmsis_gcc.h **** #endif
 668:Drivers/CMSIS/Include/cmsis_gcc.h **** 
ARM GAS   			page 60


 669:Drivers/CMSIS/Include/cmsis_gcc.h **** 
 670:Drivers/CMSIS/Include/cmsis_gcc.h **** /**
 671:Drivers/CMSIS/Include/cmsis_gcc.h ****   \brief   Get Main Stack Pointer Limit
 672:Drivers/CMSIS/Include/cmsis_gcc.h ****   Devices without ARMv8-M Main Extensions (i.e. Cortex-M23) lack the non-secure
 673:Drivers/CMSIS/Include/cmsis_gcc.h ****   Stack Pointer Limit register hence zero is returned always in non-secure
 674:Drivers/CMSIS/Include/cmsis_gcc.h ****   mode.
 675:Drivers/CMSIS/Include/cmsis_gcc.h **** 
 676:Drivers/CMSIS/Include/cmsis_gcc.h ****   \details Returns the current value of the Main Stack Pointer Limit (MSPLIM).
 677:Drivers/CMSIS/Include/cmsis_gcc.h ****   \return               MSPLIM Register value
 678:Drivers/CMSIS/Include/cmsis_gcc.h ****  */
 679:Drivers/CMSIS/Include/cmsis_gcc.h **** __STATIC_FORCEINLINE uint32_t __get_MSPLIM(void)
 680:Drivers/CMSIS/Include/cmsis_gcc.h **** {
 681:Drivers/CMSIS/Include/cmsis_gcc.h **** #if (!(defined (__ARM_ARCH_8M_MAIN__ ) && (__ARM_ARCH_8M_MAIN__ == 1)) && \
 682:Drivers/CMSIS/Include/cmsis_gcc.h ****     (!defined (__ARM_FEATURE_CMSE) || (__ARM_FEATURE_CMSE < 3)))
 683:Drivers/CMSIS/Include/cmsis_gcc.h ****   // without main extensions, the non-secure MSPLIM is RAZ/WI
 684:Drivers/CMSIS/Include/cmsis_gcc.h ****   return 0U;
 685:Drivers/CMSIS/Include/cmsis_gcc.h **** #else
 686:Drivers/CMSIS/Include/cmsis_gcc.h ****   uint32_t result;
 687:Drivers/CMSIS/Include/cmsis_gcc.h ****   __ASM volatile ("MRS %0, msplim" : "=r" (result) );
 688:Drivers/CMSIS/Include/cmsis_gcc.h ****   return result;
 689:Drivers/CMSIS/Include/cmsis_gcc.h **** #endif
 690:Drivers/CMSIS/Include/cmsis_gcc.h **** }
 691:Drivers/CMSIS/Include/cmsis_gcc.h **** 
 692:Drivers/CMSIS/Include/cmsis_gcc.h **** 
 693:Drivers/CMSIS/Include/cmsis_gcc.h **** #if (defined (__ARM_FEATURE_CMSE  ) && (__ARM_FEATURE_CMSE   == 3))
 694:Drivers/CMSIS/Include/cmsis_gcc.h **** /**
 695:Drivers/CMSIS/Include/cmsis_gcc.h ****   \brief   Get Main Stack Pointer Limit (non-secure)
 696:Drivers/CMSIS/Include/cmsis_gcc.h ****   Devices without ARMv8-M Main Extensions (i.e. Cortex-M23) lack the non-secure
 697:Drivers/CMSIS/Include/cmsis_gcc.h ****   Stack Pointer Limit register hence zero is returned always.
 698:Drivers/CMSIS/Include/cmsis_gcc.h **** 
 699:Drivers/CMSIS/Include/cmsis_gcc.h ****   \details Returns the current value of the non-secure Main Stack Pointer Limit(MSPLIM) when in sec
 700:Drivers/CMSIS/Include/cmsis_gcc.h ****   \return               MSPLIM Register value
 701:Drivers/CMSIS/Include/cmsis_gcc.h ****  */
 702:Drivers/CMSIS/Include/cmsis_gcc.h **** __STATIC_FORCEINLINE uint32_t __TZ_get_MSPLIM_NS(void)
 703:Drivers/CMSIS/Include/cmsis_gcc.h **** {
 704:Drivers/CMSIS/Include/cmsis_gcc.h **** #if (!(defined (__ARM_ARCH_8M_MAIN__ ) && (__ARM_ARCH_8M_MAIN__ == 1)))
 705:Drivers/CMSIS/Include/cmsis_gcc.h ****   // without main extensions, the non-secure MSPLIM is RAZ/WI
 706:Drivers/CMSIS/Include/cmsis_gcc.h ****   return 0U;
 707:Drivers/CMSIS/Include/cmsis_gcc.h **** #else
 708:Drivers/CMSIS/Include/cmsis_gcc.h ****   uint32_t result;
 709:Drivers/CMSIS/Include/cmsis_gcc.h ****   __ASM volatile ("MRS %0, msplim_ns" : "=r" (result) );
 710:Drivers/CMSIS/Include/cmsis_gcc.h ****   return result;
 711:Drivers/CMSIS/Include/cmsis_gcc.h **** #endif
 712:Drivers/CMSIS/Include/cmsis_gcc.h **** }
 713:Drivers/CMSIS/Include/cmsis_gcc.h **** #endif
 714:Drivers/CMSIS/Include/cmsis_gcc.h **** 
 715:Drivers/CMSIS/Include/cmsis_gcc.h **** 
 716:Drivers/CMSIS/Include/cmsis_gcc.h **** /**
 717:Drivers/CMSIS/Include/cmsis_gcc.h ****   \brief   Set Main Stack Pointer Limit
 718:Drivers/CMSIS/Include/cmsis_gcc.h ****   Devices without ARMv8-M Main Extensions (i.e. Cortex-M23) lack the non-secure
 719:Drivers/CMSIS/Include/cmsis_gcc.h ****   Stack Pointer Limit register hence the write is silently ignored in non-secure
 720:Drivers/CMSIS/Include/cmsis_gcc.h ****   mode.
 721:Drivers/CMSIS/Include/cmsis_gcc.h **** 
 722:Drivers/CMSIS/Include/cmsis_gcc.h ****   \details Assigns the given value to the Main Stack Pointer Limit (MSPLIM).
 723:Drivers/CMSIS/Include/cmsis_gcc.h ****   \param [in]    MainStackPtrLimit  Main Stack Pointer Limit value to set
 724:Drivers/CMSIS/Include/cmsis_gcc.h ****  */
 725:Drivers/CMSIS/Include/cmsis_gcc.h **** __STATIC_FORCEINLINE void __set_MSPLIM(uint32_t MainStackPtrLimit)
ARM GAS   			page 61


 726:Drivers/CMSIS/Include/cmsis_gcc.h **** {
 727:Drivers/CMSIS/Include/cmsis_gcc.h **** #if (!(defined (__ARM_ARCH_8M_MAIN__ ) && (__ARM_ARCH_8M_MAIN__ == 1)) && \
 728:Drivers/CMSIS/Include/cmsis_gcc.h ****     (!defined (__ARM_FEATURE_CMSE) || (__ARM_FEATURE_CMSE < 3)))
 729:Drivers/CMSIS/Include/cmsis_gcc.h ****   // without main extensions, the non-secure MSPLIM is RAZ/WI
 730:Drivers/CMSIS/Include/cmsis_gcc.h ****   (void)MainStackPtrLimit;
 731:Drivers/CMSIS/Include/cmsis_gcc.h **** #else
 732:Drivers/CMSIS/Include/cmsis_gcc.h ****   __ASM volatile ("MSR msplim, %0" : : "r" (MainStackPtrLimit));
 733:Drivers/CMSIS/Include/cmsis_gcc.h **** #endif
 734:Drivers/CMSIS/Include/cmsis_gcc.h **** }
 735:Drivers/CMSIS/Include/cmsis_gcc.h **** 
 736:Drivers/CMSIS/Include/cmsis_gcc.h **** 
 737:Drivers/CMSIS/Include/cmsis_gcc.h **** #if (defined (__ARM_FEATURE_CMSE  ) && (__ARM_FEATURE_CMSE   == 3))
 738:Drivers/CMSIS/Include/cmsis_gcc.h **** /**
 739:Drivers/CMSIS/Include/cmsis_gcc.h ****   \brief   Set Main Stack Pointer Limit (non-secure)
 740:Drivers/CMSIS/Include/cmsis_gcc.h ****   Devices without ARMv8-M Main Extensions (i.e. Cortex-M23) lack the non-secure
 741:Drivers/CMSIS/Include/cmsis_gcc.h ****   Stack Pointer Limit register hence the write is silently ignored.
 742:Drivers/CMSIS/Include/cmsis_gcc.h **** 
 743:Drivers/CMSIS/Include/cmsis_gcc.h ****   \details Assigns the given value to the non-secure Main Stack Pointer Limit (MSPLIM) when in secu
 744:Drivers/CMSIS/Include/cmsis_gcc.h ****   \param [in]    MainStackPtrLimit  Main Stack Pointer value to set
 745:Drivers/CMSIS/Include/cmsis_gcc.h ****  */
 746:Drivers/CMSIS/Include/cmsis_gcc.h **** __STATIC_FORCEINLINE void __TZ_set_MSPLIM_NS(uint32_t MainStackPtrLimit)
 747:Drivers/CMSIS/Include/cmsis_gcc.h **** {
 748:Drivers/CMSIS/Include/cmsis_gcc.h **** #if (!(defined (__ARM_ARCH_8M_MAIN__ ) && (__ARM_ARCH_8M_MAIN__ == 1)))
 749:Drivers/CMSIS/Include/cmsis_gcc.h ****   // without main extensions, the non-secure MSPLIM is RAZ/WI
 750:Drivers/CMSIS/Include/cmsis_gcc.h ****   (void)MainStackPtrLimit;
 751:Drivers/CMSIS/Include/cmsis_gcc.h **** #else
 752:Drivers/CMSIS/Include/cmsis_gcc.h ****   __ASM volatile ("MSR msplim_ns, %0" : : "r" (MainStackPtrLimit));
 753:Drivers/CMSIS/Include/cmsis_gcc.h **** #endif
 754:Drivers/CMSIS/Include/cmsis_gcc.h **** }
 755:Drivers/CMSIS/Include/cmsis_gcc.h **** #endif
 756:Drivers/CMSIS/Include/cmsis_gcc.h **** 
 757:Drivers/CMSIS/Include/cmsis_gcc.h **** #endif /* ((defined (__ARM_ARCH_8M_MAIN__ ) && (__ARM_ARCH_8M_MAIN__ == 1)) || \
 758:Drivers/CMSIS/Include/cmsis_gcc.h ****            (defined (__ARM_ARCH_8M_BASE__ ) && (__ARM_ARCH_8M_BASE__ == 1))    ) */
 759:Drivers/CMSIS/Include/cmsis_gcc.h **** 
 760:Drivers/CMSIS/Include/cmsis_gcc.h **** 
 761:Drivers/CMSIS/Include/cmsis_gcc.h **** /**
 762:Drivers/CMSIS/Include/cmsis_gcc.h ****   \brief   Get FPSCR
 763:Drivers/CMSIS/Include/cmsis_gcc.h ****   \details Returns the current value of the Floating Point Status/Control register.
 764:Drivers/CMSIS/Include/cmsis_gcc.h ****   \return               Floating Point Status/Control register value
 765:Drivers/CMSIS/Include/cmsis_gcc.h ****  */
 766:Drivers/CMSIS/Include/cmsis_gcc.h **** __STATIC_FORCEINLINE uint32_t __get_FPSCR(void)
 767:Drivers/CMSIS/Include/cmsis_gcc.h **** {
 768:Drivers/CMSIS/Include/cmsis_gcc.h **** #if ((defined (__FPU_PRESENT) && (__FPU_PRESENT == 1U)) && \
 769:Drivers/CMSIS/Include/cmsis_gcc.h ****      (defined (__FPU_USED   ) && (__FPU_USED    == 1U))     )
 770:Drivers/CMSIS/Include/cmsis_gcc.h **** #if __has_builtin(__builtin_arm_get_fpscr) 
 771:Drivers/CMSIS/Include/cmsis_gcc.h **** // Re-enable using built-in when GCC has been fixed
 772:Drivers/CMSIS/Include/cmsis_gcc.h **** // || (__GNUC__ > 7) || (__GNUC__ == 7 && __GNUC_MINOR__ >= 2)
 773:Drivers/CMSIS/Include/cmsis_gcc.h ****   /* see https://gcc.gnu.org/ml/gcc-patches/2017-04/msg00443.html */
 774:Drivers/CMSIS/Include/cmsis_gcc.h ****   return __builtin_arm_get_fpscr();
 775:Drivers/CMSIS/Include/cmsis_gcc.h **** #else
 776:Drivers/CMSIS/Include/cmsis_gcc.h ****   uint32_t result;
 777:Drivers/CMSIS/Include/cmsis_gcc.h **** 
 778:Drivers/CMSIS/Include/cmsis_gcc.h ****   __ASM volatile ("VMRS %0, fpscr" : "=r" (result) );
 779:Drivers/CMSIS/Include/cmsis_gcc.h ****   return(result);
 780:Drivers/CMSIS/Include/cmsis_gcc.h **** #endif
 781:Drivers/CMSIS/Include/cmsis_gcc.h **** #else
 782:Drivers/CMSIS/Include/cmsis_gcc.h ****   return(0U);
ARM GAS   			page 62


 783:Drivers/CMSIS/Include/cmsis_gcc.h **** #endif
 784:Drivers/CMSIS/Include/cmsis_gcc.h **** }
 785:Drivers/CMSIS/Include/cmsis_gcc.h **** 
 786:Drivers/CMSIS/Include/cmsis_gcc.h **** 
 787:Drivers/CMSIS/Include/cmsis_gcc.h **** /**
 788:Drivers/CMSIS/Include/cmsis_gcc.h ****   \brief   Set FPSCR
 789:Drivers/CMSIS/Include/cmsis_gcc.h ****   \details Assigns the given value to the Floating Point Status/Control register.
 790:Drivers/CMSIS/Include/cmsis_gcc.h ****   \param [in]    fpscr  Floating Point Status/Control value to set
 791:Drivers/CMSIS/Include/cmsis_gcc.h ****  */
 792:Drivers/CMSIS/Include/cmsis_gcc.h **** __STATIC_FORCEINLINE void __set_FPSCR(uint32_t fpscr)
 793:Drivers/CMSIS/Include/cmsis_gcc.h **** {
 794:Drivers/CMSIS/Include/cmsis_gcc.h **** #if ((defined (__FPU_PRESENT) && (__FPU_PRESENT == 1U)) && \
 795:Drivers/CMSIS/Include/cmsis_gcc.h ****      (defined (__FPU_USED   ) && (__FPU_USED    == 1U))     )
 796:Drivers/CMSIS/Include/cmsis_gcc.h **** #if __has_builtin(__builtin_arm_set_fpscr)
 797:Drivers/CMSIS/Include/cmsis_gcc.h **** // Re-enable using built-in when GCC has been fixed
 798:Drivers/CMSIS/Include/cmsis_gcc.h **** // || (__GNUC__ > 7) || (__GNUC__ == 7 && __GNUC_MINOR__ >= 2)
 799:Drivers/CMSIS/Include/cmsis_gcc.h ****   /* see https://gcc.gnu.org/ml/gcc-patches/2017-04/msg00443.html */
 800:Drivers/CMSIS/Include/cmsis_gcc.h ****   __builtin_arm_set_fpscr(fpscr);
 801:Drivers/CMSIS/Include/cmsis_gcc.h **** #else
 802:Drivers/CMSIS/Include/cmsis_gcc.h ****   __ASM volatile ("VMSR fpscr, %0" : : "r" (fpscr) : "vfpcc", "memory");
 803:Drivers/CMSIS/Include/cmsis_gcc.h **** #endif
 804:Drivers/CMSIS/Include/cmsis_gcc.h **** #else
 805:Drivers/CMSIS/Include/cmsis_gcc.h ****   (void)fpscr;
 806:Drivers/CMSIS/Include/cmsis_gcc.h **** #endif
 807:Drivers/CMSIS/Include/cmsis_gcc.h **** }
 808:Drivers/CMSIS/Include/cmsis_gcc.h **** 
 809:Drivers/CMSIS/Include/cmsis_gcc.h **** 
 810:Drivers/CMSIS/Include/cmsis_gcc.h **** /*@} end of CMSIS_Core_RegAccFunctions */
 811:Drivers/CMSIS/Include/cmsis_gcc.h **** 
 812:Drivers/CMSIS/Include/cmsis_gcc.h **** 
 813:Drivers/CMSIS/Include/cmsis_gcc.h **** /* ##########################  Core Instruction Access  ######################### */
 814:Drivers/CMSIS/Include/cmsis_gcc.h **** /** \defgroup CMSIS_Core_InstructionInterface CMSIS Core Instruction Interface
 815:Drivers/CMSIS/Include/cmsis_gcc.h ****   Access to dedicated instructions
 816:Drivers/CMSIS/Include/cmsis_gcc.h ****   @{
 817:Drivers/CMSIS/Include/cmsis_gcc.h **** */
 818:Drivers/CMSIS/Include/cmsis_gcc.h **** 
 819:Drivers/CMSIS/Include/cmsis_gcc.h **** /* Define macros for porting to both thumb1 and thumb2.
 820:Drivers/CMSIS/Include/cmsis_gcc.h ****  * For thumb1, use low register (r0-r7), specified by constraint "l"
 821:Drivers/CMSIS/Include/cmsis_gcc.h ****  * Otherwise, use general registers, specified by constraint "r" */
 822:Drivers/CMSIS/Include/cmsis_gcc.h **** #if defined (__thumb__) && !defined (__thumb2__)
 823:Drivers/CMSIS/Include/cmsis_gcc.h **** #define __CMSIS_GCC_OUT_REG(r) "=l" (r)
 824:Drivers/CMSIS/Include/cmsis_gcc.h **** #define __CMSIS_GCC_RW_REG(r) "+l" (r)
 825:Drivers/CMSIS/Include/cmsis_gcc.h **** #define __CMSIS_GCC_USE_REG(r) "l" (r)
 826:Drivers/CMSIS/Include/cmsis_gcc.h **** #else
 827:Drivers/CMSIS/Include/cmsis_gcc.h **** #define __CMSIS_GCC_OUT_REG(r) "=r" (r)
 828:Drivers/CMSIS/Include/cmsis_gcc.h **** #define __CMSIS_GCC_RW_REG(r) "+r" (r)
 829:Drivers/CMSIS/Include/cmsis_gcc.h **** #define __CMSIS_GCC_USE_REG(r) "r" (r)
 830:Drivers/CMSIS/Include/cmsis_gcc.h **** #endif
 831:Drivers/CMSIS/Include/cmsis_gcc.h **** 
 832:Drivers/CMSIS/Include/cmsis_gcc.h **** /**
 833:Drivers/CMSIS/Include/cmsis_gcc.h ****   \brief   No Operation
 834:Drivers/CMSIS/Include/cmsis_gcc.h ****   \details No Operation does nothing. This instruction can be used for code alignment purposes.
 835:Drivers/CMSIS/Include/cmsis_gcc.h ****  */
 836:Drivers/CMSIS/Include/cmsis_gcc.h **** #define __NOP()                             __ASM volatile ("nop")
 837:Drivers/CMSIS/Include/cmsis_gcc.h **** 
 838:Drivers/CMSIS/Include/cmsis_gcc.h **** /**
 839:Drivers/CMSIS/Include/cmsis_gcc.h ****   \brief   Wait For Interrupt
ARM GAS   			page 63


 840:Drivers/CMSIS/Include/cmsis_gcc.h ****   \details Wait For Interrupt is a hint instruction that suspends execution until one of a number o
 841:Drivers/CMSIS/Include/cmsis_gcc.h ****  */
 842:Drivers/CMSIS/Include/cmsis_gcc.h **** #define __WFI()                             __ASM volatile ("wfi")
 843:Drivers/CMSIS/Include/cmsis_gcc.h **** 
 844:Drivers/CMSIS/Include/cmsis_gcc.h **** 
 845:Drivers/CMSIS/Include/cmsis_gcc.h **** /**
 846:Drivers/CMSIS/Include/cmsis_gcc.h ****   \brief   Wait For Event
 847:Drivers/CMSIS/Include/cmsis_gcc.h ****   \details Wait For Event is a hint instruction that permits the processor to enter
 848:Drivers/CMSIS/Include/cmsis_gcc.h ****            a low-power state until one of a number of events occurs.
 849:Drivers/CMSIS/Include/cmsis_gcc.h ****  */
 850:Drivers/CMSIS/Include/cmsis_gcc.h **** #define __WFE()                             __ASM volatile ("wfe")
 851:Drivers/CMSIS/Include/cmsis_gcc.h **** 
 852:Drivers/CMSIS/Include/cmsis_gcc.h **** 
 853:Drivers/CMSIS/Include/cmsis_gcc.h **** /**
 854:Drivers/CMSIS/Include/cmsis_gcc.h ****   \brief   Send Event
 855:Drivers/CMSIS/Include/cmsis_gcc.h ****   \details Send Event is a hint instruction. It causes an event to be signaled to the CPU.
 856:Drivers/CMSIS/Include/cmsis_gcc.h ****  */
 857:Drivers/CMSIS/Include/cmsis_gcc.h **** #define __SEV()                             __ASM volatile ("sev")
 858:Drivers/CMSIS/Include/cmsis_gcc.h **** 
 859:Drivers/CMSIS/Include/cmsis_gcc.h **** 
 860:Drivers/CMSIS/Include/cmsis_gcc.h **** /**
 861:Drivers/CMSIS/Include/cmsis_gcc.h ****   \brief   Instruction Synchronization Barrier
 862:Drivers/CMSIS/Include/cmsis_gcc.h ****   \details Instruction Synchronization Barrier flushes the pipeline in the processor,
 863:Drivers/CMSIS/Include/cmsis_gcc.h ****            so that all instructions following the ISB are fetched from cache or memory,
 864:Drivers/CMSIS/Include/cmsis_gcc.h ****            after the instruction has been completed.
 865:Drivers/CMSIS/Include/cmsis_gcc.h ****  */
 866:Drivers/CMSIS/Include/cmsis_gcc.h **** __STATIC_FORCEINLINE void __ISB(void)
 867:Drivers/CMSIS/Include/cmsis_gcc.h **** {
 868:Drivers/CMSIS/Include/cmsis_gcc.h ****   __ASM volatile ("isb 0xF":::"memory");
 869:Drivers/CMSIS/Include/cmsis_gcc.h **** }
 870:Drivers/CMSIS/Include/cmsis_gcc.h **** 
 871:Drivers/CMSIS/Include/cmsis_gcc.h **** 
 872:Drivers/CMSIS/Include/cmsis_gcc.h **** /**
 873:Drivers/CMSIS/Include/cmsis_gcc.h ****   \brief   Data Synchronization Barrier
 874:Drivers/CMSIS/Include/cmsis_gcc.h ****   \details Acts as a special kind of Data Memory Barrier.
 875:Drivers/CMSIS/Include/cmsis_gcc.h ****            It completes when all explicit memory accesses before this instruction complete.
 876:Drivers/CMSIS/Include/cmsis_gcc.h ****  */
 877:Drivers/CMSIS/Include/cmsis_gcc.h **** __STATIC_FORCEINLINE void __DSB(void)
 878:Drivers/CMSIS/Include/cmsis_gcc.h **** {
 879:Drivers/CMSIS/Include/cmsis_gcc.h ****   __ASM volatile ("dsb 0xF":::"memory");
 880:Drivers/CMSIS/Include/cmsis_gcc.h **** }
 881:Drivers/CMSIS/Include/cmsis_gcc.h **** 
 882:Drivers/CMSIS/Include/cmsis_gcc.h **** 
 883:Drivers/CMSIS/Include/cmsis_gcc.h **** /**
 884:Drivers/CMSIS/Include/cmsis_gcc.h ****   \brief   Data Memory Barrier
 885:Drivers/CMSIS/Include/cmsis_gcc.h ****   \details Ensures the apparent order of the explicit memory operations before
 886:Drivers/CMSIS/Include/cmsis_gcc.h ****            and after the instruction, without ensuring their completion.
 887:Drivers/CMSIS/Include/cmsis_gcc.h ****  */
 888:Drivers/CMSIS/Include/cmsis_gcc.h **** __STATIC_FORCEINLINE void __DMB(void)
 889:Drivers/CMSIS/Include/cmsis_gcc.h **** {
 890:Drivers/CMSIS/Include/cmsis_gcc.h ****   __ASM volatile ("dmb 0xF":::"memory");
 891:Drivers/CMSIS/Include/cmsis_gcc.h **** }
 892:Drivers/CMSIS/Include/cmsis_gcc.h **** 
 893:Drivers/CMSIS/Include/cmsis_gcc.h **** 
 894:Drivers/CMSIS/Include/cmsis_gcc.h **** /**
 895:Drivers/CMSIS/Include/cmsis_gcc.h ****   \brief   Reverse byte order (32 bit)
 896:Drivers/CMSIS/Include/cmsis_gcc.h ****   \details Reverses the byte order in unsigned integer value. For example, 0x12345678 becomes 0x785
ARM GAS   			page 64


 897:Drivers/CMSIS/Include/cmsis_gcc.h ****   \param [in]    value  Value to reverse
 898:Drivers/CMSIS/Include/cmsis_gcc.h ****   \return               Reversed value
 899:Drivers/CMSIS/Include/cmsis_gcc.h ****  */
 900:Drivers/CMSIS/Include/cmsis_gcc.h **** __STATIC_FORCEINLINE uint32_t __REV(uint32_t value)
 901:Drivers/CMSIS/Include/cmsis_gcc.h **** {
 902:Drivers/CMSIS/Include/cmsis_gcc.h **** #if (__GNUC__ > 4) || (__GNUC__ == 4 && __GNUC_MINOR__ >= 5)
 903:Drivers/CMSIS/Include/cmsis_gcc.h ****   return __builtin_bswap32(value);
 904:Drivers/CMSIS/Include/cmsis_gcc.h **** #else
 905:Drivers/CMSIS/Include/cmsis_gcc.h ****   uint32_t result;
 906:Drivers/CMSIS/Include/cmsis_gcc.h **** 
 907:Drivers/CMSIS/Include/cmsis_gcc.h ****   __ASM volatile ("rev %0, %1" : __CMSIS_GCC_OUT_REG (result) : __CMSIS_GCC_USE_REG (value) );
 908:Drivers/CMSIS/Include/cmsis_gcc.h ****   return result;
 909:Drivers/CMSIS/Include/cmsis_gcc.h **** #endif
 910:Drivers/CMSIS/Include/cmsis_gcc.h **** }
 911:Drivers/CMSIS/Include/cmsis_gcc.h **** 
 912:Drivers/CMSIS/Include/cmsis_gcc.h **** 
 913:Drivers/CMSIS/Include/cmsis_gcc.h **** /**
 914:Drivers/CMSIS/Include/cmsis_gcc.h ****   \brief   Reverse byte order (16 bit)
 915:Drivers/CMSIS/Include/cmsis_gcc.h ****   \details Reverses the byte order within each halfword of a word. For example, 0x12345678 becomes 
 916:Drivers/CMSIS/Include/cmsis_gcc.h ****   \param [in]    value  Value to reverse
 917:Drivers/CMSIS/Include/cmsis_gcc.h ****   \return               Reversed value
 918:Drivers/CMSIS/Include/cmsis_gcc.h ****  */
 919:Drivers/CMSIS/Include/cmsis_gcc.h **** __STATIC_FORCEINLINE uint32_t __REV16(uint32_t value)
 920:Drivers/CMSIS/Include/cmsis_gcc.h **** {
 921:Drivers/CMSIS/Include/cmsis_gcc.h ****   uint32_t result;
 922:Drivers/CMSIS/Include/cmsis_gcc.h **** 
 923:Drivers/CMSIS/Include/cmsis_gcc.h ****   __ASM volatile ("rev16 %0, %1" : __CMSIS_GCC_OUT_REG (result) : __CMSIS_GCC_USE_REG (value) );
 924:Drivers/CMSIS/Include/cmsis_gcc.h ****   return result;
 925:Drivers/CMSIS/Include/cmsis_gcc.h **** }
 926:Drivers/CMSIS/Include/cmsis_gcc.h **** 
 927:Drivers/CMSIS/Include/cmsis_gcc.h **** 
 928:Drivers/CMSIS/Include/cmsis_gcc.h **** /**
 929:Drivers/CMSIS/Include/cmsis_gcc.h ****   \brief   Reverse byte order (16 bit)
 930:Drivers/CMSIS/Include/cmsis_gcc.h ****   \details Reverses the byte order in a 16-bit value and returns the signed 16-bit result. For exam
 931:Drivers/CMSIS/Include/cmsis_gcc.h ****   \param [in]    value  Value to reverse
 932:Drivers/CMSIS/Include/cmsis_gcc.h ****   \return               Reversed value
 933:Drivers/CMSIS/Include/cmsis_gcc.h ****  */
 934:Drivers/CMSIS/Include/cmsis_gcc.h **** __STATIC_FORCEINLINE int16_t __REVSH(int16_t value)
 935:Drivers/CMSIS/Include/cmsis_gcc.h **** {
 936:Drivers/CMSIS/Include/cmsis_gcc.h **** #if (__GNUC__ > 4) || (__GNUC__ == 4 && __GNUC_MINOR__ >= 8)
 937:Drivers/CMSIS/Include/cmsis_gcc.h ****   return (int16_t)__builtin_bswap16(value);
 938:Drivers/CMSIS/Include/cmsis_gcc.h **** #else
 939:Drivers/CMSIS/Include/cmsis_gcc.h ****   int16_t result;
 940:Drivers/CMSIS/Include/cmsis_gcc.h **** 
 941:Drivers/CMSIS/Include/cmsis_gcc.h ****   __ASM volatile ("revsh %0, %1" : __CMSIS_GCC_OUT_REG (result) : __CMSIS_GCC_USE_REG (value) );
 942:Drivers/CMSIS/Include/cmsis_gcc.h ****   return result;
 943:Drivers/CMSIS/Include/cmsis_gcc.h **** #endif
 944:Drivers/CMSIS/Include/cmsis_gcc.h **** }
 945:Drivers/CMSIS/Include/cmsis_gcc.h **** 
 946:Drivers/CMSIS/Include/cmsis_gcc.h **** 
 947:Drivers/CMSIS/Include/cmsis_gcc.h **** /**
 948:Drivers/CMSIS/Include/cmsis_gcc.h ****   \brief   Rotate Right in unsigned value (32 bit)
 949:Drivers/CMSIS/Include/cmsis_gcc.h ****   \details Rotate Right (immediate) provides the value of the contents of a register rotated by a v
 950:Drivers/CMSIS/Include/cmsis_gcc.h ****   \param [in]    op1  Value to rotate
 951:Drivers/CMSIS/Include/cmsis_gcc.h ****   \param [in]    op2  Number of Bits to rotate
 952:Drivers/CMSIS/Include/cmsis_gcc.h ****   \return               Rotated value
 953:Drivers/CMSIS/Include/cmsis_gcc.h ****  */
ARM GAS   			page 65


 954:Drivers/CMSIS/Include/cmsis_gcc.h **** __STATIC_FORCEINLINE uint32_t __ROR(uint32_t op1, uint32_t op2)
 955:Drivers/CMSIS/Include/cmsis_gcc.h **** {
 956:Drivers/CMSIS/Include/cmsis_gcc.h ****   op2 %= 32U;
 957:Drivers/CMSIS/Include/cmsis_gcc.h ****   if (op2 == 0U)
 958:Drivers/CMSIS/Include/cmsis_gcc.h ****   {
 959:Drivers/CMSIS/Include/cmsis_gcc.h ****     return op1;
 960:Drivers/CMSIS/Include/cmsis_gcc.h ****   }
 961:Drivers/CMSIS/Include/cmsis_gcc.h ****   return (op1 >> op2) | (op1 << (32U - op2));
 962:Drivers/CMSIS/Include/cmsis_gcc.h **** }
 963:Drivers/CMSIS/Include/cmsis_gcc.h **** 
 964:Drivers/CMSIS/Include/cmsis_gcc.h **** 
 965:Drivers/CMSIS/Include/cmsis_gcc.h **** /**
 966:Drivers/CMSIS/Include/cmsis_gcc.h ****   \brief   Breakpoint
 967:Drivers/CMSIS/Include/cmsis_gcc.h ****   \details Causes the processor to enter Debug state.
 968:Drivers/CMSIS/Include/cmsis_gcc.h ****            Debug tools can use this to investigate system state when the instruction at a particula
 969:Drivers/CMSIS/Include/cmsis_gcc.h ****   \param [in]    value  is ignored by the processor.
 970:Drivers/CMSIS/Include/cmsis_gcc.h ****                  If required, a debugger can use it to store additional information about the break
 971:Drivers/CMSIS/Include/cmsis_gcc.h ****  */
 972:Drivers/CMSIS/Include/cmsis_gcc.h **** #define __BKPT(value)                       __ASM volatile ("bkpt "#value)
 973:Drivers/CMSIS/Include/cmsis_gcc.h **** 
 974:Drivers/CMSIS/Include/cmsis_gcc.h **** 
 975:Drivers/CMSIS/Include/cmsis_gcc.h **** /**
 976:Drivers/CMSIS/Include/cmsis_gcc.h ****   \brief   Reverse bit order of value
 977:Drivers/CMSIS/Include/cmsis_gcc.h ****   \details Reverses the bit order of the given value.
 978:Drivers/CMSIS/Include/cmsis_gcc.h ****   \param [in]    value  Value to reverse
 979:Drivers/CMSIS/Include/cmsis_gcc.h ****   \return               Reversed value
 980:Drivers/CMSIS/Include/cmsis_gcc.h ****  */
 981:Drivers/CMSIS/Include/cmsis_gcc.h **** __STATIC_FORCEINLINE uint32_t __RBIT(uint32_t value)
 1316              	 .loc 2 981 31 is_stmt 1 view .LVU454
 1317              	.LBB126:
 982:Drivers/CMSIS/Include/cmsis_gcc.h **** {
 983:Drivers/CMSIS/Include/cmsis_gcc.h ****   uint32_t result;
 1318              	 .loc 2 983 3 view .LVU455
 984:Drivers/CMSIS/Include/cmsis_gcc.h **** 
 985:Drivers/CMSIS/Include/cmsis_gcc.h **** #if ((defined (__ARM_ARCH_7M__      ) && (__ARM_ARCH_7M__      == 1)) || \
 986:Drivers/CMSIS/Include/cmsis_gcc.h ****      (defined (__ARM_ARCH_7EM__     ) && (__ARM_ARCH_7EM__     == 1)) || \
 987:Drivers/CMSIS/Include/cmsis_gcc.h ****      (defined (__ARM_ARCH_8M_MAIN__ ) && (__ARM_ARCH_8M_MAIN__ == 1))    )
 988:Drivers/CMSIS/Include/cmsis_gcc.h ****    __ASM volatile ("rbit %0, %1" : "=r" (result) : "r" (value) );
 1319              	 .loc 2 988 4 view .LVU456
 1320 0022 4FF48072 	 mov r2,#256
 1321              	 .syntax unified
 1322              	
 1323 0026 92FAA2F2 	 rbit r2,r2
 1324              	
 1325              	.LVL110:
 989:Drivers/CMSIS/Include/cmsis_gcc.h **** #else
 990:Drivers/CMSIS/Include/cmsis_gcc.h ****   uint32_t s = (4U /*sizeof(v)*/ * 8U) - 1U; /* extra shift needed at end */
 991:Drivers/CMSIS/Include/cmsis_gcc.h **** 
 992:Drivers/CMSIS/Include/cmsis_gcc.h ****   result = value;                      /* r will be reversed bits of v; first get LSB of v */
 993:Drivers/CMSIS/Include/cmsis_gcc.h ****   for (value >>= 1U; value != 0U; value >>= 1U)
 994:Drivers/CMSIS/Include/cmsis_gcc.h ****   {
 995:Drivers/CMSIS/Include/cmsis_gcc.h ****     result <<= 1U;
 996:Drivers/CMSIS/Include/cmsis_gcc.h ****     result |= value & 1U;
 997:Drivers/CMSIS/Include/cmsis_gcc.h ****     s--;
 998:Drivers/CMSIS/Include/cmsis_gcc.h ****   }
 999:Drivers/CMSIS/Include/cmsis_gcc.h ****   result <<= s;                        /* shift when v's highest bits are zero */
1000:Drivers/CMSIS/Include/cmsis_gcc.h **** #endif
ARM GAS   			page 66


1001:Drivers/CMSIS/Include/cmsis_gcc.h ****   return result;
 1326              	 .loc 2 1001 3 view .LVU457
 1327              	 .loc 2 1001 3 is_stmt 0 view .LVU458
 1328              	 .thumb
 1329              	 .syntax unified
 1330              	.LBE126:
 1331              	.LBE125:
 931:Drivers/STM32F3xx_HAL_Driver/Src/stm32f3xx_hal_flash_ex.c **** }
 1332              	 .loc 1 931 63 view .LVU459
 1333 002a B2FA82F2 	 clz r2,r2
 931:Drivers/STM32F3xx_HAL_Driver/Src/stm32f3xx_hal_flash_ex.c **** }
 1334              	 .loc 1 931 42 view .LVU460
 1335 002e 03F4EE43 	 and r3,r3,#30464
 931:Drivers/STM32F3xx_HAL_Driver/Src/stm32f3xx_hal_flash_ex.c **** }
 1336              	 .loc 1 931 60 view .LVU461
 1337 0032 D340     	 lsrs r3,r3,r2
 931:Drivers/STM32F3xx_HAL_Driver/Src/stm32f3xx_hal_flash_ex.c **** }
 1338              	 .loc 1 931 10 view .LVU462
 1339 0034 4373     	 strb r3,[r0,#13]
 1340              	.LBE127:
 1341              	.LBE128:
 453:Drivers/STM32F3xx_HAL_Driver/Src/stm32f3xx_hal_flash_ex.c **** 
 1342              	 .loc 1 453 1 view .LVU463
 1343 0036 7047     	 bx lr
 1344              	.LVL111:
 1345              	.L92:
 1346              	.LBB129:
 1347              	.LBB122:
 453:Drivers/STM32F3xx_HAL_Driver/Src/stm32f3xx_hal_flash_ex.c **** 
 1348              	 .loc 1 453 1 view .LVU464
 1349 0038 CC22     	 movs r2,#204
 1350 003a EFE7     	 b .L91
 1351              	.L95:
 1352              	 .align 2
 1353              	.L94:
 1354 003c 00200240 	 .word 1073881088
 1355              	.LBE122:
 1356              	.LBE129:
 1357              	 .cfi_endproc
 1358              	.LFE127:
 1360              	 .section .text.HAL_FLASHEx_OBGetUserData,"ax",%progbits
 1361              	 .align 1
 1362              	 .p2align 2,,3
 1363              	 .global HAL_FLASHEx_OBGetUserData
 1364              	 .syntax unified
 1365              	 .thumb
 1366              	 .thumb_func
 1367              	 .fpu fpv4-sp-d16
 1369              	HAL_FLASHEx_OBGetUserData:
 1370              	.LVL112:
 1371              	.LFB128:
 464:Drivers/STM32F3xx_HAL_Driver/Src/stm32f3xx_hal_flash_ex.c ****   uint32_t value = 0U;
 1372              	 .loc 1 464 1 is_stmt 1 view-0
 1373              	 .cfi_startproc
 1374              	 
 1375              	 
 1376              	 
ARM GAS   			page 67


 465:Drivers/STM32F3xx_HAL_Driver/Src/stm32f3xx_hal_flash_ex.c ****   
 1377              	 .loc 1 465 3 view .LVU466
 467:Drivers/STM32F3xx_HAL_Driver/Src/stm32f3xx_hal_flash_ex.c ****   {
 1378              	 .loc 1 467 3 view .LVU467
 467:Drivers/STM32F3xx_HAL_Driver/Src/stm32f3xx_hal_flash_ex.c ****   {
 1379              	 .loc 1 467 6 is_stmt 0 view .LVU468
 1380 0000 0C4B     	 ldr r3,.L100
 470:Drivers/STM32F3xx_HAL_Driver/Src/stm32f3xx_hal_flash_ex.c ****   }
 1381              	 .loc 1 470 13 view .LVU469
 1382 0002 0D4A     	 ldr r2,.L100+4
 467:Drivers/STM32F3xx_HAL_Driver/Src/stm32f3xx_hal_flash_ex.c ****   {
 1383              	 .loc 1 467 6 view .LVU470
 1384 0004 9842     	 cmp r0,r3
 1385 0006 0AD0     	 beq .L99
 475:Drivers/STM32F3xx_HAL_Driver/Src/stm32f3xx_hal_flash_ex.c ****   }
 1386              	 .loc 1 475 5 is_stmt 1 view .LVU471
 1387              	.LBB130:
 1388              	.LBB131:
 988:Drivers/CMSIS/Include/cmsis_gcc.h **** #else
 1389              	 .loc 2 988 4 is_stmt 0 view .LVU472
 1390 0008 4FF07F43 	 mov r3,#-16777216
 1391              	.LBE131:
 1392              	.LBE130:
 475:Drivers/STM32F3xx_HAL_Driver/Src/stm32f3xx_hal_flash_ex.c ****   }
 1393              	 .loc 1 475 13 view .LVU473
 1394 000c D069     	 ldr r0,[r2,#28]
 1395              	.LVL113:
 1396              	.LBB133:
 1397              	.LBI130:
 981:Drivers/CMSIS/Include/cmsis_gcc.h **** {
 1398              	 .loc 2 981 31 is_stmt 1 view .LVU474
 1399              	.LBB132:
 983:Drivers/CMSIS/Include/cmsis_gcc.h **** 
 1400              	 .loc 2 983 3 view .LVU475
 988:Drivers/CMSIS/Include/cmsis_gcc.h **** #else
 1401              	 .loc 2 988 4 view .LVU476
 1402              	 .syntax unified
 1403              	
 1404 000e 93FAA3F3 	 rbit r3,r3
 1405              	
 1406              	.LVL114:
 1407              	 .loc 2 1001 3 view .LVU477
 1408              	 .loc 2 1001 3 is_stmt 0 view .LVU478
 1409              	 .thumb
 1410              	 .syntax unified
 1411              	.LBE132:
 1412              	.LBE133:
 475:Drivers/STM32F3xx_HAL_Driver/Src/stm32f3xx_hal_flash_ex.c ****   }
 1413              	 .loc 1 475 54 view .LVU479
 1414 0012 B3FA83F3 	 clz r3,r3
 475:Drivers/STM32F3xx_HAL_Driver/Src/stm32f3xx_hal_flash_ex.c ****   }
 1415              	 .loc 1 475 13 view .LVU480
 1416 0016 00F07F40 	 and r0,r0,#-16777216
 475:Drivers/STM32F3xx_HAL_Driver/Src/stm32f3xx_hal_flash_ex.c ****   }
 1417              	 .loc 1 475 11 view .LVU481
 1418 001a D840     	 lsrs r0,r0,r3
 1419              	.LVL115:
ARM GAS   			page 68


 478:Drivers/STM32F3xx_HAL_Driver/Src/stm32f3xx_hal_flash_ex.c **** }
 1420              	 .loc 1 478 3 is_stmt 1 view .LVU482
 479:Drivers/STM32F3xx_HAL_Driver/Src/stm32f3xx_hal_flash_ex.c **** 
 1421              	 .loc 1 479 1 is_stmt 0 view .LVU483
 1422 001c 7047     	 bx lr
 1423              	.LVL116:
 1424              	.L99:
 470:Drivers/STM32F3xx_HAL_Driver/Src/stm32f3xx_hal_flash_ex.c ****   }
 1425              	 .loc 1 470 5 is_stmt 1 view .LVU484
 1426              	.LBB134:
 1427              	.LBB135:
 988:Drivers/CMSIS/Include/cmsis_gcc.h **** #else
 1428              	 .loc 2 988 4 is_stmt 0 view .LVU485
 1429 001e 4FF47F03 	 mov r3,#16711680
 1430              	.LBE135:
 1431              	.LBE134:
 470:Drivers/STM32F3xx_HAL_Driver/Src/stm32f3xx_hal_flash_ex.c ****   }
 1432              	 .loc 1 470 13 view .LVU486
 1433 0022 D069     	 ldr r0,[r2,#28]
 1434              	.LVL117:
 1435              	.LBB137:
 1436              	.LBI134:
 981:Drivers/CMSIS/Include/cmsis_gcc.h **** {
 1437              	 .loc 2 981 31 is_stmt 1 view .LVU487
 1438              	.LBB136:
 983:Drivers/CMSIS/Include/cmsis_gcc.h **** 
 1439              	 .loc 2 983 3 view .LVU488
 988:Drivers/CMSIS/Include/cmsis_gcc.h **** #else
 1440              	 .loc 2 988 4 view .LVU489
 1441              	 .syntax unified
 1442              	
 1443 0024 93FAA3F3 	 rbit r3,r3
 1444              	
 1445              	.LVL118:
 1446              	 .loc 2 1001 3 view .LVU490
 1447              	 .loc 2 1001 3 is_stmt 0 view .LVU491
 1448              	 .thumb
 1449              	 .syntax unified
 1450              	.LBE136:
 1451              	.LBE137:
 470:Drivers/STM32F3xx_HAL_Driver/Src/stm32f3xx_hal_flash_ex.c ****   }
 1452              	 .loc 1 470 54 view .LVU492
 1453 0028 B3FA83F3 	 clz r3,r3
 470:Drivers/STM32F3xx_HAL_Driver/Src/stm32f3xx_hal_flash_ex.c ****   }
 1454              	 .loc 1 470 13 view .LVU493
 1455 002c 00F47F00 	 and r0,r0,#16711680
 470:Drivers/STM32F3xx_HAL_Driver/Src/stm32f3xx_hal_flash_ex.c ****   }
 1456              	 .loc 1 470 11 view .LVU494
 1457 0030 D840     	 lsrs r0,r0,r3
 1458              	.LVL119:
 470:Drivers/STM32F3xx_HAL_Driver/Src/stm32f3xx_hal_flash_ex.c ****   }
 1459              	 .loc 1 470 11 view .LVU495
 1460 0032 7047     	 bx lr
 1461              	.L101:
 1462              	 .align 2
 1463              	.L100:
 1464 0034 04F8FF1F 	 .word 536868868
ARM GAS   			page 69


 1465 0038 00200240 	 .word 1073881088
 1466              	 .cfi_endproc
 1467              	.LFE128:
 1469              	 .section .text.FLASH_PageErase,"ax",%progbits
 1470              	 .align 1
 1471              	 .p2align 2,,3
 1472              	 .global FLASH_PageErase
 1473              	 .syntax unified
 1474              	 .thumb
 1475              	 .thumb_func
 1476              	 .fpu fpv4-sp-d16
 1478              	FLASH_PageErase:
 1479              	.LVL120:
 1480              	.LFB138:
 958:Drivers/STM32F3xx_HAL_Driver/Src/stm32f3xx_hal_flash_ex.c ****   /* Clean the error context */
 1481              	 .loc 1 958 1 is_stmt 1 view-0
 1482              	 .cfi_startproc
 1483              	 
 1484              	 
 1485              	 
 960:Drivers/STM32F3xx_HAL_Driver/Src/stm32f3xx_hal_flash_ex.c **** 
 1486              	 .loc 1 960 3 view .LVU497
 960:Drivers/STM32F3xx_HAL_Driver/Src/stm32f3xx_hal_flash_ex.c **** 
 1487              	 .loc 1 960 20 is_stmt 0 view .LVU498
 1488 0000 064A     	 ldr r2,.L103
 963:Drivers/STM32F3xx_HAL_Driver/Src/stm32f3xx_hal_flash_ex.c ****     WRITE_REG(FLASH->AR, PageAddress);
 1489              	 .loc 1 963 5 view .LVU499
 1490 0002 074B     	 ldr r3,.L103+4
 960:Drivers/STM32F3xx_HAL_Driver/Src/stm32f3xx_hal_flash_ex.c **** 
 1491              	 .loc 1 960 20 view .LVU500
 1492 0004 0021     	 movs r1,#0
 1493 0006 D161     	 str r1,[r2,#28]
 963:Drivers/STM32F3xx_HAL_Driver/Src/stm32f3xx_hal_flash_ex.c ****     WRITE_REG(FLASH->AR, PageAddress);
 1494              	 .loc 1 963 5 is_stmt 1 view .LVU501
 1495 0008 1A69     	 ldr r2,[r3,#16]
 1496 000a 42F00202 	 orr r2,r2,#2
 1497 000e 1A61     	 str r2,[r3,#16]
 964:Drivers/STM32F3xx_HAL_Driver/Src/stm32f3xx_hal_flash_ex.c ****     SET_BIT(FLASH->CR, FLASH_CR_STRT);
 1498              	 .loc 1 964 5 view .LVU502
 1499 0010 5861     	 str r0,[r3,#20]
 1500              	 .loc 1 965 5 view .LVU503
 1501 0012 1A69     	 ldr r2,[r3,#16]
 1502 0014 42F04002 	 orr r2,r2,#64
 1503 0018 1A61     	 str r2,[r3,#16]
 966:Drivers/STM32F3xx_HAL_Driver/Src/stm32f3xx_hal_flash_ex.c **** }
 1504              	 .loc 1 966 1 is_stmt 0 view .LVU504
 1505 001a 7047     	 bx lr
 1506              	.L104:
 1507              	 .align 2
 1508              	.L103:
 1509 001c 00000000 	 .word pFlash
 1510 0020 00200240 	 .word 1073881088
 1511              	 .cfi_endproc
 1512              	.LFE138:
 1514              	 .text
 1515              	.Letext0:
 1516              	 .file 3 "/usr/lib/gcc/arm-none-eabi/10.3.1/include/stdint.h"
ARM GAS   			page 70


 1517              	 .file 4 "Drivers/CMSIS/Device/ST/STM32F3xx/Include/stm32f334x8.h"
 1518              	 .file 5 "Drivers/STM32F3xx_HAL_Driver/Inc/stm32f3xx_hal_def.h"
 1519              	 .file 6 "Drivers/STM32F3xx_HAL_Driver/Inc/stm32f3xx_hal_flash.h"
 1520              	 .file 7 "Drivers/STM32F3xx_HAL_Driver/Inc/stm32f3xx_hal_flash_ex.h"
ARM GAS   			page 71


DEFINED SYMBOLS
                            *ABS*:0000000000000000 stm32f3xx_hal_flash_ex.c
    {standard input}:18     .text.HAL_FLASHEx_Erase:0000000000000000 $t
    {standard input}:27     .text.HAL_FLASHEx_Erase:0000000000000000 HAL_FLASHEx_Erase
    {standard input}:225    .text.HAL_FLASHEx_Erase:00000000000000bc $d
    {standard input}:231    .text.HAL_FLASHEx_Erase_IT:0000000000000000 $t
    {standard input}:239    .text.HAL_FLASHEx_Erase_IT:0000000000000000 HAL_FLASHEx_Erase_IT
    {standard input}:404    .text.HAL_FLASHEx_Erase_IT:000000000000007c $d
    {standard input}:410    .text.HAL_FLASHEx_OBErase:0000000000000000 $t
    {standard input}:418    .text.HAL_FLASHEx_OBErase:0000000000000000 HAL_FLASHEx_OBErase
    {standard input}:604    .text.HAL_FLASHEx_OBErase:00000000000000a0 $d
    {standard input}:613    .text.HAL_FLASHEx_OBProgram:0000000000000000 $t
    {standard input}:621    .text.HAL_FLASHEx_OBProgram:0000000000000000 HAL_FLASHEx_OBProgram
    {standard input}:1221   .text.HAL_FLASHEx_OBProgram:0000000000000234 $d
    {standard input}:1230   .text.HAL_FLASHEx_OBGetConfig:0000000000000000 $t
    {standard input}:1238   .text.HAL_FLASHEx_OBGetConfig:0000000000000000 HAL_FLASHEx_OBGetConfig
    {standard input}:1354   .text.HAL_FLASHEx_OBGetConfig:000000000000003c $d
    {standard input}:1361   .text.HAL_FLASHEx_OBGetUserData:0000000000000000 $t
    {standard input}:1369   .text.HAL_FLASHEx_OBGetUserData:0000000000000000 HAL_FLASHEx_OBGetUserData
    {standard input}:1464   .text.HAL_FLASHEx_OBGetUserData:0000000000000034 $d
    {standard input}:1470   .text.FLASH_PageErase:0000000000000000 $t
    {standard input}:1478   .text.FLASH_PageErase:0000000000000000 FLASH_PageErase
    {standard input}:1509   .text.FLASH_PageErase:000000000000001c $d
                           .group:0000000000000000 wm4.0.5bd3fb47ece8cd89db7f39859867d34b
                           .group:0000000000000000 wm4.stm32f3xx_hal_conf.h.22.68702fcb376080053c327f742c9961b5
                           .group:0000000000000000 wm4.stm32f3xx.h.38.82e8e99dfe49c20b1a4a903bd92d6a62
                           .group:0000000000000000 wm4.stm32f334x8.h.34.4062b27910dbe4163b311597cc3129d0
                           .group:0000000000000000 wm4.stdint.h.29.6d480f4ba0f60596e88234283d42444f
                           .group:0000000000000000 wm4.cmsis_version.h.32.4d5822004c01a829a975260e854b5f8e
                           .group:0000000000000000 wm4.core_cm4.h.66.e4ff136c4a17abc46741866f64f8e729
                           .group:0000000000000000 wm4.cmsis_gcc.h.26.6774fe91202d65f4d5ffcff60e00da34
                           .group:0000000000000000 wm4.core_cm4.h.174.300c477346073ecdebb72dd943ae4d09
                           .group:0000000000000000 wm4.stm32f334x8.h.742.4d018c717ec53f6245cec4363d185c67
                           .group:0000000000000000 wm4.stm32f3xx.h.174.91b72afab8b3d83f71cfd7ef15cf4952
                           .group:0000000000000000 wm4.stm32_hal_legacy.h.22.faf2d895fc44f19fdf533a93a00a4465
                           .group:0000000000000000 wm4.stddef.h.39.144cf5ddcd53cbfdac30259dc1a6c87f
                           .group:0000000000000000 wm4.stm32f3xx_hal_def.h.58.9b3c2bdf4a254dccb0f88c83bea62e05
                           .group:0000000000000000 wm4.stm32f3xx_hal_rcc.h.46.e37a97e5b8d0ca06a596d1c15979cbcc
                           .group:0000000000000000 wm4.stm32f3xx_hal_rcc_ex.h.20.10471072208d7575503f2f1804851a76
                           .group:0000000000000000 wm4.stm32f3xx_hal_gpio.h.21.7cd0c7cb2091a8a34b9016ef7d16b8a7
                           .group:0000000000000000 wm4.stm32f3xx_hal_gpio_ex.h.21.af39eaa5623e0a1009fcf4398ea2c1b7
                           .group:0000000000000000 wm4.stm32f3xx_hal_exti.h.21.97ce243ab3f68da52c38aef7d478a1e0
                           .group:0000000000000000 wm4.stm32f3xx_hal_dma.h.21.cc527711b185a0aec89274d6a9e66e40
                           .group:0000000000000000 wm4.stm32f3xx_hal_dma_ex.h.21.0990be4ccabf56d8663bc991eae085b1
                           .group:0000000000000000 wm4.stm32f3xx_hal_dma.h.406.bee398d2c322633b5d4483460294543c
                           .group:0000000000000000 wm4.stm32f3xx_hal_cortex.h.21.2e6f8d82a4b5342dc6cb4d8275d4190e
                           .group:0000000000000000 wm4.stm32f3xx_hal_adc_ex.h.21.83e1b666f94c6741e0f75669498b4cf0
                           .group:0000000000000000 wm4.stm32f3xx_hal_adc.h.55.6de54c307a17ed796a45b8e483250af2
                           .group:0000000000000000 wm4.stm32f3xx_hal_can.h.21.e8a2553fb767050d2b1baa10ea524b9c
                           .group:0000000000000000 wm4.stm32f3xx_hal_flash.h.20.53fc2ade23629e1c8d41b6b358abbb8d
                           .group:0000000000000000 wm4.stm32f3xx_hal_flash_ex.h.20.66a2e271db53c743be1fcb77b2017459
                           .group:0000000000000000 wm4.stm32f3xx_hal_hrtim.h.21.fb28980682ad68d99a88889d8ff4d172
                           .group:0000000000000000 wm4.stm32f3xx_hal_i2c.h.21.f7663f116d03c0043fd0e75e612f16ea
                           .group:0000000000000000 wm4.stm32f3xx_hal_i2c_ex.h.21.cf479782f4f3a68ef5fbce499167225b
                           .group:0000000000000000 wm4.stm32f3xx_hal_i2c.h.739.edde0c83ea6830c2c975fff967ebea26
                           .group:0000000000000000 wm4.stm32f3xx_hal_iwdg.h.21.3504a210964eb279ef1de8bb44988f11
                           .group:0000000000000000 wm4.stm32f3xx_hal_pwr.h.21.6193057a5c33d0b02d2f3a23acd22249
ARM GAS   			page 72


                           .group:0000000000000000 wm4.stm32f3xx_hal_pwr_ex.h.21.0ae6fdf7fd790f205b68ea57197f080d
                           .group:0000000000000000 wm4.stm32f3xx_hal_tim.h.21.d20cc3ea3a57aedcc53e87fa48cc1f6c
                           .group:0000000000000000 wm4.stm32f3xx_hal_tim_ex.h.21.87406a6cc7024a9faaf6aed69e2733ce
                           .group:0000000000000000 wm4.stm32f3xx_hal_uart.h.21.11bf2ca66aa636cfe74a1eb39fe0d460
                           .group:0000000000000000 wm4.stm32f3xx_hal_uart_ex.h.21.f592049ad8b63c2f48d6a2e8f48bef5c
                           .group:0000000000000000 wm4.stm32f3xx_hal.h.43.350d066a115a4ce03caef6c5048b93ca

UNDEFINED SYMBOLS
FLASH_WaitForLastOperation
pFlash
