ARM GAS   			page 1


   1              	 .cpu cortex-m4
   2              	 .arch armv7e-m
   3              	 .fpu fpv4-sp-d16
   4              	 .eabi_attribute 27,1
   5              	 .eabi_attribute 28,1
   6              	 .eabi_attribute 23,1
   7              	 .eabi_attribute 24,1
   8              	 .eabi_attribute 25,1
   9              	 .eabi_attribute 26,1
  10              	 .eabi_attribute 30,2
  11              	 .eabi_attribute 34,1
  12              	 .eabi_attribute 18,4
  13              	 .file "adc.c"
  14              	 .text
  15              	.Ltext0:
  16              	 .cfi_sections .debug_frame
  17              	 .file 1 "Core/Src/adc.c"
  18              	 .section .text.MX_ADC1_Init,"ax",%progbits
  19              	 .align 1
  20              	 .p2align 2,,3
  21              	 .global MX_ADC1_Init
  22              	 .syntax unified
  23              	 .thumb
  24              	 .thumb_func
  26              	MX_ADC1_Init:
  27              	.LFB361:
   1:Core/Src/adc.c **** /* USER CODE BEGIN Header */
   2:Core/Src/adc.c **** /**
   3:Core/Src/adc.c ****   ******************************************************************************
   4:Core/Src/adc.c ****   * @file    adc.c
   5:Core/Src/adc.c ****   * @brief   This file provides code for the configuration
   6:Core/Src/adc.c ****   *          of the ADC instances.
   7:Core/Src/adc.c ****   ******************************************************************************
   8:Core/Src/adc.c ****   * @attention
   9:Core/Src/adc.c ****   *
  10:Core/Src/adc.c ****   * Copyright (c) 2025 STMicroelectronics.
  11:Core/Src/adc.c ****   * All rights reserved.
  12:Core/Src/adc.c ****   *
  13:Core/Src/adc.c ****   * This software is licensed under terms that can be found in the LICENSE file
  14:Core/Src/adc.c ****   * in the root directory of this software component.
  15:Core/Src/adc.c ****   * If no LICENSE file comes with this software, it is provided AS-IS.
  16:Core/Src/adc.c ****   *
  17:Core/Src/adc.c ****   ******************************************************************************
  18:Core/Src/adc.c ****   */
  19:Core/Src/adc.c **** /* USER CODE END Header */
  20:Core/Src/adc.c **** /* Includes ------------------------------------------------------------------*/
  21:Core/Src/adc.c **** #include "adc.h"
  22:Core/Src/adc.c **** 
  23:Core/Src/adc.c **** /* USER CODE BEGIN 0 */
  24:Core/Src/adc.c **** 
  25:Core/Src/adc.c **** /* USER CODE END 0 */
  26:Core/Src/adc.c **** 
  27:Core/Src/adc.c **** ADC_HandleTypeDef hadc1;
  28:Core/Src/adc.c **** ADC_HandleTypeDef hadc2;
  29:Core/Src/adc.c **** ADC_HandleTypeDef hadc4;
  30:Core/Src/adc.c **** DMA_HandleTypeDef hdma_adc1;
  31:Core/Src/adc.c **** DMA_HandleTypeDef hdma_adc4;
ARM GAS   			page 2


  32:Core/Src/adc.c **** 
  33:Core/Src/adc.c **** /* ADC1 init function */
  34:Core/Src/adc.c **** void MX_ADC1_Init(void)
  35:Core/Src/adc.c **** {
  28              	 .loc 1 35 1 view-0
  29              	 .cfi_startproc
  30              	 
  31              	 
  36:Core/Src/adc.c **** 
  37:Core/Src/adc.c ****   /* USER CODE BEGIN ADC1_Init 0 */
  38:Core/Src/adc.c **** 
  39:Core/Src/adc.c ****   /* USER CODE END ADC1_Init 0 */
  40:Core/Src/adc.c **** 
  41:Core/Src/adc.c ****   ADC_MultiModeTypeDef multimode = {0};
  32              	 .loc 1 41 3 view .LVU1
  35:Core/Src/adc.c **** 
  33              	 .loc 1 35 1 is_stmt 0 view .LVU2
  34 0000 10B5     	 push {r4,lr}
  35              	 .cfi_def_cfa_offset 8
  36              	 .cfi_offset 4,-8
  37              	 .cfi_offset 14,-4
  38              	 .loc 1 41 24 view .LVU3
  39 0002 0024     	 movs r4,#0
  35:Core/Src/adc.c **** 
  40              	 .loc 1 35 1 view .LVU4
  41 0004 92B0     	 sub sp,sp,#72
  42              	 .cfi_def_cfa_offset 80
  42:Core/Src/adc.c ****   ADC_AnalogWDGConfTypeDef AnalogWDGConfig = {0};
  43:Core/Src/adc.c ****   ADC_ChannelConfTypeDef sConfig = {0};
  43              	 .loc 1 43 26 view .LVU5
  44 0006 2146     	 mov r1,r4
  45 0008 2022     	 movs r2,#32
  46 000a 0AA8     	 add r0,sp,#40
  41:Core/Src/adc.c ****   ADC_AnalogWDGConfTypeDef AnalogWDGConfig = {0};
  47              	 .loc 1 41 24 view .LVU6
  48 000c CDE90144 	 strd r4,r4,[sp,#4]
  42:Core/Src/adc.c ****   ADC_AnalogWDGConfTypeDef AnalogWDGConfig = {0};
  49              	 .loc 1 42 3 is_stmt 1 view .LVU7
  42:Core/Src/adc.c ****   ADC_AnalogWDGConfTypeDef AnalogWDGConfig = {0};
  50              	 .loc 1 42 28 is_stmt 0 view .LVU8
  51 0010 CDE90444 	 strd r4,r4,[sp,#16]
  52 0014 CDE90644 	 strd r4,r4,[sp,#24]
  53 0018 CDE90844 	 strd r4,r4,[sp,#32]
  54              	 .loc 1 43 3 is_stmt 1 view .LVU9
  41:Core/Src/adc.c ****   ADC_AnalogWDGConfTypeDef AnalogWDGConfig = {0};
  55              	 .loc 1 41 24 is_stmt 0 view .LVU10
  56 001c 0094     	 str r4,[sp]
  42:Core/Src/adc.c ****   ADC_AnalogWDGConfTypeDef AnalogWDGConfig = {0};
  57              	 .loc 1 42 28 view .LVU11
  58 001e 0394     	 str r4,[sp,#12]
  59              	 .loc 1 43 26 view .LVU12
  60 0020 FFF7FEFF 	 bl memset
  61              	.LVL0:
  44:Core/Src/adc.c **** 
  45:Core/Src/adc.c ****   /* USER CODE BEGIN ADC1_Init 1 */
  46:Core/Src/adc.c **** 
  47:Core/Src/adc.c ****   /* USER CODE END ADC1_Init 1 */
ARM GAS   			page 3


  48:Core/Src/adc.c **** 
  49:Core/Src/adc.c ****   /** Common config
  50:Core/Src/adc.c ****   */
  51:Core/Src/adc.c ****   hadc1.Instance = ADC1;
  62              	 .loc 1 51 3 is_stmt 1 view .LVU13
  52:Core/Src/adc.c ****   hadc1.Init.ClockPrescaler = ADC_CLOCK_SYNC_PCLK_DIV4;
  53:Core/Src/adc.c ****   hadc1.Init.Resolution = ADC_RESOLUTION_12B;
  63              	 .loc 1 53 25 is_stmt 0 view .LVU14
  64 0024 534B     	 ldr r3,.L49
  54:Core/Src/adc.c ****   hadc1.Init.DataAlign = ADC_DATAALIGN_RIGHT;
  55:Core/Src/adc.c ****   hadc1.Init.GainCompensation = 0;
  56:Core/Src/adc.c ****   hadc1.Init.ScanConvMode = ADC_SCAN_ENABLE;
  57:Core/Src/adc.c ****   hadc1.Init.EOCSelection = ADC_EOC_SINGLE_CONV;
  58:Core/Src/adc.c ****   hadc1.Init.LowPowerAutoWait = DISABLE;
  59:Core/Src/adc.c ****   hadc1.Init.ContinuousConvMode = DISABLE;
  60:Core/Src/adc.c ****   hadc1.Init.NbrOfConversion = 4;
  61:Core/Src/adc.c ****   hadc1.Init.DiscontinuousConvMode = DISABLE;
  65              	 .loc 1 61 36 view .LVU15
  66 0026 1A46     	 mov r2,r3
  54:Core/Src/adc.c ****   hadc1.Init.DataAlign = ADC_DATAALIGN_RIGHT;
  67              	 .loc 1 54 24 view .LVU16
  68 0028 C3E90244 	 strd r4,r4,[r3,#8]
  55:Core/Src/adc.c ****   hadc1.Init.ScanConvMode = ADC_SCAN_ENABLE;
  69              	 .loc 1 55 31 view .LVU17
  70 002c 1C61     	 str r4,[r3,#16]
  58:Core/Src/adc.c ****   hadc1.Init.ContinuousConvMode = DISABLE;
  71              	 .loc 1 58 31 view .LVU18
  72 002e 9C83     	 strh r4,[r3,#28]
  73              	 .loc 1 61 36 view .LVU19
  74 0030 83F82440 	 strb r4,[r3,#36]
  62:Core/Src/adc.c ****   hadc1.Init.ExternalTrigConv = ADC_EXTERNALTRIG_HRTIM_TRG1;
  63:Core/Src/adc.c ****   hadc1.Init.ExternalTrigConvEdge = ADC_EXTERNALTRIGCONVEDGE_RISING;
  64:Core/Src/adc.c ****   hadc1.Init.DMAContinuousRequests = ENABLE;
  65:Core/Src/adc.c ****   hadc1.Init.Overrun = ADC_OVR_DATA_OVERWRITTEN;
  66:Core/Src/adc.c ****   hadc1.Init.OversamplingMode = DISABLE;
  75              	 .loc 1 66 31 view .LVU20
  76 0034 83F84040 	 strb r4,[r3,#64]
  67:Core/Src/adc.c ****   if (HAL_ADC_Init(&hadc1) != HAL_OK)
  77              	 .loc 1 67 7 view .LVU21
  78 0038 1846     	 mov r0,r3
  56:Core/Src/adc.c ****   hadc1.Init.EOCSelection = ADC_EOC_SINGLE_CONV;
  79              	 .loc 1 56 27 view .LVU22
  80 003a 0123     	 movs r3,#1
  81 003c 5361     	 str r3,[r2,#20]
  64:Core/Src/adc.c ****   hadc1.Init.Overrun = ADC_OVR_DATA_OVERWRITTEN;
  82              	 .loc 1 64 36 view .LVU23
  83 003e 82F83830 	 strb r3,[r2,#56]
  57:Core/Src/adc.c ****   hadc1.Init.LowPowerAutoWait = DISABLE;
  84              	 .loc 1 57 27 view .LVU24
  85 0042 0423     	 movs r3,#4
  86 0044 9361     	 str r3,[r2,#24]
  60:Core/Src/adc.c ****   hadc1.Init.DiscontinuousConvMode = DISABLE;
  87              	 .loc 1 60 30 view .LVU25
  88 0046 1362     	 str r3,[r2,#32]
  52:Core/Src/adc.c ****   hadc1.Init.Resolution = ADC_RESOLUTION_12B;
  89              	 .loc 1 52 29 view .LVU26
  90 0048 4FF0A041 	 mov r1,#1342177280
ARM GAS   			page 4


  91 004c 4FF44033 	 mov r3,#196608
  92 0050 C2E90013 	 strd r1,r3,[r2]
  53:Core/Src/adc.c ****   hadc1.Init.DataAlign = ADC_DATAALIGN_RIGHT;
  93              	 .loc 1 53 3 is_stmt 1 view .LVU27
  54:Core/Src/adc.c ****   hadc1.Init.GainCompensation = 0;
  94              	 .loc 1 54 3 view .LVU28
  55:Core/Src/adc.c ****   hadc1.Init.ScanConvMode = ADC_SCAN_ENABLE;
  95              	 .loc 1 55 3 view .LVU29
  56:Core/Src/adc.c ****   hadc1.Init.EOCSelection = ADC_EOC_SINGLE_CONV;
  96              	 .loc 1 56 3 view .LVU30
  57:Core/Src/adc.c ****   hadc1.Init.LowPowerAutoWait = DISABLE;
  97              	 .loc 1 57 3 view .LVU31
  58:Core/Src/adc.c ****   hadc1.Init.ContinuousConvMode = DISABLE;
  98              	 .loc 1 58 3 view .LVU32
  59:Core/Src/adc.c ****   hadc1.Init.NbrOfConversion = 4;
  99              	 .loc 1 59 3 view .LVU33
  60:Core/Src/adc.c ****   hadc1.Init.DiscontinuousConvMode = DISABLE;
 100              	 .loc 1 60 3 view .LVU34
  61:Core/Src/adc.c ****   hadc1.Init.ExternalTrigConv = ADC_EXTERNALTRIG_HRTIM_TRG1;
 101              	 .loc 1 61 3 view .LVU35
  62:Core/Src/adc.c ****   hadc1.Init.ExternalTrigConvEdge = ADC_EXTERNALTRIGCONVEDGE_RISING;
 102              	 .loc 1 62 3 view .LVU36
  63:Core/Src/adc.c ****   hadc1.Init.DMAContinuousRequests = ENABLE;
 103              	 .loc 1 63 35 is_stmt 0 view .LVU37
 104 0054 4FF4D464 	 mov r4,#1696
 105 0058 4FF48063 	 mov r3,#1024
 106 005c C2E90B43 	 strd r4,r3,[r2,#44]
  64:Core/Src/adc.c ****   hadc1.Init.Overrun = ADC_OVR_DATA_OVERWRITTEN;
 107              	 .loc 1 64 3 is_stmt 1 view .LVU38
  65:Core/Src/adc.c ****   hadc1.Init.OversamplingMode = DISABLE;
 108              	 .loc 1 65 3 view .LVU39
  65:Core/Src/adc.c ****   hadc1.Init.OversamplingMode = DISABLE;
 109              	 .loc 1 65 22 is_stmt 0 view .LVU40
 110 0060 4FF48053 	 mov r3,#4096
 111 0064 D363     	 str r3,[r2,#60]
  66:Core/Src/adc.c ****   if (HAL_ADC_Init(&hadc1) != HAL_OK)
 112              	 .loc 1 66 3 is_stmt 1 view .LVU41
 113              	 .loc 1 67 3 view .LVU42
 114              	 .loc 1 67 7 is_stmt 0 view .LVU43
 115 0066 FFF7FEFF 	 bl HAL_ADC_Init
 116              	.LVL1:
 117              	 .loc 1 67 6 discriminator 1 view .LVU44
 118 006a 0028     	 cmp r0,#0
 119 006c 66D1     	 bne .L40
 120              	.L2:
  68:Core/Src/adc.c ****   {
  69:Core/Src/adc.c ****     Error_Handler();
  70:Core/Src/adc.c ****   }
  71:Core/Src/adc.c **** 
  72:Core/Src/adc.c ****   /** Configure the ADC multi-mode
  73:Core/Src/adc.c ****   */
  74:Core/Src/adc.c ****   multimode.Mode = ADC_DUALMODE_REGSIMULT;
 121              	 .loc 1 74 3 is_stmt 1 view .LVU45
  75:Core/Src/adc.c ****   multimode.DMAAccessMode = ADC_DMAACCESSMODE_12_10_BITS;
 122              	 .loc 1 75 27 is_stmt 0 view .LVU46
 123 006e 4FF40043 	 mov r3,#32768
  74:Core/Src/adc.c ****   multimode.DMAAccessMode = ADC_DMAACCESSMODE_12_10_BITS;
ARM GAS   			page 5


 124              	 .loc 1 74 18 view .LVU47
 125 0072 0622     	 movs r2,#6
 126              	 .loc 1 75 27 view .LVU48
 127 0074 CDE90023 	 strd r2,r3,[sp]
  76:Core/Src/adc.c ****   multimode.TwoSamplingDelay = ADC_TWOSAMPLINGDELAY_1CYCLE;
 128              	 .loc 1 76 3 is_stmt 1 view .LVU49
  77:Core/Src/adc.c ****   if (HAL_ADCEx_MultiModeConfigChannel(&hadc1, &multimode) != HAL_OK)
 129              	 .loc 1 77 7 is_stmt 0 view .LVU50
 130 0078 3E48     	 ldr r0,.L49
  76:Core/Src/adc.c ****   multimode.TwoSamplingDelay = ADC_TWOSAMPLINGDELAY_1CYCLE;
 131              	 .loc 1 76 30 view .LVU51
 132 007a 0023     	 movs r3,#0
 133              	 .loc 1 77 7 view .LVU52
 134 007c 6946     	 mov r1,sp
  76:Core/Src/adc.c ****   multimode.TwoSamplingDelay = ADC_TWOSAMPLINGDELAY_1CYCLE;
 135              	 .loc 1 76 30 view .LVU53
 136 007e 0293     	 str r3,[sp,#8]
 137              	 .loc 1 77 3 is_stmt 1 view .LVU54
 138              	 .loc 1 77 7 is_stmt 0 view .LVU55
 139 0080 FFF7FEFF 	 bl HAL_ADCEx_MultiModeConfigChannel
 140              	.LVL2:
 141              	 .loc 1 77 6 discriminator 1 view .LVU56
 142 0084 0028     	 cmp r0,#0
 143 0086 72D1     	 bne .L41
 144              	.L3:
  78:Core/Src/adc.c ****   {
  79:Core/Src/adc.c ****     Error_Handler();
  80:Core/Src/adc.c ****   }
  81:Core/Src/adc.c **** 
  82:Core/Src/adc.c ****   /** Configure Analog WatchDog 1
  83:Core/Src/adc.c ****   */
  84:Core/Src/adc.c ****   AnalogWDGConfig.WatchdogNumber = ADC_ANALOGWATCHDOG_1;
 145              	 .loc 1 84 3 is_stmt 1 view .LVU57
 146              	 .loc 1 84 34 is_stmt 0 view .LVU58
 147 0088 3B49     	 ldr r1,.L49+4
  85:Core/Src/adc.c ****   AnalogWDGConfig.WatchdogMode = ADC_ANALOGWATCHDOG_SINGLE_REG;
  86:Core/Src/adc.c ****   AnalogWDGConfig.Channel = ADC_CHANNEL_12;
 148              	 .loc 1 86 27 view .LVU59
 149 008a 3C4A     	 ldr r2,.L49+8
 150 008c 0592     	 str r2,[sp,#20]
  85:Core/Src/adc.c ****   AnalogWDGConfig.WatchdogMode = ADC_ANALOGWATCHDOG_SINGLE_REG;
 151              	 .loc 1 85 32 view .LVU60
 152 008e 4FF44000 	 mov r0,#12582912
  87:Core/Src/adc.c ****   AnalogWDGConfig.ITMode = DISABLE;
 153              	 .loc 1 87 26 view .LVU61
 154 0092 0023     	 movs r3,#0
  84:Core/Src/adc.c ****   AnalogWDGConfig.WatchdogMode = ADC_ANALOGWATCHDOG_SINGLE_REG;
 155              	 .loc 1 84 34 view .LVU62
 156 0094 CDE90310 	 strd r1,r0,[sp,#12]
  85:Core/Src/adc.c ****   AnalogWDGConfig.WatchdogMode = ADC_ANALOGWATCHDOG_SINGLE_REG;
 157              	 .loc 1 85 3 is_stmt 1 view .LVU63
  86:Core/Src/adc.c ****   AnalogWDGConfig.ITMode = DISABLE;
 158              	 .loc 1 86 3 view .LVU64
 159              	 .loc 1 87 3 view .LVU65
  88:Core/Src/adc.c ****   AnalogWDGConfig.HighThreshold = 4095;
 160              	 .loc 1 88 33 is_stmt 0 view .LVU66
 161 0098 40F6FF72 	 movw r2,#4095
ARM GAS   			page 6


  89:Core/Src/adc.c ****   AnalogWDGConfig.LowThreshold = 0;
  90:Core/Src/adc.c ****   AnalogWDGConfig.FilteringConfig = ADC_AWD_FILTERING_NONE;
  91:Core/Src/adc.c ****   if (HAL_ADC_AnalogWDGConfig(&hadc1, &AnalogWDGConfig) != HAL_OK)
 162              	 .loc 1 91 7 view .LVU67
 163 009c 3548     	 ldr r0,.L49
  87:Core/Src/adc.c ****   AnalogWDGConfig.HighThreshold = 4095;
 164              	 .loc 1 87 26 view .LVU68
 165 009e 8DF81830 	 strb r3,[sp,#24]
  88:Core/Src/adc.c ****   AnalogWDGConfig.HighThreshold = 4095;
 166              	 .loc 1 88 3 is_stmt 1 view .LVU69
 167              	 .loc 1 91 7 is_stmt 0 view .LVU70
 168 00a2 03A9     	 add r1,sp,#12
  89:Core/Src/adc.c ****   AnalogWDGConfig.LowThreshold = 0;
 169              	 .loc 1 89 32 view .LVU71
 170 00a4 CDE90723 	 strd r2,r3,[sp,#28]
  90:Core/Src/adc.c ****   if (HAL_ADC_AnalogWDGConfig(&hadc1, &AnalogWDGConfig) != HAL_OK)
 171              	 .loc 1 90 3 is_stmt 1 view .LVU72
  90:Core/Src/adc.c ****   if (HAL_ADC_AnalogWDGConfig(&hadc1, &AnalogWDGConfig) != HAL_OK)
 172              	 .loc 1 90 35 is_stmt 0 view .LVU73
 173 00a8 0993     	 str r3,[sp,#36]
 174              	 .loc 1 91 3 is_stmt 1 view .LVU74
 175              	 .loc 1 91 7 is_stmt 0 view .LVU75
 176 00aa FFF7FEFF 	 bl HAL_ADC_AnalogWDGConfig
 177              	.LVL3:
 178              	 .loc 1 91 6 discriminator 1 view .LVU76
 179 00ae 0028     	 cmp r0,#0
 180 00b0 5AD1     	 bne .L42
 181              	.L4:
  92:Core/Src/adc.c ****   {
  93:Core/Src/adc.c ****     Error_Handler();
  94:Core/Src/adc.c ****   }
  95:Core/Src/adc.c **** 
  96:Core/Src/adc.c ****   /** Configure Regular Channel
  97:Core/Src/adc.c ****   */
  98:Core/Src/adc.c ****   sConfig.Channel = ADC_CHANNEL_9;
 182              	 .loc 1 98 3 is_stmt 1 view .LVU77
 183              	 .loc 1 98 19 is_stmt 0 view .LVU78
 184 00b2 334A     	 ldr r2,.L49+12
  99:Core/Src/adc.c ****   sConfig.Rank = ADC_REGULAR_RANK_1;
 100:Core/Src/adc.c ****   sConfig.SamplingTime = ADC_SAMPLETIME_12CYCLES_5;
 101:Core/Src/adc.c ****   sConfig.SingleDiff = ADC_SINGLE_ENDED;
 102:Core/Src/adc.c ****   sConfig.OffsetNumber = ADC_OFFSET_NONE;
 103:Core/Src/adc.c ****   sConfig.Offset = 0;
 104:Core/Src/adc.c ****   if (HAL_ADC_ConfigChannel(&hadc1, &sConfig) != HAL_OK)
 185              	 .loc 1 104 7 view .LVU79
 186 00b4 2F48     	 ldr r0,.L49
  99:Core/Src/adc.c ****   sConfig.Rank = ADC_REGULAR_RANK_1;
 187              	 .loc 1 99 16 view .LVU80
 188 00b6 0623     	 movs r3,#6
 189 00b8 CDE90A23 	 strd r2,r3,[sp,#40]
 100:Core/Src/adc.c ****   sConfig.SingleDiff = ADC_SINGLE_ENDED;
 190              	 .loc 1 100 3 is_stmt 1 view .LVU81
 100:Core/Src/adc.c ****   sConfig.SingleDiff = ADC_SINGLE_ENDED;
 191              	 .loc 1 100 24 is_stmt 0 view .LVU82
 192 00bc 0221     	 movs r1,#2
 101:Core/Src/adc.c ****   sConfig.OffsetNumber = ADC_OFFSET_NONE;
 193              	 .loc 1 101 22 view .LVU83
ARM GAS   			page 7


 194 00be 7F23     	 movs r3,#127
 195 00c0 CDE90C13 	 strd r1,r3,[sp,#48]
 102:Core/Src/adc.c ****   sConfig.Offset = 0;
 196              	 .loc 1 102 3 is_stmt 1 view .LVU84
 102:Core/Src/adc.c ****   sConfig.Offset = 0;
 197              	 .loc 1 102 24 is_stmt 0 view .LVU85
 198 00c4 0422     	 movs r2,#4
 103:Core/Src/adc.c ****   if (HAL_ADC_ConfigChannel(&hadc1, &sConfig) != HAL_OK)
 199              	 .loc 1 103 18 view .LVU86
 200 00c6 0023     	 movs r3,#0
 201              	 .loc 1 104 7 view .LVU87
 202 00c8 0AA9     	 add r1,sp,#40
 103:Core/Src/adc.c ****   if (HAL_ADC_ConfigChannel(&hadc1, &sConfig) != HAL_OK)
 203              	 .loc 1 103 18 view .LVU88
 204 00ca CDE90E23 	 strd r2,r3,[sp,#56]
 205              	 .loc 1 104 3 is_stmt 1 view .LVU89
 206              	 .loc 1 104 7 is_stmt 0 view .LVU90
 207 00ce FFF7FEFF 	 bl HAL_ADC_ConfigChannel
 208              	.LVL4:
 209              	 .loc 1 104 6 discriminator 1 view .LVU91
 210 00d2 0028     	 cmp r0,#0
 211 00d4 45D1     	 bne .L43
 212              	.L5:
 105:Core/Src/adc.c ****   {
 106:Core/Src/adc.c ****     Error_Handler();
 107:Core/Src/adc.c ****   }
 108:Core/Src/adc.c **** 
 109:Core/Src/adc.c ****   /** Configure Regular Channel
 110:Core/Src/adc.c ****   */
 111:Core/Src/adc.c ****   sConfig.Channel = ADC_CHANNEL_8;
 213              	 .loc 1 111 3 is_stmt 1 view .LVU92
 214              	 .loc 1 111 19 is_stmt 0 view .LVU93
 215 00d6 2B4A     	 ldr r2,.L49+16
 112:Core/Src/adc.c ****   sConfig.Rank = ADC_REGULAR_RANK_2;
 113:Core/Src/adc.c ****   if (HAL_ADC_ConfigChannel(&hadc1, &sConfig) != HAL_OK)
 216              	 .loc 1 113 7 view .LVU94
 217 00d8 2648     	 ldr r0,.L49
 112:Core/Src/adc.c ****   sConfig.Rank = ADC_REGULAR_RANK_2;
 218              	 .loc 1 112 16 view .LVU95
 219 00da 0C23     	 movs r3,#12
 220              	 .loc 1 113 7 view .LVU96
 221 00dc 0AA9     	 add r1,sp,#40
 112:Core/Src/adc.c ****   sConfig.Rank = ADC_REGULAR_RANK_2;
 222              	 .loc 1 112 16 view .LVU97
 223 00de CDE90A23 	 strd r2,r3,[sp,#40]
 224              	 .loc 1 113 3 is_stmt 1 view .LVU98
 225              	 .loc 1 113 7 is_stmt 0 view .LVU99
 226 00e2 FFF7FEFF 	 bl HAL_ADC_ConfigChannel
 227              	.LVL5:
 228              	 .loc 1 113 6 discriminator 1 view .LVU100
 229 00e6 0028     	 cmp r0,#0
 230 00e8 38D1     	 bne .L44
 231              	.L6:
 114:Core/Src/adc.c ****   {
 115:Core/Src/adc.c ****     Error_Handler();
 116:Core/Src/adc.c ****   }
 117:Core/Src/adc.c **** 
ARM GAS   			page 8


 118:Core/Src/adc.c ****   /** Configure Regular Channel
 119:Core/Src/adc.c ****   */
 120:Core/Src/adc.c ****   sConfig.Channel = ADC_CHANNEL_12;
 232              	 .loc 1 120 3 is_stmt 1 view .LVU101
 233              	 .loc 1 120 19 is_stmt 0 view .LVU102
 234 00ea 244A     	 ldr r2,.L49+8
 121:Core/Src/adc.c ****   sConfig.Rank = ADC_REGULAR_RANK_3;
 122:Core/Src/adc.c ****   if (HAL_ADC_ConfigChannel(&hadc1, &sConfig) != HAL_OK)
 235              	 .loc 1 122 7 view .LVU103
 236 00ec 2148     	 ldr r0,.L49
 121:Core/Src/adc.c ****   sConfig.Rank = ADC_REGULAR_RANK_3;
 237              	 .loc 1 121 16 view .LVU104
 238 00ee 1223     	 movs r3,#18
 239              	 .loc 1 122 7 view .LVU105
 240 00f0 0AA9     	 add r1,sp,#40
 121:Core/Src/adc.c ****   sConfig.Rank = ADC_REGULAR_RANK_3;
 241              	 .loc 1 121 16 view .LVU106
 242 00f2 CDE90A23 	 strd r2,r3,[sp,#40]
 243              	 .loc 1 122 3 is_stmt 1 view .LVU107
 244              	 .loc 1 122 7 is_stmt 0 view .LVU108
 245 00f6 FFF7FEFF 	 bl HAL_ADC_ConfigChannel
 246              	.LVL6:
 247              	 .loc 1 122 6 discriminator 1 view .LVU109
 248 00fa 60BB     	 cbnz r0,.L45
 249              	.L7:
 123:Core/Src/adc.c ****   {
 124:Core/Src/adc.c ****     Error_Handler();
 125:Core/Src/adc.c ****   }
 126:Core/Src/adc.c **** 
 127:Core/Src/adc.c ****   /** Configure Regular Channel
 128:Core/Src/adc.c ****   */
 129:Core/Src/adc.c ****   sConfig.Channel = ADC_CHANNEL_3;
 250              	 .loc 1 129 3 is_stmt 1 view .LVU110
 251              	 .loc 1 129 19 is_stmt 0 view .LVU111
 252 00fc 224A     	 ldr r2,.L49+20
 130:Core/Src/adc.c ****   sConfig.Rank = ADC_REGULAR_RANK_4;
 131:Core/Src/adc.c ****   if (HAL_ADC_ConfigChannel(&hadc1, &sConfig) != HAL_OK)
 253              	 .loc 1 131 7 view .LVU112
 254 00fe 1D48     	 ldr r0,.L49
 130:Core/Src/adc.c ****   sConfig.Rank = ADC_REGULAR_RANK_4;
 255              	 .loc 1 130 16 view .LVU113
 256 0100 1823     	 movs r3,#24
 257              	 .loc 1 131 7 view .LVU114
 258 0102 0AA9     	 add r1,sp,#40
 130:Core/Src/adc.c ****   sConfig.Rank = ADC_REGULAR_RANK_4;
 259              	 .loc 1 130 16 view .LVU115
 260 0104 CDE90A23 	 strd r2,r3,[sp,#40]
 261              	 .loc 1 131 3 is_stmt 1 view .LVU116
 262              	 .loc 1 131 7 is_stmt 0 view .LVU117
 263 0108 FFF7FEFF 	 bl HAL_ADC_ConfigChannel
 264              	.LVL7:
 265              	 .loc 1 131 6 discriminator 1 view .LVU118
 266 010c 00BB     	 cbnz r0,.L46
 267              	.L8:
 132:Core/Src/adc.c ****   {
 133:Core/Src/adc.c ****     Error_Handler();
 134:Core/Src/adc.c ****   }
ARM GAS   			page 9


 135:Core/Src/adc.c **** 
 136:Core/Src/adc.c ****   /** Configure the channel to be monitored by WatchDog 2
 137:Core/Src/adc.c ****   */
 138:Core/Src/adc.c ****   AnalogWDGConfig.WatchdogNumber = ADC_ANALOGWATCHDOG_2;
 268              	 .loc 1 138 3 is_stmt 1 view .LVU119
 269              	 .loc 1 138 34 is_stmt 0 view .LVU120
 270 010e 1F4C     	 ldr r4,.L49+24
 139:Core/Src/adc.c ****   AnalogWDGConfig.WatchdogMode = ADC_ANALOGWATCHDOG_SINGLE_REGINJEC;
 140:Core/Src/adc.c ****   AnalogWDGConfig.Channel = ADC_CHANNEL_9;
 271              	 .loc 1 140 27 view .LVU121
 272 0110 1B4B     	 ldr r3,.L49+12
 141:Core/Src/adc.c ****   if (HAL_ADC_AnalogWDGConfig(&hadc1, &AnalogWDGConfig) != HAL_OK)
 273              	 .loc 1 141 7 view .LVU122
 274 0112 1848     	 ldr r0,.L49
 140:Core/Src/adc.c ****   if (HAL_ADC_AnalogWDGConfig(&hadc1, &AnalogWDGConfig) != HAL_OK)
 275              	 .loc 1 140 27 view .LVU123
 276 0114 0593     	 str r3,[sp,#20]
 139:Core/Src/adc.c ****   AnalogWDGConfig.WatchdogMode = ADC_ANALOGWATCHDOG_SINGLE_REGINJEC;
 277              	 .loc 1 139 32 view .LVU124
 278 0116 4FF0E072 	 mov r2,#29360128
 279              	 .loc 1 141 7 view .LVU125
 280 011a 03A9     	 add r1,sp,#12
 139:Core/Src/adc.c ****   AnalogWDGConfig.WatchdogMode = ADC_ANALOGWATCHDOG_SINGLE_REGINJEC;
 281              	 .loc 1 139 32 view .LVU126
 282 011c CDE90342 	 strd r4,r2,[sp,#12]
 140:Core/Src/adc.c ****   if (HAL_ADC_AnalogWDGConfig(&hadc1, &AnalogWDGConfig) != HAL_OK)
 283              	 .loc 1 140 3 is_stmt 1 view .LVU127
 284              	 .loc 1 141 3 view .LVU128
 285              	 .loc 1 141 7 is_stmt 0 view .LVU129
 286 0120 FFF7FEFF 	 bl HAL_ADC_AnalogWDGConfig
 287              	.LVL8:
 288              	 .loc 1 141 6 discriminator 1 view .LVU130
 289 0124 88B9     	 cbnz r0,.L47
 290              	.L9:
 142:Core/Src/adc.c ****   {
 143:Core/Src/adc.c ****     Error_Handler();
 144:Core/Src/adc.c ****   }
 145:Core/Src/adc.c **** 
 146:Core/Src/adc.c ****   /** Configure the channel to be monitored by WatchDog 3
 147:Core/Src/adc.c ****   */
 148:Core/Src/adc.c ****   AnalogWDGConfig.WatchdogNumber = ADC_ANALOGWATCHDOG_3;
 291              	 .loc 1 148 3 is_stmt 1 view .LVU131
 292              	 .loc 1 148 34 is_stmt 0 view .LVU132
 293 0126 1A4A     	 ldr r2,.L49+28
 149:Core/Src/adc.c ****   AnalogWDGConfig.Channel = ADC_CHANNEL_8;
 294              	 .loc 1 149 27 view .LVU133
 295 0128 164B     	 ldr r3,.L49+16
 150:Core/Src/adc.c ****   if (HAL_ADC_AnalogWDGConfig(&hadc1, &AnalogWDGConfig) != HAL_OK)
 296              	 .loc 1 150 7 view .LVU134
 297 012a 1248     	 ldr r0,.L49
 148:Core/Src/adc.c ****   AnalogWDGConfig.Channel = ADC_CHANNEL_8;
 298              	 .loc 1 148 34 view .LVU135
 299 012c 0392     	 str r2,[sp,#12]
 149:Core/Src/adc.c ****   AnalogWDGConfig.Channel = ADC_CHANNEL_8;
 300              	 .loc 1 149 3 is_stmt 1 view .LVU136
 301              	 .loc 1 150 7 is_stmt 0 view .LVU137
 302 012e 03A9     	 add r1,sp,#12
ARM GAS   			page 10


 149:Core/Src/adc.c ****   AnalogWDGConfig.Channel = ADC_CHANNEL_8;
 303              	 .loc 1 149 27 view .LVU138
 304 0130 0593     	 str r3,[sp,#20]
 305              	 .loc 1 150 3 is_stmt 1 view .LVU139
 306              	 .loc 1 150 7 is_stmt 0 view .LVU140
 307 0132 FFF7FEFF 	 bl HAL_ADC_AnalogWDGConfig
 308              	.LVL9:
 309              	 .loc 1 150 6 discriminator 1 view .LVU141
 310 0136 20B9     	 cbnz r0,.L48
 151:Core/Src/adc.c ****   {
 152:Core/Src/adc.c ****     Error_Handler();
 153:Core/Src/adc.c ****   }
 154:Core/Src/adc.c ****   /* USER CODE BEGIN ADC1_Init 2 */
 155:Core/Src/adc.c **** 
 156:Core/Src/adc.c ****   /* USER CODE END ADC1_Init 2 */
 157:Core/Src/adc.c **** 
 158:Core/Src/adc.c **** }
 311              	 .loc 1 158 1 view .LVU142
 312 0138 12B0     	 add sp,sp,#72
 313              	 .cfi_remember_state
 314              	 .cfi_def_cfa_offset 8
 315              	 
 316 013a 10BD     	 pop {r4,pc}
 317              	.L40:
 318              	 .cfi_restore_state
  69:Core/Src/adc.c ****   }
 319              	 .loc 1 69 5 is_stmt 1 view .LVU143
 320 013c FFF7FEFF 	 bl Error_Handler
 321              	.LVL10:
 322 0140 95E7     	 b .L2
 323              	.L48:
 152:Core/Src/adc.c ****   }
 324              	 .loc 1 152 5 view .LVU144
 325 0142 FFF7FEFF 	 bl Error_Handler
 326              	.LVL11:
 327              	 .loc 1 158 1 is_stmt 0 view .LVU145
 328 0146 12B0     	 add sp,sp,#72
 329              	 .cfi_remember_state
 330              	 .cfi_def_cfa_offset 8
 331              	 
 332 0148 10BD     	 pop {r4,pc}
 333              	.L47:
 334              	 .cfi_restore_state
 143:Core/Src/adc.c ****   }
 335              	 .loc 1 143 5 is_stmt 1 view .LVU146
 336 014a FFF7FEFF 	 bl Error_Handler
 337              	.LVL12:
 338 014e EAE7     	 b .L9
 339              	.L46:
 133:Core/Src/adc.c ****   }
 340              	 .loc 1 133 5 view .LVU147
 341 0150 FFF7FEFF 	 bl Error_Handler
 342              	.LVL13:
 343 0154 DBE7     	 b .L8
 344              	.L45:
 124:Core/Src/adc.c ****   }
 345              	 .loc 1 124 5 view .LVU148
ARM GAS   			page 11


 346 0156 FFF7FEFF 	 bl Error_Handler
 347              	.LVL14:
 348 015a CFE7     	 b .L7
 349              	.L44:
 115:Core/Src/adc.c ****   }
 350              	 .loc 1 115 5 view .LVU149
 351 015c FFF7FEFF 	 bl Error_Handler
 352              	.LVL15:
 353 0160 C3E7     	 b .L6
 354              	.L43:
 106:Core/Src/adc.c ****   }
 355              	 .loc 1 106 5 view .LVU150
 356 0162 FFF7FEFF 	 bl Error_Handler
 357              	.LVL16:
 358 0166 B6E7     	 b .L5
 359              	.L42:
  93:Core/Src/adc.c ****   }
 360              	 .loc 1 93 5 view .LVU151
 361 0168 FFF7FEFF 	 bl Error_Handler
 362              	.LVL17:
 363 016c A1E7     	 b .L4
 364              	.L41:
  79:Core/Src/adc.c ****   }
 365              	 .loc 1 79 5 view .LVU152
 366 016e FFF7FEFF 	 bl Error_Handler
 367              	.LVL18:
 368 0172 89E7     	 b .L3
 369              	.L50:
 370              	 .align 2
 371              	.L49:
 372 0174 00000000 	 .word hadc1
 373 0178 0000C07D 	 .word 2109734912
 374 017c 00106032 	 .word 845156352
 375 0180 0002B025 	 .word 632291840
 376 0184 00018021 	 .word 562036992
 377 0188 0800900C 	 .word 210763784
 378 018c FFFF1700 	 .word 1572863
 379 0190 FFFF2700 	 .word 2621439
 380              	 .cfi_endproc
 381              	.LFE361:
 383              	 .section .text.MX_ADC2_Init,"ax",%progbits
 384              	 .align 1
 385              	 .p2align 2,,3
 386              	 .global MX_ADC2_Init
 387              	 .syntax unified
 388              	 .thumb
 389              	 .thumb_func
 391              	MX_ADC2_Init:
 392              	.LFB362:
 159:Core/Src/adc.c **** /* ADC2 init function */
 160:Core/Src/adc.c **** void MX_ADC2_Init(void)
 161:Core/Src/adc.c **** {
 393              	 .loc 1 161 1 view-0
 394              	 .cfi_startproc
 395              	 
 396              	 
 162:Core/Src/adc.c **** 
ARM GAS   			page 12


 163:Core/Src/adc.c ****   /* USER CODE BEGIN ADC2_Init 0 */
 164:Core/Src/adc.c **** 
 165:Core/Src/adc.c ****   /* USER CODE END ADC2_Init 0 */
 166:Core/Src/adc.c **** 
 167:Core/Src/adc.c ****   ADC_AnalogWDGConfTypeDef AnalogWDGConfig = {0};
 397              	 .loc 1 167 3 view .LVU154
 161:Core/Src/adc.c **** 
 398              	 .loc 1 161 1 is_stmt 0 view .LVU155
 399 0000 10B5     	 push {r4,lr}
 400              	 .cfi_def_cfa_offset 8
 401              	 .cfi_offset 4,-8
 402              	 .cfi_offset 14,-4
 168:Core/Src/adc.c ****   ADC_ChannelConfTypeDef sConfig = {0};
 403              	 .loc 1 168 26 view .LVU156
 404 0002 2022     	 movs r2,#32
 167:Core/Src/adc.c ****   ADC_ChannelConfTypeDef sConfig = {0};
 405              	 .loc 1 167 28 view .LVU157
 406 0004 0024     	 movs r4,#0
 161:Core/Src/adc.c **** 
 407              	 .loc 1 161 1 view .LVU158
 408 0006 90B0     	 sub sp,sp,#64
 409              	 .cfi_def_cfa_offset 72
 410              	 .loc 1 168 26 view .LVU159
 411 0008 0DEB0200 	 add r0,sp,r2
 412 000c 2146     	 mov r1,r4
 167:Core/Src/adc.c ****   ADC_ChannelConfTypeDef sConfig = {0};
 413              	 .loc 1 167 28 view .LVU160
 414 000e CDE90144 	 strd r4,r4,[sp,#4]
 415 0012 CDE90344 	 strd r4,r4,[sp,#12]
 416 0016 CDE90544 	 strd r4,r4,[sp,#20]
 417 001a 0794     	 str r4,[sp,#28]
 418              	 .loc 1 168 3 is_stmt 1 view .LVU161
 419              	 .loc 1 168 26 is_stmt 0 view .LVU162
 420 001c FFF7FEFF 	 bl memset
 421              	.LVL19:
 169:Core/Src/adc.c **** 
 170:Core/Src/adc.c ****   /* USER CODE BEGIN ADC2_Init 1 */
 171:Core/Src/adc.c **** 
 172:Core/Src/adc.c ****   /* USER CODE END ADC2_Init 1 */
 173:Core/Src/adc.c **** 
 174:Core/Src/adc.c ****   /** Common config
 175:Core/Src/adc.c ****   */
 176:Core/Src/adc.c ****   hadc2.Instance = ADC2;
 422              	 .loc 1 176 3 is_stmt 1 view .LVU163
 423              	 .loc 1 176 18 is_stmt 0 view .LVU164
 424 0020 414A     	 ldr r2,.L88
 425 0022 424B     	 ldr r3,.L88+4
 426 0024 1360     	 str r3,[r2]
 177:Core/Src/adc.c ****   hadc2.Init.ClockPrescaler = ADC_CLOCK_SYNC_PCLK_DIV4;
 427              	 .loc 1 177 3 is_stmt 1 view .LVU165
 428              	 .loc 1 177 29 is_stmt 0 view .LVU166
 429 0026 4FF44033 	 mov r3,#196608
 430 002a 5360     	 str r3,[r2,#4]
 178:Core/Src/adc.c ****   hadc2.Init.Resolution = ADC_RESOLUTION_12B;
 431              	 .loc 1 178 3 is_stmt 1 view .LVU167
 179:Core/Src/adc.c ****   hadc2.Init.DataAlign = ADC_DATAALIGN_RIGHT;
 180:Core/Src/adc.c ****   hadc2.Init.GainCompensation = 0;
ARM GAS   			page 13


 181:Core/Src/adc.c ****   hadc2.Init.ScanConvMode = ADC_SCAN_ENABLE;
 432              	 .loc 1 181 27 is_stmt 0 view .LVU168
 433 002c 0123     	 movs r3,#1
 434 002e C2E90443 	 strd r4,r3,[r2,#16]
 182:Core/Src/adc.c ****   hadc2.Init.EOCSelection = ADC_EOC_SINGLE_CONV;
 435              	 .loc 1 182 27 view .LVU169
 436 0032 0423     	 movs r3,#4
 437 0034 9361     	 str r3,[r2,#24]
 183:Core/Src/adc.c ****   hadc2.Init.LowPowerAutoWait = DISABLE;
 184:Core/Src/adc.c ****   hadc2.Init.ContinuousConvMode = DISABLE;
 185:Core/Src/adc.c ****   hadc2.Init.NbrOfConversion = 4;
 438              	 .loc 1 185 30 view .LVU170
 439 0036 1362     	 str r3,[r2,#32]
 186:Core/Src/adc.c ****   hadc2.Init.DiscontinuousConvMode = DISABLE;
 187:Core/Src/adc.c ****   hadc2.Init.DMAContinuousRequests = DISABLE;
 188:Core/Src/adc.c ****   hadc2.Init.Overrun = ADC_OVR_DATA_OVERWRITTEN;
 189:Core/Src/adc.c ****   hadc2.Init.OversamplingMode = DISABLE;
 190:Core/Src/adc.c ****   if (HAL_ADC_Init(&hadc2) != HAL_OK)
 440              	 .loc 1 190 7 view .LVU171
 441 0038 1046     	 mov r0,r2
 188:Core/Src/adc.c ****   hadc2.Init.OversamplingMode = DISABLE;
 442              	 .loc 1 188 22 view .LVU172
 443 003a 4FF48053 	 mov r3,#4096
 179:Core/Src/adc.c ****   hadc2.Init.GainCompensation = 0;
 444              	 .loc 1 179 24 view .LVU173
 445 003e C2E90244 	 strd r4,r4,[r2,#8]
 180:Core/Src/adc.c ****   hadc2.Init.ScanConvMode = ADC_SCAN_ENABLE;
 446              	 .loc 1 180 3 is_stmt 1 view .LVU174
 182:Core/Src/adc.c ****   hadc2.Init.LowPowerAutoWait = DISABLE;
 447              	 .loc 1 182 3 view .LVU175
 183:Core/Src/adc.c ****   hadc2.Init.ContinuousConvMode = DISABLE;
 448              	 .loc 1 183 3 view .LVU176
 184:Core/Src/adc.c ****   hadc2.Init.NbrOfConversion = 4;
 449              	 .loc 1 184 3 view .LVU177
 183:Core/Src/adc.c ****   hadc2.Init.ContinuousConvMode = DISABLE;
 450              	 .loc 1 183 31 is_stmt 0 view .LVU178
 451 0042 9483     	 strh r4,[r2,#28]
 185:Core/Src/adc.c ****   hadc2.Init.DiscontinuousConvMode = DISABLE;
 452              	 .loc 1 185 3 is_stmt 1 view .LVU179
 186:Core/Src/adc.c ****   hadc2.Init.DMAContinuousRequests = DISABLE;
 453              	 .loc 1 186 3 view .LVU180
 186:Core/Src/adc.c ****   hadc2.Init.DMAContinuousRequests = DISABLE;
 454              	 .loc 1 186 36 is_stmt 0 view .LVU181
 455 0044 82F82440 	 strb r4,[r2,#36]
 187:Core/Src/adc.c ****   hadc2.Init.Overrun = ADC_OVR_DATA_OVERWRITTEN;
 456              	 .loc 1 187 3 is_stmt 1 view .LVU182
 187:Core/Src/adc.c ****   hadc2.Init.Overrun = ADC_OVR_DATA_OVERWRITTEN;
 457              	 .loc 1 187 36 is_stmt 0 view .LVU183
 458 0048 82F83840 	 strb r4,[r2,#56]
 188:Core/Src/adc.c ****   hadc2.Init.OversamplingMode = DISABLE;
 459              	 .loc 1 188 3 is_stmt 1 view .LVU184
 188:Core/Src/adc.c ****   hadc2.Init.OversamplingMode = DISABLE;
 460              	 .loc 1 188 22 is_stmt 0 view .LVU185
 461 004c D363     	 str r3,[r2,#60]
 189:Core/Src/adc.c ****   if (HAL_ADC_Init(&hadc2) != HAL_OK)
 462              	 .loc 1 189 3 is_stmt 1 view .LVU186
 189:Core/Src/adc.c ****   if (HAL_ADC_Init(&hadc2) != HAL_OK)
ARM GAS   			page 14


 463              	 .loc 1 189 31 is_stmt 0 view .LVU187
 464 004e 82F84040 	 strb r4,[r2,#64]
 465              	 .loc 1 190 3 is_stmt 1 view .LVU188
 466              	 .loc 1 190 7 is_stmt 0 view .LVU189
 467 0052 FFF7FEFF 	 bl HAL_ADC_Init
 468              	.LVL20:
 469              	 .loc 1 190 6 discriminator 1 view .LVU190
 470 0056 0028     	 cmp r0,#0
 471 0058 50D1     	 bne .L81
 472              	.L52:
 191:Core/Src/adc.c ****   {
 192:Core/Src/adc.c ****     Error_Handler();
 193:Core/Src/adc.c ****   }
 194:Core/Src/adc.c **** 
 195:Core/Src/adc.c ****   /** Configure Analog WatchDog 1
 196:Core/Src/adc.c ****   */
 197:Core/Src/adc.c ****   AnalogWDGConfig.WatchdogNumber = ADC_ANALOGWATCHDOG_1;
 473              	 .loc 1 197 3 is_stmt 1 view .LVU191
 474              	 .loc 1 197 34 is_stmt 0 view .LVU192
 475 005a 3549     	 ldr r1,.L88+8
 198:Core/Src/adc.c ****   AnalogWDGConfig.WatchdogMode = ADC_ANALOGWATCHDOG_SINGLE_REG;
 199:Core/Src/adc.c ****   AnalogWDGConfig.Channel = ADC_CHANNEL_3;
 476              	 .loc 1 199 27 view .LVU193
 477 005c 354A     	 ldr r2,.L88+12
 478 005e 0392     	 str r2,[sp,#12]
 198:Core/Src/adc.c ****   AnalogWDGConfig.WatchdogMode = ADC_ANALOGWATCHDOG_SINGLE_REG;
 479              	 .loc 1 198 32 view .LVU194
 480 0060 4FF44000 	 mov r0,#12582912
 200:Core/Src/adc.c ****   AnalogWDGConfig.ITMode = DISABLE;
 481              	 .loc 1 200 26 view .LVU195
 482 0064 0023     	 movs r3,#0
 197:Core/Src/adc.c ****   AnalogWDGConfig.WatchdogMode = ADC_ANALOGWATCHDOG_SINGLE_REG;
 483              	 .loc 1 197 34 view .LVU196
 484 0066 CDE90110 	 strd r1,r0,[sp,#4]
 198:Core/Src/adc.c ****   AnalogWDGConfig.WatchdogMode = ADC_ANALOGWATCHDOG_SINGLE_REG;
 485              	 .loc 1 198 3 is_stmt 1 view .LVU197
 199:Core/Src/adc.c ****   AnalogWDGConfig.ITMode = DISABLE;
 486              	 .loc 1 199 3 view .LVU198
 487              	 .loc 1 200 3 view .LVU199
 201:Core/Src/adc.c ****   AnalogWDGConfig.HighThreshold = 4095;
 488              	 .loc 1 201 33 is_stmt 0 view .LVU200
 489 006a 40F6FF72 	 movw r2,#4095
 202:Core/Src/adc.c ****   AnalogWDGConfig.LowThreshold = 0;
 203:Core/Src/adc.c ****   AnalogWDGConfig.FilteringConfig = ADC_AWD_FILTERING_NONE;
 204:Core/Src/adc.c ****   if (HAL_ADC_AnalogWDGConfig(&hadc2, &AnalogWDGConfig) != HAL_OK)
 490              	 .loc 1 204 7 view .LVU201
 491 006e 2E48     	 ldr r0,.L88
 200:Core/Src/adc.c ****   AnalogWDGConfig.HighThreshold = 4095;
 492              	 .loc 1 200 26 view .LVU202
 493 0070 8DF81030 	 strb r3,[sp,#16]
 201:Core/Src/adc.c ****   AnalogWDGConfig.HighThreshold = 4095;
 494              	 .loc 1 201 3 is_stmt 1 view .LVU203
 495              	 .loc 1 204 7 is_stmt 0 view .LVU204
 496 0074 01A9     	 add r1,sp,#4
 202:Core/Src/adc.c ****   AnalogWDGConfig.LowThreshold = 0;
 497              	 .loc 1 202 32 view .LVU205
 498 0076 CDE90523 	 strd r2,r3,[sp,#20]
ARM GAS   			page 15


 203:Core/Src/adc.c ****   if (HAL_ADC_AnalogWDGConfig(&hadc2, &AnalogWDGConfig) != HAL_OK)
 499              	 .loc 1 203 3 is_stmt 1 view .LVU206
 203:Core/Src/adc.c ****   if (HAL_ADC_AnalogWDGConfig(&hadc2, &AnalogWDGConfig) != HAL_OK)
 500              	 .loc 1 203 35 is_stmt 0 view .LVU207
 501 007a 0793     	 str r3,[sp,#28]
 502              	 .loc 1 204 3 is_stmt 1 view .LVU208
 503              	 .loc 1 204 7 is_stmt 0 view .LVU209
 504 007c FFF7FEFF 	 bl HAL_ADC_AnalogWDGConfig
 505              	.LVL21:
 506              	 .loc 1 204 6 discriminator 1 view .LVU210
 507 0080 0028     	 cmp r0,#0
 508 0082 4ED1     	 bne .L82
 509              	.L53:
 205:Core/Src/adc.c ****   {
 206:Core/Src/adc.c ****     Error_Handler();
 207:Core/Src/adc.c ****   }
 208:Core/Src/adc.c **** 
 209:Core/Src/adc.c ****   /** Configure Regular Channel
 210:Core/Src/adc.c ****   */
 211:Core/Src/adc.c ****   sConfig.Channel = ADC_CHANNEL_5;
 510              	 .loc 1 211 3 is_stmt 1 view .LVU211
 511              	 .loc 1 211 19 is_stmt 0 view .LVU212
 512 0084 2C4A     	 ldr r2,.L88+16
 212:Core/Src/adc.c ****   sConfig.Rank = ADC_REGULAR_RANK_1;
 213:Core/Src/adc.c ****   sConfig.SamplingTime = ADC_SAMPLETIME_12CYCLES_5;
 214:Core/Src/adc.c ****   sConfig.SingleDiff = ADC_SINGLE_ENDED;
 215:Core/Src/adc.c ****   sConfig.OffsetNumber = ADC_OFFSET_NONE;
 216:Core/Src/adc.c ****   sConfig.Offset = 0;
 217:Core/Src/adc.c ****   if (HAL_ADC_ConfigChannel(&hadc2, &sConfig) != HAL_OK)
 513              	 .loc 1 217 7 view .LVU213
 514 0086 2848     	 ldr r0,.L88
 212:Core/Src/adc.c ****   sConfig.Rank = ADC_REGULAR_RANK_1;
 515              	 .loc 1 212 16 view .LVU214
 516 0088 0623     	 movs r3,#6
 517 008a CDE90823 	 strd r2,r3,[sp,#32]
 213:Core/Src/adc.c ****   sConfig.SingleDiff = ADC_SINGLE_ENDED;
 518              	 .loc 1 213 3 is_stmt 1 view .LVU215
 213:Core/Src/adc.c ****   sConfig.SingleDiff = ADC_SINGLE_ENDED;
 519              	 .loc 1 213 24 is_stmt 0 view .LVU216
 520 008e 0221     	 movs r1,#2
 214:Core/Src/adc.c ****   sConfig.OffsetNumber = ADC_OFFSET_NONE;
 521              	 .loc 1 214 22 view .LVU217
 522 0090 7F23     	 movs r3,#127
 523 0092 CDE90A13 	 strd r1,r3,[sp,#40]
 215:Core/Src/adc.c ****   sConfig.Offset = 0;
 524              	 .loc 1 215 3 is_stmt 1 view .LVU218
 215:Core/Src/adc.c ****   sConfig.Offset = 0;
 525              	 .loc 1 215 24 is_stmt 0 view .LVU219
 526 0096 0422     	 movs r2,#4
 216:Core/Src/adc.c ****   if (HAL_ADC_ConfigChannel(&hadc2, &sConfig) != HAL_OK)
 527              	 .loc 1 216 18 view .LVU220
 528 0098 0023     	 movs r3,#0
 529              	 .loc 1 217 7 view .LVU221
 530 009a 08A9     	 add r1,sp,#32
 216:Core/Src/adc.c ****   if (HAL_ADC_ConfigChannel(&hadc2, &sConfig) != HAL_OK)
 531              	 .loc 1 216 18 view .LVU222
 532 009c CDE90C23 	 strd r2,r3,[sp,#48]
ARM GAS   			page 16


 533              	 .loc 1 217 3 is_stmt 1 view .LVU223
 534              	 .loc 1 217 7 is_stmt 0 view .LVU224
 535 00a0 FFF7FEFF 	 bl HAL_ADC_ConfigChannel
 536              	.LVL22:
 537              	 .loc 1 217 6 discriminator 1 view .LVU225
 538 00a4 0028     	 cmp r0,#0
 539 00a6 39D1     	 bne .L83
 540              	.L54:
 218:Core/Src/adc.c ****   {
 219:Core/Src/adc.c ****     Error_Handler();
 220:Core/Src/adc.c ****   }
 221:Core/Src/adc.c **** 
 222:Core/Src/adc.c ****   /** Configure Regular Channel
 223:Core/Src/adc.c ****   */
 224:Core/Src/adc.c ****   sConfig.Channel = ADC_CHANNEL_3;
 541              	 .loc 1 224 3 is_stmt 1 view .LVU226
 542              	 .loc 1 224 19 is_stmt 0 view .LVU227
 543 00a8 224A     	 ldr r2,.L88+12
 225:Core/Src/adc.c ****   sConfig.Rank = ADC_REGULAR_RANK_2;
 226:Core/Src/adc.c ****   if (HAL_ADC_ConfigChannel(&hadc2, &sConfig) != HAL_OK)
 544              	 .loc 1 226 7 view .LVU228
 545 00aa 1F48     	 ldr r0,.L88
 225:Core/Src/adc.c ****   sConfig.Rank = ADC_REGULAR_RANK_2;
 546              	 .loc 1 225 16 view .LVU229
 547 00ac 0C23     	 movs r3,#12
 548              	 .loc 1 226 7 view .LVU230
 549 00ae 08A9     	 add r1,sp,#32
 225:Core/Src/adc.c ****   sConfig.Rank = ADC_REGULAR_RANK_2;
 550              	 .loc 1 225 16 view .LVU231
 551 00b0 CDE90823 	 strd r2,r3,[sp,#32]
 552              	 .loc 1 226 3 is_stmt 1 view .LVU232
 553              	 .loc 1 226 7 is_stmt 0 view .LVU233
 554 00b4 FFF7FEFF 	 bl HAL_ADC_ConfigChannel
 555              	.LVL23:
 556              	 .loc 1 226 6 discriminator 1 view .LVU234
 557 00b8 68BB     	 cbnz r0,.L84
 558              	.L55:
 227:Core/Src/adc.c ****   {
 228:Core/Src/adc.c ****     Error_Handler();
 229:Core/Src/adc.c ****   }
 230:Core/Src/adc.c **** 
 231:Core/Src/adc.c ****   /** Configure Regular Channel
 232:Core/Src/adc.c ****   */
 233:Core/Src/adc.c ****   sConfig.Rank = ADC_REGULAR_RANK_3;
 559              	 .loc 1 233 3 is_stmt 1 view .LVU235
 560              	 .loc 1 233 16 is_stmt 0 view .LVU236
 561 00ba 1223     	 movs r3,#18
 234:Core/Src/adc.c ****   if (HAL_ADC_ConfigChannel(&hadc2, &sConfig) != HAL_OK)
 562              	 .loc 1 234 7 view .LVU237
 563 00bc 1A48     	 ldr r0,.L88
 233:Core/Src/adc.c ****   if (HAL_ADC_ConfigChannel(&hadc2, &sConfig) != HAL_OK)
 564              	 .loc 1 233 16 view .LVU238
 565 00be 0993     	 str r3,[sp,#36]
 566              	 .loc 1 234 3 is_stmt 1 view .LVU239
 567              	 .loc 1 234 7 is_stmt 0 view .LVU240
 568 00c0 08A9     	 add r1,sp,#32
 569 00c2 FFF7FEFF 	 bl HAL_ADC_ConfigChannel
ARM GAS   			page 17


 570              	.LVL24:
 571              	 .loc 1 234 6 discriminator 1 view .LVU241
 572 00c6 18BB     	 cbnz r0,.L85
 573              	.L56:
 235:Core/Src/adc.c ****   {
 236:Core/Src/adc.c ****     Error_Handler();
 237:Core/Src/adc.c ****   }
 238:Core/Src/adc.c **** 
 239:Core/Src/adc.c ****   /** Configure Regular Channel
 240:Core/Src/adc.c ****   */
 241:Core/Src/adc.c ****   sConfig.Channel = ADC_CHANNEL_7;
 574              	 .loc 1 241 3 is_stmt 1 view .LVU242
 575              	 .loc 1 241 19 is_stmt 0 view .LVU243
 576 00c8 1C4A     	 ldr r2,.L88+20
 242:Core/Src/adc.c ****   sConfig.Rank = ADC_REGULAR_RANK_4;
 243:Core/Src/adc.c ****   if (HAL_ADC_ConfigChannel(&hadc2, &sConfig) != HAL_OK)
 577              	 .loc 1 243 7 view .LVU244
 578 00ca 1748     	 ldr r0,.L88
 242:Core/Src/adc.c ****   sConfig.Rank = ADC_REGULAR_RANK_4;
 579              	 .loc 1 242 16 view .LVU245
 580 00cc 1823     	 movs r3,#24
 581              	 .loc 1 243 7 view .LVU246
 582 00ce 08A9     	 add r1,sp,#32
 242:Core/Src/adc.c ****   sConfig.Rank = ADC_REGULAR_RANK_4;
 583              	 .loc 1 242 16 view .LVU247
 584 00d0 CDE90823 	 strd r2,r3,[sp,#32]
 585              	 .loc 1 243 3 is_stmt 1 view .LVU248
 586              	 .loc 1 243 7 is_stmt 0 view .LVU249
 587 00d4 FFF7FEFF 	 bl HAL_ADC_ConfigChannel
 588              	.LVL25:
 589              	 .loc 1 243 6 discriminator 1 view .LVU250
 590 00d8 B8B9     	 cbnz r0,.L86
 591              	.L57:
 244:Core/Src/adc.c ****   {
 245:Core/Src/adc.c ****     Error_Handler();
 246:Core/Src/adc.c ****   }
 247:Core/Src/adc.c **** 
 248:Core/Src/adc.c ****   /** Configure the channel to be monitored by WatchDog 2
 249:Core/Src/adc.c ****   */
 250:Core/Src/adc.c ****   AnalogWDGConfig.WatchdogNumber = ADC_ANALOGWATCHDOG_2;
 592              	 .loc 1 250 3 is_stmt 1 view .LVU251
 593              	 .loc 1 250 34 is_stmt 0 view .LVU252
 594 00da 194C     	 ldr r4,.L88+24
 251:Core/Src/adc.c ****   AnalogWDGConfig.WatchdogMode = ADC_ANALOGWATCHDOG_SINGLE_REGINJEC;
 252:Core/Src/adc.c ****   AnalogWDGConfig.Channel = ADC_CHANNEL_5;
 595              	 .loc 1 252 27 view .LVU253
 596 00dc 164A     	 ldr r2,.L88+16
 597 00de 0392     	 str r2,[sp,#12]
 251:Core/Src/adc.c ****   AnalogWDGConfig.WatchdogMode = ADC_ANALOGWATCHDOG_SINGLE_REGINJEC;
 598              	 .loc 1 251 32 view .LVU254
 599 00e0 4FF0E070 	 mov r0,#29360128
 600 00e4 CDE90140 	 strd r4,r0,[sp,#4]
 601              	 .loc 1 252 3 is_stmt 1 view .LVU255
 253:Core/Src/adc.c ****   AnalogWDGConfig.ITMode = ENABLE;
 602              	 .loc 1 253 3 view .LVU256
 603              	 .loc 1 253 26 is_stmt 0 view .LVU257
 604 00e8 0123     	 movs r3,#1
ARM GAS   			page 18


 254:Core/Src/adc.c ****   if (HAL_ADC_AnalogWDGConfig(&hadc2, &AnalogWDGConfig) != HAL_OK)
 605              	 .loc 1 254 7 view .LVU258
 606 00ea 0F48     	 ldr r0,.L88
 253:Core/Src/adc.c ****   AnalogWDGConfig.ITMode = ENABLE;
 607              	 .loc 1 253 26 view .LVU259
 608 00ec 8DF81030 	 strb r3,[sp,#16]
 609              	 .loc 1 254 3 is_stmt 1 view .LVU260
 610              	 .loc 1 254 7 is_stmt 0 view .LVU261
 611 00f0 01A9     	 add r1,sp,#4
 612 00f2 FFF7FEFF 	 bl HAL_ADC_AnalogWDGConfig
 613              	.LVL26:
 614              	 .loc 1 254 6 discriminator 1 view .LVU262
 615 00f6 20B9     	 cbnz r0,.L87
 255:Core/Src/adc.c ****   {
 256:Core/Src/adc.c ****     Error_Handler();
 257:Core/Src/adc.c ****   }
 258:Core/Src/adc.c ****   /* USER CODE BEGIN ADC2_Init 2 */
 259:Core/Src/adc.c **** 
 260:Core/Src/adc.c ****   /* USER CODE END ADC2_Init 2 */
 261:Core/Src/adc.c **** 
 262:Core/Src/adc.c **** }
 616              	 .loc 1 262 1 view .LVU263
 617 00f8 10B0     	 add sp,sp,#64
 618              	 .cfi_remember_state
 619              	 .cfi_def_cfa_offset 8
 620              	 
 621 00fa 10BD     	 pop {r4,pc}
 622              	.L81:
 623              	 .cfi_restore_state
 192:Core/Src/adc.c ****   }
 624              	 .loc 1 192 5 is_stmt 1 view .LVU264
 625 00fc FFF7FEFF 	 bl Error_Handler
 626              	.LVL27:
 627 0100 ABE7     	 b .L52
 628              	.L87:
 256:Core/Src/adc.c ****   }
 629              	 .loc 1 256 5 view .LVU265
 630 0102 FFF7FEFF 	 bl Error_Handler
 631              	.LVL28:
 632              	 .loc 1 262 1 is_stmt 0 view .LVU266
 633 0106 10B0     	 add sp,sp,#64
 634              	 .cfi_remember_state
 635              	 .cfi_def_cfa_offset 8
 636              	 
 637 0108 10BD     	 pop {r4,pc}
 638              	.L86:
 639              	 .cfi_restore_state
 245:Core/Src/adc.c ****   }
 640              	 .loc 1 245 5 is_stmt 1 view .LVU267
 641 010a FFF7FEFF 	 bl Error_Handler
 642              	.LVL29:
 643 010e E4E7     	 b .L57
 644              	.L85:
 236:Core/Src/adc.c ****   }
 645              	 .loc 1 236 5 view .LVU268
 646 0110 FFF7FEFF 	 bl Error_Handler
 647              	.LVL30:
ARM GAS   			page 19


 648 0114 D8E7     	 b .L56
 649              	.L84:
 228:Core/Src/adc.c ****   }
 650              	 .loc 1 228 5 view .LVU269
 651 0116 FFF7FEFF 	 bl Error_Handler
 652              	.LVL31:
 653 011a CEE7     	 b .L55
 654              	.L83:
 219:Core/Src/adc.c ****   }
 655              	 .loc 1 219 5 view .LVU270
 656 011c FFF7FEFF 	 bl Error_Handler
 657              	.LVL32:
 658 0120 C2E7     	 b .L54
 659              	.L82:
 206:Core/Src/adc.c ****   }
 660              	 .loc 1 206 5 view .LVU271
 661 0122 FFF7FEFF 	 bl Error_Handler
 662              	.LVL33:
 663 0126 ADE7     	 b .L53
 664              	.L89:
 665              	 .align 2
 666              	.L88:
 667 0128 00000000 	 .word hadc2
 668 012c 00010050 	 .word 1342177536
 669 0130 0000C07D 	 .word 2109734912
 670 0134 0800900C 	 .word 210763784
 671 0138 2000F014 	 .word 351272992
 672 013c 8000501D 	 .word 491782272
 673 0140 FFFF1700 	 .word 1572863
 674              	 .cfi_endproc
 675              	.LFE362:
 677              	 .section .text.MX_ADC4_Init,"ax",%progbits
 678              	 .align 1
 679              	 .p2align 2,,3
 680              	 .global MX_ADC4_Init
 681              	 .syntax unified
 682              	 .thumb
 683              	 .thumb_func
 685              	MX_ADC4_Init:
 686              	.LFB363:
 263:Core/Src/adc.c **** /* ADC4 init function */
 264:Core/Src/adc.c **** void MX_ADC4_Init(void)
 265:Core/Src/adc.c **** {
 687              	 .loc 1 265 1 view-0
 688              	 .cfi_startproc
 689              	 
 690              	 
 266:Core/Src/adc.c **** 
 267:Core/Src/adc.c ****   /* USER CODE BEGIN ADC4_Init 0 */
 268:Core/Src/adc.c **** 
 269:Core/Src/adc.c ****   /* USER CODE END ADC4_Init 0 */
 270:Core/Src/adc.c **** 
 271:Core/Src/adc.c ****   ADC_ChannelConfTypeDef sConfig = {0};
 691              	 .loc 1 271 3 view .LVU273
 265:Core/Src/adc.c **** 
 692              	 .loc 1 265 1 is_stmt 0 view .LVU274
 693 0000 10B5     	 push {r4,lr}
ARM GAS   			page 20


 694              	 .cfi_def_cfa_offset 8
 695              	 .cfi_offset 4,-8
 696              	 .cfi_offset 14,-4
 697 0002 88B0     	 sub sp,sp,#32
 698              	 .cfi_def_cfa_offset 40
 699              	 .loc 1 271 26 view .LVU275
 700 0004 2022     	 movs r2,#32
 701 0006 0021     	 movs r1,#0
 702 0008 6846     	 mov r0,sp
 703 000a FFF7FEFF 	 bl memset
 704              	.LVL34:
 272:Core/Src/adc.c **** 
 273:Core/Src/adc.c ****   /* USER CODE BEGIN ADC4_Init 1 */
 274:Core/Src/adc.c **** 
 275:Core/Src/adc.c ****   /* USER CODE END ADC4_Init 1 */
 276:Core/Src/adc.c **** 
 277:Core/Src/adc.c ****   /** Common config
 278:Core/Src/adc.c ****   */
 279:Core/Src/adc.c ****   hadc4.Instance = ADC4;
 705              	 .loc 1 279 3 is_stmt 1 view .LVU276
 706              	 .loc 1 279 18 is_stmt 0 view .LVU277
 707 000e 2348     	 ldr r0,.L107
 708 0010 2349     	 ldr r1,.L107+4
 709 0012 0160     	 str r1,[r0]
 280:Core/Src/adc.c ****   hadc4.Init.ClockPrescaler = ADC_CLOCK_SYNC_PCLK_DIV4;
 710              	 .loc 1 280 3 is_stmt 1 view .LVU278
 711              	 .loc 1 280 29 is_stmt 0 view .LVU279
 712 0014 4FF44031 	 mov r1,#196608
 713 0018 4160     	 str r1,[r0,#4]
 281:Core/Src/adc.c ****   hadc4.Init.Resolution = ADC_RESOLUTION_12B;
 714              	 .loc 1 281 3 is_stmt 1 view .LVU280
 282:Core/Src/adc.c ****   hadc4.Init.DataAlign = ADC_DATAALIGN_RIGHT;
 283:Core/Src/adc.c ****   hadc4.Init.GainCompensation = 0;
 284:Core/Src/adc.c ****   hadc4.Init.ScanConvMode = ADC_SCAN_ENABLE;
 285:Core/Src/adc.c ****   hadc4.Init.EOCSelection = ADC_EOC_SINGLE_CONV;
 715              	 .loc 1 285 27 is_stmt 0 view .LVU281
 716 001a 0421     	 movs r1,#4
 717 001c 8161     	 str r1,[r0,#24]
 286:Core/Src/adc.c ****   hadc4.Init.LowPowerAutoWait = DISABLE;
 287:Core/Src/adc.c ****   hadc4.Init.ContinuousConvMode = DISABLE;
 288:Core/Src/adc.c ****   hadc4.Init.NbrOfConversion = 2;
 718              	 .loc 1 288 30 view .LVU282
 719 001e 0221     	 movs r1,#2
 281:Core/Src/adc.c ****   hadc4.Init.DataAlign = ADC_DATAALIGN_RIGHT;
 720              	 .loc 1 281 25 view .LVU283
 721 0020 0023     	 movs r3,#0
 284:Core/Src/adc.c ****   hadc4.Init.EOCSelection = ADC_EOC_SINGLE_CONV;
 722              	 .loc 1 284 27 view .LVU284
 723 0022 0122     	 movs r2,#1
 724              	 .loc 1 288 30 view .LVU285
 725 0024 0162     	 str r1,[r0,#32]
 289:Core/Src/adc.c ****   hadc4.Init.DiscontinuousConvMode = DISABLE;
 290:Core/Src/adc.c ****   hadc4.Init.ExternalTrigConv = ADC_SOFTWARE_START;
 291:Core/Src/adc.c ****   hadc4.Init.ExternalTrigConvEdge = ADC_EXTERNALTRIGCONVEDGE_NONE;
 292:Core/Src/adc.c ****   hadc4.Init.DMAContinuousRequests = ENABLE;
 293:Core/Src/adc.c ****   hadc4.Init.Overrun = ADC_OVR_DATA_OVERWRITTEN;
 726              	 .loc 1 293 22 view .LVU286
ARM GAS   			page 21


 727 0026 4FF48051 	 mov r1,#4096
 282:Core/Src/adc.c ****   hadc4.Init.GainCompensation = 0;
 728              	 .loc 1 282 24 view .LVU287
 729 002a C0E90233 	 strd r3,r3,[r0,#8]
 283:Core/Src/adc.c ****   hadc4.Init.ScanConvMode = ADC_SCAN_ENABLE;
 730              	 .loc 1 283 3 is_stmt 1 view .LVU288
 284:Core/Src/adc.c ****   hadc4.Init.EOCSelection = ADC_EOC_SINGLE_CONV;
 731              	 .loc 1 284 27 is_stmt 0 view .LVU289
 732 002e C0E90432 	 strd r3,r2,[r0,#16]
 285:Core/Src/adc.c ****   hadc4.Init.LowPowerAutoWait = DISABLE;
 733              	 .loc 1 285 3 is_stmt 1 view .LVU290
 286:Core/Src/adc.c ****   hadc4.Init.ContinuousConvMode = DISABLE;
 734              	 .loc 1 286 3 view .LVU291
 287:Core/Src/adc.c ****   hadc4.Init.NbrOfConversion = 2;
 735              	 .loc 1 287 3 view .LVU292
 291:Core/Src/adc.c ****   hadc4.Init.DMAContinuousRequests = ENABLE;
 736              	 .loc 1 291 35 is_stmt 0 view .LVU293
 737 0032 C0E90B33 	 strd r3,r3,[r0,#44]
 286:Core/Src/adc.c ****   hadc4.Init.ContinuousConvMode = DISABLE;
 738              	 .loc 1 286 31 view .LVU294
 739 0036 8383     	 strh r3,[r0,#28]
 288:Core/Src/adc.c ****   hadc4.Init.DiscontinuousConvMode = DISABLE;
 740              	 .loc 1 288 3 is_stmt 1 view .LVU295
 289:Core/Src/adc.c ****   hadc4.Init.ExternalTrigConv = ADC_SOFTWARE_START;
 741              	 .loc 1 289 3 view .LVU296
 289:Core/Src/adc.c ****   hadc4.Init.ExternalTrigConv = ADC_SOFTWARE_START;
 742              	 .loc 1 289 36 is_stmt 0 view .LVU297
 743 0038 80F82430 	 strb r3,[r0,#36]
 290:Core/Src/adc.c ****   hadc4.Init.ExternalTrigConvEdge = ADC_EXTERNALTRIGCONVEDGE_NONE;
 744              	 .loc 1 290 3 is_stmt 1 view .LVU298
 292:Core/Src/adc.c ****   hadc4.Init.Overrun = ADC_OVR_DATA_OVERWRITTEN;
 745              	 .loc 1 292 3 view .LVU299
 292:Core/Src/adc.c ****   hadc4.Init.Overrun = ADC_OVR_DATA_OVERWRITTEN;
 746              	 .loc 1 292 36 is_stmt 0 view .LVU300
 747 003c 80F83820 	 strb r2,[r0,#56]
 748              	 .loc 1 293 3 is_stmt 1 view .LVU301
 749              	 .loc 1 293 22 is_stmt 0 view .LVU302
 750 0040 C163     	 str r1,[r0,#60]
 294:Core/Src/adc.c ****   hadc4.Init.OversamplingMode = DISABLE;
 751              	 .loc 1 294 3 is_stmt 1 view .LVU303
 752              	 .loc 1 294 31 is_stmt 0 view .LVU304
 753 0042 80F84030 	 strb r3,[r0,#64]
 295:Core/Src/adc.c ****   if (HAL_ADC_Init(&hadc4) != HAL_OK)
 754              	 .loc 1 295 3 is_stmt 1 view .LVU305
 755              	 .loc 1 295 7 is_stmt 0 view .LVU306
 756 0046 FFF7FEFF 	 bl HAL_ADC_Init
 757              	.LVL35:
 758              	 .loc 1 295 6 discriminator 1 view .LVU307
 759 004a E0B9     	 cbnz r0,.L104
 760              	.L91:
 296:Core/Src/adc.c ****   {
 297:Core/Src/adc.c ****     Error_Handler();
 298:Core/Src/adc.c ****   }
 299:Core/Src/adc.c **** 
 300:Core/Src/adc.c ****   /** Configure Regular Channel
 301:Core/Src/adc.c ****   */
 302:Core/Src/adc.c ****   sConfig.Channel = ADC_CHANNEL_5;
ARM GAS   			page 22


 761              	 .loc 1 302 3 is_stmt 1 view .LVU308
 762              	 .loc 1 302 19 is_stmt 0 view .LVU309
 763 004c 1549     	 ldr r1,.L107+8
 303:Core/Src/adc.c ****   sConfig.Rank = ADC_REGULAR_RANK_1;
 304:Core/Src/adc.c ****   sConfig.SamplingTime = ADC_SAMPLETIME_247CYCLES_5;
 305:Core/Src/adc.c ****   sConfig.SingleDiff = ADC_SINGLE_ENDED;
 306:Core/Src/adc.c ****   sConfig.OffsetNumber = ADC_OFFSET_NONE;
 307:Core/Src/adc.c ****   sConfig.Offset = 0;
 308:Core/Src/adc.c ****   if (HAL_ADC_ConfigChannel(&hadc4, &sConfig) != HAL_OK)
 764              	 .loc 1 308 7 view .LVU310
 765 004e 1348     	 ldr r0,.L107
 303:Core/Src/adc.c ****   sConfig.Rank = ADC_REGULAR_RANK_1;
 766              	 .loc 1 303 16 view .LVU311
 767 0050 0623     	 movs r3,#6
 768 0052 CDE90013 	 strd r1,r3,[sp]
 304:Core/Src/adc.c ****   sConfig.SingleDiff = ADC_SINGLE_ENDED;
 769              	 .loc 1 304 3 is_stmt 1 view .LVU312
 305:Core/Src/adc.c ****   sConfig.OffsetNumber = ADC_OFFSET_NONE;
 770              	 .loc 1 305 22 is_stmt 0 view .LVU313
 771 0056 7F24     	 movs r4,#127
 306:Core/Src/adc.c ****   sConfig.Offset = 0;
 772              	 .loc 1 306 24 view .LVU314
 773 0058 0422     	 movs r2,#4
 304:Core/Src/adc.c ****   sConfig.SingleDiff = ADC_SINGLE_ENDED;
 774              	 .loc 1 304 24 view .LVU315
 775 005a 0293     	 str r3,[sp,#8]
 305:Core/Src/adc.c ****   sConfig.OffsetNumber = ADC_OFFSET_NONE;
 776              	 .loc 1 305 3 is_stmt 1 view .LVU316
 777              	 .loc 1 308 7 is_stmt 0 view .LVU317
 778 005c 6946     	 mov r1,sp
 307:Core/Src/adc.c ****   if (HAL_ADC_ConfigChannel(&hadc4, &sConfig) != HAL_OK)
 779              	 .loc 1 307 18 view .LVU318
 780 005e 0023     	 movs r3,#0
 306:Core/Src/adc.c ****   sConfig.Offset = 0;
 781              	 .loc 1 306 24 view .LVU319
 782 0060 CDE90342 	 strd r4,r2,[sp,#12]
 307:Core/Src/adc.c ****   if (HAL_ADC_ConfigChannel(&hadc4, &sConfig) != HAL_OK)
 783              	 .loc 1 307 3 is_stmt 1 view .LVU320
 307:Core/Src/adc.c ****   if (HAL_ADC_ConfigChannel(&hadc4, &sConfig) != HAL_OK)
 784              	 .loc 1 307 18 is_stmt 0 view .LVU321
 785 0064 0593     	 str r3,[sp,#20]
 786              	 .loc 1 308 3 is_stmt 1 view .LVU322
 787              	 .loc 1 308 7 is_stmt 0 view .LVU323
 788 0066 FFF7FEFF 	 bl HAL_ADC_ConfigChannel
 789              	.LVL36:
 790              	 .loc 1 308 6 discriminator 1 view .LVU324
 791 006a 98B9     	 cbnz r0,.L105
 792              	.L92:
 309:Core/Src/adc.c ****   {
 310:Core/Src/adc.c ****     Error_Handler();
 311:Core/Src/adc.c ****   }
 312:Core/Src/adc.c **** 
 313:Core/Src/adc.c ****   /** Configure Regular Channel
 314:Core/Src/adc.c ****   */
 315:Core/Src/adc.c ****   sConfig.Channel = ADC_CHANNEL_4;
 793              	 .loc 1 315 3 is_stmt 1 view .LVU325
 794              	 .loc 1 315 19 is_stmt 0 view .LVU326
ARM GAS   			page 23


 795 006c 0E4C     	 ldr r4,.L107+12
 316:Core/Src/adc.c ****   sConfig.Rank = ADC_REGULAR_RANK_2;
 317:Core/Src/adc.c ****   sConfig.SamplingTime = ADC_SAMPLETIME_92CYCLES_5;
 318:Core/Src/adc.c ****   if (HAL_ADC_ConfigChannel(&hadc4, &sConfig) != HAL_OK)
 796              	 .loc 1 318 7 view .LVU327
 797 006e 0B48     	 ldr r0,.L107
 316:Core/Src/adc.c ****   sConfig.Rank = ADC_REGULAR_RANK_2;
 798              	 .loc 1 316 16 view .LVU328
 799 0070 0C22     	 movs r2,#12
 317:Core/Src/adc.c ****   if (HAL_ADC_ConfigChannel(&hadc4, &sConfig) != HAL_OK)
 800              	 .loc 1 317 24 view .LVU329
 801 0072 0523     	 movs r3,#5
 802              	 .loc 1 318 7 view .LVU330
 803 0074 6946     	 mov r1,sp
 316:Core/Src/adc.c ****   sConfig.Rank = ADC_REGULAR_RANK_2;
 804              	 .loc 1 316 16 view .LVU331
 805 0076 CDE90042 	 strd r4,r2,[sp]
 317:Core/Src/adc.c ****   if (HAL_ADC_ConfigChannel(&hadc4, &sConfig) != HAL_OK)
 806              	 .loc 1 317 3 is_stmt 1 view .LVU332
 317:Core/Src/adc.c ****   if (HAL_ADC_ConfigChannel(&hadc4, &sConfig) != HAL_OK)
 807              	 .loc 1 317 24 is_stmt 0 view .LVU333
 808 007a 0293     	 str r3,[sp,#8]
 809              	 .loc 1 318 3 is_stmt 1 view .LVU334
 810              	 .loc 1 318 7 is_stmt 0 view .LVU335
 811 007c FFF7FEFF 	 bl HAL_ADC_ConfigChannel
 812              	.LVL37:
 813              	 .loc 1 318 6 discriminator 1 view .LVU336
 814 0080 20B9     	 cbnz r0,.L106
 319:Core/Src/adc.c ****   {
 320:Core/Src/adc.c ****     Error_Handler();
 321:Core/Src/adc.c ****   }
 322:Core/Src/adc.c ****   /* USER CODE BEGIN ADC4_Init 2 */
 323:Core/Src/adc.c **** 
 324:Core/Src/adc.c ****   /* USER CODE END ADC4_Init 2 */
 325:Core/Src/adc.c **** 
 326:Core/Src/adc.c **** }
 815              	 .loc 1 326 1 view .LVU337
 816 0082 08B0     	 add sp,sp,#32
 817              	 .cfi_remember_state
 818              	 .cfi_def_cfa_offset 8
 819              	 
 820 0084 10BD     	 pop {r4,pc}
 821              	.L104:
 822              	 .cfi_restore_state
 297:Core/Src/adc.c ****   }
 823              	 .loc 1 297 5 is_stmt 1 view .LVU338
 824 0086 FFF7FEFF 	 bl Error_Handler
 825              	.LVL38:
 826 008a DFE7     	 b .L91
 827              	.L106:
 320:Core/Src/adc.c ****   }
 828              	 .loc 1 320 5 view .LVU339
 829 008c FFF7FEFF 	 bl Error_Handler
 830              	.LVL39:
 831              	 .loc 1 326 1 is_stmt 0 view .LVU340
 832 0090 08B0     	 add sp,sp,#32
 833              	 .cfi_remember_state
ARM GAS   			page 24


 834              	 .cfi_def_cfa_offset 8
 835              	 
 836 0092 10BD     	 pop {r4,pc}
 837              	.L105:
 838              	 .cfi_restore_state
 310:Core/Src/adc.c ****   }
 839              	 .loc 1 310 5 is_stmt 1 view .LVU341
 840 0094 FFF7FEFF 	 bl Error_Handler
 841              	.LVL40:
 842 0098 E8E7     	 b .L92
 843              	.L108:
 844 009a 00BF     	 .align 2
 845              	.L107:
 846 009c 00000000 	 .word hadc4
 847 00a0 00050050 	 .word 1342178560
 848 00a4 2000F014 	 .word 351272992
 849 00a8 1000C010 	 .word 281018384
 850              	 .cfi_endproc
 851              	.LFE363:
 853              	 .section .text.HAL_ADC_MspInit,"ax",%progbits
 854              	 .align 1
 855              	 .p2align 2,,3
 856              	 .global HAL_ADC_MspInit
 857              	 .syntax unified
 858              	 .thumb
 859              	 .thumb_func
 861              	HAL_ADC_MspInit:
 862              	.LVL41:
 863              	.LFB364:
 327:Core/Src/adc.c **** 
 328:Core/Src/adc.c **** static uint32_t HAL_RCC_ADC12_CLK_ENABLED=0;
 329:Core/Src/adc.c **** 
 330:Core/Src/adc.c **** void HAL_ADC_MspInit(ADC_HandleTypeDef* adcHandle)
 331:Core/Src/adc.c **** {
 864              	 .loc 1 331 1 view-0
 865              	 .cfi_startproc
 866              	 
 867              	 
 332:Core/Src/adc.c **** 
 333:Core/Src/adc.c ****   GPIO_InitTypeDef GPIO_InitStruct = {0};
 868              	 .loc 1 333 3 view .LVU343
 331:Core/Src/adc.c **** 
 869              	 .loc 1 331 1 is_stmt 0 view .LVU344
 870 0000 70B5     	 push {r4,r5,r6,lr}
 871              	 .cfi_def_cfa_offset 16
 872              	 .cfi_offset 4,-16
 873              	 .cfi_offset 5,-12
 874              	 .cfi_offset 6,-8
 875              	 .cfi_offset 14,-4
 876 0002 0446     	 mov r4,r0
 877 0004 A4B0     	 sub sp,sp,#144
 878              	 .cfi_def_cfa_offset 160
 879              	 .loc 1 333 20 view .LVU345
 880 0006 0021     	 movs r1,#0
 334:Core/Src/adc.c ****   RCC_PeriphCLKInitTypeDef PeriphClkInit = {0};
 881              	 .loc 1 334 28 view .LVU346
 882 0008 5422     	 movs r2,#84
ARM GAS   			page 25


 883 000a 0FA8     	 add r0,sp,#60
 884              	.LVL42:
 333:Core/Src/adc.c ****   RCC_PeriphCLKInitTypeDef PeriphClkInit = {0};
 885              	 .loc 1 333 20 view .LVU347
 886 000c CDE90A11 	 strd r1,r1,[sp,#40]
 887 0010 CDE90C11 	 strd r1,r1,[sp,#48]
 888 0014 0E91     	 str r1,[sp,#56]
 889              	 .loc 1 334 3 is_stmt 1 view .LVU348
 890              	 .loc 1 334 28 is_stmt 0 view .LVU349
 891 0016 FFF7FEFF 	 bl memset
 892              	.LVL43:
 335:Core/Src/adc.c ****   if(adcHandle->Instance==ADC1)
 893              	 .loc 1 335 3 is_stmt 1 view .LVU350
 894              	 .loc 1 335 15 is_stmt 0 view .LVU351
 895 001a 2368     	 ldr r3,[r4]
 896              	 .loc 1 335 5 view .LVU352
 897 001c B3F1A04F 	 cmp r3,#1342177280
 898 0020 08D0     	 beq .L139
 336:Core/Src/adc.c ****   {
 337:Core/Src/adc.c ****   /* USER CODE BEGIN ADC1_MspInit 0 */
 338:Core/Src/adc.c **** 
 339:Core/Src/adc.c ****   /* USER CODE END ADC1_MspInit 0 */
 340:Core/Src/adc.c **** 
 341:Core/Src/adc.c ****   /** Initializes the peripherals clocks
 342:Core/Src/adc.c ****   */
 343:Core/Src/adc.c ****     PeriphClkInit.PeriphClockSelection = RCC_PERIPHCLK_ADC12;
 344:Core/Src/adc.c ****     PeriphClkInit.Adc12ClockSelection = RCC_ADC12CLKSOURCE_SYSCLK;
 345:Core/Src/adc.c ****     if (HAL_RCCEx_PeriphCLKConfig(&PeriphClkInit) != HAL_OK)
 346:Core/Src/adc.c ****     {
 347:Core/Src/adc.c ****       Error_Handler();
 348:Core/Src/adc.c ****     }
 349:Core/Src/adc.c **** 
 350:Core/Src/adc.c ****     /* ADC1 clock enable */
 351:Core/Src/adc.c ****     HAL_RCC_ADC12_CLK_ENABLED++;
 352:Core/Src/adc.c ****     if(HAL_RCC_ADC12_CLK_ENABLED==1){
 353:Core/Src/adc.c ****       __HAL_RCC_ADC12_CLK_ENABLE();
 354:Core/Src/adc.c ****     }
 355:Core/Src/adc.c **** 
 356:Core/Src/adc.c ****     __HAL_RCC_GPIOC_CLK_ENABLE();
 357:Core/Src/adc.c ****     __HAL_RCC_GPIOA_CLK_ENABLE();
 358:Core/Src/adc.c ****     __HAL_RCC_GPIOB_CLK_ENABLE();
 359:Core/Src/adc.c ****     /**ADC1 GPIO Configuration
 360:Core/Src/adc.c ****     PC2     ------> ADC1_IN8
 361:Core/Src/adc.c ****     PC3     ------> ADC1_IN9
 362:Core/Src/adc.c ****     PA2     ------> ADC1_IN3
 363:Core/Src/adc.c ****     PB1     ------> ADC1_IN12
 364:Core/Src/adc.c ****     */
 365:Core/Src/adc.c ****     GPIO_InitStruct.Pin = GPIO_PIN_2|GPIO_PIN_3;
 366:Core/Src/adc.c ****     GPIO_InitStruct.Mode = GPIO_MODE_ANALOG;
 367:Core/Src/adc.c ****     GPIO_InitStruct.Pull = GPIO_NOPULL;
 368:Core/Src/adc.c ****     HAL_GPIO_Init(GPIOC, &GPIO_InitStruct);
 369:Core/Src/adc.c **** 
 370:Core/Src/adc.c ****     GPIO_InitStruct.Pin = GPIO_PIN_2;
 371:Core/Src/adc.c ****     GPIO_InitStruct.Mode = GPIO_MODE_ANALOG;
 372:Core/Src/adc.c ****     GPIO_InitStruct.Pull = GPIO_NOPULL;
 373:Core/Src/adc.c ****     HAL_GPIO_Init(GPIOA, &GPIO_InitStruct);
 374:Core/Src/adc.c **** 
ARM GAS   			page 26


 375:Core/Src/adc.c ****     GPIO_InitStruct.Pin = GPIO_PIN_1;
 376:Core/Src/adc.c ****     GPIO_InitStruct.Mode = GPIO_MODE_ANALOG;
 377:Core/Src/adc.c ****     GPIO_InitStruct.Pull = GPIO_NOPULL;
 378:Core/Src/adc.c ****     HAL_GPIO_Init(GPIOB, &GPIO_InitStruct);
 379:Core/Src/adc.c **** 
 380:Core/Src/adc.c ****     /* ADC1 DMA Init */
 381:Core/Src/adc.c ****     /* ADC1 Init */
 382:Core/Src/adc.c ****     hdma_adc1.Instance = DMA1_Channel1;
 383:Core/Src/adc.c ****     hdma_adc1.Init.Request = DMA_REQUEST_ADC1;
 384:Core/Src/adc.c ****     hdma_adc1.Init.Direction = DMA_PERIPH_TO_MEMORY;
 385:Core/Src/adc.c ****     hdma_adc1.Init.PeriphInc = DMA_PINC_DISABLE;
 386:Core/Src/adc.c ****     hdma_adc1.Init.MemInc = DMA_MINC_ENABLE;
 387:Core/Src/adc.c ****     hdma_adc1.Init.PeriphDataAlignment = DMA_PDATAALIGN_WORD;
 388:Core/Src/adc.c ****     hdma_adc1.Init.MemDataAlignment = DMA_MDATAALIGN_WORD;
 389:Core/Src/adc.c ****     hdma_adc1.Init.Mode = DMA_CIRCULAR;
 390:Core/Src/adc.c ****     hdma_adc1.Init.Priority = DMA_PRIORITY_VERY_HIGH;
 391:Core/Src/adc.c ****     if (HAL_DMA_Init(&hdma_adc1) != HAL_OK)
 392:Core/Src/adc.c ****     {
 393:Core/Src/adc.c ****       Error_Handler();
 394:Core/Src/adc.c ****     }
 395:Core/Src/adc.c **** 
 396:Core/Src/adc.c ****     __HAL_LINKDMA(adcHandle,DMA_Handle,hdma_adc1);
 397:Core/Src/adc.c **** 
 398:Core/Src/adc.c ****   /* USER CODE BEGIN ADC1_MspInit 1 */
 399:Core/Src/adc.c **** 
 400:Core/Src/adc.c ****   /* USER CODE END ADC1_MspInit 1 */
 401:Core/Src/adc.c ****   }
 402:Core/Src/adc.c ****   else if(adcHandle->Instance==ADC2)
 899              	 .loc 1 402 8 is_stmt 1 view .LVU353
 900              	 .loc 1 402 10 is_stmt 0 view .LVU354
 901 0022 844A     	 ldr r2,.L146
 902 0024 9342     	 cmp r3,r2
 903 0026 78D0     	 beq .L140
 403:Core/Src/adc.c ****   {
 404:Core/Src/adc.c ****   /* USER CODE BEGIN ADC2_MspInit 0 */
 405:Core/Src/adc.c **** 
 406:Core/Src/adc.c ****   /* USER CODE END ADC2_MspInit 0 */
 407:Core/Src/adc.c **** 
 408:Core/Src/adc.c ****   /** Initializes the peripherals clocks
 409:Core/Src/adc.c ****   */
 410:Core/Src/adc.c ****     PeriphClkInit.PeriphClockSelection = RCC_PERIPHCLK_ADC12;
 411:Core/Src/adc.c ****     PeriphClkInit.Adc12ClockSelection = RCC_ADC12CLKSOURCE_SYSCLK;
 412:Core/Src/adc.c ****     if (HAL_RCCEx_PeriphCLKConfig(&PeriphClkInit) != HAL_OK)
 413:Core/Src/adc.c ****     {
 414:Core/Src/adc.c ****       Error_Handler();
 415:Core/Src/adc.c ****     }
 416:Core/Src/adc.c **** 
 417:Core/Src/adc.c ****     /* ADC2 clock enable */
 418:Core/Src/adc.c ****     HAL_RCC_ADC12_CLK_ENABLED++;
 419:Core/Src/adc.c ****     if(HAL_RCC_ADC12_CLK_ENABLED==1){
 420:Core/Src/adc.c ****       __HAL_RCC_ADC12_CLK_ENABLE();
 421:Core/Src/adc.c ****     }
 422:Core/Src/adc.c **** 
 423:Core/Src/adc.c ****     __HAL_RCC_GPIOC_CLK_ENABLE();
 424:Core/Src/adc.c ****     __HAL_RCC_GPIOA_CLK_ENABLE();
 425:Core/Src/adc.c ****     /**ADC2 GPIO Configuration
 426:Core/Src/adc.c ****     PC1     ------> ADC2_IN7
ARM GAS   			page 27


 427:Core/Src/adc.c ****     PA6     ------> ADC2_IN3
 428:Core/Src/adc.c ****     PC4     ------> ADC2_IN5
 429:Core/Src/adc.c ****     */
 430:Core/Src/adc.c ****     GPIO_InitStruct.Pin = GPIO_PIN_1|GPIO_PIN_4;
 431:Core/Src/adc.c ****     GPIO_InitStruct.Mode = GPIO_MODE_ANALOG;
 432:Core/Src/adc.c ****     GPIO_InitStruct.Pull = GPIO_NOPULL;
 433:Core/Src/adc.c ****     HAL_GPIO_Init(GPIOC, &GPIO_InitStruct);
 434:Core/Src/adc.c **** 
 435:Core/Src/adc.c ****     GPIO_InitStruct.Pin = GPIO_PIN_6;
 436:Core/Src/adc.c ****     GPIO_InitStruct.Mode = GPIO_MODE_ANALOG;
 437:Core/Src/adc.c ****     GPIO_InitStruct.Pull = GPIO_NOPULL;
 438:Core/Src/adc.c ****     HAL_GPIO_Init(GPIOA, &GPIO_InitStruct);
 439:Core/Src/adc.c **** 
 440:Core/Src/adc.c ****   /* USER CODE BEGIN ADC2_MspInit 1 */
 441:Core/Src/adc.c **** 
 442:Core/Src/adc.c ****   /* USER CODE END ADC2_MspInit 1 */
 443:Core/Src/adc.c ****   }
 444:Core/Src/adc.c ****   else if(adcHandle->Instance==ADC4)
 904              	 .loc 1 444 8 is_stmt 1 view .LVU355
 905              	 .loc 1 444 10 is_stmt 0 view .LVU356
 906 0028 834A     	 ldr r2,.L146+4
 907 002a 9342     	 cmp r3,r2
 908 002c 00F0B980 	 beq .L141
 445:Core/Src/adc.c ****   {
 446:Core/Src/adc.c ****   /* USER CODE BEGIN ADC4_MspInit 0 */
 447:Core/Src/adc.c **** 
 448:Core/Src/adc.c ****   /* USER CODE END ADC4_MspInit 0 */
 449:Core/Src/adc.c **** 
 450:Core/Src/adc.c ****   /** Initializes the peripherals clocks
 451:Core/Src/adc.c ****   */
 452:Core/Src/adc.c ****     PeriphClkInit.PeriphClockSelection = RCC_PERIPHCLK_ADC345;
 453:Core/Src/adc.c ****     PeriphClkInit.Adc345ClockSelection = RCC_ADC345CLKSOURCE_SYSCLK;
 454:Core/Src/adc.c ****     if (HAL_RCCEx_PeriphCLKConfig(&PeriphClkInit) != HAL_OK)
 455:Core/Src/adc.c ****     {
 456:Core/Src/adc.c ****       Error_Handler();
 457:Core/Src/adc.c ****     }
 458:Core/Src/adc.c **** 
 459:Core/Src/adc.c ****     /* ADC4 clock enable */
 460:Core/Src/adc.c ****     __HAL_RCC_ADC345_CLK_ENABLE();
 461:Core/Src/adc.c **** 
 462:Core/Src/adc.c ****     __HAL_RCC_GPIOB_CLK_ENABLE();
 463:Core/Src/adc.c ****     /**ADC4 GPIO Configuration
 464:Core/Src/adc.c ****     PB14     ------> ADC4_IN4
 465:Core/Src/adc.c ****     PB15     ------> ADC4_IN5
 466:Core/Src/adc.c ****     */
 467:Core/Src/adc.c ****     GPIO_InitStruct.Pin = GPIO_PIN_14|GPIO_PIN_15;
 468:Core/Src/adc.c ****     GPIO_InitStruct.Mode = GPIO_MODE_ANALOG;
 469:Core/Src/adc.c ****     GPIO_InitStruct.Pull = GPIO_NOPULL;
 470:Core/Src/adc.c ****     HAL_GPIO_Init(GPIOB, &GPIO_InitStruct);
 471:Core/Src/adc.c **** 
 472:Core/Src/adc.c ****     /* ADC4 DMA Init */
 473:Core/Src/adc.c ****     /* ADC4 Init */
 474:Core/Src/adc.c ****     hdma_adc4.Instance = DMA2_Channel2;
 475:Core/Src/adc.c ****     hdma_adc4.Init.Request = DMA_REQUEST_ADC4;
 476:Core/Src/adc.c ****     hdma_adc4.Init.Direction = DMA_PERIPH_TO_MEMORY;
 477:Core/Src/adc.c ****     hdma_adc4.Init.PeriphInc = DMA_PINC_DISABLE;
 478:Core/Src/adc.c ****     hdma_adc4.Init.MemInc = DMA_MINC_ENABLE;
ARM GAS   			page 28


 479:Core/Src/adc.c ****     hdma_adc4.Init.PeriphDataAlignment = DMA_PDATAALIGN_WORD;
 480:Core/Src/adc.c ****     hdma_adc4.Init.MemDataAlignment = DMA_MDATAALIGN_WORD;
 481:Core/Src/adc.c ****     hdma_adc4.Init.Mode = DMA_CIRCULAR;
 482:Core/Src/adc.c ****     hdma_adc4.Init.Priority = DMA_PRIORITY_HIGH;
 483:Core/Src/adc.c ****     if (HAL_DMA_Init(&hdma_adc4) != HAL_OK)
 484:Core/Src/adc.c ****     {
 485:Core/Src/adc.c ****       Error_Handler();
 486:Core/Src/adc.c ****     }
 487:Core/Src/adc.c **** 
 488:Core/Src/adc.c ****     __HAL_LINKDMA(adcHandle,DMA_Handle,hdma_adc4);
 489:Core/Src/adc.c **** 
 490:Core/Src/adc.c ****   /* USER CODE BEGIN ADC4_MspInit 1 */
 491:Core/Src/adc.c **** 
 492:Core/Src/adc.c ****   /* USER CODE END ADC4_MspInit 1 */
 493:Core/Src/adc.c ****   }
 494:Core/Src/adc.c **** }
 909              	 .loc 1 494 1 view .LVU357
 910 0030 24B0     	 add sp,sp,#144
 911              	 .cfi_remember_state
 912              	 .cfi_def_cfa_offset 16
 913              	 
 914 0032 70BD     	 pop {r4,r5,r6,pc}
 915              	.LVL44:
 916              	.L139:
 917              	 .cfi_restore_state
 343:Core/Src/adc.c ****     PeriphClkInit.Adc12ClockSelection = RCC_ADC12CLKSOURCE_SYSCLK;
 918              	 .loc 1 343 5 is_stmt 1 view .LVU358
 343:Core/Src/adc.c ****     PeriphClkInit.Adc12ClockSelection = RCC_ADC12CLKSOURCE_SYSCLK;
 919              	 .loc 1 343 40 is_stmt 0 view .LVU359
 920 0034 4FF40042 	 mov r2,#32768
 344:Core/Src/adc.c ****     if (HAL_RCCEx_PeriphCLKConfig(&PeriphClkInit) != HAL_OK)
 921              	 .loc 1 344 39 view .LVU360
 922 0038 4FF00053 	 mov r3,#536870912
 345:Core/Src/adc.c ****     {
 923              	 .loc 1 345 9 view .LVU361
 924 003c 0FA8     	 add r0,sp,#60
 343:Core/Src/adc.c ****     PeriphClkInit.Adc12ClockSelection = RCC_ADC12CLKSOURCE_SYSCLK;
 925              	 .loc 1 343 40 view .LVU362
 926 003e 0F92     	 str r2,[sp,#60]
 344:Core/Src/adc.c ****     if (HAL_RCCEx_PeriphCLKConfig(&PeriphClkInit) != HAL_OK)
 927              	 .loc 1 344 5 is_stmt 1 view .LVU363
 344:Core/Src/adc.c ****     if (HAL_RCCEx_PeriphCLKConfig(&PeriphClkInit) != HAL_OK)
 928              	 .loc 1 344 39 is_stmt 0 view .LVU364
 929 0040 2093     	 str r3,[sp,#128]
 345:Core/Src/adc.c ****     {
 930              	 .loc 1 345 5 is_stmt 1 view .LVU365
 345:Core/Src/adc.c ****     {
 931              	 .loc 1 345 9 is_stmt 0 view .LVU366
 932 0042 FFF7FEFF 	 bl HAL_RCCEx_PeriphCLKConfig
 933              	.LVL45:
 345:Core/Src/adc.c ****     {
 934              	 .loc 1 345 8 discriminator 1 view .LVU367
 935 0046 0028     	 cmp r0,#0
 936 0048 40F0EA80 	 bne .L142
 937              	.L111:
 351:Core/Src/adc.c ****     if(HAL_RCC_ADC12_CLK_ENABLED==1){
 938              	 .loc 1 351 5 is_stmt 1 view .LVU368
ARM GAS   			page 29


 351:Core/Src/adc.c ****     if(HAL_RCC_ADC12_CLK_ENABLED==1){
 939              	 .loc 1 351 30 is_stmt 0 view .LVU369
 940 004c 7B4A     	 ldr r2,.L146+8
 941 004e 1368     	 ldr r3,[r2]
 942 0050 0133     	 adds r3,r3,#1
 352:Core/Src/adc.c ****       __HAL_RCC_ADC12_CLK_ENABLE();
 943              	 .loc 1 352 7 view .LVU370
 944 0052 012B     	 cmp r3,#1
 351:Core/Src/adc.c ****     if(HAL_RCC_ADC12_CLK_ENABLED==1){
 945              	 .loc 1 351 30 view .LVU371
 946 0054 1360     	 str r3,[r2]
 352:Core/Src/adc.c ****       __HAL_RCC_ADC12_CLK_ENABLE();
 947              	 .loc 1 352 5 is_stmt 1 view .LVU372
 352:Core/Src/adc.c ****       __HAL_RCC_ADC12_CLK_ENABLE();
 948              	 .loc 1 352 7 is_stmt 0 view .LVU373
 949 0056 09D1     	 bne .L112
 353:Core/Src/adc.c ****     }
 950              	 .loc 1 353 7 is_stmt 1 view .LVU374
 951              	.LBB2:
 353:Core/Src/adc.c ****     }
 952              	 .loc 1 353 7 view .LVU375
 353:Core/Src/adc.c ****     }
 953              	 .loc 1 353 7 view .LVU376
 954 0058 794B     	 ldr r3,.L146+12
 955 005a DA6C     	 ldr r2,[r3,#76]
 956 005c 42F40052 	 orr r2,r2,#8192
 957 0060 DA64     	 str r2,[r3,#76]
 353:Core/Src/adc.c ****     }
 958              	 .loc 1 353 7 view .LVU377
 959 0062 DB6C     	 ldr r3,[r3,#76]
 960 0064 03F40053 	 and r3,r3,#8192
 961 0068 0193     	 str r3,[sp,#4]
 353:Core/Src/adc.c ****     }
 962              	 .loc 1 353 7 view .LVU378
 963 006a 019B     	 ldr r3,[sp,#4]
 964              	.L112:
 965              	.LBE2:
 353:Core/Src/adc.c ****     }
 966              	 .loc 1 353 7 discriminator 1 view .LVU379
 356:Core/Src/adc.c ****     __HAL_RCC_GPIOA_CLK_ENABLE();
 967              	 .loc 1 356 5 view .LVU380
 968              	.LBB3:
 356:Core/Src/adc.c ****     __HAL_RCC_GPIOA_CLK_ENABLE();
 969              	 .loc 1 356 5 view .LVU381
 356:Core/Src/adc.c ****     __HAL_RCC_GPIOA_CLK_ENABLE();
 970              	 .loc 1 356 5 view .LVU382
 971 006c 744B     	 ldr r3,.L146+12
 972              	.LBE3:
 368:Core/Src/adc.c **** 
 973              	 .loc 1 368 5 is_stmt 0 view .LVU383
 974 006e 7548     	 ldr r0,.L146+16
 975              	.LBB4:
 356:Core/Src/adc.c ****     __HAL_RCC_GPIOA_CLK_ENABLE();
 976              	 .loc 1 356 5 view .LVU384
 977 0070 DA6C     	 ldr r2,[r3,#76]
 978              	.LBE4:
 382:Core/Src/adc.c ****     hdma_adc1.Init.Request = DMA_REQUEST_ADC1;
ARM GAS   			page 30


 979              	 .loc 1 382 24 view .LVU385
 980 0072 754D     	 ldr r5,.L146+20
 981              	.LBB5:
 356:Core/Src/adc.c ****     __HAL_RCC_GPIOA_CLK_ENABLE();
 982              	 .loc 1 356 5 view .LVU386
 983 0074 42F00402 	 orr r2,r2,#4
 984 0078 DA64     	 str r2,[r3,#76]
 356:Core/Src/adc.c ****     __HAL_RCC_GPIOA_CLK_ENABLE();
 985              	 .loc 1 356 5 is_stmt 1 view .LVU387
 986 007a DA6C     	 ldr r2,[r3,#76]
 987 007c 02F00402 	 and r2,r2,#4
 988 0080 0292     	 str r2,[sp,#8]
 356:Core/Src/adc.c ****     __HAL_RCC_GPIOA_CLK_ENABLE();
 989              	 .loc 1 356 5 view .LVU388
 990 0082 029A     	 ldr r2,[sp,#8]
 991              	.LBE5:
 356:Core/Src/adc.c ****     __HAL_RCC_GPIOA_CLK_ENABLE();
 992              	 .loc 1 356 5 view .LVU389
 357:Core/Src/adc.c ****     __HAL_RCC_GPIOB_CLK_ENABLE();
 993              	 .loc 1 357 5 view .LVU390
 994              	.LBB6:
 357:Core/Src/adc.c ****     __HAL_RCC_GPIOB_CLK_ENABLE();
 995              	 .loc 1 357 5 view .LVU391
 357:Core/Src/adc.c ****     __HAL_RCC_GPIOB_CLK_ENABLE();
 996              	 .loc 1 357 5 view .LVU392
 997 0084 DA6C     	 ldr r2,[r3,#76]
 998 0086 42F00102 	 orr r2,r2,#1
 999 008a DA64     	 str r2,[r3,#76]
 357:Core/Src/adc.c ****     __HAL_RCC_GPIOB_CLK_ENABLE();
 1000              	 .loc 1 357 5 view .LVU393
 1001 008c DA6C     	 ldr r2,[r3,#76]
 1002 008e 02F00102 	 and r2,r2,#1
 1003 0092 0392     	 str r2,[sp,#12]
 357:Core/Src/adc.c ****     __HAL_RCC_GPIOB_CLK_ENABLE();
 1004              	 .loc 1 357 5 view .LVU394
 1005 0094 039A     	 ldr r2,[sp,#12]
 1006              	.LBE6:
 357:Core/Src/adc.c ****     __HAL_RCC_GPIOB_CLK_ENABLE();
 1007              	 .loc 1 357 5 view .LVU395
 358:Core/Src/adc.c ****     /**ADC1 GPIO Configuration
 1008              	 .loc 1 358 5 view .LVU396
 1009              	.LBB7:
 358:Core/Src/adc.c ****     /**ADC1 GPIO Configuration
 1010              	 .loc 1 358 5 view .LVU397
 358:Core/Src/adc.c ****     /**ADC1 GPIO Configuration
 1011              	 .loc 1 358 5 view .LVU398
 1012 0096 DA6C     	 ldr r2,[r3,#76]
 1013 0098 42F00202 	 orr r2,r2,#2
 1014 009c DA64     	 str r2,[r3,#76]
 358:Core/Src/adc.c ****     /**ADC1 GPIO Configuration
 1015              	 .loc 1 358 5 view .LVU399
 1016 009e DB6C     	 ldr r3,[r3,#76]
 1017 00a0 03F00203 	 and r3,r3,#2
 1018              	.LBE7:
 367:Core/Src/adc.c ****     HAL_GPIO_Init(GPIOC, &GPIO_InitStruct);
 1019              	 .loc 1 367 26 is_stmt 0 view .LVU400
 1020 00a4 0026     	 movs r6,#0
ARM GAS   			page 31


 1021              	.LBB8:
 358:Core/Src/adc.c ****     /**ADC1 GPIO Configuration
 1022              	 .loc 1 358 5 view .LVU401
 1023 00a6 0493     	 str r3,[sp,#16]
 358:Core/Src/adc.c ****     /**ADC1 GPIO Configuration
 1024              	 .loc 1 358 5 is_stmt 1 view .LVU402
 1025              	.LBE8:
 365:Core/Src/adc.c ****     GPIO_InitStruct.Mode = GPIO_MODE_ANALOG;
 1026              	 .loc 1 365 25 is_stmt 0 view .LVU403
 1027 00a8 0C22     	 movs r2,#12
 1028 00aa 0323     	 movs r3,#3
 368:Core/Src/adc.c **** 
 1029              	 .loc 1 368 5 view .LVU404
 1030 00ac 0AA9     	 add r1,sp,#40
 365:Core/Src/adc.c ****     GPIO_InitStruct.Mode = GPIO_MODE_ANALOG;
 1031              	 .loc 1 365 25 view .LVU405
 1032 00ae CDE90A23 	 strd r2,[sp,#40]
 367:Core/Src/adc.c ****     HAL_GPIO_Init(GPIOC, &GPIO_InitStruct);
 1033              	 .loc 1 367 26 view .LVU406
 1034 00b2 0C96     	 str r6,[sp,#48]
 1035              	.LBB9:
 358:Core/Src/adc.c ****     /**ADC1 GPIO Configuration
 1036              	 .loc 1 358 5 view .LVU407
 1037 00b4 049B     	 ldr r3,[sp,#16]
 1038              	.LBE9:
 358:Core/Src/adc.c ****     /**ADC1 GPIO Configuration
 1039              	 .loc 1 358 5 is_stmt 1 view .LVU408
 365:Core/Src/adc.c ****     GPIO_InitStruct.Mode = GPIO_MODE_ANALOG;
 1040              	 .loc 1 365 5 view .LVU409
 366:Core/Src/adc.c ****     GPIO_InitStruct.Pull = GPIO_NOPULL;
 1041              	 .loc 1 366 5 view .LVU410
 367:Core/Src/adc.c ****     HAL_GPIO_Init(GPIOC, &GPIO_InitStruct);
 1042              	 .loc 1 367 5 view .LVU411
 368:Core/Src/adc.c **** 
 1043              	 .loc 1 368 5 view .LVU412
 1044 00b6 FFF7FEFF 	 bl HAL_GPIO_Init
 1045              	.LVL46:
 370:Core/Src/adc.c ****     GPIO_InitStruct.Mode = GPIO_MODE_ANALOG;
 1046              	 .loc 1 370 5 view .LVU413
 371:Core/Src/adc.c ****     GPIO_InitStruct.Pull = GPIO_NOPULL;
 1047              	 .loc 1 371 5 view .LVU414
 370:Core/Src/adc.c ****     GPIO_InitStruct.Mode = GPIO_MODE_ANALOG;
 1048              	 .loc 1 370 25 is_stmt 0 view .LVU415
 1049 00ba 0422     	 movs r2,#4
 1050 00bc 0323     	 movs r3,#3
 373:Core/Src/adc.c **** 
 1051              	 .loc 1 373 5 view .LVU416
 1052 00be 0AA9     	 add r1,sp,#40
 1053 00c0 4FF09040 	 mov r0,#1207959552
 370:Core/Src/adc.c ****     GPIO_InitStruct.Mode = GPIO_MODE_ANALOG;
 1054              	 .loc 1 370 25 view .LVU417
 1055 00c4 CDE90A23 	 strd r2,[sp,#40]
 372:Core/Src/adc.c ****     HAL_GPIO_Init(GPIOA, &GPIO_InitStruct);
 1056              	 .loc 1 372 5 is_stmt 1 view .LVU418
 372:Core/Src/adc.c ****     HAL_GPIO_Init(GPIOA, &GPIO_InitStruct);
 1057              	 .loc 1 372 26 is_stmt 0 view .LVU419
 1058 00c8 0C96     	 str r6,[sp,#48]
ARM GAS   			page 32


 373:Core/Src/adc.c **** 
 1059              	 .loc 1 373 5 is_stmt 1 view .LVU420
 1060 00ca FFF7FEFF 	 bl HAL_GPIO_Init
 1061              	.LVL47:
 375:Core/Src/adc.c ****     GPIO_InitStruct.Mode = GPIO_MODE_ANALOG;
 1062              	 .loc 1 375 5 view .LVU421
 376:Core/Src/adc.c ****     GPIO_InitStruct.Pull = GPIO_NOPULL;
 1063              	 .loc 1 376 5 view .LVU422
 375:Core/Src/adc.c ****     GPIO_InitStruct.Mode = GPIO_MODE_ANALOG;
 1064              	 .loc 1 375 25 is_stmt 0 view .LVU423
 1065 00ce 0222     	 movs r2,#2
 1066 00d0 0323     	 movs r3,#3
 378:Core/Src/adc.c **** 
 1067              	 .loc 1 378 5 view .LVU424
 1068 00d2 0AA9     	 add r1,sp,#40
 1069 00d4 5D48     	 ldr r0,.L146+24
 377:Core/Src/adc.c ****     HAL_GPIO_Init(GPIOB, &GPIO_InitStruct);
 1070              	 .loc 1 377 26 view .LVU425
 1071 00d6 0C96     	 str r6,[sp,#48]
 375:Core/Src/adc.c ****     GPIO_InitStruct.Mode = GPIO_MODE_ANALOG;
 1072              	 .loc 1 375 25 view .LVU426
 1073 00d8 CDE90A23 	 strd r2,[sp,#40]
 377:Core/Src/adc.c ****     HAL_GPIO_Init(GPIOB, &GPIO_InitStruct);
 1074              	 .loc 1 377 5 is_stmt 1 view .LVU427
 378:Core/Src/adc.c **** 
 1075              	 .loc 1 378 5 view .LVU428
 1076 00dc FFF7FEFF 	 bl HAL_GPIO_Init
 1077              	.LVL48:
 382:Core/Src/adc.c ****     hdma_adc1.Init.Request = DMA_REQUEST_ADC1;
 1078              	 .loc 1 382 5 view .LVU429
 383:Core/Src/adc.c ****     hdma_adc1.Init.Direction = DMA_PERIPH_TO_MEMORY;
 1079              	 .loc 1 383 28 is_stmt 0 view .LVU430
 1080 00e0 5B4A     	 ldr r2,.L146+28
 1081 00e2 0523     	 movs r3,#5
 1082 00e4 C5E90023 	 strd r2,r3,[r5]
 384:Core/Src/adc.c ****     hdma_adc1.Init.PeriphInc = DMA_PINC_DISABLE;
 1083              	 .loc 1 384 5 is_stmt 1 view .LVU431
 385:Core/Src/adc.c ****     hdma_adc1.Init.MemInc = DMA_MINC_ENABLE;
 1084              	 .loc 1 385 30 is_stmt 0 view .LVU432
 1085 00e8 C5E90266 	 strd r6,r6,[r5,#8]
 386:Core/Src/adc.c ****     hdma_adc1.Init.PeriphDataAlignment = DMA_PDATAALIGN_WORD;
 1086              	 .loc 1 386 5 is_stmt 1 view .LVU433
 386:Core/Src/adc.c ****     hdma_adc1.Init.PeriphDataAlignment = DMA_PDATAALIGN_WORD;
 1087              	 .loc 1 386 27 is_stmt 0 view .LVU434
 1088 00ec 8023     	 movs r3,#128
 387:Core/Src/adc.c ****     hdma_adc1.Init.MemDataAlignment = DMA_MDATAALIGN_WORD;
 1089              	 .loc 1 387 40 view .LVU435
 1090 00ee 4FF40071 	 mov r1,#512
 386:Core/Src/adc.c ****     hdma_adc1.Init.PeriphDataAlignment = DMA_PDATAALIGN_WORD;
 1091              	 .loc 1 386 27 view .LVU436
 1092 00f2 2B61     	 str r3,[r5,#16]
 387:Core/Src/adc.c ****     hdma_adc1.Init.MemDataAlignment = DMA_MDATAALIGN_WORD;
 1093              	 .loc 1 387 5 is_stmt 1 view .LVU437
 388:Core/Src/adc.c ****     hdma_adc1.Init.Mode = DMA_CIRCULAR;
 1094              	 .loc 1 388 37 is_stmt 0 view .LVU438
 1095 00f4 4FF40063 	 mov r3,#2048
 1096 00f8 C5E90513 	 strd r1,r3,[r5,#20]
ARM GAS   			page 33


 389:Core/Src/adc.c ****     hdma_adc1.Init.Priority = DMA_PRIORITY_VERY_HIGH;
 1097              	 .loc 1 389 5 is_stmt 1 view .LVU439
 389:Core/Src/adc.c ****     hdma_adc1.Init.Priority = DMA_PRIORITY_VERY_HIGH;
 1098              	 .loc 1 389 25 is_stmt 0 view .LVU440
 1099 00fc 2022     	 movs r2,#32
 390:Core/Src/adc.c ****     if (HAL_DMA_Init(&hdma_adc1) != HAL_OK)
 1100              	 .loc 1 390 29 view .LVU441
 1101 00fe 4FF44053 	 mov r3,#12288
 1102              	.L138:
 482:Core/Src/adc.c ****     if (HAL_DMA_Init(&hdma_adc4) != HAL_OK)
 1103              	 .loc 1 482 29 view .LVU442
 1104 0102 C5E90723 	 strd r2,r3,[r5,#28]
 483:Core/Src/adc.c ****     {
 1105              	 .loc 1 483 5 is_stmt 1 view .LVU443
 483:Core/Src/adc.c ****     {
 1106              	 .loc 1 483 9 is_stmt 0 view .LVU444
 1107 0106 2846     	 mov r0,r5
 1108 0108 FFF7FEFF 	 bl HAL_DMA_Init
 1109              	.LVL49:
 483:Core/Src/adc.c ****     {
 1110              	 .loc 1 483 8 discriminator 1 view .LVU445
 1111 010c 0028     	 cmp r0,#0
 1112 010e 40F08480 	 bne .L143
 1113              	.L119:
 488:Core/Src/adc.c **** 
 1114              	 .loc 1 488 5 is_stmt 1 view .LVU446
 488:Core/Src/adc.c **** 
 1115              	 .loc 1 488 5 view .LVU447
 1116 0112 6565     	 str r5,[r4,#84]
 488:Core/Src/adc.c **** 
 1117              	 .loc 1 488 5 view .LVU448
 1118 0114 AC62     	 str r4,[r5,#40]
 488:Core/Src/adc.c **** 
 1119              	 .loc 1 488 5 discriminator 1 view .LVU449
 1120              	 .loc 1 494 1 is_stmt 0 view .LVU450
 1121 0116 24B0     	 add sp,sp,#144
 1122              	 .cfi_remember_state
 1123              	 .cfi_def_cfa_offset 16
 1124              	 
 1125 0118 70BD     	 pop {r4,r5,r6,pc}
 1126              	.LVL50:
 1127              	.L140:
 1128              	 .cfi_restore_state
 410:Core/Src/adc.c ****     PeriphClkInit.Adc12ClockSelection = RCC_ADC12CLKSOURCE_SYSCLK;
 1129              	 .loc 1 410 5 is_stmt 1 view .LVU451
 410:Core/Src/adc.c ****     PeriphClkInit.Adc12ClockSelection = RCC_ADC12CLKSOURCE_SYSCLK;
 1130              	 .loc 1 410 40 is_stmt 0 view .LVU452
 1131 011a 4FF40042 	 mov r2,#32768
 411:Core/Src/adc.c ****     if (HAL_RCCEx_PeriphCLKConfig(&PeriphClkInit) != HAL_OK)
 1132              	 .loc 1 411 39 view .LVU453
 1133 011e 4FF00053 	 mov r3,#536870912
 412:Core/Src/adc.c ****     {
 1134              	 .loc 1 412 9 view .LVU454
 1135 0122 0FA8     	 add r0,sp,#60
 410:Core/Src/adc.c ****     PeriphClkInit.Adc12ClockSelection = RCC_ADC12CLKSOURCE_SYSCLK;
 1136              	 .loc 1 410 40 view .LVU455
 1137 0124 0F92     	 str r2,[sp,#60]
ARM GAS   			page 34


 411:Core/Src/adc.c ****     if (HAL_RCCEx_PeriphCLKConfig(&PeriphClkInit) != HAL_OK)
 1138              	 .loc 1 411 5 is_stmt 1 view .LVU456
 411:Core/Src/adc.c ****     if (HAL_RCCEx_PeriphCLKConfig(&PeriphClkInit) != HAL_OK)
 1139              	 .loc 1 411 39 is_stmt 0 view .LVU457
 1140 0126 2093     	 str r3,[sp,#128]
 412:Core/Src/adc.c ****     {
 1141              	 .loc 1 412 5 is_stmt 1 view .LVU458
 412:Core/Src/adc.c ****     {
 1142              	 .loc 1 412 9 is_stmt 0 view .LVU459
 1143 0128 FFF7FEFF 	 bl HAL_RCCEx_PeriphCLKConfig
 1144              	.LVL51:
 412:Core/Src/adc.c ****     {
 1145              	 .loc 1 412 8 discriminator 1 view .LVU460
 1146 012c 0028     	 cmp r0,#0
 1147 012e 7AD1     	 bne .L144
 1148              	.L116:
 418:Core/Src/adc.c ****     if(HAL_RCC_ADC12_CLK_ENABLED==1){
 1149              	 .loc 1 418 5 is_stmt 1 view .LVU461
 418:Core/Src/adc.c ****     if(HAL_RCC_ADC12_CLK_ENABLED==1){
 1150              	 .loc 1 418 30 is_stmt 0 view .LVU462
 1151 0130 424A     	 ldr r2,.L146+8
 1152 0132 1368     	 ldr r3,[r2]
 1153 0134 0133     	 adds r3,r3,#1
 419:Core/Src/adc.c ****       __HAL_RCC_ADC12_CLK_ENABLE();
 1154              	 .loc 1 419 7 view .LVU463
 1155 0136 012B     	 cmp r3,#1
 418:Core/Src/adc.c ****     if(HAL_RCC_ADC12_CLK_ENABLED==1){
 1156              	 .loc 1 418 30 view .LVU464
 1157 0138 1360     	 str r3,[r2]
 419:Core/Src/adc.c ****       __HAL_RCC_ADC12_CLK_ENABLE();
 1158              	 .loc 1 419 5 is_stmt 1 view .LVU465
 419:Core/Src/adc.c ****       __HAL_RCC_ADC12_CLK_ENABLE();
 1159              	 .loc 1 419 7 is_stmt 0 view .LVU466
 1160 013a 09D1     	 bne .L117
 420:Core/Src/adc.c ****     }
 1161              	 .loc 1 420 7 is_stmt 1 view .LVU467
 1162              	.LBB10:
 420:Core/Src/adc.c ****     }
 1163              	 .loc 1 420 7 view .LVU468
 420:Core/Src/adc.c ****     }
 1164              	 .loc 1 420 7 view .LVU469
 1165 013c 404B     	 ldr r3,.L146+12
 1166 013e DA6C     	 ldr r2,[r3,#76]
 1167 0140 42F40052 	 orr r2,r2,#8192
 1168 0144 DA64     	 str r2,[r3,#76]
 420:Core/Src/adc.c ****     }
 1169              	 .loc 1 420 7 view .LVU470
 1170 0146 DB6C     	 ldr r3,[r3,#76]
 1171 0148 03F40053 	 and r3,r3,#8192
 1172 014c 0593     	 str r3,[sp,#20]
 420:Core/Src/adc.c ****     }
 1173              	 .loc 1 420 7 view .LVU471
 1174 014e 059B     	 ldr r3,[sp,#20]
 1175              	.L117:
 1176              	.LBE10:
 420:Core/Src/adc.c ****     }
 1177              	 .loc 1 420 7 discriminator 1 view .LVU472
ARM GAS   			page 35


 423:Core/Src/adc.c ****     __HAL_RCC_GPIOA_CLK_ENABLE();
 1178              	 .loc 1 423 5 view .LVU473
 1179              	.LBB11:
 423:Core/Src/adc.c ****     __HAL_RCC_GPIOA_CLK_ENABLE();
 1180              	 .loc 1 423 5 view .LVU474
 423:Core/Src/adc.c ****     __HAL_RCC_GPIOA_CLK_ENABLE();
 1181              	 .loc 1 423 5 view .LVU475
 1182 0150 3B4B     	 ldr r3,.L146+12
 1183 0152 DA6C     	 ldr r2,[r3,#76]
 1184 0154 42F00402 	 orr r2,r2,#4
 1185 0158 DA64     	 str r2,[r3,#76]
 423:Core/Src/adc.c ****     __HAL_RCC_GPIOA_CLK_ENABLE();
 1186              	 .loc 1 423 5 view .LVU476
 1187 015a DA6C     	 ldr r2,[r3,#76]
 1188 015c 02F00402 	 and r2,r2,#4
 1189 0160 0692     	 str r2,[sp,#24]
 423:Core/Src/adc.c ****     __HAL_RCC_GPIOA_CLK_ENABLE();
 1190              	 .loc 1 423 5 view .LVU477
 1191 0162 069A     	 ldr r2,[sp,#24]
 1192              	.LBE11:
 423:Core/Src/adc.c ****     __HAL_RCC_GPIOA_CLK_ENABLE();
 1193              	 .loc 1 423 5 view .LVU478
 424:Core/Src/adc.c ****     /**ADC2 GPIO Configuration
 1194              	 .loc 1 424 5 view .LVU479
 1195              	.LBB12:
 424:Core/Src/adc.c ****     /**ADC2 GPIO Configuration
 1196              	 .loc 1 424 5 view .LVU480
 424:Core/Src/adc.c ****     /**ADC2 GPIO Configuration
 1197              	 .loc 1 424 5 view .LVU481
 1198 0164 DA6C     	 ldr r2,[r3,#76]
 1199 0166 42F00102 	 orr r2,r2,#1
 1200 016a DA64     	 str r2,[r3,#76]
 424:Core/Src/adc.c ****     /**ADC2 GPIO Configuration
 1201              	 .loc 1 424 5 view .LVU482
 1202 016c DB6C     	 ldr r3,[r3,#76]
 1203              	.LBE12:
 430:Core/Src/adc.c ****     GPIO_InitStruct.Mode = GPIO_MODE_ANALOG;
 1204              	 .loc 1 430 25 is_stmt 0 view .LVU483
 1205 016e 1220     	 movs r0,#18
 1206 0170 0321     	 movs r1,#3
 1207              	.LBB13:
 424:Core/Src/adc.c ****     /**ADC2 GPIO Configuration
 1208              	 .loc 1 424 5 view .LVU484
 1209 0172 03F00103 	 and r3,r3,#1
 1210              	.LBE13:
 430:Core/Src/adc.c ****     GPIO_InitStruct.Mode = GPIO_MODE_ANALOG;
 1211              	 .loc 1 430 25 view .LVU485
 1212 0176 CDE90A01 	 strd r0,[sp,#40]
 1213              	.LBB14:
 424:Core/Src/adc.c ****     /**ADC2 GPIO Configuration
 1214              	 .loc 1 424 5 view .LVU486
 1215 017a 0793     	 str r3,[sp,#28]
 424:Core/Src/adc.c ****     /**ADC2 GPIO Configuration
 1216              	 .loc 1 424 5 is_stmt 1 view .LVU487
 1217              	.LBE14:
 432:Core/Src/adc.c ****     HAL_GPIO_Init(GPIOC, &GPIO_InitStruct);
 1218              	 .loc 1 432 26 is_stmt 0 view .LVU488
ARM GAS   			page 36


 1219 017c 0024     	 movs r4,#0
 1220              	.LVL52:
 433:Core/Src/adc.c **** 
 1221              	 .loc 1 433 5 view .LVU489
 1222 017e 0AA9     	 add r1,sp,#40
 1223 0180 3048     	 ldr r0,.L146+16
 1224              	.LBB15:
 424:Core/Src/adc.c ****     /**ADC2 GPIO Configuration
 1225              	 .loc 1 424 5 view .LVU490
 1226 0182 079B     	 ldr r3,[sp,#28]
 1227              	.LBE15:
 424:Core/Src/adc.c ****     /**ADC2 GPIO Configuration
 1228              	 .loc 1 424 5 is_stmt 1 view .LVU491
 430:Core/Src/adc.c ****     GPIO_InitStruct.Mode = GPIO_MODE_ANALOG;
 1229              	 .loc 1 430 5 view .LVU492
 431:Core/Src/adc.c ****     GPIO_InitStruct.Pull = GPIO_NOPULL;
 1230              	 .loc 1 431 5 view .LVU493
 432:Core/Src/adc.c ****     HAL_GPIO_Init(GPIOC, &GPIO_InitStruct);
 1231              	 .loc 1 432 5 view .LVU494
 432:Core/Src/adc.c ****     HAL_GPIO_Init(GPIOC, &GPIO_InitStruct);
 1232              	 .loc 1 432 26 is_stmt 0 view .LVU495
 1233 0184 0C94     	 str r4,[sp,#48]
 433:Core/Src/adc.c **** 
 1234              	 .loc 1 433 5 is_stmt 1 view .LVU496
 1235 0186 FFF7FEFF 	 bl HAL_GPIO_Init
 1236              	.LVL53:
 435:Core/Src/adc.c ****     GPIO_InitStruct.Mode = GPIO_MODE_ANALOG;
 1237              	 .loc 1 435 5 view .LVU497
 436:Core/Src/adc.c ****     GPIO_InitStruct.Pull = GPIO_NOPULL;
 1238              	 .loc 1 436 5 view .LVU498
 435:Core/Src/adc.c ****     GPIO_InitStruct.Mode = GPIO_MODE_ANALOG;
 1239              	 .loc 1 435 25 is_stmt 0 view .LVU499
 1240 018a 4022     	 movs r2,#64
 1241 018c 0323     	 movs r3,#3
 438:Core/Src/adc.c **** 
 1242              	 .loc 1 438 5 view .LVU500
 1243 018e 4FF09040 	 mov r0,#1207959552
 1244 0192 0AA9     	 add r1,sp,#40
 435:Core/Src/adc.c ****     GPIO_InitStruct.Mode = GPIO_MODE_ANALOG;
 1245              	 .loc 1 435 25 view .LVU501
 1246 0194 CDE90A23 	 strd r2,[sp,#40]
 437:Core/Src/adc.c ****     HAL_GPIO_Init(GPIOA, &GPIO_InitStruct);
 1247              	 .loc 1 437 5 is_stmt 1 view .LVU502
 437:Core/Src/adc.c ****     HAL_GPIO_Init(GPIOA, &GPIO_InitStruct);
 1248              	 .loc 1 437 26 is_stmt 0 view .LVU503
 1249 0198 0C94     	 str r4,[sp,#48]
 438:Core/Src/adc.c **** 
 1250              	 .loc 1 438 5 is_stmt 1 view .LVU504
 1251 019a FFF7FEFF 	 bl HAL_GPIO_Init
 1252              	.LVL54:
 1253              	 .loc 1 494 1 is_stmt 0 view .LVU505
 1254 019e 24B0     	 add sp,sp,#144
 1255              	 .cfi_remember_state
 1256              	 .cfi_def_cfa_offset 16
 1257              	 
 1258 01a0 70BD     	 pop {r4,r5,r6,pc}
 1259              	.LVL55:
ARM GAS   			page 37


 1260              	.L141:
 1261              	 .cfi_restore_state
 452:Core/Src/adc.c ****     PeriphClkInit.Adc345ClockSelection = RCC_ADC345CLKSOURCE_SYSCLK;
 1262              	 .loc 1 452 5 is_stmt 1 view .LVU506
 452:Core/Src/adc.c ****     PeriphClkInit.Adc345ClockSelection = RCC_ADC345CLKSOURCE_SYSCLK;
 1263              	 .loc 1 452 40 is_stmt 0 view .LVU507
 1264 01a2 4FF48032 	 mov r2,#65536
 453:Core/Src/adc.c ****     if (HAL_RCCEx_PeriphCLKConfig(&PeriphClkInit) != HAL_OK)
 1265              	 .loc 1 453 40 view .LVU508
 1266 01a6 4FF00043 	 mov r3,#-2147483648
 454:Core/Src/adc.c ****     {
 1267              	 .loc 1 454 9 view .LVU509
 1268 01aa 0FA8     	 add r0,sp,#60
 452:Core/Src/adc.c ****     PeriphClkInit.Adc345ClockSelection = RCC_ADC345CLKSOURCE_SYSCLK;
 1269              	 .loc 1 452 40 view .LVU510
 1270 01ac 0F92     	 str r2,[sp,#60]
 453:Core/Src/adc.c ****     if (HAL_RCCEx_PeriphCLKConfig(&PeriphClkInit) != HAL_OK)
 1271              	 .loc 1 453 5 is_stmt 1 view .LVU511
 453:Core/Src/adc.c ****     if (HAL_RCCEx_PeriphCLKConfig(&PeriphClkInit) != HAL_OK)
 1272              	 .loc 1 453 40 is_stmt 0 view .LVU512
 1273 01ae 2193     	 str r3,[sp,#132]
 454:Core/Src/adc.c ****     {
 1274              	 .loc 1 454 5 is_stmt 1 view .LVU513
 454:Core/Src/adc.c ****     {
 1275              	 .loc 1 454 9 is_stmt 0 view .LVU514
 1276 01b0 FFF7FEFF 	 bl HAL_RCCEx_PeriphCLKConfig
 1277              	.LVL56:
 454:Core/Src/adc.c ****     {
 1278              	 .loc 1 454 8 discriminator 1 view .LVU515
 1279 01b4 0028     	 cmp r0,#0
 1280 01b6 39D1     	 bne .L145
 1281              	.L118:
 460:Core/Src/adc.c **** 
 1282              	 .loc 1 460 5 is_stmt 1 view .LVU516
 1283              	.LBB16:
 460:Core/Src/adc.c **** 
 1284              	 .loc 1 460 5 view .LVU517
 460:Core/Src/adc.c **** 
 1285              	 .loc 1 460 5 view .LVU518
 1286 01b8 214B     	 ldr r3,.L146+12
 1287              	.LBE16:
 470:Core/Src/adc.c **** 
 1288              	 .loc 1 470 5 is_stmt 0 view .LVU519
 1289 01ba 2448     	 ldr r0,.L146+24
 1290              	.LBB17:
 460:Core/Src/adc.c **** 
 1291              	 .loc 1 460 5 view .LVU520
 1292 01bc DA6C     	 ldr r2,[r3,#76]
 1293              	.LBE17:
 474:Core/Src/adc.c ****     hdma_adc4.Init.Request = DMA_REQUEST_ADC4;
 1294              	 .loc 1 474 24 view .LVU521
 1295 01be 254D     	 ldr r5,.L146+32
 1296              	.LBB18:
 460:Core/Src/adc.c **** 
 1297              	 .loc 1 460 5 view .LVU522
 1298 01c0 42F48042 	 orr r2,r2,#16384
 1299 01c4 DA64     	 str r2,[r3,#76]
ARM GAS   			page 38


 460:Core/Src/adc.c **** 
 1300              	 .loc 1 460 5 is_stmt 1 view .LVU523
 1301 01c6 DA6C     	 ldr r2,[r3,#76]
 1302 01c8 02F48042 	 and r2,r2,#16384
 1303 01cc 0892     	 str r2,[sp,#32]
 460:Core/Src/adc.c **** 
 1304              	 .loc 1 460 5 view .LVU524
 1305 01ce 089A     	 ldr r2,[sp,#32]
 1306              	.LBE18:
 460:Core/Src/adc.c **** 
 1307              	 .loc 1 460 5 view .LVU525
 462:Core/Src/adc.c ****     /**ADC4 GPIO Configuration
 1308              	 .loc 1 462 5 view .LVU526
 1309              	.LBB19:
 462:Core/Src/adc.c ****     /**ADC4 GPIO Configuration
 1310              	 .loc 1 462 5 view .LVU527
 462:Core/Src/adc.c ****     /**ADC4 GPIO Configuration
 1311              	 .loc 1 462 5 view .LVU528
 1312 01d0 DA6C     	 ldr r2,[r3,#76]
 1313 01d2 42F00202 	 orr r2,r2,#2
 1314 01d6 DA64     	 str r2,[r3,#76]
 462:Core/Src/adc.c ****     /**ADC4 GPIO Configuration
 1315              	 .loc 1 462 5 view .LVU529
 1316 01d8 DB6C     	 ldr r3,[r3,#76]
 1317 01da 03F00203 	 and r3,r3,#2
 1318 01de 0993     	 str r3,[sp,#36]
 462:Core/Src/adc.c ****     /**ADC4 GPIO Configuration
 1319              	 .loc 1 462 5 view .LVU530
 1320              	.LBE19:
 467:Core/Src/adc.c ****     GPIO_InitStruct.Mode = GPIO_MODE_ANALOG;
 1321              	 .loc 1 467 25 is_stmt 0 view .LVU531
 1322 01e0 4FF44042 	 mov r2,#49152
 470:Core/Src/adc.c **** 
 1323              	 .loc 1 470 5 view .LVU532
 1324 01e4 0AA9     	 add r1,sp,#40
 467:Core/Src/adc.c ****     GPIO_InitStruct.Mode = GPIO_MODE_ANALOG;
 1325              	 .loc 1 467 25 view .LVU533
 1326 01e6 0323     	 movs r3,#3
 469:Core/Src/adc.c ****     HAL_GPIO_Init(GPIOB, &GPIO_InitStruct);
 1327              	 .loc 1 469 26 view .LVU534
 1328 01e8 0026     	 movs r6,#0
 467:Core/Src/adc.c ****     GPIO_InitStruct.Mode = GPIO_MODE_ANALOG;
 1329              	 .loc 1 467 25 view .LVU535
 1330 01ea CDE90A23 	 strd r2,[sp,#40]
 469:Core/Src/adc.c ****     HAL_GPIO_Init(GPIOB, &GPIO_InitStruct);
 1331              	 .loc 1 469 26 view .LVU536
 1332 01ee 0C96     	 str r6,[sp,#48]
 1333              	.LBB20:
 462:Core/Src/adc.c ****     /**ADC4 GPIO Configuration
 1334              	 .loc 1 462 5 view .LVU537
 1335 01f0 099B     	 ldr r3,[sp,#36]
 1336              	.LBE20:
 462:Core/Src/adc.c ****     /**ADC4 GPIO Configuration
 1337              	 .loc 1 462 5 is_stmt 1 view .LVU538
 467:Core/Src/adc.c ****     GPIO_InitStruct.Mode = GPIO_MODE_ANALOG;
 1338              	 .loc 1 467 5 view .LVU539
 468:Core/Src/adc.c ****     GPIO_InitStruct.Pull = GPIO_NOPULL;
ARM GAS   			page 39


 1339              	 .loc 1 468 5 view .LVU540
 469:Core/Src/adc.c ****     HAL_GPIO_Init(GPIOB, &GPIO_InitStruct);
 1340              	 .loc 1 469 5 view .LVU541
 470:Core/Src/adc.c **** 
 1341              	 .loc 1 470 5 view .LVU542
 1342 01f2 FFF7FEFF 	 bl HAL_GPIO_Init
 1343              	.LVL57:
 474:Core/Src/adc.c ****     hdma_adc4.Init.Request = DMA_REQUEST_ADC4;
 1344              	 .loc 1 474 5 view .LVU543
 475:Core/Src/adc.c ****     hdma_adc4.Init.Direction = DMA_PERIPH_TO_MEMORY;
 1345              	 .loc 1 475 28 is_stmt 0 view .LVU544
 1346 01f6 184A     	 ldr r2,.L146+36
 1347 01f8 2623     	 movs r3,#38
 1348 01fa C5E90023 	 strd r2,r3,[r5]
 476:Core/Src/adc.c ****     hdma_adc4.Init.PeriphInc = DMA_PINC_DISABLE;
 1349              	 .loc 1 476 5 is_stmt 1 view .LVU545
 478:Core/Src/adc.c ****     hdma_adc4.Init.PeriphDataAlignment = DMA_PDATAALIGN_WORD;
 1350              	 .loc 1 478 27 is_stmt 0 view .LVU546
 1351 01fe 8023     	 movs r3,#128
 479:Core/Src/adc.c ****     hdma_adc4.Init.MemDataAlignment = DMA_MDATAALIGN_WORD;
 1352              	 .loc 1 479 40 view .LVU547
 1353 0200 4FF40071 	 mov r1,#512
 478:Core/Src/adc.c ****     hdma_adc4.Init.PeriphDataAlignment = DMA_PDATAALIGN_WORD;
 1354              	 .loc 1 478 27 view .LVU548
 1355 0204 2B61     	 str r3,[r5,#16]
 480:Core/Src/adc.c ****     hdma_adc4.Init.Mode = DMA_CIRCULAR;
 1356              	 .loc 1 480 37 view .LVU549
 1357 0206 4FF40063 	 mov r3,#2048
 1358 020a C5E90513 	 strd r1,r3,[r5,#20]
 477:Core/Src/adc.c ****     hdma_adc4.Init.MemInc = DMA_MINC_ENABLE;
 1359              	 .loc 1 477 30 view .LVU550
 1360 020e C5E90266 	 strd r6,r6,[r5,#8]
 478:Core/Src/adc.c ****     hdma_adc4.Init.PeriphDataAlignment = DMA_PDATAALIGN_WORD;
 1361              	 .loc 1 478 5 is_stmt 1 view .LVU551
 479:Core/Src/adc.c ****     hdma_adc4.Init.MemDataAlignment = DMA_MDATAALIGN_WORD;
 1362              	 .loc 1 479 5 view .LVU552
 481:Core/Src/adc.c ****     hdma_adc4.Init.Priority = DMA_PRIORITY_HIGH;
 1363              	 .loc 1 481 5 view .LVU553
 481:Core/Src/adc.c ****     hdma_adc4.Init.Priority = DMA_PRIORITY_HIGH;
 1364              	 .loc 1 481 25 is_stmt 0 view .LVU554
 1365 0212 2022     	 movs r2,#32
 482:Core/Src/adc.c ****     if (HAL_DMA_Init(&hdma_adc4) != HAL_OK)
 1366              	 .loc 1 482 29 view .LVU555
 1367 0214 4FF40053 	 mov r3,#8192
 1368 0218 73E7     	 b .L138
 1369              	.L143:
 485:Core/Src/adc.c ****     }
 1370              	 .loc 1 485 7 is_stmt 1 view .LVU556
 1371 021a FFF7FEFF 	 bl Error_Handler
 1372              	.LVL58:
 1373 021e 78E7     	 b .L119
 1374              	.L142:
 347:Core/Src/adc.c ****     }
 1375              	 .loc 1 347 7 view .LVU557
 1376 0220 FFF7FEFF 	 bl Error_Handler
 1377              	.LVL59:
 1378 0224 12E7     	 b .L111
ARM GAS   			page 40


 1379              	.L144:
 414:Core/Src/adc.c ****     }
 1380              	 .loc 1 414 7 view .LVU558
 1381 0226 FFF7FEFF 	 bl Error_Handler
 1382              	.LVL60:
 1383 022a 81E7     	 b .L116
 1384              	.L145:
 456:Core/Src/adc.c ****     }
 1385              	 .loc 1 456 7 view .LVU559
 1386 022c FFF7FEFF 	 bl Error_Handler
 1387              	.LVL61:
 1388 0230 C2E7     	 b .L118
 1389              	.L147:
 1390 0232 00BF     	 .align 2
 1391              	.L146:
 1392 0234 00010050 	 .word 1342177536
 1393 0238 00050050 	 .word 1342178560
 1394 023c 00000000 	 .word HAL_RCC_ADC12_CLK_ENABLED
 1395 0240 00100240 	 .word 1073876992
 1396 0244 00080048 	 .word 1207961600
 1397 0248 00000000 	 .word hdma_adc1
 1398 024c 00040048 	 .word 1207960576
 1399 0250 08000240 	 .word 1073872904
 1400 0254 00000000 	 .word hdma_adc4
 1401 0258 1C040240 	 .word 1073873948
 1402              	 .cfi_endproc
 1403              	.LFE364:
 1405              	 .section .text.HAL_ADC_MspDeInit,"ax",%progbits
 1406              	 .align 1
 1407              	 .p2align 2,,3
 1408              	 .global HAL_ADC_MspDeInit
 1409              	 .syntax unified
 1410              	 .thumb
 1411              	 .thumb_func
 1413              	HAL_ADC_MspDeInit:
 1414              	.LVL62:
 1415              	.LFB365:
 495:Core/Src/adc.c **** 
 496:Core/Src/adc.c **** void HAL_ADC_MspDeInit(ADC_HandleTypeDef* adcHandle)
 497:Core/Src/adc.c **** {
 1416              	 .loc 1 497 1 view-0
 1417              	 .cfi_startproc
 1418              	 
 1419              	 
 498:Core/Src/adc.c **** 
 499:Core/Src/adc.c ****   if(adcHandle->Instance==ADC1)
 1420              	 .loc 1 499 3 view .LVU561
 1421              	 .loc 1 499 15 is_stmt 0 view .LVU562
 1422 0000 0368     	 ldr r3,[r0]
 1423              	 .loc 1 499 5 view .LVU563
 1424 0002 B3F1A04F 	 cmp r3,#1342177280
 497:Core/Src/adc.c **** 
 1425              	 .loc 1 497 1 view .LVU564
 1426 0006 10B5     	 push {r4,lr}
 1427              	 .cfi_def_cfa_offset 8
 1428              	 .cfi_offset 4,-8
 1429              	 .cfi_offset 14,-4
ARM GAS   			page 41


 497:Core/Src/adc.c **** 
 1430              	 .loc 1 497 1 view .LVU565
 1431 0008 0446     	 mov r4,r0
 1432              	 .loc 1 499 5 view .LVU566
 1433 000a 1BD0     	 beq .L155
 500:Core/Src/adc.c ****   {
 501:Core/Src/adc.c ****   /* USER CODE BEGIN ADC1_MspDeInit 0 */
 502:Core/Src/adc.c **** 
 503:Core/Src/adc.c ****   /* USER CODE END ADC1_MspDeInit 0 */
 504:Core/Src/adc.c ****     /* Peripheral clock disable */
 505:Core/Src/adc.c ****     HAL_RCC_ADC12_CLK_ENABLED--;
 506:Core/Src/adc.c ****     if(HAL_RCC_ADC12_CLK_ENABLED==0){
 507:Core/Src/adc.c ****       __HAL_RCC_ADC12_CLK_DISABLE();
 508:Core/Src/adc.c ****     }
 509:Core/Src/adc.c **** 
 510:Core/Src/adc.c ****     /**ADC1 GPIO Configuration
 511:Core/Src/adc.c ****     PC2     ------> ADC1_IN8
 512:Core/Src/adc.c ****     PC3     ------> ADC1_IN9
 513:Core/Src/adc.c ****     PA2     ------> ADC1_IN3
 514:Core/Src/adc.c ****     PB1     ------> ADC1_IN12
 515:Core/Src/adc.c ****     */
 516:Core/Src/adc.c ****     HAL_GPIO_DeInit(GPIOC, GPIO_PIN_2|GPIO_PIN_3);
 517:Core/Src/adc.c **** 
 518:Core/Src/adc.c ****     HAL_GPIO_DeInit(GPIOA, GPIO_PIN_2);
 519:Core/Src/adc.c **** 
 520:Core/Src/adc.c ****     HAL_GPIO_DeInit(GPIOB, GPIO_PIN_1);
 521:Core/Src/adc.c **** 
 522:Core/Src/adc.c ****     /* ADC1 DMA DeInit */
 523:Core/Src/adc.c ****     HAL_DMA_DeInit(adcHandle->DMA_Handle);
 524:Core/Src/adc.c ****   /* USER CODE BEGIN ADC1_MspDeInit 1 */
 525:Core/Src/adc.c **** 
 526:Core/Src/adc.c ****   /* USER CODE END ADC1_MspDeInit 1 */
 527:Core/Src/adc.c ****   }
 528:Core/Src/adc.c ****   else if(adcHandle->Instance==ADC2)
 1434              	 .loc 1 528 8 is_stmt 1 view .LVU567
 1435              	 .loc 1 528 10 is_stmt 0 view .LVU568
 1436 000c 234A     	 ldr r2,.L158
 1437 000e 9342     	 cmp r3,r2
 1438 0010 03D0     	 beq .L156
 529:Core/Src/adc.c ****   {
 530:Core/Src/adc.c ****   /* USER CODE BEGIN ADC2_MspDeInit 0 */
 531:Core/Src/adc.c **** 
 532:Core/Src/adc.c ****   /* USER CODE END ADC2_MspDeInit 0 */
 533:Core/Src/adc.c ****     /* Peripheral clock disable */
 534:Core/Src/adc.c ****     HAL_RCC_ADC12_CLK_ENABLED--;
 535:Core/Src/adc.c ****     if(HAL_RCC_ADC12_CLK_ENABLED==0){
 536:Core/Src/adc.c ****       __HAL_RCC_ADC12_CLK_DISABLE();
 537:Core/Src/adc.c ****     }
 538:Core/Src/adc.c **** 
 539:Core/Src/adc.c ****     /**ADC2 GPIO Configuration
 540:Core/Src/adc.c ****     PC1     ------> ADC2_IN7
 541:Core/Src/adc.c ****     PA6     ------> ADC2_IN3
 542:Core/Src/adc.c ****     PC4     ------> ADC2_IN5
 543:Core/Src/adc.c ****     */
 544:Core/Src/adc.c ****     HAL_GPIO_DeInit(GPIOC, GPIO_PIN_1|GPIO_PIN_4);
 545:Core/Src/adc.c **** 
 546:Core/Src/adc.c ****     HAL_GPIO_DeInit(GPIOA, GPIO_PIN_6);
ARM GAS   			page 42


 547:Core/Src/adc.c **** 
 548:Core/Src/adc.c ****   /* USER CODE BEGIN ADC2_MspDeInit 1 */
 549:Core/Src/adc.c **** 
 550:Core/Src/adc.c ****   /* USER CODE END ADC2_MspDeInit 1 */
 551:Core/Src/adc.c ****   }
 552:Core/Src/adc.c ****   else if(adcHandle->Instance==ADC4)
 1439              	 .loc 1 552 8 is_stmt 1 view .LVU569
 1440              	 .loc 1 552 10 is_stmt 0 view .LVU570
 1441 0012 234A     	 ldr r2,.L158+4
 1442 0014 9342     	 cmp r3,r2
 1443 0016 31D0     	 beq .L157
 553:Core/Src/adc.c ****   {
 554:Core/Src/adc.c ****   /* USER CODE BEGIN ADC4_MspDeInit 0 */
 555:Core/Src/adc.c **** 
 556:Core/Src/adc.c ****   /* USER CODE END ADC4_MspDeInit 0 */
 557:Core/Src/adc.c ****     /* Peripheral clock disable */
 558:Core/Src/adc.c ****     __HAL_RCC_ADC345_CLK_DISABLE();
 559:Core/Src/adc.c **** 
 560:Core/Src/adc.c ****     /**ADC4 GPIO Configuration
 561:Core/Src/adc.c ****     PB14     ------> ADC4_IN4
 562:Core/Src/adc.c ****     PB15     ------> ADC4_IN5
 563:Core/Src/adc.c ****     */
 564:Core/Src/adc.c ****     HAL_GPIO_DeInit(GPIOB, GPIO_PIN_14|GPIO_PIN_15);
 565:Core/Src/adc.c **** 
 566:Core/Src/adc.c ****     /* ADC4 DMA DeInit */
 567:Core/Src/adc.c ****     HAL_DMA_DeInit(adcHandle->DMA_Handle);
 568:Core/Src/adc.c ****   /* USER CODE BEGIN ADC4_MspDeInit 1 */
 569:Core/Src/adc.c **** 
 570:Core/Src/adc.c ****   /* USER CODE END ADC4_MspDeInit 1 */
 571:Core/Src/adc.c ****   }
 572:Core/Src/adc.c **** }
 1444              	 .loc 1 572 1 view .LVU571
 1445 0018 10BD     	 pop {r4,pc}
 1446              	.L156:
 534:Core/Src/adc.c ****     if(HAL_RCC_ADC12_CLK_ENABLED==0){
 1447              	 .loc 1 534 5 is_stmt 1 view .LVU572
 534:Core/Src/adc.c ****     if(HAL_RCC_ADC12_CLK_ENABLED==0){
 1448              	 .loc 1 534 30 is_stmt 0 view .LVU573
 1449 001a 224A     	 ldr r2,.L158+8
 1450 001c 1368     	 ldr r3,[r2]
 1451 001e 013B     	 subs r3,r3,#1
 1452 0020 1360     	 str r3,[r2]
 535:Core/Src/adc.c ****       __HAL_RCC_ADC12_CLK_DISABLE();
 1453              	 .loc 1 535 5 is_stmt 1 view .LVU574
 535:Core/Src/adc.c ****       __HAL_RCC_ADC12_CLK_DISABLE();
 1454              	 .loc 1 535 7 is_stmt 0 view .LVU575
 1455 0022 23B9     	 cbnz r3,.L152
 536:Core/Src/adc.c ****     }
 1456              	 .loc 1 536 7 is_stmt 1 view .LVU576
 1457 0024 204A     	 ldr r2,.L158+12
 1458 0026 D36C     	 ldr r3,[r2,#76]
 1459 0028 23F40053 	 bic r3,r3,#8192
 1460 002c D364     	 str r3,[r2,#76]
 1461              	.L152:
 544:Core/Src/adc.c **** 
 1462              	 .loc 1 544 5 view .LVU577
 1463 002e 1F48     	 ldr r0,.L158+16
ARM GAS   			page 43


 1464              	.LVL63:
 544:Core/Src/adc.c **** 
 1465              	 .loc 1 544 5 is_stmt 0 view .LVU578
 1466 0030 1221     	 movs r1,#18
 1467 0032 FFF7FEFF 	 bl HAL_GPIO_DeInit
 1468              	.LVL64:
 546:Core/Src/adc.c **** 
 1469              	 .loc 1 546 5 is_stmt 1 view .LVU579
 1470              	 .loc 1 572 1 is_stmt 0 view .LVU580
 1471 0036 BDE81040 	 pop {r4,lr}
 1472              	 .cfi_remember_state
 1473              	 .cfi_restore 14
 1474              	 .cfi_restore 4
 1475              	 .cfi_def_cfa_offset 0
 1476              	.LVL65:
 546:Core/Src/adc.c **** 
 1477              	 .loc 1 546 5 view .LVU581
 1478 003a 4021     	 movs r1,#64
 1479 003c 4FF09040 	 mov r0,#1207959552
 1480 0040 FFF7FEBF 	 b HAL_GPIO_DeInit
 1481              	.LVL66:
 1482              	.L155:
 1483              	 .cfi_restore_state
 505:Core/Src/adc.c ****     if(HAL_RCC_ADC12_CLK_ENABLED==0){
 1484              	 .loc 1 505 5 is_stmt 1 view .LVU582
 505:Core/Src/adc.c ****     if(HAL_RCC_ADC12_CLK_ENABLED==0){
 1485              	 .loc 1 505 30 is_stmt 0 view .LVU583
 1486 0044 174A     	 ldr r2,.L158+8
 1487 0046 1368     	 ldr r3,[r2]
 1488 0048 013B     	 subs r3,r3,#1
 1489 004a 1360     	 str r3,[r2]
 506:Core/Src/adc.c ****       __HAL_RCC_ADC12_CLK_DISABLE();
 1490              	 .loc 1 506 5 is_stmt 1 view .LVU584
 506:Core/Src/adc.c ****       __HAL_RCC_ADC12_CLK_DISABLE();
 1491              	 .loc 1 506 7 is_stmt 0 view .LVU585
 1492 004c 23B9     	 cbnz r3,.L150
 507:Core/Src/adc.c ****     }
 1493              	 .loc 1 507 7 is_stmt 1 view .LVU586
 1494 004e 164A     	 ldr r2,.L158+12
 1495 0050 D36C     	 ldr r3,[r2,#76]
 1496 0052 23F40053 	 bic r3,r3,#8192
 1497 0056 D364     	 str r3,[r2,#76]
 1498              	.L150:
 516:Core/Src/adc.c **** 
 1499              	 .loc 1 516 5 view .LVU587
 1500 0058 1448     	 ldr r0,.L158+16
 1501              	.LVL67:
 516:Core/Src/adc.c **** 
 1502              	 .loc 1 516 5 is_stmt 0 view .LVU588
 1503 005a 0C21     	 movs r1,#12
 1504 005c FFF7FEFF 	 bl HAL_GPIO_DeInit
 1505              	.LVL68:
 518:Core/Src/adc.c **** 
 1506              	 .loc 1 518 5 is_stmt 1 view .LVU589
 1507 0060 0421     	 movs r1,#4
 1508 0062 4FF09040 	 mov r0,#1207959552
 1509 0066 FFF7FEFF 	 bl HAL_GPIO_DeInit
ARM GAS   			page 44


 1510              	.LVL69:
 520:Core/Src/adc.c **** 
 1511              	 .loc 1 520 5 view .LVU590
 1512 006a 1148     	 ldr r0,.L158+20
 1513 006c 0221     	 movs r1,#2
 1514 006e FFF7FEFF 	 bl HAL_GPIO_DeInit
 1515              	.LVL70:
 523:Core/Src/adc.c ****   /* USER CODE BEGIN ADC1_MspDeInit 1 */
 1516              	 .loc 1 523 5 view .LVU591
 1517 0072 606D     	 ldr r0,[r4,#84]
 1518              	 .loc 1 572 1 is_stmt 0 view .LVU592
 1519 0074 BDE81040 	 pop {r4,lr}
 1520              	 .cfi_remember_state
 1521              	 .cfi_restore 14
 1522              	 .cfi_restore 4
 1523              	 .cfi_def_cfa_offset 0
 1524              	.LVL71:
 523:Core/Src/adc.c ****   /* USER CODE BEGIN ADC1_MspDeInit 1 */
 1525              	 .loc 1 523 5 view .LVU593
 1526 0078 FFF7FEBF 	 b HAL_DMA_DeInit
 1527              	.LVL72:
 1528              	.L157:
 1529              	 .cfi_restore_state
 558:Core/Src/adc.c **** 
 1530              	 .loc 1 558 5 is_stmt 1 view .LVU594
 1531 007c 0A4A     	 ldr r2,.L158+12
 564:Core/Src/adc.c **** 
 1532              	 .loc 1 564 5 is_stmt 0 view .LVU595
 1533 007e 0C48     	 ldr r0,.L158+20
 1534              	.LVL73:
 558:Core/Src/adc.c **** 
 1535              	 .loc 1 558 5 view .LVU596
 1536 0080 D36C     	 ldr r3,[r2,#76]
 1537 0082 23F48043 	 bic r3,r3,#16384
 564:Core/Src/adc.c **** 
 1538              	 .loc 1 564 5 view .LVU597
 1539 0086 4FF44041 	 mov r1,#49152
 558:Core/Src/adc.c **** 
 1540              	 .loc 1 558 5 view .LVU598
 1541 008a D364     	 str r3,[r2,#76]
 564:Core/Src/adc.c **** 
 1542              	 .loc 1 564 5 is_stmt 1 view .LVU599
 1543 008c FFF7FEFF 	 bl HAL_GPIO_DeInit
 1544              	.LVL74:
 567:Core/Src/adc.c ****   /* USER CODE BEGIN ADC4_MspDeInit 1 */
 1545              	 .loc 1 567 5 view .LVU600
 1546 0090 606D     	 ldr r0,[r4,#84]
 1547              	 .loc 1 572 1 is_stmt 0 view .LVU601
 1548 0092 BDE81040 	 pop {r4,lr}
 1549              	 .cfi_restore 14
 1550              	 .cfi_restore 4
 1551              	 .cfi_def_cfa_offset 0
 1552              	.LVL75:
 567:Core/Src/adc.c ****   /* USER CODE BEGIN ADC4_MspDeInit 1 */
 1553              	 .loc 1 567 5 view .LVU602
 1554 0096 FFF7FEBF 	 b HAL_DMA_DeInit
 1555              	.LVL76:
ARM GAS   			page 45


 1556              	.L159:
 1557 009a 00BF     	 .align 2
 1558              	.L158:
 1559 009c 00010050 	 .word 1342177536
 1560 00a0 00050050 	 .word 1342178560
 1561 00a4 00000000 	 .word HAL_RCC_ADC12_CLK_ENABLED
 1562 00a8 00100240 	 .word 1073876992
 1563 00ac 00080048 	 .word 1207961600
 1564 00b0 00040048 	 .word 1207960576
 1565              	 .cfi_endproc
 1566              	.LFE365:
 1568              	 .section .bss.HAL_RCC_ADC12_CLK_ENABLED,"aw",%nobits
 1569              	 .align 2
 1572              	HAL_RCC_ADC12_CLK_ENABLED:
 1573 0000 00000000 	 .space 4
 1574              	 .global hdma_adc4
 1575              	 .section .bss.hdma_adc4,"aw",%nobits
 1576              	 .align 2
 1579              	hdma_adc4:
 1580 0000 00000000 	 .space 96
 1580      00000000 
 1580      00000000 
 1580      00000000 
 1580      00000000 
 1581              	 .global hdma_adc1
 1582              	 .section .bss.hdma_adc1,"aw",%nobits
 1583              	 .align 2
 1586              	hdma_adc1:
 1587 0000 00000000 	 .space 96
 1587      00000000 
 1587      00000000 
 1587      00000000 
 1587      00000000 
 1588              	 .global hadc4
 1589              	 .section .bss.hadc4,"aw",%nobits
 1590              	 .align 2
 1593              	hadc4:
 1594 0000 00000000 	 .space 108
 1594      00000000 
 1594      00000000 
 1594      00000000 
 1594      00000000 
 1595              	 .global hadc2
 1596              	 .section .bss.hadc2,"aw",%nobits
 1597              	 .align 2
 1600              	hadc2:
 1601 0000 00000000 	 .space 108
 1601      00000000 
 1601      00000000 
 1601      00000000 
 1601      00000000 
 1602              	 .global hadc1
 1603              	 .section .bss.hadc1,"aw",%nobits
 1604              	 .align 2
 1607              	hadc1:
 1608 0000 00000000 	 .space 108
 1608      00000000 
ARM GAS   			page 46


 1608      00000000 
 1608      00000000 
 1608      00000000 
 1609              	 .text
 1610              	.Letext0:
 1611              	 .file 2 "/usr/lib/gcc/arm-none-eabi/14.2.1/include/stdint.h"
 1612              	 .file 3 "Drivers/CMSIS/Device/ST/STM32G4xx/Include/stm32g474xx.h"
 1613              	 .file 4 "Drivers/CMSIS/Device/ST/STM32G4xx/Include/stm32g4xx.h"
 1614              	 .file 5 "Drivers/STM32G4xx_HAL_Driver/Inc/stm32g4xx_hal_def.h"
 1615              	 .file 6 "Drivers/STM32G4xx_HAL_Driver/Inc/stm32g4xx_hal_rcc_ex.h"
 1616              	 .file 7 "Drivers/STM32G4xx_HAL_Driver/Inc/stm32g4xx_hal_gpio.h"
 1617              	 .file 8 "Drivers/STM32G4xx_HAL_Driver/Inc/stm32g4xx_hal_dma.h"
 1618              	 .file 9 "Drivers/STM32G4xx_HAL_Driver/Inc/stm32g4xx_hal_adc.h"
 1619              	 .file 10 "Drivers/STM32G4xx_HAL_Driver/Inc/stm32g4xx_hal_adc_ex.h"
 1620              	 .file 11 "Core/Inc/adc.h"
 1621              	 .file 12 "Core/Inc/main.h"
 1622              	 .file 13 "<built-in>"
ARM GAS   			page 47


DEFINED SYMBOLS
                            *ABS*:00000000 adc.c
    {standard input}:19     .text.MX_ADC1_Init:00000000 $t
    {standard input}:26     .text.MX_ADC1_Init:00000000 MX_ADC1_Init
    {standard input}:372    .text.MX_ADC1_Init:00000174 $d
    {standard input}:1607   .bss.hadc1:00000000 hadc1
    {standard input}:384    .text.MX_ADC2_Init:00000000 $t
    {standard input}:391    .text.MX_ADC2_Init:00000000 MX_ADC2_Init
    {standard input}:667    .text.MX_ADC2_Init:00000128 $d
    {standard input}:1600   .bss.hadc2:00000000 hadc2
    {standard input}:678    .text.MX_ADC4_Init:00000000 $t
    {standard input}:685    .text.MX_ADC4_Init:00000000 MX_ADC4_Init
    {standard input}:846    .text.MX_ADC4_Init:0000009c $d
    {standard input}:1593   .bss.hadc4:00000000 hadc4
    {standard input}:854    .text.HAL_ADC_MspInit:00000000 $t
    {standard input}:861    .text.HAL_ADC_MspInit:00000000 HAL_ADC_MspInit
    {standard input}:1392   .text.HAL_ADC_MspInit:00000234 $d
    {standard input}:1572   .bss.HAL_RCC_ADC12_CLK_ENABLED:00000000 HAL_RCC_ADC12_CLK_ENABLED
    {standard input}:1586   .bss.hdma_adc1:00000000 hdma_adc1
    {standard input}:1579   .bss.hdma_adc4:00000000 hdma_adc4
    {standard input}:1406   .text.HAL_ADC_MspDeInit:00000000 $t
    {standard input}:1413   .text.HAL_ADC_MspDeInit:00000000 HAL_ADC_MspDeInit
    {standard input}:1559   .text.HAL_ADC_MspDeInit:0000009c $d
    {standard input}:1569   .bss.HAL_RCC_ADC12_CLK_ENABLED:00000000 $d
    {standard input}:1576   .bss.hdma_adc4:00000000 $d
    {standard input}:1583   .bss.hdma_adc1:00000000 $d
    {standard input}:1590   .bss.hadc4:00000000 $d
    {standard input}:1597   .bss.hadc2:00000000 $d
    {standard input}:1604   .bss.hadc1:00000000 $d
                           .group:00000000 wm4.0.ea19c25cbb216197368fe558daea6575
                           .group:00000000 wm4.stm32g4xx_hal_conf.h.23.942b1d1576b5866b7e11680d4727b823
                           .group:00000000 wm4.stm32g4xx.h.38.4ce5d67cecf3db23972af81b516b937b
                           .group:00000000 wm4.stm32g474xx.h.34.0f14ed7ce45f8c3c7c55af7520d7efa5
                           .group:00000000 wm4.stdint.h.29.6d480f4ba0f60596e88234283d42444f
                           .group:00000000 wm4.cmsis_version.h.32.46e8eccfa2cfeaae11d008bb2823a3ed
                           .group:00000000 wm4.core_cm4.h.66.e4ff136c4a17abc46741866f64f8e729
                           .group:00000000 wm4.cmsis_gcc.h.26.78077cef1206e937f7b56043ffca496a
                           .group:00000000 wm4.core_cm4.h.174.fcddd62df80231752fa39eb9b61dadfe
                           .group:00000000 wm4.mpu_armv7.h.32.4049752bb5792d4e15357775e9506cfc
                           .group:00000000 wm4.stm32g474xx.h.714.40df4d5d8bd1a3a0e2dcb49e18b09038
                           .group:00000000 wm4.stm32g4xx.h.158.aa4340ed3b15fb0d4b1741cf5ce96563
                           .group:00000000 wm4.stm32_hal_legacy.h.22.e1e932ae083ad1562e3b1af87ae47999
                           .group:00000000 wm4.stddef.h.39.0dc9006b34572d4d9cae4c8b422c4971
                           .group:00000000 wm4.stm32g4xx_hal_def.h.57.460ac21f0caebde175d7222cb23afe15
                           .group:00000000 wm4.stm32g4xx_hal_rcc.h.135.8d28bdf720f4165758e115c83d05a7c2
                           .group:00000000 wm4.stm32g4xx_hal_rcc_ex.h.20.a381de89af88802207f549f948fabbc4
                           .group:00000000 wm4.stm32g4xx_hal_gpio.h.21.2ca30689d7a5ad939e06f5298d557243
                           .group:00000000 wm4.stm32g4xx_hal_gpio_ex.h.22.1b7da6fc7615b2341724123ae8e461d9
                           .group:00000000 wm4.stm32g4xx_hal_dma.h.21.2e23b0d56595a6b838cda841e78b2cf2
                           .group:00000000 wm4.stm32g4xx_hal_dma_ex.h.21.93a1fe56678997ad72754076070f4a0d
                           .group:00000000 wm4.stm32g4xx_hal_dma.h.803.dd88ea57b632f588d556f066658ac8d8
                           .group:00000000 wm4.stm32g4xx_hal_cortex.h.20.1ad77fb6b4fc679887cb0a980ea44a7a
                           .group:00000000 wm4.stm32g4xx_ll_adc.h.21.8052bcc80fb264686ac0eb0df096b4eb
                           .group:00000000 wm4.stm32g4xx_hal_adc.h.441.b9143c2a34e1e7389f3042e2226178dc
                           .group:00000000 wm4.stm32g4xx_hal_adc_ex.h.21.bf5e513b0c782ac53971b6599734b8c4
                           .group:00000000 wm4.stm32g4xx_ll_exti.h.21.3148a6980741767f71761eb445f346e9
                           .group:00000000 wm4.stm32g4xx_hal_comp.h.74.993852ecfac8b19c902e64e33c61511c
ARM GAS   			page 48


                           .group:00000000 wm4.stm32g4xx_hal_dac.h.21.db627068e52007634376a4c972c5d419
                           .group:00000000 wm4.stm32g4xx_hal_dac_ex.h.21.3725e9b2e9e08a08e2a598b2d2f18a92
                           .group:00000000 wm4.stm32g4xx_hal_exti.h.21.723acd8e98480aae634680651af4eb2a
                           .group:00000000 wm4.stm32g4xx_hal_fdcan.h.21.7e3b4b48cfc4adf8b669f7e4b16ec2a0
                           .group:00000000 wm4.stm32g4xx_hal_flash.h.20.d5eb04c7abbe2eb79b40a04b3414a774
                           .group:00000000 wm4.stm32g4xx_hal_flash.h.868.06dd2f9ca2f40ac164951ad647480079
                           .group:00000000 wm4.stm32g4xx_hal_hrtim.h.21.5bb9cc2116aa63503a68d53ce84fbb8c
                           .group:00000000 wm4.stm32g4xx_hal_opamp.h.21.0de86917e81e98dccfa125838db59b66
                           .group:00000000 wm4.stm32g4xx_hal_pwr.h.21.9b149e14c0ecf58cee46e8fb7f654b77
                           .group:00000000 wm4.stm32g4xx_hal_pwr_ex.h.21.32206cbbd2cbec024b8600a98cfa3df7
                           .group:00000000 wm4.stm32g4xx_hal_tim.h.21.48998681c932026239437f6645b6b47f
                           .group:00000000 wm4.stm32g4xx_hal_tim_ex.h.21.931c546f492dcdbc9ac587da38712500
                           .group:00000000 wm4.stm32g4xx_hal.h.49.77ad48c45d6a59e5132483403b560be0
                           .group:00000000 wm4.main.h.60.b5d5fcf8e20642920eaa5e2c93fc5ae7

UNDEFINED SYMBOLS
memset
HAL_ADC_Init
HAL_ADCEx_MultiModeConfigChannel
HAL_ADC_AnalogWDGConfig
HAL_ADC_ConfigChannel
Error_Handler
HAL_RCCEx_PeriphCLKConfig
HAL_GPIO_Init
HAL_DMA_Init
HAL_GPIO_DeInit
HAL_DMA_DeInit
