ARM GAS   			page 1


   1              	 .cpu cortex-m4
   2              	 .arch armv7e-m
   3              	 .fpu fpv4-sp-d16
   4              	 .eabi_attribute 27,1
   5              	 .eabi_attribute 28,1
   6              	 .eabi_attribute 23,1
   7              	 .eabi_attribute 24,1
   8              	 .eabi_attribute 25,1
   9              	 .eabi_attribute 26,1
  10              	 .eabi_attribute 30,2
  11              	 .eabi_attribute 34,1
  12              	 .eabi_attribute 18,4
  13              	 .file "Interface.cpp"
  14              	 .text
  15              	.Ltext0:
  16              	 .cfi_sections .debug_frame
  17              	 .file 1 "Core/Src/Interface.cpp"
  18              	 .section .text._ZN6WS281232PWM_DMA_TransmitFinshed_CallbackEP19__TIM_HandleTypeDef,"ax",%progbits
  19              	 .align 1
  20              	 .p2align 2,,3
  21              	 .global _ZN6WS281232PWM_DMA_TransmitFinshed_CallbackEP19__TIM_HandleTypeDef
  22              	 .syntax unified
  23              	 .thumb
  24              	 .thumb_func
  26              	_ZN6WS281232PWM_DMA_TransmitFinshed_CallbackEP19__TIM_HandleTypeDef:
  27              	.LVL0:
  28              	.LFB594:
   1:Core/Src/Interface.cpp **** #include "Interface.hpp"
   2:Core/Src/Interface.cpp **** #include "main.h"
   3:Core/Src/Interface.cpp **** #include "stm32g4xx_hal_def.h"
   4:Core/Src/Interface.cpp **** #include "string.h"
   5:Core/Src/Interface.cpp **** 
   6:Core/Src/Interface.cpp **** // extern uint32_t vTick;
   7:Core/Src/Interface.cpp **** 
   8:Core/Src/Interface.cpp **** InterfaceStatus interfaceStatus;
   9:Core/Src/Interface.cpp **** 
  10:Core/Src/Interface.cpp **** typedef struct {
  11:Core/Src/Interface.cpp ****   RGB rgbs[LED_NUM];
  12:Core/Src/Interface.cpp ****   unsigned char updatedFlag;
  13:Core/Src/Interface.cpp ****   unsigned char txFlag;
  14:Core/Src/Interface.cpp **** } RGBStatus;
  15:Core/Src/Interface.cpp **** 
  16:Core/Src/Interface.cpp **** namespace WS2812 {
  17:Core/Src/Interface.cpp **** 
  18:Core/Src/Interface.cpp **** static RGBStatus rgbStatus;
  19:Core/Src/Interface.cpp **** static int ws2812_isInit = 0;
  20:Core/Src/Interface.cpp **** 
  21:Core/Src/Interface.cpp **** void PWM_DMA_TransmitFinshed_Callback(TIM_HandleTypeDef *htim) {
  29              	 .loc 1 21 64 view-0
  30              	 .cfi_startproc
  31              	 
  32              	 
  22:Core/Src/Interface.cpp ****   if (htim == &WS2812_TIM) {
  33              	 .loc 1 22 3 view .LVU1
  21:Core/Src/Interface.cpp ****   if (htim == &WS2812_TIM) {
  34              	 .loc 1 21 64 is_stmt 0 view .LVU2
  35 0000 08B5     	 push {r3,lr}
ARM GAS   			page 2


  36              	 .cfi_def_cfa_offset 8
  37              	 .cfi_offset 3,-8
  38              	 .cfi_offset 14,-4
  39              	 .loc 1 22 3 view .LVU3
  40 0002 054B     	 ldr r3,.L6
  41 0004 8342     	 cmp r3,r0
  42 0006 00D0     	 beq .L5
  23:Core/Src/Interface.cpp ****     HAL_TIM_PWM_Stop_DMA(htim, WS2812_TIM_CHANNEL);
  24:Core/Src/Interface.cpp ****     rgbStatus.txFlag = 0;
  25:Core/Src/Interface.cpp ****   }
  26:Core/Src/Interface.cpp **** }
  43              	 .loc 1 26 1 view .LVU4
  44 0008 08BD     	 pop {r3,pc}
  45              	.L5:
  46              	.LBB21:
  47              	.LBI21:
  21:Core/Src/Interface.cpp ****   if (htim == &WS2812_TIM) {
  48              	 .loc 1 21 6 is_stmt 1 view .LVU5
  49              	.LVL1:
  50              	.LBB22:
  23:Core/Src/Interface.cpp ****     HAL_TIM_PWM_Stop_DMA(htim, WS2812_TIM_CHANNEL);
  51              	 .loc 1 23 5 view .LVU6
  23:Core/Src/Interface.cpp ****     HAL_TIM_PWM_Stop_DMA(htim, WS2812_TIM_CHANNEL);
  52              	 .loc 1 23 25 is_stmt 0 view .LVU7
  53 000a 0821     	 movs r1,#8
  54 000c FFF7FEFF 	 bl HAL_TIM_PWM_Stop_DMA
  55              	.LVL2:
  24:Core/Src/Interface.cpp ****   }
  56              	 .loc 1 24 5 is_stmt 1 view .LVU8
  24:Core/Src/Interface.cpp ****   }
  57              	 .loc 1 24 22 is_stmt 0 view .LVU9
  58 0010 024B     	 ldr r3,.L6+4
  59 0012 0022     	 movs r2,#0
  60 0014 9A72     	 strb r2,[r3,#10]
  61              	.LVL3:
  24:Core/Src/Interface.cpp ****   }
  62              	 .loc 1 24 22 view .LVU10
  63              	.LBE22:
  64              	.LBE21:
  65              	 .loc 1 26 1 view .LVU11
  66 0016 08BD     	 pop {r3,pc}
  67              	.L7:
  68              	 .align 2
  69              	.L6:
  70 0018 00000000 	 .word htim2
  71 001c 00000000 	 .word _ZN6WS2812L9rgbStatusE
  72              	 .cfi_endproc
  73              	.LFE594:
  75              	 .section .text._ZN6WS28124initEv,"ax",%progbits
  76              	 .align 1
  77              	 .p2align 2,,3
  78              	 .global _ZN6WS28124initEv
  79              	 .syntax unified
  80              	 .thumb
  81              	 .thumb_func
  83              	_ZN6WS28124initEv:
  84              	.LFB595:
ARM GAS   			page 3


  27:Core/Src/Interface.cpp **** 
  28:Core/Src/Interface.cpp **** static uint32_t CCRDMABuff[LED_NUM * sizeof(RGB) * 8 + 1];
  29:Core/Src/Interface.cpp **** 
  30:Core/Src/Interface.cpp **** void init() {
  85              	 .loc 1 30 13 is_stmt 1 view-0
  86              	 .cfi_startproc
  87              	 
  88              	 
  89              	 
  31:Core/Src/Interface.cpp ****   if (ws2812_isInit)
  90              	 .loc 1 31 3 view .LVU13
  91              	 .loc 1 31 7 is_stmt 0 view .LVU14
  92 0000 064B     	 ldr r3,.L14
  93              	 .loc 1 31 3 view .LVU15
  94 0002 1A68     	 ldr r2,[r3]
  95 0004 02B1     	 cbz r2,.L13
  96 0006 7047     	 bx lr
  97              	.L13:
  32:Core/Src/Interface.cpp ****     return;
  33:Core/Src/Interface.cpp ****   ws2812_isInit = 1;
  98              	 .loc 1 33 3 is_stmt 1 view .LVU16
  30:Core/Src/Interface.cpp ****   if (ws2812_isInit)
  99              	 .loc 1 30 13 is_stmt 0 view .LVU17
 100 0008 10B4     	 push {r4}
 101              	 .cfi_def_cfa_offset 4
 102              	 .cfi_offset 4,-4
 103              	 .loc 1 33 17 view .LVU18
 104 000a 0124     	 movs r4,#1
 105 000c 1C60     	 str r4,[r3]
  34:Core/Src/Interface.cpp ****   HAL_TIM_RegisterCallback(&WS2812_TIM, HAL_TIM_PWM_PULSE_FINISHED_CB_ID,
 106              	 .loc 1 34 3 is_stmt 1 view .LVU19
 107              	 .loc 1 34 27 is_stmt 0 view .LVU20
 108 000e 044A     	 ldr r2,.L14+4
 109 0010 0448     	 ldr r0,.L14+8
  35:Core/Src/Interface.cpp ****                            PWM_DMA_TransmitFinshed_Callback);
  36:Core/Src/Interface.cpp **** }
 110              	 .loc 1 36 1 view .LVU21
 111 0012 5DF8044B 	 ldr r4,[sp],#4
 112              	 .cfi_restore 4
 113              	 .cfi_def_cfa_offset 0
  34:Core/Src/Interface.cpp ****   HAL_TIM_RegisterCallback(&WS2812_TIM, HAL_TIM_PWM_PULSE_FINISHED_CB_ID,
 114              	 .loc 1 34 27 view .LVU22
 115 0016 1521     	 movs r1,#21
 116 0018 FFF7FEBF 	 b HAL_TIM_RegisterCallback
 117              	.LVL4:
 118              	.L15:
 119              	 .align 2
 120              	.L14:
 121 001c 00000000 	 .word _ZN6WS2812L13ws2812_isInitE
 122 0020 00000000 	 .word _ZN6WS281232PWM_DMA_TransmitFinshed_CallbackEP19__TIM_HandleTypeDef
 123 0024 00000000 	 .word htim2
 124              	 .cfi_endproc
 125              	.LFE595:
 127              	 .section .text._ZN6WS28126updateEv,"ax",%progbits
 128              	 .align 1
 129              	 .p2align 2,,3
 130              	 .global _ZN6WS28126updateEv
ARM GAS   			page 4


 131              	 .syntax unified
 132              	 .thumb
 133              	 .thumb_func
 135              	_ZN6WS28126updateEv:
 136              	.LFB596:
  37:Core/Src/Interface.cpp **** 
  38:Core/Src/Interface.cpp **** void update() {
 137              	 .loc 1 38 15 is_stmt 1 view-0
 138              	 .cfi_startproc
 139              	 
 140              	 
  39:Core/Src/Interface.cpp ****   if (!rgbStatus.updatedFlag)
 141              	 .loc 1 39 3 view .LVU24
  38:Core/Src/Interface.cpp ****   if (!rgbStatus.updatedFlag)
 142              	 .loc 1 38 15 is_stmt 0 view .LVU25
 143 0000 2DE9F041 	 push {r4,r5,r6,r7,r8,lr}
 144              	 .cfi_def_cfa_offset 24
 145              	 .cfi_offset 4,-24
 146              	 .cfi_offset 5,-20
 147              	 .cfi_offset 6,-16
 148              	 .cfi_offset 7,-12
 149              	 .cfi_offset 8,-8
 150              	 .cfi_offset 14,-4
 151              	 .loc 1 39 18 view .LVU26
 152 0004 1A4F     	 ldr r7,.L31
 153              	 .loc 1 39 3 view .LVU27
 154 0006 7B7A     	 ldrb r3,[r7,#9]
 155 0008 53B3     	 cbz r3,.L16
  40:Core/Src/Interface.cpp ****     return;
  41:Core/Src/Interface.cpp ****   if (rgbStatus.txFlag)
 156              	 .loc 1 41 3 is_stmt 1 view .LVU28
 157 000a BB7A     	 ldrb r3,[r7,#10]
 158 000c 43BB     	 cbnz r3,.L16
  42:Core/Src/Interface.cpp ****     return;
  43:Core/Src/Interface.cpp ****   rgbStatus.txFlag = 1;
 159              	 .loc 1 43 3 view .LVU29
 160 000e 194D     	 ldr r5,.L31+4
 161              	 .loc 1 43 20 is_stmt 0 view .LVU30
 162 0010 0122     	 movs r2,#1
 163 0012 BA72     	 strb r2,[r7,#10]
  44:Core/Src/Interface.cpp ****   unsigned int data;
 164              	 .loc 1 44 3 is_stmt 1 view .LVU31
  45:Core/Src/Interface.cpp **** 
  46:Core/Src/Interface.cpp ****   /*Pack the RGB Value*/
  47:Core/Src/Interface.cpp ****   for (unsigned int i = 0; i < LED_NUM; i++) {
 165              	 .loc 1 47 3 view .LVU32
 166              	.LVL5:
 167              	.LBB23:
 168              	 .loc 1 47 30 discriminator 1 view .LVU33
 169 0014 B846     	 mov r8,r7
 170 0016 AE46     	 mov lr,r5
 171              	.LBE23:
  43:Core/Src/Interface.cpp ****   unsigned int data;
 172              	 .loc 1 43 20 is_stmt 0 view .LVU34
 173 0018 9C46     	 mov ip,r3
 174              	.LBB30:
 175              	.LBB24:
ARM GAS   			page 5


 176              	.LBB25:
  48:Core/Src/Interface.cpp ****     data = *(unsigned volatile int *)(&rgbStatus.rgbs[i]);
  49:Core/Src/Interface.cpp ****     for (unsigned int j = 0; j < sizeof(RGB) * 8; j++)
  50:Core/Src/Interface.cpp ****       CCRDMABuff[i * sizeof(RGB) * 8 + j] =
 177              	 .loc 1 50 43 view .LVU35
 178 001a 8926     	 movs r6,#137
 179 001c 4524     	 movs r4,#69
 180              	.LVL6:
 181              	.L22:
 182              	 .loc 1 50 43 view .LVU36
 183              	.LBE25:
  48:Core/Src/Interface.cpp ****     data = *(unsigned volatile int *)(&rgbStatus.rgbs[i]);
 184              	 .loc 1 48 5 is_stmt 1 view .LVU37
  48:Core/Src/Interface.cpp ****     data = *(unsigned volatile int *)(&rgbStatus.rgbs[i]);
 185              	 .loc 1 48 10 is_stmt 0 view .LVU38
 186 001e D8F80000 	 ldr r0,[r8]
 187              	.LVL7:
  49:Core/Src/Interface.cpp ****       CCRDMABuff[i * sizeof(RGB) * 8 + j] =
 188              	 .loc 1 49 5 is_stmt 1 view .LVU39
 189              	.LBB26:
  49:Core/Src/Interface.cpp ****       CCRDMABuff[i * sizeof(RGB) * 8 + j] =
 190              	 .loc 1 49 32 discriminator 1 view .LVU40
 191              	.LBE26:
  48:Core/Src/Interface.cpp ****     data = *(unsigned volatile int *)(&rgbStatus.rgbs[i]);
 192              	 .loc 1 48 10 is_stmt 0 view .LVU41
 193 0022 7246     	 mov r2,lr
 194 0024 1723     	 movs r3,#23
 195              	.LVL8:
 196              	.L21:
 197              	.LBB27:
 198              	 .loc 1 50 7 is_stmt 1 view .LVU42
  51:Core/Src/Interface.cpp ****           ((1UL << (23 - j)) & data) ? BIT1_WIDTH : BIT0_WIDTH;
 199              	 .loc 1 51 30 is_stmt 0 view .LVU43
 200 0026 20FA03F1 	 lsr r1,r0,r3
 201              	 .loc 1 51 38 view .LVU44
 202 002a C907     	 lsls r1,r1,#31
  49:Core/Src/Interface.cpp ****       CCRDMABuff[i * sizeof(RGB) * 8 + j] =
 203              	 .loc 1 49 32 discriminator 1 view .LVU45
 204 002c 03F1FF33 	 add r3,r3,#-1
 205              	.LVL9:
 206              	 .loc 1 51 38 view .LVU46
 207 0030 18D4     	 bmi .L18
  49:Core/Src/Interface.cpp ****       CCRDMABuff[i * sizeof(RGB) * 8 + j] =
 208              	 .loc 1 49 32 discriminator 1 view .LVU47
 209 0032 591C     	 adds r1,r3,#1
 210              	.LVL10:
  50:Core/Src/Interface.cpp ****           ((1UL << (23 - j)) & data) ? BIT1_WIDTH : BIT0_WIDTH;
 211              	 .loc 1 50 43 view .LVU48
 212 0034 42F8044B 	 str r4,[r2],#4
  49:Core/Src/Interface.cpp ****       CCRDMABuff[i * sizeof(RGB) * 8 + j] =
 213              	 .loc 1 49 5 is_stmt 1 discriminator 2 view .LVU49
 214              	.LVL11:
  49:Core/Src/Interface.cpp ****       CCRDMABuff[i * sizeof(RGB) * 8 + j] =
 215              	 .loc 1 49 32 discriminator 1 view .LVU50
 216 0038 F5D1     	 bne .L21
 217              	.L20:
 218              	.LBE27:
ARM GAS   			page 6


 219              	.LBE24:
  47:Core/Src/Interface.cpp ****     data = *(unsigned volatile int *)(&rgbStatus.rgbs[i]);
 220              	 .loc 1 47 3 discriminator 2 view .LVU51
  47:Core/Src/Interface.cpp ****     data = *(unsigned volatile int *)(&rgbStatus.rgbs[i]);
 221              	 .loc 1 47 30 discriminator 1 view .LVU52
 222 003a 0CF1180C 	 add ip,ip,#24
 223 003e BCF1480F 	 cmp ip,#72
 224 0042 08F10308 	 add r8,r8,#3
 225 0046 0EF1600E 	 add lr,lr,#96
 226 004a E8D1     	 bne .L22
 227              	.LBE30:
  52:Core/Src/Interface.cpp ****   }
  53:Core/Src/Interface.cpp ****   CCRDMABuff[LED_NUM * sizeof(RGB) * 8] = 0;
 228              	 .loc 1 53 3 view .LVU53
 229              	 .loc 1 53 41 is_stmt 0 view .LVU54
 230 004c 0024     	 movs r4,#0
  54:Core/Src/Interface.cpp **** 
  55:Core/Src/Interface.cpp ****   /*Transmit DMA*/
  56:Core/Src/Interface.cpp ****   HAL_TIM_PWM_Start_DMA(&WS2812_TIM, WS2812_TIM_CHANNEL, CCRDMABuff,
 231              	 .loc 1 56 24 view .LVU55
 232 004e 094A     	 ldr r2,.L31+4
 233 0050 0948     	 ldr r0,.L31+8
 234              	.LVL12:
  53:Core/Src/Interface.cpp **** 
 235              	 .loc 1 53 41 view .LVU56
 236 0052 C5F82041 	 str r4,[r5,#288]
 237              	 .loc 1 56 3 is_stmt 1 view .LVU57
 238              	 .loc 1 56 24 is_stmt 0 view .LVU58
 239 0056 4923     	 movs r3,#73
 240 0058 0821     	 movs r1,#8
 241 005a FFF7FEFF 	 bl HAL_TIM_PWM_Start_DMA
 242              	.LVL13:
  57:Core/Src/Interface.cpp ****                         LED_NUM * sizeof(RGB) * 8 + 1);
  58:Core/Src/Interface.cpp ****   rgbStatus.updatedFlag = 0;
 243              	 .loc 1 58 3 is_stmt 1 view .LVU59
 244              	 .loc 1 58 25 is_stmt 0 view .LVU60
 245 005e 7C72     	 strb r4,[r7,#9]
 246              	.LVL14:
 247              	.L16:
  59:Core/Src/Interface.cpp **** }
 248              	 .loc 1 59 1 view .LVU61
 249 0060 BDE8F081 	 pop {r4,r5,r6,r7,r8,pc}
 250              	.LVL15:
 251              	.L18:
 252              	.LBB31:
 253              	.LBB29:
 254              	.LBB28:
  49:Core/Src/Interface.cpp ****       CCRDMABuff[i * sizeof(RGB) * 8 + j] =
 255              	 .loc 1 49 32 discriminator 1 view .LVU62
 256 0064 591C     	 adds r1,r3,#1
  50:Core/Src/Interface.cpp ****           ((1UL << (23 - j)) & data) ? BIT1_WIDTH : BIT0_WIDTH;
 257              	 .loc 1 50 43 view .LVU63
 258 0066 42F8046B 	 str r6,[r2],#4
  49:Core/Src/Interface.cpp ****       CCRDMABuff[i * sizeof(RGB) * 8 + j] =
 259              	 .loc 1 49 5 is_stmt 1 discriminator 2 view .LVU64
 260              	.LVL16:
  49:Core/Src/Interface.cpp ****       CCRDMABuff[i * sizeof(RGB) * 8 + j] =
ARM GAS   			page 7


 261              	 .loc 1 49 32 discriminator 1 view .LVU65
 262 006a DCD1     	 bne .L21
 263 006c E5E7     	 b .L20
 264              	.L32:
 265 006e 00BF     	 .align 2
 266              	.L31:
 267 0070 00000000 	 .word _ZN6WS2812L9rgbStatusE
 268 0074 00000000 	 .word _ZN6WS2812L10CCRDMABuffE
 269 0078 00000000 	 .word htim2
 270              	.LBE28:
 271              	.LBE29:
 272              	.LBE31:
 273              	 .cfi_endproc
 274              	.LFE596:
 276              	 .section .text._ZN6WS28125blinkEhhhh,"ax",%progbits
 277              	 .align 1
 278              	 .p2align 2,,3
 279              	 .global _ZN6WS28125blinkEhhhh
 280              	 .syntax unified
 281              	 .thumb
 282              	 .thumb_func
 284              	_ZN6WS28125blinkEhhhh:
 285              	.LVL17:
 286              	.LFB597:
  60:Core/Src/Interface.cpp **** 
  61:Core/Src/Interface.cpp **** void blink(uint8_t index, uint8_t r, uint8_t g, uint8_t b) {
 287              	 .loc 1 61 60 view-0
 288              	 .cfi_startproc
 289              	 
 290              	 
 291              	 
  62:Core/Src/Interface.cpp ****   if (index >= LED_NUM || rgbStatus.txFlag)
 292              	 .loc 1 62 3 view .LVU67
 293 0000 0228     	 cmp r0,#2
 294 0002 0DD8     	 bhi .L36
  61:Core/Src/Interface.cpp ****   if (index >= LED_NUM || rgbStatus.txFlag)
 295              	 .loc 1 61 60 is_stmt 0 view .LVU68
 296 0004 30B4     	 push {r4,r5}
 297              	 .cfi_def_cfa_offset 8
 298              	 .cfi_offset 4,-8
 299              	 .cfi_offset 5,-4
 300              	 .loc 1 62 37 discriminator 1 view .LVU69
 301 0006 074C     	 ldr r4,.L39
 302              	 .loc 1 62 24 discriminator 1 view .LVU70
 303 0008 A57A     	 ldrb r5,[r4,#10]
 304 000a 3DB9     	 cbnz r5,.L33
  63:Core/Src/Interface.cpp ****     return;
  64:Core/Src/Interface.cpp ****   rgbStatus.updatedFlag = 1;
 305              	 .loc 1 64 3 is_stmt 1 view .LVU71
  65:Core/Src/Interface.cpp ****   rgbStatus.rgbs[index].blue = b;
 306              	 .loc 1 65 30 is_stmt 0 view .LVU72
 307 000c 00EB4000 	 add r0,r0,r0,lsl#1
 308              	.LVL18:
 309              	 .loc 1 65 30 view .LVU73
 310 0010 2354     	 strb r3,[r4,r0]
 311 0012 2044     	 add r0,r0,r4
  64:Core/Src/Interface.cpp ****   rgbStatus.rgbs[index].blue = b;
ARM GAS   			page 8


 312              	 .loc 1 64 25 view .LVU74
 313 0014 0123     	 movs r3,#1
 314              	.LVL19:
  66:Core/Src/Interface.cpp ****   rgbStatus.rgbs[index].green = g;
 315              	 .loc 1 66 31 view .LVU75
 316 0016 8270     	 strb r2,[r0,#2]
  67:Core/Src/Interface.cpp ****   rgbStatus.rgbs[index].red = r;
 317              	 .loc 1 67 29 view .LVU76
 318 0018 4170     	 strb r1,[r0,#1]
  64:Core/Src/Interface.cpp ****   rgbStatus.rgbs[index].blue = b;
 319              	 .loc 1 64 25 view .LVU77
 320 001a 6372     	 strb r3,[r4,#9]
  65:Core/Src/Interface.cpp ****   rgbStatus.rgbs[index].green = g;
 321              	 .loc 1 65 3 is_stmt 1 view .LVU78
  66:Core/Src/Interface.cpp ****   rgbStatus.rgbs[index].green = g;
 322              	 .loc 1 66 3 view .LVU79
 323              	 .loc 1 67 3 view .LVU80
 324              	.LVL20:
 325              	.L33:
  68:Core/Src/Interface.cpp **** }
 326              	 .loc 1 68 1 is_stmt 0 view .LVU81
 327 001c 30BC     	 pop {r4,r5}
 328              	 .cfi_restore 5
 329              	 .cfi_restore 4
 330              	 .cfi_def_cfa_offset 0
 331 001e 7047     	 bx lr
 332              	.LVL21:
 333              	.L36:
 334              	 .loc 1 68 1 view .LVU82
 335 0020 7047     	 bx lr
 336              	.L40:
 337 0022 00BF     	 .align 2
 338              	.L39:
 339 0024 00000000 	 .word _ZN6WS2812L9rgbStatusE
 340              	 .cfi_endproc
 341              	.LFE597:
 343              	 .section .text._ZN6WS28125blinkEhm,"ax",%progbits
 344              	 .align 1
 345              	 .p2align 2,,3
 346              	 .global _ZN6WS28125blinkEhm
 347              	 .syntax unified
 348              	 .thumb
 349              	 .thumb_func
 351              	_ZN6WS28125blinkEhm:
 352              	.LVL22:
 353              	.LFB598:
  69:Core/Src/Interface.cpp **** 
  70:Core/Src/Interface.cpp **** void blink(uint8_t index, uint32_t colorCode) {
 354              	 .loc 1 70 47 is_stmt 1 view-0
 355              	 .cfi_startproc
 356              	 
 357              	 
 358              	 
  71:Core/Src/Interface.cpp ****   if (index >= LED_NUM || rgbStatus.txFlag)
 359              	 .loc 1 71 3 view .LVU84
 360 0000 0228     	 cmp r0,#2
 361 0002 0ED8     	 bhi .L41
ARM GAS   			page 9


 362              	 .loc 1 71 37 is_stmt 0 discriminator 1 view .LVU85
 363 0004 074B     	 ldr r3,.L43
 364              	 .loc 1 71 24 discriminator 1 view .LVU86
 365 0006 9A7A     	 ldrb r2,[r3,#10]
 366 0008 5AB9     	 cbnz r2,.L41
  72:Core/Src/Interface.cpp ****     return;
  73:Core/Src/Interface.cpp ****   rgbStatus.updatedFlag = 1;
 367              	 .loc 1 73 3 is_stmt 1 view .LVU87
  74:Core/Src/Interface.cpp ****   rgbStatus.rgbs[index].red = (colorCode >> 16) & 0xFF;
 368              	 .loc 1 74 29 is_stmt 0 view .LVU88
 369 000a 00EB4000 	 add r0,r0,r0,lsl#1
 370              	.LVL23:
 371              	 .loc 1 74 29 view .LVU89
 372 000e 1A18     	 adds r2,r3,r0
  73:Core/Src/Interface.cpp ****   rgbStatus.rgbs[index].red = (colorCode >> 16) & 0xFF;
 373              	 .loc 1 73 25 view .LVU90
 374 0010 4FF0010C 	 mov ip,#1
  75:Core/Src/Interface.cpp ****   rgbStatus.rgbs[index].green = (colorCode >> 8) & 0xFF;
  76:Core/Src/Interface.cpp ****   rgbStatus.rgbs[index].blue = colorCode & 0xFF;
 375              	 .loc 1 76 30 view .LVU91
 376 0014 1954     	 strb r1,[r3,r0]
  73:Core/Src/Interface.cpp ****   rgbStatus.rgbs[index].red = (colorCode >> 16) & 0xFF;
 377              	 .loc 1 73 25 view .LVU92
 378 0016 83F809C0 	 strb ip,[r3,#9]
  74:Core/Src/Interface.cpp ****   rgbStatus.rgbs[index].green = (colorCode >> 8) & 0xFF;
 379              	 .loc 1 74 3 is_stmt 1 view .LVU93
  74:Core/Src/Interface.cpp ****   rgbStatus.rgbs[index].green = (colorCode >> 8) & 0xFF;
 380              	 .loc 1 74 42 is_stmt 0 view .LVU94
 381 001a 0B0C     	 lsrs r3,r1,#16
  75:Core/Src/Interface.cpp ****   rgbStatus.rgbs[index].green = (colorCode >> 8) & 0xFF;
 382              	 .loc 1 75 44 view .LVU95
 383 001c 090A     	 lsrs r1,r1,#8
 384              	.LVL24:
  74:Core/Src/Interface.cpp ****   rgbStatus.rgbs[index].green = (colorCode >> 8) & 0xFF;
 385              	 .loc 1 74 29 view .LVU96
 386 001e 5370     	 strb r3,[r2,#1]
  75:Core/Src/Interface.cpp ****   rgbStatus.rgbs[index].green = (colorCode >> 8) & 0xFF;
 387              	 .loc 1 75 3 is_stmt 1 view .LVU97
  75:Core/Src/Interface.cpp ****   rgbStatus.rgbs[index].green = (colorCode >> 8) & 0xFF;
 388              	 .loc 1 75 31 is_stmt 0 view .LVU98
 389 0020 9170     	 strb r1,[r2,#2]
 390              	 .loc 1 76 3 is_stmt 1 view .LVU99
 391              	.L41:
  77:Core/Src/Interface.cpp **** }
 392              	 .loc 1 77 1 is_stmt 0 view .LVU100
 393 0022 7047     	 bx lr
 394              	.L44:
 395              	 .align 2
 396              	.L43:
 397 0024 00000000 	 .word _ZN6WS2812L9rgbStatusE
 398              	 .cfi_endproc
 399              	.LFE598:
 401              	 .section .text._ZN6Buzzer4initEv,"ax",%progbits
 402              	 .align 1
 403              	 .p2align 2,,3
 404              	 .global _ZN6Buzzer4initEv
 405              	 .syntax unified
ARM GAS   			page 10


 406              	 .thumb
 407              	 .thumb_func
 409              	_ZN6Buzzer4initEv:
 410              	.LFB599:
  78:Core/Src/Interface.cpp **** 
  79:Core/Src/Interface.cpp **** } // namespace WS2812
  80:Core/Src/Interface.cpp **** 
  81:Core/Src/Interface.cpp **** namespace Buzzer {
  82:Core/Src/Interface.cpp **** 
  83:Core/Src/Interface.cpp **** uint32_t stopTime = 0;
  84:Core/Src/Interface.cpp **** 
  85:Core/Src/Interface.cpp **** void init() {
 411              	 .loc 1 85 13 is_stmt 1 view-0
 412              	 .cfi_startproc
 413              	 
 414              	 
 415              	 
  86:Core/Src/Interface.cpp ****   __HAL_TIM_SET_AUTORELOAD(&BUZZER_TIM, 10000000U / 2500U - 1);
 416              	 .loc 1 86 3 view .LVU102
 417              	 .loc 1 86 3 view .LVU103
 418 0000 0648     	 ldr r0,.L47
 419 0002 0268     	 ldr r2,[r0]
  85:Core/Src/Interface.cpp ****   __HAL_TIM_SET_AUTORELOAD(&BUZZER_TIM, 10000000U / 2500U - 1);
 420              	 .loc 1 85 13 is_stmt 0 view .LVU104
 421 0004 10B4     	 push {r4}
 422              	 .cfi_def_cfa_offset 4
 423              	 .cfi_offset 4,-4
 424              	 .loc 1 86 3 view .LVU105
 425 0006 40F69F73 	 movw r3,#3999
  87:Core/Src/Interface.cpp ****   __HAL_TIM_SET_COMPARE(&BUZZER_TIM, BUZZER_TIM_CHANNEL, 0U);
 426              	 .loc 1 87 3 view .LVU106
 427 000a 0024     	 movs r4,#0
  86:Core/Src/Interface.cpp ****   __HAL_TIM_SET_AUTORELOAD(&BUZZER_TIM, 10000000U / 2500U - 1);
 428              	 .loc 1 86 3 view .LVU107
 429 000c D362     	 str r3,[r2,#44]
  86:Core/Src/Interface.cpp ****   __HAL_TIM_SET_AUTORELOAD(&BUZZER_TIM, 10000000U / 2500U - 1);
 430              	 .loc 1 86 3 is_stmt 1 view .LVU108
  88:Core/Src/Interface.cpp ****   HAL_TIMEx_PWMN_Start(&BUZZER_TIM, BUZZER_TIM_CHANNEL);
 431              	 .loc 1 88 23 is_stmt 0 view .LVU109
 432 000e 0421     	 movs r1,#4
  87:Core/Src/Interface.cpp ****   __HAL_TIM_SET_COMPARE(&BUZZER_TIM, BUZZER_TIM_CHANNEL, 0U);
 433              	 .loc 1 87 3 view .LVU110
 434 0010 9463     	 str r4,[r2,#56]
  89:Core/Src/Interface.cpp **** }
 435              	 .loc 1 89 1 view .LVU111
 436 0012 5DF8044B 	 ldr r4,[sp],#4
 437              	 .cfi_restore 4
 438              	 .cfi_def_cfa_offset 0
  86:Core/Src/Interface.cpp ****   __HAL_TIM_SET_COMPARE(&BUZZER_TIM, BUZZER_TIM_CHANNEL, 0U);
 439              	 .loc 1 86 3 view .LVU112
 440 0016 C360     	 str r3,[r0,#12]
  86:Core/Src/Interface.cpp ****   __HAL_TIM_SET_COMPARE(&BUZZER_TIM, BUZZER_TIM_CHANNEL, 0U);
 441              	 .loc 1 86 3 is_stmt 1 view .LVU113
  87:Core/Src/Interface.cpp ****   HAL_TIMEx_PWMN_Start(&BUZZER_TIM, BUZZER_TIM_CHANNEL);
 442              	 .loc 1 87 3 view .LVU114
  88:Core/Src/Interface.cpp **** }
 443              	 .loc 1 88 3 view .LVU115
ARM GAS   			page 11


  88:Core/Src/Interface.cpp **** }
 444              	 .loc 1 88 23 is_stmt 0 view .LVU116
 445 0018 FFF7FEBF 	 b HAL_TIMEx_PWMN_Start
 446              	.LVL25:
 447              	.L48:
 448              	 .align 2
 449              	.L47:
 450 001c 00000000 	 .word htim1
 451              	 .cfi_endproc
 452              	.LFE599:
 454              	 .section .text._ZN6Buzzer4stopEv,"ax",%progbits
 455              	 .align 1
 456              	 .p2align 2,,3
 457              	 .global _ZN6Buzzer4stopEv
 458              	 .syntax unified
 459              	 .thumb
 460              	 .thumb_func
 462              	_ZN6Buzzer4stopEv:
 463              	.LFB600:
  90:Core/Src/Interface.cpp **** 
  91:Core/Src/Interface.cpp **** void stop() { __HAL_TIM_SET_COMPARE(&BUZZER_TIM, BUZZER_TIM_CHANNEL, 0U); }
 464              	 .loc 1 91 13 is_stmt 1 view-0
 465              	 .cfi_startproc
 466              	 
 467              	 
 468              	 
 469              	 .loc 1 91 15 view .LVU118
 470 0000 024B     	 ldr r3,.L50
 471 0002 1B68     	 ldr r3,[r3]
 472 0004 0022     	 movs r2,#0
 473 0006 9A63     	 str r2,[r3,#56]
 474              	 .loc 1 91 75 is_stmt 0 view .LVU119
 475 0008 7047     	 bx lr
 476              	.L51:
 477 000a 00BF     	 .align 2
 478              	.L50:
 479 000c 00000000 	 .word htim1
 480              	 .cfi_endproc
 481              	.LFE600:
 483              	 .section .text._ZN6Buzzer4playEtt,"ax",%progbits
 484              	 .align 1
 485              	 .p2align 2,,3
 486              	 .global _ZN6Buzzer4playEtt
 487              	 .syntax unified
 488              	 .thumb
 489              	 .thumb_func
 491              	_ZN6Buzzer4playEtt:
 492              	.LVL26:
 493              	.LFB601:
  92:Core/Src/Interface.cpp **** 
  93:Core/Src/Interface.cpp **** void play(uint16_t freq, uint16_t duration) {
 494              	 .loc 1 93 45 is_stmt 1 view-0
 495              	 .cfi_startproc
 496              	 
 497              	 
 498              	 
  94:Core/Src/Interface.cpp ****   __HAL_TIM_SET_AUTORELOAD(&BUZZER_TIM, 10000000U / freq - 1);
ARM GAS   			page 12


 499              	 .loc 1 94 3 view .LVU121
 500              	 .loc 1 94 3 view .LVU122
 501 0000 094A     	 ldr r2,.L54
 502 0002 0A4B     	 ldr r3,.L54+4
 503 0004 B3FBF0F3 	 udiv r3,r3,r0
  93:Core/Src/Interface.cpp ****   __HAL_TIM_SET_AUTORELOAD(&BUZZER_TIM, 10000000U / freq - 1);
 504              	 .loc 1 93 45 is_stmt 0 view .LVU123
 505 0008 30B4     	 push {r4,r5}
 506              	 .cfi_def_cfa_offset 8
 507              	 .cfi_offset 4,-8
 508              	 .cfi_offset 5,-4
 509              	 .loc 1 94 3 view .LVU124
 510 000a 1468     	 ldr r4,[r2]
  95:Core/Src/Interface.cpp ****   __HAL_TIM_SET_COMPARE(&BUZZER_TIM, BUZZER_TIM_CHANNEL, 5000000U / freq);
  96:Core/Src/Interface.cpp ****   stopTime = sysData.vTick + duration;
 511              	 .loc 1 96 12 view .LVU125
 512 000c 084D     	 ldr r5,.L54+8
  94:Core/Src/Interface.cpp ****   __HAL_TIM_SET_COMPARE(&BUZZER_TIM, BUZZER_TIM_CHANNEL, 5000000U / freq);
 513              	 .loc 1 94 3 view .LVU126
 514 000e 013B     	 subs r3,r3,#1
 515 0010 E362     	 str r3,[r4,#44]
  94:Core/Src/Interface.cpp ****   __HAL_TIM_SET_COMPARE(&BUZZER_TIM, BUZZER_TIM_CHANNEL, 5000000U / freq);
 516              	 .loc 1 94 3 is_stmt 1 view .LVU127
 517 0012 D360     	 str r3,[r2,#12]
  94:Core/Src/Interface.cpp ****   __HAL_TIM_SET_COMPARE(&BUZZER_TIM, BUZZER_TIM_CHANNEL, 5000000U / freq);
 518              	 .loc 1 94 3 view .LVU128
  95:Core/Src/Interface.cpp ****   __HAL_TIM_SET_COMPARE(&BUZZER_TIM, BUZZER_TIM_CHANNEL, 5000000U / freq);
 519              	 .loc 1 95 3 view .LVU129
 520              	 .loc 1 96 22 is_stmt 0 view .LVU130
 521 0014 074B     	 ldr r3,.L54+12
 522              	 .loc 1 96 28 view .LVU131
 523 0016 1A68     	 ldr r2,[r3]
  95:Core/Src/Interface.cpp ****   __HAL_TIM_SET_COMPARE(&BUZZER_TIM, BUZZER_TIM_CHANNEL, 5000000U / freq);
 524              	 .loc 1 95 3 view .LVU132
 525 0018 074B     	 ldr r3,.L54+16
 526 001a B3FBF0F3 	 udiv r3,r3,r0
 527              	 .loc 1 96 28 view .LVU133
 528 001e 0A44     	 add r2,r2,r1
 529              	 .loc 1 96 12 view .LVU134
 530 0020 2A60     	 str r2,[r5]
  95:Core/Src/Interface.cpp ****   __HAL_TIM_SET_COMPARE(&BUZZER_TIM, BUZZER_TIM_CHANNEL, 5000000U / freq);
 531              	 .loc 1 95 3 view .LVU135
 532 0022 A363     	 str r3,[r4,#56]
 533              	 .loc 1 96 3 is_stmt 1 view .LVU136
  97:Core/Src/Interface.cpp **** }
 534              	 .loc 1 97 1 is_stmt 0 view .LVU137
 535 0024 30BC     	 pop {r4,r5}
 536              	 .cfi_restore 5
 537              	 .cfi_restore 4
 538              	 .cfi_def_cfa_offset 0
 539 0026 7047     	 bx lr
 540              	.L55:
 541              	 .align 2
 542              	.L54:
 543 0028 00000000 	 .word htim1
 544 002c 80969800 	 .word 10000000
 545 0030 00000000 	 .word _ZN6Buzzer8stopTimeE
ARM GAS   			page 13


 546 0034 00000000 	 .word sysData
 547 0038 404B4C00 	 .word 5000000
 548              	 .cfi_endproc
 549              	.LFE601:
 551              	 .section .text._ZN6Buzzer6updateEv,"ax",%progbits
 552              	 .align 1
 553              	 .p2align 2,,3
 554              	 .global _ZN6Buzzer6updateEv
 555              	 .syntax unified
 556              	 .thumb
 557              	 .thumb_func
 559              	_ZN6Buzzer6updateEv:
 560              	.LFB602:
  98:Core/Src/Interface.cpp **** 
  99:Core/Src/Interface.cpp **** void update() {
 561              	 .loc 1 99 15 is_stmt 1 view-0
 562              	 .cfi_startproc
 563              	 
 564              	 
 565              	 
 100:Core/Src/Interface.cpp ****   if (sysData.vTick >= stopTime) {
 566              	 .loc 1 100 3 view .LVU139
 567              	 .loc 1 100 15 is_stmt 0 view .LVU140
 568 0000 054A     	 ldr r2,.L58
 569              	 .loc 1 100 21 view .LVU141
 570 0002 064B     	 ldr r3,.L58+4
 571              	 .loc 1 100 3 view .LVU142
 572 0004 1268     	 ldr r2,[r2]
 573 0006 1B68     	 ldr r3,[r3]
 574 0008 9A42     	 cmp r2,r3
 575 000a 03D3     	 bcc .L56
 101:Core/Src/Interface.cpp ****     stop();
 576              	 .loc 1 101 5 is_stmt 1 view .LVU143
 577              	.LBB32:
 578              	.LBI32:
  91:Core/Src/Interface.cpp **** 
 579              	 .loc 1 91 6 view .LVU144
 580              	.LBB33:
  91:Core/Src/Interface.cpp **** 
 581              	 .loc 1 91 15 view .LVU145
 582 000c 044B     	 ldr r3,.L58+8
 583 000e 1B68     	 ldr r3,[r3]
 584 0010 0022     	 movs r2,#0
 585 0012 9A63     	 str r2,[r3,#56]
 586              	.L56:
 587              	.LBE33:
 588              	.LBE32:
 102:Core/Src/Interface.cpp ****   }
 103:Core/Src/Interface.cpp **** }
 589              	 .loc 1 103 1 is_stmt 0 view .LVU146
 590 0014 7047     	 bx lr
 591              	.L59:
 592 0016 00BF     	 .align 2
 593              	.L58:
 594 0018 00000000 	 .word sysData
 595 001c 00000000 	 .word _ZN6Buzzer8stopTimeE
 596 0020 00000000 	 .word htim1
ARM GAS   			page 14


 597              	 .cfi_endproc
 598              	.LFE602:
 600              	 .section .text._ZN9Interface17updateButtonStateEv,"ax",%progbits
 601              	 .align 1
 602              	 .p2align 2,,3
 603              	 .global _ZN9Interface17updateButtonStateEv
 604              	 .syntax unified
 605              	 .thumb
 606              	 .thumb_func
 608              	_ZN9Interface17updateButtonStateEv:
 609              	.LFB603:
 104:Core/Src/Interface.cpp **** 
 105:Core/Src/Interface.cpp **** } // namespace Buzzer
 106:Core/Src/Interface.cpp **** 
 107:Core/Src/Interface.cpp **** namespace Interface {
 108:Core/Src/Interface.cpp **** 
 109:Core/Src/Interface.cpp **** void updateButtonState() {
 610              	 .loc 1 109 26 is_stmt 1 view-0
 611              	 .cfi_startproc
 612              	 
 613              	 
 110:Core/Src/Interface.cpp ****   if (HAL_GPIO_ReadPin(BTN_GPIO_Port, BTN_Pin)) {
 614              	 .loc 1 110 3 view .LVU148
 109:Core/Src/Interface.cpp ****   if (HAL_GPIO_ReadPin(BTN_GPIO_Port, BTN_Pin)) {
 615              	 .loc 1 109 26 is_stmt 0 view .LVU149
 616 0000 10B5     	 push {r4,lr}
 617              	 .cfi_def_cfa_offset 8
 618              	 .cfi_offset 4,-8
 619              	 .cfi_offset 14,-4
 620              	 .loc 1 110 23 view .LVU150
 621 0002 1E48     	 ldr r0,.L73
 111:Core/Src/Interface.cpp ****     if (sysData.buttonPressedLast &&
 622              	 .loc 1 111 17 view .LVU151
 623 0004 1E4C     	 ldr r4,.L73+4
 110:Core/Src/Interface.cpp ****   if (HAL_GPIO_ReadPin(BTN_GPIO_Port, BTN_Pin)) {
 624              	 .loc 1 110 23 view .LVU152
 625 0006 4FF40051 	 mov r1,#8192
 626 000a FFF7FEFF 	 bl HAL_GPIO_ReadPin
 627              	.LVL27:
 110:Core/Src/Interface.cpp ****   if (HAL_GPIO_ReadPin(BTN_GPIO_Port, BTN_Pin)) {
 628              	 .loc 1 110 3 discriminator 1 view .LVU153
 629 000e 30B1     	 cbz r0,.L61
 630              	 .loc 1 111 5 is_stmt 1 view .LVU154
 631 0010 E37D     	 ldrb r3,[r4,#23]
 632 0012 F3B9     	 cbnz r3,.L71
 633              	.L62:
 112:Core/Src/Interface.cpp ****         (sysData.buttonCnt > 1000 && sysData.buttonCnt < 2000)) {
 113:Core/Src/Interface.cpp ****       if (errorData.errorLevel == ERROR_RECOVER_MANUAL) {
 114:Core/Src/Interface.cpp ****         Protection::manualClearError();
 115:Core/Src/Interface.cpp ****       } else if (errorData.errorLevel == ERROR_RECOVER_AUTO) {
 116:Core/Src/Interface.cpp ****         Protection::autoClearError();
 117:Core/Src/Interface.cpp ****       }
 118:Core/Src/Interface.cpp ****     }
 119:Core/Src/Interface.cpp ****     sysData.buttonPressed = 0;
 634              	 .loc 1 119 5 view .LVU155
 635              	 .loc 1 119 27 is_stmt 0 view .LVU156
 636 0014 0023     	 movs r3,#0
ARM GAS   			page 15


 637 0016 A375     	 strb r3,[r4,#22]
 120:Core/Src/Interface.cpp ****     sysData.buttonCnt = 0;
 638              	 .loc 1 120 5 is_stmt 1 view .LVU157
 639              	 .loc 1 120 23 is_stmt 0 view .LVU158
 640 0018 A382     	 strh r3,[r4,#20]
 641              	.L64:
 121:Core/Src/Interface.cpp ****   } else {
 122:Core/Src/Interface.cpp ****     sysData.buttonPressed = 1;
 123:Core/Src/Interface.cpp ****     sysData.buttonCnt++;
 124:Core/Src/Interface.cpp ****     if (sysData.buttonCnt > 3000) {
 125:Core/Src/Interface.cpp ****       HRTIM::disableOutputAB();
 126:Core/Src/Interface.cpp ****       __disable_irq();
 127:Core/Src/Interface.cpp ****       while (true)
 128:Core/Src/Interface.cpp ****         NVIC_SystemReset();
 129:Core/Src/Interface.cpp ****     }
 130:Core/Src/Interface.cpp ****   }
 131:Core/Src/Interface.cpp ****   sysData.buttonPressedLast = sysData.buttonPressed;
 642              	 .loc 1 131 3 is_stmt 1 view .LVU159
 643              	 .loc 1 131 29 is_stmt 0 view .LVU160
 644 001a E375     	 strb r3,[r4,#23]
 132:Core/Src/Interface.cpp **** }
 645              	 .loc 1 132 1 view .LVU161
 646 001c 10BD     	 pop {r4,pc}
 647              	.L61:
 122:Core/Src/Interface.cpp ****     sysData.buttonCnt++;
 648              	 .loc 1 122 5 is_stmt 1 view .LVU162
 123:Core/Src/Interface.cpp ****     if (sysData.buttonCnt > 3000) {
 649              	 .loc 1 123 22 is_stmt 0 view .LVU163
 650 001e A28A     	 ldrh r2,[r4,#20]
 122:Core/Src/Interface.cpp ****     sysData.buttonCnt++;
 651              	 .loc 1 122 27 view .LVU164
 652 0020 0123     	 movs r3,#1
 123:Core/Src/Interface.cpp ****     if (sysData.buttonCnt > 3000) {
 653              	 .loc 1 123 22 view .LVU165
 654 0022 1A44     	 add r2,r2,r3
 655 0024 92B2     	 uxth r2,r2
 124:Core/Src/Interface.cpp ****       HRTIM::disableOutputAB();
 656              	 .loc 1 124 5 view .LVU166
 657 0026 40F6B831 	 movw r1,#3000
 658 002a 8A42     	 cmp r2,r1
 122:Core/Src/Interface.cpp ****     sysData.buttonCnt++;
 659              	 .loc 1 122 27 view .LVU167
 660 002c A375     	 strb r3,[r4,#22]
 123:Core/Src/Interface.cpp ****     if (sysData.buttonCnt > 3000) {
 661              	 .loc 1 123 5 is_stmt 1 view .LVU168
 123:Core/Src/Interface.cpp ****     if (sysData.buttonCnt > 3000) {
 662              	 .loc 1 123 22 is_stmt 0 view .LVU169
 663 002e A282     	 strh r2,[r4,#20]
 124:Core/Src/Interface.cpp ****       HRTIM::disableOutputAB();
 664              	 .loc 1 124 5 is_stmt 1 view .LVU170
 665 0030 F3D9     	 bls .L64
 125:Core/Src/Interface.cpp ****       __disable_irq();
 666              	 .loc 1 125 7 view .LVU171
 125:Core/Src/Interface.cpp ****       __disable_irq();
 667              	 .loc 1 125 29 is_stmt 0 view .LVU172
 668 0032 FFF7FEFF 	 bl _ZN5HRTIM15disableOutputABEv
 669              	.LVL28:
ARM GAS   			page 16


 126:Core/Src/Interface.cpp ****       while (true)
 670              	 .loc 1 126 7 is_stmt 1 view .LVU173
 671              	.LBB42:
 672              	.LBI42:
 673              	 .file 2 "Drivers/CMSIS/Include/cmsis_gcc.h"
   1:Drivers/CMSIS/Include/cmsis_gcc.h **** /**************************************************************************//**
   2:Drivers/CMSIS/Include/cmsis_gcc.h ****  * @file     cmsis_gcc.h
   3:Drivers/CMSIS/Include/cmsis_gcc.h ****  * @brief    CMSIS compiler GCC header file
   4:Drivers/CMSIS/Include/cmsis_gcc.h ****  * @version  V5.2.0
   5:Drivers/CMSIS/Include/cmsis_gcc.h ****  * @date     08. May 2019
   6:Drivers/CMSIS/Include/cmsis_gcc.h ****  ******************************************************************************/
   7:Drivers/CMSIS/Include/cmsis_gcc.h **** /*
   8:Drivers/CMSIS/Include/cmsis_gcc.h ****  * Copyright (c) 2009-2019 Arm Limited. All rights reserved.
   9:Drivers/CMSIS/Include/cmsis_gcc.h ****  *
  10:Drivers/CMSIS/Include/cmsis_gcc.h ****  * SPDX-License-Identifier: Apache-2.0
  11:Drivers/CMSIS/Include/cmsis_gcc.h ****  *
  12:Drivers/CMSIS/Include/cmsis_gcc.h ****  * Licensed under the Apache License, Version 2.0 (the License); you may
  13:Drivers/CMSIS/Include/cmsis_gcc.h ****  * not use this file except in compliance with the License.
  14:Drivers/CMSIS/Include/cmsis_gcc.h ****  * You may obtain a copy of the License at
  15:Drivers/CMSIS/Include/cmsis_gcc.h ****  *
  16:Drivers/CMSIS/Include/cmsis_gcc.h ****  * www.apache.org/licenses/LICENSE-2.0
  17:Drivers/CMSIS/Include/cmsis_gcc.h ****  *
  18:Drivers/CMSIS/Include/cmsis_gcc.h ****  * Unless required by applicable law or agreed to in writing, software
  19:Drivers/CMSIS/Include/cmsis_gcc.h ****  * distributed under the License is distributed on an AS IS BASIS, WITHOUT
  20:Drivers/CMSIS/Include/cmsis_gcc.h ****  * WARRANTIES OR CONDITIONS OF ANY KIND, either express or implied.
  21:Drivers/CMSIS/Include/cmsis_gcc.h ****  * See the License for the specific language governing permissions and
  22:Drivers/CMSIS/Include/cmsis_gcc.h ****  * limitations under the License.
  23:Drivers/CMSIS/Include/cmsis_gcc.h ****  */
  24:Drivers/CMSIS/Include/cmsis_gcc.h **** 
  25:Drivers/CMSIS/Include/cmsis_gcc.h **** #ifndef __CMSIS_GCC_H
  26:Drivers/CMSIS/Include/cmsis_gcc.h **** #define __CMSIS_GCC_H
  27:Drivers/CMSIS/Include/cmsis_gcc.h **** 
  28:Drivers/CMSIS/Include/cmsis_gcc.h **** /* ignore some GCC warnings */
  29:Drivers/CMSIS/Include/cmsis_gcc.h **** #pragma GCC diagnostic push
  30:Drivers/CMSIS/Include/cmsis_gcc.h **** #pragma GCC diagnostic ignored "-Wsign-conversion"
  31:Drivers/CMSIS/Include/cmsis_gcc.h **** #pragma GCC diagnostic ignored "-Wconversion"
  32:Drivers/CMSIS/Include/cmsis_gcc.h **** #pragma GCC diagnostic ignored "-Wunused-parameter"
  33:Drivers/CMSIS/Include/cmsis_gcc.h **** 
  34:Drivers/CMSIS/Include/cmsis_gcc.h **** /* Fallback for __has_builtin */
  35:Drivers/CMSIS/Include/cmsis_gcc.h **** #ifndef __has_builtin
  36:Drivers/CMSIS/Include/cmsis_gcc.h ****   #define __has_builtin(x) (0)
  37:Drivers/CMSIS/Include/cmsis_gcc.h **** #endif
  38:Drivers/CMSIS/Include/cmsis_gcc.h **** 
  39:Drivers/CMSIS/Include/cmsis_gcc.h **** /* CMSIS compiler specific defines */
  40:Drivers/CMSIS/Include/cmsis_gcc.h **** #ifndef   __ASM
  41:Drivers/CMSIS/Include/cmsis_gcc.h ****   #define __ASM                                  __asm
  42:Drivers/CMSIS/Include/cmsis_gcc.h **** #endif
  43:Drivers/CMSIS/Include/cmsis_gcc.h **** #ifndef   __INLINE
  44:Drivers/CMSIS/Include/cmsis_gcc.h ****   #define __INLINE                               inline
  45:Drivers/CMSIS/Include/cmsis_gcc.h **** #endif
  46:Drivers/CMSIS/Include/cmsis_gcc.h **** #ifndef   __STATIC_INLINE
  47:Drivers/CMSIS/Include/cmsis_gcc.h ****   #define __STATIC_INLINE                        static inline
  48:Drivers/CMSIS/Include/cmsis_gcc.h **** #endif
  49:Drivers/CMSIS/Include/cmsis_gcc.h **** #ifndef   __STATIC_FORCEINLINE                 
  50:Drivers/CMSIS/Include/cmsis_gcc.h ****   #define __STATIC_FORCEINLINE                   __attribute__((always_inline)) static inline
  51:Drivers/CMSIS/Include/cmsis_gcc.h **** #endif                                           
  52:Drivers/CMSIS/Include/cmsis_gcc.h **** #ifndef   __NO_RETURN
ARM GAS   			page 17


  53:Drivers/CMSIS/Include/cmsis_gcc.h ****   #define __NO_RETURN                            __attribute__((__noreturn__))
  54:Drivers/CMSIS/Include/cmsis_gcc.h **** #endif
  55:Drivers/CMSIS/Include/cmsis_gcc.h **** #ifndef   __USED
  56:Drivers/CMSIS/Include/cmsis_gcc.h ****   #define __USED                                 __attribute__((used))
  57:Drivers/CMSIS/Include/cmsis_gcc.h **** #endif
  58:Drivers/CMSIS/Include/cmsis_gcc.h **** #ifndef   __WEAK
  59:Drivers/CMSIS/Include/cmsis_gcc.h ****   #define __WEAK                                 __attribute__((weak))
  60:Drivers/CMSIS/Include/cmsis_gcc.h **** #endif
  61:Drivers/CMSIS/Include/cmsis_gcc.h **** #ifndef   __PACKED
  62:Drivers/CMSIS/Include/cmsis_gcc.h ****   #define __PACKED                               __attribute__((packed, aligned(1)))
  63:Drivers/CMSIS/Include/cmsis_gcc.h **** #endif
  64:Drivers/CMSIS/Include/cmsis_gcc.h **** #ifndef   __PACKED_STRUCT
  65:Drivers/CMSIS/Include/cmsis_gcc.h ****   #define __PACKED_STRUCT                        struct __attribute__((packed, aligned(1)))
  66:Drivers/CMSIS/Include/cmsis_gcc.h **** #endif
  67:Drivers/CMSIS/Include/cmsis_gcc.h **** #ifndef   __PACKED_UNION
  68:Drivers/CMSIS/Include/cmsis_gcc.h ****   #define __PACKED_UNION                         union __attribute__((packed, aligned(1)))
  69:Drivers/CMSIS/Include/cmsis_gcc.h **** #endif
  70:Drivers/CMSIS/Include/cmsis_gcc.h **** #ifndef   __UNALIGNED_UINT32        /* deprecated */
  71:Drivers/CMSIS/Include/cmsis_gcc.h ****   #pragma GCC diagnostic push
  72:Drivers/CMSIS/Include/cmsis_gcc.h ****   #pragma GCC diagnostic ignored "-Wpacked"
  73:Drivers/CMSIS/Include/cmsis_gcc.h ****   #pragma GCC diagnostic ignored "-Wattributes"
  74:Drivers/CMSIS/Include/cmsis_gcc.h ****   struct __attribute__((packed)) T_UINT32 { uint32_t v; };
  75:Drivers/CMSIS/Include/cmsis_gcc.h ****   #pragma GCC diagnostic pop
  76:Drivers/CMSIS/Include/cmsis_gcc.h ****   #define __UNALIGNED_UINT32(x)                  (((struct T_UINT32 *)(x))->v)
  77:Drivers/CMSIS/Include/cmsis_gcc.h **** #endif
  78:Drivers/CMSIS/Include/cmsis_gcc.h **** #ifndef   __UNALIGNED_UINT16_WRITE
  79:Drivers/CMSIS/Include/cmsis_gcc.h ****   #pragma GCC diagnostic push
  80:Drivers/CMSIS/Include/cmsis_gcc.h ****   #pragma GCC diagnostic ignored "-Wpacked"
  81:Drivers/CMSIS/Include/cmsis_gcc.h ****   #pragma GCC diagnostic ignored "-Wattributes"
  82:Drivers/CMSIS/Include/cmsis_gcc.h ****   __PACKED_STRUCT T_UINT16_WRITE { uint16_t v; };
  83:Drivers/CMSIS/Include/cmsis_gcc.h ****   #pragma GCC diagnostic pop
  84:Drivers/CMSIS/Include/cmsis_gcc.h ****   #define __UNALIGNED_UINT16_WRITE(addr, val)    (void)((((struct T_UINT16_WRITE *)(void *)(addr))-
  85:Drivers/CMSIS/Include/cmsis_gcc.h **** #endif
  86:Drivers/CMSIS/Include/cmsis_gcc.h **** #ifndef   __UNALIGNED_UINT16_READ
  87:Drivers/CMSIS/Include/cmsis_gcc.h ****   #pragma GCC diagnostic push
  88:Drivers/CMSIS/Include/cmsis_gcc.h ****   #pragma GCC diagnostic ignored "-Wpacked"
  89:Drivers/CMSIS/Include/cmsis_gcc.h ****   #pragma GCC diagnostic ignored "-Wattributes"
  90:Drivers/CMSIS/Include/cmsis_gcc.h ****   __PACKED_STRUCT T_UINT16_READ { uint16_t v; };
  91:Drivers/CMSIS/Include/cmsis_gcc.h ****   #pragma GCC diagnostic pop
  92:Drivers/CMSIS/Include/cmsis_gcc.h ****   #define __UNALIGNED_UINT16_READ(addr)          (((const struct T_UINT16_READ *)(const void *)(add
  93:Drivers/CMSIS/Include/cmsis_gcc.h **** #endif
  94:Drivers/CMSIS/Include/cmsis_gcc.h **** #ifndef   __UNALIGNED_UINT32_WRITE
  95:Drivers/CMSIS/Include/cmsis_gcc.h ****   #pragma GCC diagnostic push
  96:Drivers/CMSIS/Include/cmsis_gcc.h ****   #pragma GCC diagnostic ignored "-Wpacked"
  97:Drivers/CMSIS/Include/cmsis_gcc.h ****   #pragma GCC diagnostic ignored "-Wattributes"
  98:Drivers/CMSIS/Include/cmsis_gcc.h ****   __PACKED_STRUCT T_UINT32_WRITE { uint32_t v; };
  99:Drivers/CMSIS/Include/cmsis_gcc.h ****   #pragma GCC diagnostic pop
 100:Drivers/CMSIS/Include/cmsis_gcc.h ****   #define __UNALIGNED_UINT32_WRITE(addr, val)    (void)((((struct T_UINT32_WRITE *)(void *)(addr))-
 101:Drivers/CMSIS/Include/cmsis_gcc.h **** #endif
 102:Drivers/CMSIS/Include/cmsis_gcc.h **** #ifndef   __UNALIGNED_UINT32_READ
 103:Drivers/CMSIS/Include/cmsis_gcc.h ****   #pragma GCC diagnostic push
 104:Drivers/CMSIS/Include/cmsis_gcc.h ****   #pragma GCC diagnostic ignored "-Wpacked"
 105:Drivers/CMSIS/Include/cmsis_gcc.h ****   #pragma GCC diagnostic ignored "-Wattributes"
 106:Drivers/CMSIS/Include/cmsis_gcc.h ****   __PACKED_STRUCT T_UINT32_READ { uint32_t v; };
 107:Drivers/CMSIS/Include/cmsis_gcc.h ****   #pragma GCC diagnostic pop
 108:Drivers/CMSIS/Include/cmsis_gcc.h ****   #define __UNALIGNED_UINT32_READ(addr)          (((const struct T_UINT32_READ *)(const void *)(add
 109:Drivers/CMSIS/Include/cmsis_gcc.h **** #endif
ARM GAS   			page 18


 110:Drivers/CMSIS/Include/cmsis_gcc.h **** #ifndef   __ALIGNED
 111:Drivers/CMSIS/Include/cmsis_gcc.h ****   #define __ALIGNED(x)                           __attribute__((aligned(x)))
 112:Drivers/CMSIS/Include/cmsis_gcc.h **** #endif
 113:Drivers/CMSIS/Include/cmsis_gcc.h **** #ifndef   __RESTRICT
 114:Drivers/CMSIS/Include/cmsis_gcc.h ****   #define __RESTRICT                             __restrict
 115:Drivers/CMSIS/Include/cmsis_gcc.h **** #endif
 116:Drivers/CMSIS/Include/cmsis_gcc.h **** #ifndef   __COMPILER_BARRIER
 117:Drivers/CMSIS/Include/cmsis_gcc.h ****   #define __COMPILER_BARRIER()                   __ASM volatile("":::"memory")
 118:Drivers/CMSIS/Include/cmsis_gcc.h **** #endif
 119:Drivers/CMSIS/Include/cmsis_gcc.h **** 
 120:Drivers/CMSIS/Include/cmsis_gcc.h **** /* #########################  Startup and Lowlevel Init  ######################## */
 121:Drivers/CMSIS/Include/cmsis_gcc.h **** 
 122:Drivers/CMSIS/Include/cmsis_gcc.h **** #ifndef __PROGRAM_START
 123:Drivers/CMSIS/Include/cmsis_gcc.h **** 
 124:Drivers/CMSIS/Include/cmsis_gcc.h **** /**
 125:Drivers/CMSIS/Include/cmsis_gcc.h ****   \brief   Initializes data and bss sections
 126:Drivers/CMSIS/Include/cmsis_gcc.h ****   \details This default implementations initialized all data and additional bss
 127:Drivers/CMSIS/Include/cmsis_gcc.h ****            sections relying on .copy.table and .zero.table specified properly
 128:Drivers/CMSIS/Include/cmsis_gcc.h ****            in the used linker script.
 129:Drivers/CMSIS/Include/cmsis_gcc.h ****   
 130:Drivers/CMSIS/Include/cmsis_gcc.h ****  */
 131:Drivers/CMSIS/Include/cmsis_gcc.h **** __STATIC_FORCEINLINE __NO_RETURN void __cmsis_start(void)
 132:Drivers/CMSIS/Include/cmsis_gcc.h **** {
 133:Drivers/CMSIS/Include/cmsis_gcc.h ****   extern void _start(void) __NO_RETURN;
 134:Drivers/CMSIS/Include/cmsis_gcc.h ****   
 135:Drivers/CMSIS/Include/cmsis_gcc.h ****   typedef struct {
 136:Drivers/CMSIS/Include/cmsis_gcc.h ****     uint32_t const* src;
 137:Drivers/CMSIS/Include/cmsis_gcc.h ****     uint32_t* dest;
 138:Drivers/CMSIS/Include/cmsis_gcc.h ****     uint32_t  wlen;
 139:Drivers/CMSIS/Include/cmsis_gcc.h ****   } __copy_table_t;
 140:Drivers/CMSIS/Include/cmsis_gcc.h ****   
 141:Drivers/CMSIS/Include/cmsis_gcc.h ****   typedef struct {
 142:Drivers/CMSIS/Include/cmsis_gcc.h ****     uint32_t* dest;
 143:Drivers/CMSIS/Include/cmsis_gcc.h ****     uint32_t  wlen;
 144:Drivers/CMSIS/Include/cmsis_gcc.h ****   } __zero_table_t;
 145:Drivers/CMSIS/Include/cmsis_gcc.h ****   
 146:Drivers/CMSIS/Include/cmsis_gcc.h ****   extern const __copy_table_t __copy_table_start__;
 147:Drivers/CMSIS/Include/cmsis_gcc.h ****   extern const __copy_table_t __copy_table_end__;
 148:Drivers/CMSIS/Include/cmsis_gcc.h ****   extern const __zero_table_t __zero_table_start__;
 149:Drivers/CMSIS/Include/cmsis_gcc.h ****   extern const __zero_table_t __zero_table_end__;
 150:Drivers/CMSIS/Include/cmsis_gcc.h **** 
 151:Drivers/CMSIS/Include/cmsis_gcc.h ****   for (__copy_table_t const* pTable = &__copy_table_start__; pTable < &__copy_table_end__; ++pTable
 152:Drivers/CMSIS/Include/cmsis_gcc.h ****     for(uint32_t i=0u; i<pTable->wlen; ++i) {
 153:Drivers/CMSIS/Include/cmsis_gcc.h ****       pTable->dest[i] = pTable->src[i];
 154:Drivers/CMSIS/Include/cmsis_gcc.h ****     }
 155:Drivers/CMSIS/Include/cmsis_gcc.h ****   }
 156:Drivers/CMSIS/Include/cmsis_gcc.h ****  
 157:Drivers/CMSIS/Include/cmsis_gcc.h ****   for (__zero_table_t const* pTable = &__zero_table_start__; pTable < &__zero_table_end__; ++pTable
 158:Drivers/CMSIS/Include/cmsis_gcc.h ****     for(uint32_t i=0u; i<pTable->wlen; ++i) {
 159:Drivers/CMSIS/Include/cmsis_gcc.h ****       pTable->dest[i] = 0u;
 160:Drivers/CMSIS/Include/cmsis_gcc.h ****     }
 161:Drivers/CMSIS/Include/cmsis_gcc.h ****   }
 162:Drivers/CMSIS/Include/cmsis_gcc.h ****  
 163:Drivers/CMSIS/Include/cmsis_gcc.h ****   _start();
 164:Drivers/CMSIS/Include/cmsis_gcc.h **** }
 165:Drivers/CMSIS/Include/cmsis_gcc.h ****   
 166:Drivers/CMSIS/Include/cmsis_gcc.h **** #define __PROGRAM_START           __cmsis_start
ARM GAS   			page 19


 167:Drivers/CMSIS/Include/cmsis_gcc.h **** #endif
 168:Drivers/CMSIS/Include/cmsis_gcc.h **** 
 169:Drivers/CMSIS/Include/cmsis_gcc.h **** #ifndef __INITIAL_SP
 170:Drivers/CMSIS/Include/cmsis_gcc.h **** #define __INITIAL_SP              __StackTop
 171:Drivers/CMSIS/Include/cmsis_gcc.h **** #endif
 172:Drivers/CMSIS/Include/cmsis_gcc.h **** 
 173:Drivers/CMSIS/Include/cmsis_gcc.h **** #ifndef __STACK_LIMIT
 174:Drivers/CMSIS/Include/cmsis_gcc.h **** #define __STACK_LIMIT             __StackLimit
 175:Drivers/CMSIS/Include/cmsis_gcc.h **** #endif
 176:Drivers/CMSIS/Include/cmsis_gcc.h **** 
 177:Drivers/CMSIS/Include/cmsis_gcc.h **** #ifndef __VECTOR_TABLE
 178:Drivers/CMSIS/Include/cmsis_gcc.h **** #define __VECTOR_TABLE            __Vectors
 179:Drivers/CMSIS/Include/cmsis_gcc.h **** #endif
 180:Drivers/CMSIS/Include/cmsis_gcc.h **** 
 181:Drivers/CMSIS/Include/cmsis_gcc.h **** #ifndef __VECTOR_TABLE_ATTRIBUTE
 182:Drivers/CMSIS/Include/cmsis_gcc.h **** #define __VECTOR_TABLE_ATTRIBUTE  __attribute((used, section(".vectors")))
 183:Drivers/CMSIS/Include/cmsis_gcc.h **** #endif
 184:Drivers/CMSIS/Include/cmsis_gcc.h **** 
 185:Drivers/CMSIS/Include/cmsis_gcc.h **** /* ###########################  Core Function Access  ########################### */
 186:Drivers/CMSIS/Include/cmsis_gcc.h **** /** \ingroup  CMSIS_Core_FunctionInterface
 187:Drivers/CMSIS/Include/cmsis_gcc.h ****     \defgroup CMSIS_Core_RegAccFunctions CMSIS Core Register Access Functions
 188:Drivers/CMSIS/Include/cmsis_gcc.h ****   @{
 189:Drivers/CMSIS/Include/cmsis_gcc.h ****  */
 190:Drivers/CMSIS/Include/cmsis_gcc.h **** 
 191:Drivers/CMSIS/Include/cmsis_gcc.h **** /**
 192:Drivers/CMSIS/Include/cmsis_gcc.h ****   \brief   Enable IRQ Interrupts
 193:Drivers/CMSIS/Include/cmsis_gcc.h ****   \details Enables IRQ interrupts by clearing the I-bit in the CPSR.
 194:Drivers/CMSIS/Include/cmsis_gcc.h ****            Can only be executed in Privileged modes.
 195:Drivers/CMSIS/Include/cmsis_gcc.h ****  */
 196:Drivers/CMSIS/Include/cmsis_gcc.h **** __STATIC_FORCEINLINE void __enable_irq(void)
 197:Drivers/CMSIS/Include/cmsis_gcc.h **** {
 198:Drivers/CMSIS/Include/cmsis_gcc.h ****   __ASM volatile ("cpsie i" : : : "memory");
 199:Drivers/CMSIS/Include/cmsis_gcc.h **** }
 200:Drivers/CMSIS/Include/cmsis_gcc.h **** 
 201:Drivers/CMSIS/Include/cmsis_gcc.h **** 
 202:Drivers/CMSIS/Include/cmsis_gcc.h **** /**
 203:Drivers/CMSIS/Include/cmsis_gcc.h ****   \brief   Disable IRQ Interrupts
 204:Drivers/CMSIS/Include/cmsis_gcc.h ****   \details Disables IRQ interrupts by setting the I-bit in the CPSR.
 205:Drivers/CMSIS/Include/cmsis_gcc.h ****            Can only be executed in Privileged modes.
 206:Drivers/CMSIS/Include/cmsis_gcc.h ****  */
 207:Drivers/CMSIS/Include/cmsis_gcc.h **** __STATIC_FORCEINLINE void __disable_irq(void)
 674              	 .loc 2 207 27 view .LVU174
 675              	.LBB43:
 208:Drivers/CMSIS/Include/cmsis_gcc.h **** {
 209:Drivers/CMSIS/Include/cmsis_gcc.h ****   __ASM volatile ("cpsid i" : : : "memory");
 676              	 .loc 2 209 3 view .LVU175
 677              	 .syntax unified
 678              	
 679 0036 72B6     	 cpsid i
 680              	
 681              	 .thumb
 682              	 .syntax unified
 683              	.LBE43:
 684              	.LBE42:
 127:Core/Src/Interface.cpp ****         NVIC_SystemReset();
 685              	 .loc 1 127 7 view .LVU176
 128:Core/Src/Interface.cpp ****     }
ARM GAS   			page 20


 686              	 .loc 1 128 9 view .LVU177
 687              	.LBB44:
 688              	.LBI44:
 689              	 .file 3 "Drivers/CMSIS/Include/core_cm4.h"
   1:Drivers/CMSIS/Include/core_cm4.h **** /**************************************************************************//**
   2:Drivers/CMSIS/Include/core_cm4.h ****  * @file     core_cm4.h
   3:Drivers/CMSIS/Include/core_cm4.h ****  * @brief    CMSIS Cortex-M4 Core Peripheral Access Layer Header File
   4:Drivers/CMSIS/Include/core_cm4.h ****  * @version  V5.1.0
   5:Drivers/CMSIS/Include/core_cm4.h ****  * @date     13. March 2019
   6:Drivers/CMSIS/Include/core_cm4.h ****  ******************************************************************************/
   7:Drivers/CMSIS/Include/core_cm4.h **** /*
   8:Drivers/CMSIS/Include/core_cm4.h ****  * Copyright (c) 2009-2019 Arm Limited. All rights reserved.
   9:Drivers/CMSIS/Include/core_cm4.h ****  *
  10:Drivers/CMSIS/Include/core_cm4.h ****  * SPDX-License-Identifier: Apache-2.0
  11:Drivers/CMSIS/Include/core_cm4.h ****  *
  12:Drivers/CMSIS/Include/core_cm4.h ****  * Licensed under the Apache License, Version 2.0 (the License); you may
  13:Drivers/CMSIS/Include/core_cm4.h ****  * not use this file except in compliance with the License.
  14:Drivers/CMSIS/Include/core_cm4.h ****  * You may obtain a copy of the License at
  15:Drivers/CMSIS/Include/core_cm4.h ****  *
  16:Drivers/CMSIS/Include/core_cm4.h ****  * www.apache.org/licenses/LICENSE-2.0
  17:Drivers/CMSIS/Include/core_cm4.h ****  *
  18:Drivers/CMSIS/Include/core_cm4.h ****  * Unless required by applicable law or agreed to in writing, software
  19:Drivers/CMSIS/Include/core_cm4.h ****  * distributed under the License is distributed on an AS IS BASIS, WITHOUT
  20:Drivers/CMSIS/Include/core_cm4.h ****  * WARRANTIES OR CONDITIONS OF ANY KIND, either express or implied.
  21:Drivers/CMSIS/Include/core_cm4.h ****  * See the License for the specific language governing permissions and
  22:Drivers/CMSIS/Include/core_cm4.h ****  * limitations under the License.
  23:Drivers/CMSIS/Include/core_cm4.h ****  */
  24:Drivers/CMSIS/Include/core_cm4.h **** 
  25:Drivers/CMSIS/Include/core_cm4.h **** #if   defined ( __ICCARM__ )
  26:Drivers/CMSIS/Include/core_cm4.h ****   #pragma system_include         /* treat file as system include file for MISRA check */
  27:Drivers/CMSIS/Include/core_cm4.h **** #elif defined (__clang__)
  28:Drivers/CMSIS/Include/core_cm4.h ****   #pragma clang system_header   /* treat file as system include file */
  29:Drivers/CMSIS/Include/core_cm4.h **** #endif
  30:Drivers/CMSIS/Include/core_cm4.h **** 
  31:Drivers/CMSIS/Include/core_cm4.h **** #ifndef __CORE_CM4_H_GENERIC
  32:Drivers/CMSIS/Include/core_cm4.h **** #define __CORE_CM4_H_GENERIC
  33:Drivers/CMSIS/Include/core_cm4.h **** 
  34:Drivers/CMSIS/Include/core_cm4.h **** #include <stdint.h>
  35:Drivers/CMSIS/Include/core_cm4.h **** 
  36:Drivers/CMSIS/Include/core_cm4.h **** #ifdef __cplusplus
  37:Drivers/CMSIS/Include/core_cm4.h ****  extern "C" {
  38:Drivers/CMSIS/Include/core_cm4.h **** #endif
  39:Drivers/CMSIS/Include/core_cm4.h **** 
  40:Drivers/CMSIS/Include/core_cm4.h **** /**
  41:Drivers/CMSIS/Include/core_cm4.h ****   \page CMSIS_MISRA_Exceptions  MISRA-C:2004 Compliance Exceptions
  42:Drivers/CMSIS/Include/core_cm4.h ****   CMSIS violates the following MISRA-C:2004 rules:
  43:Drivers/CMSIS/Include/core_cm4.h **** 
  44:Drivers/CMSIS/Include/core_cm4.h ****    \li Required Rule 8.5, object/function definition in header file.<br>
  45:Drivers/CMSIS/Include/core_cm4.h ****      Function definitions in header files are used to allow 'inlining'.
  46:Drivers/CMSIS/Include/core_cm4.h **** 
  47:Drivers/CMSIS/Include/core_cm4.h ****    \li Required Rule 18.4, declaration of union type or object of union type: '{...}'.<br>
  48:Drivers/CMSIS/Include/core_cm4.h ****      Unions are used for effective representation of core registers.
  49:Drivers/CMSIS/Include/core_cm4.h **** 
  50:Drivers/CMSIS/Include/core_cm4.h ****    \li Advisory Rule 19.7, Function-like macro defined.<br>
  51:Drivers/CMSIS/Include/core_cm4.h ****      Function-like macros are used to allow more efficient code.
  52:Drivers/CMSIS/Include/core_cm4.h ****  */
  53:Drivers/CMSIS/Include/core_cm4.h **** 
ARM GAS   			page 21


  54:Drivers/CMSIS/Include/core_cm4.h **** 
  55:Drivers/CMSIS/Include/core_cm4.h **** /*******************************************************************************
  56:Drivers/CMSIS/Include/core_cm4.h ****  *                 CMSIS definitions
  57:Drivers/CMSIS/Include/core_cm4.h ****  ******************************************************************************/
  58:Drivers/CMSIS/Include/core_cm4.h **** /**
  59:Drivers/CMSIS/Include/core_cm4.h ****   \ingroup Cortex_M4
  60:Drivers/CMSIS/Include/core_cm4.h ****   @{
  61:Drivers/CMSIS/Include/core_cm4.h ****  */
  62:Drivers/CMSIS/Include/core_cm4.h **** 
  63:Drivers/CMSIS/Include/core_cm4.h **** #include "cmsis_version.h"
  64:Drivers/CMSIS/Include/core_cm4.h **** 
  65:Drivers/CMSIS/Include/core_cm4.h **** /* CMSIS CM4 definitions */
  66:Drivers/CMSIS/Include/core_cm4.h **** #define __CM4_CMSIS_VERSION_MAIN  (__CM_CMSIS_VERSION_MAIN)              /*!< \deprecated [31:16] C
  67:Drivers/CMSIS/Include/core_cm4.h **** #define __CM4_CMSIS_VERSION_SUB   (__CM_CMSIS_VERSION_SUB)               /*!< \deprecated [15:0]  C
  68:Drivers/CMSIS/Include/core_cm4.h **** #define __CM4_CMSIS_VERSION       ((__CM4_CMSIS_VERSION_MAIN << 16U) | \
  69:Drivers/CMSIS/Include/core_cm4.h ****                                     __CM4_CMSIS_VERSION_SUB           )  /*!< \deprecated CMSIS HAL
  70:Drivers/CMSIS/Include/core_cm4.h **** 
  71:Drivers/CMSIS/Include/core_cm4.h **** #define __CORTEX_M                (4U)                                   /*!< Cortex-M Core */
  72:Drivers/CMSIS/Include/core_cm4.h **** 
  73:Drivers/CMSIS/Include/core_cm4.h **** /** __FPU_USED indicates whether an FPU is used or not.
  74:Drivers/CMSIS/Include/core_cm4.h ****     For this, __FPU_PRESENT has to be checked prior to making use of FPU specific registers and fun
  75:Drivers/CMSIS/Include/core_cm4.h **** */
  76:Drivers/CMSIS/Include/core_cm4.h **** #if defined ( __CC_ARM )
  77:Drivers/CMSIS/Include/core_cm4.h ****   #if defined __TARGET_FPU_VFP
  78:Drivers/CMSIS/Include/core_cm4.h ****     #if defined (__FPU_PRESENT) && (__FPU_PRESENT == 1U)
  79:Drivers/CMSIS/Include/core_cm4.h ****       #define __FPU_USED       1U
  80:Drivers/CMSIS/Include/core_cm4.h ****     #else
  81:Drivers/CMSIS/Include/core_cm4.h ****       #error "Compiler generates FPU instructions for a device without an FPU (check __FPU_PRESENT)
  82:Drivers/CMSIS/Include/core_cm4.h ****       #define __FPU_USED       0U
  83:Drivers/CMSIS/Include/core_cm4.h ****     #endif
  84:Drivers/CMSIS/Include/core_cm4.h ****   #else
  85:Drivers/CMSIS/Include/core_cm4.h ****     #define __FPU_USED         0U
  86:Drivers/CMSIS/Include/core_cm4.h ****   #endif
  87:Drivers/CMSIS/Include/core_cm4.h **** 
  88:Drivers/CMSIS/Include/core_cm4.h **** #elif defined (__ARMCC_VERSION) && (__ARMCC_VERSION >= 6010050)
  89:Drivers/CMSIS/Include/core_cm4.h ****   #if defined __ARM_FP
  90:Drivers/CMSIS/Include/core_cm4.h ****     #if defined (__FPU_PRESENT) && (__FPU_PRESENT == 1U)
  91:Drivers/CMSIS/Include/core_cm4.h ****       #define __FPU_USED       1U
  92:Drivers/CMSIS/Include/core_cm4.h ****     #else
  93:Drivers/CMSIS/Include/core_cm4.h ****       #warning "Compiler generates FPU instructions for a device without an FPU (check __FPU_PRESEN
  94:Drivers/CMSIS/Include/core_cm4.h ****       #define __FPU_USED       0U
  95:Drivers/CMSIS/Include/core_cm4.h ****     #endif
  96:Drivers/CMSIS/Include/core_cm4.h ****   #else
  97:Drivers/CMSIS/Include/core_cm4.h ****     #define __FPU_USED         0U
  98:Drivers/CMSIS/Include/core_cm4.h ****   #endif
  99:Drivers/CMSIS/Include/core_cm4.h **** 
 100:Drivers/CMSIS/Include/core_cm4.h **** #elif defined ( __GNUC__ )
 101:Drivers/CMSIS/Include/core_cm4.h ****   #if defined (__VFP_FP__) && !defined(__SOFTFP__)
 102:Drivers/CMSIS/Include/core_cm4.h ****     #if defined (__FPU_PRESENT) && (__FPU_PRESENT == 1U)
 103:Drivers/CMSIS/Include/core_cm4.h ****       #define __FPU_USED       1U
 104:Drivers/CMSIS/Include/core_cm4.h ****     #else
 105:Drivers/CMSIS/Include/core_cm4.h ****       #error "Compiler generates FPU instructions for a device without an FPU (check __FPU_PRESENT)
 106:Drivers/CMSIS/Include/core_cm4.h ****       #define __FPU_USED       0U
 107:Drivers/CMSIS/Include/core_cm4.h ****     #endif
 108:Drivers/CMSIS/Include/core_cm4.h ****   #else
 109:Drivers/CMSIS/Include/core_cm4.h ****     #define __FPU_USED         0U
 110:Drivers/CMSIS/Include/core_cm4.h ****   #endif
ARM GAS   			page 22


 111:Drivers/CMSIS/Include/core_cm4.h **** 
 112:Drivers/CMSIS/Include/core_cm4.h **** #elif defined ( __ICCARM__ )
 113:Drivers/CMSIS/Include/core_cm4.h ****   #if defined __ARMVFP__
 114:Drivers/CMSIS/Include/core_cm4.h ****     #if defined (__FPU_PRESENT) && (__FPU_PRESENT == 1U)
 115:Drivers/CMSIS/Include/core_cm4.h ****       #define __FPU_USED       1U
 116:Drivers/CMSIS/Include/core_cm4.h ****     #else
 117:Drivers/CMSIS/Include/core_cm4.h ****       #error "Compiler generates FPU instructions for a device without an FPU (check __FPU_PRESENT)
 118:Drivers/CMSIS/Include/core_cm4.h ****       #define __FPU_USED       0U
 119:Drivers/CMSIS/Include/core_cm4.h ****     #endif
 120:Drivers/CMSIS/Include/core_cm4.h ****   #else
 121:Drivers/CMSIS/Include/core_cm4.h ****     #define __FPU_USED         0U
 122:Drivers/CMSIS/Include/core_cm4.h ****   #endif
 123:Drivers/CMSIS/Include/core_cm4.h **** 
 124:Drivers/CMSIS/Include/core_cm4.h **** #elif defined ( __TI_ARM__ )
 125:Drivers/CMSIS/Include/core_cm4.h ****   #if defined __TI_VFP_SUPPORT__
 126:Drivers/CMSIS/Include/core_cm4.h ****     #if defined (__FPU_PRESENT) && (__FPU_PRESENT == 1U)
 127:Drivers/CMSIS/Include/core_cm4.h ****       #define __FPU_USED       1U
 128:Drivers/CMSIS/Include/core_cm4.h ****     #else
 129:Drivers/CMSIS/Include/core_cm4.h ****       #error "Compiler generates FPU instructions for a device without an FPU (check __FPU_PRESENT)
 130:Drivers/CMSIS/Include/core_cm4.h ****       #define __FPU_USED       0U
 131:Drivers/CMSIS/Include/core_cm4.h ****     #endif
 132:Drivers/CMSIS/Include/core_cm4.h ****   #else
 133:Drivers/CMSIS/Include/core_cm4.h ****     #define __FPU_USED         0U
 134:Drivers/CMSIS/Include/core_cm4.h ****   #endif
 135:Drivers/CMSIS/Include/core_cm4.h **** 
 136:Drivers/CMSIS/Include/core_cm4.h **** #elif defined ( __TASKING__ )
 137:Drivers/CMSIS/Include/core_cm4.h ****   #if defined __FPU_VFP__
 138:Drivers/CMSIS/Include/core_cm4.h ****     #if defined (__FPU_PRESENT) && (__FPU_PRESENT == 1U)
 139:Drivers/CMSIS/Include/core_cm4.h ****       #define __FPU_USED       1U
 140:Drivers/CMSIS/Include/core_cm4.h ****     #else
 141:Drivers/CMSIS/Include/core_cm4.h ****       #error "Compiler generates FPU instructions for a device without an FPU (check __FPU_PRESENT)
 142:Drivers/CMSIS/Include/core_cm4.h ****       #define __FPU_USED       0U
 143:Drivers/CMSIS/Include/core_cm4.h ****     #endif
 144:Drivers/CMSIS/Include/core_cm4.h ****   #else
 145:Drivers/CMSIS/Include/core_cm4.h ****     #define __FPU_USED         0U
 146:Drivers/CMSIS/Include/core_cm4.h ****   #endif
 147:Drivers/CMSIS/Include/core_cm4.h **** 
 148:Drivers/CMSIS/Include/core_cm4.h **** #elif defined ( __CSMC__ )
 149:Drivers/CMSIS/Include/core_cm4.h ****   #if ( __CSMC__ & 0x400U)
 150:Drivers/CMSIS/Include/core_cm4.h ****     #if defined (__FPU_PRESENT) && (__FPU_PRESENT == 1U)
 151:Drivers/CMSIS/Include/core_cm4.h ****       #define __FPU_USED       1U
 152:Drivers/CMSIS/Include/core_cm4.h ****     #else
 153:Drivers/CMSIS/Include/core_cm4.h ****       #error "Compiler generates FPU instructions for a device without an FPU (check __FPU_PRESENT)
 154:Drivers/CMSIS/Include/core_cm4.h ****       #define __FPU_USED       0U
 155:Drivers/CMSIS/Include/core_cm4.h ****     #endif
 156:Drivers/CMSIS/Include/core_cm4.h ****   #else
 157:Drivers/CMSIS/Include/core_cm4.h ****     #define __FPU_USED         0U
 158:Drivers/CMSIS/Include/core_cm4.h ****   #endif
 159:Drivers/CMSIS/Include/core_cm4.h **** 
 160:Drivers/CMSIS/Include/core_cm4.h **** #endif
 161:Drivers/CMSIS/Include/core_cm4.h **** 
 162:Drivers/CMSIS/Include/core_cm4.h **** #include "cmsis_compiler.h"               /* CMSIS compiler specific defines */
 163:Drivers/CMSIS/Include/core_cm4.h **** 
 164:Drivers/CMSIS/Include/core_cm4.h **** 
 165:Drivers/CMSIS/Include/core_cm4.h **** #ifdef __cplusplus
 166:Drivers/CMSIS/Include/core_cm4.h **** }
 167:Drivers/CMSIS/Include/core_cm4.h **** #endif
ARM GAS   			page 23


 168:Drivers/CMSIS/Include/core_cm4.h **** 
 169:Drivers/CMSIS/Include/core_cm4.h **** #endif /* __CORE_CM4_H_GENERIC */
 170:Drivers/CMSIS/Include/core_cm4.h **** 
 171:Drivers/CMSIS/Include/core_cm4.h **** #ifndef __CMSIS_GENERIC
 172:Drivers/CMSIS/Include/core_cm4.h **** 
 173:Drivers/CMSIS/Include/core_cm4.h **** #ifndef __CORE_CM4_H_DEPENDANT
 174:Drivers/CMSIS/Include/core_cm4.h **** #define __CORE_CM4_H_DEPENDANT
 175:Drivers/CMSIS/Include/core_cm4.h **** 
 176:Drivers/CMSIS/Include/core_cm4.h **** #ifdef __cplusplus
 177:Drivers/CMSIS/Include/core_cm4.h ****  extern "C" {
 178:Drivers/CMSIS/Include/core_cm4.h **** #endif
 179:Drivers/CMSIS/Include/core_cm4.h **** 
 180:Drivers/CMSIS/Include/core_cm4.h **** /* check device defines and use defaults */
 181:Drivers/CMSIS/Include/core_cm4.h **** #if defined __CHECK_DEVICE_DEFINES
 182:Drivers/CMSIS/Include/core_cm4.h ****   #ifndef __CM4_REV
 183:Drivers/CMSIS/Include/core_cm4.h ****     #define __CM4_REV               0x0000U
 184:Drivers/CMSIS/Include/core_cm4.h ****     #warning "__CM4_REV not defined in device header file; using default!"
 185:Drivers/CMSIS/Include/core_cm4.h ****   #endif
 186:Drivers/CMSIS/Include/core_cm4.h **** 
 187:Drivers/CMSIS/Include/core_cm4.h ****   #ifndef __FPU_PRESENT
 188:Drivers/CMSIS/Include/core_cm4.h ****     #define __FPU_PRESENT             0U
 189:Drivers/CMSIS/Include/core_cm4.h ****     #warning "__FPU_PRESENT not defined in device header file; using default!"
 190:Drivers/CMSIS/Include/core_cm4.h ****   #endif
 191:Drivers/CMSIS/Include/core_cm4.h **** 
 192:Drivers/CMSIS/Include/core_cm4.h ****   #ifndef __MPU_PRESENT
 193:Drivers/CMSIS/Include/core_cm4.h ****     #define __MPU_PRESENT             0U
 194:Drivers/CMSIS/Include/core_cm4.h ****     #warning "__MPU_PRESENT not defined in device header file; using default!"
 195:Drivers/CMSIS/Include/core_cm4.h ****   #endif
 196:Drivers/CMSIS/Include/core_cm4.h **** 
 197:Drivers/CMSIS/Include/core_cm4.h ****   #ifndef __NVIC_PRIO_BITS
 198:Drivers/CMSIS/Include/core_cm4.h ****     #define __NVIC_PRIO_BITS          3U
 199:Drivers/CMSIS/Include/core_cm4.h ****     #warning "__NVIC_PRIO_BITS not defined in device header file; using default!"
 200:Drivers/CMSIS/Include/core_cm4.h ****   #endif
 201:Drivers/CMSIS/Include/core_cm4.h **** 
 202:Drivers/CMSIS/Include/core_cm4.h ****   #ifndef __Vendor_SysTickConfig
 203:Drivers/CMSIS/Include/core_cm4.h ****     #define __Vendor_SysTickConfig    0U
 204:Drivers/CMSIS/Include/core_cm4.h ****     #warning "__Vendor_SysTickConfig not defined in device header file; using default!"
 205:Drivers/CMSIS/Include/core_cm4.h ****   #endif
 206:Drivers/CMSIS/Include/core_cm4.h **** #endif
 207:Drivers/CMSIS/Include/core_cm4.h **** 
 208:Drivers/CMSIS/Include/core_cm4.h **** /* IO definitions (access restrictions to peripheral registers) */
 209:Drivers/CMSIS/Include/core_cm4.h **** /**
 210:Drivers/CMSIS/Include/core_cm4.h ****     \defgroup CMSIS_glob_defs CMSIS Global Defines
 211:Drivers/CMSIS/Include/core_cm4.h **** 
 212:Drivers/CMSIS/Include/core_cm4.h ****     <strong>IO Type Qualifiers</strong> are used
 213:Drivers/CMSIS/Include/core_cm4.h ****     \li to specify the access to peripheral variables.
 214:Drivers/CMSIS/Include/core_cm4.h ****     \li for automatic generation of peripheral register debug information.
 215:Drivers/CMSIS/Include/core_cm4.h **** */
 216:Drivers/CMSIS/Include/core_cm4.h **** #ifdef __cplusplus
 217:Drivers/CMSIS/Include/core_cm4.h ****   #define   __I     volatile             /*!< Defines 'read only' permissions */
 218:Drivers/CMSIS/Include/core_cm4.h **** #else
 219:Drivers/CMSIS/Include/core_cm4.h ****   #define   __I     volatile const       /*!< Defines 'read only' permissions */
 220:Drivers/CMSIS/Include/core_cm4.h **** #endif
 221:Drivers/CMSIS/Include/core_cm4.h **** #define     __O     volatile             /*!< Defines 'write only' permissions */
 222:Drivers/CMSIS/Include/core_cm4.h **** #define     __IO    volatile             /*!< Defines 'read / write' permissions */
 223:Drivers/CMSIS/Include/core_cm4.h **** 
 224:Drivers/CMSIS/Include/core_cm4.h **** /* following defines should be used for structure members */
ARM GAS   			page 24


 225:Drivers/CMSIS/Include/core_cm4.h **** #define     __IM     volatile const      /*! Defines 'read only' structure member permissions */
 226:Drivers/CMSIS/Include/core_cm4.h **** #define     __OM     volatile            /*! Defines 'write only' structure member permissions */
 227:Drivers/CMSIS/Include/core_cm4.h **** #define     __IOM    volatile            /*! Defines 'read / write' structure member permissions */
 228:Drivers/CMSIS/Include/core_cm4.h **** 
 229:Drivers/CMSIS/Include/core_cm4.h **** /*@} end of group Cortex_M4 */
 230:Drivers/CMSIS/Include/core_cm4.h **** 
 231:Drivers/CMSIS/Include/core_cm4.h **** 
 232:Drivers/CMSIS/Include/core_cm4.h **** 
 233:Drivers/CMSIS/Include/core_cm4.h **** /*******************************************************************************
 234:Drivers/CMSIS/Include/core_cm4.h ****  *                 Register Abstraction
 235:Drivers/CMSIS/Include/core_cm4.h ****   Core Register contain:
 236:Drivers/CMSIS/Include/core_cm4.h ****   - Core Register
 237:Drivers/CMSIS/Include/core_cm4.h ****   - Core NVIC Register
 238:Drivers/CMSIS/Include/core_cm4.h ****   - Core SCB Register
 239:Drivers/CMSIS/Include/core_cm4.h ****   - Core SysTick Register
 240:Drivers/CMSIS/Include/core_cm4.h ****   - Core Debug Register
 241:Drivers/CMSIS/Include/core_cm4.h ****   - Core MPU Register
 242:Drivers/CMSIS/Include/core_cm4.h ****   - Core FPU Register
 243:Drivers/CMSIS/Include/core_cm4.h ****  ******************************************************************************/
 244:Drivers/CMSIS/Include/core_cm4.h **** /**
 245:Drivers/CMSIS/Include/core_cm4.h ****   \defgroup CMSIS_core_register Defines and Type Definitions
 246:Drivers/CMSIS/Include/core_cm4.h ****   \brief Type definitions and defines for Cortex-M processor based devices.
 247:Drivers/CMSIS/Include/core_cm4.h **** */
 248:Drivers/CMSIS/Include/core_cm4.h **** 
 249:Drivers/CMSIS/Include/core_cm4.h **** /**
 250:Drivers/CMSIS/Include/core_cm4.h ****   \ingroup    CMSIS_core_register
 251:Drivers/CMSIS/Include/core_cm4.h ****   \defgroup   CMSIS_CORE  Status and Control Registers
 252:Drivers/CMSIS/Include/core_cm4.h ****   \brief      Core Register type definitions.
 253:Drivers/CMSIS/Include/core_cm4.h ****   @{
 254:Drivers/CMSIS/Include/core_cm4.h ****  */
 255:Drivers/CMSIS/Include/core_cm4.h **** 
 256:Drivers/CMSIS/Include/core_cm4.h **** /**
 257:Drivers/CMSIS/Include/core_cm4.h ****   \brief  Union type to access the Application Program Status Register (APSR).
 258:Drivers/CMSIS/Include/core_cm4.h ****  */
 259:Drivers/CMSIS/Include/core_cm4.h **** typedef union
 260:Drivers/CMSIS/Include/core_cm4.h **** {
 261:Drivers/CMSIS/Include/core_cm4.h ****   struct
 262:Drivers/CMSIS/Include/core_cm4.h ****   {
 263:Drivers/CMSIS/Include/core_cm4.h ****     uint32_t _reserved0:16;              /*!< bit:  0..15  Reserved */
 264:Drivers/CMSIS/Include/core_cm4.h ****     uint32_t GE:4;                       /*!< bit: 16..19  Greater than or Equal flags */
 265:Drivers/CMSIS/Include/core_cm4.h ****     uint32_t _reserved1:7;               /*!< bit: 20..26  Reserved */
 266:Drivers/CMSIS/Include/core_cm4.h ****     uint32_t Q:1;                        /*!< bit:     27  Saturation condition flag */
 267:Drivers/CMSIS/Include/core_cm4.h ****     uint32_t V:1;                        /*!< bit:     28  Overflow condition code flag */
 268:Drivers/CMSIS/Include/core_cm4.h ****     uint32_t C:1;                        /*!< bit:     29  Carry condition code flag */
 269:Drivers/CMSIS/Include/core_cm4.h ****     uint32_t Z:1;                        /*!< bit:     30  Zero condition code flag */
 270:Drivers/CMSIS/Include/core_cm4.h ****     uint32_t N:1;                        /*!< bit:     31  Negative condition code flag */
 271:Drivers/CMSIS/Include/core_cm4.h ****   } b;                                   /*!< Structure used for bit  access */
 272:Drivers/CMSIS/Include/core_cm4.h ****   uint32_t w;                            /*!< Type      used for word access */
 273:Drivers/CMSIS/Include/core_cm4.h **** } APSR_Type;
 274:Drivers/CMSIS/Include/core_cm4.h **** 
 275:Drivers/CMSIS/Include/core_cm4.h **** /* APSR Register Definitions */
 276:Drivers/CMSIS/Include/core_cm4.h **** #define APSR_N_Pos                         31U                                            /*!< APSR
 277:Drivers/CMSIS/Include/core_cm4.h **** #define APSR_N_Msk                         (1UL << APSR_N_Pos)                            /*!< APSR
 278:Drivers/CMSIS/Include/core_cm4.h **** 
 279:Drivers/CMSIS/Include/core_cm4.h **** #define APSR_Z_Pos                         30U                                            /*!< APSR
 280:Drivers/CMSIS/Include/core_cm4.h **** #define APSR_Z_Msk                         (1UL << APSR_Z_Pos)                            /*!< APSR
 281:Drivers/CMSIS/Include/core_cm4.h **** 
ARM GAS   			page 25


 282:Drivers/CMSIS/Include/core_cm4.h **** #define APSR_C_Pos                         29U                                            /*!< APSR
 283:Drivers/CMSIS/Include/core_cm4.h **** #define APSR_C_Msk                         (1UL << APSR_C_Pos)                            /*!< APSR
 284:Drivers/CMSIS/Include/core_cm4.h **** 
 285:Drivers/CMSIS/Include/core_cm4.h **** #define APSR_V_Pos                         28U                                            /*!< APSR
 286:Drivers/CMSIS/Include/core_cm4.h **** #define APSR_V_Msk                         (1UL << APSR_V_Pos)                            /*!< APSR
 287:Drivers/CMSIS/Include/core_cm4.h **** 
 288:Drivers/CMSIS/Include/core_cm4.h **** #define APSR_Q_Pos                         27U                                            /*!< APSR
 289:Drivers/CMSIS/Include/core_cm4.h **** #define APSR_Q_Msk                         (1UL << APSR_Q_Pos)                            /*!< APSR
 290:Drivers/CMSIS/Include/core_cm4.h **** 
 291:Drivers/CMSIS/Include/core_cm4.h **** #define APSR_GE_Pos                        16U                                            /*!< APSR
 292:Drivers/CMSIS/Include/core_cm4.h **** #define APSR_GE_Msk                        (0xFUL << APSR_GE_Pos)                         /*!< APSR
 293:Drivers/CMSIS/Include/core_cm4.h **** 
 294:Drivers/CMSIS/Include/core_cm4.h **** 
 295:Drivers/CMSIS/Include/core_cm4.h **** /**
 296:Drivers/CMSIS/Include/core_cm4.h ****   \brief  Union type to access the Interrupt Program Status Register (IPSR).
 297:Drivers/CMSIS/Include/core_cm4.h ****  */
 298:Drivers/CMSIS/Include/core_cm4.h **** typedef union
 299:Drivers/CMSIS/Include/core_cm4.h **** {
 300:Drivers/CMSIS/Include/core_cm4.h ****   struct
 301:Drivers/CMSIS/Include/core_cm4.h ****   {
 302:Drivers/CMSIS/Include/core_cm4.h ****     uint32_t ISR:9;                      /*!< bit:  0.. 8  Exception number */
 303:Drivers/CMSIS/Include/core_cm4.h ****     uint32_t _reserved0:23;              /*!< bit:  9..31  Reserved */
 304:Drivers/CMSIS/Include/core_cm4.h ****   } b;                                   /*!< Structure used for bit  access */
 305:Drivers/CMSIS/Include/core_cm4.h ****   uint32_t w;                            /*!< Type      used for word access */
 306:Drivers/CMSIS/Include/core_cm4.h **** } IPSR_Type;
 307:Drivers/CMSIS/Include/core_cm4.h **** 
 308:Drivers/CMSIS/Include/core_cm4.h **** /* IPSR Register Definitions */
 309:Drivers/CMSIS/Include/core_cm4.h **** #define IPSR_ISR_Pos                        0U                                            /*!< IPSR
 310:Drivers/CMSIS/Include/core_cm4.h **** #define IPSR_ISR_Msk                       (0x1FFUL /*<< IPSR_ISR_Pos*/)                  /*!< IPSR
 311:Drivers/CMSIS/Include/core_cm4.h **** 
 312:Drivers/CMSIS/Include/core_cm4.h **** 
 313:Drivers/CMSIS/Include/core_cm4.h **** /**
 314:Drivers/CMSIS/Include/core_cm4.h ****   \brief  Union type to access the Special-Purpose Program Status Registers (xPSR).
 315:Drivers/CMSIS/Include/core_cm4.h ****  */
 316:Drivers/CMSIS/Include/core_cm4.h **** typedef union
 317:Drivers/CMSIS/Include/core_cm4.h **** {
 318:Drivers/CMSIS/Include/core_cm4.h ****   struct
 319:Drivers/CMSIS/Include/core_cm4.h ****   {
 320:Drivers/CMSIS/Include/core_cm4.h ****     uint32_t ISR:9;                      /*!< bit:  0.. 8  Exception number */
 321:Drivers/CMSIS/Include/core_cm4.h ****     uint32_t _reserved0:1;               /*!< bit:      9  Reserved */
 322:Drivers/CMSIS/Include/core_cm4.h ****     uint32_t ICI_IT_1:6;                 /*!< bit: 10..15  ICI/IT part 1 */
 323:Drivers/CMSIS/Include/core_cm4.h ****     uint32_t GE:4;                       /*!< bit: 16..19  Greater than or Equal flags */
 324:Drivers/CMSIS/Include/core_cm4.h ****     uint32_t _reserved1:4;               /*!< bit: 20..23  Reserved */
 325:Drivers/CMSIS/Include/core_cm4.h ****     uint32_t T:1;                        /*!< bit:     24  Thumb bit */
 326:Drivers/CMSIS/Include/core_cm4.h ****     uint32_t ICI_IT_2:2;                 /*!< bit: 25..26  ICI/IT part 2 */
 327:Drivers/CMSIS/Include/core_cm4.h ****     uint32_t Q:1;                        /*!< bit:     27  Saturation condition flag */
 328:Drivers/CMSIS/Include/core_cm4.h ****     uint32_t V:1;                        /*!< bit:     28  Overflow condition code flag */
 329:Drivers/CMSIS/Include/core_cm4.h ****     uint32_t C:1;                        /*!< bit:     29  Carry condition code flag */
 330:Drivers/CMSIS/Include/core_cm4.h ****     uint32_t Z:1;                        /*!< bit:     30  Zero condition code flag */
 331:Drivers/CMSIS/Include/core_cm4.h ****     uint32_t N:1;                        /*!< bit:     31  Negative condition code flag */
 332:Drivers/CMSIS/Include/core_cm4.h ****   } b;                                   /*!< Structure used for bit  access */
 333:Drivers/CMSIS/Include/core_cm4.h ****   uint32_t w;                            /*!< Type      used for word access */
 334:Drivers/CMSIS/Include/core_cm4.h **** } xPSR_Type;
 335:Drivers/CMSIS/Include/core_cm4.h **** 
 336:Drivers/CMSIS/Include/core_cm4.h **** /* xPSR Register Definitions */
 337:Drivers/CMSIS/Include/core_cm4.h **** #define xPSR_N_Pos                         31U                                            /*!< xPSR
 338:Drivers/CMSIS/Include/core_cm4.h **** #define xPSR_N_Msk                         (1UL << xPSR_N_Pos)                            /*!< xPSR
ARM GAS   			page 26


 339:Drivers/CMSIS/Include/core_cm4.h **** 
 340:Drivers/CMSIS/Include/core_cm4.h **** #define xPSR_Z_Pos                         30U                                            /*!< xPSR
 341:Drivers/CMSIS/Include/core_cm4.h **** #define xPSR_Z_Msk                         (1UL << xPSR_Z_Pos)                            /*!< xPSR
 342:Drivers/CMSIS/Include/core_cm4.h **** 
 343:Drivers/CMSIS/Include/core_cm4.h **** #define xPSR_C_Pos                         29U                                            /*!< xPSR
 344:Drivers/CMSIS/Include/core_cm4.h **** #define xPSR_C_Msk                         (1UL << xPSR_C_Pos)                            /*!< xPSR
 345:Drivers/CMSIS/Include/core_cm4.h **** 
 346:Drivers/CMSIS/Include/core_cm4.h **** #define xPSR_V_Pos                         28U                                            /*!< xPSR
 347:Drivers/CMSIS/Include/core_cm4.h **** #define xPSR_V_Msk                         (1UL << xPSR_V_Pos)                            /*!< xPSR
 348:Drivers/CMSIS/Include/core_cm4.h **** 
 349:Drivers/CMSIS/Include/core_cm4.h **** #define xPSR_Q_Pos                         27U                                            /*!< xPSR
 350:Drivers/CMSIS/Include/core_cm4.h **** #define xPSR_Q_Msk                         (1UL << xPSR_Q_Pos)                            /*!< xPSR
 351:Drivers/CMSIS/Include/core_cm4.h **** 
 352:Drivers/CMSIS/Include/core_cm4.h **** #define xPSR_ICI_IT_2_Pos                  25U                                            /*!< xPSR
 353:Drivers/CMSIS/Include/core_cm4.h **** #define xPSR_ICI_IT_2_Msk                  (3UL << xPSR_ICI_IT_2_Pos)                     /*!< xPSR
 354:Drivers/CMSIS/Include/core_cm4.h **** 
 355:Drivers/CMSIS/Include/core_cm4.h **** #define xPSR_T_Pos                         24U                                            /*!< xPSR
 356:Drivers/CMSIS/Include/core_cm4.h **** #define xPSR_T_Msk                         (1UL << xPSR_T_Pos)                            /*!< xPSR
 357:Drivers/CMSIS/Include/core_cm4.h **** 
 358:Drivers/CMSIS/Include/core_cm4.h **** #define xPSR_GE_Pos                        16U                                            /*!< xPSR
 359:Drivers/CMSIS/Include/core_cm4.h **** #define xPSR_GE_Msk                        (0xFUL << xPSR_GE_Pos)                         /*!< xPSR
 360:Drivers/CMSIS/Include/core_cm4.h **** 
 361:Drivers/CMSIS/Include/core_cm4.h **** #define xPSR_ICI_IT_1_Pos                  10U                                            /*!< xPSR
 362:Drivers/CMSIS/Include/core_cm4.h **** #define xPSR_ICI_IT_1_Msk                  (0x3FUL << xPSR_ICI_IT_1_Pos)                  /*!< xPSR
 363:Drivers/CMSIS/Include/core_cm4.h **** 
 364:Drivers/CMSIS/Include/core_cm4.h **** #define xPSR_ISR_Pos                        0U                                            /*!< xPSR
 365:Drivers/CMSIS/Include/core_cm4.h **** #define xPSR_ISR_Msk                       (0x1FFUL /*<< xPSR_ISR_Pos*/)                  /*!< xPSR
 366:Drivers/CMSIS/Include/core_cm4.h **** 
 367:Drivers/CMSIS/Include/core_cm4.h **** 
 368:Drivers/CMSIS/Include/core_cm4.h **** /**
 369:Drivers/CMSIS/Include/core_cm4.h ****   \brief  Union type to access the Control Registers (CONTROL).
 370:Drivers/CMSIS/Include/core_cm4.h ****  */
 371:Drivers/CMSIS/Include/core_cm4.h **** typedef union
 372:Drivers/CMSIS/Include/core_cm4.h **** {
 373:Drivers/CMSIS/Include/core_cm4.h ****   struct
 374:Drivers/CMSIS/Include/core_cm4.h ****   {
 375:Drivers/CMSIS/Include/core_cm4.h ****     uint32_t nPRIV:1;                    /*!< bit:      0  Execution privilege in Thread mode */
 376:Drivers/CMSIS/Include/core_cm4.h ****     uint32_t SPSEL:1;                    /*!< bit:      1  Stack to be used */
 377:Drivers/CMSIS/Include/core_cm4.h ****     uint32_t FPCA:1;                     /*!< bit:      2  FP extension active flag */
 378:Drivers/CMSIS/Include/core_cm4.h ****     uint32_t _reserved0:29;              /*!< bit:  3..31  Reserved */
 379:Drivers/CMSIS/Include/core_cm4.h ****   } b;                                   /*!< Structure used for bit  access */
 380:Drivers/CMSIS/Include/core_cm4.h ****   uint32_t w;                            /*!< Type      used for word access */
 381:Drivers/CMSIS/Include/core_cm4.h **** } CONTROL_Type;
 382:Drivers/CMSIS/Include/core_cm4.h **** 
 383:Drivers/CMSIS/Include/core_cm4.h **** /* CONTROL Register Definitions */
 384:Drivers/CMSIS/Include/core_cm4.h **** #define CONTROL_FPCA_Pos                    2U                                            /*!< CONT
 385:Drivers/CMSIS/Include/core_cm4.h **** #define CONTROL_FPCA_Msk                   (1UL << CONTROL_FPCA_Pos)                      /*!< CONT
 386:Drivers/CMSIS/Include/core_cm4.h **** 
 387:Drivers/CMSIS/Include/core_cm4.h **** #define CONTROL_SPSEL_Pos                   1U                                            /*!< CONT
 388:Drivers/CMSIS/Include/core_cm4.h **** #define CONTROL_SPSEL_Msk                  (1UL << CONTROL_SPSEL_Pos)                     /*!< CONT
 389:Drivers/CMSIS/Include/core_cm4.h **** 
 390:Drivers/CMSIS/Include/core_cm4.h **** #define CONTROL_nPRIV_Pos                   0U                                            /*!< CONT
 391:Drivers/CMSIS/Include/core_cm4.h **** #define CONTROL_nPRIV_Msk                  (1UL /*<< CONTROL_nPRIV_Pos*/)                 /*!< CONT
 392:Drivers/CMSIS/Include/core_cm4.h **** 
 393:Drivers/CMSIS/Include/core_cm4.h **** /*@} end of group CMSIS_CORE */
 394:Drivers/CMSIS/Include/core_cm4.h **** 
 395:Drivers/CMSIS/Include/core_cm4.h **** 
ARM GAS   			page 27


 396:Drivers/CMSIS/Include/core_cm4.h **** /**
 397:Drivers/CMSIS/Include/core_cm4.h ****   \ingroup    CMSIS_core_register
 398:Drivers/CMSIS/Include/core_cm4.h ****   \defgroup   CMSIS_NVIC  Nested Vectored Interrupt Controller (NVIC)
 399:Drivers/CMSIS/Include/core_cm4.h ****   \brief      Type definitions for the NVIC Registers
 400:Drivers/CMSIS/Include/core_cm4.h ****   @{
 401:Drivers/CMSIS/Include/core_cm4.h ****  */
 402:Drivers/CMSIS/Include/core_cm4.h **** 
 403:Drivers/CMSIS/Include/core_cm4.h **** /**
 404:Drivers/CMSIS/Include/core_cm4.h ****   \brief  Structure type to access the Nested Vectored Interrupt Controller (NVIC).
 405:Drivers/CMSIS/Include/core_cm4.h ****  */
 406:Drivers/CMSIS/Include/core_cm4.h **** typedef struct
 407:Drivers/CMSIS/Include/core_cm4.h **** {
 408:Drivers/CMSIS/Include/core_cm4.h ****   __IOM uint32_t ISER[8U];               /*!< Offset: 0x000 (R/W)  Interrupt Set Enable Register */
 409:Drivers/CMSIS/Include/core_cm4.h ****         uint32_t RESERVED0[24U];
 410:Drivers/CMSIS/Include/core_cm4.h ****   __IOM uint32_t ICER[8U];               /*!< Offset: 0x080 (R/W)  Interrupt Clear Enable Register 
 411:Drivers/CMSIS/Include/core_cm4.h ****         uint32_t RESERVED1[24U];
 412:Drivers/CMSIS/Include/core_cm4.h ****   __IOM uint32_t ISPR[8U];               /*!< Offset: 0x100 (R/W)  Interrupt Set Pending Register *
 413:Drivers/CMSIS/Include/core_cm4.h ****         uint32_t RESERVED2[24U];
 414:Drivers/CMSIS/Include/core_cm4.h ****   __IOM uint32_t ICPR[8U];               /*!< Offset: 0x180 (R/W)  Interrupt Clear Pending Register
 415:Drivers/CMSIS/Include/core_cm4.h ****         uint32_t RESERVED3[24U];
 416:Drivers/CMSIS/Include/core_cm4.h ****   __IOM uint32_t IABR[8U];               /*!< Offset: 0x200 (R/W)  Interrupt Active bit Register */
 417:Drivers/CMSIS/Include/core_cm4.h ****         uint32_t RESERVED4[56U];
 418:Drivers/CMSIS/Include/core_cm4.h ****   __IOM uint8_t  IP[240U];               /*!< Offset: 0x300 (R/W)  Interrupt Priority Register (8Bi
 419:Drivers/CMSIS/Include/core_cm4.h ****         uint32_t RESERVED5[644U];
 420:Drivers/CMSIS/Include/core_cm4.h ****   __OM  uint32_t STIR;                   /*!< Offset: 0xE00 ( /W)  Software Trigger Interrupt Regis
 421:Drivers/CMSIS/Include/core_cm4.h **** }  NVIC_Type;
 422:Drivers/CMSIS/Include/core_cm4.h **** 
 423:Drivers/CMSIS/Include/core_cm4.h **** /* Software Triggered Interrupt Register Definitions */
 424:Drivers/CMSIS/Include/core_cm4.h **** #define NVIC_STIR_INTID_Pos                 0U                                         /*!< STIR: I
 425:Drivers/CMSIS/Include/core_cm4.h **** #define NVIC_STIR_INTID_Msk                (0x1FFUL /*<< NVIC_STIR_INTID_Pos*/)        /*!< STIR: I
 426:Drivers/CMSIS/Include/core_cm4.h **** 
 427:Drivers/CMSIS/Include/core_cm4.h **** /*@} end of group CMSIS_NVIC */
 428:Drivers/CMSIS/Include/core_cm4.h **** 
 429:Drivers/CMSIS/Include/core_cm4.h **** 
 430:Drivers/CMSIS/Include/core_cm4.h **** /**
 431:Drivers/CMSIS/Include/core_cm4.h ****   \ingroup  CMSIS_core_register
 432:Drivers/CMSIS/Include/core_cm4.h ****   \defgroup CMSIS_SCB     System Control Block (SCB)
 433:Drivers/CMSIS/Include/core_cm4.h ****   \brief    Type definitions for the System Control Block Registers
 434:Drivers/CMSIS/Include/core_cm4.h ****   @{
 435:Drivers/CMSIS/Include/core_cm4.h ****  */
 436:Drivers/CMSIS/Include/core_cm4.h **** 
 437:Drivers/CMSIS/Include/core_cm4.h **** /**
 438:Drivers/CMSIS/Include/core_cm4.h ****   \brief  Structure type to access the System Control Block (SCB).
 439:Drivers/CMSIS/Include/core_cm4.h ****  */
 440:Drivers/CMSIS/Include/core_cm4.h **** typedef struct
 441:Drivers/CMSIS/Include/core_cm4.h **** {
 442:Drivers/CMSIS/Include/core_cm4.h ****   __IM  uint32_t CPUID;                  /*!< Offset: 0x000 (R/ )  CPUID Base Register */
 443:Drivers/CMSIS/Include/core_cm4.h ****   __IOM uint32_t ICSR;                   /*!< Offset: 0x004 (R/W)  Interrupt Control and State Regi
 444:Drivers/CMSIS/Include/core_cm4.h ****   __IOM uint32_t VTOR;                   /*!< Offset: 0x008 (R/W)  Vector Table Offset Register */
 445:Drivers/CMSIS/Include/core_cm4.h ****   __IOM uint32_t AIRCR;                  /*!< Offset: 0x00C (R/W)  Application Interrupt and Reset 
 446:Drivers/CMSIS/Include/core_cm4.h ****   __IOM uint32_t SCR;                    /*!< Offset: 0x010 (R/W)  System Control Register */
 447:Drivers/CMSIS/Include/core_cm4.h ****   __IOM uint32_t CCR;                    /*!< Offset: 0x014 (R/W)  Configuration Control Register *
 448:Drivers/CMSIS/Include/core_cm4.h ****   __IOM uint8_t  SHP[12U];               /*!< Offset: 0x018 (R/W)  System Handlers Priority Registe
 449:Drivers/CMSIS/Include/core_cm4.h ****   __IOM uint32_t SHCSR;                  /*!< Offset: 0x024 (R/W)  System Handler Control and State
 450:Drivers/CMSIS/Include/core_cm4.h ****   __IOM uint32_t CFSR;                   /*!< Offset: 0x028 (R/W)  Configurable Fault Status Regist
 451:Drivers/CMSIS/Include/core_cm4.h ****   __IOM uint32_t HFSR;                   /*!< Offset: 0x02C (R/W)  HardFault Status Register */
 452:Drivers/CMSIS/Include/core_cm4.h ****   __IOM uint32_t DFSR;                   /*!< Offset: 0x030 (R/W)  Debug Fault Status Register */
ARM GAS   			page 28


 453:Drivers/CMSIS/Include/core_cm4.h ****   __IOM uint32_t MMFAR;                  /*!< Offset: 0x034 (R/W)  MemManage Fault Address Register
 454:Drivers/CMSIS/Include/core_cm4.h ****   __IOM uint32_t BFAR;                   /*!< Offset: 0x038 (R/W)  BusFault Address Register */
 455:Drivers/CMSIS/Include/core_cm4.h ****   __IOM uint32_t AFSR;                   /*!< Offset: 0x03C (R/W)  Auxiliary Fault Status Register 
 456:Drivers/CMSIS/Include/core_cm4.h ****   __IM  uint32_t PFR[2U];                /*!< Offset: 0x040 (R/ )  Processor Feature Register */
 457:Drivers/CMSIS/Include/core_cm4.h ****   __IM  uint32_t DFR;                    /*!< Offset: 0x048 (R/ )  Debug Feature Register */
 458:Drivers/CMSIS/Include/core_cm4.h ****   __IM  uint32_t ADR;                    /*!< Offset: 0x04C (R/ )  Auxiliary Feature Register */
 459:Drivers/CMSIS/Include/core_cm4.h ****   __IM  uint32_t MMFR[4U];               /*!< Offset: 0x050 (R/ )  Memory Model Feature Register */
 460:Drivers/CMSIS/Include/core_cm4.h ****   __IM  uint32_t ISAR[5U];               /*!< Offset: 0x060 (R/ )  Instruction Set Attributes Regis
 461:Drivers/CMSIS/Include/core_cm4.h ****         uint32_t RESERVED0[5U];
 462:Drivers/CMSIS/Include/core_cm4.h ****   __IOM uint32_t CPACR;                  /*!< Offset: 0x088 (R/W)  Coprocessor Access Control Regis
 463:Drivers/CMSIS/Include/core_cm4.h **** } SCB_Type;
 464:Drivers/CMSIS/Include/core_cm4.h **** 
 465:Drivers/CMSIS/Include/core_cm4.h **** /* SCB CPUID Register Definitions */
 466:Drivers/CMSIS/Include/core_cm4.h **** #define SCB_CPUID_IMPLEMENTER_Pos          24U                                            /*!< SCB 
 467:Drivers/CMSIS/Include/core_cm4.h **** #define SCB_CPUID_IMPLEMENTER_Msk          (0xFFUL << SCB_CPUID_IMPLEMENTER_Pos)          /*!< SCB 
 468:Drivers/CMSIS/Include/core_cm4.h **** 
 469:Drivers/CMSIS/Include/core_cm4.h **** #define SCB_CPUID_VARIANT_Pos              20U                                            /*!< SCB 
 470:Drivers/CMSIS/Include/core_cm4.h **** #define SCB_CPUID_VARIANT_Msk              (0xFUL << SCB_CPUID_VARIANT_Pos)               /*!< SCB 
 471:Drivers/CMSIS/Include/core_cm4.h **** 
 472:Drivers/CMSIS/Include/core_cm4.h **** #define SCB_CPUID_ARCHITECTURE_Pos         16U                                            /*!< SCB 
 473:Drivers/CMSIS/Include/core_cm4.h **** #define SCB_CPUID_ARCHITECTURE_Msk         (0xFUL << SCB_CPUID_ARCHITECTURE_Pos)          /*!< SCB 
 474:Drivers/CMSIS/Include/core_cm4.h **** 
 475:Drivers/CMSIS/Include/core_cm4.h **** #define SCB_CPUID_PARTNO_Pos                4U                                            /*!< SCB 
 476:Drivers/CMSIS/Include/core_cm4.h **** #define SCB_CPUID_PARTNO_Msk               (0xFFFUL << SCB_CPUID_PARTNO_Pos)              /*!< SCB 
 477:Drivers/CMSIS/Include/core_cm4.h **** 
 478:Drivers/CMSIS/Include/core_cm4.h **** #define SCB_CPUID_REVISION_Pos              0U                                            /*!< SCB 
 479:Drivers/CMSIS/Include/core_cm4.h **** #define SCB_CPUID_REVISION_Msk             (0xFUL /*<< SCB_CPUID_REVISION_Pos*/)          /*!< SCB 
 480:Drivers/CMSIS/Include/core_cm4.h **** 
 481:Drivers/CMSIS/Include/core_cm4.h **** /* SCB Interrupt Control State Register Definitions */
 482:Drivers/CMSIS/Include/core_cm4.h **** #define SCB_ICSR_NMIPENDSET_Pos            31U                                            /*!< SCB 
 483:Drivers/CMSIS/Include/core_cm4.h **** #define SCB_ICSR_NMIPENDSET_Msk            (1UL << SCB_ICSR_NMIPENDSET_Pos)               /*!< SCB 
 484:Drivers/CMSIS/Include/core_cm4.h **** 
 485:Drivers/CMSIS/Include/core_cm4.h **** #define SCB_ICSR_PENDSVSET_Pos             28U                                            /*!< SCB 
 486:Drivers/CMSIS/Include/core_cm4.h **** #define SCB_ICSR_PENDSVSET_Msk             (1UL << SCB_ICSR_PENDSVSET_Pos)                /*!< SCB 
 487:Drivers/CMSIS/Include/core_cm4.h **** 
 488:Drivers/CMSIS/Include/core_cm4.h **** #define SCB_ICSR_PENDSVCLR_Pos             27U                                            /*!< SCB 
 489:Drivers/CMSIS/Include/core_cm4.h **** #define SCB_ICSR_PENDSVCLR_Msk             (1UL << SCB_ICSR_PENDSVCLR_Pos)                /*!< SCB 
 490:Drivers/CMSIS/Include/core_cm4.h **** 
 491:Drivers/CMSIS/Include/core_cm4.h **** #define SCB_ICSR_PENDSTSET_Pos             26U                                            /*!< SCB 
 492:Drivers/CMSIS/Include/core_cm4.h **** #define SCB_ICSR_PENDSTSET_Msk             (1UL << SCB_ICSR_PENDSTSET_Pos)                /*!< SCB 
 493:Drivers/CMSIS/Include/core_cm4.h **** 
 494:Drivers/CMSIS/Include/core_cm4.h **** #define SCB_ICSR_PENDSTCLR_Pos             25U                                            /*!< SCB 
 495:Drivers/CMSIS/Include/core_cm4.h **** #define SCB_ICSR_PENDSTCLR_Msk             (1UL << SCB_ICSR_PENDSTCLR_Pos)                /*!< SCB 
 496:Drivers/CMSIS/Include/core_cm4.h **** 
 497:Drivers/CMSIS/Include/core_cm4.h **** #define SCB_ICSR_ISRPREEMPT_Pos            23U                                            /*!< SCB 
 498:Drivers/CMSIS/Include/core_cm4.h **** #define SCB_ICSR_ISRPREEMPT_Msk            (1UL << SCB_ICSR_ISRPREEMPT_Pos)               /*!< SCB 
 499:Drivers/CMSIS/Include/core_cm4.h **** 
 500:Drivers/CMSIS/Include/core_cm4.h **** #define SCB_ICSR_ISRPENDING_Pos            22U                                            /*!< SCB 
 501:Drivers/CMSIS/Include/core_cm4.h **** #define SCB_ICSR_ISRPENDING_Msk            (1UL << SCB_ICSR_ISRPENDING_Pos)               /*!< SCB 
 502:Drivers/CMSIS/Include/core_cm4.h **** 
 503:Drivers/CMSIS/Include/core_cm4.h **** #define SCB_ICSR_VECTPENDING_Pos           12U                                            /*!< SCB 
 504:Drivers/CMSIS/Include/core_cm4.h **** #define SCB_ICSR_VECTPENDING_Msk           (0x1FFUL << SCB_ICSR_VECTPENDING_Pos)          /*!< SCB 
 505:Drivers/CMSIS/Include/core_cm4.h **** 
 506:Drivers/CMSIS/Include/core_cm4.h **** #define SCB_ICSR_RETTOBASE_Pos             11U                                            /*!< SCB 
 507:Drivers/CMSIS/Include/core_cm4.h **** #define SCB_ICSR_RETTOBASE_Msk             (1UL << SCB_ICSR_RETTOBASE_Pos)                /*!< SCB 
 508:Drivers/CMSIS/Include/core_cm4.h **** 
 509:Drivers/CMSIS/Include/core_cm4.h **** #define SCB_ICSR_VECTACTIVE_Pos             0U                                            /*!< SCB 
ARM GAS   			page 29


 510:Drivers/CMSIS/Include/core_cm4.h **** #define SCB_ICSR_VECTACTIVE_Msk            (0x1FFUL /*<< SCB_ICSR_VECTACTIVE_Pos*/)       /*!< SCB 
 511:Drivers/CMSIS/Include/core_cm4.h **** 
 512:Drivers/CMSIS/Include/core_cm4.h **** /* SCB Vector Table Offset Register Definitions */
 513:Drivers/CMSIS/Include/core_cm4.h **** #define SCB_VTOR_TBLOFF_Pos                 7U                                            /*!< SCB 
 514:Drivers/CMSIS/Include/core_cm4.h **** #define SCB_VTOR_TBLOFF_Msk                (0x1FFFFFFUL << SCB_VTOR_TBLOFF_Pos)           /*!< SCB 
 515:Drivers/CMSIS/Include/core_cm4.h **** 
 516:Drivers/CMSIS/Include/core_cm4.h **** /* SCB Application Interrupt and Reset Control Register Definitions */
 517:Drivers/CMSIS/Include/core_cm4.h **** #define SCB_AIRCR_VECTKEY_Pos              16U                                            /*!< SCB 
 518:Drivers/CMSIS/Include/core_cm4.h **** #define SCB_AIRCR_VECTKEY_Msk              (0xFFFFUL << SCB_AIRCR_VECTKEY_Pos)            /*!< SCB 
 519:Drivers/CMSIS/Include/core_cm4.h **** 
 520:Drivers/CMSIS/Include/core_cm4.h **** #define SCB_AIRCR_VECTKEYSTAT_Pos          16U                                            /*!< SCB 
 521:Drivers/CMSIS/Include/core_cm4.h **** #define SCB_AIRCR_VECTKEYSTAT_Msk          (0xFFFFUL << SCB_AIRCR_VECTKEYSTAT_Pos)        /*!< SCB 
 522:Drivers/CMSIS/Include/core_cm4.h **** 
 523:Drivers/CMSIS/Include/core_cm4.h **** #define SCB_AIRCR_ENDIANESS_Pos            15U                                            /*!< SCB 
 524:Drivers/CMSIS/Include/core_cm4.h **** #define SCB_AIRCR_ENDIANESS_Msk            (1UL << SCB_AIRCR_ENDIANESS_Pos)               /*!< SCB 
 525:Drivers/CMSIS/Include/core_cm4.h **** 
 526:Drivers/CMSIS/Include/core_cm4.h **** #define SCB_AIRCR_PRIGROUP_Pos              8U                                            /*!< SCB 
 527:Drivers/CMSIS/Include/core_cm4.h **** #define SCB_AIRCR_PRIGROUP_Msk             (7UL << SCB_AIRCR_PRIGROUP_Pos)                /*!< SCB 
 528:Drivers/CMSIS/Include/core_cm4.h **** 
 529:Drivers/CMSIS/Include/core_cm4.h **** #define SCB_AIRCR_SYSRESETREQ_Pos           2U                                            /*!< SCB 
 530:Drivers/CMSIS/Include/core_cm4.h **** #define SCB_AIRCR_SYSRESETREQ_Msk          (1UL << SCB_AIRCR_SYSRESETREQ_Pos)             /*!< SCB 
 531:Drivers/CMSIS/Include/core_cm4.h **** 
 532:Drivers/CMSIS/Include/core_cm4.h **** #define SCB_AIRCR_VECTCLRACTIVE_Pos         1U                                            /*!< SCB 
 533:Drivers/CMSIS/Include/core_cm4.h **** #define SCB_AIRCR_VECTCLRACTIVE_Msk        (1UL << SCB_AIRCR_VECTCLRACTIVE_Pos)           /*!< SCB 
 534:Drivers/CMSIS/Include/core_cm4.h **** 
 535:Drivers/CMSIS/Include/core_cm4.h **** #define SCB_AIRCR_VECTRESET_Pos             0U                                            /*!< SCB 
 536:Drivers/CMSIS/Include/core_cm4.h **** #define SCB_AIRCR_VECTRESET_Msk            (1UL /*<< SCB_AIRCR_VECTRESET_Pos*/)           /*!< SCB 
 537:Drivers/CMSIS/Include/core_cm4.h **** 
 538:Drivers/CMSIS/Include/core_cm4.h **** /* SCB System Control Register Definitions */
 539:Drivers/CMSIS/Include/core_cm4.h **** #define SCB_SCR_SEVONPEND_Pos               4U                                            /*!< SCB 
 540:Drivers/CMSIS/Include/core_cm4.h **** #define SCB_SCR_SEVONPEND_Msk              (1UL << SCB_SCR_SEVONPEND_Pos)                 /*!< SCB 
 541:Drivers/CMSIS/Include/core_cm4.h **** 
 542:Drivers/CMSIS/Include/core_cm4.h **** #define SCB_SCR_SLEEPDEEP_Pos               2U                                            /*!< SCB 
 543:Drivers/CMSIS/Include/core_cm4.h **** #define SCB_SCR_SLEEPDEEP_Msk              (1UL << SCB_SCR_SLEEPDEEP_Pos)                 /*!< SCB 
 544:Drivers/CMSIS/Include/core_cm4.h **** 
 545:Drivers/CMSIS/Include/core_cm4.h **** #define SCB_SCR_SLEEPONEXIT_Pos             1U                                            /*!< SCB 
 546:Drivers/CMSIS/Include/core_cm4.h **** #define SCB_SCR_SLEEPONEXIT_Msk            (1UL << SCB_SCR_SLEEPONEXIT_Pos)               /*!< SCB 
 547:Drivers/CMSIS/Include/core_cm4.h **** 
 548:Drivers/CMSIS/Include/core_cm4.h **** /* SCB Configuration Control Register Definitions */
 549:Drivers/CMSIS/Include/core_cm4.h **** #define SCB_CCR_STKALIGN_Pos                9U                                            /*!< SCB 
 550:Drivers/CMSIS/Include/core_cm4.h **** #define SCB_CCR_STKALIGN_Msk               (1UL << SCB_CCR_STKALIGN_Pos)                  /*!< SCB 
 551:Drivers/CMSIS/Include/core_cm4.h **** 
 552:Drivers/CMSIS/Include/core_cm4.h **** #define SCB_CCR_BFHFNMIGN_Pos               8U                                            /*!< SCB 
 553:Drivers/CMSIS/Include/core_cm4.h **** #define SCB_CCR_BFHFNMIGN_Msk              (1UL << SCB_CCR_BFHFNMIGN_Pos)                 /*!< SCB 
 554:Drivers/CMSIS/Include/core_cm4.h **** 
 555:Drivers/CMSIS/Include/core_cm4.h **** #define SCB_CCR_DIV_0_TRP_Pos               4U                                            /*!< SCB 
 556:Drivers/CMSIS/Include/core_cm4.h **** #define SCB_CCR_DIV_0_TRP_Msk              (1UL << SCB_CCR_DIV_0_TRP_Pos)                 /*!< SCB 
 557:Drivers/CMSIS/Include/core_cm4.h **** 
 558:Drivers/CMSIS/Include/core_cm4.h **** #define SCB_CCR_UNALIGN_TRP_Pos             3U                                            /*!< SCB 
 559:Drivers/CMSIS/Include/core_cm4.h **** #define SCB_CCR_UNALIGN_TRP_Msk            (1UL << SCB_CCR_UNALIGN_TRP_Pos)               /*!< SCB 
 560:Drivers/CMSIS/Include/core_cm4.h **** 
 561:Drivers/CMSIS/Include/core_cm4.h **** #define SCB_CCR_USERSETMPEND_Pos            1U                                            /*!< SCB 
 562:Drivers/CMSIS/Include/core_cm4.h **** #define SCB_CCR_USERSETMPEND_Msk           (1UL << SCB_CCR_USERSETMPEND_Pos)              /*!< SCB 
 563:Drivers/CMSIS/Include/core_cm4.h **** 
 564:Drivers/CMSIS/Include/core_cm4.h **** #define SCB_CCR_NONBASETHRDENA_Pos          0U                                            /*!< SCB 
 565:Drivers/CMSIS/Include/core_cm4.h **** #define SCB_CCR_NONBASETHRDENA_Msk         (1UL /*<< SCB_CCR_NONBASETHRDENA_Pos*/)        /*!< SCB 
 566:Drivers/CMSIS/Include/core_cm4.h **** 
ARM GAS   			page 30


 567:Drivers/CMSIS/Include/core_cm4.h **** /* SCB System Handler Control and State Register Definitions */
 568:Drivers/CMSIS/Include/core_cm4.h **** #define SCB_SHCSR_USGFAULTENA_Pos          18U                                            /*!< SCB 
 569:Drivers/CMSIS/Include/core_cm4.h **** #define SCB_SHCSR_USGFAULTENA_Msk          (1UL << SCB_SHCSR_USGFAULTENA_Pos)             /*!< SCB 
 570:Drivers/CMSIS/Include/core_cm4.h **** 
 571:Drivers/CMSIS/Include/core_cm4.h **** #define SCB_SHCSR_BUSFAULTENA_Pos          17U                                            /*!< SCB 
 572:Drivers/CMSIS/Include/core_cm4.h **** #define SCB_SHCSR_BUSFAULTENA_Msk          (1UL << SCB_SHCSR_BUSFAULTENA_Pos)             /*!< SCB 
 573:Drivers/CMSIS/Include/core_cm4.h **** 
 574:Drivers/CMSIS/Include/core_cm4.h **** #define SCB_SHCSR_MEMFAULTENA_Pos          16U                                            /*!< SCB 
 575:Drivers/CMSIS/Include/core_cm4.h **** #define SCB_SHCSR_MEMFAULTENA_Msk          (1UL << SCB_SHCSR_MEMFAULTENA_Pos)             /*!< SCB 
 576:Drivers/CMSIS/Include/core_cm4.h **** 
 577:Drivers/CMSIS/Include/core_cm4.h **** #define SCB_SHCSR_SVCALLPENDED_Pos         15U                                            /*!< SCB 
 578:Drivers/CMSIS/Include/core_cm4.h **** #define SCB_SHCSR_SVCALLPENDED_Msk         (1UL << SCB_SHCSR_SVCALLPENDED_Pos)            /*!< SCB 
 579:Drivers/CMSIS/Include/core_cm4.h **** 
 580:Drivers/CMSIS/Include/core_cm4.h **** #define SCB_SHCSR_BUSFAULTPENDED_Pos       14U                                            /*!< SCB 
 581:Drivers/CMSIS/Include/core_cm4.h **** #define SCB_SHCSR_BUSFAULTPENDED_Msk       (1UL << SCB_SHCSR_BUSFAULTPENDED_Pos)          /*!< SCB 
 582:Drivers/CMSIS/Include/core_cm4.h **** 
 583:Drivers/CMSIS/Include/core_cm4.h **** #define SCB_SHCSR_MEMFAULTPENDED_Pos       13U                                            /*!< SCB 
 584:Drivers/CMSIS/Include/core_cm4.h **** #define SCB_SHCSR_MEMFAULTPENDED_Msk       (1UL << SCB_SHCSR_MEMFAULTPENDED_Pos)          /*!< SCB 
 585:Drivers/CMSIS/Include/core_cm4.h **** 
 586:Drivers/CMSIS/Include/core_cm4.h **** #define SCB_SHCSR_USGFAULTPENDED_Pos       12U                                            /*!< SCB 
 587:Drivers/CMSIS/Include/core_cm4.h **** #define SCB_SHCSR_USGFAULTPENDED_Msk       (1UL << SCB_SHCSR_USGFAULTPENDED_Pos)          /*!< SCB 
 588:Drivers/CMSIS/Include/core_cm4.h **** 
 589:Drivers/CMSIS/Include/core_cm4.h **** #define SCB_SHCSR_SYSTICKACT_Pos           11U                                            /*!< SCB 
 590:Drivers/CMSIS/Include/core_cm4.h **** #define SCB_SHCSR_SYSTICKACT_Msk           (1UL << SCB_SHCSR_SYSTICKACT_Pos)              /*!< SCB 
 591:Drivers/CMSIS/Include/core_cm4.h **** 
 592:Drivers/CMSIS/Include/core_cm4.h **** #define SCB_SHCSR_PENDSVACT_Pos            10U                                            /*!< SCB 
 593:Drivers/CMSIS/Include/core_cm4.h **** #define SCB_SHCSR_PENDSVACT_Msk            (1UL << SCB_SHCSR_PENDSVACT_Pos)               /*!< SCB 
 594:Drivers/CMSIS/Include/core_cm4.h **** 
 595:Drivers/CMSIS/Include/core_cm4.h **** #define SCB_SHCSR_MONITORACT_Pos            8U                                            /*!< SCB 
 596:Drivers/CMSIS/Include/core_cm4.h **** #define SCB_SHCSR_MONITORACT_Msk           (1UL << SCB_SHCSR_MONITORACT_Pos)              /*!< SCB 
 597:Drivers/CMSIS/Include/core_cm4.h **** 
 598:Drivers/CMSIS/Include/core_cm4.h **** #define SCB_SHCSR_SVCALLACT_Pos             7U                                            /*!< SCB 
 599:Drivers/CMSIS/Include/core_cm4.h **** #define SCB_SHCSR_SVCALLACT_Msk            (1UL << SCB_SHCSR_SVCALLACT_Pos)               /*!< SCB 
 600:Drivers/CMSIS/Include/core_cm4.h **** 
 601:Drivers/CMSIS/Include/core_cm4.h **** #define SCB_SHCSR_USGFAULTACT_Pos           3U                                            /*!< SCB 
 602:Drivers/CMSIS/Include/core_cm4.h **** #define SCB_SHCSR_USGFAULTACT_Msk          (1UL << SCB_SHCSR_USGFAULTACT_Pos)             /*!< SCB 
 603:Drivers/CMSIS/Include/core_cm4.h **** 
 604:Drivers/CMSIS/Include/core_cm4.h **** #define SCB_SHCSR_BUSFAULTACT_Pos           1U                                            /*!< SCB 
 605:Drivers/CMSIS/Include/core_cm4.h **** #define SCB_SHCSR_BUSFAULTACT_Msk          (1UL << SCB_SHCSR_BUSFAULTACT_Pos)             /*!< SCB 
 606:Drivers/CMSIS/Include/core_cm4.h **** 
 607:Drivers/CMSIS/Include/core_cm4.h **** #define SCB_SHCSR_MEMFAULTACT_Pos           0U                                            /*!< SCB 
 608:Drivers/CMSIS/Include/core_cm4.h **** #define SCB_SHCSR_MEMFAULTACT_Msk          (1UL /*<< SCB_SHCSR_MEMFAULTACT_Pos*/)         /*!< SCB 
 609:Drivers/CMSIS/Include/core_cm4.h **** 
 610:Drivers/CMSIS/Include/core_cm4.h **** /* SCB Configurable Fault Status Register Definitions */
 611:Drivers/CMSIS/Include/core_cm4.h **** #define SCB_CFSR_USGFAULTSR_Pos            16U                                            /*!< SCB 
 612:Drivers/CMSIS/Include/core_cm4.h **** #define SCB_CFSR_USGFAULTSR_Msk            (0xFFFFUL << SCB_CFSR_USGFAULTSR_Pos)          /*!< SCB 
 613:Drivers/CMSIS/Include/core_cm4.h **** 
 614:Drivers/CMSIS/Include/core_cm4.h **** #define SCB_CFSR_BUSFAULTSR_Pos             8U                                            /*!< SCB 
 615:Drivers/CMSIS/Include/core_cm4.h **** #define SCB_CFSR_BUSFAULTSR_Msk            (0xFFUL << SCB_CFSR_BUSFAULTSR_Pos)            /*!< SCB 
 616:Drivers/CMSIS/Include/core_cm4.h **** 
 617:Drivers/CMSIS/Include/core_cm4.h **** #define SCB_CFSR_MEMFAULTSR_Pos             0U                                            /*!< SCB 
 618:Drivers/CMSIS/Include/core_cm4.h **** #define SCB_CFSR_MEMFAULTSR_Msk            (0xFFUL /*<< SCB_CFSR_MEMFAULTSR_Pos*/)        /*!< SCB 
 619:Drivers/CMSIS/Include/core_cm4.h **** 
 620:Drivers/CMSIS/Include/core_cm4.h **** /* MemManage Fault Status Register (part of SCB Configurable Fault Status Register) */
 621:Drivers/CMSIS/Include/core_cm4.h **** #define SCB_CFSR_MMARVALID_Pos             (SCB_SHCSR_MEMFAULTACT_Pos + 7U)               /*!< SCB 
 622:Drivers/CMSIS/Include/core_cm4.h **** #define SCB_CFSR_MMARVALID_Msk             (1UL << SCB_CFSR_MMARVALID_Pos)                /*!< SCB 
 623:Drivers/CMSIS/Include/core_cm4.h **** 
ARM GAS   			page 31


 624:Drivers/CMSIS/Include/core_cm4.h **** #define SCB_CFSR_MLSPERR_Pos               (SCB_SHCSR_MEMFAULTACT_Pos + 5U)               /*!< SCB 
 625:Drivers/CMSIS/Include/core_cm4.h **** #define SCB_CFSR_MLSPERR_Msk               (1UL << SCB_CFSR_MLSPERR_Pos)                  /*!< SCB 
 626:Drivers/CMSIS/Include/core_cm4.h **** 
 627:Drivers/CMSIS/Include/core_cm4.h **** #define SCB_CFSR_MSTKERR_Pos               (SCB_SHCSR_MEMFAULTACT_Pos + 4U)               /*!< SCB 
 628:Drivers/CMSIS/Include/core_cm4.h **** #define SCB_CFSR_MSTKERR_Msk               (1UL << SCB_CFSR_MSTKERR_Pos)                  /*!< SCB 
 629:Drivers/CMSIS/Include/core_cm4.h **** 
 630:Drivers/CMSIS/Include/core_cm4.h **** #define SCB_CFSR_MUNSTKERR_Pos             (SCB_SHCSR_MEMFAULTACT_Pos + 3U)               /*!< SCB 
 631:Drivers/CMSIS/Include/core_cm4.h **** #define SCB_CFSR_MUNSTKERR_Msk             (1UL << SCB_CFSR_MUNSTKERR_Pos)                /*!< SCB 
 632:Drivers/CMSIS/Include/core_cm4.h **** 
 633:Drivers/CMSIS/Include/core_cm4.h **** #define SCB_CFSR_DACCVIOL_Pos              (SCB_SHCSR_MEMFAULTACT_Pos + 1U)               /*!< SCB 
 634:Drivers/CMSIS/Include/core_cm4.h **** #define SCB_CFSR_DACCVIOL_Msk              (1UL << SCB_CFSR_DACCVIOL_Pos)                 /*!< SCB 
 635:Drivers/CMSIS/Include/core_cm4.h **** 
 636:Drivers/CMSIS/Include/core_cm4.h **** #define SCB_CFSR_IACCVIOL_Pos              (SCB_SHCSR_MEMFAULTACT_Pos + 0U)               /*!< SCB 
 637:Drivers/CMSIS/Include/core_cm4.h **** #define SCB_CFSR_IACCVIOL_Msk              (1UL /*<< SCB_CFSR_IACCVIOL_Pos*/)             /*!< SCB 
 638:Drivers/CMSIS/Include/core_cm4.h **** 
 639:Drivers/CMSIS/Include/core_cm4.h **** /* BusFault Status Register (part of SCB Configurable Fault Status Register) */
 640:Drivers/CMSIS/Include/core_cm4.h **** #define SCB_CFSR_BFARVALID_Pos            (SCB_CFSR_BUSFAULTSR_Pos + 7U)                  /*!< SCB 
 641:Drivers/CMSIS/Include/core_cm4.h **** #define SCB_CFSR_BFARVALID_Msk            (1UL << SCB_CFSR_BFARVALID_Pos)                 /*!< SCB 
 642:Drivers/CMSIS/Include/core_cm4.h **** 
 643:Drivers/CMSIS/Include/core_cm4.h **** #define SCB_CFSR_LSPERR_Pos               (SCB_CFSR_BUSFAULTSR_Pos + 5U)                  /*!< SCB 
 644:Drivers/CMSIS/Include/core_cm4.h **** #define SCB_CFSR_LSPERR_Msk               (1UL << SCB_CFSR_LSPERR_Pos)                    /*!< SCB 
 645:Drivers/CMSIS/Include/core_cm4.h **** 
 646:Drivers/CMSIS/Include/core_cm4.h **** #define SCB_CFSR_STKERR_Pos               (SCB_CFSR_BUSFAULTSR_Pos + 4U)                  /*!< SCB 
 647:Drivers/CMSIS/Include/core_cm4.h **** #define SCB_CFSR_STKERR_Msk               (1UL << SCB_CFSR_STKERR_Pos)                    /*!< SCB 
 648:Drivers/CMSIS/Include/core_cm4.h **** 
 649:Drivers/CMSIS/Include/core_cm4.h **** #define SCB_CFSR_UNSTKERR_Pos             (SCB_CFSR_BUSFAULTSR_Pos + 3U)                  /*!< SCB 
 650:Drivers/CMSIS/Include/core_cm4.h **** #define SCB_CFSR_UNSTKERR_Msk             (1UL << SCB_CFSR_UNSTKERR_Pos)                  /*!< SCB 
 651:Drivers/CMSIS/Include/core_cm4.h **** 
 652:Drivers/CMSIS/Include/core_cm4.h **** #define SCB_CFSR_IMPRECISERR_Pos          (SCB_CFSR_BUSFAULTSR_Pos + 2U)                  /*!< SCB 
 653:Drivers/CMSIS/Include/core_cm4.h **** #define SCB_CFSR_IMPRECISERR_Msk          (1UL << SCB_CFSR_IMPRECISERR_Pos)               /*!< SCB 
 654:Drivers/CMSIS/Include/core_cm4.h **** 
 655:Drivers/CMSIS/Include/core_cm4.h **** #define SCB_CFSR_PRECISERR_Pos            (SCB_CFSR_BUSFAULTSR_Pos + 1U)                  /*!< SCB 
 656:Drivers/CMSIS/Include/core_cm4.h **** #define SCB_CFSR_PRECISERR_Msk            (1UL << SCB_CFSR_PRECISERR_Pos)                 /*!< SCB 
 657:Drivers/CMSIS/Include/core_cm4.h **** 
 658:Drivers/CMSIS/Include/core_cm4.h **** #define SCB_CFSR_IBUSERR_Pos              (SCB_CFSR_BUSFAULTSR_Pos + 0U)                  /*!< SCB 
 659:Drivers/CMSIS/Include/core_cm4.h **** #define SCB_CFSR_IBUSERR_Msk              (1UL << SCB_CFSR_IBUSERR_Pos)                   /*!< SCB 
 660:Drivers/CMSIS/Include/core_cm4.h **** 
 661:Drivers/CMSIS/Include/core_cm4.h **** /* UsageFault Status Register (part of SCB Configurable Fault Status Register) */
 662:Drivers/CMSIS/Include/core_cm4.h **** #define SCB_CFSR_DIVBYZERO_Pos            (SCB_CFSR_USGFAULTSR_Pos + 9U)                  /*!< SCB 
 663:Drivers/CMSIS/Include/core_cm4.h **** #define SCB_CFSR_DIVBYZERO_Msk            (1UL << SCB_CFSR_DIVBYZERO_Pos)                 /*!< SCB 
 664:Drivers/CMSIS/Include/core_cm4.h **** 
 665:Drivers/CMSIS/Include/core_cm4.h **** #define SCB_CFSR_UNALIGNED_Pos            (SCB_CFSR_USGFAULTSR_Pos + 8U)                  /*!< SCB 
 666:Drivers/CMSIS/Include/core_cm4.h **** #define SCB_CFSR_UNALIGNED_Msk            (1UL << SCB_CFSR_UNALIGNED_Pos)                 /*!< SCB 
 667:Drivers/CMSIS/Include/core_cm4.h **** 
 668:Drivers/CMSIS/Include/core_cm4.h **** #define SCB_CFSR_NOCP_Pos                 (SCB_CFSR_USGFAULTSR_Pos + 3U)                  /*!< SCB 
 669:Drivers/CMSIS/Include/core_cm4.h **** #define SCB_CFSR_NOCP_Msk                 (1UL << SCB_CFSR_NOCP_Pos)                      /*!< SCB 
 670:Drivers/CMSIS/Include/core_cm4.h **** 
 671:Drivers/CMSIS/Include/core_cm4.h **** #define SCB_CFSR_INVPC_Pos                (SCB_CFSR_USGFAULTSR_Pos + 2U)                  /*!< SCB 
 672:Drivers/CMSIS/Include/core_cm4.h **** #define SCB_CFSR_INVPC_Msk                (1UL << SCB_CFSR_INVPC_Pos)                     /*!< SCB 
 673:Drivers/CMSIS/Include/core_cm4.h **** 
 674:Drivers/CMSIS/Include/core_cm4.h **** #define SCB_CFSR_INVSTATE_Pos             (SCB_CFSR_USGFAULTSR_Pos + 1U)                  /*!< SCB 
 675:Drivers/CMSIS/Include/core_cm4.h **** #define SCB_CFSR_INVSTATE_Msk             (1UL << SCB_CFSR_INVSTATE_Pos)                  /*!< SCB 
 676:Drivers/CMSIS/Include/core_cm4.h **** 
 677:Drivers/CMSIS/Include/core_cm4.h **** #define SCB_CFSR_UNDEFINSTR_Pos           (SCB_CFSR_USGFAULTSR_Pos + 0U)                  /*!< SCB 
 678:Drivers/CMSIS/Include/core_cm4.h **** #define SCB_CFSR_UNDEFINSTR_Msk           (1UL << SCB_CFSR_UNDEFINSTR_Pos)                /*!< SCB 
 679:Drivers/CMSIS/Include/core_cm4.h **** 
 680:Drivers/CMSIS/Include/core_cm4.h **** /* SCB Hard Fault Status Register Definitions */
ARM GAS   			page 32


 681:Drivers/CMSIS/Include/core_cm4.h **** #define SCB_HFSR_DEBUGEVT_Pos              31U                                            /*!< SCB 
 682:Drivers/CMSIS/Include/core_cm4.h **** #define SCB_HFSR_DEBUGEVT_Msk              (1UL << SCB_HFSR_DEBUGEVT_Pos)                 /*!< SCB 
 683:Drivers/CMSIS/Include/core_cm4.h **** 
 684:Drivers/CMSIS/Include/core_cm4.h **** #define SCB_HFSR_FORCED_Pos                30U                                            /*!< SCB 
 685:Drivers/CMSIS/Include/core_cm4.h **** #define SCB_HFSR_FORCED_Msk                (1UL << SCB_HFSR_FORCED_Pos)                   /*!< SCB 
 686:Drivers/CMSIS/Include/core_cm4.h **** 
 687:Drivers/CMSIS/Include/core_cm4.h **** #define SCB_HFSR_VECTTBL_Pos                1U                                            /*!< SCB 
 688:Drivers/CMSIS/Include/core_cm4.h **** #define SCB_HFSR_VECTTBL_Msk               (1UL << SCB_HFSR_VECTTBL_Pos)                  /*!< SCB 
 689:Drivers/CMSIS/Include/core_cm4.h **** 
 690:Drivers/CMSIS/Include/core_cm4.h **** /* SCB Debug Fault Status Register Definitions */
 691:Drivers/CMSIS/Include/core_cm4.h **** #define SCB_DFSR_EXTERNAL_Pos               4U                                            /*!< SCB 
 692:Drivers/CMSIS/Include/core_cm4.h **** #define SCB_DFSR_EXTERNAL_Msk              (1UL << SCB_DFSR_EXTERNAL_Pos)                 /*!< SCB 
 693:Drivers/CMSIS/Include/core_cm4.h **** 
 694:Drivers/CMSIS/Include/core_cm4.h **** #define SCB_DFSR_VCATCH_Pos                 3U                                            /*!< SCB 
 695:Drivers/CMSIS/Include/core_cm4.h **** #define SCB_DFSR_VCATCH_Msk                (1UL << SCB_DFSR_VCATCH_Pos)                   /*!< SCB 
 696:Drivers/CMSIS/Include/core_cm4.h **** 
 697:Drivers/CMSIS/Include/core_cm4.h **** #define SCB_DFSR_DWTTRAP_Pos                2U                                            /*!< SCB 
 698:Drivers/CMSIS/Include/core_cm4.h **** #define SCB_DFSR_DWTTRAP_Msk               (1UL << SCB_DFSR_DWTTRAP_Pos)                  /*!< SCB 
 699:Drivers/CMSIS/Include/core_cm4.h **** 
 700:Drivers/CMSIS/Include/core_cm4.h **** #define SCB_DFSR_BKPT_Pos                   1U                                            /*!< SCB 
 701:Drivers/CMSIS/Include/core_cm4.h **** #define SCB_DFSR_BKPT_Msk                  (1UL << SCB_DFSR_BKPT_Pos)                     /*!< SCB 
 702:Drivers/CMSIS/Include/core_cm4.h **** 
 703:Drivers/CMSIS/Include/core_cm4.h **** #define SCB_DFSR_HALTED_Pos                 0U                                            /*!< SCB 
 704:Drivers/CMSIS/Include/core_cm4.h **** #define SCB_DFSR_HALTED_Msk                (1UL /*<< SCB_DFSR_HALTED_Pos*/)               /*!< SCB 
 705:Drivers/CMSIS/Include/core_cm4.h **** 
 706:Drivers/CMSIS/Include/core_cm4.h **** /*@} end of group CMSIS_SCB */
 707:Drivers/CMSIS/Include/core_cm4.h **** 
 708:Drivers/CMSIS/Include/core_cm4.h **** 
 709:Drivers/CMSIS/Include/core_cm4.h **** /**
 710:Drivers/CMSIS/Include/core_cm4.h ****   \ingroup  CMSIS_core_register
 711:Drivers/CMSIS/Include/core_cm4.h ****   \defgroup CMSIS_SCnSCB System Controls not in SCB (SCnSCB)
 712:Drivers/CMSIS/Include/core_cm4.h ****   \brief    Type definitions for the System Control and ID Register not in the SCB
 713:Drivers/CMSIS/Include/core_cm4.h ****   @{
 714:Drivers/CMSIS/Include/core_cm4.h ****  */
 715:Drivers/CMSIS/Include/core_cm4.h **** 
 716:Drivers/CMSIS/Include/core_cm4.h **** /**
 717:Drivers/CMSIS/Include/core_cm4.h ****   \brief  Structure type to access the System Control and ID Register not in the SCB.
 718:Drivers/CMSIS/Include/core_cm4.h ****  */
 719:Drivers/CMSIS/Include/core_cm4.h **** typedef struct
 720:Drivers/CMSIS/Include/core_cm4.h **** {
 721:Drivers/CMSIS/Include/core_cm4.h ****         uint32_t RESERVED0[1U];
 722:Drivers/CMSIS/Include/core_cm4.h ****   __IM  uint32_t ICTR;                   /*!< Offset: 0x004 (R/ )  Interrupt Controller Type Regist
 723:Drivers/CMSIS/Include/core_cm4.h ****   __IOM uint32_t ACTLR;                  /*!< Offset: 0x008 (R/W)  Auxiliary Control Register */
 724:Drivers/CMSIS/Include/core_cm4.h **** } SCnSCB_Type;
 725:Drivers/CMSIS/Include/core_cm4.h **** 
 726:Drivers/CMSIS/Include/core_cm4.h **** /* Interrupt Controller Type Register Definitions */
 727:Drivers/CMSIS/Include/core_cm4.h **** #define SCnSCB_ICTR_INTLINESNUM_Pos         0U                                         /*!< ICTR: I
 728:Drivers/CMSIS/Include/core_cm4.h **** #define SCnSCB_ICTR_INTLINESNUM_Msk        (0xFUL /*<< SCnSCB_ICTR_INTLINESNUM_Pos*/)  /*!< ICTR: I
 729:Drivers/CMSIS/Include/core_cm4.h **** 
 730:Drivers/CMSIS/Include/core_cm4.h **** /* Auxiliary Control Register Definitions */
 731:Drivers/CMSIS/Include/core_cm4.h **** #define SCnSCB_ACTLR_DISOOFP_Pos            9U                                         /*!< ACTLR: 
 732:Drivers/CMSIS/Include/core_cm4.h **** #define SCnSCB_ACTLR_DISOOFP_Msk           (1UL << SCnSCB_ACTLR_DISOOFP_Pos)           /*!< ACTLR: 
 733:Drivers/CMSIS/Include/core_cm4.h **** 
 734:Drivers/CMSIS/Include/core_cm4.h **** #define SCnSCB_ACTLR_DISFPCA_Pos            8U                                         /*!< ACTLR: 
 735:Drivers/CMSIS/Include/core_cm4.h **** #define SCnSCB_ACTLR_DISFPCA_Msk           (1UL << SCnSCB_ACTLR_DISFPCA_Pos)           /*!< ACTLR: 
 736:Drivers/CMSIS/Include/core_cm4.h **** 
 737:Drivers/CMSIS/Include/core_cm4.h **** #define SCnSCB_ACTLR_DISFOLD_Pos            2U                                         /*!< ACTLR: 
ARM GAS   			page 33


 738:Drivers/CMSIS/Include/core_cm4.h **** #define SCnSCB_ACTLR_DISFOLD_Msk           (1UL << SCnSCB_ACTLR_DISFOLD_Pos)           /*!< ACTLR: 
 739:Drivers/CMSIS/Include/core_cm4.h **** 
 740:Drivers/CMSIS/Include/core_cm4.h **** #define SCnSCB_ACTLR_DISDEFWBUF_Pos         1U                                         /*!< ACTLR: 
 741:Drivers/CMSIS/Include/core_cm4.h **** #define SCnSCB_ACTLR_DISDEFWBUF_Msk        (1UL << SCnSCB_ACTLR_DISDEFWBUF_Pos)        /*!< ACTLR: 
 742:Drivers/CMSIS/Include/core_cm4.h **** 
 743:Drivers/CMSIS/Include/core_cm4.h **** #define SCnSCB_ACTLR_DISMCYCINT_Pos         0U                                         /*!< ACTLR: 
 744:Drivers/CMSIS/Include/core_cm4.h **** #define SCnSCB_ACTLR_DISMCYCINT_Msk        (1UL /*<< SCnSCB_ACTLR_DISMCYCINT_Pos*/)    /*!< ACTLR: 
 745:Drivers/CMSIS/Include/core_cm4.h **** 
 746:Drivers/CMSIS/Include/core_cm4.h **** /*@} end of group CMSIS_SCnotSCB */
 747:Drivers/CMSIS/Include/core_cm4.h **** 
 748:Drivers/CMSIS/Include/core_cm4.h **** 
 749:Drivers/CMSIS/Include/core_cm4.h **** /**
 750:Drivers/CMSIS/Include/core_cm4.h ****   \ingroup  CMSIS_core_register
 751:Drivers/CMSIS/Include/core_cm4.h ****   \defgroup CMSIS_SysTick     System Tick Timer (SysTick)
 752:Drivers/CMSIS/Include/core_cm4.h ****   \brief    Type definitions for the System Timer Registers.
 753:Drivers/CMSIS/Include/core_cm4.h ****   @{
 754:Drivers/CMSIS/Include/core_cm4.h ****  */
 755:Drivers/CMSIS/Include/core_cm4.h **** 
 756:Drivers/CMSIS/Include/core_cm4.h **** /**
 757:Drivers/CMSIS/Include/core_cm4.h ****   \brief  Structure type to access the System Timer (SysTick).
 758:Drivers/CMSIS/Include/core_cm4.h ****  */
 759:Drivers/CMSIS/Include/core_cm4.h **** typedef struct
 760:Drivers/CMSIS/Include/core_cm4.h **** {
 761:Drivers/CMSIS/Include/core_cm4.h ****   __IOM uint32_t CTRL;                   /*!< Offset: 0x000 (R/W)  SysTick Control and Status Regis
 762:Drivers/CMSIS/Include/core_cm4.h ****   __IOM uint32_t LOAD;                   /*!< Offset: 0x004 (R/W)  SysTick Reload Value Register */
 763:Drivers/CMSIS/Include/core_cm4.h ****   __IOM uint32_t VAL;                    /*!< Offset: 0x008 (R/W)  SysTick Current Value Register *
 764:Drivers/CMSIS/Include/core_cm4.h ****   __IM  uint32_t CALIB;                  /*!< Offset: 0x00C (R/ )  SysTick Calibration Register */
 765:Drivers/CMSIS/Include/core_cm4.h **** } SysTick_Type;
 766:Drivers/CMSIS/Include/core_cm4.h **** 
 767:Drivers/CMSIS/Include/core_cm4.h **** /* SysTick Control / Status Register Definitions */
 768:Drivers/CMSIS/Include/core_cm4.h **** #define SysTick_CTRL_COUNTFLAG_Pos         16U                                            /*!< SysT
 769:Drivers/CMSIS/Include/core_cm4.h **** #define SysTick_CTRL_COUNTFLAG_Msk         (1UL << SysTick_CTRL_COUNTFLAG_Pos)            /*!< SysT
 770:Drivers/CMSIS/Include/core_cm4.h **** 
 771:Drivers/CMSIS/Include/core_cm4.h **** #define SysTick_CTRL_CLKSOURCE_Pos          2U                                            /*!< SysT
 772:Drivers/CMSIS/Include/core_cm4.h **** #define SysTick_CTRL_CLKSOURCE_Msk         (1UL << SysTick_CTRL_CLKSOURCE_Pos)            /*!< SysT
 773:Drivers/CMSIS/Include/core_cm4.h **** 
 774:Drivers/CMSIS/Include/core_cm4.h **** #define SysTick_CTRL_TICKINT_Pos            1U                                            /*!< SysT
 775:Drivers/CMSIS/Include/core_cm4.h **** #define SysTick_CTRL_TICKINT_Msk           (1UL << SysTick_CTRL_TICKINT_Pos)              /*!< SysT
 776:Drivers/CMSIS/Include/core_cm4.h **** 
 777:Drivers/CMSIS/Include/core_cm4.h **** #define SysTick_CTRL_ENABLE_Pos             0U                                            /*!< SysT
 778:Drivers/CMSIS/Include/core_cm4.h **** #define SysTick_CTRL_ENABLE_Msk            (1UL /*<< SysTick_CTRL_ENABLE_Pos*/)           /*!< SysT
 779:Drivers/CMSIS/Include/core_cm4.h **** 
 780:Drivers/CMSIS/Include/core_cm4.h **** /* SysTick Reload Register Definitions */
 781:Drivers/CMSIS/Include/core_cm4.h **** #define SysTick_LOAD_RELOAD_Pos             0U                                            /*!< SysT
 782:Drivers/CMSIS/Include/core_cm4.h **** #define SysTick_LOAD_RELOAD_Msk            (0xFFFFFFUL /*<< SysTick_LOAD_RELOAD_Pos*/)    /*!< SysT
 783:Drivers/CMSIS/Include/core_cm4.h **** 
 784:Drivers/CMSIS/Include/core_cm4.h **** /* SysTick Current Register Definitions */
 785:Drivers/CMSIS/Include/core_cm4.h **** #define SysTick_VAL_CURRENT_Pos             0U                                            /*!< SysT
 786:Drivers/CMSIS/Include/core_cm4.h **** #define SysTick_VAL_CURRENT_Msk            (0xFFFFFFUL /*<< SysTick_VAL_CURRENT_Pos*/)    /*!< SysT
 787:Drivers/CMSIS/Include/core_cm4.h **** 
 788:Drivers/CMSIS/Include/core_cm4.h **** /* SysTick Calibration Register Definitions */
 789:Drivers/CMSIS/Include/core_cm4.h **** #define SysTick_CALIB_NOREF_Pos            31U                                            /*!< SysT
 790:Drivers/CMSIS/Include/core_cm4.h **** #define SysTick_CALIB_NOREF_Msk            (1UL << SysTick_CALIB_NOREF_Pos)               /*!< SysT
 791:Drivers/CMSIS/Include/core_cm4.h **** 
 792:Drivers/CMSIS/Include/core_cm4.h **** #define SysTick_CALIB_SKEW_Pos             30U                                            /*!< SysT
 793:Drivers/CMSIS/Include/core_cm4.h **** #define SysTick_CALIB_SKEW_Msk             (1UL << SysTick_CALIB_SKEW_Pos)                /*!< SysT
 794:Drivers/CMSIS/Include/core_cm4.h **** 
ARM GAS   			page 34


 795:Drivers/CMSIS/Include/core_cm4.h **** #define SysTick_CALIB_TENMS_Pos             0U                                            /*!< SysT
 796:Drivers/CMSIS/Include/core_cm4.h **** #define SysTick_CALIB_TENMS_Msk            (0xFFFFFFUL /*<< SysTick_CALIB_TENMS_Pos*/)    /*!< SysT
 797:Drivers/CMSIS/Include/core_cm4.h **** 
 798:Drivers/CMSIS/Include/core_cm4.h **** /*@} end of group CMSIS_SysTick */
 799:Drivers/CMSIS/Include/core_cm4.h **** 
 800:Drivers/CMSIS/Include/core_cm4.h **** 
 801:Drivers/CMSIS/Include/core_cm4.h **** /**
 802:Drivers/CMSIS/Include/core_cm4.h ****   \ingroup  CMSIS_core_register
 803:Drivers/CMSIS/Include/core_cm4.h ****   \defgroup CMSIS_ITM     Instrumentation Trace Macrocell (ITM)
 804:Drivers/CMSIS/Include/core_cm4.h ****   \brief    Type definitions for the Instrumentation Trace Macrocell (ITM)
 805:Drivers/CMSIS/Include/core_cm4.h ****   @{
 806:Drivers/CMSIS/Include/core_cm4.h ****  */
 807:Drivers/CMSIS/Include/core_cm4.h **** 
 808:Drivers/CMSIS/Include/core_cm4.h **** /**
 809:Drivers/CMSIS/Include/core_cm4.h ****   \brief  Structure type to access the Instrumentation Trace Macrocell Register (ITM).
 810:Drivers/CMSIS/Include/core_cm4.h ****  */
 811:Drivers/CMSIS/Include/core_cm4.h **** typedef struct
 812:Drivers/CMSIS/Include/core_cm4.h **** {
 813:Drivers/CMSIS/Include/core_cm4.h ****   __OM  union
 814:Drivers/CMSIS/Include/core_cm4.h ****   {
 815:Drivers/CMSIS/Include/core_cm4.h ****     __OM  uint8_t    u8;                 /*!< Offset: 0x000 ( /W)  ITM Stimulus Port 8-bit */
 816:Drivers/CMSIS/Include/core_cm4.h ****     __OM  uint16_t   u16;                /*!< Offset: 0x000 ( /W)  ITM Stimulus Port 16-bit */
 817:Drivers/CMSIS/Include/core_cm4.h ****     __OM  uint32_t   u32;                /*!< Offset: 0x000 ( /W)  ITM Stimulus Port 32-bit */
 818:Drivers/CMSIS/Include/core_cm4.h ****   }  PORT [32U];                         /*!< Offset: 0x000 ( /W)  ITM Stimulus Port Registers */
 819:Drivers/CMSIS/Include/core_cm4.h ****         uint32_t RESERVED0[864U];
 820:Drivers/CMSIS/Include/core_cm4.h ****   __IOM uint32_t TER;                    /*!< Offset: 0xE00 (R/W)  ITM Trace Enable Register */
 821:Drivers/CMSIS/Include/core_cm4.h ****         uint32_t RESERVED1[15U];
 822:Drivers/CMSIS/Include/core_cm4.h ****   __IOM uint32_t TPR;                    /*!< Offset: 0xE40 (R/W)  ITM Trace Privilege Register */
 823:Drivers/CMSIS/Include/core_cm4.h ****         uint32_t RESERVED2[15U];
 824:Drivers/CMSIS/Include/core_cm4.h ****   __IOM uint32_t TCR;                    /*!< Offset: 0xE80 (R/W)  ITM Trace Control Register */
 825:Drivers/CMSIS/Include/core_cm4.h ****         uint32_t RESERVED3[32U];
 826:Drivers/CMSIS/Include/core_cm4.h ****         uint32_t RESERVED4[43U];
 827:Drivers/CMSIS/Include/core_cm4.h ****   __OM  uint32_t LAR;                    /*!< Offset: 0xFB0 ( /W)  ITM Lock Access Register */
 828:Drivers/CMSIS/Include/core_cm4.h ****   __IM  uint32_t LSR;                    /*!< Offset: 0xFB4 (R/ )  ITM Lock Status Register */
 829:Drivers/CMSIS/Include/core_cm4.h ****         uint32_t RESERVED5[6U];
 830:Drivers/CMSIS/Include/core_cm4.h ****   __IM  uint32_t PID4;                   /*!< Offset: 0xFD0 (R/ )  ITM Peripheral Identification Re
 831:Drivers/CMSIS/Include/core_cm4.h ****   __IM  uint32_t PID5;                   /*!< Offset: 0xFD4 (R/ )  ITM Peripheral Identification Re
 832:Drivers/CMSIS/Include/core_cm4.h ****   __IM  uint32_t PID6;                   /*!< Offset: 0xFD8 (R/ )  ITM Peripheral Identification Re
 833:Drivers/CMSIS/Include/core_cm4.h ****   __IM  uint32_t PID7;                   /*!< Offset: 0xFDC (R/ )  ITM Peripheral Identification Re
 834:Drivers/CMSIS/Include/core_cm4.h ****   __IM  uint32_t PID0;                   /*!< Offset: 0xFE0 (R/ )  ITM Peripheral Identification Re
 835:Drivers/CMSIS/Include/core_cm4.h ****   __IM  uint32_t PID1;                   /*!< Offset: 0xFE4 (R/ )  ITM Peripheral Identification Re
 836:Drivers/CMSIS/Include/core_cm4.h ****   __IM  uint32_t PID2;                   /*!< Offset: 0xFE8 (R/ )  ITM Peripheral Identification Re
 837:Drivers/CMSIS/Include/core_cm4.h ****   __IM  uint32_t PID3;                   /*!< Offset: 0xFEC (R/ )  ITM Peripheral Identification Re
 838:Drivers/CMSIS/Include/core_cm4.h ****   __IM  uint32_t CID0;                   /*!< Offset: 0xFF0 (R/ )  ITM Component  Identification Re
 839:Drivers/CMSIS/Include/core_cm4.h ****   __IM  uint32_t CID1;                   /*!< Offset: 0xFF4 (R/ )  ITM Component  Identification Re
 840:Drivers/CMSIS/Include/core_cm4.h ****   __IM  uint32_t CID2;                   /*!< Offset: 0xFF8 (R/ )  ITM Component  Identification Re
 841:Drivers/CMSIS/Include/core_cm4.h ****   __IM  uint32_t CID3;                   /*!< Offset: 0xFFC (R/ )  ITM Component  Identification Re
 842:Drivers/CMSIS/Include/core_cm4.h **** } ITM_Type;
 843:Drivers/CMSIS/Include/core_cm4.h **** 
 844:Drivers/CMSIS/Include/core_cm4.h **** /* ITM Trace Privilege Register Definitions */
 845:Drivers/CMSIS/Include/core_cm4.h **** #define ITM_TPR_PRIVMASK_Pos                0U                                            /*!< ITM 
 846:Drivers/CMSIS/Include/core_cm4.h **** #define ITM_TPR_PRIVMASK_Msk               (0xFFFFFFFFUL /*<< ITM_TPR_PRIVMASK_Pos*/)     /*!< ITM 
 847:Drivers/CMSIS/Include/core_cm4.h **** 
 848:Drivers/CMSIS/Include/core_cm4.h **** /* ITM Trace Control Register Definitions */
 849:Drivers/CMSIS/Include/core_cm4.h **** #define ITM_TCR_BUSY_Pos                   23U                                            /*!< ITM 
 850:Drivers/CMSIS/Include/core_cm4.h **** #define ITM_TCR_BUSY_Msk                   (1UL << ITM_TCR_BUSY_Pos)                      /*!< ITM 
 851:Drivers/CMSIS/Include/core_cm4.h **** 
ARM GAS   			page 35


 852:Drivers/CMSIS/Include/core_cm4.h **** #define ITM_TCR_TraceBusID_Pos             16U                                            /*!< ITM 
 853:Drivers/CMSIS/Include/core_cm4.h **** #define ITM_TCR_TraceBusID_Msk             (0x7FUL << ITM_TCR_TraceBusID_Pos)             /*!< ITM 
 854:Drivers/CMSIS/Include/core_cm4.h **** 
 855:Drivers/CMSIS/Include/core_cm4.h **** #define ITM_TCR_GTSFREQ_Pos                10U                                            /*!< ITM 
 856:Drivers/CMSIS/Include/core_cm4.h **** #define ITM_TCR_GTSFREQ_Msk                (3UL << ITM_TCR_GTSFREQ_Pos)                   /*!< ITM 
 857:Drivers/CMSIS/Include/core_cm4.h **** 
 858:Drivers/CMSIS/Include/core_cm4.h **** #define ITM_TCR_TSPrescale_Pos              8U                                            /*!< ITM 
 859:Drivers/CMSIS/Include/core_cm4.h **** #define ITM_TCR_TSPrescale_Msk             (3UL << ITM_TCR_TSPrescale_Pos)                /*!< ITM 
 860:Drivers/CMSIS/Include/core_cm4.h **** 
 861:Drivers/CMSIS/Include/core_cm4.h **** #define ITM_TCR_SWOENA_Pos                  4U                                            /*!< ITM 
 862:Drivers/CMSIS/Include/core_cm4.h **** #define ITM_TCR_SWOENA_Msk                 (1UL << ITM_TCR_SWOENA_Pos)                    /*!< ITM 
 863:Drivers/CMSIS/Include/core_cm4.h **** 
 864:Drivers/CMSIS/Include/core_cm4.h **** #define ITM_TCR_DWTENA_Pos                  3U                                            /*!< ITM 
 865:Drivers/CMSIS/Include/core_cm4.h **** #define ITM_TCR_DWTENA_Msk                 (1UL << ITM_TCR_DWTENA_Pos)                    /*!< ITM 
 866:Drivers/CMSIS/Include/core_cm4.h **** 
 867:Drivers/CMSIS/Include/core_cm4.h **** #define ITM_TCR_SYNCENA_Pos                 2U                                            /*!< ITM 
 868:Drivers/CMSIS/Include/core_cm4.h **** #define ITM_TCR_SYNCENA_Msk                (1UL << ITM_TCR_SYNCENA_Pos)                   /*!< ITM 
 869:Drivers/CMSIS/Include/core_cm4.h **** 
 870:Drivers/CMSIS/Include/core_cm4.h **** #define ITM_TCR_TSENA_Pos                   1U                                            /*!< ITM 
 871:Drivers/CMSIS/Include/core_cm4.h **** #define ITM_TCR_TSENA_Msk                  (1UL << ITM_TCR_TSENA_Pos)                     /*!< ITM 
 872:Drivers/CMSIS/Include/core_cm4.h **** 
 873:Drivers/CMSIS/Include/core_cm4.h **** #define ITM_TCR_ITMENA_Pos                  0U                                            /*!< ITM 
 874:Drivers/CMSIS/Include/core_cm4.h **** #define ITM_TCR_ITMENA_Msk                 (1UL /*<< ITM_TCR_ITMENA_Pos*/)                /*!< ITM 
 875:Drivers/CMSIS/Include/core_cm4.h **** 
 876:Drivers/CMSIS/Include/core_cm4.h **** /* ITM Lock Status Register Definitions */
 877:Drivers/CMSIS/Include/core_cm4.h **** #define ITM_LSR_ByteAcc_Pos                 2U                                            /*!< ITM 
 878:Drivers/CMSIS/Include/core_cm4.h **** #define ITM_LSR_ByteAcc_Msk                (1UL << ITM_LSR_ByteAcc_Pos)                   /*!< ITM 
 879:Drivers/CMSIS/Include/core_cm4.h **** 
 880:Drivers/CMSIS/Include/core_cm4.h **** #define ITM_LSR_Access_Pos                  1U                                            /*!< ITM 
 881:Drivers/CMSIS/Include/core_cm4.h **** #define ITM_LSR_Access_Msk                 (1UL << ITM_LSR_Access_Pos)                    /*!< ITM 
 882:Drivers/CMSIS/Include/core_cm4.h **** 
 883:Drivers/CMSIS/Include/core_cm4.h **** #define ITM_LSR_Present_Pos                 0U                                            /*!< ITM 
 884:Drivers/CMSIS/Include/core_cm4.h **** #define ITM_LSR_Present_Msk                (1UL /*<< ITM_LSR_Present_Pos*/)               /*!< ITM 
 885:Drivers/CMSIS/Include/core_cm4.h **** 
 886:Drivers/CMSIS/Include/core_cm4.h **** /*@}*/ /* end of group CMSIS_ITM */
 887:Drivers/CMSIS/Include/core_cm4.h **** 
 888:Drivers/CMSIS/Include/core_cm4.h **** 
 889:Drivers/CMSIS/Include/core_cm4.h **** /**
 890:Drivers/CMSIS/Include/core_cm4.h ****   \ingroup  CMSIS_core_register
 891:Drivers/CMSIS/Include/core_cm4.h ****   \defgroup CMSIS_DWT     Data Watchpoint and Trace (DWT)
 892:Drivers/CMSIS/Include/core_cm4.h ****   \brief    Type definitions for the Data Watchpoint and Trace (DWT)
 893:Drivers/CMSIS/Include/core_cm4.h ****   @{
 894:Drivers/CMSIS/Include/core_cm4.h ****  */
 895:Drivers/CMSIS/Include/core_cm4.h **** 
 896:Drivers/CMSIS/Include/core_cm4.h **** /**
 897:Drivers/CMSIS/Include/core_cm4.h ****   \brief  Structure type to access the Data Watchpoint and Trace Register (DWT).
 898:Drivers/CMSIS/Include/core_cm4.h ****  */
 899:Drivers/CMSIS/Include/core_cm4.h **** typedef struct
 900:Drivers/CMSIS/Include/core_cm4.h **** {
 901:Drivers/CMSIS/Include/core_cm4.h ****   __IOM uint32_t CTRL;                   /*!< Offset: 0x000 (R/W)  Control Register */
 902:Drivers/CMSIS/Include/core_cm4.h ****   __IOM uint32_t CYCCNT;                 /*!< Offset: 0x004 (R/W)  Cycle Count Register */
 903:Drivers/CMSIS/Include/core_cm4.h ****   __IOM uint32_t CPICNT;                 /*!< Offset: 0x008 (R/W)  CPI Count Register */
 904:Drivers/CMSIS/Include/core_cm4.h ****   __IOM uint32_t EXCCNT;                 /*!< Offset: 0x00C (R/W)  Exception Overhead Count Registe
 905:Drivers/CMSIS/Include/core_cm4.h ****   __IOM uint32_t SLEEPCNT;               /*!< Offset: 0x010 (R/W)  Sleep Count Register */
 906:Drivers/CMSIS/Include/core_cm4.h ****   __IOM uint32_t LSUCNT;                 /*!< Offset: 0x014 (R/W)  LSU Count Register */
 907:Drivers/CMSIS/Include/core_cm4.h ****   __IOM uint32_t FOLDCNT;                /*!< Offset: 0x018 (R/W)  Folded-instruction Count Registe
 908:Drivers/CMSIS/Include/core_cm4.h ****   __IM  uint32_t PCSR;                   /*!< Offset: 0x01C (R/ )  Program Counter Sample Register 
ARM GAS   			page 36


 909:Drivers/CMSIS/Include/core_cm4.h ****   __IOM uint32_t COMP0;                  /*!< Offset: 0x020 (R/W)  Comparator Register 0 */
 910:Drivers/CMSIS/Include/core_cm4.h ****   __IOM uint32_t MASK0;                  /*!< Offset: 0x024 (R/W)  Mask Register 0 */
 911:Drivers/CMSIS/Include/core_cm4.h ****   __IOM uint32_t FUNCTION0;              /*!< Offset: 0x028 (R/W)  Function Register 0 */
 912:Drivers/CMSIS/Include/core_cm4.h ****         uint32_t RESERVED0[1U];
 913:Drivers/CMSIS/Include/core_cm4.h ****   __IOM uint32_t COMP1;                  /*!< Offset: 0x030 (R/W)  Comparator Register 1 */
 914:Drivers/CMSIS/Include/core_cm4.h ****   __IOM uint32_t MASK1;                  /*!< Offset: 0x034 (R/W)  Mask Register 1 */
 915:Drivers/CMSIS/Include/core_cm4.h ****   __IOM uint32_t FUNCTION1;              /*!< Offset: 0x038 (R/W)  Function Register 1 */
 916:Drivers/CMSIS/Include/core_cm4.h ****         uint32_t RESERVED1[1U];
 917:Drivers/CMSIS/Include/core_cm4.h ****   __IOM uint32_t COMP2;                  /*!< Offset: 0x040 (R/W)  Comparator Register 2 */
 918:Drivers/CMSIS/Include/core_cm4.h ****   __IOM uint32_t MASK2;                  /*!< Offset: 0x044 (R/W)  Mask Register 2 */
 919:Drivers/CMSIS/Include/core_cm4.h ****   __IOM uint32_t FUNCTION2;              /*!< Offset: 0x048 (R/W)  Function Register 2 */
 920:Drivers/CMSIS/Include/core_cm4.h ****         uint32_t RESERVED2[1U];
 921:Drivers/CMSIS/Include/core_cm4.h ****   __IOM uint32_t COMP3;                  /*!< Offset: 0x050 (R/W)  Comparator Register 3 */
 922:Drivers/CMSIS/Include/core_cm4.h ****   __IOM uint32_t MASK3;                  /*!< Offset: 0x054 (R/W)  Mask Register 3 */
 923:Drivers/CMSIS/Include/core_cm4.h ****   __IOM uint32_t FUNCTION3;              /*!< Offset: 0x058 (R/W)  Function Register 3 */
 924:Drivers/CMSIS/Include/core_cm4.h **** } DWT_Type;
 925:Drivers/CMSIS/Include/core_cm4.h **** 
 926:Drivers/CMSIS/Include/core_cm4.h **** /* DWT Control Register Definitions */
 927:Drivers/CMSIS/Include/core_cm4.h **** #define DWT_CTRL_NUMCOMP_Pos               28U                                         /*!< DWT CTR
 928:Drivers/CMSIS/Include/core_cm4.h **** #define DWT_CTRL_NUMCOMP_Msk               (0xFUL << DWT_CTRL_NUMCOMP_Pos)             /*!< DWT CTR
 929:Drivers/CMSIS/Include/core_cm4.h **** 
 930:Drivers/CMSIS/Include/core_cm4.h **** #define DWT_CTRL_NOTRCPKT_Pos              27U                                         /*!< DWT CTR
 931:Drivers/CMSIS/Include/core_cm4.h **** #define DWT_CTRL_NOTRCPKT_Msk              (0x1UL << DWT_CTRL_NOTRCPKT_Pos)            /*!< DWT CTR
 932:Drivers/CMSIS/Include/core_cm4.h **** 
 933:Drivers/CMSIS/Include/core_cm4.h **** #define DWT_CTRL_NOEXTTRIG_Pos             26U                                         /*!< DWT CTR
 934:Drivers/CMSIS/Include/core_cm4.h **** #define DWT_CTRL_NOEXTTRIG_Msk             (0x1UL << DWT_CTRL_NOEXTTRIG_Pos)           /*!< DWT CTR
 935:Drivers/CMSIS/Include/core_cm4.h **** 
 936:Drivers/CMSIS/Include/core_cm4.h **** #define DWT_CTRL_NOCYCCNT_Pos              25U                                         /*!< DWT CTR
 937:Drivers/CMSIS/Include/core_cm4.h **** #define DWT_CTRL_NOCYCCNT_Msk              (0x1UL << DWT_CTRL_NOCYCCNT_Pos)            /*!< DWT CTR
 938:Drivers/CMSIS/Include/core_cm4.h **** 
 939:Drivers/CMSIS/Include/core_cm4.h **** #define DWT_CTRL_NOPRFCNT_Pos              24U                                         /*!< DWT CTR
 940:Drivers/CMSIS/Include/core_cm4.h **** #define DWT_CTRL_NOPRFCNT_Msk              (0x1UL << DWT_CTRL_NOPRFCNT_Pos)            /*!< DWT CTR
 941:Drivers/CMSIS/Include/core_cm4.h **** 
 942:Drivers/CMSIS/Include/core_cm4.h **** #define DWT_CTRL_CYCEVTENA_Pos             22U                                         /*!< DWT CTR
 943:Drivers/CMSIS/Include/core_cm4.h **** #define DWT_CTRL_CYCEVTENA_Msk             (0x1UL << DWT_CTRL_CYCEVTENA_Pos)           /*!< DWT CTR
 944:Drivers/CMSIS/Include/core_cm4.h **** 
 945:Drivers/CMSIS/Include/core_cm4.h **** #define DWT_CTRL_FOLDEVTENA_Pos            21U                                         /*!< DWT CTR
 946:Drivers/CMSIS/Include/core_cm4.h **** #define DWT_CTRL_FOLDEVTENA_Msk            (0x1UL << DWT_CTRL_FOLDEVTENA_Pos)          /*!< DWT CTR
 947:Drivers/CMSIS/Include/core_cm4.h **** 
 948:Drivers/CMSIS/Include/core_cm4.h **** #define DWT_CTRL_LSUEVTENA_Pos             20U                                         /*!< DWT CTR
 949:Drivers/CMSIS/Include/core_cm4.h **** #define DWT_CTRL_LSUEVTENA_Msk             (0x1UL << DWT_CTRL_LSUEVTENA_Pos)           /*!< DWT CTR
 950:Drivers/CMSIS/Include/core_cm4.h **** 
 951:Drivers/CMSIS/Include/core_cm4.h **** #define DWT_CTRL_SLEEPEVTENA_Pos           19U                                         /*!< DWT CTR
 952:Drivers/CMSIS/Include/core_cm4.h **** #define DWT_CTRL_SLEEPEVTENA_Msk           (0x1UL << DWT_CTRL_SLEEPEVTENA_Pos)         /*!< DWT CTR
 953:Drivers/CMSIS/Include/core_cm4.h **** 
 954:Drivers/CMSIS/Include/core_cm4.h **** #define DWT_CTRL_EXCEVTENA_Pos             18U                                         /*!< DWT CTR
 955:Drivers/CMSIS/Include/core_cm4.h **** #define DWT_CTRL_EXCEVTENA_Msk             (0x1UL << DWT_CTRL_EXCEVTENA_Pos)           /*!< DWT CTR
 956:Drivers/CMSIS/Include/core_cm4.h **** 
 957:Drivers/CMSIS/Include/core_cm4.h **** #define DWT_CTRL_CPIEVTENA_Pos             17U                                         /*!< DWT CTR
 958:Drivers/CMSIS/Include/core_cm4.h **** #define DWT_CTRL_CPIEVTENA_Msk             (0x1UL << DWT_CTRL_CPIEVTENA_Pos)           /*!< DWT CTR
 959:Drivers/CMSIS/Include/core_cm4.h **** 
 960:Drivers/CMSIS/Include/core_cm4.h **** #define DWT_CTRL_EXCTRCENA_Pos             16U                                         /*!< DWT CTR
 961:Drivers/CMSIS/Include/core_cm4.h **** #define DWT_CTRL_EXCTRCENA_Msk             (0x1UL << DWT_CTRL_EXCTRCENA_Pos)           /*!< DWT CTR
 962:Drivers/CMSIS/Include/core_cm4.h **** 
 963:Drivers/CMSIS/Include/core_cm4.h **** #define DWT_CTRL_PCSAMPLENA_Pos            12U                                         /*!< DWT CTR
 964:Drivers/CMSIS/Include/core_cm4.h **** #define DWT_CTRL_PCSAMPLENA_Msk            (0x1UL << DWT_CTRL_PCSAMPLENA_Pos)          /*!< DWT CTR
 965:Drivers/CMSIS/Include/core_cm4.h **** 
ARM GAS   			page 37


 966:Drivers/CMSIS/Include/core_cm4.h **** #define DWT_CTRL_SYNCTAP_Pos               10U                                         /*!< DWT CTR
 967:Drivers/CMSIS/Include/core_cm4.h **** #define DWT_CTRL_SYNCTAP_Msk               (0x3UL << DWT_CTRL_SYNCTAP_Pos)             /*!< DWT CTR
 968:Drivers/CMSIS/Include/core_cm4.h **** 
 969:Drivers/CMSIS/Include/core_cm4.h **** #define DWT_CTRL_CYCTAP_Pos                 9U                                         /*!< DWT CTR
 970:Drivers/CMSIS/Include/core_cm4.h **** #define DWT_CTRL_CYCTAP_Msk                (0x1UL << DWT_CTRL_CYCTAP_Pos)              /*!< DWT CTR
 971:Drivers/CMSIS/Include/core_cm4.h **** 
 972:Drivers/CMSIS/Include/core_cm4.h **** #define DWT_CTRL_POSTINIT_Pos               5U                                         /*!< DWT CTR
 973:Drivers/CMSIS/Include/core_cm4.h **** #define DWT_CTRL_POSTINIT_Msk              (0xFUL << DWT_CTRL_POSTINIT_Pos)            /*!< DWT CTR
 974:Drivers/CMSIS/Include/core_cm4.h **** 
 975:Drivers/CMSIS/Include/core_cm4.h **** #define DWT_CTRL_POSTPRESET_Pos             1U                                         /*!< DWT CTR
 976:Drivers/CMSIS/Include/core_cm4.h **** #define DWT_CTRL_POSTPRESET_Msk            (0xFUL << DWT_CTRL_POSTPRESET_Pos)          /*!< DWT CTR
 977:Drivers/CMSIS/Include/core_cm4.h **** 
 978:Drivers/CMSIS/Include/core_cm4.h **** #define DWT_CTRL_CYCCNTENA_Pos              0U                                         /*!< DWT CTR
 979:Drivers/CMSIS/Include/core_cm4.h **** #define DWT_CTRL_CYCCNTENA_Msk             (0x1UL /*<< DWT_CTRL_CYCCNTENA_Pos*/)       /*!< DWT CTR
 980:Drivers/CMSIS/Include/core_cm4.h **** 
 981:Drivers/CMSIS/Include/core_cm4.h **** /* DWT CPI Count Register Definitions */
 982:Drivers/CMSIS/Include/core_cm4.h **** #define DWT_CPICNT_CPICNT_Pos               0U                                         /*!< DWT CPI
 983:Drivers/CMSIS/Include/core_cm4.h **** #define DWT_CPICNT_CPICNT_Msk              (0xFFUL /*<< DWT_CPICNT_CPICNT_Pos*/)       /*!< DWT CPI
 984:Drivers/CMSIS/Include/core_cm4.h **** 
 985:Drivers/CMSIS/Include/core_cm4.h **** /* DWT Exception Overhead Count Register Definitions */
 986:Drivers/CMSIS/Include/core_cm4.h **** #define DWT_EXCCNT_EXCCNT_Pos               0U                                         /*!< DWT EXC
 987:Drivers/CMSIS/Include/core_cm4.h **** #define DWT_EXCCNT_EXCCNT_Msk              (0xFFUL /*<< DWT_EXCCNT_EXCCNT_Pos*/)       /*!< DWT EXC
 988:Drivers/CMSIS/Include/core_cm4.h **** 
 989:Drivers/CMSIS/Include/core_cm4.h **** /* DWT Sleep Count Register Definitions */
 990:Drivers/CMSIS/Include/core_cm4.h **** #define DWT_SLEEPCNT_SLEEPCNT_Pos           0U                                         /*!< DWT SLE
 991:Drivers/CMSIS/Include/core_cm4.h **** #define DWT_SLEEPCNT_SLEEPCNT_Msk          (0xFFUL /*<< DWT_SLEEPCNT_SLEEPCNT_Pos*/)   /*!< DWT SLE
 992:Drivers/CMSIS/Include/core_cm4.h **** 
 993:Drivers/CMSIS/Include/core_cm4.h **** /* DWT LSU Count Register Definitions */
 994:Drivers/CMSIS/Include/core_cm4.h **** #define DWT_LSUCNT_LSUCNT_Pos               0U                                         /*!< DWT LSU
 995:Drivers/CMSIS/Include/core_cm4.h **** #define DWT_LSUCNT_LSUCNT_Msk              (0xFFUL /*<< DWT_LSUCNT_LSUCNT_Pos*/)       /*!< DWT LSU
 996:Drivers/CMSIS/Include/core_cm4.h **** 
 997:Drivers/CMSIS/Include/core_cm4.h **** /* DWT Folded-instruction Count Register Definitions */
 998:Drivers/CMSIS/Include/core_cm4.h **** #define DWT_FOLDCNT_FOLDCNT_Pos             0U                                         /*!< DWT FOL
 999:Drivers/CMSIS/Include/core_cm4.h **** #define DWT_FOLDCNT_FOLDCNT_Msk            (0xFFUL /*<< DWT_FOLDCNT_FOLDCNT_Pos*/)     /*!< DWT FOL
1000:Drivers/CMSIS/Include/core_cm4.h **** 
1001:Drivers/CMSIS/Include/core_cm4.h **** /* DWT Comparator Mask Register Definitions */
1002:Drivers/CMSIS/Include/core_cm4.h **** #define DWT_MASK_MASK_Pos                   0U                                         /*!< DWT MAS
1003:Drivers/CMSIS/Include/core_cm4.h **** #define DWT_MASK_MASK_Msk                  (0x1FUL /*<< DWT_MASK_MASK_Pos*/)           /*!< DWT MAS
1004:Drivers/CMSIS/Include/core_cm4.h **** 
1005:Drivers/CMSIS/Include/core_cm4.h **** /* DWT Comparator Function Register Definitions */
1006:Drivers/CMSIS/Include/core_cm4.h **** #define DWT_FUNCTION_MATCHED_Pos           24U                                         /*!< DWT FUN
1007:Drivers/CMSIS/Include/core_cm4.h **** #define DWT_FUNCTION_MATCHED_Msk           (0x1UL << DWT_FUNCTION_MATCHED_Pos)         /*!< DWT FUN
1008:Drivers/CMSIS/Include/core_cm4.h **** 
1009:Drivers/CMSIS/Include/core_cm4.h **** #define DWT_FUNCTION_DATAVADDR1_Pos        16U                                         /*!< DWT FUN
1010:Drivers/CMSIS/Include/core_cm4.h **** #define DWT_FUNCTION_DATAVADDR1_Msk        (0xFUL << DWT_FUNCTION_DATAVADDR1_Pos)      /*!< DWT FUN
1011:Drivers/CMSIS/Include/core_cm4.h **** 
1012:Drivers/CMSIS/Include/core_cm4.h **** #define DWT_FUNCTION_DATAVADDR0_Pos        12U                                         /*!< DWT FUN
1013:Drivers/CMSIS/Include/core_cm4.h **** #define DWT_FUNCTION_DATAVADDR0_Msk        (0xFUL << DWT_FUNCTION_DATAVADDR0_Pos)      /*!< DWT FUN
1014:Drivers/CMSIS/Include/core_cm4.h **** 
1015:Drivers/CMSIS/Include/core_cm4.h **** #define DWT_FUNCTION_DATAVSIZE_Pos         10U                                         /*!< DWT FUN
1016:Drivers/CMSIS/Include/core_cm4.h **** #define DWT_FUNCTION_DATAVSIZE_Msk         (0x3UL << DWT_FUNCTION_DATAVSIZE_Pos)       /*!< DWT FUN
1017:Drivers/CMSIS/Include/core_cm4.h **** 
1018:Drivers/CMSIS/Include/core_cm4.h **** #define DWT_FUNCTION_LNK1ENA_Pos            9U                                         /*!< DWT FUN
1019:Drivers/CMSIS/Include/core_cm4.h **** #define DWT_FUNCTION_LNK1ENA_Msk           (0x1UL << DWT_FUNCTION_LNK1ENA_Pos)         /*!< DWT FUN
1020:Drivers/CMSIS/Include/core_cm4.h **** 
1021:Drivers/CMSIS/Include/core_cm4.h **** #define DWT_FUNCTION_DATAVMATCH_Pos         8U                                         /*!< DWT FUN
1022:Drivers/CMSIS/Include/core_cm4.h **** #define DWT_FUNCTION_DATAVMATCH_Msk        (0x1UL << DWT_FUNCTION_DATAVMATCH_Pos)      /*!< DWT FUN
ARM GAS   			page 38


1023:Drivers/CMSIS/Include/core_cm4.h **** 
1024:Drivers/CMSIS/Include/core_cm4.h **** #define DWT_FUNCTION_CYCMATCH_Pos           7U                                         /*!< DWT FUN
1025:Drivers/CMSIS/Include/core_cm4.h **** #define DWT_FUNCTION_CYCMATCH_Msk          (0x1UL << DWT_FUNCTION_CYCMATCH_Pos)        /*!< DWT FUN
1026:Drivers/CMSIS/Include/core_cm4.h **** 
1027:Drivers/CMSIS/Include/core_cm4.h **** #define DWT_FUNCTION_EMITRANGE_Pos          5U                                         /*!< DWT FUN
1028:Drivers/CMSIS/Include/core_cm4.h **** #define DWT_FUNCTION_EMITRANGE_Msk         (0x1UL << DWT_FUNCTION_EMITRANGE_Pos)       /*!< DWT FUN
1029:Drivers/CMSIS/Include/core_cm4.h **** 
1030:Drivers/CMSIS/Include/core_cm4.h **** #define DWT_FUNCTION_FUNCTION_Pos           0U                                         /*!< DWT FUN
1031:Drivers/CMSIS/Include/core_cm4.h **** #define DWT_FUNCTION_FUNCTION_Msk          (0xFUL /*<< DWT_FUNCTION_FUNCTION_Pos*/)    /*!< DWT FUN
1032:Drivers/CMSIS/Include/core_cm4.h **** 
1033:Drivers/CMSIS/Include/core_cm4.h **** /*@}*/ /* end of group CMSIS_DWT */
1034:Drivers/CMSIS/Include/core_cm4.h **** 
1035:Drivers/CMSIS/Include/core_cm4.h **** 
1036:Drivers/CMSIS/Include/core_cm4.h **** /**
1037:Drivers/CMSIS/Include/core_cm4.h ****   \ingroup  CMSIS_core_register
1038:Drivers/CMSIS/Include/core_cm4.h ****   \defgroup CMSIS_TPI     Trace Port Interface (TPI)
1039:Drivers/CMSIS/Include/core_cm4.h ****   \brief    Type definitions for the Trace Port Interface (TPI)
1040:Drivers/CMSIS/Include/core_cm4.h ****   @{
1041:Drivers/CMSIS/Include/core_cm4.h ****  */
1042:Drivers/CMSIS/Include/core_cm4.h **** 
1043:Drivers/CMSIS/Include/core_cm4.h **** /**
1044:Drivers/CMSIS/Include/core_cm4.h ****   \brief  Structure type to access the Trace Port Interface Register (TPI).
1045:Drivers/CMSIS/Include/core_cm4.h ****  */
1046:Drivers/CMSIS/Include/core_cm4.h **** typedef struct
1047:Drivers/CMSIS/Include/core_cm4.h **** {
1048:Drivers/CMSIS/Include/core_cm4.h ****   __IM  uint32_t SSPSR;                  /*!< Offset: 0x000 (R/ )  Supported Parallel Port Size Reg
1049:Drivers/CMSIS/Include/core_cm4.h ****   __IOM uint32_t CSPSR;                  /*!< Offset: 0x004 (R/W)  Current Parallel Port Size Regis
1050:Drivers/CMSIS/Include/core_cm4.h ****         uint32_t RESERVED0[2U];
1051:Drivers/CMSIS/Include/core_cm4.h ****   __IOM uint32_t ACPR;                   /*!< Offset: 0x010 (R/W)  Asynchronous Clock Prescaler Reg
1052:Drivers/CMSIS/Include/core_cm4.h ****         uint32_t RESERVED1[55U];
1053:Drivers/CMSIS/Include/core_cm4.h ****   __IOM uint32_t SPPR;                   /*!< Offset: 0x0F0 (R/W)  Selected Pin Protocol Register *
1054:Drivers/CMSIS/Include/core_cm4.h ****         uint32_t RESERVED2[131U];
1055:Drivers/CMSIS/Include/core_cm4.h ****   __IM  uint32_t FFSR;                   /*!< Offset: 0x300 (R/ )  Formatter and Flush Status Regis
1056:Drivers/CMSIS/Include/core_cm4.h ****   __IOM uint32_t FFCR;                   /*!< Offset: 0x304 (R/W)  Formatter and Flush Control Regi
1057:Drivers/CMSIS/Include/core_cm4.h ****   __IM  uint32_t FSCR;                   /*!< Offset: 0x308 (R/ )  Formatter Synchronization Counte
1058:Drivers/CMSIS/Include/core_cm4.h ****         uint32_t RESERVED3[759U];
1059:Drivers/CMSIS/Include/core_cm4.h ****   __IM  uint32_t TRIGGER;                /*!< Offset: 0xEE8 (R/ )  TRIGGER Register */
1060:Drivers/CMSIS/Include/core_cm4.h ****   __IM  uint32_t FIFO0;                  /*!< Offset: 0xEEC (R/ )  Integration ETM Data */
1061:Drivers/CMSIS/Include/core_cm4.h ****   __IM  uint32_t ITATBCTR2;              /*!< Offset: 0xEF0 (R/ )  ITATBCTR2 */
1062:Drivers/CMSIS/Include/core_cm4.h ****         uint32_t RESERVED4[1U];
1063:Drivers/CMSIS/Include/core_cm4.h ****   __IM  uint32_t ITATBCTR0;              /*!< Offset: 0xEF8 (R/ )  ITATBCTR0 */
1064:Drivers/CMSIS/Include/core_cm4.h ****   __IM  uint32_t FIFO1;                  /*!< Offset: 0xEFC (R/ )  Integration ITM Data */
1065:Drivers/CMSIS/Include/core_cm4.h ****   __IOM uint32_t ITCTRL;                 /*!< Offset: 0xF00 (R/W)  Integration Mode Control */
1066:Drivers/CMSIS/Include/core_cm4.h ****         uint32_t RESERVED5[39U];
1067:Drivers/CMSIS/Include/core_cm4.h ****   __IOM uint32_t CLAIMSET;               /*!< Offset: 0xFA0 (R/W)  Claim tag set */
1068:Drivers/CMSIS/Include/core_cm4.h ****   __IOM uint32_t CLAIMCLR;               /*!< Offset: 0xFA4 (R/W)  Claim tag clear */
1069:Drivers/CMSIS/Include/core_cm4.h ****         uint32_t RESERVED7[8U];
1070:Drivers/CMSIS/Include/core_cm4.h ****   __IM  uint32_t DEVID;                  /*!< Offset: 0xFC8 (R/ )  TPIU_DEVID */
1071:Drivers/CMSIS/Include/core_cm4.h ****   __IM  uint32_t DEVTYPE;                /*!< Offset: 0xFCC (R/ )  TPIU_DEVTYPE */
1072:Drivers/CMSIS/Include/core_cm4.h **** } TPI_Type;
1073:Drivers/CMSIS/Include/core_cm4.h **** 
1074:Drivers/CMSIS/Include/core_cm4.h **** /* TPI Asynchronous Clock Prescaler Register Definitions */
1075:Drivers/CMSIS/Include/core_cm4.h **** #define TPI_ACPR_PRESCALER_Pos              0U                                         /*!< TPI ACP
1076:Drivers/CMSIS/Include/core_cm4.h **** #define TPI_ACPR_PRESCALER_Msk             (0x1FFFUL /*<< TPI_ACPR_PRESCALER_Pos*/)    /*!< TPI ACP
1077:Drivers/CMSIS/Include/core_cm4.h **** 
1078:Drivers/CMSIS/Include/core_cm4.h **** /* TPI Selected Pin Protocol Register Definitions */
1079:Drivers/CMSIS/Include/core_cm4.h **** #define TPI_SPPR_TXMODE_Pos                 0U                                         /*!< TPI SPP
ARM GAS   			page 39


1080:Drivers/CMSIS/Include/core_cm4.h **** #define TPI_SPPR_TXMODE_Msk                (0x3UL /*<< TPI_SPPR_TXMODE_Pos*/)          /*!< TPI SPP
1081:Drivers/CMSIS/Include/core_cm4.h **** 
1082:Drivers/CMSIS/Include/core_cm4.h **** /* TPI Formatter and Flush Status Register Definitions */
1083:Drivers/CMSIS/Include/core_cm4.h **** #define TPI_FFSR_FtNonStop_Pos              3U                                         /*!< TPI FFS
1084:Drivers/CMSIS/Include/core_cm4.h **** #define TPI_FFSR_FtNonStop_Msk             (0x1UL << TPI_FFSR_FtNonStop_Pos)           /*!< TPI FFS
1085:Drivers/CMSIS/Include/core_cm4.h **** 
1086:Drivers/CMSIS/Include/core_cm4.h **** #define TPI_FFSR_TCPresent_Pos              2U                                         /*!< TPI FFS
1087:Drivers/CMSIS/Include/core_cm4.h **** #define TPI_FFSR_TCPresent_Msk             (0x1UL << TPI_FFSR_TCPresent_Pos)           /*!< TPI FFS
1088:Drivers/CMSIS/Include/core_cm4.h **** 
1089:Drivers/CMSIS/Include/core_cm4.h **** #define TPI_FFSR_FtStopped_Pos              1U                                         /*!< TPI FFS
1090:Drivers/CMSIS/Include/core_cm4.h **** #define TPI_FFSR_FtStopped_Msk             (0x1UL << TPI_FFSR_FtStopped_Pos)           /*!< TPI FFS
1091:Drivers/CMSIS/Include/core_cm4.h **** 
1092:Drivers/CMSIS/Include/core_cm4.h **** #define TPI_FFSR_FlInProg_Pos               0U                                         /*!< TPI FFS
1093:Drivers/CMSIS/Include/core_cm4.h **** #define TPI_FFSR_FlInProg_Msk              (0x1UL /*<< TPI_FFSR_FlInProg_Pos*/)        /*!< TPI FFS
1094:Drivers/CMSIS/Include/core_cm4.h **** 
1095:Drivers/CMSIS/Include/core_cm4.h **** /* TPI Formatter and Flush Control Register Definitions */
1096:Drivers/CMSIS/Include/core_cm4.h **** #define TPI_FFCR_TrigIn_Pos                 8U                                         /*!< TPI FFC
1097:Drivers/CMSIS/Include/core_cm4.h **** #define TPI_FFCR_TrigIn_Msk                (0x1UL << TPI_FFCR_TrigIn_Pos)              /*!< TPI FFC
1098:Drivers/CMSIS/Include/core_cm4.h **** 
1099:Drivers/CMSIS/Include/core_cm4.h **** #define TPI_FFCR_EnFCont_Pos                1U                                         /*!< TPI FFC
1100:Drivers/CMSIS/Include/core_cm4.h **** #define TPI_FFCR_EnFCont_Msk               (0x1UL << TPI_FFCR_EnFCont_Pos)             /*!< TPI FFC
1101:Drivers/CMSIS/Include/core_cm4.h **** 
1102:Drivers/CMSIS/Include/core_cm4.h **** /* TPI TRIGGER Register Definitions */
1103:Drivers/CMSIS/Include/core_cm4.h **** #define TPI_TRIGGER_TRIGGER_Pos             0U                                         /*!< TPI TRI
1104:Drivers/CMSIS/Include/core_cm4.h **** #define TPI_TRIGGER_TRIGGER_Msk            (0x1UL /*<< TPI_TRIGGER_TRIGGER_Pos*/)      /*!< TPI TRI
1105:Drivers/CMSIS/Include/core_cm4.h **** 
1106:Drivers/CMSIS/Include/core_cm4.h **** /* TPI Integration ETM Data Register Definitions (FIFO0) */
1107:Drivers/CMSIS/Include/core_cm4.h **** #define TPI_FIFO0_ITM_ATVALID_Pos          29U                                         /*!< TPI FIF
1108:Drivers/CMSIS/Include/core_cm4.h **** #define TPI_FIFO0_ITM_ATVALID_Msk          (0x1UL << TPI_FIFO0_ITM_ATVALID_Pos)        /*!< TPI FIF
1109:Drivers/CMSIS/Include/core_cm4.h **** 
1110:Drivers/CMSIS/Include/core_cm4.h **** #define TPI_FIFO0_ITM_bytecount_Pos        27U                                         /*!< TPI FIF
1111:Drivers/CMSIS/Include/core_cm4.h **** #define TPI_FIFO0_ITM_bytecount_Msk        (0x3UL << TPI_FIFO0_ITM_bytecount_Pos)      /*!< TPI FIF
1112:Drivers/CMSIS/Include/core_cm4.h **** 
1113:Drivers/CMSIS/Include/core_cm4.h **** #define TPI_FIFO0_ETM_ATVALID_Pos          26U                                         /*!< TPI FIF
1114:Drivers/CMSIS/Include/core_cm4.h **** #define TPI_FIFO0_ETM_ATVALID_Msk          (0x1UL << TPI_FIFO0_ETM_ATVALID_Pos)        /*!< TPI FIF
1115:Drivers/CMSIS/Include/core_cm4.h **** 
1116:Drivers/CMSIS/Include/core_cm4.h **** #define TPI_FIFO0_ETM_bytecount_Pos        24U                                         /*!< TPI FIF
1117:Drivers/CMSIS/Include/core_cm4.h **** #define TPI_FIFO0_ETM_bytecount_Msk        (0x3UL << TPI_FIFO0_ETM_bytecount_Pos)      /*!< TPI FIF
1118:Drivers/CMSIS/Include/core_cm4.h **** 
1119:Drivers/CMSIS/Include/core_cm4.h **** #define TPI_FIFO0_ETM2_Pos                 16U                                         /*!< TPI FIF
1120:Drivers/CMSIS/Include/core_cm4.h **** #define TPI_FIFO0_ETM2_Msk                 (0xFFUL << TPI_FIFO0_ETM2_Pos)              /*!< TPI FIF
1121:Drivers/CMSIS/Include/core_cm4.h **** 
1122:Drivers/CMSIS/Include/core_cm4.h **** #define TPI_FIFO0_ETM1_Pos                  8U                                         /*!< TPI FIF
1123:Drivers/CMSIS/Include/core_cm4.h **** #define TPI_FIFO0_ETM1_Msk                 (0xFFUL << TPI_FIFO0_ETM1_Pos)              /*!< TPI FIF
1124:Drivers/CMSIS/Include/core_cm4.h **** 
1125:Drivers/CMSIS/Include/core_cm4.h **** #define TPI_FIFO0_ETM0_Pos                  0U                                         /*!< TPI FIF
1126:Drivers/CMSIS/Include/core_cm4.h **** #define TPI_FIFO0_ETM0_Msk                 (0xFFUL /*<< TPI_FIFO0_ETM0_Pos*/)          /*!< TPI FIF
1127:Drivers/CMSIS/Include/core_cm4.h **** 
1128:Drivers/CMSIS/Include/core_cm4.h **** /* TPI ITATBCTR2 Register Definitions */
1129:Drivers/CMSIS/Include/core_cm4.h **** #define TPI_ITATBCTR2_ATREADY2_Pos          0U                                         /*!< TPI ITA
1130:Drivers/CMSIS/Include/core_cm4.h **** #define TPI_ITATBCTR2_ATREADY2_Msk         (0x1UL /*<< TPI_ITATBCTR2_ATREADY2_Pos*/)   /*!< TPI ITA
1131:Drivers/CMSIS/Include/core_cm4.h **** 
1132:Drivers/CMSIS/Include/core_cm4.h **** #define TPI_ITATBCTR2_ATREADY1_Pos          0U                                         /*!< TPI ITA
1133:Drivers/CMSIS/Include/core_cm4.h **** #define TPI_ITATBCTR2_ATREADY1_Msk         (0x1UL /*<< TPI_ITATBCTR2_ATREADY1_Pos*/)   /*!< TPI ITA
1134:Drivers/CMSIS/Include/core_cm4.h **** 
1135:Drivers/CMSIS/Include/core_cm4.h **** /* TPI Integration ITM Data Register Definitions (FIFO1) */
1136:Drivers/CMSIS/Include/core_cm4.h **** #define TPI_FIFO1_ITM_ATVALID_Pos          29U                                         /*!< TPI FIF
ARM GAS   			page 40


1137:Drivers/CMSIS/Include/core_cm4.h **** #define TPI_FIFO1_ITM_ATVALID_Msk          (0x1UL << TPI_FIFO1_ITM_ATVALID_Pos)        /*!< TPI FIF
1138:Drivers/CMSIS/Include/core_cm4.h **** 
1139:Drivers/CMSIS/Include/core_cm4.h **** #define TPI_FIFO1_ITM_bytecount_Pos        27U                                         /*!< TPI FIF
1140:Drivers/CMSIS/Include/core_cm4.h **** #define TPI_FIFO1_ITM_bytecount_Msk        (0x3UL << TPI_FIFO1_ITM_bytecount_Pos)      /*!< TPI FIF
1141:Drivers/CMSIS/Include/core_cm4.h **** 
1142:Drivers/CMSIS/Include/core_cm4.h **** #define TPI_FIFO1_ETM_ATVALID_Pos          26U                                         /*!< TPI FIF
1143:Drivers/CMSIS/Include/core_cm4.h **** #define TPI_FIFO1_ETM_ATVALID_Msk          (0x1UL << TPI_FIFO1_ETM_ATVALID_Pos)        /*!< TPI FIF
1144:Drivers/CMSIS/Include/core_cm4.h **** 
1145:Drivers/CMSIS/Include/core_cm4.h **** #define TPI_FIFO1_ETM_bytecount_Pos        24U                                         /*!< TPI FIF
1146:Drivers/CMSIS/Include/core_cm4.h **** #define TPI_FIFO1_ETM_bytecount_Msk        (0x3UL << TPI_FIFO1_ETM_bytecount_Pos)      /*!< TPI FIF
1147:Drivers/CMSIS/Include/core_cm4.h **** 
1148:Drivers/CMSIS/Include/core_cm4.h **** #define TPI_FIFO1_ITM2_Pos                 16U                                         /*!< TPI FIF
1149:Drivers/CMSIS/Include/core_cm4.h **** #define TPI_FIFO1_ITM2_Msk                 (0xFFUL << TPI_FIFO1_ITM2_Pos)              /*!< TPI FIF
1150:Drivers/CMSIS/Include/core_cm4.h **** 
1151:Drivers/CMSIS/Include/core_cm4.h **** #define TPI_FIFO1_ITM1_Pos                  8U                                         /*!< TPI FIF
1152:Drivers/CMSIS/Include/core_cm4.h **** #define TPI_FIFO1_ITM1_Msk                 (0xFFUL << TPI_FIFO1_ITM1_Pos)              /*!< TPI FIF
1153:Drivers/CMSIS/Include/core_cm4.h **** 
1154:Drivers/CMSIS/Include/core_cm4.h **** #define TPI_FIFO1_ITM0_Pos                  0U                                         /*!< TPI FIF
1155:Drivers/CMSIS/Include/core_cm4.h **** #define TPI_FIFO1_ITM0_Msk                 (0xFFUL /*<< TPI_FIFO1_ITM0_Pos*/)          /*!< TPI FIF
1156:Drivers/CMSIS/Include/core_cm4.h **** 
1157:Drivers/CMSIS/Include/core_cm4.h **** /* TPI ITATBCTR0 Register Definitions */
1158:Drivers/CMSIS/Include/core_cm4.h **** #define TPI_ITATBCTR0_ATREADY2_Pos          0U                                         /*!< TPI ITA
1159:Drivers/CMSIS/Include/core_cm4.h **** #define TPI_ITATBCTR0_ATREADY2_Msk         (0x1UL /*<< TPI_ITATBCTR0_ATREADY2_Pos*/)   /*!< TPI ITA
1160:Drivers/CMSIS/Include/core_cm4.h **** 
1161:Drivers/CMSIS/Include/core_cm4.h **** #define TPI_ITATBCTR0_ATREADY1_Pos          0U                                         /*!< TPI ITA
1162:Drivers/CMSIS/Include/core_cm4.h **** #define TPI_ITATBCTR0_ATREADY1_Msk         (0x1UL /*<< TPI_ITATBCTR0_ATREADY1_Pos*/)   /*!< TPI ITA
1163:Drivers/CMSIS/Include/core_cm4.h **** 
1164:Drivers/CMSIS/Include/core_cm4.h **** /* TPI Integration Mode Control Register Definitions */
1165:Drivers/CMSIS/Include/core_cm4.h **** #define TPI_ITCTRL_Mode_Pos                 0U                                         /*!< TPI ITC
1166:Drivers/CMSIS/Include/core_cm4.h **** #define TPI_ITCTRL_Mode_Msk                (0x3UL /*<< TPI_ITCTRL_Mode_Pos*/)          /*!< TPI ITC
1167:Drivers/CMSIS/Include/core_cm4.h **** 
1168:Drivers/CMSIS/Include/core_cm4.h **** /* TPI DEVID Register Definitions */
1169:Drivers/CMSIS/Include/core_cm4.h **** #define TPI_DEVID_NRZVALID_Pos             11U                                         /*!< TPI DEV
1170:Drivers/CMSIS/Include/core_cm4.h **** #define TPI_DEVID_NRZVALID_Msk             (0x1UL << TPI_DEVID_NRZVALID_Pos)           /*!< TPI DEV
1171:Drivers/CMSIS/Include/core_cm4.h **** 
1172:Drivers/CMSIS/Include/core_cm4.h **** #define TPI_DEVID_MANCVALID_Pos            10U                                         /*!< TPI DEV
1173:Drivers/CMSIS/Include/core_cm4.h **** #define TPI_DEVID_MANCVALID_Msk            (0x1UL << TPI_DEVID_MANCVALID_Pos)          /*!< TPI DEV
1174:Drivers/CMSIS/Include/core_cm4.h **** 
1175:Drivers/CMSIS/Include/core_cm4.h **** #define TPI_DEVID_PTINVALID_Pos             9U                                         /*!< TPI DEV
1176:Drivers/CMSIS/Include/core_cm4.h **** #define TPI_DEVID_PTINVALID_Msk            (0x1UL << TPI_DEVID_PTINVALID_Pos)          /*!< TPI DEV
1177:Drivers/CMSIS/Include/core_cm4.h **** 
1178:Drivers/CMSIS/Include/core_cm4.h **** #define TPI_DEVID_MinBufSz_Pos              6U                                         /*!< TPI DEV
1179:Drivers/CMSIS/Include/core_cm4.h **** #define TPI_DEVID_MinBufSz_Msk             (0x7UL << TPI_DEVID_MinBufSz_Pos)           /*!< TPI DEV
1180:Drivers/CMSIS/Include/core_cm4.h **** 
1181:Drivers/CMSIS/Include/core_cm4.h **** #define TPI_DEVID_AsynClkIn_Pos             5U                                         /*!< TPI DEV
1182:Drivers/CMSIS/Include/core_cm4.h **** #define TPI_DEVID_AsynClkIn_Msk            (0x1UL << TPI_DEVID_AsynClkIn_Pos)          /*!< TPI DEV
1183:Drivers/CMSIS/Include/core_cm4.h **** 
1184:Drivers/CMSIS/Include/core_cm4.h **** #define TPI_DEVID_NrTraceInput_Pos          0U                                         /*!< TPI DEV
1185:Drivers/CMSIS/Include/core_cm4.h **** #define TPI_DEVID_NrTraceInput_Msk         (0x1FUL /*<< TPI_DEVID_NrTraceInput_Pos*/)  /*!< TPI DEV
1186:Drivers/CMSIS/Include/core_cm4.h **** 
1187:Drivers/CMSIS/Include/core_cm4.h **** /* TPI DEVTYPE Register Definitions */
1188:Drivers/CMSIS/Include/core_cm4.h **** #define TPI_DEVTYPE_SubType_Pos             4U                                         /*!< TPI DEV
1189:Drivers/CMSIS/Include/core_cm4.h **** #define TPI_DEVTYPE_SubType_Msk            (0xFUL /*<< TPI_DEVTYPE_SubType_Pos*/)      /*!< TPI DEV
1190:Drivers/CMSIS/Include/core_cm4.h **** 
1191:Drivers/CMSIS/Include/core_cm4.h **** #define TPI_DEVTYPE_MajorType_Pos           0U                                         /*!< TPI DEV
1192:Drivers/CMSIS/Include/core_cm4.h **** #define TPI_DEVTYPE_MajorType_Msk          (0xFUL << TPI_DEVTYPE_MajorType_Pos)        /*!< TPI DEV
1193:Drivers/CMSIS/Include/core_cm4.h **** 
ARM GAS   			page 41


1194:Drivers/CMSIS/Include/core_cm4.h **** /*@}*/ /* end of group CMSIS_TPI */
1195:Drivers/CMSIS/Include/core_cm4.h **** 
1196:Drivers/CMSIS/Include/core_cm4.h **** 
1197:Drivers/CMSIS/Include/core_cm4.h **** #if defined (__MPU_PRESENT) && (__MPU_PRESENT == 1U)
1198:Drivers/CMSIS/Include/core_cm4.h **** /**
1199:Drivers/CMSIS/Include/core_cm4.h ****   \ingroup  CMSIS_core_register
1200:Drivers/CMSIS/Include/core_cm4.h ****   \defgroup CMSIS_MPU     Memory Protection Unit (MPU)
1201:Drivers/CMSIS/Include/core_cm4.h ****   \brief    Type definitions for the Memory Protection Unit (MPU)
1202:Drivers/CMSIS/Include/core_cm4.h ****   @{
1203:Drivers/CMSIS/Include/core_cm4.h ****  */
1204:Drivers/CMSIS/Include/core_cm4.h **** 
1205:Drivers/CMSIS/Include/core_cm4.h **** /**
1206:Drivers/CMSIS/Include/core_cm4.h ****   \brief  Structure type to access the Memory Protection Unit (MPU).
1207:Drivers/CMSIS/Include/core_cm4.h ****  */
1208:Drivers/CMSIS/Include/core_cm4.h **** typedef struct
1209:Drivers/CMSIS/Include/core_cm4.h **** {
1210:Drivers/CMSIS/Include/core_cm4.h ****   __IM  uint32_t TYPE;                   /*!< Offset: 0x000 (R/ )  MPU Type Register */
1211:Drivers/CMSIS/Include/core_cm4.h ****   __IOM uint32_t CTRL;                   /*!< Offset: 0x004 (R/W)  MPU Control Register */
1212:Drivers/CMSIS/Include/core_cm4.h ****   __IOM uint32_t RNR;                    /*!< Offset: 0x008 (R/W)  MPU Region RNRber Register */
1213:Drivers/CMSIS/Include/core_cm4.h ****   __IOM uint32_t RBAR;                   /*!< Offset: 0x00C (R/W)  MPU Region Base Address Register
1214:Drivers/CMSIS/Include/core_cm4.h ****   __IOM uint32_t RASR;                   /*!< Offset: 0x010 (R/W)  MPU Region Attribute and Size Re
1215:Drivers/CMSIS/Include/core_cm4.h ****   __IOM uint32_t RBAR_A1;                /*!< Offset: 0x014 (R/W)  MPU Alias 1 Region Base Address 
1216:Drivers/CMSIS/Include/core_cm4.h ****   __IOM uint32_t RASR_A1;                /*!< Offset: 0x018 (R/W)  MPU Alias 1 Region Attribute and
1217:Drivers/CMSIS/Include/core_cm4.h ****   __IOM uint32_t RBAR_A2;                /*!< Offset: 0x01C (R/W)  MPU Alias 2 Region Base Address 
1218:Drivers/CMSIS/Include/core_cm4.h ****   __IOM uint32_t RASR_A2;                /*!< Offset: 0x020 (R/W)  MPU Alias 2 Region Attribute and
1219:Drivers/CMSIS/Include/core_cm4.h ****   __IOM uint32_t RBAR_A3;                /*!< Offset: 0x024 (R/W)  MPU Alias 3 Region Base Address 
1220:Drivers/CMSIS/Include/core_cm4.h ****   __IOM uint32_t RASR_A3;                /*!< Offset: 0x028 (R/W)  MPU Alias 3 Region Attribute and
1221:Drivers/CMSIS/Include/core_cm4.h **** } MPU_Type;
1222:Drivers/CMSIS/Include/core_cm4.h **** 
1223:Drivers/CMSIS/Include/core_cm4.h **** #define MPU_TYPE_RALIASES                  4U
1224:Drivers/CMSIS/Include/core_cm4.h **** 
1225:Drivers/CMSIS/Include/core_cm4.h **** /* MPU Type Register Definitions */
1226:Drivers/CMSIS/Include/core_cm4.h **** #define MPU_TYPE_IREGION_Pos               16U                                            /*!< MPU 
1227:Drivers/CMSIS/Include/core_cm4.h **** #define MPU_TYPE_IREGION_Msk               (0xFFUL << MPU_TYPE_IREGION_Pos)               /*!< MPU 
1228:Drivers/CMSIS/Include/core_cm4.h **** 
1229:Drivers/CMSIS/Include/core_cm4.h **** #define MPU_TYPE_DREGION_Pos                8U                                            /*!< MPU 
1230:Drivers/CMSIS/Include/core_cm4.h **** #define MPU_TYPE_DREGION_Msk               (0xFFUL << MPU_TYPE_DREGION_Pos)               /*!< MPU 
1231:Drivers/CMSIS/Include/core_cm4.h **** 
1232:Drivers/CMSIS/Include/core_cm4.h **** #define MPU_TYPE_SEPARATE_Pos               0U                                            /*!< MPU 
1233:Drivers/CMSIS/Include/core_cm4.h **** #define MPU_TYPE_SEPARATE_Msk              (1UL /*<< MPU_TYPE_SEPARATE_Pos*/)             /*!< MPU 
1234:Drivers/CMSIS/Include/core_cm4.h **** 
1235:Drivers/CMSIS/Include/core_cm4.h **** /* MPU Control Register Definitions */
1236:Drivers/CMSIS/Include/core_cm4.h **** #define MPU_CTRL_PRIVDEFENA_Pos             2U                                            /*!< MPU 
1237:Drivers/CMSIS/Include/core_cm4.h **** #define MPU_CTRL_PRIVDEFENA_Msk            (1UL << MPU_CTRL_PRIVDEFENA_Pos)               /*!< MPU 
1238:Drivers/CMSIS/Include/core_cm4.h **** 
1239:Drivers/CMSIS/Include/core_cm4.h **** #define MPU_CTRL_HFNMIENA_Pos               1U                                            /*!< MPU 
1240:Drivers/CMSIS/Include/core_cm4.h **** #define MPU_CTRL_HFNMIENA_Msk              (1UL << MPU_CTRL_HFNMIENA_Pos)                 /*!< MPU 
1241:Drivers/CMSIS/Include/core_cm4.h **** 
1242:Drivers/CMSIS/Include/core_cm4.h **** #define MPU_CTRL_ENABLE_Pos                 0U                                            /*!< MPU 
1243:Drivers/CMSIS/Include/core_cm4.h **** #define MPU_CTRL_ENABLE_Msk                (1UL /*<< MPU_CTRL_ENABLE_Pos*/)               /*!< MPU 
1244:Drivers/CMSIS/Include/core_cm4.h **** 
1245:Drivers/CMSIS/Include/core_cm4.h **** /* MPU Region Number Register Definitions */
1246:Drivers/CMSIS/Include/core_cm4.h **** #define MPU_RNR_REGION_Pos                  0U                                            /*!< MPU 
1247:Drivers/CMSIS/Include/core_cm4.h **** #define MPU_RNR_REGION_Msk                 (0xFFUL /*<< MPU_RNR_REGION_Pos*/)             /*!< MPU 
1248:Drivers/CMSIS/Include/core_cm4.h **** 
1249:Drivers/CMSIS/Include/core_cm4.h **** /* MPU Region Base Address Register Definitions */
1250:Drivers/CMSIS/Include/core_cm4.h **** #define MPU_RBAR_ADDR_Pos                   5U                                            /*!< MPU 
ARM GAS   			page 42


1251:Drivers/CMSIS/Include/core_cm4.h **** #define MPU_RBAR_ADDR_Msk                  (0x7FFFFFFUL << MPU_RBAR_ADDR_Pos)             /*!< MPU 
1252:Drivers/CMSIS/Include/core_cm4.h **** 
1253:Drivers/CMSIS/Include/core_cm4.h **** #define MPU_RBAR_VALID_Pos                  4U                                            /*!< MPU 
1254:Drivers/CMSIS/Include/core_cm4.h **** #define MPU_RBAR_VALID_Msk                 (1UL << MPU_RBAR_VALID_Pos)                    /*!< MPU 
1255:Drivers/CMSIS/Include/core_cm4.h **** 
1256:Drivers/CMSIS/Include/core_cm4.h **** #define MPU_RBAR_REGION_Pos                 0U                                            /*!< MPU 
1257:Drivers/CMSIS/Include/core_cm4.h **** #define MPU_RBAR_REGION_Msk                (0xFUL /*<< MPU_RBAR_REGION_Pos*/)             /*!< MPU 
1258:Drivers/CMSIS/Include/core_cm4.h **** 
1259:Drivers/CMSIS/Include/core_cm4.h **** /* MPU Region Attribute and Size Register Definitions */
1260:Drivers/CMSIS/Include/core_cm4.h **** #define MPU_RASR_ATTRS_Pos                 16U                                            /*!< MPU 
1261:Drivers/CMSIS/Include/core_cm4.h **** #define MPU_RASR_ATTRS_Msk                 (0xFFFFUL << MPU_RASR_ATTRS_Pos)               /*!< MPU 
1262:Drivers/CMSIS/Include/core_cm4.h **** 
1263:Drivers/CMSIS/Include/core_cm4.h **** #define MPU_RASR_XN_Pos                    28U                                            /*!< MPU 
1264:Drivers/CMSIS/Include/core_cm4.h **** #define MPU_RASR_XN_Msk                    (1UL << MPU_RASR_XN_Pos)                       /*!< MPU 
1265:Drivers/CMSIS/Include/core_cm4.h **** 
1266:Drivers/CMSIS/Include/core_cm4.h **** #define MPU_RASR_AP_Pos                    24U                                            /*!< MPU 
1267:Drivers/CMSIS/Include/core_cm4.h **** #define MPU_RASR_AP_Msk                    (0x7UL << MPU_RASR_AP_Pos)                     /*!< MPU 
1268:Drivers/CMSIS/Include/core_cm4.h **** 
1269:Drivers/CMSIS/Include/core_cm4.h **** #define MPU_RASR_TEX_Pos                   19U                                            /*!< MPU 
1270:Drivers/CMSIS/Include/core_cm4.h **** #define MPU_RASR_TEX_Msk                   (0x7UL << MPU_RASR_TEX_Pos)                    /*!< MPU 
1271:Drivers/CMSIS/Include/core_cm4.h **** 
1272:Drivers/CMSIS/Include/core_cm4.h **** #define MPU_RASR_S_Pos                     18U                                            /*!< MPU 
1273:Drivers/CMSIS/Include/core_cm4.h **** #define MPU_RASR_S_Msk                     (1UL << MPU_RASR_S_Pos)                        /*!< MPU 
1274:Drivers/CMSIS/Include/core_cm4.h **** 
1275:Drivers/CMSIS/Include/core_cm4.h **** #define MPU_RASR_C_Pos                     17U                                            /*!< MPU 
1276:Drivers/CMSIS/Include/core_cm4.h **** #define MPU_RASR_C_Msk                     (1UL << MPU_RASR_C_Pos)                        /*!< MPU 
1277:Drivers/CMSIS/Include/core_cm4.h **** 
1278:Drivers/CMSIS/Include/core_cm4.h **** #define MPU_RASR_B_Pos                     16U                                            /*!< MPU 
1279:Drivers/CMSIS/Include/core_cm4.h **** #define MPU_RASR_B_Msk                     (1UL << MPU_RASR_B_Pos)                        /*!< MPU 
1280:Drivers/CMSIS/Include/core_cm4.h **** 
1281:Drivers/CMSIS/Include/core_cm4.h **** #define MPU_RASR_SRD_Pos                    8U                                            /*!< MPU 
1282:Drivers/CMSIS/Include/core_cm4.h **** #define MPU_RASR_SRD_Msk                   (0xFFUL << MPU_RASR_SRD_Pos)                   /*!< MPU 
1283:Drivers/CMSIS/Include/core_cm4.h **** 
1284:Drivers/CMSIS/Include/core_cm4.h **** #define MPU_RASR_SIZE_Pos                   1U                                            /*!< MPU 
1285:Drivers/CMSIS/Include/core_cm4.h **** #define MPU_RASR_SIZE_Msk                  (0x1FUL << MPU_RASR_SIZE_Pos)                  /*!< MPU 
1286:Drivers/CMSIS/Include/core_cm4.h **** 
1287:Drivers/CMSIS/Include/core_cm4.h **** #define MPU_RASR_ENABLE_Pos                 0U                                            /*!< MPU 
1288:Drivers/CMSIS/Include/core_cm4.h **** #define MPU_RASR_ENABLE_Msk                (1UL /*<< MPU_RASR_ENABLE_Pos*/)               /*!< MPU 
1289:Drivers/CMSIS/Include/core_cm4.h **** 
1290:Drivers/CMSIS/Include/core_cm4.h **** /*@} end of group CMSIS_MPU */
1291:Drivers/CMSIS/Include/core_cm4.h **** #endif /* defined (__MPU_PRESENT) && (__MPU_PRESENT == 1U) */
1292:Drivers/CMSIS/Include/core_cm4.h **** 
1293:Drivers/CMSIS/Include/core_cm4.h **** 
1294:Drivers/CMSIS/Include/core_cm4.h **** /**
1295:Drivers/CMSIS/Include/core_cm4.h ****   \ingroup  CMSIS_core_register
1296:Drivers/CMSIS/Include/core_cm4.h ****   \defgroup CMSIS_FPU     Floating Point Unit (FPU)
1297:Drivers/CMSIS/Include/core_cm4.h ****   \brief    Type definitions for the Floating Point Unit (FPU)
1298:Drivers/CMSIS/Include/core_cm4.h ****   @{
1299:Drivers/CMSIS/Include/core_cm4.h ****  */
1300:Drivers/CMSIS/Include/core_cm4.h **** 
1301:Drivers/CMSIS/Include/core_cm4.h **** /**
1302:Drivers/CMSIS/Include/core_cm4.h ****   \brief  Structure type to access the Floating Point Unit (FPU).
1303:Drivers/CMSIS/Include/core_cm4.h ****  */
1304:Drivers/CMSIS/Include/core_cm4.h **** typedef struct
1305:Drivers/CMSIS/Include/core_cm4.h **** {
1306:Drivers/CMSIS/Include/core_cm4.h ****         uint32_t RESERVED0[1U];
1307:Drivers/CMSIS/Include/core_cm4.h ****   __IOM uint32_t FPCCR;                  /*!< Offset: 0x004 (R/W)  Floating-Point Context Control R
ARM GAS   			page 43


1308:Drivers/CMSIS/Include/core_cm4.h ****   __IOM uint32_t FPCAR;                  /*!< Offset: 0x008 (R/W)  Floating-Point Context Address R
1309:Drivers/CMSIS/Include/core_cm4.h ****   __IOM uint32_t FPDSCR;                 /*!< Offset: 0x00C (R/W)  Floating-Point Default Status Co
1310:Drivers/CMSIS/Include/core_cm4.h ****   __IM  uint32_t MVFR0;                  /*!< Offset: 0x010 (R/ )  Media and FP Feature Register 0 
1311:Drivers/CMSIS/Include/core_cm4.h ****   __IM  uint32_t MVFR1;                  /*!< Offset: 0x014 (R/ )  Media and FP Feature Register 1 
1312:Drivers/CMSIS/Include/core_cm4.h ****   __IM  uint32_t MVFR2;                  /*!< Offset: 0x018 (R/ )  Media and FP Feature Register 2 
1313:Drivers/CMSIS/Include/core_cm4.h **** } FPU_Type;
1314:Drivers/CMSIS/Include/core_cm4.h **** 
1315:Drivers/CMSIS/Include/core_cm4.h **** /* Floating-Point Context Control Register Definitions */
1316:Drivers/CMSIS/Include/core_cm4.h **** #define FPU_FPCCR_ASPEN_Pos                31U                                            /*!< FPCC
1317:Drivers/CMSIS/Include/core_cm4.h **** #define FPU_FPCCR_ASPEN_Msk                (1UL << FPU_FPCCR_ASPEN_Pos)                   /*!< FPCC
1318:Drivers/CMSIS/Include/core_cm4.h **** 
1319:Drivers/CMSIS/Include/core_cm4.h **** #define FPU_FPCCR_LSPEN_Pos                30U                                            /*!< FPCC
1320:Drivers/CMSIS/Include/core_cm4.h **** #define FPU_FPCCR_LSPEN_Msk                (1UL << FPU_FPCCR_LSPEN_Pos)                   /*!< FPCC
1321:Drivers/CMSIS/Include/core_cm4.h **** 
1322:Drivers/CMSIS/Include/core_cm4.h **** #define FPU_FPCCR_MONRDY_Pos                8U                                            /*!< FPCC
1323:Drivers/CMSIS/Include/core_cm4.h **** #define FPU_FPCCR_MONRDY_Msk               (1UL << FPU_FPCCR_MONRDY_Pos)                  /*!< FPCC
1324:Drivers/CMSIS/Include/core_cm4.h **** 
1325:Drivers/CMSIS/Include/core_cm4.h **** #define FPU_FPCCR_BFRDY_Pos                 6U                                            /*!< FPCC
1326:Drivers/CMSIS/Include/core_cm4.h **** #define FPU_FPCCR_BFRDY_Msk                (1UL << FPU_FPCCR_BFRDY_Pos)                   /*!< FPCC
1327:Drivers/CMSIS/Include/core_cm4.h **** 
1328:Drivers/CMSIS/Include/core_cm4.h **** #define FPU_FPCCR_MMRDY_Pos                 5U                                            /*!< FPCC
1329:Drivers/CMSIS/Include/core_cm4.h **** #define FPU_FPCCR_MMRDY_Msk                (1UL << FPU_FPCCR_MMRDY_Pos)                   /*!< FPCC
1330:Drivers/CMSIS/Include/core_cm4.h **** 
1331:Drivers/CMSIS/Include/core_cm4.h **** #define FPU_FPCCR_HFRDY_Pos                 4U                                            /*!< FPCC
1332:Drivers/CMSIS/Include/core_cm4.h **** #define FPU_FPCCR_HFRDY_Msk                (1UL << FPU_FPCCR_HFRDY_Pos)                   /*!< FPCC
1333:Drivers/CMSIS/Include/core_cm4.h **** 
1334:Drivers/CMSIS/Include/core_cm4.h **** #define FPU_FPCCR_THREAD_Pos                3U                                            /*!< FPCC
1335:Drivers/CMSIS/Include/core_cm4.h **** #define FPU_FPCCR_THREAD_Msk               (1UL << FPU_FPCCR_THREAD_Pos)                  /*!< FPCC
1336:Drivers/CMSIS/Include/core_cm4.h **** 
1337:Drivers/CMSIS/Include/core_cm4.h **** #define FPU_FPCCR_USER_Pos                  1U                                            /*!< FPCC
1338:Drivers/CMSIS/Include/core_cm4.h **** #define FPU_FPCCR_USER_Msk                 (1UL << FPU_FPCCR_USER_Pos)                    /*!< FPCC
1339:Drivers/CMSIS/Include/core_cm4.h **** 
1340:Drivers/CMSIS/Include/core_cm4.h **** #define FPU_FPCCR_LSPACT_Pos                0U                                            /*!< FPCC
1341:Drivers/CMSIS/Include/core_cm4.h **** #define FPU_FPCCR_LSPACT_Msk               (1UL /*<< FPU_FPCCR_LSPACT_Pos*/)              /*!< FPCC
1342:Drivers/CMSIS/Include/core_cm4.h **** 
1343:Drivers/CMSIS/Include/core_cm4.h **** /* Floating-Point Context Address Register Definitions */
1344:Drivers/CMSIS/Include/core_cm4.h **** #define FPU_FPCAR_ADDRESS_Pos               3U                                            /*!< FPCA
1345:Drivers/CMSIS/Include/core_cm4.h **** #define FPU_FPCAR_ADDRESS_Msk              (0x1FFFFFFFUL << FPU_FPCAR_ADDRESS_Pos)        /*!< FPCA
1346:Drivers/CMSIS/Include/core_cm4.h **** 
1347:Drivers/CMSIS/Include/core_cm4.h **** /* Floating-Point Default Status Control Register Definitions */
1348:Drivers/CMSIS/Include/core_cm4.h **** #define FPU_FPDSCR_AHP_Pos                 26U                                            /*!< FPDS
1349:Drivers/CMSIS/Include/core_cm4.h **** #define FPU_FPDSCR_AHP_Msk                 (1UL << FPU_FPDSCR_AHP_Pos)                    /*!< FPDS
1350:Drivers/CMSIS/Include/core_cm4.h **** 
1351:Drivers/CMSIS/Include/core_cm4.h **** #define FPU_FPDSCR_DN_Pos                  25U                                            /*!< FPDS
1352:Drivers/CMSIS/Include/core_cm4.h **** #define FPU_FPDSCR_DN_Msk                  (1UL << FPU_FPDSCR_DN_Pos)                     /*!< FPDS
1353:Drivers/CMSIS/Include/core_cm4.h **** 
1354:Drivers/CMSIS/Include/core_cm4.h **** #define FPU_FPDSCR_FZ_Pos                  24U                                            /*!< FPDS
1355:Drivers/CMSIS/Include/core_cm4.h **** #define FPU_FPDSCR_FZ_Msk                  (1UL << FPU_FPDSCR_FZ_Pos)                     /*!< FPDS
1356:Drivers/CMSIS/Include/core_cm4.h **** 
1357:Drivers/CMSIS/Include/core_cm4.h **** #define FPU_FPDSCR_RMode_Pos               22U                                            /*!< FPDS
1358:Drivers/CMSIS/Include/core_cm4.h **** #define FPU_FPDSCR_RMode_Msk               (3UL << FPU_FPDSCR_RMode_Pos)                  /*!< FPDS
1359:Drivers/CMSIS/Include/core_cm4.h **** 
1360:Drivers/CMSIS/Include/core_cm4.h **** /* Media and FP Feature Register 0 Definitions */
1361:Drivers/CMSIS/Include/core_cm4.h **** #define FPU_MVFR0_FP_rounding_modes_Pos    28U                                            /*!< MVFR
1362:Drivers/CMSIS/Include/core_cm4.h **** #define FPU_MVFR0_FP_rounding_modes_Msk    (0xFUL << FPU_MVFR0_FP_rounding_modes_Pos)     /*!< MVFR
1363:Drivers/CMSIS/Include/core_cm4.h **** 
1364:Drivers/CMSIS/Include/core_cm4.h **** #define FPU_MVFR0_Short_vectors_Pos        24U                                            /*!< MVFR
ARM GAS   			page 44


1365:Drivers/CMSIS/Include/core_cm4.h **** #define FPU_MVFR0_Short_vectors_Msk        (0xFUL << FPU_MVFR0_Short_vectors_Pos)         /*!< MVFR
1366:Drivers/CMSIS/Include/core_cm4.h **** 
1367:Drivers/CMSIS/Include/core_cm4.h **** #define FPU_MVFR0_Square_root_Pos          20U                                            /*!< MVFR
1368:Drivers/CMSIS/Include/core_cm4.h **** #define FPU_MVFR0_Square_root_Msk          (0xFUL << FPU_MVFR0_Square_root_Pos)           /*!< MVFR
1369:Drivers/CMSIS/Include/core_cm4.h **** 
1370:Drivers/CMSIS/Include/core_cm4.h **** #define FPU_MVFR0_Divide_Pos               16U                                            /*!< MVFR
1371:Drivers/CMSIS/Include/core_cm4.h **** #define FPU_MVFR0_Divide_Msk               (0xFUL << FPU_MVFR0_Divide_Pos)                /*!< MVFR
1372:Drivers/CMSIS/Include/core_cm4.h **** 
1373:Drivers/CMSIS/Include/core_cm4.h **** #define FPU_MVFR0_FP_excep_trapping_Pos    12U                                            /*!< MVFR
1374:Drivers/CMSIS/Include/core_cm4.h **** #define FPU_MVFR0_FP_excep_trapping_Msk    (0xFUL << FPU_MVFR0_FP_excep_trapping_Pos)     /*!< MVFR
1375:Drivers/CMSIS/Include/core_cm4.h **** 
1376:Drivers/CMSIS/Include/core_cm4.h **** #define FPU_MVFR0_Double_precision_Pos      8U                                            /*!< MVFR
1377:Drivers/CMSIS/Include/core_cm4.h **** #define FPU_MVFR0_Double_precision_Msk     (0xFUL << FPU_MVFR0_Double_precision_Pos)      /*!< MVFR
1378:Drivers/CMSIS/Include/core_cm4.h **** 
1379:Drivers/CMSIS/Include/core_cm4.h **** #define FPU_MVFR0_Single_precision_Pos      4U                                            /*!< MVFR
1380:Drivers/CMSIS/Include/core_cm4.h **** #define FPU_MVFR0_Single_precision_Msk     (0xFUL << FPU_MVFR0_Single_precision_Pos)      /*!< MVFR
1381:Drivers/CMSIS/Include/core_cm4.h **** 
1382:Drivers/CMSIS/Include/core_cm4.h **** #define FPU_MVFR0_A_SIMD_registers_Pos      0U                                            /*!< MVFR
1383:Drivers/CMSIS/Include/core_cm4.h **** #define FPU_MVFR0_A_SIMD_registers_Msk     (0xFUL /*<< FPU_MVFR0_A_SIMD_registers_Pos*/)  /*!< MVFR
1384:Drivers/CMSIS/Include/core_cm4.h **** 
1385:Drivers/CMSIS/Include/core_cm4.h **** /* Media and FP Feature Register 1 Definitions */
1386:Drivers/CMSIS/Include/core_cm4.h **** #define FPU_MVFR1_FP_fused_MAC_Pos         28U                                            /*!< MVFR
1387:Drivers/CMSIS/Include/core_cm4.h **** #define FPU_MVFR1_FP_fused_MAC_Msk         (0xFUL << FPU_MVFR1_FP_fused_MAC_Pos)          /*!< MVFR
1388:Drivers/CMSIS/Include/core_cm4.h **** 
1389:Drivers/CMSIS/Include/core_cm4.h **** #define FPU_MVFR1_FP_HPFP_Pos              24U                                            /*!< MVFR
1390:Drivers/CMSIS/Include/core_cm4.h **** #define FPU_MVFR1_FP_HPFP_Msk              (0xFUL << FPU_MVFR1_FP_HPFP_Pos)               /*!< MVFR
1391:Drivers/CMSIS/Include/core_cm4.h **** 
1392:Drivers/CMSIS/Include/core_cm4.h **** #define FPU_MVFR1_D_NaN_mode_Pos            4U                                            /*!< MVFR
1393:Drivers/CMSIS/Include/core_cm4.h **** #define FPU_MVFR1_D_NaN_mode_Msk           (0xFUL << FPU_MVFR1_D_NaN_mode_Pos)            /*!< MVFR
1394:Drivers/CMSIS/Include/core_cm4.h **** 
1395:Drivers/CMSIS/Include/core_cm4.h **** #define FPU_MVFR1_FtZ_mode_Pos              0U                                            /*!< MVFR
1396:Drivers/CMSIS/Include/core_cm4.h **** #define FPU_MVFR1_FtZ_mode_Msk             (0xFUL /*<< FPU_MVFR1_FtZ_mode_Pos*/)          /*!< MVFR
1397:Drivers/CMSIS/Include/core_cm4.h **** 
1398:Drivers/CMSIS/Include/core_cm4.h **** /* Media and FP Feature Register 2 Definitions */
1399:Drivers/CMSIS/Include/core_cm4.h **** 
1400:Drivers/CMSIS/Include/core_cm4.h **** #define FPU_MVFR2_VFP_Misc_Pos              4U                                            /*!< MVFR
1401:Drivers/CMSIS/Include/core_cm4.h **** #define FPU_MVFR2_VFP_Misc_Msk             (0xFUL << FPU_MVFR2_VFP_Misc_Pos)              /*!< MVFR
1402:Drivers/CMSIS/Include/core_cm4.h **** 
1403:Drivers/CMSIS/Include/core_cm4.h **** /*@} end of group CMSIS_FPU */
1404:Drivers/CMSIS/Include/core_cm4.h **** 
1405:Drivers/CMSIS/Include/core_cm4.h **** 
1406:Drivers/CMSIS/Include/core_cm4.h **** /**
1407:Drivers/CMSIS/Include/core_cm4.h ****   \ingroup  CMSIS_core_register
1408:Drivers/CMSIS/Include/core_cm4.h ****   \defgroup CMSIS_CoreDebug       Core Debug Registers (CoreDebug)
1409:Drivers/CMSIS/Include/core_cm4.h ****   \brief    Type definitions for the Core Debug Registers
1410:Drivers/CMSIS/Include/core_cm4.h ****   @{
1411:Drivers/CMSIS/Include/core_cm4.h ****  */
1412:Drivers/CMSIS/Include/core_cm4.h **** 
1413:Drivers/CMSIS/Include/core_cm4.h **** /**
1414:Drivers/CMSIS/Include/core_cm4.h ****   \brief  Structure type to access the Core Debug Register (CoreDebug).
1415:Drivers/CMSIS/Include/core_cm4.h ****  */
1416:Drivers/CMSIS/Include/core_cm4.h **** typedef struct
1417:Drivers/CMSIS/Include/core_cm4.h **** {
1418:Drivers/CMSIS/Include/core_cm4.h ****   __IOM uint32_t DHCSR;                  /*!< Offset: 0x000 (R/W)  Debug Halting Control and Status
1419:Drivers/CMSIS/Include/core_cm4.h ****   __OM  uint32_t DCRSR;                  /*!< Offset: 0x004 ( /W)  Debug Core Register Selector Reg
1420:Drivers/CMSIS/Include/core_cm4.h ****   __IOM uint32_t DCRDR;                  /*!< Offset: 0x008 (R/W)  Debug Core Register Data Registe
1421:Drivers/CMSIS/Include/core_cm4.h ****   __IOM uint32_t DEMCR;                  /*!< Offset: 0x00C (R/W)  Debug Exception and Monitor Cont
ARM GAS   			page 45


1422:Drivers/CMSIS/Include/core_cm4.h **** } CoreDebug_Type;
1423:Drivers/CMSIS/Include/core_cm4.h **** 
1424:Drivers/CMSIS/Include/core_cm4.h **** /* Debug Halting Control and Status Register Definitions */
1425:Drivers/CMSIS/Include/core_cm4.h **** #define CoreDebug_DHCSR_DBGKEY_Pos         16U                                            /*!< Core
1426:Drivers/CMSIS/Include/core_cm4.h **** #define CoreDebug_DHCSR_DBGKEY_Msk         (0xFFFFUL << CoreDebug_DHCSR_DBGKEY_Pos)       /*!< Core
1427:Drivers/CMSIS/Include/core_cm4.h **** 
1428:Drivers/CMSIS/Include/core_cm4.h **** #define CoreDebug_DHCSR_S_RESET_ST_Pos     25U                                            /*!< Core
1429:Drivers/CMSIS/Include/core_cm4.h **** #define CoreDebug_DHCSR_S_RESET_ST_Msk     (1UL << CoreDebug_DHCSR_S_RESET_ST_Pos)        /*!< Core
1430:Drivers/CMSIS/Include/core_cm4.h **** 
1431:Drivers/CMSIS/Include/core_cm4.h **** #define CoreDebug_DHCSR_S_RETIRE_ST_Pos    24U                                            /*!< Core
1432:Drivers/CMSIS/Include/core_cm4.h **** #define CoreDebug_DHCSR_S_RETIRE_ST_Msk    (1UL << CoreDebug_DHCSR_S_RETIRE_ST_Pos)       /*!< Core
1433:Drivers/CMSIS/Include/core_cm4.h **** 
1434:Drivers/CMSIS/Include/core_cm4.h **** #define CoreDebug_DHCSR_S_LOCKUP_Pos       19U                                            /*!< Core
1435:Drivers/CMSIS/Include/core_cm4.h **** #define CoreDebug_DHCSR_S_LOCKUP_Msk       (1UL << CoreDebug_DHCSR_S_LOCKUP_Pos)          /*!< Core
1436:Drivers/CMSIS/Include/core_cm4.h **** 
1437:Drivers/CMSIS/Include/core_cm4.h **** #define CoreDebug_DHCSR_S_SLEEP_Pos        18U                                            /*!< Core
1438:Drivers/CMSIS/Include/core_cm4.h **** #define CoreDebug_DHCSR_S_SLEEP_Msk        (1UL << CoreDebug_DHCSR_S_SLEEP_Pos)           /*!< Core
1439:Drivers/CMSIS/Include/core_cm4.h **** 
1440:Drivers/CMSIS/Include/core_cm4.h **** #define CoreDebug_DHCSR_S_HALT_Pos         17U                                            /*!< Core
1441:Drivers/CMSIS/Include/core_cm4.h **** #define CoreDebug_DHCSR_S_HALT_Msk         (1UL << CoreDebug_DHCSR_S_HALT_Pos)            /*!< Core
1442:Drivers/CMSIS/Include/core_cm4.h **** 
1443:Drivers/CMSIS/Include/core_cm4.h **** #define CoreDebug_DHCSR_S_REGRDY_Pos       16U                                            /*!< Core
1444:Drivers/CMSIS/Include/core_cm4.h **** #define CoreDebug_DHCSR_S_REGRDY_Msk       (1UL << CoreDebug_DHCSR_S_REGRDY_Pos)          /*!< Core
1445:Drivers/CMSIS/Include/core_cm4.h **** 
1446:Drivers/CMSIS/Include/core_cm4.h **** #define CoreDebug_DHCSR_C_SNAPSTALL_Pos     5U                                            /*!< Core
1447:Drivers/CMSIS/Include/core_cm4.h **** #define CoreDebug_DHCSR_C_SNAPSTALL_Msk    (1UL << CoreDebug_DHCSR_C_SNAPSTALL_Pos)       /*!< Core
1448:Drivers/CMSIS/Include/core_cm4.h **** 
1449:Drivers/CMSIS/Include/core_cm4.h **** #define CoreDebug_DHCSR_C_MASKINTS_Pos      3U                                            /*!< Core
1450:Drivers/CMSIS/Include/core_cm4.h **** #define CoreDebug_DHCSR_C_MASKINTS_Msk     (1UL << CoreDebug_DHCSR_C_MASKINTS_Pos)        /*!< Core
1451:Drivers/CMSIS/Include/core_cm4.h **** 
1452:Drivers/CMSIS/Include/core_cm4.h **** #define CoreDebug_DHCSR_C_STEP_Pos          2U                                            /*!< Core
1453:Drivers/CMSIS/Include/core_cm4.h **** #define CoreDebug_DHCSR_C_STEP_Msk         (1UL << CoreDebug_DHCSR_C_STEP_Pos)            /*!< Core
1454:Drivers/CMSIS/Include/core_cm4.h **** 
1455:Drivers/CMSIS/Include/core_cm4.h **** #define CoreDebug_DHCSR_C_HALT_Pos          1U                                            /*!< Core
1456:Drivers/CMSIS/Include/core_cm4.h **** #define CoreDebug_DHCSR_C_HALT_Msk         (1UL << CoreDebug_DHCSR_C_HALT_Pos)            /*!< Core
1457:Drivers/CMSIS/Include/core_cm4.h **** 
1458:Drivers/CMSIS/Include/core_cm4.h **** #define CoreDebug_DHCSR_C_DEBUGEN_Pos       0U                                            /*!< Core
1459:Drivers/CMSIS/Include/core_cm4.h **** #define CoreDebug_DHCSR_C_DEBUGEN_Msk      (1UL /*<< CoreDebug_DHCSR_C_DEBUGEN_Pos*/)     /*!< Core
1460:Drivers/CMSIS/Include/core_cm4.h **** 
1461:Drivers/CMSIS/Include/core_cm4.h **** /* Debug Core Register Selector Register Definitions */
1462:Drivers/CMSIS/Include/core_cm4.h **** #define CoreDebug_DCRSR_REGWnR_Pos         16U                                            /*!< Core
1463:Drivers/CMSIS/Include/core_cm4.h **** #define CoreDebug_DCRSR_REGWnR_Msk         (1UL << CoreDebug_DCRSR_REGWnR_Pos)            /*!< Core
1464:Drivers/CMSIS/Include/core_cm4.h **** 
1465:Drivers/CMSIS/Include/core_cm4.h **** #define CoreDebug_DCRSR_REGSEL_Pos          0U                                            /*!< Core
1466:Drivers/CMSIS/Include/core_cm4.h **** #define CoreDebug_DCRSR_REGSEL_Msk         (0x1FUL /*<< CoreDebug_DCRSR_REGSEL_Pos*/)     /*!< Core
1467:Drivers/CMSIS/Include/core_cm4.h **** 
1468:Drivers/CMSIS/Include/core_cm4.h **** /* Debug Exception and Monitor Control Register Definitions */
1469:Drivers/CMSIS/Include/core_cm4.h **** #define CoreDebug_DEMCR_TRCENA_Pos         24U                                            /*!< Core
1470:Drivers/CMSIS/Include/core_cm4.h **** #define CoreDebug_DEMCR_TRCENA_Msk         (1UL << CoreDebug_DEMCR_TRCENA_Pos)            /*!< Core
1471:Drivers/CMSIS/Include/core_cm4.h **** 
1472:Drivers/CMSIS/Include/core_cm4.h **** #define CoreDebug_DEMCR_MON_REQ_Pos        19U                                            /*!< Core
1473:Drivers/CMSIS/Include/core_cm4.h **** #define CoreDebug_DEMCR_MON_REQ_Msk        (1UL << CoreDebug_DEMCR_MON_REQ_Pos)           /*!< Core
1474:Drivers/CMSIS/Include/core_cm4.h **** 
1475:Drivers/CMSIS/Include/core_cm4.h **** #define CoreDebug_DEMCR_MON_STEP_Pos       18U                                            /*!< Core
1476:Drivers/CMSIS/Include/core_cm4.h **** #define CoreDebug_DEMCR_MON_STEP_Msk       (1UL << CoreDebug_DEMCR_MON_STEP_Pos)          /*!< Core
1477:Drivers/CMSIS/Include/core_cm4.h **** 
1478:Drivers/CMSIS/Include/core_cm4.h **** #define CoreDebug_DEMCR_MON_PEND_Pos       17U                                            /*!< Core
ARM GAS   			page 46


1479:Drivers/CMSIS/Include/core_cm4.h **** #define CoreDebug_DEMCR_MON_PEND_Msk       (1UL << CoreDebug_DEMCR_MON_PEND_Pos)          /*!< Core
1480:Drivers/CMSIS/Include/core_cm4.h **** 
1481:Drivers/CMSIS/Include/core_cm4.h **** #define CoreDebug_DEMCR_MON_EN_Pos         16U                                            /*!< Core
1482:Drivers/CMSIS/Include/core_cm4.h **** #define CoreDebug_DEMCR_MON_EN_Msk         (1UL << CoreDebug_DEMCR_MON_EN_Pos)            /*!< Core
1483:Drivers/CMSIS/Include/core_cm4.h **** 
1484:Drivers/CMSIS/Include/core_cm4.h **** #define CoreDebug_DEMCR_VC_HARDERR_Pos     10U                                            /*!< Core
1485:Drivers/CMSIS/Include/core_cm4.h **** #define CoreDebug_DEMCR_VC_HARDERR_Msk     (1UL << CoreDebug_DEMCR_VC_HARDERR_Pos)        /*!< Core
1486:Drivers/CMSIS/Include/core_cm4.h **** 
1487:Drivers/CMSIS/Include/core_cm4.h **** #define CoreDebug_DEMCR_VC_INTERR_Pos       9U                                            /*!< Core
1488:Drivers/CMSIS/Include/core_cm4.h **** #define CoreDebug_DEMCR_VC_INTERR_Msk      (1UL << CoreDebug_DEMCR_VC_INTERR_Pos)         /*!< Core
1489:Drivers/CMSIS/Include/core_cm4.h **** 
1490:Drivers/CMSIS/Include/core_cm4.h **** #define CoreDebug_DEMCR_VC_BUSERR_Pos       8U                                            /*!< Core
1491:Drivers/CMSIS/Include/core_cm4.h **** #define CoreDebug_DEMCR_VC_BUSERR_Msk      (1UL << CoreDebug_DEMCR_VC_BUSERR_Pos)         /*!< Core
1492:Drivers/CMSIS/Include/core_cm4.h **** 
1493:Drivers/CMSIS/Include/core_cm4.h **** #define CoreDebug_DEMCR_VC_STATERR_Pos      7U                                            /*!< Core
1494:Drivers/CMSIS/Include/core_cm4.h **** #define CoreDebug_DEMCR_VC_STATERR_Msk     (1UL << CoreDebug_DEMCR_VC_STATERR_Pos)        /*!< Core
1495:Drivers/CMSIS/Include/core_cm4.h **** 
1496:Drivers/CMSIS/Include/core_cm4.h **** #define CoreDebug_DEMCR_VC_CHKERR_Pos       6U                                            /*!< Core
1497:Drivers/CMSIS/Include/core_cm4.h **** #define CoreDebug_DEMCR_VC_CHKERR_Msk      (1UL << CoreDebug_DEMCR_VC_CHKERR_Pos)         /*!< Core
1498:Drivers/CMSIS/Include/core_cm4.h **** 
1499:Drivers/CMSIS/Include/core_cm4.h **** #define CoreDebug_DEMCR_VC_NOCPERR_Pos      5U                                            /*!< Core
1500:Drivers/CMSIS/Include/core_cm4.h **** #define CoreDebug_DEMCR_VC_NOCPERR_Msk     (1UL << CoreDebug_DEMCR_VC_NOCPERR_Pos)        /*!< Core
1501:Drivers/CMSIS/Include/core_cm4.h **** 
1502:Drivers/CMSIS/Include/core_cm4.h **** #define CoreDebug_DEMCR_VC_MMERR_Pos        4U                                            /*!< Core
1503:Drivers/CMSIS/Include/core_cm4.h **** #define CoreDebug_DEMCR_VC_MMERR_Msk       (1UL << CoreDebug_DEMCR_VC_MMERR_Pos)          /*!< Core
1504:Drivers/CMSIS/Include/core_cm4.h **** 
1505:Drivers/CMSIS/Include/core_cm4.h **** #define CoreDebug_DEMCR_VC_CORERESET_Pos    0U                                            /*!< Core
1506:Drivers/CMSIS/Include/core_cm4.h **** #define CoreDebug_DEMCR_VC_CORERESET_Msk   (1UL /*<< CoreDebug_DEMCR_VC_CORERESET_Pos*/)  /*!< Core
1507:Drivers/CMSIS/Include/core_cm4.h **** 
1508:Drivers/CMSIS/Include/core_cm4.h **** /*@} end of group CMSIS_CoreDebug */
1509:Drivers/CMSIS/Include/core_cm4.h **** 
1510:Drivers/CMSIS/Include/core_cm4.h **** 
1511:Drivers/CMSIS/Include/core_cm4.h **** /**
1512:Drivers/CMSIS/Include/core_cm4.h ****   \ingroup    CMSIS_core_register
1513:Drivers/CMSIS/Include/core_cm4.h ****   \defgroup   CMSIS_core_bitfield     Core register bit field macros
1514:Drivers/CMSIS/Include/core_cm4.h ****   \brief      Macros for use with bit field definitions (xxx_Pos, xxx_Msk).
1515:Drivers/CMSIS/Include/core_cm4.h ****   @{
1516:Drivers/CMSIS/Include/core_cm4.h ****  */
1517:Drivers/CMSIS/Include/core_cm4.h **** 
1518:Drivers/CMSIS/Include/core_cm4.h **** /**
1519:Drivers/CMSIS/Include/core_cm4.h ****   \brief   Mask and shift a bit field value for use in a register bit range.
1520:Drivers/CMSIS/Include/core_cm4.h ****   \param[in] field  Name of the register bit field.
1521:Drivers/CMSIS/Include/core_cm4.h ****   \param[in] value  Value of the bit field. This parameter is interpreted as an uint32_t type.
1522:Drivers/CMSIS/Include/core_cm4.h ****   \return           Masked and shifted value.
1523:Drivers/CMSIS/Include/core_cm4.h **** */
1524:Drivers/CMSIS/Include/core_cm4.h **** #define _VAL2FLD(field, value)    (((uint32_t)(value) << field ## _Pos) & field ## _Msk)
1525:Drivers/CMSIS/Include/core_cm4.h **** 
1526:Drivers/CMSIS/Include/core_cm4.h **** /**
1527:Drivers/CMSIS/Include/core_cm4.h ****   \brief     Mask and shift a register value to extract a bit filed value.
1528:Drivers/CMSIS/Include/core_cm4.h ****   \param[in] field  Name of the register bit field.
1529:Drivers/CMSIS/Include/core_cm4.h ****   \param[in] value  Value of register. This parameter is interpreted as an uint32_t type.
1530:Drivers/CMSIS/Include/core_cm4.h ****   \return           Masked and shifted bit field value.
1531:Drivers/CMSIS/Include/core_cm4.h **** */
1532:Drivers/CMSIS/Include/core_cm4.h **** #define _FLD2VAL(field, value)    (((uint32_t)(value) & field ## _Msk) >> field ## _Pos)
1533:Drivers/CMSIS/Include/core_cm4.h **** 
1534:Drivers/CMSIS/Include/core_cm4.h **** /*@} end of group CMSIS_core_bitfield */
1535:Drivers/CMSIS/Include/core_cm4.h **** 
ARM GAS   			page 47


1536:Drivers/CMSIS/Include/core_cm4.h **** 
1537:Drivers/CMSIS/Include/core_cm4.h **** /**
1538:Drivers/CMSIS/Include/core_cm4.h ****   \ingroup    CMSIS_core_register
1539:Drivers/CMSIS/Include/core_cm4.h ****   \defgroup   CMSIS_core_base     Core Definitions
1540:Drivers/CMSIS/Include/core_cm4.h ****   \brief      Definitions for base addresses, unions, and structures.
1541:Drivers/CMSIS/Include/core_cm4.h ****   @{
1542:Drivers/CMSIS/Include/core_cm4.h ****  */
1543:Drivers/CMSIS/Include/core_cm4.h **** 
1544:Drivers/CMSIS/Include/core_cm4.h **** /* Memory mapping of Core Hardware */
1545:Drivers/CMSIS/Include/core_cm4.h **** #define SCS_BASE            (0xE000E000UL)                            /*!< System Control Space Bas
1546:Drivers/CMSIS/Include/core_cm4.h **** #define ITM_BASE            (0xE0000000UL)                            /*!< ITM Base Address */
1547:Drivers/CMSIS/Include/core_cm4.h **** #define DWT_BASE            (0xE0001000UL)                            /*!< DWT Base Address */
1548:Drivers/CMSIS/Include/core_cm4.h **** #define TPI_BASE            (0xE0040000UL)                            /*!< TPI Base Address */
1549:Drivers/CMSIS/Include/core_cm4.h **** #define CoreDebug_BASE      (0xE000EDF0UL)                            /*!< Core Debug Base Address 
1550:Drivers/CMSIS/Include/core_cm4.h **** #define SysTick_BASE        (SCS_BASE +  0x0010UL)                    /*!< SysTick Base Address */
1551:Drivers/CMSIS/Include/core_cm4.h **** #define NVIC_BASE           (SCS_BASE +  0x0100UL)                    /*!< NVIC Base Address */
1552:Drivers/CMSIS/Include/core_cm4.h **** #define SCB_BASE            (SCS_BASE +  0x0D00UL)                    /*!< System Control Block Bas
1553:Drivers/CMSIS/Include/core_cm4.h **** 
1554:Drivers/CMSIS/Include/core_cm4.h **** #define SCnSCB              ((SCnSCB_Type    *)     SCS_BASE      )   /*!< System control Register 
1555:Drivers/CMSIS/Include/core_cm4.h **** #define SCB                 ((SCB_Type       *)     SCB_BASE      )   /*!< SCB configuration struct
1556:Drivers/CMSIS/Include/core_cm4.h **** #define SysTick             ((SysTick_Type   *)     SysTick_BASE  )   /*!< SysTick configuration st
1557:Drivers/CMSIS/Include/core_cm4.h **** #define NVIC                ((NVIC_Type      *)     NVIC_BASE     )   /*!< NVIC configuration struc
1558:Drivers/CMSIS/Include/core_cm4.h **** #define ITM                 ((ITM_Type       *)     ITM_BASE      )   /*!< ITM configuration struct
1559:Drivers/CMSIS/Include/core_cm4.h **** #define DWT                 ((DWT_Type       *)     DWT_BASE      )   /*!< DWT configuration struct
1560:Drivers/CMSIS/Include/core_cm4.h **** #define TPI                 ((TPI_Type       *)     TPI_BASE      )   /*!< TPI configuration struct
1561:Drivers/CMSIS/Include/core_cm4.h **** #define CoreDebug           ((CoreDebug_Type *)     CoreDebug_BASE)   /*!< Core Debug configuration
1562:Drivers/CMSIS/Include/core_cm4.h **** 
1563:Drivers/CMSIS/Include/core_cm4.h **** #if defined (__MPU_PRESENT) && (__MPU_PRESENT == 1U)
1564:Drivers/CMSIS/Include/core_cm4.h ****   #define MPU_BASE          (SCS_BASE +  0x0D90UL)                    /*!< Memory Protection Unit *
1565:Drivers/CMSIS/Include/core_cm4.h ****   #define MPU               ((MPU_Type       *)     MPU_BASE      )   /*!< Memory Protection Unit *
1566:Drivers/CMSIS/Include/core_cm4.h **** #endif
1567:Drivers/CMSIS/Include/core_cm4.h **** 
1568:Drivers/CMSIS/Include/core_cm4.h **** #define FPU_BASE            (SCS_BASE +  0x0F30UL)                    /*!< Floating Point Unit */
1569:Drivers/CMSIS/Include/core_cm4.h **** #define FPU                 ((FPU_Type       *)     FPU_BASE      )   /*!< Floating Point Unit */
1570:Drivers/CMSIS/Include/core_cm4.h **** 
1571:Drivers/CMSIS/Include/core_cm4.h **** /*@} */
1572:Drivers/CMSIS/Include/core_cm4.h **** 
1573:Drivers/CMSIS/Include/core_cm4.h **** 
1574:Drivers/CMSIS/Include/core_cm4.h **** 
1575:Drivers/CMSIS/Include/core_cm4.h **** /*******************************************************************************
1576:Drivers/CMSIS/Include/core_cm4.h ****  *                Hardware Abstraction Layer
1577:Drivers/CMSIS/Include/core_cm4.h ****   Core Function Interface contains:
1578:Drivers/CMSIS/Include/core_cm4.h ****   - Core NVIC Functions
1579:Drivers/CMSIS/Include/core_cm4.h ****   - Core SysTick Functions
1580:Drivers/CMSIS/Include/core_cm4.h ****   - Core Debug Functions
1581:Drivers/CMSIS/Include/core_cm4.h ****   - Core Register Access Functions
1582:Drivers/CMSIS/Include/core_cm4.h ****  ******************************************************************************/
1583:Drivers/CMSIS/Include/core_cm4.h **** /**
1584:Drivers/CMSIS/Include/core_cm4.h ****   \defgroup CMSIS_Core_FunctionInterface Functions and Instructions Reference
1585:Drivers/CMSIS/Include/core_cm4.h **** */
1586:Drivers/CMSIS/Include/core_cm4.h **** 
1587:Drivers/CMSIS/Include/core_cm4.h **** 
1588:Drivers/CMSIS/Include/core_cm4.h **** 
1589:Drivers/CMSIS/Include/core_cm4.h **** /* ##########################   NVIC functions  #################################### */
1590:Drivers/CMSIS/Include/core_cm4.h **** /**
1591:Drivers/CMSIS/Include/core_cm4.h ****   \ingroup  CMSIS_Core_FunctionInterface
1592:Drivers/CMSIS/Include/core_cm4.h ****   \defgroup CMSIS_Core_NVICFunctions NVIC Functions
ARM GAS   			page 48


1593:Drivers/CMSIS/Include/core_cm4.h ****   \brief    Functions that manage interrupts and exceptions via the NVIC.
1594:Drivers/CMSIS/Include/core_cm4.h ****   @{
1595:Drivers/CMSIS/Include/core_cm4.h ****  */
1596:Drivers/CMSIS/Include/core_cm4.h **** 
1597:Drivers/CMSIS/Include/core_cm4.h **** #ifdef CMSIS_NVIC_VIRTUAL
1598:Drivers/CMSIS/Include/core_cm4.h ****   #ifndef CMSIS_NVIC_VIRTUAL_HEADER_FILE
1599:Drivers/CMSIS/Include/core_cm4.h ****     #define CMSIS_NVIC_VIRTUAL_HEADER_FILE "cmsis_nvic_virtual.h"
1600:Drivers/CMSIS/Include/core_cm4.h ****   #endif
1601:Drivers/CMSIS/Include/core_cm4.h ****   #include CMSIS_NVIC_VIRTUAL_HEADER_FILE
1602:Drivers/CMSIS/Include/core_cm4.h **** #else
1603:Drivers/CMSIS/Include/core_cm4.h ****   #define NVIC_SetPriorityGrouping    __NVIC_SetPriorityGrouping
1604:Drivers/CMSIS/Include/core_cm4.h ****   #define NVIC_GetPriorityGrouping    __NVIC_GetPriorityGrouping
1605:Drivers/CMSIS/Include/core_cm4.h ****   #define NVIC_EnableIRQ              __NVIC_EnableIRQ
1606:Drivers/CMSIS/Include/core_cm4.h ****   #define NVIC_GetEnableIRQ           __NVIC_GetEnableIRQ
1607:Drivers/CMSIS/Include/core_cm4.h ****   #define NVIC_DisableIRQ             __NVIC_DisableIRQ
1608:Drivers/CMSIS/Include/core_cm4.h ****   #define NVIC_GetPendingIRQ          __NVIC_GetPendingIRQ
1609:Drivers/CMSIS/Include/core_cm4.h ****   #define NVIC_SetPendingIRQ          __NVIC_SetPendingIRQ
1610:Drivers/CMSIS/Include/core_cm4.h ****   #define NVIC_ClearPendingIRQ        __NVIC_ClearPendingIRQ
1611:Drivers/CMSIS/Include/core_cm4.h ****   #define NVIC_GetActive              __NVIC_GetActive
1612:Drivers/CMSIS/Include/core_cm4.h ****   #define NVIC_SetPriority            __NVIC_SetPriority
1613:Drivers/CMSIS/Include/core_cm4.h ****   #define NVIC_GetPriority            __NVIC_GetPriority
1614:Drivers/CMSIS/Include/core_cm4.h ****   #define NVIC_SystemReset            __NVIC_SystemReset
1615:Drivers/CMSIS/Include/core_cm4.h **** #endif /* CMSIS_NVIC_VIRTUAL */
1616:Drivers/CMSIS/Include/core_cm4.h **** 
1617:Drivers/CMSIS/Include/core_cm4.h **** #ifdef CMSIS_VECTAB_VIRTUAL
1618:Drivers/CMSIS/Include/core_cm4.h ****   #ifndef CMSIS_VECTAB_VIRTUAL_HEADER_FILE
1619:Drivers/CMSIS/Include/core_cm4.h ****     #define CMSIS_VECTAB_VIRTUAL_HEADER_FILE "cmsis_vectab_virtual.h"
1620:Drivers/CMSIS/Include/core_cm4.h ****   #endif
1621:Drivers/CMSIS/Include/core_cm4.h ****   #include CMSIS_VECTAB_VIRTUAL_HEADER_FILE
1622:Drivers/CMSIS/Include/core_cm4.h **** #else
1623:Drivers/CMSIS/Include/core_cm4.h ****   #define NVIC_SetVector              __NVIC_SetVector
1624:Drivers/CMSIS/Include/core_cm4.h ****   #define NVIC_GetVector              __NVIC_GetVector
1625:Drivers/CMSIS/Include/core_cm4.h **** #endif  /* (CMSIS_VECTAB_VIRTUAL) */
1626:Drivers/CMSIS/Include/core_cm4.h **** 
1627:Drivers/CMSIS/Include/core_cm4.h **** #define NVIC_USER_IRQ_OFFSET          16
1628:Drivers/CMSIS/Include/core_cm4.h **** 
1629:Drivers/CMSIS/Include/core_cm4.h **** 
1630:Drivers/CMSIS/Include/core_cm4.h **** /* The following EXC_RETURN values are saved the LR on exception entry */
1631:Drivers/CMSIS/Include/core_cm4.h **** #define EXC_RETURN_HANDLER         (0xFFFFFFF1UL)     /* return to Handler mode, uses MSP after ret
1632:Drivers/CMSIS/Include/core_cm4.h **** #define EXC_RETURN_THREAD_MSP      (0xFFFFFFF9UL)     /* return to Thread mode, uses MSP after retu
1633:Drivers/CMSIS/Include/core_cm4.h **** #define EXC_RETURN_THREAD_PSP      (0xFFFFFFFDUL)     /* return to Thread mode, uses PSP after retu
1634:Drivers/CMSIS/Include/core_cm4.h **** #define EXC_RETURN_HANDLER_FPU     (0xFFFFFFE1UL)     /* return to Handler mode, uses MSP after ret
1635:Drivers/CMSIS/Include/core_cm4.h **** #define EXC_RETURN_THREAD_MSP_FPU  (0xFFFFFFE9UL)     /* return to Thread mode, uses MSP after retu
1636:Drivers/CMSIS/Include/core_cm4.h **** #define EXC_RETURN_THREAD_PSP_FPU  (0xFFFFFFEDUL)     /* return to Thread mode, uses PSP after retu
1637:Drivers/CMSIS/Include/core_cm4.h **** 
1638:Drivers/CMSIS/Include/core_cm4.h **** 
1639:Drivers/CMSIS/Include/core_cm4.h **** /**
1640:Drivers/CMSIS/Include/core_cm4.h ****   \brief   Set Priority Grouping
1641:Drivers/CMSIS/Include/core_cm4.h ****   \details Sets the priority grouping field using the required unlock sequence.
1642:Drivers/CMSIS/Include/core_cm4.h ****            The parameter PriorityGroup is assigned to the field SCB->AIRCR [10:8] PRIGROUP field.
1643:Drivers/CMSIS/Include/core_cm4.h ****            Only values from 0..7 are used.
1644:Drivers/CMSIS/Include/core_cm4.h ****            In case of a conflict between priority grouping and available
1645:Drivers/CMSIS/Include/core_cm4.h ****            priority bits (__NVIC_PRIO_BITS), the smallest possible priority group is set.
1646:Drivers/CMSIS/Include/core_cm4.h ****   \param [in]      PriorityGroup  Priority grouping field.
1647:Drivers/CMSIS/Include/core_cm4.h ****  */
1648:Drivers/CMSIS/Include/core_cm4.h **** __STATIC_INLINE void __NVIC_SetPriorityGrouping(uint32_t PriorityGroup)
1649:Drivers/CMSIS/Include/core_cm4.h **** {
ARM GAS   			page 49


1650:Drivers/CMSIS/Include/core_cm4.h ****   uint32_t reg_value;
1651:Drivers/CMSIS/Include/core_cm4.h ****   uint32_t PriorityGroupTmp = (PriorityGroup & (uint32_t)0x07UL);             /* only values 0..7 a
1652:Drivers/CMSIS/Include/core_cm4.h **** 
1653:Drivers/CMSIS/Include/core_cm4.h ****   reg_value  =  SCB->AIRCR;                                                   /* read old register 
1654:Drivers/CMSIS/Include/core_cm4.h ****   reg_value &= ~((uint32_t)(SCB_AIRCR_VECTKEY_Msk | SCB_AIRCR_PRIGROUP_Msk)); /* clear bits to chan
1655:Drivers/CMSIS/Include/core_cm4.h ****   reg_value  =  (reg_value                                   |
1656:Drivers/CMSIS/Include/core_cm4.h ****                 ((uint32_t)0x5FAUL << SCB_AIRCR_VECTKEY_Pos) |
1657:Drivers/CMSIS/Include/core_cm4.h ****                 (PriorityGroupTmp << SCB_AIRCR_PRIGROUP_Pos)  );              /* Insert write key a
1658:Drivers/CMSIS/Include/core_cm4.h ****   SCB->AIRCR =  reg_value;
1659:Drivers/CMSIS/Include/core_cm4.h **** }
1660:Drivers/CMSIS/Include/core_cm4.h **** 
1661:Drivers/CMSIS/Include/core_cm4.h **** 
1662:Drivers/CMSIS/Include/core_cm4.h **** /**
1663:Drivers/CMSIS/Include/core_cm4.h ****   \brief   Get Priority Grouping
1664:Drivers/CMSIS/Include/core_cm4.h ****   \details Reads the priority grouping field from the NVIC Interrupt Controller.
1665:Drivers/CMSIS/Include/core_cm4.h ****   \return                Priority grouping field (SCB->AIRCR [10:8] PRIGROUP field).
1666:Drivers/CMSIS/Include/core_cm4.h ****  */
1667:Drivers/CMSIS/Include/core_cm4.h **** __STATIC_INLINE uint32_t __NVIC_GetPriorityGrouping(void)
1668:Drivers/CMSIS/Include/core_cm4.h **** {
1669:Drivers/CMSIS/Include/core_cm4.h ****   return ((uint32_t)((SCB->AIRCR & SCB_AIRCR_PRIGROUP_Msk) >> SCB_AIRCR_PRIGROUP_Pos));
1670:Drivers/CMSIS/Include/core_cm4.h **** }
1671:Drivers/CMSIS/Include/core_cm4.h **** 
1672:Drivers/CMSIS/Include/core_cm4.h **** 
1673:Drivers/CMSIS/Include/core_cm4.h **** /**
1674:Drivers/CMSIS/Include/core_cm4.h ****   \brief   Enable Interrupt
1675:Drivers/CMSIS/Include/core_cm4.h ****   \details Enables a device specific interrupt in the NVIC interrupt controller.
1676:Drivers/CMSIS/Include/core_cm4.h ****   \param [in]      IRQn  Device specific interrupt number.
1677:Drivers/CMSIS/Include/core_cm4.h ****   \note    IRQn must not be negative.
1678:Drivers/CMSIS/Include/core_cm4.h ****  */
1679:Drivers/CMSIS/Include/core_cm4.h **** __STATIC_INLINE void __NVIC_EnableIRQ(IRQn_Type IRQn)
1680:Drivers/CMSIS/Include/core_cm4.h **** {
1681:Drivers/CMSIS/Include/core_cm4.h ****   if ((int32_t)(IRQn) >= 0)
1682:Drivers/CMSIS/Include/core_cm4.h ****   {
1683:Drivers/CMSIS/Include/core_cm4.h ****     __COMPILER_BARRIER();
1684:Drivers/CMSIS/Include/core_cm4.h ****     NVIC->ISER[(((uint32_t)IRQn) >> 5UL)] = (uint32_t)(1UL << (((uint32_t)IRQn) & 0x1FUL));
1685:Drivers/CMSIS/Include/core_cm4.h ****     __COMPILER_BARRIER();
1686:Drivers/CMSIS/Include/core_cm4.h ****   }
1687:Drivers/CMSIS/Include/core_cm4.h **** }
1688:Drivers/CMSIS/Include/core_cm4.h **** 
1689:Drivers/CMSIS/Include/core_cm4.h **** 
1690:Drivers/CMSIS/Include/core_cm4.h **** /**
1691:Drivers/CMSIS/Include/core_cm4.h ****   \brief   Get Interrupt Enable status
1692:Drivers/CMSIS/Include/core_cm4.h ****   \details Returns a device specific interrupt enable status from the NVIC interrupt controller.
1693:Drivers/CMSIS/Include/core_cm4.h ****   \param [in]      IRQn  Device specific interrupt number.
1694:Drivers/CMSIS/Include/core_cm4.h ****   \return             0  Interrupt is not enabled.
1695:Drivers/CMSIS/Include/core_cm4.h ****   \return             1  Interrupt is enabled.
1696:Drivers/CMSIS/Include/core_cm4.h ****   \note    IRQn must not be negative.
1697:Drivers/CMSIS/Include/core_cm4.h ****  */
1698:Drivers/CMSIS/Include/core_cm4.h **** __STATIC_INLINE uint32_t __NVIC_GetEnableIRQ(IRQn_Type IRQn)
1699:Drivers/CMSIS/Include/core_cm4.h **** {
1700:Drivers/CMSIS/Include/core_cm4.h ****   if ((int32_t)(IRQn) >= 0)
1701:Drivers/CMSIS/Include/core_cm4.h ****   {
1702:Drivers/CMSIS/Include/core_cm4.h ****     return((uint32_t)(((NVIC->ISER[(((uint32_t)IRQn) >> 5UL)] & (1UL << (((uint32_t)IRQn) & 0x1FUL)
1703:Drivers/CMSIS/Include/core_cm4.h ****   }
1704:Drivers/CMSIS/Include/core_cm4.h ****   else
1705:Drivers/CMSIS/Include/core_cm4.h ****   {
1706:Drivers/CMSIS/Include/core_cm4.h ****     return(0U);
ARM GAS   			page 50


1707:Drivers/CMSIS/Include/core_cm4.h ****   }
1708:Drivers/CMSIS/Include/core_cm4.h **** }
1709:Drivers/CMSIS/Include/core_cm4.h **** 
1710:Drivers/CMSIS/Include/core_cm4.h **** 
1711:Drivers/CMSIS/Include/core_cm4.h **** /**
1712:Drivers/CMSIS/Include/core_cm4.h ****   \brief   Disable Interrupt
1713:Drivers/CMSIS/Include/core_cm4.h ****   \details Disables a device specific interrupt in the NVIC interrupt controller.
1714:Drivers/CMSIS/Include/core_cm4.h ****   \param [in]      IRQn  Device specific interrupt number.
1715:Drivers/CMSIS/Include/core_cm4.h ****   \note    IRQn must not be negative.
1716:Drivers/CMSIS/Include/core_cm4.h ****  */
1717:Drivers/CMSIS/Include/core_cm4.h **** __STATIC_INLINE void __NVIC_DisableIRQ(IRQn_Type IRQn)
1718:Drivers/CMSIS/Include/core_cm4.h **** {
1719:Drivers/CMSIS/Include/core_cm4.h ****   if ((int32_t)(IRQn) >= 0)
1720:Drivers/CMSIS/Include/core_cm4.h ****   {
1721:Drivers/CMSIS/Include/core_cm4.h ****     NVIC->ICER[(((uint32_t)IRQn) >> 5UL)] = (uint32_t)(1UL << (((uint32_t)IRQn) & 0x1FUL));
1722:Drivers/CMSIS/Include/core_cm4.h ****     __DSB();
1723:Drivers/CMSIS/Include/core_cm4.h ****     __ISB();
1724:Drivers/CMSIS/Include/core_cm4.h ****   }
1725:Drivers/CMSIS/Include/core_cm4.h **** }
1726:Drivers/CMSIS/Include/core_cm4.h **** 
1727:Drivers/CMSIS/Include/core_cm4.h **** 
1728:Drivers/CMSIS/Include/core_cm4.h **** /**
1729:Drivers/CMSIS/Include/core_cm4.h ****   \brief   Get Pending Interrupt
1730:Drivers/CMSIS/Include/core_cm4.h ****   \details Reads the NVIC pending register and returns the pending bit for the specified device spe
1731:Drivers/CMSIS/Include/core_cm4.h ****   \param [in]      IRQn  Device specific interrupt number.
1732:Drivers/CMSIS/Include/core_cm4.h ****   \return             0  Interrupt status is not pending.
1733:Drivers/CMSIS/Include/core_cm4.h ****   \return             1  Interrupt status is pending.
1734:Drivers/CMSIS/Include/core_cm4.h ****   \note    IRQn must not be negative.
1735:Drivers/CMSIS/Include/core_cm4.h ****  */
1736:Drivers/CMSIS/Include/core_cm4.h **** __STATIC_INLINE uint32_t __NVIC_GetPendingIRQ(IRQn_Type IRQn)
1737:Drivers/CMSIS/Include/core_cm4.h **** {
1738:Drivers/CMSIS/Include/core_cm4.h ****   if ((int32_t)(IRQn) >= 0)
1739:Drivers/CMSIS/Include/core_cm4.h ****   {
1740:Drivers/CMSIS/Include/core_cm4.h ****     return((uint32_t)(((NVIC->ISPR[(((uint32_t)IRQn) >> 5UL)] & (1UL << (((uint32_t)IRQn) & 0x1FUL)
1741:Drivers/CMSIS/Include/core_cm4.h ****   }
1742:Drivers/CMSIS/Include/core_cm4.h ****   else
1743:Drivers/CMSIS/Include/core_cm4.h ****   {
1744:Drivers/CMSIS/Include/core_cm4.h ****     return(0U);
1745:Drivers/CMSIS/Include/core_cm4.h ****   }
1746:Drivers/CMSIS/Include/core_cm4.h **** }
1747:Drivers/CMSIS/Include/core_cm4.h **** 
1748:Drivers/CMSIS/Include/core_cm4.h **** 
1749:Drivers/CMSIS/Include/core_cm4.h **** /**
1750:Drivers/CMSIS/Include/core_cm4.h ****   \brief   Set Pending Interrupt
1751:Drivers/CMSIS/Include/core_cm4.h ****   \details Sets the pending bit of a device specific interrupt in the NVIC pending register.
1752:Drivers/CMSIS/Include/core_cm4.h ****   \param [in]      IRQn  Device specific interrupt number.
1753:Drivers/CMSIS/Include/core_cm4.h ****   \note    IRQn must not be negative.
1754:Drivers/CMSIS/Include/core_cm4.h ****  */
1755:Drivers/CMSIS/Include/core_cm4.h **** __STATIC_INLINE void __NVIC_SetPendingIRQ(IRQn_Type IRQn)
1756:Drivers/CMSIS/Include/core_cm4.h **** {
1757:Drivers/CMSIS/Include/core_cm4.h ****   if ((int32_t)(IRQn) >= 0)
1758:Drivers/CMSIS/Include/core_cm4.h ****   {
1759:Drivers/CMSIS/Include/core_cm4.h ****     NVIC->ISPR[(((uint32_t)IRQn) >> 5UL)] = (uint32_t)(1UL << (((uint32_t)IRQn) & 0x1FUL));
1760:Drivers/CMSIS/Include/core_cm4.h ****   }
1761:Drivers/CMSIS/Include/core_cm4.h **** }
1762:Drivers/CMSIS/Include/core_cm4.h **** 
1763:Drivers/CMSIS/Include/core_cm4.h **** 
ARM GAS   			page 51


1764:Drivers/CMSIS/Include/core_cm4.h **** /**
1765:Drivers/CMSIS/Include/core_cm4.h ****   \brief   Clear Pending Interrupt
1766:Drivers/CMSIS/Include/core_cm4.h ****   \details Clears the pending bit of a device specific interrupt in the NVIC pending register.
1767:Drivers/CMSIS/Include/core_cm4.h ****   \param [in]      IRQn  Device specific interrupt number.
1768:Drivers/CMSIS/Include/core_cm4.h ****   \note    IRQn must not be negative.
1769:Drivers/CMSIS/Include/core_cm4.h ****  */
1770:Drivers/CMSIS/Include/core_cm4.h **** __STATIC_INLINE void __NVIC_ClearPendingIRQ(IRQn_Type IRQn)
1771:Drivers/CMSIS/Include/core_cm4.h **** {
1772:Drivers/CMSIS/Include/core_cm4.h ****   if ((int32_t)(IRQn) >= 0)
1773:Drivers/CMSIS/Include/core_cm4.h ****   {
1774:Drivers/CMSIS/Include/core_cm4.h ****     NVIC->ICPR[(((uint32_t)IRQn) >> 5UL)] = (uint32_t)(1UL << (((uint32_t)IRQn) & 0x1FUL));
1775:Drivers/CMSIS/Include/core_cm4.h ****   }
1776:Drivers/CMSIS/Include/core_cm4.h **** }
1777:Drivers/CMSIS/Include/core_cm4.h **** 
1778:Drivers/CMSIS/Include/core_cm4.h **** 
1779:Drivers/CMSIS/Include/core_cm4.h **** /**
1780:Drivers/CMSIS/Include/core_cm4.h ****   \brief   Get Active Interrupt
1781:Drivers/CMSIS/Include/core_cm4.h ****   \details Reads the active register in the NVIC and returns the active bit for the device specific
1782:Drivers/CMSIS/Include/core_cm4.h ****   \param [in]      IRQn  Device specific interrupt number.
1783:Drivers/CMSIS/Include/core_cm4.h ****   \return             0  Interrupt status is not active.
1784:Drivers/CMSIS/Include/core_cm4.h ****   \return             1  Interrupt status is active.
1785:Drivers/CMSIS/Include/core_cm4.h ****   \note    IRQn must not be negative.
1786:Drivers/CMSIS/Include/core_cm4.h ****  */
1787:Drivers/CMSIS/Include/core_cm4.h **** __STATIC_INLINE uint32_t __NVIC_GetActive(IRQn_Type IRQn)
1788:Drivers/CMSIS/Include/core_cm4.h **** {
1789:Drivers/CMSIS/Include/core_cm4.h ****   if ((int32_t)(IRQn) >= 0)
1790:Drivers/CMSIS/Include/core_cm4.h ****   {
1791:Drivers/CMSIS/Include/core_cm4.h ****     return((uint32_t)(((NVIC->IABR[(((uint32_t)IRQn) >> 5UL)] & (1UL << (((uint32_t)IRQn) & 0x1FUL)
1792:Drivers/CMSIS/Include/core_cm4.h ****   }
1793:Drivers/CMSIS/Include/core_cm4.h ****   else
1794:Drivers/CMSIS/Include/core_cm4.h ****   {
1795:Drivers/CMSIS/Include/core_cm4.h ****     return(0U);
1796:Drivers/CMSIS/Include/core_cm4.h ****   }
1797:Drivers/CMSIS/Include/core_cm4.h **** }
1798:Drivers/CMSIS/Include/core_cm4.h **** 
1799:Drivers/CMSIS/Include/core_cm4.h **** 
1800:Drivers/CMSIS/Include/core_cm4.h **** /**
1801:Drivers/CMSIS/Include/core_cm4.h ****   \brief   Set Interrupt Priority
1802:Drivers/CMSIS/Include/core_cm4.h ****   \details Sets the priority of a device specific interrupt or a processor exception.
1803:Drivers/CMSIS/Include/core_cm4.h ****            The interrupt number can be positive to specify a device specific interrupt,
1804:Drivers/CMSIS/Include/core_cm4.h ****            or negative to specify a processor exception.
1805:Drivers/CMSIS/Include/core_cm4.h ****   \param [in]      IRQn  Interrupt number.
1806:Drivers/CMSIS/Include/core_cm4.h ****   \param [in]  priority  Priority to set.
1807:Drivers/CMSIS/Include/core_cm4.h ****   \note    The priority cannot be set for every processor exception.
1808:Drivers/CMSIS/Include/core_cm4.h ****  */
1809:Drivers/CMSIS/Include/core_cm4.h **** __STATIC_INLINE void __NVIC_SetPriority(IRQn_Type IRQn, uint32_t priority)
1810:Drivers/CMSIS/Include/core_cm4.h **** {
1811:Drivers/CMSIS/Include/core_cm4.h ****   if ((int32_t)(IRQn) >= 0)
1812:Drivers/CMSIS/Include/core_cm4.h ****   {
1813:Drivers/CMSIS/Include/core_cm4.h ****     NVIC->IP[((uint32_t)IRQn)]               = (uint8_t)((priority << (8U - __NVIC_PRIO_BITS)) & (u
1814:Drivers/CMSIS/Include/core_cm4.h ****   }
1815:Drivers/CMSIS/Include/core_cm4.h ****   else
1816:Drivers/CMSIS/Include/core_cm4.h ****   {
1817:Drivers/CMSIS/Include/core_cm4.h ****     SCB->SHP[(((uint32_t)IRQn) & 0xFUL)-4UL] = (uint8_t)((priority << (8U - __NVIC_PRIO_BITS)) & (u
1818:Drivers/CMSIS/Include/core_cm4.h ****   }
1819:Drivers/CMSIS/Include/core_cm4.h **** }
1820:Drivers/CMSIS/Include/core_cm4.h **** 
ARM GAS   			page 52


1821:Drivers/CMSIS/Include/core_cm4.h **** 
1822:Drivers/CMSIS/Include/core_cm4.h **** /**
1823:Drivers/CMSIS/Include/core_cm4.h ****   \brief   Get Interrupt Priority
1824:Drivers/CMSIS/Include/core_cm4.h ****   \details Reads the priority of a device specific interrupt or a processor exception.
1825:Drivers/CMSIS/Include/core_cm4.h ****            The interrupt number can be positive to specify a device specific interrupt,
1826:Drivers/CMSIS/Include/core_cm4.h ****            or negative to specify a processor exception.
1827:Drivers/CMSIS/Include/core_cm4.h ****   \param [in]   IRQn  Interrupt number.
1828:Drivers/CMSIS/Include/core_cm4.h ****   \return             Interrupt Priority.
1829:Drivers/CMSIS/Include/core_cm4.h ****                       Value is aligned automatically to the implemented priority bits of the microc
1830:Drivers/CMSIS/Include/core_cm4.h ****  */
1831:Drivers/CMSIS/Include/core_cm4.h **** __STATIC_INLINE uint32_t __NVIC_GetPriority(IRQn_Type IRQn)
1832:Drivers/CMSIS/Include/core_cm4.h **** {
1833:Drivers/CMSIS/Include/core_cm4.h **** 
1834:Drivers/CMSIS/Include/core_cm4.h ****   if ((int32_t)(IRQn) >= 0)
1835:Drivers/CMSIS/Include/core_cm4.h ****   {
1836:Drivers/CMSIS/Include/core_cm4.h ****     return(((uint32_t)NVIC->IP[((uint32_t)IRQn)]               >> (8U - __NVIC_PRIO_BITS)));
1837:Drivers/CMSIS/Include/core_cm4.h ****   }
1838:Drivers/CMSIS/Include/core_cm4.h ****   else
1839:Drivers/CMSIS/Include/core_cm4.h ****   {
1840:Drivers/CMSIS/Include/core_cm4.h ****     return(((uint32_t)SCB->SHP[(((uint32_t)IRQn) & 0xFUL)-4UL] >> (8U - __NVIC_PRIO_BITS)));
1841:Drivers/CMSIS/Include/core_cm4.h ****   }
1842:Drivers/CMSIS/Include/core_cm4.h **** }
1843:Drivers/CMSIS/Include/core_cm4.h **** 
1844:Drivers/CMSIS/Include/core_cm4.h **** 
1845:Drivers/CMSIS/Include/core_cm4.h **** /**
1846:Drivers/CMSIS/Include/core_cm4.h ****   \brief   Encode Priority
1847:Drivers/CMSIS/Include/core_cm4.h ****   \details Encodes the priority for an interrupt with the given priority group,
1848:Drivers/CMSIS/Include/core_cm4.h ****            preemptive priority value, and subpriority value.
1849:Drivers/CMSIS/Include/core_cm4.h ****            In case of a conflict between priority grouping and available
1850:Drivers/CMSIS/Include/core_cm4.h ****            priority bits (__NVIC_PRIO_BITS), the smallest possible priority group is set.
1851:Drivers/CMSIS/Include/core_cm4.h ****   \param [in]     PriorityGroup  Used priority group.
1852:Drivers/CMSIS/Include/core_cm4.h ****   \param [in]   PreemptPriority  Preemptive priority value (starting from 0).
1853:Drivers/CMSIS/Include/core_cm4.h ****   \param [in]       SubPriority  Subpriority value (starting from 0).
1854:Drivers/CMSIS/Include/core_cm4.h ****   \return                        Encoded priority. Value can be used in the function \ref NVIC_SetP
1855:Drivers/CMSIS/Include/core_cm4.h ****  */
1856:Drivers/CMSIS/Include/core_cm4.h **** __STATIC_INLINE uint32_t NVIC_EncodePriority (uint32_t PriorityGroup, uint32_t PreemptPriority, uin
1857:Drivers/CMSIS/Include/core_cm4.h **** {
1858:Drivers/CMSIS/Include/core_cm4.h ****   uint32_t PriorityGroupTmp = (PriorityGroup & (uint32_t)0x07UL);   /* only values 0..7 are used   
1859:Drivers/CMSIS/Include/core_cm4.h ****   uint32_t PreemptPriorityBits;
1860:Drivers/CMSIS/Include/core_cm4.h ****   uint32_t SubPriorityBits;
1861:Drivers/CMSIS/Include/core_cm4.h **** 
1862:Drivers/CMSIS/Include/core_cm4.h ****   PreemptPriorityBits = ((7UL - PriorityGroupTmp) > (uint32_t)(__NVIC_PRIO_BITS)) ? (uint32_t)(__NV
1863:Drivers/CMSIS/Include/core_cm4.h ****   SubPriorityBits     = ((PriorityGroupTmp + (uint32_t)(__NVIC_PRIO_BITS)) < (uint32_t)7UL) ? (uint
1864:Drivers/CMSIS/Include/core_cm4.h **** 
1865:Drivers/CMSIS/Include/core_cm4.h ****   return (
1866:Drivers/CMSIS/Include/core_cm4.h ****            ((PreemptPriority & (uint32_t)((1UL << (PreemptPriorityBits)) - 1UL)) << SubPriorityBits
1867:Drivers/CMSIS/Include/core_cm4.h ****            ((SubPriority     & (uint32_t)((1UL << (SubPriorityBits    )) - 1UL)))
1868:Drivers/CMSIS/Include/core_cm4.h ****          );
1869:Drivers/CMSIS/Include/core_cm4.h **** }
1870:Drivers/CMSIS/Include/core_cm4.h **** 
1871:Drivers/CMSIS/Include/core_cm4.h **** 
1872:Drivers/CMSIS/Include/core_cm4.h **** /**
1873:Drivers/CMSIS/Include/core_cm4.h ****   \brief   Decode Priority
1874:Drivers/CMSIS/Include/core_cm4.h ****   \details Decodes an interrupt priority value with a given priority group to
1875:Drivers/CMSIS/Include/core_cm4.h ****            preemptive priority value and subpriority value.
1876:Drivers/CMSIS/Include/core_cm4.h ****            In case of a conflict between priority grouping and available
1877:Drivers/CMSIS/Include/core_cm4.h ****            priority bits (__NVIC_PRIO_BITS) the smallest possible priority group is set.
ARM GAS   			page 53


1878:Drivers/CMSIS/Include/core_cm4.h ****   \param [in]         Priority   Priority value, which can be retrieved with the function \ref NVIC
1879:Drivers/CMSIS/Include/core_cm4.h ****   \param [in]     PriorityGroup  Used priority group.
1880:Drivers/CMSIS/Include/core_cm4.h ****   \param [out] pPreemptPriority  Preemptive priority value (starting from 0).
1881:Drivers/CMSIS/Include/core_cm4.h ****   \param [out]     pSubPriority  Subpriority value (starting from 0).
1882:Drivers/CMSIS/Include/core_cm4.h ****  */
1883:Drivers/CMSIS/Include/core_cm4.h **** __STATIC_INLINE void NVIC_DecodePriority (uint32_t Priority, uint32_t PriorityGroup, uint32_t* cons
1884:Drivers/CMSIS/Include/core_cm4.h **** {
1885:Drivers/CMSIS/Include/core_cm4.h ****   uint32_t PriorityGroupTmp = (PriorityGroup & (uint32_t)0x07UL);   /* only values 0..7 are used   
1886:Drivers/CMSIS/Include/core_cm4.h ****   uint32_t PreemptPriorityBits;
1887:Drivers/CMSIS/Include/core_cm4.h ****   uint32_t SubPriorityBits;
1888:Drivers/CMSIS/Include/core_cm4.h **** 
1889:Drivers/CMSIS/Include/core_cm4.h ****   PreemptPriorityBits = ((7UL - PriorityGroupTmp) > (uint32_t)(__NVIC_PRIO_BITS)) ? (uint32_t)(__NV
1890:Drivers/CMSIS/Include/core_cm4.h ****   SubPriorityBits     = ((PriorityGroupTmp + (uint32_t)(__NVIC_PRIO_BITS)) < (uint32_t)7UL) ? (uint
1891:Drivers/CMSIS/Include/core_cm4.h **** 
1892:Drivers/CMSIS/Include/core_cm4.h ****   *pPreemptPriority = (Priority >> SubPriorityBits) & (uint32_t)((1UL << (PreemptPriorityBits)) - 1
1893:Drivers/CMSIS/Include/core_cm4.h ****   *pSubPriority     = (Priority                   ) & (uint32_t)((1UL << (SubPriorityBits    )) - 1
1894:Drivers/CMSIS/Include/core_cm4.h **** }
1895:Drivers/CMSIS/Include/core_cm4.h **** 
1896:Drivers/CMSIS/Include/core_cm4.h **** 
1897:Drivers/CMSIS/Include/core_cm4.h **** /**
1898:Drivers/CMSIS/Include/core_cm4.h ****   \brief   Set Interrupt Vector
1899:Drivers/CMSIS/Include/core_cm4.h ****   \details Sets an interrupt vector in SRAM based interrupt vector table.
1900:Drivers/CMSIS/Include/core_cm4.h ****            The interrupt number can be positive to specify a device specific interrupt,
1901:Drivers/CMSIS/Include/core_cm4.h ****            or negative to specify a processor exception.
1902:Drivers/CMSIS/Include/core_cm4.h ****            VTOR must been relocated to SRAM before.
1903:Drivers/CMSIS/Include/core_cm4.h ****   \param [in]   IRQn      Interrupt number
1904:Drivers/CMSIS/Include/core_cm4.h ****   \param [in]   vector    Address of interrupt handler function
1905:Drivers/CMSIS/Include/core_cm4.h ****  */
1906:Drivers/CMSIS/Include/core_cm4.h **** __STATIC_INLINE void __NVIC_SetVector(IRQn_Type IRQn, uint32_t vector)
1907:Drivers/CMSIS/Include/core_cm4.h **** {
1908:Drivers/CMSIS/Include/core_cm4.h ****   uint32_t vectors = (uint32_t )SCB->VTOR;
1909:Drivers/CMSIS/Include/core_cm4.h ****   (* (int *) (vectors + ((int32_t)IRQn + NVIC_USER_IRQ_OFFSET) * 4)) = vector;
1910:Drivers/CMSIS/Include/core_cm4.h ****   /* ARM Application Note 321 states that the M4 does not require the architectural barrier */
1911:Drivers/CMSIS/Include/core_cm4.h **** }
1912:Drivers/CMSIS/Include/core_cm4.h **** 
1913:Drivers/CMSIS/Include/core_cm4.h **** 
1914:Drivers/CMSIS/Include/core_cm4.h **** /**
1915:Drivers/CMSIS/Include/core_cm4.h ****   \brief   Get Interrupt Vector
1916:Drivers/CMSIS/Include/core_cm4.h ****   \details Reads an interrupt vector from interrupt vector table.
1917:Drivers/CMSIS/Include/core_cm4.h ****            The interrupt number can be positive to specify a device specific interrupt,
1918:Drivers/CMSIS/Include/core_cm4.h ****            or negative to specify a processor exception.
1919:Drivers/CMSIS/Include/core_cm4.h ****   \param [in]   IRQn      Interrupt number.
1920:Drivers/CMSIS/Include/core_cm4.h ****   \return                 Address of interrupt handler function
1921:Drivers/CMSIS/Include/core_cm4.h ****  */
1922:Drivers/CMSIS/Include/core_cm4.h **** __STATIC_INLINE uint32_t __NVIC_GetVector(IRQn_Type IRQn)
1923:Drivers/CMSIS/Include/core_cm4.h **** {
1924:Drivers/CMSIS/Include/core_cm4.h ****   uint32_t vectors = (uint32_t )SCB->VTOR;
1925:Drivers/CMSIS/Include/core_cm4.h ****   return (uint32_t)(* (int *) (vectors + ((int32_t)IRQn + NVIC_USER_IRQ_OFFSET) * 4));
1926:Drivers/CMSIS/Include/core_cm4.h **** }
1927:Drivers/CMSIS/Include/core_cm4.h **** 
1928:Drivers/CMSIS/Include/core_cm4.h **** 
1929:Drivers/CMSIS/Include/core_cm4.h **** /**
1930:Drivers/CMSIS/Include/core_cm4.h ****   \brief   System Reset
1931:Drivers/CMSIS/Include/core_cm4.h ****   \details Initiates a system reset request to reset the MCU.
1932:Drivers/CMSIS/Include/core_cm4.h ****  */
1933:Drivers/CMSIS/Include/core_cm4.h **** __NO_RETURN __STATIC_INLINE void __NVIC_SystemReset(void)
 690              	 .loc 3 1933 34 view .LVU178
ARM GAS   			page 54


 691              	.LBB45:
1934:Drivers/CMSIS/Include/core_cm4.h **** {
1935:Drivers/CMSIS/Include/core_cm4.h ****   __DSB();                                                          /* Ensure all outstanding memor
 692              	 .loc 3 1935 3 view .LVU179
 693              	.LBB46:
 694              	.LBI46:
 210:Drivers/CMSIS/Include/cmsis_gcc.h **** }
 211:Drivers/CMSIS/Include/cmsis_gcc.h **** 
 212:Drivers/CMSIS/Include/cmsis_gcc.h **** 
 213:Drivers/CMSIS/Include/cmsis_gcc.h **** /**
 214:Drivers/CMSIS/Include/cmsis_gcc.h ****   \brief   Get Control Register
 215:Drivers/CMSIS/Include/cmsis_gcc.h ****   \details Returns the content of the Control Register.
 216:Drivers/CMSIS/Include/cmsis_gcc.h ****   \return               Control Register value
 217:Drivers/CMSIS/Include/cmsis_gcc.h ****  */
 218:Drivers/CMSIS/Include/cmsis_gcc.h **** __STATIC_FORCEINLINE uint32_t __get_CONTROL(void)
 219:Drivers/CMSIS/Include/cmsis_gcc.h **** {
 220:Drivers/CMSIS/Include/cmsis_gcc.h ****   uint32_t result;
 221:Drivers/CMSIS/Include/cmsis_gcc.h **** 
 222:Drivers/CMSIS/Include/cmsis_gcc.h ****   __ASM volatile ("MRS %0, control" : "=r" (result) );
 223:Drivers/CMSIS/Include/cmsis_gcc.h ****   return(result);
 224:Drivers/CMSIS/Include/cmsis_gcc.h **** }
 225:Drivers/CMSIS/Include/cmsis_gcc.h **** 
 226:Drivers/CMSIS/Include/cmsis_gcc.h **** 
 227:Drivers/CMSIS/Include/cmsis_gcc.h **** #if (defined (__ARM_FEATURE_CMSE ) && (__ARM_FEATURE_CMSE == 3))
 228:Drivers/CMSIS/Include/cmsis_gcc.h **** /**
 229:Drivers/CMSIS/Include/cmsis_gcc.h ****   \brief   Get Control Register (non-secure)
 230:Drivers/CMSIS/Include/cmsis_gcc.h ****   \details Returns the content of the non-secure Control Register when in secure mode.
 231:Drivers/CMSIS/Include/cmsis_gcc.h ****   \return               non-secure Control Register value
 232:Drivers/CMSIS/Include/cmsis_gcc.h ****  */
 233:Drivers/CMSIS/Include/cmsis_gcc.h **** __STATIC_FORCEINLINE uint32_t __TZ_get_CONTROL_NS(void)
 234:Drivers/CMSIS/Include/cmsis_gcc.h **** {
 235:Drivers/CMSIS/Include/cmsis_gcc.h ****   uint32_t result;
 236:Drivers/CMSIS/Include/cmsis_gcc.h **** 
 237:Drivers/CMSIS/Include/cmsis_gcc.h ****   __ASM volatile ("MRS %0, control_ns" : "=r" (result) );
 238:Drivers/CMSIS/Include/cmsis_gcc.h ****   return(result);
 239:Drivers/CMSIS/Include/cmsis_gcc.h **** }
 240:Drivers/CMSIS/Include/cmsis_gcc.h **** #endif
 241:Drivers/CMSIS/Include/cmsis_gcc.h **** 
 242:Drivers/CMSIS/Include/cmsis_gcc.h **** 
 243:Drivers/CMSIS/Include/cmsis_gcc.h **** /**
 244:Drivers/CMSIS/Include/cmsis_gcc.h ****   \brief   Set Control Register
 245:Drivers/CMSIS/Include/cmsis_gcc.h ****   \details Writes the given value to the Control Register.
 246:Drivers/CMSIS/Include/cmsis_gcc.h ****   \param [in]    control  Control Register value to set
 247:Drivers/CMSIS/Include/cmsis_gcc.h ****  */
 248:Drivers/CMSIS/Include/cmsis_gcc.h **** __STATIC_FORCEINLINE void __set_CONTROL(uint32_t control)
 249:Drivers/CMSIS/Include/cmsis_gcc.h **** {
 250:Drivers/CMSIS/Include/cmsis_gcc.h ****   __ASM volatile ("MSR control, %0" : : "r" (control) : "memory");
 251:Drivers/CMSIS/Include/cmsis_gcc.h **** }
 252:Drivers/CMSIS/Include/cmsis_gcc.h **** 
 253:Drivers/CMSIS/Include/cmsis_gcc.h **** 
 254:Drivers/CMSIS/Include/cmsis_gcc.h **** #if (defined (__ARM_FEATURE_CMSE ) && (__ARM_FEATURE_CMSE == 3))
 255:Drivers/CMSIS/Include/cmsis_gcc.h **** /**
 256:Drivers/CMSIS/Include/cmsis_gcc.h ****   \brief   Set Control Register (non-secure)
 257:Drivers/CMSIS/Include/cmsis_gcc.h ****   \details Writes the given value to the non-secure Control Register when in secure state.
 258:Drivers/CMSIS/Include/cmsis_gcc.h ****   \param [in]    control  Control Register value to set
 259:Drivers/CMSIS/Include/cmsis_gcc.h ****  */
 260:Drivers/CMSIS/Include/cmsis_gcc.h **** __STATIC_FORCEINLINE void __TZ_set_CONTROL_NS(uint32_t control)
ARM GAS   			page 55


 261:Drivers/CMSIS/Include/cmsis_gcc.h **** {
 262:Drivers/CMSIS/Include/cmsis_gcc.h ****   __ASM volatile ("MSR control_ns, %0" : : "r" (control) : "memory");
 263:Drivers/CMSIS/Include/cmsis_gcc.h **** }
 264:Drivers/CMSIS/Include/cmsis_gcc.h **** #endif
 265:Drivers/CMSIS/Include/cmsis_gcc.h **** 
 266:Drivers/CMSIS/Include/cmsis_gcc.h **** 
 267:Drivers/CMSIS/Include/cmsis_gcc.h **** /**
 268:Drivers/CMSIS/Include/cmsis_gcc.h ****   \brief   Get IPSR Register
 269:Drivers/CMSIS/Include/cmsis_gcc.h ****   \details Returns the content of the IPSR Register.
 270:Drivers/CMSIS/Include/cmsis_gcc.h ****   \return               IPSR Register value
 271:Drivers/CMSIS/Include/cmsis_gcc.h ****  */
 272:Drivers/CMSIS/Include/cmsis_gcc.h **** __STATIC_FORCEINLINE uint32_t __get_IPSR(void)
 273:Drivers/CMSIS/Include/cmsis_gcc.h **** {
 274:Drivers/CMSIS/Include/cmsis_gcc.h ****   uint32_t result;
 275:Drivers/CMSIS/Include/cmsis_gcc.h **** 
 276:Drivers/CMSIS/Include/cmsis_gcc.h ****   __ASM volatile ("MRS %0, ipsr" : "=r" (result) );
 277:Drivers/CMSIS/Include/cmsis_gcc.h ****   return(result);
 278:Drivers/CMSIS/Include/cmsis_gcc.h **** }
 279:Drivers/CMSIS/Include/cmsis_gcc.h **** 
 280:Drivers/CMSIS/Include/cmsis_gcc.h **** 
 281:Drivers/CMSIS/Include/cmsis_gcc.h **** /**
 282:Drivers/CMSIS/Include/cmsis_gcc.h ****   \brief   Get APSR Register
 283:Drivers/CMSIS/Include/cmsis_gcc.h ****   \details Returns the content of the APSR Register.
 284:Drivers/CMSIS/Include/cmsis_gcc.h ****   \return               APSR Register value
 285:Drivers/CMSIS/Include/cmsis_gcc.h ****  */
 286:Drivers/CMSIS/Include/cmsis_gcc.h **** __STATIC_FORCEINLINE uint32_t __get_APSR(void)
 287:Drivers/CMSIS/Include/cmsis_gcc.h **** {
 288:Drivers/CMSIS/Include/cmsis_gcc.h ****   uint32_t result;
 289:Drivers/CMSIS/Include/cmsis_gcc.h **** 
 290:Drivers/CMSIS/Include/cmsis_gcc.h ****   __ASM volatile ("MRS %0, apsr" : "=r" (result) );
 291:Drivers/CMSIS/Include/cmsis_gcc.h ****   return(result);
 292:Drivers/CMSIS/Include/cmsis_gcc.h **** }
 293:Drivers/CMSIS/Include/cmsis_gcc.h **** 
 294:Drivers/CMSIS/Include/cmsis_gcc.h **** 
 295:Drivers/CMSIS/Include/cmsis_gcc.h **** /**
 296:Drivers/CMSIS/Include/cmsis_gcc.h ****   \brief   Get xPSR Register
 297:Drivers/CMSIS/Include/cmsis_gcc.h ****   \details Returns the content of the xPSR Register.
 298:Drivers/CMSIS/Include/cmsis_gcc.h ****   \return               xPSR Register value
 299:Drivers/CMSIS/Include/cmsis_gcc.h ****  */
 300:Drivers/CMSIS/Include/cmsis_gcc.h **** __STATIC_FORCEINLINE uint32_t __get_xPSR(void)
 301:Drivers/CMSIS/Include/cmsis_gcc.h **** {
 302:Drivers/CMSIS/Include/cmsis_gcc.h ****   uint32_t result;
 303:Drivers/CMSIS/Include/cmsis_gcc.h **** 
 304:Drivers/CMSIS/Include/cmsis_gcc.h ****   __ASM volatile ("MRS %0, xpsr" : "=r" (result) );
 305:Drivers/CMSIS/Include/cmsis_gcc.h ****   return(result);
 306:Drivers/CMSIS/Include/cmsis_gcc.h **** }
 307:Drivers/CMSIS/Include/cmsis_gcc.h **** 
 308:Drivers/CMSIS/Include/cmsis_gcc.h **** 
 309:Drivers/CMSIS/Include/cmsis_gcc.h **** /**
 310:Drivers/CMSIS/Include/cmsis_gcc.h ****   \brief   Get Process Stack Pointer
 311:Drivers/CMSIS/Include/cmsis_gcc.h ****   \details Returns the current value of the Process Stack Pointer (PSP).
 312:Drivers/CMSIS/Include/cmsis_gcc.h ****   \return               PSP Register value
 313:Drivers/CMSIS/Include/cmsis_gcc.h ****  */
 314:Drivers/CMSIS/Include/cmsis_gcc.h **** __STATIC_FORCEINLINE uint32_t __get_PSP(void)
 315:Drivers/CMSIS/Include/cmsis_gcc.h **** {
 316:Drivers/CMSIS/Include/cmsis_gcc.h ****   uint32_t result;
 317:Drivers/CMSIS/Include/cmsis_gcc.h **** 
ARM GAS   			page 56


 318:Drivers/CMSIS/Include/cmsis_gcc.h ****   __ASM volatile ("MRS %0, psp"  : "=r" (result) );
 319:Drivers/CMSIS/Include/cmsis_gcc.h ****   return(result);
 320:Drivers/CMSIS/Include/cmsis_gcc.h **** }
 321:Drivers/CMSIS/Include/cmsis_gcc.h **** 
 322:Drivers/CMSIS/Include/cmsis_gcc.h **** 
 323:Drivers/CMSIS/Include/cmsis_gcc.h **** #if (defined (__ARM_FEATURE_CMSE ) && (__ARM_FEATURE_CMSE == 3))
 324:Drivers/CMSIS/Include/cmsis_gcc.h **** /**
 325:Drivers/CMSIS/Include/cmsis_gcc.h ****   \brief   Get Process Stack Pointer (non-secure)
 326:Drivers/CMSIS/Include/cmsis_gcc.h ****   \details Returns the current value of the non-secure Process Stack Pointer (PSP) when in secure s
 327:Drivers/CMSIS/Include/cmsis_gcc.h ****   \return               PSP Register value
 328:Drivers/CMSIS/Include/cmsis_gcc.h ****  */
 329:Drivers/CMSIS/Include/cmsis_gcc.h **** __STATIC_FORCEINLINE uint32_t __TZ_get_PSP_NS(void)
 330:Drivers/CMSIS/Include/cmsis_gcc.h **** {
 331:Drivers/CMSIS/Include/cmsis_gcc.h ****   uint32_t result;
 332:Drivers/CMSIS/Include/cmsis_gcc.h **** 
 333:Drivers/CMSIS/Include/cmsis_gcc.h ****   __ASM volatile ("MRS %0, psp_ns"  : "=r" (result) );
 334:Drivers/CMSIS/Include/cmsis_gcc.h ****   return(result);
 335:Drivers/CMSIS/Include/cmsis_gcc.h **** }
 336:Drivers/CMSIS/Include/cmsis_gcc.h **** #endif
 337:Drivers/CMSIS/Include/cmsis_gcc.h **** 
 338:Drivers/CMSIS/Include/cmsis_gcc.h **** 
 339:Drivers/CMSIS/Include/cmsis_gcc.h **** /**
 340:Drivers/CMSIS/Include/cmsis_gcc.h ****   \brief   Set Process Stack Pointer
 341:Drivers/CMSIS/Include/cmsis_gcc.h ****   \details Assigns the given value to the Process Stack Pointer (PSP).
 342:Drivers/CMSIS/Include/cmsis_gcc.h ****   \param [in]    topOfProcStack  Process Stack Pointer value to set
 343:Drivers/CMSIS/Include/cmsis_gcc.h ****  */
 344:Drivers/CMSIS/Include/cmsis_gcc.h **** __STATIC_FORCEINLINE void __set_PSP(uint32_t topOfProcStack)
 345:Drivers/CMSIS/Include/cmsis_gcc.h **** {
 346:Drivers/CMSIS/Include/cmsis_gcc.h ****   __ASM volatile ("MSR psp, %0" : : "r" (topOfProcStack) : );
 347:Drivers/CMSIS/Include/cmsis_gcc.h **** }
 348:Drivers/CMSIS/Include/cmsis_gcc.h **** 
 349:Drivers/CMSIS/Include/cmsis_gcc.h **** 
 350:Drivers/CMSIS/Include/cmsis_gcc.h **** #if (defined (__ARM_FEATURE_CMSE ) && (__ARM_FEATURE_CMSE == 3))
 351:Drivers/CMSIS/Include/cmsis_gcc.h **** /**
 352:Drivers/CMSIS/Include/cmsis_gcc.h ****   \brief   Set Process Stack Pointer (non-secure)
 353:Drivers/CMSIS/Include/cmsis_gcc.h ****   \details Assigns the given value to the non-secure Process Stack Pointer (PSP) when in secure sta
 354:Drivers/CMSIS/Include/cmsis_gcc.h ****   \param [in]    topOfProcStack  Process Stack Pointer value to set
 355:Drivers/CMSIS/Include/cmsis_gcc.h ****  */
 356:Drivers/CMSIS/Include/cmsis_gcc.h **** __STATIC_FORCEINLINE void __TZ_set_PSP_NS(uint32_t topOfProcStack)
 357:Drivers/CMSIS/Include/cmsis_gcc.h **** {
 358:Drivers/CMSIS/Include/cmsis_gcc.h ****   __ASM volatile ("MSR psp_ns, %0" : : "r" (topOfProcStack) : );
 359:Drivers/CMSIS/Include/cmsis_gcc.h **** }
 360:Drivers/CMSIS/Include/cmsis_gcc.h **** #endif
 361:Drivers/CMSIS/Include/cmsis_gcc.h **** 
 362:Drivers/CMSIS/Include/cmsis_gcc.h **** 
 363:Drivers/CMSIS/Include/cmsis_gcc.h **** /**
 364:Drivers/CMSIS/Include/cmsis_gcc.h ****   \brief   Get Main Stack Pointer
 365:Drivers/CMSIS/Include/cmsis_gcc.h ****   \details Returns the current value of the Main Stack Pointer (MSP).
 366:Drivers/CMSIS/Include/cmsis_gcc.h ****   \return               MSP Register value
 367:Drivers/CMSIS/Include/cmsis_gcc.h ****  */
 368:Drivers/CMSIS/Include/cmsis_gcc.h **** __STATIC_FORCEINLINE uint32_t __get_MSP(void)
 369:Drivers/CMSIS/Include/cmsis_gcc.h **** {
 370:Drivers/CMSIS/Include/cmsis_gcc.h ****   uint32_t result;
 371:Drivers/CMSIS/Include/cmsis_gcc.h **** 
 372:Drivers/CMSIS/Include/cmsis_gcc.h ****   __ASM volatile ("MRS %0, msp" : "=r" (result) );
 373:Drivers/CMSIS/Include/cmsis_gcc.h ****   return(result);
 374:Drivers/CMSIS/Include/cmsis_gcc.h **** }
ARM GAS   			page 57


 375:Drivers/CMSIS/Include/cmsis_gcc.h **** 
 376:Drivers/CMSIS/Include/cmsis_gcc.h **** 
 377:Drivers/CMSIS/Include/cmsis_gcc.h **** #if (defined (__ARM_FEATURE_CMSE ) && (__ARM_FEATURE_CMSE == 3))
 378:Drivers/CMSIS/Include/cmsis_gcc.h **** /**
 379:Drivers/CMSIS/Include/cmsis_gcc.h ****   \brief   Get Main Stack Pointer (non-secure)
 380:Drivers/CMSIS/Include/cmsis_gcc.h ****   \details Returns the current value of the non-secure Main Stack Pointer (MSP) when in secure stat
 381:Drivers/CMSIS/Include/cmsis_gcc.h ****   \return               MSP Register value
 382:Drivers/CMSIS/Include/cmsis_gcc.h ****  */
 383:Drivers/CMSIS/Include/cmsis_gcc.h **** __STATIC_FORCEINLINE uint32_t __TZ_get_MSP_NS(void)
 384:Drivers/CMSIS/Include/cmsis_gcc.h **** {
 385:Drivers/CMSIS/Include/cmsis_gcc.h ****   uint32_t result;
 386:Drivers/CMSIS/Include/cmsis_gcc.h **** 
 387:Drivers/CMSIS/Include/cmsis_gcc.h ****   __ASM volatile ("MRS %0, msp_ns" : "=r" (result) );
 388:Drivers/CMSIS/Include/cmsis_gcc.h ****   return(result);
 389:Drivers/CMSIS/Include/cmsis_gcc.h **** }
 390:Drivers/CMSIS/Include/cmsis_gcc.h **** #endif
 391:Drivers/CMSIS/Include/cmsis_gcc.h **** 
 392:Drivers/CMSIS/Include/cmsis_gcc.h **** 
 393:Drivers/CMSIS/Include/cmsis_gcc.h **** /**
 394:Drivers/CMSIS/Include/cmsis_gcc.h ****   \brief   Set Main Stack Pointer
 395:Drivers/CMSIS/Include/cmsis_gcc.h ****   \details Assigns the given value to the Main Stack Pointer (MSP).
 396:Drivers/CMSIS/Include/cmsis_gcc.h ****   \param [in]    topOfMainStack  Main Stack Pointer value to set
 397:Drivers/CMSIS/Include/cmsis_gcc.h ****  */
 398:Drivers/CMSIS/Include/cmsis_gcc.h **** __STATIC_FORCEINLINE void __set_MSP(uint32_t topOfMainStack)
 399:Drivers/CMSIS/Include/cmsis_gcc.h **** {
 400:Drivers/CMSIS/Include/cmsis_gcc.h ****   __ASM volatile ("MSR msp, %0" : : "r" (topOfMainStack) : );
 401:Drivers/CMSIS/Include/cmsis_gcc.h **** }
 402:Drivers/CMSIS/Include/cmsis_gcc.h **** 
 403:Drivers/CMSIS/Include/cmsis_gcc.h **** 
 404:Drivers/CMSIS/Include/cmsis_gcc.h **** #if (defined (__ARM_FEATURE_CMSE ) && (__ARM_FEATURE_CMSE == 3))
 405:Drivers/CMSIS/Include/cmsis_gcc.h **** /**
 406:Drivers/CMSIS/Include/cmsis_gcc.h ****   \brief   Set Main Stack Pointer (non-secure)
 407:Drivers/CMSIS/Include/cmsis_gcc.h ****   \details Assigns the given value to the non-secure Main Stack Pointer (MSP) when in secure state.
 408:Drivers/CMSIS/Include/cmsis_gcc.h ****   \param [in]    topOfMainStack  Main Stack Pointer value to set
 409:Drivers/CMSIS/Include/cmsis_gcc.h ****  */
 410:Drivers/CMSIS/Include/cmsis_gcc.h **** __STATIC_FORCEINLINE void __TZ_set_MSP_NS(uint32_t topOfMainStack)
 411:Drivers/CMSIS/Include/cmsis_gcc.h **** {
 412:Drivers/CMSIS/Include/cmsis_gcc.h ****   __ASM volatile ("MSR msp_ns, %0" : : "r" (topOfMainStack) : );
 413:Drivers/CMSIS/Include/cmsis_gcc.h **** }
 414:Drivers/CMSIS/Include/cmsis_gcc.h **** #endif
 415:Drivers/CMSIS/Include/cmsis_gcc.h **** 
 416:Drivers/CMSIS/Include/cmsis_gcc.h **** 
 417:Drivers/CMSIS/Include/cmsis_gcc.h **** #if (defined (__ARM_FEATURE_CMSE ) && (__ARM_FEATURE_CMSE == 3))
 418:Drivers/CMSIS/Include/cmsis_gcc.h **** /**
 419:Drivers/CMSIS/Include/cmsis_gcc.h ****   \brief   Get Stack Pointer (non-secure)
 420:Drivers/CMSIS/Include/cmsis_gcc.h ****   \details Returns the current value of the non-secure Stack Pointer (SP) when in secure state.
 421:Drivers/CMSIS/Include/cmsis_gcc.h ****   \return               SP Register value
 422:Drivers/CMSIS/Include/cmsis_gcc.h ****  */
 423:Drivers/CMSIS/Include/cmsis_gcc.h **** __STATIC_FORCEINLINE uint32_t __TZ_get_SP_NS(void)
 424:Drivers/CMSIS/Include/cmsis_gcc.h **** {
 425:Drivers/CMSIS/Include/cmsis_gcc.h ****   uint32_t result;
 426:Drivers/CMSIS/Include/cmsis_gcc.h **** 
 427:Drivers/CMSIS/Include/cmsis_gcc.h ****   __ASM volatile ("MRS %0, sp_ns" : "=r" (result) );
 428:Drivers/CMSIS/Include/cmsis_gcc.h ****   return(result);
 429:Drivers/CMSIS/Include/cmsis_gcc.h **** }
 430:Drivers/CMSIS/Include/cmsis_gcc.h **** 
 431:Drivers/CMSIS/Include/cmsis_gcc.h **** 
ARM GAS   			page 58


 432:Drivers/CMSIS/Include/cmsis_gcc.h **** /**
 433:Drivers/CMSIS/Include/cmsis_gcc.h ****   \brief   Set Stack Pointer (non-secure)
 434:Drivers/CMSIS/Include/cmsis_gcc.h ****   \details Assigns the given value to the non-secure Stack Pointer (SP) when in secure state.
 435:Drivers/CMSIS/Include/cmsis_gcc.h ****   \param [in]    topOfStack  Stack Pointer value to set
 436:Drivers/CMSIS/Include/cmsis_gcc.h ****  */
 437:Drivers/CMSIS/Include/cmsis_gcc.h **** __STATIC_FORCEINLINE void __TZ_set_SP_NS(uint32_t topOfStack)
 438:Drivers/CMSIS/Include/cmsis_gcc.h **** {
 439:Drivers/CMSIS/Include/cmsis_gcc.h ****   __ASM volatile ("MSR sp_ns, %0" : : "r" (topOfStack) : );
 440:Drivers/CMSIS/Include/cmsis_gcc.h **** }
 441:Drivers/CMSIS/Include/cmsis_gcc.h **** #endif
 442:Drivers/CMSIS/Include/cmsis_gcc.h **** 
 443:Drivers/CMSIS/Include/cmsis_gcc.h **** 
 444:Drivers/CMSIS/Include/cmsis_gcc.h **** /**
 445:Drivers/CMSIS/Include/cmsis_gcc.h ****   \brief   Get Priority Mask
 446:Drivers/CMSIS/Include/cmsis_gcc.h ****   \details Returns the current state of the priority mask bit from the Priority Mask Register.
 447:Drivers/CMSIS/Include/cmsis_gcc.h ****   \return               Priority Mask value
 448:Drivers/CMSIS/Include/cmsis_gcc.h ****  */
 449:Drivers/CMSIS/Include/cmsis_gcc.h **** __STATIC_FORCEINLINE uint32_t __get_PRIMASK(void)
 450:Drivers/CMSIS/Include/cmsis_gcc.h **** {
 451:Drivers/CMSIS/Include/cmsis_gcc.h ****   uint32_t result;
 452:Drivers/CMSIS/Include/cmsis_gcc.h **** 
 453:Drivers/CMSIS/Include/cmsis_gcc.h ****   __ASM volatile ("MRS %0, primask" : "=r" (result) :: "memory");
 454:Drivers/CMSIS/Include/cmsis_gcc.h ****   return(result);
 455:Drivers/CMSIS/Include/cmsis_gcc.h **** }
 456:Drivers/CMSIS/Include/cmsis_gcc.h **** 
 457:Drivers/CMSIS/Include/cmsis_gcc.h **** 
 458:Drivers/CMSIS/Include/cmsis_gcc.h **** #if (defined (__ARM_FEATURE_CMSE ) && (__ARM_FEATURE_CMSE == 3))
 459:Drivers/CMSIS/Include/cmsis_gcc.h **** /**
 460:Drivers/CMSIS/Include/cmsis_gcc.h ****   \brief   Get Priority Mask (non-secure)
 461:Drivers/CMSIS/Include/cmsis_gcc.h ****   \details Returns the current state of the non-secure priority mask bit from the Priority Mask Reg
 462:Drivers/CMSIS/Include/cmsis_gcc.h ****   \return               Priority Mask value
 463:Drivers/CMSIS/Include/cmsis_gcc.h ****  */
 464:Drivers/CMSIS/Include/cmsis_gcc.h **** __STATIC_FORCEINLINE uint32_t __TZ_get_PRIMASK_NS(void)
 465:Drivers/CMSIS/Include/cmsis_gcc.h **** {
 466:Drivers/CMSIS/Include/cmsis_gcc.h ****   uint32_t result;
 467:Drivers/CMSIS/Include/cmsis_gcc.h **** 
 468:Drivers/CMSIS/Include/cmsis_gcc.h ****   __ASM volatile ("MRS %0, primask_ns" : "=r" (result) :: "memory");
 469:Drivers/CMSIS/Include/cmsis_gcc.h ****   return(result);
 470:Drivers/CMSIS/Include/cmsis_gcc.h **** }
 471:Drivers/CMSIS/Include/cmsis_gcc.h **** #endif
 472:Drivers/CMSIS/Include/cmsis_gcc.h **** 
 473:Drivers/CMSIS/Include/cmsis_gcc.h **** 
 474:Drivers/CMSIS/Include/cmsis_gcc.h **** /**
 475:Drivers/CMSIS/Include/cmsis_gcc.h ****   \brief   Set Priority Mask
 476:Drivers/CMSIS/Include/cmsis_gcc.h ****   \details Assigns the given value to the Priority Mask Register.
 477:Drivers/CMSIS/Include/cmsis_gcc.h ****   \param [in]    priMask  Priority Mask
 478:Drivers/CMSIS/Include/cmsis_gcc.h ****  */
 479:Drivers/CMSIS/Include/cmsis_gcc.h **** __STATIC_FORCEINLINE void __set_PRIMASK(uint32_t priMask)
 480:Drivers/CMSIS/Include/cmsis_gcc.h **** {
 481:Drivers/CMSIS/Include/cmsis_gcc.h ****   __ASM volatile ("MSR primask, %0" : : "r" (priMask) : "memory");
 482:Drivers/CMSIS/Include/cmsis_gcc.h **** }
 483:Drivers/CMSIS/Include/cmsis_gcc.h **** 
 484:Drivers/CMSIS/Include/cmsis_gcc.h **** 
 485:Drivers/CMSIS/Include/cmsis_gcc.h **** #if (defined (__ARM_FEATURE_CMSE ) && (__ARM_FEATURE_CMSE == 3))
 486:Drivers/CMSIS/Include/cmsis_gcc.h **** /**
 487:Drivers/CMSIS/Include/cmsis_gcc.h ****   \brief   Set Priority Mask (non-secure)
 488:Drivers/CMSIS/Include/cmsis_gcc.h ****   \details Assigns the given value to the non-secure Priority Mask Register when in secure state.
ARM GAS   			page 59


 489:Drivers/CMSIS/Include/cmsis_gcc.h ****   \param [in]    priMask  Priority Mask
 490:Drivers/CMSIS/Include/cmsis_gcc.h ****  */
 491:Drivers/CMSIS/Include/cmsis_gcc.h **** __STATIC_FORCEINLINE void __TZ_set_PRIMASK_NS(uint32_t priMask)
 492:Drivers/CMSIS/Include/cmsis_gcc.h **** {
 493:Drivers/CMSIS/Include/cmsis_gcc.h ****   __ASM volatile ("MSR primask_ns, %0" : : "r" (priMask) : "memory");
 494:Drivers/CMSIS/Include/cmsis_gcc.h **** }
 495:Drivers/CMSIS/Include/cmsis_gcc.h **** #endif
 496:Drivers/CMSIS/Include/cmsis_gcc.h **** 
 497:Drivers/CMSIS/Include/cmsis_gcc.h **** 
 498:Drivers/CMSIS/Include/cmsis_gcc.h **** #if ((defined (__ARM_ARCH_7M__      ) && (__ARM_ARCH_7M__      == 1)) || \
 499:Drivers/CMSIS/Include/cmsis_gcc.h ****      (defined (__ARM_ARCH_7EM__     ) && (__ARM_ARCH_7EM__     == 1)) || \
 500:Drivers/CMSIS/Include/cmsis_gcc.h ****      (defined (__ARM_ARCH_8M_MAIN__ ) && (__ARM_ARCH_8M_MAIN__ == 1))    )
 501:Drivers/CMSIS/Include/cmsis_gcc.h **** /**
 502:Drivers/CMSIS/Include/cmsis_gcc.h ****   \brief   Enable FIQ
 503:Drivers/CMSIS/Include/cmsis_gcc.h ****   \details Enables FIQ interrupts by clearing the F-bit in the CPSR.
 504:Drivers/CMSIS/Include/cmsis_gcc.h ****            Can only be executed in Privileged modes.
 505:Drivers/CMSIS/Include/cmsis_gcc.h ****  */
 506:Drivers/CMSIS/Include/cmsis_gcc.h **** __STATIC_FORCEINLINE void __enable_fault_irq(void)
 507:Drivers/CMSIS/Include/cmsis_gcc.h **** {
 508:Drivers/CMSIS/Include/cmsis_gcc.h ****   __ASM volatile ("cpsie f" : : : "memory");
 509:Drivers/CMSIS/Include/cmsis_gcc.h **** }
 510:Drivers/CMSIS/Include/cmsis_gcc.h **** 
 511:Drivers/CMSIS/Include/cmsis_gcc.h **** 
 512:Drivers/CMSIS/Include/cmsis_gcc.h **** /**
 513:Drivers/CMSIS/Include/cmsis_gcc.h ****   \brief   Disable FIQ
 514:Drivers/CMSIS/Include/cmsis_gcc.h ****   \details Disables FIQ interrupts by setting the F-bit in the CPSR.
 515:Drivers/CMSIS/Include/cmsis_gcc.h ****            Can only be executed in Privileged modes.
 516:Drivers/CMSIS/Include/cmsis_gcc.h ****  */
 517:Drivers/CMSIS/Include/cmsis_gcc.h **** __STATIC_FORCEINLINE void __disable_fault_irq(void)
 518:Drivers/CMSIS/Include/cmsis_gcc.h **** {
 519:Drivers/CMSIS/Include/cmsis_gcc.h ****   __ASM volatile ("cpsid f" : : : "memory");
 520:Drivers/CMSIS/Include/cmsis_gcc.h **** }
 521:Drivers/CMSIS/Include/cmsis_gcc.h **** 
 522:Drivers/CMSIS/Include/cmsis_gcc.h **** 
 523:Drivers/CMSIS/Include/cmsis_gcc.h **** /**
 524:Drivers/CMSIS/Include/cmsis_gcc.h ****   \brief   Get Base Priority
 525:Drivers/CMSIS/Include/cmsis_gcc.h ****   \details Returns the current value of the Base Priority register.
 526:Drivers/CMSIS/Include/cmsis_gcc.h ****   \return               Base Priority register value
 527:Drivers/CMSIS/Include/cmsis_gcc.h ****  */
 528:Drivers/CMSIS/Include/cmsis_gcc.h **** __STATIC_FORCEINLINE uint32_t __get_BASEPRI(void)
 529:Drivers/CMSIS/Include/cmsis_gcc.h **** {
 530:Drivers/CMSIS/Include/cmsis_gcc.h ****   uint32_t result;
 531:Drivers/CMSIS/Include/cmsis_gcc.h **** 
 532:Drivers/CMSIS/Include/cmsis_gcc.h ****   __ASM volatile ("MRS %0, basepri" : "=r" (result) );
 533:Drivers/CMSIS/Include/cmsis_gcc.h ****   return(result);
 534:Drivers/CMSIS/Include/cmsis_gcc.h **** }
 535:Drivers/CMSIS/Include/cmsis_gcc.h **** 
 536:Drivers/CMSIS/Include/cmsis_gcc.h **** 
 537:Drivers/CMSIS/Include/cmsis_gcc.h **** #if (defined (__ARM_FEATURE_CMSE ) && (__ARM_FEATURE_CMSE == 3))
 538:Drivers/CMSIS/Include/cmsis_gcc.h **** /**
 539:Drivers/CMSIS/Include/cmsis_gcc.h ****   \brief   Get Base Priority (non-secure)
 540:Drivers/CMSIS/Include/cmsis_gcc.h ****   \details Returns the current value of the non-secure Base Priority register when in secure state.
 541:Drivers/CMSIS/Include/cmsis_gcc.h ****   \return               Base Priority register value
 542:Drivers/CMSIS/Include/cmsis_gcc.h ****  */
 543:Drivers/CMSIS/Include/cmsis_gcc.h **** __STATIC_FORCEINLINE uint32_t __TZ_get_BASEPRI_NS(void)
 544:Drivers/CMSIS/Include/cmsis_gcc.h **** {
 545:Drivers/CMSIS/Include/cmsis_gcc.h ****   uint32_t result;
ARM GAS   			page 60


 546:Drivers/CMSIS/Include/cmsis_gcc.h **** 
 547:Drivers/CMSIS/Include/cmsis_gcc.h ****   __ASM volatile ("MRS %0, basepri_ns" : "=r" (result) );
 548:Drivers/CMSIS/Include/cmsis_gcc.h ****   return(result);
 549:Drivers/CMSIS/Include/cmsis_gcc.h **** }
 550:Drivers/CMSIS/Include/cmsis_gcc.h **** #endif
 551:Drivers/CMSIS/Include/cmsis_gcc.h **** 
 552:Drivers/CMSIS/Include/cmsis_gcc.h **** 
 553:Drivers/CMSIS/Include/cmsis_gcc.h **** /**
 554:Drivers/CMSIS/Include/cmsis_gcc.h ****   \brief   Set Base Priority
 555:Drivers/CMSIS/Include/cmsis_gcc.h ****   \details Assigns the given value to the Base Priority register.
 556:Drivers/CMSIS/Include/cmsis_gcc.h ****   \param [in]    basePri  Base Priority value to set
 557:Drivers/CMSIS/Include/cmsis_gcc.h ****  */
 558:Drivers/CMSIS/Include/cmsis_gcc.h **** __STATIC_FORCEINLINE void __set_BASEPRI(uint32_t basePri)
 559:Drivers/CMSIS/Include/cmsis_gcc.h **** {
 560:Drivers/CMSIS/Include/cmsis_gcc.h ****   __ASM volatile ("MSR basepri, %0" : : "r" (basePri) : "memory");
 561:Drivers/CMSIS/Include/cmsis_gcc.h **** }
 562:Drivers/CMSIS/Include/cmsis_gcc.h **** 
 563:Drivers/CMSIS/Include/cmsis_gcc.h **** 
 564:Drivers/CMSIS/Include/cmsis_gcc.h **** #if (defined (__ARM_FEATURE_CMSE ) && (__ARM_FEATURE_CMSE == 3))
 565:Drivers/CMSIS/Include/cmsis_gcc.h **** /**
 566:Drivers/CMSIS/Include/cmsis_gcc.h ****   \brief   Set Base Priority (non-secure)
 567:Drivers/CMSIS/Include/cmsis_gcc.h ****   \details Assigns the given value to the non-secure Base Priority register when in secure state.
 568:Drivers/CMSIS/Include/cmsis_gcc.h ****   \param [in]    basePri  Base Priority value to set
 569:Drivers/CMSIS/Include/cmsis_gcc.h ****  */
 570:Drivers/CMSIS/Include/cmsis_gcc.h **** __STATIC_FORCEINLINE void __TZ_set_BASEPRI_NS(uint32_t basePri)
 571:Drivers/CMSIS/Include/cmsis_gcc.h **** {
 572:Drivers/CMSIS/Include/cmsis_gcc.h ****   __ASM volatile ("MSR basepri_ns, %0" : : "r" (basePri) : "memory");
 573:Drivers/CMSIS/Include/cmsis_gcc.h **** }
 574:Drivers/CMSIS/Include/cmsis_gcc.h **** #endif
 575:Drivers/CMSIS/Include/cmsis_gcc.h **** 
 576:Drivers/CMSIS/Include/cmsis_gcc.h **** 
 577:Drivers/CMSIS/Include/cmsis_gcc.h **** /**
 578:Drivers/CMSIS/Include/cmsis_gcc.h ****   \brief   Set Base Priority with condition
 579:Drivers/CMSIS/Include/cmsis_gcc.h ****   \details Assigns the given value to the Base Priority register only if BASEPRI masking is disable
 580:Drivers/CMSIS/Include/cmsis_gcc.h ****            or the new value increases the BASEPRI priority level.
 581:Drivers/CMSIS/Include/cmsis_gcc.h ****   \param [in]    basePri  Base Priority value to set
 582:Drivers/CMSIS/Include/cmsis_gcc.h ****  */
 583:Drivers/CMSIS/Include/cmsis_gcc.h **** __STATIC_FORCEINLINE void __set_BASEPRI_MAX(uint32_t basePri)
 584:Drivers/CMSIS/Include/cmsis_gcc.h **** {
 585:Drivers/CMSIS/Include/cmsis_gcc.h ****   __ASM volatile ("MSR basepri_max, %0" : : "r" (basePri) : "memory");
 586:Drivers/CMSIS/Include/cmsis_gcc.h **** }
 587:Drivers/CMSIS/Include/cmsis_gcc.h **** 
 588:Drivers/CMSIS/Include/cmsis_gcc.h **** 
 589:Drivers/CMSIS/Include/cmsis_gcc.h **** /**
 590:Drivers/CMSIS/Include/cmsis_gcc.h ****   \brief   Get Fault Mask
 591:Drivers/CMSIS/Include/cmsis_gcc.h ****   \details Returns the current value of the Fault Mask register.
 592:Drivers/CMSIS/Include/cmsis_gcc.h ****   \return               Fault Mask register value
 593:Drivers/CMSIS/Include/cmsis_gcc.h ****  */
 594:Drivers/CMSIS/Include/cmsis_gcc.h **** __STATIC_FORCEINLINE uint32_t __get_FAULTMASK(void)
 595:Drivers/CMSIS/Include/cmsis_gcc.h **** {
 596:Drivers/CMSIS/Include/cmsis_gcc.h ****   uint32_t result;
 597:Drivers/CMSIS/Include/cmsis_gcc.h **** 
 598:Drivers/CMSIS/Include/cmsis_gcc.h ****   __ASM volatile ("MRS %0, faultmask" : "=r" (result) );
 599:Drivers/CMSIS/Include/cmsis_gcc.h ****   return(result);
 600:Drivers/CMSIS/Include/cmsis_gcc.h **** }
 601:Drivers/CMSIS/Include/cmsis_gcc.h **** 
 602:Drivers/CMSIS/Include/cmsis_gcc.h **** 
ARM GAS   			page 61


 603:Drivers/CMSIS/Include/cmsis_gcc.h **** #if (defined (__ARM_FEATURE_CMSE ) && (__ARM_FEATURE_CMSE == 3))
 604:Drivers/CMSIS/Include/cmsis_gcc.h **** /**
 605:Drivers/CMSIS/Include/cmsis_gcc.h ****   \brief   Get Fault Mask (non-secure)
 606:Drivers/CMSIS/Include/cmsis_gcc.h ****   \details Returns the current value of the non-secure Fault Mask register when in secure state.
 607:Drivers/CMSIS/Include/cmsis_gcc.h ****   \return               Fault Mask register value
 608:Drivers/CMSIS/Include/cmsis_gcc.h ****  */
 609:Drivers/CMSIS/Include/cmsis_gcc.h **** __STATIC_FORCEINLINE uint32_t __TZ_get_FAULTMASK_NS(void)
 610:Drivers/CMSIS/Include/cmsis_gcc.h **** {
 611:Drivers/CMSIS/Include/cmsis_gcc.h ****   uint32_t result;
 612:Drivers/CMSIS/Include/cmsis_gcc.h **** 
 613:Drivers/CMSIS/Include/cmsis_gcc.h ****   __ASM volatile ("MRS %0, faultmask_ns" : "=r" (result) );
 614:Drivers/CMSIS/Include/cmsis_gcc.h ****   return(result);
 615:Drivers/CMSIS/Include/cmsis_gcc.h **** }
 616:Drivers/CMSIS/Include/cmsis_gcc.h **** #endif
 617:Drivers/CMSIS/Include/cmsis_gcc.h **** 
 618:Drivers/CMSIS/Include/cmsis_gcc.h **** 
 619:Drivers/CMSIS/Include/cmsis_gcc.h **** /**
 620:Drivers/CMSIS/Include/cmsis_gcc.h ****   \brief   Set Fault Mask
 621:Drivers/CMSIS/Include/cmsis_gcc.h ****   \details Assigns the given value to the Fault Mask register.
 622:Drivers/CMSIS/Include/cmsis_gcc.h ****   \param [in]    faultMask  Fault Mask value to set
 623:Drivers/CMSIS/Include/cmsis_gcc.h ****  */
 624:Drivers/CMSIS/Include/cmsis_gcc.h **** __STATIC_FORCEINLINE void __set_FAULTMASK(uint32_t faultMask)
 625:Drivers/CMSIS/Include/cmsis_gcc.h **** {
 626:Drivers/CMSIS/Include/cmsis_gcc.h ****   __ASM volatile ("MSR faultmask, %0" : : "r" (faultMask) : "memory");
 627:Drivers/CMSIS/Include/cmsis_gcc.h **** }
 628:Drivers/CMSIS/Include/cmsis_gcc.h **** 
 629:Drivers/CMSIS/Include/cmsis_gcc.h **** 
 630:Drivers/CMSIS/Include/cmsis_gcc.h **** #if (defined (__ARM_FEATURE_CMSE ) && (__ARM_FEATURE_CMSE == 3))
 631:Drivers/CMSIS/Include/cmsis_gcc.h **** /**
 632:Drivers/CMSIS/Include/cmsis_gcc.h ****   \brief   Set Fault Mask (non-secure)
 633:Drivers/CMSIS/Include/cmsis_gcc.h ****   \details Assigns the given value to the non-secure Fault Mask register when in secure state.
 634:Drivers/CMSIS/Include/cmsis_gcc.h ****   \param [in]    faultMask  Fault Mask value to set
 635:Drivers/CMSIS/Include/cmsis_gcc.h ****  */
 636:Drivers/CMSIS/Include/cmsis_gcc.h **** __STATIC_FORCEINLINE void __TZ_set_FAULTMASK_NS(uint32_t faultMask)
 637:Drivers/CMSIS/Include/cmsis_gcc.h **** {
 638:Drivers/CMSIS/Include/cmsis_gcc.h ****   __ASM volatile ("MSR faultmask_ns, %0" : : "r" (faultMask) : "memory");
 639:Drivers/CMSIS/Include/cmsis_gcc.h **** }
 640:Drivers/CMSIS/Include/cmsis_gcc.h **** #endif
 641:Drivers/CMSIS/Include/cmsis_gcc.h **** 
 642:Drivers/CMSIS/Include/cmsis_gcc.h **** #endif /* ((defined (__ARM_ARCH_7M__      ) && (__ARM_ARCH_7M__      == 1)) || \
 643:Drivers/CMSIS/Include/cmsis_gcc.h ****            (defined (__ARM_ARCH_7EM__     ) && (__ARM_ARCH_7EM__     == 1)) || \
 644:Drivers/CMSIS/Include/cmsis_gcc.h ****            (defined (__ARM_ARCH_8M_MAIN__ ) && (__ARM_ARCH_8M_MAIN__ == 1))    ) */
 645:Drivers/CMSIS/Include/cmsis_gcc.h **** 
 646:Drivers/CMSIS/Include/cmsis_gcc.h **** 
 647:Drivers/CMSIS/Include/cmsis_gcc.h **** #if ((defined (__ARM_ARCH_8M_MAIN__ ) && (__ARM_ARCH_8M_MAIN__ == 1)) || \
 648:Drivers/CMSIS/Include/cmsis_gcc.h ****      (defined (__ARM_ARCH_8M_BASE__ ) && (__ARM_ARCH_8M_BASE__ == 1))    )
 649:Drivers/CMSIS/Include/cmsis_gcc.h **** 
 650:Drivers/CMSIS/Include/cmsis_gcc.h **** /**
 651:Drivers/CMSIS/Include/cmsis_gcc.h ****   \brief   Get Process Stack Pointer Limit
 652:Drivers/CMSIS/Include/cmsis_gcc.h ****   Devices without ARMv8-M Main Extensions (i.e. Cortex-M23) lack the non-secure
 653:Drivers/CMSIS/Include/cmsis_gcc.h ****   Stack Pointer Limit register hence zero is returned always in non-secure
 654:Drivers/CMSIS/Include/cmsis_gcc.h ****   mode.
 655:Drivers/CMSIS/Include/cmsis_gcc.h ****   
 656:Drivers/CMSIS/Include/cmsis_gcc.h ****   \details Returns the current value of the Process Stack Pointer Limit (PSPLIM).
 657:Drivers/CMSIS/Include/cmsis_gcc.h ****   \return               PSPLIM Register value
 658:Drivers/CMSIS/Include/cmsis_gcc.h ****  */
 659:Drivers/CMSIS/Include/cmsis_gcc.h **** __STATIC_FORCEINLINE uint32_t __get_PSPLIM(void)
ARM GAS   			page 62


 660:Drivers/CMSIS/Include/cmsis_gcc.h **** {
 661:Drivers/CMSIS/Include/cmsis_gcc.h **** #if (!(defined (__ARM_ARCH_8M_MAIN__ ) && (__ARM_ARCH_8M_MAIN__ == 1)) && \
 662:Drivers/CMSIS/Include/cmsis_gcc.h ****     (!defined (__ARM_FEATURE_CMSE) || (__ARM_FEATURE_CMSE < 3)))
 663:Drivers/CMSIS/Include/cmsis_gcc.h ****     // without main extensions, the non-secure PSPLIM is RAZ/WI
 664:Drivers/CMSIS/Include/cmsis_gcc.h ****   return 0U;
 665:Drivers/CMSIS/Include/cmsis_gcc.h **** #else
 666:Drivers/CMSIS/Include/cmsis_gcc.h ****   uint32_t result;
 667:Drivers/CMSIS/Include/cmsis_gcc.h ****   __ASM volatile ("MRS %0, psplim"  : "=r" (result) );
 668:Drivers/CMSIS/Include/cmsis_gcc.h ****   return result;
 669:Drivers/CMSIS/Include/cmsis_gcc.h **** #endif
 670:Drivers/CMSIS/Include/cmsis_gcc.h **** }
 671:Drivers/CMSIS/Include/cmsis_gcc.h **** 
 672:Drivers/CMSIS/Include/cmsis_gcc.h **** #if (defined (__ARM_FEATURE_CMSE) && (__ARM_FEATURE_CMSE == 3))
 673:Drivers/CMSIS/Include/cmsis_gcc.h **** /**
 674:Drivers/CMSIS/Include/cmsis_gcc.h ****   \brief   Get Process Stack Pointer Limit (non-secure)
 675:Drivers/CMSIS/Include/cmsis_gcc.h ****   Devices without ARMv8-M Main Extensions (i.e. Cortex-M23) lack the non-secure
 676:Drivers/CMSIS/Include/cmsis_gcc.h ****   Stack Pointer Limit register hence zero is returned always.
 677:Drivers/CMSIS/Include/cmsis_gcc.h **** 
 678:Drivers/CMSIS/Include/cmsis_gcc.h ****   \details Returns the current value of the non-secure Process Stack Pointer Limit (PSPLIM) when in
 679:Drivers/CMSIS/Include/cmsis_gcc.h ****   \return               PSPLIM Register value
 680:Drivers/CMSIS/Include/cmsis_gcc.h ****  */
 681:Drivers/CMSIS/Include/cmsis_gcc.h **** __STATIC_FORCEINLINE uint32_t __TZ_get_PSPLIM_NS(void)
 682:Drivers/CMSIS/Include/cmsis_gcc.h **** {
 683:Drivers/CMSIS/Include/cmsis_gcc.h **** #if (!(defined (__ARM_ARCH_8M_MAIN__ ) && (__ARM_ARCH_8M_MAIN__ == 1)))
 684:Drivers/CMSIS/Include/cmsis_gcc.h ****   // without main extensions, the non-secure PSPLIM is RAZ/WI
 685:Drivers/CMSIS/Include/cmsis_gcc.h ****   return 0U;
 686:Drivers/CMSIS/Include/cmsis_gcc.h **** #else
 687:Drivers/CMSIS/Include/cmsis_gcc.h ****   uint32_t result;
 688:Drivers/CMSIS/Include/cmsis_gcc.h ****   __ASM volatile ("MRS %0, psplim_ns"  : "=r" (result) );
 689:Drivers/CMSIS/Include/cmsis_gcc.h ****   return result;
 690:Drivers/CMSIS/Include/cmsis_gcc.h **** #endif
 691:Drivers/CMSIS/Include/cmsis_gcc.h **** }
 692:Drivers/CMSIS/Include/cmsis_gcc.h **** #endif
 693:Drivers/CMSIS/Include/cmsis_gcc.h **** 
 694:Drivers/CMSIS/Include/cmsis_gcc.h **** 
 695:Drivers/CMSIS/Include/cmsis_gcc.h **** /**
 696:Drivers/CMSIS/Include/cmsis_gcc.h ****   \brief   Set Process Stack Pointer Limit
 697:Drivers/CMSIS/Include/cmsis_gcc.h ****   Devices without ARMv8-M Main Extensions (i.e. Cortex-M23) lack the non-secure
 698:Drivers/CMSIS/Include/cmsis_gcc.h ****   Stack Pointer Limit register hence the write is silently ignored in non-secure
 699:Drivers/CMSIS/Include/cmsis_gcc.h ****   mode.
 700:Drivers/CMSIS/Include/cmsis_gcc.h ****   
 701:Drivers/CMSIS/Include/cmsis_gcc.h ****   \details Assigns the given value to the Process Stack Pointer Limit (PSPLIM).
 702:Drivers/CMSIS/Include/cmsis_gcc.h ****   \param [in]    ProcStackPtrLimit  Process Stack Pointer Limit value to set
 703:Drivers/CMSIS/Include/cmsis_gcc.h ****  */
 704:Drivers/CMSIS/Include/cmsis_gcc.h **** __STATIC_FORCEINLINE void __set_PSPLIM(uint32_t ProcStackPtrLimit)
 705:Drivers/CMSIS/Include/cmsis_gcc.h **** {
 706:Drivers/CMSIS/Include/cmsis_gcc.h **** #if (!(defined (__ARM_ARCH_8M_MAIN__ ) && (__ARM_ARCH_8M_MAIN__ == 1)) && \
 707:Drivers/CMSIS/Include/cmsis_gcc.h ****     (!defined (__ARM_FEATURE_CMSE) || (__ARM_FEATURE_CMSE < 3)))
 708:Drivers/CMSIS/Include/cmsis_gcc.h ****   // without main extensions, the non-secure PSPLIM is RAZ/WI
 709:Drivers/CMSIS/Include/cmsis_gcc.h ****   (void)ProcStackPtrLimit;
 710:Drivers/CMSIS/Include/cmsis_gcc.h **** #else
 711:Drivers/CMSIS/Include/cmsis_gcc.h ****   __ASM volatile ("MSR psplim, %0" : : "r" (ProcStackPtrLimit));
 712:Drivers/CMSIS/Include/cmsis_gcc.h **** #endif
 713:Drivers/CMSIS/Include/cmsis_gcc.h **** }
 714:Drivers/CMSIS/Include/cmsis_gcc.h **** 
 715:Drivers/CMSIS/Include/cmsis_gcc.h **** 
 716:Drivers/CMSIS/Include/cmsis_gcc.h **** #if (defined (__ARM_FEATURE_CMSE  ) && (__ARM_FEATURE_CMSE   == 3))
ARM GAS   			page 63


 717:Drivers/CMSIS/Include/cmsis_gcc.h **** /**
 718:Drivers/CMSIS/Include/cmsis_gcc.h ****   \brief   Set Process Stack Pointer (non-secure)
 719:Drivers/CMSIS/Include/cmsis_gcc.h ****   Devices without ARMv8-M Main Extensions (i.e. Cortex-M23) lack the non-secure
 720:Drivers/CMSIS/Include/cmsis_gcc.h ****   Stack Pointer Limit register hence the write is silently ignored.
 721:Drivers/CMSIS/Include/cmsis_gcc.h **** 
 722:Drivers/CMSIS/Include/cmsis_gcc.h ****   \details Assigns the given value to the non-secure Process Stack Pointer Limit (PSPLIM) when in s
 723:Drivers/CMSIS/Include/cmsis_gcc.h ****   \param [in]    ProcStackPtrLimit  Process Stack Pointer Limit value to set
 724:Drivers/CMSIS/Include/cmsis_gcc.h ****  */
 725:Drivers/CMSIS/Include/cmsis_gcc.h **** __STATIC_FORCEINLINE void __TZ_set_PSPLIM_NS(uint32_t ProcStackPtrLimit)
 726:Drivers/CMSIS/Include/cmsis_gcc.h **** {
 727:Drivers/CMSIS/Include/cmsis_gcc.h **** #if (!(defined (__ARM_ARCH_8M_MAIN__ ) && (__ARM_ARCH_8M_MAIN__ == 1)))
 728:Drivers/CMSIS/Include/cmsis_gcc.h ****   // without main extensions, the non-secure PSPLIM is RAZ/WI
 729:Drivers/CMSIS/Include/cmsis_gcc.h ****   (void)ProcStackPtrLimit;
 730:Drivers/CMSIS/Include/cmsis_gcc.h **** #else
 731:Drivers/CMSIS/Include/cmsis_gcc.h ****   __ASM volatile ("MSR psplim_ns, %0\n" : : "r" (ProcStackPtrLimit));
 732:Drivers/CMSIS/Include/cmsis_gcc.h **** #endif
 733:Drivers/CMSIS/Include/cmsis_gcc.h **** }
 734:Drivers/CMSIS/Include/cmsis_gcc.h **** #endif
 735:Drivers/CMSIS/Include/cmsis_gcc.h **** 
 736:Drivers/CMSIS/Include/cmsis_gcc.h **** 
 737:Drivers/CMSIS/Include/cmsis_gcc.h **** /**
 738:Drivers/CMSIS/Include/cmsis_gcc.h ****   \brief   Get Main Stack Pointer Limit
 739:Drivers/CMSIS/Include/cmsis_gcc.h ****   Devices without ARMv8-M Main Extensions (i.e. Cortex-M23) lack the non-secure
 740:Drivers/CMSIS/Include/cmsis_gcc.h ****   Stack Pointer Limit register hence zero is returned always in non-secure
 741:Drivers/CMSIS/Include/cmsis_gcc.h ****   mode.
 742:Drivers/CMSIS/Include/cmsis_gcc.h **** 
 743:Drivers/CMSIS/Include/cmsis_gcc.h ****   \details Returns the current value of the Main Stack Pointer Limit (MSPLIM).
 744:Drivers/CMSIS/Include/cmsis_gcc.h ****   \return               MSPLIM Register value
 745:Drivers/CMSIS/Include/cmsis_gcc.h ****  */
 746:Drivers/CMSIS/Include/cmsis_gcc.h **** __STATIC_FORCEINLINE uint32_t __get_MSPLIM(void)
 747:Drivers/CMSIS/Include/cmsis_gcc.h **** {
 748:Drivers/CMSIS/Include/cmsis_gcc.h **** #if (!(defined (__ARM_ARCH_8M_MAIN__ ) && (__ARM_ARCH_8M_MAIN__ == 1)) && \
 749:Drivers/CMSIS/Include/cmsis_gcc.h ****     (!defined (__ARM_FEATURE_CMSE) || (__ARM_FEATURE_CMSE < 3)))
 750:Drivers/CMSIS/Include/cmsis_gcc.h ****   // without main extensions, the non-secure MSPLIM is RAZ/WI
 751:Drivers/CMSIS/Include/cmsis_gcc.h ****   return 0U;
 752:Drivers/CMSIS/Include/cmsis_gcc.h **** #else
 753:Drivers/CMSIS/Include/cmsis_gcc.h ****   uint32_t result;
 754:Drivers/CMSIS/Include/cmsis_gcc.h ****   __ASM volatile ("MRS %0, msplim" : "=r" (result) );
 755:Drivers/CMSIS/Include/cmsis_gcc.h ****   return result;
 756:Drivers/CMSIS/Include/cmsis_gcc.h **** #endif
 757:Drivers/CMSIS/Include/cmsis_gcc.h **** }
 758:Drivers/CMSIS/Include/cmsis_gcc.h **** 
 759:Drivers/CMSIS/Include/cmsis_gcc.h **** 
 760:Drivers/CMSIS/Include/cmsis_gcc.h **** #if (defined (__ARM_FEATURE_CMSE  ) && (__ARM_FEATURE_CMSE   == 3))
 761:Drivers/CMSIS/Include/cmsis_gcc.h **** /**
 762:Drivers/CMSIS/Include/cmsis_gcc.h ****   \brief   Get Main Stack Pointer Limit (non-secure)
 763:Drivers/CMSIS/Include/cmsis_gcc.h ****   Devices without ARMv8-M Main Extensions (i.e. Cortex-M23) lack the non-secure
 764:Drivers/CMSIS/Include/cmsis_gcc.h ****   Stack Pointer Limit register hence zero is returned always.
 765:Drivers/CMSIS/Include/cmsis_gcc.h **** 
 766:Drivers/CMSIS/Include/cmsis_gcc.h ****   \details Returns the current value of the non-secure Main Stack Pointer Limit(MSPLIM) when in sec
 767:Drivers/CMSIS/Include/cmsis_gcc.h ****   \return               MSPLIM Register value
 768:Drivers/CMSIS/Include/cmsis_gcc.h ****  */
 769:Drivers/CMSIS/Include/cmsis_gcc.h **** __STATIC_FORCEINLINE uint32_t __TZ_get_MSPLIM_NS(void)
 770:Drivers/CMSIS/Include/cmsis_gcc.h **** {
 771:Drivers/CMSIS/Include/cmsis_gcc.h **** #if (!(defined (__ARM_ARCH_8M_MAIN__ ) && (__ARM_ARCH_8M_MAIN__ == 1)))
 772:Drivers/CMSIS/Include/cmsis_gcc.h ****   // without main extensions, the non-secure MSPLIM is RAZ/WI
 773:Drivers/CMSIS/Include/cmsis_gcc.h ****   return 0U;
ARM GAS   			page 64


 774:Drivers/CMSIS/Include/cmsis_gcc.h **** #else
 775:Drivers/CMSIS/Include/cmsis_gcc.h ****   uint32_t result;
 776:Drivers/CMSIS/Include/cmsis_gcc.h ****   __ASM volatile ("MRS %0, msplim_ns" : "=r" (result) );
 777:Drivers/CMSIS/Include/cmsis_gcc.h ****   return result;
 778:Drivers/CMSIS/Include/cmsis_gcc.h **** #endif
 779:Drivers/CMSIS/Include/cmsis_gcc.h **** }
 780:Drivers/CMSIS/Include/cmsis_gcc.h **** #endif
 781:Drivers/CMSIS/Include/cmsis_gcc.h **** 
 782:Drivers/CMSIS/Include/cmsis_gcc.h **** 
 783:Drivers/CMSIS/Include/cmsis_gcc.h **** /**
 784:Drivers/CMSIS/Include/cmsis_gcc.h ****   \brief   Set Main Stack Pointer Limit
 785:Drivers/CMSIS/Include/cmsis_gcc.h ****   Devices without ARMv8-M Main Extensions (i.e. Cortex-M23) lack the non-secure
 786:Drivers/CMSIS/Include/cmsis_gcc.h ****   Stack Pointer Limit register hence the write is silently ignored in non-secure
 787:Drivers/CMSIS/Include/cmsis_gcc.h ****   mode.
 788:Drivers/CMSIS/Include/cmsis_gcc.h **** 
 789:Drivers/CMSIS/Include/cmsis_gcc.h ****   \details Assigns the given value to the Main Stack Pointer Limit (MSPLIM).
 790:Drivers/CMSIS/Include/cmsis_gcc.h ****   \param [in]    MainStackPtrLimit  Main Stack Pointer Limit value to set
 791:Drivers/CMSIS/Include/cmsis_gcc.h ****  */
 792:Drivers/CMSIS/Include/cmsis_gcc.h **** __STATIC_FORCEINLINE void __set_MSPLIM(uint32_t MainStackPtrLimit)
 793:Drivers/CMSIS/Include/cmsis_gcc.h **** {
 794:Drivers/CMSIS/Include/cmsis_gcc.h **** #if (!(defined (__ARM_ARCH_8M_MAIN__ ) && (__ARM_ARCH_8M_MAIN__ == 1)) && \
 795:Drivers/CMSIS/Include/cmsis_gcc.h ****     (!defined (__ARM_FEATURE_CMSE) || (__ARM_FEATURE_CMSE < 3)))
 796:Drivers/CMSIS/Include/cmsis_gcc.h ****   // without main extensions, the non-secure MSPLIM is RAZ/WI
 797:Drivers/CMSIS/Include/cmsis_gcc.h ****   (void)MainStackPtrLimit;
 798:Drivers/CMSIS/Include/cmsis_gcc.h **** #else
 799:Drivers/CMSIS/Include/cmsis_gcc.h ****   __ASM volatile ("MSR msplim, %0" : : "r" (MainStackPtrLimit));
 800:Drivers/CMSIS/Include/cmsis_gcc.h **** #endif
 801:Drivers/CMSIS/Include/cmsis_gcc.h **** }
 802:Drivers/CMSIS/Include/cmsis_gcc.h **** 
 803:Drivers/CMSIS/Include/cmsis_gcc.h **** 
 804:Drivers/CMSIS/Include/cmsis_gcc.h **** #if (defined (__ARM_FEATURE_CMSE  ) && (__ARM_FEATURE_CMSE   == 3))
 805:Drivers/CMSIS/Include/cmsis_gcc.h **** /**
 806:Drivers/CMSIS/Include/cmsis_gcc.h ****   \brief   Set Main Stack Pointer Limit (non-secure)
 807:Drivers/CMSIS/Include/cmsis_gcc.h ****   Devices without ARMv8-M Main Extensions (i.e. Cortex-M23) lack the non-secure
 808:Drivers/CMSIS/Include/cmsis_gcc.h ****   Stack Pointer Limit register hence the write is silently ignored.
 809:Drivers/CMSIS/Include/cmsis_gcc.h **** 
 810:Drivers/CMSIS/Include/cmsis_gcc.h ****   \details Assigns the given value to the non-secure Main Stack Pointer Limit (MSPLIM) when in secu
 811:Drivers/CMSIS/Include/cmsis_gcc.h ****   \param [in]    MainStackPtrLimit  Main Stack Pointer value to set
 812:Drivers/CMSIS/Include/cmsis_gcc.h ****  */
 813:Drivers/CMSIS/Include/cmsis_gcc.h **** __STATIC_FORCEINLINE void __TZ_set_MSPLIM_NS(uint32_t MainStackPtrLimit)
 814:Drivers/CMSIS/Include/cmsis_gcc.h **** {
 815:Drivers/CMSIS/Include/cmsis_gcc.h **** #if (!(defined (__ARM_ARCH_8M_MAIN__ ) && (__ARM_ARCH_8M_MAIN__ == 1)))
 816:Drivers/CMSIS/Include/cmsis_gcc.h ****   // without main extensions, the non-secure MSPLIM is RAZ/WI
 817:Drivers/CMSIS/Include/cmsis_gcc.h ****   (void)MainStackPtrLimit;
 818:Drivers/CMSIS/Include/cmsis_gcc.h **** #else
 819:Drivers/CMSIS/Include/cmsis_gcc.h ****   __ASM volatile ("MSR msplim_ns, %0" : : "r" (MainStackPtrLimit));
 820:Drivers/CMSIS/Include/cmsis_gcc.h **** #endif
 821:Drivers/CMSIS/Include/cmsis_gcc.h **** }
 822:Drivers/CMSIS/Include/cmsis_gcc.h **** #endif
 823:Drivers/CMSIS/Include/cmsis_gcc.h **** 
 824:Drivers/CMSIS/Include/cmsis_gcc.h **** #endif /* ((defined (__ARM_ARCH_8M_MAIN__ ) && (__ARM_ARCH_8M_MAIN__ == 1)) || \
 825:Drivers/CMSIS/Include/cmsis_gcc.h ****            (defined (__ARM_ARCH_8M_BASE__ ) && (__ARM_ARCH_8M_BASE__ == 1))    ) */
 826:Drivers/CMSIS/Include/cmsis_gcc.h **** 
 827:Drivers/CMSIS/Include/cmsis_gcc.h **** 
 828:Drivers/CMSIS/Include/cmsis_gcc.h **** /**
 829:Drivers/CMSIS/Include/cmsis_gcc.h ****   \brief   Get FPSCR
 830:Drivers/CMSIS/Include/cmsis_gcc.h ****   \details Returns the current value of the Floating Point Status/Control register.
ARM GAS   			page 65


 831:Drivers/CMSIS/Include/cmsis_gcc.h ****   \return               Floating Point Status/Control register value
 832:Drivers/CMSIS/Include/cmsis_gcc.h ****  */
 833:Drivers/CMSIS/Include/cmsis_gcc.h **** __STATIC_FORCEINLINE uint32_t __get_FPSCR(void)
 834:Drivers/CMSIS/Include/cmsis_gcc.h **** {
 835:Drivers/CMSIS/Include/cmsis_gcc.h **** #if ((defined (__FPU_PRESENT) && (__FPU_PRESENT == 1U)) && \
 836:Drivers/CMSIS/Include/cmsis_gcc.h ****      (defined (__FPU_USED   ) && (__FPU_USED    == 1U))     )
 837:Drivers/CMSIS/Include/cmsis_gcc.h **** #if __has_builtin(__builtin_arm_get_fpscr) 
 838:Drivers/CMSIS/Include/cmsis_gcc.h **** // Re-enable using built-in when GCC has been fixed
 839:Drivers/CMSIS/Include/cmsis_gcc.h **** // || (__GNUC__ > 7) || (__GNUC__ == 7 && __GNUC_MINOR__ >= 2)
 840:Drivers/CMSIS/Include/cmsis_gcc.h ****   /* see https://gcc.gnu.org/ml/gcc-patches/2017-04/msg00443.html */
 841:Drivers/CMSIS/Include/cmsis_gcc.h ****   return __builtin_arm_get_fpscr();
 842:Drivers/CMSIS/Include/cmsis_gcc.h **** #else
 843:Drivers/CMSIS/Include/cmsis_gcc.h ****   uint32_t result;
 844:Drivers/CMSIS/Include/cmsis_gcc.h **** 
 845:Drivers/CMSIS/Include/cmsis_gcc.h ****   __ASM volatile ("VMRS %0, fpscr" : "=r" (result) );
 846:Drivers/CMSIS/Include/cmsis_gcc.h ****   return(result);
 847:Drivers/CMSIS/Include/cmsis_gcc.h **** #endif
 848:Drivers/CMSIS/Include/cmsis_gcc.h **** #else
 849:Drivers/CMSIS/Include/cmsis_gcc.h ****   return(0U);
 850:Drivers/CMSIS/Include/cmsis_gcc.h **** #endif
 851:Drivers/CMSIS/Include/cmsis_gcc.h **** }
 852:Drivers/CMSIS/Include/cmsis_gcc.h **** 
 853:Drivers/CMSIS/Include/cmsis_gcc.h **** 
 854:Drivers/CMSIS/Include/cmsis_gcc.h **** /**
 855:Drivers/CMSIS/Include/cmsis_gcc.h ****   \brief   Set FPSCR
 856:Drivers/CMSIS/Include/cmsis_gcc.h ****   \details Assigns the given value to the Floating Point Status/Control register.
 857:Drivers/CMSIS/Include/cmsis_gcc.h ****   \param [in]    fpscr  Floating Point Status/Control value to set
 858:Drivers/CMSIS/Include/cmsis_gcc.h ****  */
 859:Drivers/CMSIS/Include/cmsis_gcc.h **** __STATIC_FORCEINLINE void __set_FPSCR(uint32_t fpscr)
 860:Drivers/CMSIS/Include/cmsis_gcc.h **** {
 861:Drivers/CMSIS/Include/cmsis_gcc.h **** #if ((defined (__FPU_PRESENT) && (__FPU_PRESENT == 1U)) && \
 862:Drivers/CMSIS/Include/cmsis_gcc.h ****      (defined (__FPU_USED   ) && (__FPU_USED    == 1U))     )
 863:Drivers/CMSIS/Include/cmsis_gcc.h **** #if __has_builtin(__builtin_arm_set_fpscr)
 864:Drivers/CMSIS/Include/cmsis_gcc.h **** // Re-enable using built-in when GCC has been fixed
 865:Drivers/CMSIS/Include/cmsis_gcc.h **** // || (__GNUC__ > 7) || (__GNUC__ == 7 && __GNUC_MINOR__ >= 2)
 866:Drivers/CMSIS/Include/cmsis_gcc.h ****   /* see https://gcc.gnu.org/ml/gcc-patches/2017-04/msg00443.html */
 867:Drivers/CMSIS/Include/cmsis_gcc.h ****   __builtin_arm_set_fpscr(fpscr);
 868:Drivers/CMSIS/Include/cmsis_gcc.h **** #else
 869:Drivers/CMSIS/Include/cmsis_gcc.h ****   __ASM volatile ("VMSR fpscr, %0" : : "r" (fpscr) : "vfpcc", "memory");
 870:Drivers/CMSIS/Include/cmsis_gcc.h **** #endif
 871:Drivers/CMSIS/Include/cmsis_gcc.h **** #else
 872:Drivers/CMSIS/Include/cmsis_gcc.h ****   (void)fpscr;
 873:Drivers/CMSIS/Include/cmsis_gcc.h **** #endif
 874:Drivers/CMSIS/Include/cmsis_gcc.h **** }
 875:Drivers/CMSIS/Include/cmsis_gcc.h **** 
 876:Drivers/CMSIS/Include/cmsis_gcc.h **** 
 877:Drivers/CMSIS/Include/cmsis_gcc.h **** /*@} end of CMSIS_Core_RegAccFunctions */
 878:Drivers/CMSIS/Include/cmsis_gcc.h **** 
 879:Drivers/CMSIS/Include/cmsis_gcc.h **** 
 880:Drivers/CMSIS/Include/cmsis_gcc.h **** /* ##########################  Core Instruction Access  ######################### */
 881:Drivers/CMSIS/Include/cmsis_gcc.h **** /** \defgroup CMSIS_Core_InstructionInterface CMSIS Core Instruction Interface
 882:Drivers/CMSIS/Include/cmsis_gcc.h ****   Access to dedicated instructions
 883:Drivers/CMSIS/Include/cmsis_gcc.h ****   @{
 884:Drivers/CMSIS/Include/cmsis_gcc.h **** */
 885:Drivers/CMSIS/Include/cmsis_gcc.h **** 
 886:Drivers/CMSIS/Include/cmsis_gcc.h **** /* Define macros for porting to both thumb1 and thumb2.
 887:Drivers/CMSIS/Include/cmsis_gcc.h ****  * For thumb1, use low register (r0-r7), specified by constraint "l"
ARM GAS   			page 66


 888:Drivers/CMSIS/Include/cmsis_gcc.h ****  * Otherwise, use general registers, specified by constraint "r" */
 889:Drivers/CMSIS/Include/cmsis_gcc.h **** #if defined (__thumb__) && !defined (__thumb2__)
 890:Drivers/CMSIS/Include/cmsis_gcc.h **** #define __CMSIS_GCC_OUT_REG(r) "=l" (r)
 891:Drivers/CMSIS/Include/cmsis_gcc.h **** #define __CMSIS_GCC_RW_REG(r) "+l" (r)
 892:Drivers/CMSIS/Include/cmsis_gcc.h **** #define __CMSIS_GCC_USE_REG(r) "l" (r)
 893:Drivers/CMSIS/Include/cmsis_gcc.h **** #else
 894:Drivers/CMSIS/Include/cmsis_gcc.h **** #define __CMSIS_GCC_OUT_REG(r) "=r" (r)
 895:Drivers/CMSIS/Include/cmsis_gcc.h **** #define __CMSIS_GCC_RW_REG(r) "+r" (r)
 896:Drivers/CMSIS/Include/cmsis_gcc.h **** #define __CMSIS_GCC_USE_REG(r) "r" (r)
 897:Drivers/CMSIS/Include/cmsis_gcc.h **** #endif
 898:Drivers/CMSIS/Include/cmsis_gcc.h **** 
 899:Drivers/CMSIS/Include/cmsis_gcc.h **** /**
 900:Drivers/CMSIS/Include/cmsis_gcc.h ****   \brief   No Operation
 901:Drivers/CMSIS/Include/cmsis_gcc.h ****   \details No Operation does nothing. This instruction can be used for code alignment purposes.
 902:Drivers/CMSIS/Include/cmsis_gcc.h ****  */
 903:Drivers/CMSIS/Include/cmsis_gcc.h **** #define __NOP()                             __ASM volatile ("nop")
 904:Drivers/CMSIS/Include/cmsis_gcc.h **** 
 905:Drivers/CMSIS/Include/cmsis_gcc.h **** /**
 906:Drivers/CMSIS/Include/cmsis_gcc.h ****   \brief   Wait For Interrupt
 907:Drivers/CMSIS/Include/cmsis_gcc.h ****   \details Wait For Interrupt is a hint instruction that suspends execution until one of a number o
 908:Drivers/CMSIS/Include/cmsis_gcc.h ****  */
 909:Drivers/CMSIS/Include/cmsis_gcc.h **** #define __WFI()                             __ASM volatile ("wfi")
 910:Drivers/CMSIS/Include/cmsis_gcc.h **** 
 911:Drivers/CMSIS/Include/cmsis_gcc.h **** 
 912:Drivers/CMSIS/Include/cmsis_gcc.h **** /**
 913:Drivers/CMSIS/Include/cmsis_gcc.h ****   \brief   Wait For Event
 914:Drivers/CMSIS/Include/cmsis_gcc.h ****   \details Wait For Event is a hint instruction that permits the processor to enter
 915:Drivers/CMSIS/Include/cmsis_gcc.h ****            a low-power state until one of a number of events occurs.
 916:Drivers/CMSIS/Include/cmsis_gcc.h ****  */
 917:Drivers/CMSIS/Include/cmsis_gcc.h **** #define __WFE()                             __ASM volatile ("wfe")
 918:Drivers/CMSIS/Include/cmsis_gcc.h **** 
 919:Drivers/CMSIS/Include/cmsis_gcc.h **** 
 920:Drivers/CMSIS/Include/cmsis_gcc.h **** /**
 921:Drivers/CMSIS/Include/cmsis_gcc.h ****   \brief   Send Event
 922:Drivers/CMSIS/Include/cmsis_gcc.h ****   \details Send Event is a hint instruction. It causes an event to be signaled to the CPU.
 923:Drivers/CMSIS/Include/cmsis_gcc.h ****  */
 924:Drivers/CMSIS/Include/cmsis_gcc.h **** #define __SEV()                             __ASM volatile ("sev")
 925:Drivers/CMSIS/Include/cmsis_gcc.h **** 
 926:Drivers/CMSIS/Include/cmsis_gcc.h **** 
 927:Drivers/CMSIS/Include/cmsis_gcc.h **** /**
 928:Drivers/CMSIS/Include/cmsis_gcc.h ****   \brief   Instruction Synchronization Barrier
 929:Drivers/CMSIS/Include/cmsis_gcc.h ****   \details Instruction Synchronization Barrier flushes the pipeline in the processor,
 930:Drivers/CMSIS/Include/cmsis_gcc.h ****            so that all instructions following the ISB are fetched from cache or memory,
 931:Drivers/CMSIS/Include/cmsis_gcc.h ****            after the instruction has been completed.
 932:Drivers/CMSIS/Include/cmsis_gcc.h ****  */
 933:Drivers/CMSIS/Include/cmsis_gcc.h **** __STATIC_FORCEINLINE void __ISB(void)
 934:Drivers/CMSIS/Include/cmsis_gcc.h **** {
 935:Drivers/CMSIS/Include/cmsis_gcc.h ****   __ASM volatile ("isb 0xF":::"memory");
 936:Drivers/CMSIS/Include/cmsis_gcc.h **** }
 937:Drivers/CMSIS/Include/cmsis_gcc.h **** 
 938:Drivers/CMSIS/Include/cmsis_gcc.h **** 
 939:Drivers/CMSIS/Include/cmsis_gcc.h **** /**
 940:Drivers/CMSIS/Include/cmsis_gcc.h ****   \brief   Data Synchronization Barrier
 941:Drivers/CMSIS/Include/cmsis_gcc.h ****   \details Acts as a special kind of Data Memory Barrier.
 942:Drivers/CMSIS/Include/cmsis_gcc.h ****            It completes when all explicit memory accesses before this instruction complete.
 943:Drivers/CMSIS/Include/cmsis_gcc.h ****  */
 944:Drivers/CMSIS/Include/cmsis_gcc.h **** __STATIC_FORCEINLINE void __DSB(void)
ARM GAS   			page 67


 695              	 .loc 2 944 27 view .LVU180
 696              	.LBB47:
 945:Drivers/CMSIS/Include/cmsis_gcc.h **** {
 946:Drivers/CMSIS/Include/cmsis_gcc.h ****   __ASM volatile ("dsb 0xF":::"memory");
 697              	 .loc 2 946 3 view .LVU181
 698              	 .syntax unified
 699              	
 700 0038 BFF34F8F 	 dsb 0xF
 701              	
 702              	 .thumb
 703              	 .syntax unified
 704              	.LBE47:
 705              	.LBE46:
1936:Drivers/CMSIS/Include/core_cm4.h ****                                                                        buffered write are completed
1937:Drivers/CMSIS/Include/core_cm4.h ****   SCB->AIRCR  = (uint32_t)((0x5FAUL << SCB_AIRCR_VECTKEY_Pos)    |
 706              	 .loc 3 1937 3 view .LVU182
1938:Drivers/CMSIS/Include/core_cm4.h ****                            (SCB->AIRCR & SCB_AIRCR_PRIGROUP_Msk) |
 707              	 .loc 3 1938 34 is_stmt 0 view .LVU183
 708 003c 1149     	 ldr r1,.L73+8
 709              	 .loc 3 1938 66 view .LVU184
 710 003e 124B     	 ldr r3,.L73+12
 711              	 .loc 3 1938 34 view .LVU185
 712 0040 CA68     	 ldr r2,[r1,#12]
 713              	 .loc 3 1938 40 view .LVU186
 714 0042 02F4E062 	 and r2,r2,#1792
 715              	 .loc 3 1938 66 view .LVU187
 716 0046 1343     	 orrs r3,r3,r2
1937:Drivers/CMSIS/Include/core_cm4.h ****                            (SCB->AIRCR & SCB_AIRCR_PRIGROUP_Msk) |
 717              	 .loc 3 1937 15 view .LVU188
 718 0048 CB60     	 str r3,[r1,#12]
1939:Drivers/CMSIS/Include/core_cm4.h ****                             SCB_AIRCR_SYSRESETREQ_Msk    );         /* Keep priority group unchange
1940:Drivers/CMSIS/Include/core_cm4.h ****   __DSB();                                                          /* Ensure completion of memory 
 719              	 .loc 3 1940 3 is_stmt 1 view .LVU189
 720              	.LBB48:
 721              	.LBI48:
 944:Drivers/CMSIS/Include/cmsis_gcc.h **** {
 722              	 .loc 2 944 27 view .LVU190
 723              	.LBB49:
 724              	 .loc 2 946 3 view .LVU191
 725              	 .syntax unified
 726              	
 727 004a BFF34F8F 	 dsb 0xF
 728              	
 729              	 .thumb
 730              	 .syntax unified
 731              	.L65:
 732              	.LBE49:
 733              	.LBE48:
1941:Drivers/CMSIS/Include/core_cm4.h **** 
1942:Drivers/CMSIS/Include/core_cm4.h ****   for(;;)                                                           /* wait until reset */
 734              	 .loc 3 1942 3 view .LVU192
1943:Drivers/CMSIS/Include/core_cm4.h ****   {
1944:Drivers/CMSIS/Include/core_cm4.h ****     __NOP();
 735              	 .loc 3 1944 5 discriminator 1 view .LVU193
 736              	 .syntax unified
 737              	
 738 004e 00BF     	 nop
ARM GAS   			page 68


 739              	
1942:Drivers/CMSIS/Include/core_cm4.h ****   {
 740              	 .loc 3 1942 3 view .LVU194
 741              	 .thumb
 742              	 .syntax unified
 743 0050 FDE7     	 b .L65
 744              	.L71:
 745              	.LBE45:
 746              	.LBE44:
 112:Core/Src/Interface.cpp ****       if (errorData.errorLevel == ERROR_RECOVER_MANUAL) {
 747              	 .loc 1 112 35 is_stmt 0 view .LVU195
 748 0052 A38A     	 ldrh r3,[r4,#20]
 749 0054 6FF47A71 	 mvn r1,#1000
 750 0058 0B44     	 add r3,r3,r1
 111:Core/Src/Interface.cpp ****         (sysData.buttonCnt > 1000 && sysData.buttonCnt < 2000)) {
 751              	 .loc 1 111 35 discriminator 1 view .LVU196
 752 005a 40F2E632 	 movw r2,#998
 753 005e 9BB2     	 uxth r3,r3
 754 0060 9342     	 cmp r3,r2
 755 0062 D7D8     	 bhi .L62
 113:Core/Src/Interface.cpp ****         Protection::manualClearError();
 756              	 .loc 1 113 7 is_stmt 1 view .LVU197
 113:Core/Src/Interface.cpp ****         Protection::manualClearError();
 757              	 .loc 1 113 21 is_stmt 0 view .LVU198
 758 0064 094B     	 ldr r3,.L73+16
 759 0066 1B7B     	 ldrb r3,[r3,#12]
 113:Core/Src/Interface.cpp ****         Protection::manualClearError();
 760              	 .loc 1 113 7 view .LVU199
 761 0068 022B     	 cmp r3,#2
 762 006a 04D0     	 beq .L72
 115:Core/Src/Interface.cpp ****         Protection::autoClearError();
 763              	 .loc 1 115 14 is_stmt 1 view .LVU200
 764 006c 012B     	 cmp r3,#1
 765 006e D1D1     	 bne .L62
 116:Core/Src/Interface.cpp ****       }
 766              	 .loc 1 116 9 view .LVU201
 116:Core/Src/Interface.cpp ****       }
 767              	 .loc 1 116 35 is_stmt 0 view .LVU202
 768 0070 FFF7FEFF 	 bl _ZN10Protection14autoClearErrorEv
 769              	.LVL29:
 770 0074 CEE7     	 b .L62
 771              	.L72:
 114:Core/Src/Interface.cpp ****       } else if (errorData.errorLevel == ERROR_RECOVER_AUTO) {
 772              	 .loc 1 114 9 is_stmt 1 view .LVU203
 114:Core/Src/Interface.cpp ****       } else if (errorData.errorLevel == ERROR_RECOVER_AUTO) {
 773              	 .loc 1 114 37 is_stmt 0 view .LVU204
 774 0076 FFF7FEFF 	 bl _ZN10Protection16manualClearErrorEv
 775              	.LVL30:
 776 007a CBE7     	 b .L62
 777              	.L74:
 778              	 .align 2
 779              	.L73:
 780 007c 00080048 	 .word 1207961600
 781 0080 00000000 	 .word sysData
 782 0084 00ED00E0 	 .word -536810240
 783 0088 0400FA05 	 .word 100270084
 784 008c 00000000 	 .word errorData
ARM GAS   			page 69


 785              	 .cfi_endproc
 786              	.LFE603:
 788              	 .section .text._ZN9Interface20updateBuzzerSequenceEv,"ax",%progbits
 789              	 .align 1
 790              	 .p2align 2,,3
 791              	 .global _ZN9Interface20updateBuzzerSequenceEv
 792              	 .syntax unified
 793              	 .thumb
 794              	 .thumb_func
 796              	_ZN9Interface20updateBuzzerSequenceEv:
 797              	.LFB604:
 133:Core/Src/Interface.cpp **** 
 134:Core/Src/Interface.cpp **** void updateBuzzerSequence() {
 798              	 .loc 1 134 29 is_stmt 1 view-0
 799              	 .cfi_startproc
 800              	 
 801              	 
 135:Core/Src/Interface.cpp ****   interfaceStatus.isWarningLast = interfaceStatus.isWarning;
 802              	 .loc 1 135 3 view .LVU206
 134:Core/Src/Interface.cpp ****   interfaceStatus.isWarningLast = interfaceStatus.isWarning;
 803              	 .loc 1 134 29 is_stmt 0 view .LVU207
 804 0000 70B5     	 push {r4,r5,r6,lr}
 805              	 .cfi_def_cfa_offset 16
 806              	 .cfi_offset 4,-16
 807              	 .cfi_offset 5,-12
 808              	 .cfi_offset 6,-8
 809              	 .cfi_offset 14,-4
 136:Core/Src/Interface.cpp ****   if (errorData.errorLevel) {
 810              	 .loc 1 136 17 view .LVU208
 811 0002 5649     	 ldr r1,.L126
 135:Core/Src/Interface.cpp ****   interfaceStatus.isWarningLast = interfaceStatus.isWarning;
 812              	 .loc 1 135 51 view .LVU209
 813 0004 564C     	 ldr r4,.L126+4
 814              	 .loc 1 136 17 view .LVU210
 815 0006 0B7B     	 ldrb r3,[r1,#12]
 135:Core/Src/Interface.cpp ****   interfaceStatus.isWarningLast = interfaceStatus.isWarning;
 816              	 .loc 1 135 51 view .LVU211
 817 0008 2278     	 ldrb r2,[r4]
 135:Core/Src/Interface.cpp ****   interfaceStatus.isWarningLast = interfaceStatus.isWarning;
 818              	 .loc 1 135 33 view .LVU212
 819 000a 6270     	 strb r2,[r4,#1]
 820              	 .loc 1 136 3 is_stmt 1 view .LVU213
 821 000c 43B3     	 cbz r3,.L76
 137:Core/Src/Interface.cpp ****     interfaceStatus.isWarning = 1;
 822              	 .loc 1 137 5 view .LVU214
 823              	 .loc 1 137 31 is_stmt 0 view .LVU215
 824 000e 0120     	 movs r0,#1
 825 0010 2070     	 strb r0,[r4]
 138:Core/Src/Interface.cpp ****     if (!interfaceStatus.isWarningLast) {
 826              	 .loc 1 138 5 is_stmt 1 view .LVU216
 827 0012 B2B1     	 cbz r2,.L123
 139:Core/Src/Interface.cpp ****       interfaceStatus.buzzerSequenceCnt = 0;
 140:Core/Src/Interface.cpp ****       switch (errorData.errorLevel) {
 141:Core/Src/Interface.cpp ****       case ERROR_UNRECOVERABLE:
 142:Core/Src/Interface.cpp ****         if (errorData.errorCode & ERROR_POWERSTAGE)
 143:Core/Src/Interface.cpp ****           memcpy(interfaceStatus.buzzerNote, buzzerWS_Unrecoverable,
 144:Core/Src/Interface.cpp ****                  sizeof(buzzerWS_Unrecoverable));
ARM GAS   			page 70


 145:Core/Src/Interface.cpp ****         break;
 146:Core/Src/Interface.cpp ****       case ERROR_RECOVER_MANUAL:
 147:Core/Src/Interface.cpp ****         if (errorData.errorCode & ERROR_SCP_B)
 148:Core/Src/Interface.cpp ****           memcpy(interfaceStatus.buzzerNote, buzzerWS_SCPB,
 149:Core/Src/Interface.cpp ****                  sizeof(buzzerWS_SCPB));
 150:Core/Src/Interface.cpp ****         else
 151:Core/Src/Interface.cpp ****           memcpy(interfaceStatus.buzzerNote, buzzerWS_SCPA,
 152:Core/Src/Interface.cpp ****                  sizeof(buzzerWS_SCPA));
 153:Core/Src/Interface.cpp ****         break;
 154:Core/Src/Interface.cpp ****       case ERROR_RECOVER_AUTO:
 155:Core/Src/Interface.cpp ****         if (errorData.errorCode & ERROR_OCP_A)
 156:Core/Src/Interface.cpp ****           memcpy(interfaceStatus.buzzerNote, buzzerWS_OCPA,
 157:Core/Src/Interface.cpp ****                  sizeof(buzzerWS_OCPA));
 158:Core/Src/Interface.cpp ****         else if (errorData.errorCode & ERROR_OCP_B)
 159:Core/Src/Interface.cpp ****           memcpy(interfaceStatus.buzzerNote, buzzerWS_OCPB,
 160:Core/Src/Interface.cpp ****                  sizeof(buzzerWS_OCPB));
 161:Core/Src/Interface.cpp ****         else if (errorData.errorCode & ERROR_OCP_R)
 162:Core/Src/Interface.cpp ****           memcpy(interfaceStatus.buzzerNote, buzzerWS_OCPR,
 163:Core/Src/Interface.cpp ****                  sizeof(buzzerWS_OCPR));
 164:Core/Src/Interface.cpp ****         else if (errorData.errorCode & ERROR_OVP_A)
 165:Core/Src/Interface.cpp ****           memcpy(interfaceStatus.buzzerNote, buzzerWS_OVPA,
 166:Core/Src/Interface.cpp ****                  sizeof(buzzerWS_OVPA));
 167:Core/Src/Interface.cpp ****         else
 168:Core/Src/Interface.cpp ****           memcpy(interfaceStatus.buzzerNote, buzzerWS_OVPB,
 169:Core/Src/Interface.cpp ****                  sizeof(buzzerWS_OVPB));
 170:Core/Src/Interface.cpp **** 
 171:Core/Src/Interface.cpp ****         break;
 172:Core/Src/Interface.cpp ****       case WARNING:
 173:Core/Src/Interface.cpp ****         if (errorData.errorCode & WARNING_LOWBATTERY)
 174:Core/Src/Interface.cpp ****           memcpy(interfaceStatus.buzzerNote, buzzerWS_LowBattery,
 175:Core/Src/Interface.cpp ****                  sizeof(buzzerWS_LowBattery));
 176:Core/Src/Interface.cpp ****         break;
 177:Core/Src/Interface.cpp ****       default:
 178:Core/Src/Interface.cpp ****         break;
 179:Core/Src/Interface.cpp ****       }
 180:Core/Src/Interface.cpp ****     }
 181:Core/Src/Interface.cpp ****   } else {
 182:Core/Src/Interface.cpp ****     interfaceStatus.isWarning = 0;
 183:Core/Src/Interface.cpp ****     interfaceStatus.buzzerSequenceCnt = 0;
 184:Core/Src/Interface.cpp ****     interfaceStatus.noteIndex = 0;
 185:Core/Src/Interface.cpp ****     return;
 186:Core/Src/Interface.cpp ****   }
 187:Core/Src/Interface.cpp **** 
 188:Core/Src/Interface.cpp ****   if (interfaceStatus.buzzerSequenceCnt ==
 189:Core/Src/Interface.cpp ****       interfaceStatus.buzzerNote[interfaceStatus.noteIndex].startTime) {
 828              	 .loc 1 189 50 is_stmt 0 view .LVU217
 829 0014 94F84130 	 ldrb r3,[r4,#65]
 188:Core/Src/Interface.cpp ****       interfaceStatus.buzzerNote[interfaceStatus.noteIndex].startTime) {
 830              	 .loc 1 188 23 view .LVU218
 831 0018 6088     	 ldrh r0,[r4,#2]
 832              	 .loc 1 189 61 view .LVU219
 833 001a 03EB4301 	 add r1,r3,r3,lsl#1
 834 001e 04EB4101 	 add r1,r4,r1,lsl#1
 190:Core/Src/Interface.cpp ****     Buzzer::play(
 191:Core/Src/Interface.cpp ****         interfaceStatus.buzzerNote[interfaceStatus.noteIndex].freq,
 192:Core/Src/Interface.cpp ****         interfaceStatus.buzzerNote[interfaceStatus.noteIndex].duration);
 193:Core/Src/Interface.cpp ****     interfaceStatus.noteIndex++;
ARM GAS   			page 71


 194:Core/Src/Interface.cpp ****   }
 195:Core/Src/Interface.cpp **** 
 196:Core/Src/Interface.cpp ****   interfaceStatus.buzzerSequenceCnt++;
 835              	 .loc 1 196 36 view .LVU220
 836 0022 00F1010C 	 add ip,r0,#1
 188:Core/Src/Interface.cpp ****       interfaceStatus.buzzerNote[interfaceStatus.noteIndex].startTime) {
 837              	 .loc 1 188 3 view .LVU221
 838 0026 8988     	 ldrh r1,[r1,#4]
 839 0028 8142     	 cmp r1,r0
 189:Core/Src/Interface.cpp ****     Buzzer::play(
 840              	 .loc 1 189 61 view .LVU222
 841 002a 4FEA4302 	 lsl r2,r3,#1
 842              	 .loc 1 196 36 view .LVU223
 843 002e 1FFA8CFC 	 uxth ip,ip
 188:Core/Src/Interface.cpp ****       interfaceStatus.buzzerNote[interfaceStatus.noteIndex].startTime) {
 844              	 .loc 1 188 3 is_stmt 1 view .LVU224
 845 0032 1CD0     	 beq .L84
 846              	.L93:
 847              	 .loc 1 196 3 view .LVU225
 197:Core/Src/Interface.cpp ****   if (interfaceStatus.buzzerSequenceCnt >= WARNING_PERIOD) {
 848              	 .loc 1 197 3 is_stmt 0 view .LVU226
 849 0034 41F28733 	 movw r3,#4999
 850 0038 9C45     	 cmp ip,r3
 196:Core/Src/Interface.cpp ****   if (interfaceStatus.buzzerSequenceCnt >= WARNING_PERIOD) {
 851              	 .loc 1 196 36 view .LVU227
 852 003a A4F802C0 	 strh ip,[r4,#2]
 853              	 .loc 1 197 3 is_stmt 1 view .LVU228
 854 003e 08D8     	 bhi .L124
 198:Core/Src/Interface.cpp ****     Protection::autoClearError();
 199:Core/Src/Interface.cpp ****     interfaceStatus.buzzerSequenceCnt = 0;
 200:Core/Src/Interface.cpp ****     interfaceStatus.noteIndex = 0;
 201:Core/Src/Interface.cpp ****   }
 202:Core/Src/Interface.cpp **** }
 855              	 .loc 1 202 1 is_stmt 0 view .LVU229
 856 0040 70BD     	 pop {r4,r5,r6,pc}
 857              	.L123:
 139:Core/Src/Interface.cpp ****       switch (errorData.errorLevel) {
 858              	 .loc 1 139 7 is_stmt 1 view .LVU230
 140:Core/Src/Interface.cpp ****       case ERROR_UNRECOVERABLE:
 859              	 .loc 1 140 7 is_stmt 0 view .LVU231
 860 0042 013B     	 subs r3,r3,#1
 139:Core/Src/Interface.cpp ****       switch (errorData.errorLevel) {
 861              	 .loc 1 139 41 view .LVU232
 862 0044 6280     	 strh r2,[r4,#2]
 140:Core/Src/Interface.cpp ****       case ERROR_UNRECOVERABLE:
 863              	 .loc 1 140 7 is_stmt 1 view .LVU233
 864 0046 032B     	 cmp r3,#3
 865 0048 7AD8     	 bhi .L78
 866 004a DFE803F0 	 tbb [pc,r3]
 867              	.L80:
 868 004e 4A       	 .byte (.L83-.L80)/2
 869 004f 51       	 .byte (.L82-.L80)/2
 870 0050 2F       	 .byte (.L81-.L80)/2
 871 0051 2A       	 .byte (.L79-.L80)/2
 872              	 .p2align 1
 873              	.L124:
 198:Core/Src/Interface.cpp ****     Protection::autoClearError();
ARM GAS   			page 72


 874              	 .loc 1 198 5 view .LVU234
 198:Core/Src/Interface.cpp ****     Protection::autoClearError();
 875              	 .loc 1 198 31 is_stmt 0 view .LVU235
 876 0052 FFF7FEFF 	 bl _ZN10Protection14autoClearErrorEv
 877              	.LVL31:
 199:Core/Src/Interface.cpp ****     interfaceStatus.noteIndex = 0;
 878              	 .loc 1 199 5 is_stmt 1 view .LVU236
 199:Core/Src/Interface.cpp ****     interfaceStatus.noteIndex = 0;
 879              	 .loc 1 199 39 is_stmt 0 view .LVU237
 880 0056 0023     	 movs r3,#0
 200:Core/Src/Interface.cpp ****   }
 881              	 .loc 1 200 31 view .LVU238
 882 0058 84F84130 	 strb r3,[r4,#65]
 199:Core/Src/Interface.cpp ****     interfaceStatus.noteIndex = 0;
 883              	 .loc 1 199 39 view .LVU239
 884 005c 6380     	 strh r3,[r4,#2]
 200:Core/Src/Interface.cpp ****   }
 885              	 .loc 1 200 5 is_stmt 1 view .LVU240
 886              	 .loc 1 202 1 is_stmt 0 view .LVU241
 887 005e 70BD     	 pop {r4,r5,r6,pc}
 888              	.L76:
 182:Core/Src/Interface.cpp ****     interfaceStatus.buzzerSequenceCnt = 0;
 889              	 .loc 1 182 5 is_stmt 1 view .LVU242
 182:Core/Src/Interface.cpp ****     interfaceStatus.buzzerSequenceCnt = 0;
 890              	 .loc 1 182 31 is_stmt 0 view .LVU243
 891 0060 2370     	 strb r3,[r4]
 183:Core/Src/Interface.cpp ****     interfaceStatus.noteIndex = 0;
 892              	 .loc 1 183 5 is_stmt 1 view .LVU244
 184:Core/Src/Interface.cpp ****     return;
 893              	 .loc 1 184 31 is_stmt 0 view .LVU245
 894 0062 84F84130 	 strb r3,[r4,#65]
 183:Core/Src/Interface.cpp ****     interfaceStatus.noteIndex = 0;
 895              	 .loc 1 183 39 view .LVU246
 896 0066 6380     	 strh r3,[r4,#2]
 184:Core/Src/Interface.cpp ****     return;
 897              	 .loc 1 184 5 is_stmt 1 view .LVU247
 185:Core/Src/Interface.cpp ****   }
 898              	 .loc 1 185 5 view .LVU248
 899              	 .loc 1 202 1 is_stmt 0 view .LVU249
 900 0068 70BD     	 pop {r4,r5,r6,pc}
 901              	.L104:
 188:Core/Src/Interface.cpp ****       interfaceStatus.buzzerNote[interfaceStatus.noteIndex].startTime) {
 902              	 .loc 1 188 3 view .LVU250
 903 006a 4FF0010C 	 mov ip,#1
 904              	.L84:
 190:Core/Src/Interface.cpp ****         interfaceStatus.buzzerNote[interfaceStatus.noteIndex].freq,
 905              	 .loc 1 190 5 is_stmt 1 view .LVU251
 190:Core/Src/Interface.cpp ****         interfaceStatus.buzzerNote[interfaceStatus.noteIndex].freq,
 906              	 .loc 1 190 17 is_stmt 0 view .LVU252
 907 006e 1A44     	 add r2,r2,r3
 908 0070 04EB4202 	 add r2,r4,r2,lsl#1
 909              	.LBB50:
 910              	.LBB51:
  94:Core/Src/Interface.cpp ****   __HAL_TIM_SET_COMPARE(&BUZZER_TIM, BUZZER_TIM_CHANNEL, 5000000U / freq);
 911              	 .loc 1 94 3 view .LVU253
 912 0074 3B4D     	 ldr r5,.L126+8
 913              	.LBE51:
ARM GAS   			page 73


 914              	.LBE50:
 190:Core/Src/Interface.cpp ****         interfaceStatus.buzzerNote[interfaceStatus.noteIndex].freq,
 915              	 .loc 1 190 17 view .LVU254
 916 0076 1189     	 ldrh r1,[r2,#8]
 917              	.LVL32:
 918              	.LBB54:
 919              	.LBI50:
  93:Core/Src/Interface.cpp ****   __HAL_TIM_SET_AUTORELOAD(&BUZZER_TIM, 10000000U / freq - 1);
 920              	 .loc 1 93 6 is_stmt 1 view .LVU255
 921              	.LBB52:
  94:Core/Src/Interface.cpp ****   __HAL_TIM_SET_COMPARE(&BUZZER_TIM, BUZZER_TIM_CHANNEL, 5000000U / freq);
 922              	 .loc 1 94 3 view .LVU256
  94:Core/Src/Interface.cpp ****   __HAL_TIM_SET_COMPARE(&BUZZER_TIM, BUZZER_TIM_CHANNEL, 5000000U / freq);
 923              	 .loc 1 94 3 view .LVU257
 924 0078 D088     	 ldrh r0,[r2,#6]
  96:Core/Src/Interface.cpp **** }
 925              	 .loc 1 96 22 is_stmt 0 view .LVU258
 926 007a 3B4A     	 ldr r2,.L126+12
 927              	.LVL33:
  96:Core/Src/Interface.cpp **** }
 928              	 .loc 1 96 28 view .LVU259
 929 007c 1268     	 ldr r2,[r2]
 930 007e 0A44     	 add r2,r2,r1
  96:Core/Src/Interface.cpp **** }
 931              	 .loc 1 96 12 view .LVU260
 932 0080 3A49     	 ldr r1,.L126+16
 933 0082 0A60     	 str r2,[r1]
  94:Core/Src/Interface.cpp ****   __HAL_TIM_SET_COMPARE(&BUZZER_TIM, BUZZER_TIM_CHANNEL, 5000000U / freq);
 934              	 .loc 1 94 3 view .LVU261
 935 0084 2968     	 ldr r1,[r5]
 936 0086 3A4A     	 ldr r2,.L126+20
 937 0088 B2FBF0F2 	 udiv r2,r2,r0
 938              	.LBE52:
 939              	.LBE54:
 193:Core/Src/Interface.cpp ****   }
 940              	 .loc 1 193 30 view .LVU262
 941 008c 0133     	 adds r3,r3,#1
 942              	.LVL34:
 943              	.LBB55:
 944              	.LBB53:
  94:Core/Src/Interface.cpp ****   __HAL_TIM_SET_COMPARE(&BUZZER_TIM, BUZZER_TIM_CHANNEL, 5000000U / freq);
 945              	 .loc 1 94 3 view .LVU263
 946 008e 013A     	 subs r2,r2,#1
 947 0090 CA62     	 str r2,[r1,#44]
  94:Core/Src/Interface.cpp ****   __HAL_TIM_SET_COMPARE(&BUZZER_TIM, BUZZER_TIM_CHANNEL, 5000000U / freq);
 948              	 .loc 1 94 3 is_stmt 1 view .LVU264
  94:Core/Src/Interface.cpp ****   __HAL_TIM_SET_COMPARE(&BUZZER_TIM, BUZZER_TIM_CHANNEL, 5000000U / freq);
 949              	 .loc 1 94 3 view .LVU265
  95:Core/Src/Interface.cpp ****   stopTime = sysData.vTick + duration;
 950              	 .loc 1 95 3 view .LVU266
  94:Core/Src/Interface.cpp ****   __HAL_TIM_SET_COMPARE(&BUZZER_TIM, BUZZER_TIM_CHANNEL, 5000000U / freq);
 951              	 .loc 1 94 3 is_stmt 0 view .LVU267
 952 0092 EA60     	 str r2,[r5,#12]
  95:Core/Src/Interface.cpp ****   stopTime = sysData.vTick + duration;
 953              	 .loc 1 95 3 view .LVU268
 954 0094 374A     	 ldr r2,.L126+24
 955 0096 B2FBF0F2 	 udiv r2,r2,r0
ARM GAS   			page 74


 956 009a 8A63     	 str r2,[r1,#56]
  96:Core/Src/Interface.cpp **** }
 957              	 .loc 1 96 3 is_stmt 1 view .LVU269
 958              	.LVL35:
  96:Core/Src/Interface.cpp **** }
 959              	 .loc 1 96 3 is_stmt 0 view .LVU270
 960              	.LBE53:
 961              	.LBE55:
 193:Core/Src/Interface.cpp ****   }
 962              	 .loc 1 193 5 is_stmt 1 view .LVU271
 193:Core/Src/Interface.cpp ****   }
 963              	 .loc 1 193 30 is_stmt 0 view .LVU272
 964 009c 84F84130 	 strb r3,[r4,#65]
 965 00a0 C8E7     	 b .L93
 966              	.L79:
 172:Core/Src/Interface.cpp ****         if (errorData.errorCode & WARNING_LOWBATTERY)
 967              	 .loc 1 172 7 is_stmt 1 view .LVU273
 173:Core/Src/Interface.cpp ****           memcpy(interfaceStatus.buzzerNote, buzzerWS_LowBattery,
 968              	 .loc 1 173 9 view .LVU274
 969 00a2 0B88     	 ldrh r3,[r1]
 970 00a4 9B05     	 lsls r3,r3,#22
 971 00a6 33D5     	 bpl .L113
 174:Core/Src/Interface.cpp ****                  sizeof(buzzerWS_LowBattery));
 972              	 .loc 1 174 11 view .LVU275
 174:Core/Src/Interface.cpp ****                  sizeof(buzzerWS_LowBattery));
 973              	 .loc 1 174 17 is_stmt 0 view .LVU276
 974 00a8 334E     	 ldr r6,.L126+28
 975 00aa 26E0     	 b .L115
 976              	.L81:
 141:Core/Src/Interface.cpp ****         if (errorData.errorCode & ERROR_POWERSTAGE)
 977              	 .loc 1 141 7 is_stmt 1 view .LVU277
 142:Core/Src/Interface.cpp ****           memcpy(interfaceStatus.buzzerNote, buzzerWS_Unrecoverable,
 978              	 .loc 1 142 9 view .LVU278
 979 00ac B1F800C0 	 ldrh ip,[r1]
 980 00b0 1CF0010C 	 ands ip,ip,#1
 981 00b4 2CD0     	 beq .L113
 143:Core/Src/Interface.cpp ****                  sizeof(buzzerWS_Unrecoverable));
 982              	 .loc 1 143 11 view .LVU279
 143:Core/Src/Interface.cpp ****                  sizeof(buzzerWS_Unrecoverable));
 983              	 .loc 1 143 17 is_stmt 0 view .LVU280
 984 00b6 314E     	 ldr r6,.L126+32
 985 00b8 314D     	 ldr r5,.L126+36
 986 00ba 0FCE     	 ldmia r6!,{r0,r1,r2,r3}
 987 00bc 0FC5     	 stmia r5!,{r0,r1,r2,r3}
 988 00be 0FCE     	 ldmia r6!,{r0,r1,r2,r3}
 989 00c0 0FC5     	 stmia r5!,{r0,r1,r2,r3}
 990 00c2 0FCE     	 ldmia r6!,{r0,r1,r2,r3}
 991 00c4 0FC5     	 stmia r5!,{r0,r1,r2,r3}
 992 00c6 96E80700 	 ldm r6,{r0,r1,r2}
 993 00ca 85E80700 	 stm r5,{r0,r1,r2}
 188:Core/Src/Interface.cpp ****       interfaceStatus.buzzerNote[interfaceStatus.noteIndex].startTime) {
 994              	 .loc 1 188 3 is_stmt 1 view .LVU281
 189:Core/Src/Interface.cpp ****     Buzzer::play(
 995              	 .loc 1 189 50 is_stmt 0 view .LVU282
 996 00ce 94F84130 	 ldrb r3,[r4,#65]
 189:Core/Src/Interface.cpp ****     Buzzer::play(
 997              	 .loc 1 189 61 view .LVU283
ARM GAS   			page 75


 998 00d2 03EB4301 	 add r1,r3,r3,lsl#1
 999 00d6 04EB4101 	 add r1,r4,r1,lsl#1
 1000 00da 5A00     	 lsls r2,r3,#1
 188:Core/Src/Interface.cpp ****       interfaceStatus.buzzerNote[interfaceStatus.noteIndex].startTime) {
 1001              	 .loc 1 188 3 view .LVU284
 1002 00dc 8988     	 ldrh r1,[r1,#4]
 1003 00de 09BB     	 cbnz r1,.L111
 1004 00e0 C5E7     	 b .L84
 1005              	.L83:
 154:Core/Src/Interface.cpp ****         if (errorData.errorCode & ERROR_OCP_A)
 1006              	 .loc 1 154 7 is_stmt 1 view .LVU285
 155:Core/Src/Interface.cpp ****           memcpy(interfaceStatus.buzzerNote, buzzerWS_OCPA,
 1007              	 .loc 1 155 9 view .LVU286
 155:Core/Src/Interface.cpp ****           memcpy(interfaceStatus.buzzerNote, buzzerWS_OCPA,
 1008              	 .loc 1 155 23 is_stmt 0 view .LVU287
 1009 00e2 0B88     	 ldrh r3,[r1]
 155:Core/Src/Interface.cpp ****           memcpy(interfaceStatus.buzzerNote, buzzerWS_OCPA,
 1010              	 .loc 1 155 9 view .LVU288
 1011 00e4 DD06     	 lsls r5,r3,#27
 1012 00e6 20D4     	 bmi .L125
 158:Core/Src/Interface.cpp ****           memcpy(interfaceStatus.buzzerNote, buzzerWS_OCPB,
 1013              	 .loc 1 158 14 is_stmt 1 view .LVU289
 1014 00e8 9806     	 lsls r0,r3,#26
 1015 00ea 20D5     	 bpl .L89
 159:Core/Src/Interface.cpp ****                  sizeof(buzzerWS_OCPB));
 1016              	 .loc 1 159 11 view .LVU290
 159:Core/Src/Interface.cpp ****                  sizeof(buzzerWS_OCPB));
 1017              	 .loc 1 159 17 is_stmt 0 view .LVU291
 1018 00ec 254E     	 ldr r6,.L126+40
 1019 00ee 04E0     	 b .L115
 1020              	.L82:
 146:Core/Src/Interface.cpp ****         if (errorData.errorCode & ERROR_SCP_B)
 1021              	 .loc 1 146 7 is_stmt 1 view .LVU292
 147:Core/Src/Interface.cpp ****           memcpy(interfaceStatus.buzzerNote, buzzerWS_SCPB,
 1022              	 .loc 1 147 9 view .LVU293
 148:Core/Src/Interface.cpp ****                  sizeof(buzzerWS_SCPB));
 1023              	 .loc 1 148 11 view .LVU294
 151:Core/Src/Interface.cpp ****                  sizeof(buzzerWS_SCPA));
 1024              	 .loc 1 151 11 view .LVU295
 147:Core/Src/Interface.cpp ****           memcpy(interfaceStatus.buzzerNote, buzzerWS_SCPB,
 1025              	 .loc 1 147 9 is_stmt 0 view .LVU296
 1026 00f0 0B88     	 ldrh r3,[r1]
 1027 00f2 1E07     	 lsls r6,r3,#28
 148:Core/Src/Interface.cpp ****                  sizeof(buzzerWS_SCPB));
 1028              	 .loc 1 148 17 view .LVU297
 1029 00f4 4CBF     	 ite mi
 1030 00f6 244E     	 ldrmi r6,.L126+44
 151:Core/Src/Interface.cpp ****                  sizeof(buzzerWS_SCPA));
 1031              	 .loc 1 151 17 view .LVU298
 1032 00f8 244E     	 ldrpl r6,.L126+48
 1033              	.L115:
 174:Core/Src/Interface.cpp ****                  sizeof(buzzerWS_LowBattery));
 1034              	 .loc 1 174 17 view .LVU299
 1035 00fa 214D     	 ldr r5,.L126+36
 1036 00fc 0FCE     	 ldmia r6!,{r0,r1,r2,r3}
 1037 00fe 0FC5     	 stmia r5!,{r0,r1,r2,r3}
 1038 0100 0FCE     	 ldmia r6!,{r0,r1,r2,r3}
ARM GAS   			page 76


 1039 0102 0FC5     	 stmia r5!,{r0,r1,r2,r3}
 1040 0104 0FCE     	 ldmia r6!,{r0,r1,r2,r3}
 1041 0106 0FC5     	 stmia r5!,{r0,r1,r2,r3}
 1042 0108 96E80700 	 ldm r6,{r0,r1,r2}
 1043 010c 85E80700 	 stm r5,{r0,r1,r2}
 1044              	.L113:
 188:Core/Src/Interface.cpp ****       interfaceStatus.buzzerNote[interfaceStatus.noteIndex].startTime) {
 1045              	 .loc 1 188 3 is_stmt 1 view .LVU300
 189:Core/Src/Interface.cpp ****     Buzzer::play(
 1046              	 .loc 1 189 50 is_stmt 0 view .LVU301
 1047 0110 94F84130 	 ldrb r3,[r4,#65]
 189:Core/Src/Interface.cpp ****     Buzzer::play(
 1048              	 .loc 1 189 61 view .LVU302
 1049 0114 03EB4301 	 add r1,r3,r3,lsl#1
 1050 0118 04EB4101 	 add r1,r4,r1,lsl#1
 1051 011c 5A00     	 lsls r2,r3,#1
 188:Core/Src/Interface.cpp ****       interfaceStatus.buzzerNote[interfaceStatus.noteIndex].startTime) {
 1052              	 .loc 1 188 3 view .LVU303
 1053 011e 8988     	 ldrh r1,[r1,#4]
 1054 0120 0029     	 cmp r1,#0
 1055 0122 A2D0     	 beq .L104
 1056              	.L111:
 196:Core/Src/Interface.cpp ****   if (interfaceStatus.buzzerSequenceCnt >= WARNING_PERIOD) {
 1057              	 .loc 1 196 3 is_stmt 1 view .LVU304
 196:Core/Src/Interface.cpp ****   if (interfaceStatus.buzzerSequenceCnt >= WARNING_PERIOD) {
 1058              	 .loc 1 196 36 is_stmt 0 view .LVU305
 1059 0124 0123     	 movs r3,#1
 1060 0126 6380     	 strh r3,[r4,#2]
 197:Core/Src/Interface.cpp ****     Protection::autoClearError();
 1061              	 .loc 1 197 3 is_stmt 1 view .LVU306
 1062              	 .loc 1 202 1 is_stmt 0 view .LVU307
 1063 0128 70BD     	 pop {r4,r5,r6,pc}
 1064              	.L125:
 156:Core/Src/Interface.cpp ****                  sizeof(buzzerWS_OCPA));
 1065              	 .loc 1 156 11 is_stmt 1 view .LVU308
 156:Core/Src/Interface.cpp ****                  sizeof(buzzerWS_OCPA));
 1066              	 .loc 1 156 17 is_stmt 0 view .LVU309
 1067 012a 194E     	 ldr r6,.L126+52
 1068 012c E5E7     	 b .L115
 1069              	.L89:
 161:Core/Src/Interface.cpp ****           memcpy(interfaceStatus.buzzerNote, buzzerWS_OCPR,
 1070              	 .loc 1 161 14 is_stmt 1 view .LVU310
 1071 012e 5906     	 lsls r1,r3,#25
 1072 0130 01D5     	 bpl .L90
 162:Core/Src/Interface.cpp ****                  sizeof(buzzerWS_OCPR));
 1073              	 .loc 1 162 11 view .LVU311
 162:Core/Src/Interface.cpp ****                  sizeof(buzzerWS_OCPR));
 1074              	 .loc 1 162 17 is_stmt 0 view .LVU312
 1075 0132 184E     	 ldr r6,.L126+56
 1076 0134 E1E7     	 b .L115
 1077              	.L90:
 164:Core/Src/Interface.cpp ****           memcpy(interfaceStatus.buzzerNote, buzzerWS_OVPA,
 1078              	 .loc 1 164 14 is_stmt 1 view .LVU313
 165:Core/Src/Interface.cpp ****                  sizeof(buzzerWS_OVPA));
 1079              	 .loc 1 165 11 view .LVU314
 168:Core/Src/Interface.cpp ****                  sizeof(buzzerWS_OVPB));
 1080              	 .loc 1 168 11 view .LVU315
ARM GAS   			page 77


 164:Core/Src/Interface.cpp ****           memcpy(interfaceStatus.buzzerNote, buzzerWS_OVPA,
 1081              	 .loc 1 164 14 is_stmt 0 view .LVU316
 1082 0136 1A06     	 lsls r2,r3,#24
 165:Core/Src/Interface.cpp ****                  sizeof(buzzerWS_OVPA));
 1083              	 .loc 1 165 17 view .LVU317
 1084 0138 4CBF     	 ite mi
 1085 013a 174E     	 ldrmi r6,.L126+60
 168:Core/Src/Interface.cpp ****                  sizeof(buzzerWS_OVPB));
 1086              	 .loc 1 168 17 view .LVU318
 1087 013c 174E     	 ldrpl r6,.L126+64
 1088 013e DCE7     	 b .L115
 1089              	.L78:
 188:Core/Src/Interface.cpp ****       interfaceStatus.buzzerNote[interfaceStatus.noteIndex].startTime) {
 1090              	 .loc 1 188 3 is_stmt 1 view .LVU319
 189:Core/Src/Interface.cpp ****     Buzzer::play(
 1091              	 .loc 1 189 50 is_stmt 0 view .LVU320
 1092 0140 94F84130 	 ldrb r3,[r4,#65]
 189:Core/Src/Interface.cpp ****     Buzzer::play(
 1093              	 .loc 1 189 61 view .LVU321
 1094 0144 0622     	 movs r2,#6
 1095 0146 02FB0342 	 mla r2,r2,r3,r4
 188:Core/Src/Interface.cpp ****       interfaceStatus.buzzerNote[interfaceStatus.noteIndex].startTime) {
 1096              	 .loc 1 188 3 view .LVU322
 1097 014a 9288     	 ldrh r2,[r2,#4]
 1098 014c 002A     	 cmp r2,#0
 1099 014e E9D1     	 bne .L111
 1100 0150 4FF0010C 	 mov ip,#1
 1101 0154 03FA0CF2 	 lsl r2,r3,ip
 1102 0158 89E7     	 b .L84
 1103              	.L127:
 1104 015a 00BF     	 .align 2
 1105              	.L126:
 1106 015c 00000000 	 .word errorData
 1107 0160 00000000 	 .word interfaceStatus
 1108 0164 00000000 	 .word htim1
 1109 0168 00000000 	 .word sysData
 1110 016c 00000000 	 .word _ZN6Buzzer8stopTimeE
 1111 0170 80969800 	 .word 10000000
 1112 0174 404B4C00 	 .word 5000000
 1113 0178 00000000 	 .word _ZL19buzzerWS_LowBattery
 1114 017c 00000000 	 .word _ZL22buzzerWS_Unrecoverable
 1115 0180 04000000 	 .word interfaceStatus+4
 1116 0184 00000000 	 .word _ZL13buzzerWS_OCPB
 1117 0188 00000000 	 .word _ZL13buzzerWS_SCPB
 1118 018c 00000000 	 .word _ZL13buzzerWS_SCPA
 1119 0190 00000000 	 .word _ZL13buzzerWS_OCPA
 1120 0194 00000000 	 .word _ZL13buzzerWS_OCPR
 1121 0198 00000000 	 .word _ZL13buzzerWS_OVPA
 1122 019c 00000000 	 .word _ZL13buzzerWS_OVPB
 1123              	 .cfi_endproc
 1124              	.LFE604:
 1126              	 .section .text.startup._GLOBAL__sub_I_interfaceStatus,"ax",%progbits
 1127              	 .align 1
 1128              	 .p2align 2,,3
 1129              	 .syntax unified
 1130              	 .thumb
 1131              	 .thumb_func
ARM GAS   			page 78


 1133              	_GLOBAL__sub_I_interfaceStatus:
 1134              	.LFB606:
 203:Core/Src/Interface.cpp **** 
 204:Core/Src/Interface.cpp **** } // namespace Interface...
 1135              	 .loc 1 204 1 is_stmt 1 view-0
 1136              	 .cfi_startproc
 1137              	 
 1138              	 
 1139              	 
 1140              	.LBB56:
 1141              	.LBI56:
 1142              	 .loc 1 204 1 view .LVU324
 1143              	.LVL36:
 1144              	.LBB57:
 1145              	.LBI57:
 1146              	 .file 4 "Core/Inc/Interface.hpp"
   1:Core/Inc/Interface.hpp **** #pragma once
   2:Core/Inc/Interface.hpp **** 
   3:Core/Inc/Interface.hpp **** #include "main.h"
   4:Core/Inc/Interface.hpp **** #include "tim.h"
   5:Core/Inc/Interface.hpp **** #include "stdint.h"
   6:Core/Inc/Interface.hpp **** #include "dma.h"
   7:Core/Inc/Interface.hpp **** #include "Config.hpp"
   8:Core/Inc/Interface.hpp **** #include "PowerManager.hpp"
   9:Core/Inc/Interface.hpp **** 
  10:Core/Inc/Interface.hpp **** #define LED_NUM 3
  11:Core/Inc/Interface.hpp **** #define BIT1_WIDTH 137
  12:Core/Inc/Interface.hpp **** #define BIT0_WIDTH 69
  13:Core/Inc/Interface.hpp **** #define DMA_TX_BUFFER_LENGTH 500
  14:Core/Inc/Interface.hpp **** 
  15:Core/Inc/Interface.hpp **** #define WS2812_TIM htim2
  16:Core/Inc/Interface.hpp **** #define WS2812_TIM_CHANNEL TIM_CHANNEL_3
  17:Core/Inc/Interface.hpp **** 
  18:Core/Inc/Interface.hpp **** #define BUZZER_TIM htim1
  19:Core/Inc/Interface.hpp **** #define BUZZER_TIM_CHANNEL TIM_CHANNEL_2
  20:Core/Inc/Interface.hpp **** 
  21:Core/Inc/Interface.hpp **** #define COLOR_YELLOW    0xFFFF00
  22:Core/Inc/Interface.hpp **** #define COLOR_GREEN     0x00FF00
  23:Core/Inc/Interface.hpp **** #define COLOR_BLUE      0x0000FF
  24:Core/Inc/Interface.hpp **** #define COLOR_RED       0xFF0000
  25:Core/Inc/Interface.hpp **** #define COLOR_WHITE     0xFFFFFF
  26:Core/Inc/Interface.hpp **** #define COLOR_BLANK     0x000000
  27:Core/Inc/Interface.hpp **** 
  28:Core/Inc/Interface.hpp **** #define NOTE_WARNING_HIGH_FREQ      1600
  29:Core/Inc/Interface.hpp **** #define NOTE_WARNING_LOW_FREQ       400
  30:Core/Inc/Interface.hpp **** #define NOTE_WARNING_HIGH_DURATION  100
  31:Core/Inc/Interface.hpp **** #define NOTE_WARNING_LOW_DURATION   250
  32:Core/Inc/Interface.hpp **** #define WARNING_PERIOD              5000
  33:Core/Inc/Interface.hpp **** 
  34:Core/Inc/Interface.hpp **** struct BuzzerNote
  35:Core/Inc/Interface.hpp **** {
  36:Core/Inc/Interface.hpp ****     uint16_t startTime;
  37:Core/Inc/Interface.hpp ****     uint16_t freq;
  38:Core/Inc/Interface.hpp ****     uint16_t duration;
  39:Core/Inc/Interface.hpp **** };
  40:Core/Inc/Interface.hpp **** 
  41:Core/Inc/Interface.hpp **** const BuzzerNote buzzerWS_Unrecoverable[10] = 
ARM GAS   			page 79


  42:Core/Inc/Interface.hpp **** {   {0,     NOTE_WARNING_HIGH_FREQ, NOTE_WARNING_HIGH_DURATION},
  43:Core/Inc/Interface.hpp ****     {200,   NOTE_WARNING_HIGH_FREQ, NOTE_WARNING_HIGH_DURATION},
  44:Core/Inc/Interface.hpp ****     {400,   NOTE_WARNING_HIGH_FREQ, NOTE_WARNING_HIGH_DURATION},
  45:Core/Inc/Interface.hpp ****     {600,   NOTE_WARNING_HIGH_FREQ, NOTE_WARNING_HIGH_DURATION},
  46:Core/Inc/Interface.hpp ****     {800,   NOTE_WARNING_HIGH_FREQ, NOTE_WARNING_HIGH_DURATION},
  47:Core/Inc/Interface.hpp ****     {1300,  NOTE_WARNING_LOW_FREQ,  NOTE_WARNING_LOW_DURATION},
  48:Core/Inc/Interface.hpp ****     {WARNING_PERIOD,  0U, 0U}};
  49:Core/Inc/Interface.hpp **** const BuzzerNote buzzerWS_SCPA[10] = 
  50:Core/Inc/Interface.hpp **** {   {0,     NOTE_WARNING_HIGH_FREQ, NOTE_WARNING_HIGH_DURATION},
  51:Core/Inc/Interface.hpp ****     {200,   NOTE_WARNING_HIGH_FREQ, NOTE_WARNING_HIGH_DURATION},
  52:Core/Inc/Interface.hpp ****     {400,   NOTE_WARNING_HIGH_FREQ, NOTE_WARNING_HIGH_DURATION},
  53:Core/Inc/Interface.hpp ****     {600,   NOTE_WARNING_HIGH_FREQ, NOTE_WARNING_HIGH_DURATION},
  54:Core/Inc/Interface.hpp ****     {1100,  NOTE_WARNING_LOW_FREQ,  NOTE_WARNING_LOW_DURATION},
  55:Core/Inc/Interface.hpp ****     {WARNING_PERIOD,  0U, 0U}};
  56:Core/Inc/Interface.hpp **** 
  57:Core/Inc/Interface.hpp **** const BuzzerNote buzzerWS_SCPB[10] = 
  58:Core/Inc/Interface.hpp **** {   {0,     NOTE_WARNING_HIGH_FREQ, NOTE_WARNING_HIGH_DURATION},
  59:Core/Inc/Interface.hpp ****     {200,   NOTE_WARNING_HIGH_FREQ, NOTE_WARNING_HIGH_DURATION},
  60:Core/Inc/Interface.hpp ****     {400,   NOTE_WARNING_HIGH_FREQ, NOTE_WARNING_HIGH_DURATION},
  61:Core/Inc/Interface.hpp ****     {600,   NOTE_WARNING_HIGH_FREQ, NOTE_WARNING_HIGH_DURATION},
  62:Core/Inc/Interface.hpp ****     {1100,  NOTE_WARNING_LOW_FREQ,  NOTE_WARNING_LOW_DURATION},
  63:Core/Inc/Interface.hpp ****     {1600,  NOTE_WARNING_LOW_FREQ,  NOTE_WARNING_LOW_DURATION},
  64:Core/Inc/Interface.hpp ****     {WARNING_PERIOD,  0U, 0U}};
  65:Core/Inc/Interface.hpp **** 
  66:Core/Inc/Interface.hpp **** const BuzzerNote buzzerWS_OCPA[10] = 
  67:Core/Inc/Interface.hpp **** {   {0,     NOTE_WARNING_HIGH_FREQ, NOTE_WARNING_HIGH_DURATION},
  68:Core/Inc/Interface.hpp ****     {200,   NOTE_WARNING_HIGH_FREQ, NOTE_WARNING_HIGH_DURATION},
  69:Core/Inc/Interface.hpp ****     {400,   NOTE_WARNING_HIGH_FREQ, NOTE_WARNING_HIGH_DURATION},
  70:Core/Inc/Interface.hpp ****     {900,   NOTE_WARNING_LOW_FREQ,  NOTE_WARNING_HIGH_DURATION},
  71:Core/Inc/Interface.hpp ****     {WARNING_PERIOD,  0U, 0U}};
  72:Core/Inc/Interface.hpp **** 
  73:Core/Inc/Interface.hpp **** const BuzzerNote buzzerWS_OCPB[10] = 
  74:Core/Inc/Interface.hpp **** {   {0,     NOTE_WARNING_HIGH_FREQ, NOTE_WARNING_HIGH_DURATION},
  75:Core/Inc/Interface.hpp ****     {200,   NOTE_WARNING_HIGH_FREQ, NOTE_WARNING_HIGH_DURATION},
  76:Core/Inc/Interface.hpp ****     {400,   NOTE_WARNING_HIGH_FREQ, NOTE_WARNING_HIGH_DURATION},
  77:Core/Inc/Interface.hpp ****     {900,   NOTE_WARNING_LOW_FREQ,  NOTE_WARNING_HIGH_DURATION},
  78:Core/Inc/Interface.hpp ****     {1100,  NOTE_WARNING_LOW_FREQ,  NOTE_WARNING_HIGH_DURATION},
  79:Core/Inc/Interface.hpp ****     {WARNING_PERIOD,  0U, 0U}};
  80:Core/Inc/Interface.hpp **** 
  81:Core/Inc/Interface.hpp **** const BuzzerNote buzzerWS_OCPR[10] = 
  82:Core/Inc/Interface.hpp **** {   {0,     NOTE_WARNING_HIGH_FREQ, NOTE_WARNING_HIGH_DURATION},
  83:Core/Inc/Interface.hpp ****     {200,   NOTE_WARNING_HIGH_FREQ, NOTE_WARNING_HIGH_DURATION},
  84:Core/Inc/Interface.hpp ****     {400,   NOTE_WARNING_HIGH_FREQ, NOTE_WARNING_HIGH_DURATION},
  85:Core/Inc/Interface.hpp ****     {900,   NOTE_WARNING_LOW_FREQ,  NOTE_WARNING_HIGH_DURATION},
  86:Core/Inc/Interface.hpp ****     {1100,  NOTE_WARNING_LOW_FREQ,  NOTE_WARNING_HIGH_DURATION},
  87:Core/Inc/Interface.hpp ****     {1300,  NOTE_WARNING_LOW_FREQ,  NOTE_WARNING_HIGH_DURATION},
  88:Core/Inc/Interface.hpp ****     {WARNING_PERIOD,  0U, 0U}};
  89:Core/Inc/Interface.hpp **** 
  90:Core/Inc/Interface.hpp **** const BuzzerNote buzzerWS_OVPA[10] = 
  91:Core/Inc/Interface.hpp **** {   {0,     NOTE_WARNING_HIGH_FREQ, NOTE_WARNING_HIGH_DURATION},
  92:Core/Inc/Interface.hpp ****     {200,   NOTE_WARNING_HIGH_FREQ, NOTE_WARNING_HIGH_DURATION},
  93:Core/Inc/Interface.hpp ****     {400,   NOTE_WARNING_HIGH_FREQ, NOTE_WARNING_HIGH_DURATION},
  94:Core/Inc/Interface.hpp ****     {900,   NOTE_WARNING_LOW_FREQ,  NOTE_WARNING_LOW_DURATION},
  95:Core/Inc/Interface.hpp ****     {WARNING_PERIOD,  0U, 0U}};
  96:Core/Inc/Interface.hpp **** 
  97:Core/Inc/Interface.hpp **** const BuzzerNote buzzerWS_OVPB[10] = 
  98:Core/Inc/Interface.hpp **** {   {0,     NOTE_WARNING_HIGH_FREQ, NOTE_WARNING_HIGH_DURATION},
ARM GAS   			page 80


  99:Core/Inc/Interface.hpp ****     {200,   NOTE_WARNING_HIGH_FREQ, NOTE_WARNING_HIGH_DURATION},
 100:Core/Inc/Interface.hpp ****     {400,   NOTE_WARNING_HIGH_FREQ, NOTE_WARNING_HIGH_DURATION},
 101:Core/Inc/Interface.hpp ****     {900,   NOTE_WARNING_LOW_FREQ,  NOTE_WARNING_LOW_DURATION},
 102:Core/Inc/Interface.hpp ****     {1400,  NOTE_WARNING_LOW_FREQ,  NOTE_WARNING_LOW_DURATION},
 103:Core/Inc/Interface.hpp ****     {WARNING_PERIOD,  0U, 0U}};
 104:Core/Inc/Interface.hpp **** 
 105:Core/Inc/Interface.hpp **** const BuzzerNote buzzerWS_LowBattery[10] = 
 106:Core/Inc/Interface.hpp **** {   {0,     1600, 40},
 107:Core/Inc/Interface.hpp ****     {40,    800, 40},
 108:Core/Inc/Interface.hpp ****     {80,    1600, 40},
 109:Core/Inc/Interface.hpp ****     {120,    800, 40},
 110:Core/Inc/Interface.hpp ****     {WARNING_PERIOD,  0U, 0U}};
 111:Core/Inc/Interface.hpp **** 
 112:Core/Inc/Interface.hpp **** 
 113:Core/Inc/Interface.hpp **** 
 114:Core/Inc/Interface.hpp **** struct InterfaceStatus
 1147              	 .loc 4 114 8 view .LVU325
 1148              	.LBB58:
 1149 0000 024B     	 ldr r3,.L129
 1150 0002 0022     	 movs r2,#0
 1151 0004 1A60     	 str r2,[r3]
 1152 0006 A3F84020 	 strh r2,[r3,#64]
 1153              	.LVL37:
 1154              	 .loc 4 114 8 is_stmt 0 view .LVU326
 1155              	.LBE58:
 1156              	.LBE57:
 1157              	.LBE56:
 1158              	 .loc 1 204 1 view .LVU327
 1159 000a 7047     	 bx lr
 1160              	.L130:
 1161              	 .align 2
 1162              	.L129:
 1163 000c 00000000 	 .word interfaceStatus
 1164              	 .cfi_endproc
 1165              	.LFE606:
 1167              	 .section .init_array,"aw",%init_array
 1168              	 .align 2
 1169 0000 00000000 	 .word _GLOBAL__sub_I_interfaceStatus(target1)
 1170              	 .global _ZN6Buzzer8stopTimeE
 1171              	 .section .bss._ZN6Buzzer8stopTimeE,"aw",%nobits
 1172              	 .align 2
 1175              	_ZN6Buzzer8stopTimeE:
 1176 0000 00000000 	 .space 4
 1177              	 .section .bss._ZN6WS2812L10CCRDMABuffE,"aw",%nobits
 1178              	 .align 2
 1181              	_ZN6WS2812L10CCRDMABuffE:
 1182 0000 00000000 	 .space 292
 1182      00000000 
 1182      00000000 
 1182      00000000 
 1182      00000000 
 1183              	 .section .bss._ZN6WS2812L13ws2812_isInitE,"aw",%nobits
 1184              	 .align 2
 1187              	_ZN6WS2812L13ws2812_isInitE:
 1188 0000 00000000 	 .space 4
 1189              	 .section .bss._ZN6WS2812L9rgbStatusE,"aw",%nobits
 1190              	 .align 2
ARM GAS   			page 81


 1193              	_ZN6WS2812L9rgbStatusE:
 1194 0000 00000000 	 .space 11
 1194      00000000 
 1194      000000
 1195              	 .global interfaceStatus
 1196              	 .section .bss.interfaceStatus,"aw",%nobits
 1197              	 .align 2
 1200              	interfaceStatus:
 1201 0000 00000000 	 .space 66
 1201      00000000 
 1201      00000000 
 1201      00000000 
 1201      00000000 
 1202              	 .section .rodata._ZL19buzzerWS_LowBattery,"a"
 1203              	 .align 2
 1206              	_ZL19buzzerWS_LowBattery:
 1207 0000 0000     	 .short 0
 1208 0002 4006     	 .short 1600
 1209 0004 2800     	 .short 40
 1210 0006 2800     	 .short 40
 1211 0008 2003     	 .short 800
 1212 000a 2800     	 .short 40
 1213 000c 5000     	 .short 80
 1214 000e 4006     	 .short 1600
 1215 0010 2800     	 .short 40
 1216 0012 7800     	 .short 120
 1217 0014 2003     	 .short 800
 1218 0016 2800     	 .short 40
 1219 0018 8813     	 .short 5000
 1220 001a 0000     	 .short 0
 1221 001c 0000     	 .short 0
 1222 001e 00000000 	 .space 30
 1222      00000000 
 1222      00000000 
 1222      00000000 
 1222      00000000 
 1223              	 .section .rodata._ZL13buzzerWS_OVPB,"a"
 1224              	 .align 2
 1227              	_ZL13buzzerWS_OVPB:
 1228 0000 0000     	 .short 0
 1229 0002 4006     	 .short 1600
 1230 0004 6400     	 .short 100
 1231 0006 C800     	 .short 200
 1232 0008 4006     	 .short 1600
 1233 000a 6400     	 .short 100
 1234 000c 9001     	 .short 400
 1235 000e 4006     	 .short 1600
 1236 0010 6400     	 .short 100
 1237 0012 8403     	 .short 900
 1238 0014 9001     	 .short 400
 1239 0016 FA00     	 .short 250
 1240 0018 7805     	 .short 1400
 1241 001a 9001     	 .short 400
 1242 001c FA00     	 .short 250
 1243 001e 8813     	 .short 5000
 1244 0020 0000     	 .short 0
 1245 0022 0000     	 .short 0
ARM GAS   			page 82


 1246 0024 00000000 	 .space 24
 1246      00000000 
 1246      00000000 
 1246      00000000 
 1246      00000000 
 1247              	 .section .rodata._ZL13buzzerWS_OVPA,"a"
 1248              	 .align 2
 1251              	_ZL13buzzerWS_OVPA:
 1252 0000 0000     	 .short 0
 1253 0002 4006     	 .short 1600
 1254 0004 6400     	 .short 100
 1255 0006 C800     	 .short 200
 1256 0008 4006     	 .short 1600
 1257 000a 6400     	 .short 100
 1258 000c 9001     	 .short 400
 1259 000e 4006     	 .short 1600
 1260 0010 6400     	 .short 100
 1261 0012 8403     	 .short 900
 1262 0014 9001     	 .short 400
 1263 0016 FA00     	 .short 250
 1264 0018 8813     	 .short 5000
 1265 001a 0000     	 .short 0
 1266 001c 0000     	 .short 0
 1267 001e 00000000 	 .space 30
 1267      00000000 
 1267      00000000 
 1267      00000000 
 1267      00000000 
 1268              	 .section .rodata._ZL13buzzerWS_OCPR,"a"
 1269              	 .align 2
 1272              	_ZL13buzzerWS_OCPR:
 1273 0000 0000     	 .short 0
 1274 0002 4006     	 .short 1600
 1275 0004 6400     	 .short 100
 1276 0006 C800     	 .short 200
 1277 0008 4006     	 .short 1600
 1278 000a 6400     	 .short 100
 1279 000c 9001     	 .short 400
 1280 000e 4006     	 .short 1600
 1281 0010 6400     	 .short 100
 1282 0012 8403     	 .short 900
 1283 0014 9001     	 .short 400
 1284 0016 6400     	 .short 100
 1285 0018 4C04     	 .short 1100
 1286 001a 9001     	 .short 400
 1287 001c 6400     	 .short 100
 1288 001e 1405     	 .short 1300
 1289 0020 9001     	 .short 400
 1290 0022 6400     	 .short 100
 1291 0024 8813     	 .short 5000
 1292 0026 0000     	 .short 0
 1293 0028 0000     	 .short 0
 1294 002a 00000000 	 .space 18
 1294      00000000 
 1294      00000000 
 1294      00000000 
 1294      0000
ARM GAS   			page 83


 1295              	 .section .rodata._ZL13buzzerWS_OCPB,"a"
 1296              	 .align 2
 1299              	_ZL13buzzerWS_OCPB:
 1300 0000 0000     	 .short 0
 1301 0002 4006     	 .short 1600
 1302 0004 6400     	 .short 100
 1303 0006 C800     	 .short 200
 1304 0008 4006     	 .short 1600
 1305 000a 6400     	 .short 100
 1306 000c 9001     	 .short 400
 1307 000e 4006     	 .short 1600
 1308 0010 6400     	 .short 100
 1309 0012 8403     	 .short 900
 1310 0014 9001     	 .short 400
 1311 0016 6400     	 .short 100
 1312 0018 4C04     	 .short 1100
 1313 001a 9001     	 .short 400
 1314 001c 6400     	 .short 100
 1315 001e 8813     	 .short 5000
 1316 0020 0000     	 .short 0
 1317 0022 0000     	 .short 0
 1318 0024 00000000 	 .space 24
 1318      00000000 
 1318      00000000 
 1318      00000000 
 1318      00000000 
 1319              	 .section .rodata._ZL13buzzerWS_OCPA,"a"
 1320              	 .align 2
 1323              	_ZL13buzzerWS_OCPA:
 1324 0000 0000     	 .short 0
 1325 0002 4006     	 .short 1600
 1326 0004 6400     	 .short 100
 1327 0006 C800     	 .short 200
 1328 0008 4006     	 .short 1600
 1329 000a 6400     	 .short 100
 1330 000c 9001     	 .short 400
 1331 000e 4006     	 .short 1600
 1332 0010 6400     	 .short 100
 1333 0012 8403     	 .short 900
 1334 0014 9001     	 .short 400
 1335 0016 6400     	 .short 100
 1336 0018 8813     	 .short 5000
 1337 001a 0000     	 .short 0
 1338 001c 0000     	 .short 0
 1339 001e 00000000 	 .space 30
 1339      00000000 
 1339      00000000 
 1339      00000000 
 1339      00000000 
 1340              	 .section .rodata._ZL13buzzerWS_SCPB,"a"
 1341              	 .align 2
 1344              	_ZL13buzzerWS_SCPB:
 1345 0000 0000     	 .short 0
 1346 0002 4006     	 .short 1600
 1347 0004 6400     	 .short 100
 1348 0006 C800     	 .short 200
 1349 0008 4006     	 .short 1600
ARM GAS   			page 84


 1350 000a 6400     	 .short 100
 1351 000c 9001     	 .short 400
 1352 000e 4006     	 .short 1600
 1353 0010 6400     	 .short 100
 1354 0012 5802     	 .short 600
 1355 0014 4006     	 .short 1600
 1356 0016 6400     	 .short 100
 1357 0018 4C04     	 .short 1100
 1358 001a 9001     	 .short 400
 1359 001c FA00     	 .short 250
 1360 001e 4006     	 .short 1600
 1361 0020 9001     	 .short 400
 1362 0022 FA00     	 .short 250
 1363 0024 8813     	 .short 5000
 1364 0026 0000     	 .short 0
 1365 0028 0000     	 .short 0
 1366 002a 00000000 	 .space 18
 1366      00000000 
 1366      00000000 
 1366      00000000 
 1366      0000
 1367              	 .section .rodata._ZL13buzzerWS_SCPA,"a"
 1368              	 .align 2
 1371              	_ZL13buzzerWS_SCPA:
 1372 0000 0000     	 .short 0
 1373 0002 4006     	 .short 1600
 1374 0004 6400     	 .short 100
 1375 0006 C800     	 .short 200
 1376 0008 4006     	 .short 1600
 1377 000a 6400     	 .short 100
 1378 000c 9001     	 .short 400
 1379 000e 4006     	 .short 1600
 1380 0010 6400     	 .short 100
 1381 0012 5802     	 .short 600
 1382 0014 4006     	 .short 1600
 1383 0016 6400     	 .short 100
 1384 0018 4C04     	 .short 1100
 1385 001a 9001     	 .short 400
 1386 001c FA00     	 .short 250
 1387 001e 8813     	 .short 5000
 1388 0020 0000     	 .short 0
 1389 0022 0000     	 .short 0
 1390 0024 00000000 	 .space 24
 1390      00000000 
 1390      00000000 
 1390      00000000 
 1390      00000000 
 1391              	 .section .rodata._ZL22buzzerWS_Unrecoverable,"a"
 1392              	 .align 2
 1395              	_ZL22buzzerWS_Unrecoverable:
 1396 0000 0000     	 .short 0
 1397 0002 4006     	 .short 1600
 1398 0004 6400     	 .short 100
 1399 0006 C800     	 .short 200
 1400 0008 4006     	 .short 1600
 1401 000a 6400     	 .short 100
 1402 000c 9001     	 .short 400
ARM GAS   			page 85


 1403 000e 4006     	 .short 1600
 1404 0010 6400     	 .short 100
 1405 0012 5802     	 .short 600
 1406 0014 4006     	 .short 1600
 1407 0016 6400     	 .short 100
 1408 0018 2003     	 .short 800
 1409 001a 4006     	 .short 1600
 1410 001c 6400     	 .short 100
 1411 001e 1405     	 .short 1300
 1412 0020 9001     	 .short 400
 1413 0022 FA00     	 .short 250
 1414 0024 8813     	 .short 5000
 1415 0026 0000     	 .short 0
 1416 0028 0000     	 .short 0
 1417 002a 00000000 	 .space 18
 1417      00000000 
 1417      00000000 
 1417      00000000 
 1417      0000
 1418              	 .text
 1419              	.Letext0:
 1420              	 .file 5 "/usr/lib/gcc/arm-none-eabi/14.2.1/include/stdint.h"
 1421              	 .file 6 "Drivers/CMSIS/Device/ST/STM32G4xx/Include/stm32g474xx.h"
 1422              	 .file 7 "Drivers/CMSIS/Device/ST/STM32G4xx/Include/stm32g4xx.h"
 1423              	 .file 8 "Drivers/STM32G4xx_HAL_Driver/Inc/stm32g4xx_hal_def.h"
 1424              	 .file 9 "Drivers/STM32G4xx_HAL_Driver/Inc/stm32g4xx_hal_gpio.h"
 1425              	 .file 10 "Drivers/STM32G4xx_HAL_Driver/Inc/stm32g4xx_hal_dma.h"
 1426              	 .file 11 "Drivers/STM32G4xx_HAL_Driver/Inc/stm32g4xx_hal_comp.h"
 1427              	 .file 12 "Drivers/STM32G4xx_HAL_Driver/Inc/stm32g4xx_hal_tim.h"
 1428              	 .file 13 "Core/Inc/tim.h"
 1429              	 .file 14 "/usr/include/newlib/c++/14.2.1/bits/cpp_type_traits.h"
 1430              	 .file 15 "/usr/include/newlib/c++/14.2.1/cmath"
 1431              	 .file 16 "/usr/include/newlib/c++/14.2.1/bits/std_abs.h"
 1432              	 .file 17 "/usr/include/newlib/c++/14.2.1/arm-none-eabi/thumb/v7e-m+fp/hard/bits/c++config.h"
 1433              	 .file 18 "/usr/include/newlib/math.h"
 1434              	 .file 19 "/usr/include/newlib/c++/14.2.1/math.h"
 1435              	 .file 20 "Core/Inc/PowerManager.hpp"
 1436              	 .file 21 "Drivers/STM32G4xx_HAL_Driver/Inc/stm32g4xx_hal_tim_ex.h"
ARM GAS   			page 86


DEFINED SYMBOLS
                            *ABS*:00000000 Interface.cpp
    {standard input}:19     .text._ZN6WS281232PWM_DMA_TransmitFinshed_CallbackEP19__TIM_HandleTypeDef:00000000 $t
    {standard input}:26     .text._ZN6WS281232PWM_DMA_TransmitFinshed_CallbackEP19__TIM_HandleTypeDef:00000000 _ZN6WS281232PWM_DMA_TransmitFinshed_CallbackEP19__TIM_HandleTypeDef
    {standard input}:70     .text._ZN6WS281232PWM_DMA_TransmitFinshed_CallbackEP19__TIM_HandleTypeDef:00000018 $d
    {standard input}:1193   .bss._ZN6WS2812L9rgbStatusE:00000000 _ZN6WS2812L9rgbStatusE
    {standard input}:76     .text._ZN6WS28124initEv:00000000 $t
    {standard input}:83     .text._ZN6WS28124initEv:00000000 _ZN6WS28124initEv
    {standard input}:121    .text._ZN6WS28124initEv:0000001c $d
    {standard input}:1187   .bss._ZN6WS2812L13ws2812_isInitE:00000000 _ZN6WS2812L13ws2812_isInitE
    {standard input}:128    .text._ZN6WS28126updateEv:00000000 $t
    {standard input}:135    .text._ZN6WS28126updateEv:00000000 _ZN6WS28126updateEv
    {standard input}:267    .text._ZN6WS28126updateEv:00000070 $d
    {standard input}:1181   .bss._ZN6WS2812L10CCRDMABuffE:00000000 _ZN6WS2812L10CCRDMABuffE
    {standard input}:277    .text._ZN6WS28125blinkEhhhh:00000000 $t
    {standard input}:284    .text._ZN6WS28125blinkEhhhh:00000000 _ZN6WS28125blinkEhhhh
    {standard input}:339    .text._ZN6WS28125blinkEhhhh:00000024 $d
    {standard input}:344    .text._ZN6WS28125blinkEhm:00000000 $t
    {standard input}:351    .text._ZN6WS28125blinkEhm:00000000 _ZN6WS28125blinkEhm
    {standard input}:397    .text._ZN6WS28125blinkEhm:00000024 $d
    {standard input}:402    .text._ZN6Buzzer4initEv:00000000 $t
    {standard input}:409    .text._ZN6Buzzer4initEv:00000000 _ZN6Buzzer4initEv
    {standard input}:450    .text._ZN6Buzzer4initEv:0000001c $d
    {standard input}:455    .text._ZN6Buzzer4stopEv:00000000 $t
    {standard input}:462    .text._ZN6Buzzer4stopEv:00000000 _ZN6Buzzer4stopEv
    {standard input}:479    .text._ZN6Buzzer4stopEv:0000000c $d
    {standard input}:484    .text._ZN6Buzzer4playEtt:00000000 $t
    {standard input}:491    .text._ZN6Buzzer4playEtt:00000000 _ZN6Buzzer4playEtt
    {standard input}:543    .text._ZN6Buzzer4playEtt:00000028 $d
    {standard input}:1175   .bss._ZN6Buzzer8stopTimeE:00000000 _ZN6Buzzer8stopTimeE
    {standard input}:552    .text._ZN6Buzzer6updateEv:00000000 $t
    {standard input}:559    .text._ZN6Buzzer6updateEv:00000000 _ZN6Buzzer6updateEv
    {standard input}:594    .text._ZN6Buzzer6updateEv:00000018 $d
    {standard input}:601    .text._ZN9Interface17updateButtonStateEv:00000000 $t
    {standard input}:608    .text._ZN9Interface17updateButtonStateEv:00000000 _ZN9Interface17updateButtonStateEv
    {standard input}:780    .text._ZN9Interface17updateButtonStateEv:0000007c $d
    {standard input}:789    .text._ZN9Interface20updateBuzzerSequenceEv:00000000 $t
    {standard input}:796    .text._ZN9Interface20updateBuzzerSequenceEv:00000000 _ZN9Interface20updateBuzzerSequenceEv
    {standard input}:868    .text._ZN9Interface20updateBuzzerSequenceEv:0000004e $d
    {standard input}:872    .text._ZN9Interface20updateBuzzerSequenceEv:00000052 $t
    {standard input}:1106   .text._ZN9Interface20updateBuzzerSequenceEv:0000015c $d
    {standard input}:1200   .bss.interfaceStatus:00000000 interfaceStatus
    {standard input}:1206   .rodata._ZL19buzzerWS_LowBattery:00000000 _ZL19buzzerWS_LowBattery
    {standard input}:1395   .rodata._ZL22buzzerWS_Unrecoverable:00000000 _ZL22buzzerWS_Unrecoverable
    {standard input}:1299   .rodata._ZL13buzzerWS_OCPB:00000000 _ZL13buzzerWS_OCPB
    {standard input}:1344   .rodata._ZL13buzzerWS_SCPB:00000000 _ZL13buzzerWS_SCPB
    {standard input}:1371   .rodata._ZL13buzzerWS_SCPA:00000000 _ZL13buzzerWS_SCPA
    {standard input}:1323   .rodata._ZL13buzzerWS_OCPA:00000000 _ZL13buzzerWS_OCPA
    {standard input}:1272   .rodata._ZL13buzzerWS_OCPR:00000000 _ZL13buzzerWS_OCPR
    {standard input}:1251   .rodata._ZL13buzzerWS_OVPA:00000000 _ZL13buzzerWS_OVPA
    {standard input}:1227   .rodata._ZL13buzzerWS_OVPB:00000000 _ZL13buzzerWS_OVPB
    {standard input}:1127   .text.startup._GLOBAL__sub_I_interfaceStatus:00000000 $t
    {standard input}:1133   .text.startup._GLOBAL__sub_I_interfaceStatus:00000000 _GLOBAL__sub_I_interfaceStatus
    {standard input}:1163   .text.startup._GLOBAL__sub_I_interfaceStatus:0000000c $d
    {standard input}:1168   .init_array:00000000 $d
    {standard input}:1172   .bss._ZN6Buzzer8stopTimeE:00000000 $d
    {standard input}:1178   .bss._ZN6WS2812L10CCRDMABuffE:00000000 $d
ARM GAS   			page 87


    {standard input}:1184   .bss._ZN6WS2812L13ws2812_isInitE:00000000 $d
    {standard input}:1190   .bss._ZN6WS2812L9rgbStatusE:00000000 $d
    {standard input}:1197   .bss.interfaceStatus:00000000 $d
    {standard input}:1203   .rodata._ZL19buzzerWS_LowBattery:00000000 $d
    {standard input}:1224   .rodata._ZL13buzzerWS_OVPB:00000000 $d
    {standard input}:1248   .rodata._ZL13buzzerWS_OVPA:00000000 $d
    {standard input}:1269   .rodata._ZL13buzzerWS_OCPR:00000000 $d
    {standard input}:1296   .rodata._ZL13buzzerWS_OCPB:00000000 $d
    {standard input}:1320   .rodata._ZL13buzzerWS_OCPA:00000000 $d
    {standard input}:1341   .rodata._ZL13buzzerWS_SCPB:00000000 $d
    {standard input}:1368   .rodata._ZL13buzzerWS_SCPA:00000000 $d
    {standard input}:1392   .rodata._ZL22buzzerWS_Unrecoverable:00000000 $d
                           .group:00000000 wm4.0.8f6dc0222acdce5cfa516585efe99e42
                           .group:00000000 wm4.stm32g4xx_hal_conf.h.23.942b1d1576b5866b7e11680d4727b823
                           .group:00000000 wm4.stm32g4xx.h.38.4ce5d67cecf3db23972af81b516b937b
                           .group:00000000 wm4.stm32g474xx.h.34.0f14ed7ce45f8c3c7c55af7520d7efa5
                           .group:00000000 wm4.stdint.h.29.6d480f4ba0f60596e88234283d42444f
                           .group:00000000 wm4.cmsis_version.h.32.46e8eccfa2cfeaae11d008bb2823a3ed
                           .group:00000000 wm4.core_cm4.h.66.e4ff136c4a17abc46741866f64f8e729
                           .group:00000000 wm4.cmsis_gcc.h.26.78077cef1206e937f7b56043ffca496a
                           .group:00000000 wm4.core_cm4.h.174.701851045f388571f9bdeebf2557adc2
                           .group:00000000 wm4.mpu_armv7.h.32.4049752bb5792d4e15357775e9506cfc
                           .group:00000000 wm4.stm32g474xx.h.714.40df4d5d8bd1a3a0e2dcb49e18b09038
                           .group:00000000 wm4.stm32g4xx.h.158.aa4340ed3b15fb0d4b1741cf5ce96563
                           .group:00000000 wm4.stm32_hal_legacy.h.22.e1e932ae083ad1562e3b1af87ae47999
                           .group:00000000 wm4.stddef.h.39.6a366d794a51dd51221993fa348b00b3
                           .group:00000000 wm4.stm32g4xx_hal_def.h.57.460ac21f0caebde175d7222cb23afe15
                           .group:00000000 wm4.stm32g4xx_hal_rcc.h.135.8d28bdf720f4165758e115c83d05a7c2
                           .group:00000000 wm4.stm32g4xx_hal_rcc_ex.h.20.a381de89af88802207f549f948fabbc4
                           .group:00000000 wm4.stm32g4xx_hal_gpio.h.21.2ca30689d7a5ad939e06f5298d557243
                           .group:00000000 wm4.stm32g4xx_hal_gpio_ex.h.22.1b7da6fc7615b2341724123ae8e461d9
                           .group:00000000 wm4.stm32g4xx_hal_dma.h.21.2e23b0d56595a6b838cda841e78b2cf2
                           .group:00000000 wm4.stm32g4xx_hal_dma_ex.h.21.93a1fe56678997ad72754076070f4a0d
                           .group:00000000 wm4.stm32g4xx_hal_dma.h.803.dd88ea57b632f588d556f066658ac8d8
                           .group:00000000 wm4.stm32g4xx_hal_cortex.h.20.1ad77fb6b4fc679887cb0a980ea44a7a
                           .group:00000000 wm4.stm32g4xx_ll_adc.h.21.8052bcc80fb264686ac0eb0df096b4eb
                           .group:00000000 wm4.stm32g4xx_hal_adc.h.441.b9143c2a34e1e7389f3042e2226178dc
                           .group:00000000 wm4.stm32g4xx_hal_adc_ex.h.21.bf5e513b0c782ac53971b6599734b8c4
                           .group:00000000 wm4.stm32g4xx_ll_exti.h.21.3148a6980741767f71761eb445f346e9
                           .group:00000000 wm4.stm32g4xx_hal_comp.h.74.993852ecfac8b19c902e64e33c61511c
                           .group:00000000 wm4.stm32g4xx_hal_dac.h.21.db627068e52007634376a4c972c5d419
                           .group:00000000 wm4.stm32g4xx_hal_dac_ex.h.21.3725e9b2e9e08a08e2a598b2d2f18a92
                           .group:00000000 wm4.stm32g4xx_hal_exti.h.21.723acd8e98480aae634680651af4eb2a
                           .group:00000000 wm4.stm32g4xx_hal_fdcan.h.21.7e3b4b48cfc4adf8b669f7e4b16ec2a0
                           .group:00000000 wm4.stm32g4xx_hal_flash.h.20.d5eb04c7abbe2eb79b40a04b3414a774
                           .group:00000000 wm4.stm32g4xx_hal_flash.h.868.06dd2f9ca2f40ac164951ad647480079
                           .group:00000000 wm4.stm32g4xx_hal_hrtim.h.21.5bb9cc2116aa63503a68d53ce84fbb8c
                           .group:00000000 wm4.stm32g4xx_hal_opamp.h.21.0de86917e81e98dccfa125838db59b66
                           .group:00000000 wm4.stm32g4xx_hal_pwr.h.21.9b149e14c0ecf58cee46e8fb7f654b77
                           .group:00000000 wm4.stm32g4xx_hal_pwr_ex.h.21.32206cbbd2cbec024b8600a98cfa3df7
                           .group:00000000 wm4.stm32g4xx_hal_tim.h.21.48998681c932026239437f6645b6b47f
                           .group:00000000 wm4.stm32g4xx_hal_tim_ex.h.21.931c546f492dcdbc9ac587da38712500
                           .group:00000000 wm4.stm32g4xx_hal.h.49.77ad48c45d6a59e5132483403b560be0
                           .group:00000000 wm4.main.h.60.b5d5fcf8e20642920eaa5e2c93fc5ae7
                           .group:00000000 wm4.Config.hpp.4.e77f300c0d363d6e490ad58899efbd85
                           .group:00000000 wm4.Calibration.hpp.4.d8b01743c3d98754e3e3e7f6eacc606c
                           .group:00000000 wm4.cconfig.h.31.efd9728f6c1cd95dec278d75223964a3
ARM GAS   			page 88


                           .group:00000000 wm4.cpu_defines.h.31.bf53b50a3b7882b34c717ebded187478
                           .group:00000000 wm4.cconfig.h.688.a028d521e16055a3e4f3d534dbab57df
                           .group:00000000 wm4.cpp_type_traits.h.33.b2288289d5c7729e9da760b2466185ce
                           .group:00000000 wm4._newlib_version.h.4.0eb654b64686e2bd29646258853f6c22
                           .group:00000000 wm4.newlib.h.27.c836a31b4651d2e2221512767dba946d
                           .group:00000000 wm4.ieeefp.h.77.61a77db5804869b1dadd307a77cf78c9
                           .group:00000000 wm4.features.h.22.4b93ad64e0d80833c46a20ecae380bb0
                           .group:00000000 wm4.config.h.224.88344135d9de3e7ea139102cd6493448
                           .group:00000000 wm4._ansi.h.21.5136fa2a01d1fcd44a2e65c6c2417611
                           .group:00000000 wm4._default_types.h.6.959254cf5f09734ea7516c89e8bb21bd
                           .group:00000000 wm4.cdefs.h.49.709b2487a8c4d8a66169e88314babbf0
                           .group:00000000 wm4._types.h.20.dd0d04dca3800a0d2a6129b87f3adbb2
                           .group:00000000 wm4.stddef.h.158.3fff3361c70cda206521c37291df2349
                           .group:00000000 wm4._types.h.127.3bdfe3ff8ea2d0985b03d9cbe93480e3
                           .group:00000000 wm4.reent.h.18.25503cdc8b7e55dd0d6ea7b3e5af7a03
                           .group:00000000 wm4.lock.h.2.c0958401bd0ce484d507ee19aacab817
                           .group:00000000 wm4.reent.h.78.390de510207922ae4defb78c0f450fc3
                           .group:00000000 wm4.assert.h.11.a5d97ca77559a42890313c4941c01fd9
                           .group:00000000 wm4.reent.h.463.ea06f504d21c8c4258c6fe87e50d6d65
                           .group:00000000 wm4.math.h.13.2e6865621b215578d4c2c0c464db4955
                           .group:00000000 wm4.std_abs.h.31.040e5b5b1580bc5021e41927de41d0b5
                           .group:00000000 wm4.stdlib.h.13.4ed386f5c1a80d71e72172885d946ef2
                           .group:00000000 wm4.stddef.h.158.0f92cc28c47dc7125844b7df2e400b04
                           .group:00000000 wm4.alloca.h.8.dfc0c703c47ec3e69746825b17d9e66d
                           .group:00000000 wm4.stdlib.h.56.f4862cfbf4363a1db01842d5bdf72c18
                           .group:00000000 wm4.std_abs.h.42.301267e565a27b578b118540cf0e4de0
                           .group:00000000 wm4.cmath.52.8686cf09462fb5ec874ed5812f528e33
                           .group:00000000 wm4.version.h.53.eddb904a5ed2508953a0d233a0cbe846
                           .group:00000000 wm4.cmath.59.a017be978e4f860d3dddb5e396d497ec
                           .group:00000000 wm4.Utility.hpp.9.378999a7136498b1fcaa268e05c8cfe4
                           .group:00000000 wm4.PowerManager.hpp.21.217185d07295a9dd34c438f7c358eabe
                           .group:00000000 wm4.Interface.hpp.10.709a2db53a2c99c6d60ed43b74d29ae4
                           .group:00000000 wm4.string.h.8.c4b8571ce60dff2817f43fec8b86aecd

UNDEFINED SYMBOLS
HAL_TIM_PWM_Stop_DMA
htim2
HAL_TIM_RegisterCallback
HAL_TIM_PWM_Start_DMA
HAL_TIMEx_PWMN_Start
htim1
sysData
HAL_GPIO_ReadPin
_ZN5HRTIM15disableOutputABEv
_ZN10Protection14autoClearErrorEv
_ZN10Protection16manualClearErrorEv
errorData
