ARM GAS   			page 1


   1              	 .cpu cortex-m4
   2              	 .arch armv7e-m
   3              	 .fpu fpv4-sp-d16
   4              	 .eabi_attribute 27,1
   5              	 .eabi_attribute 28,1
   6              	 .eabi_attribute 23,1
   7              	 .eabi_attribute 24,1
   8              	 .eabi_attribute 25,1
   9              	 .eabi_attribute 26,1
  10              	 .eabi_attribute 30,2
  11              	 .eabi_attribute 34,1
  12              	 .eabi_attribute 18,4
  13              	 .file "PowerManager.cpp"
  14              	 .text
  15              	.Ltext0:
  16              	 .cfi_sections .debug_frame
  17              	 .file 1 "Core/Src/PowerManager.cpp"
  18              	 .section .text._ZN5HRTIM10startTimerEv,"ax",%progbits
  19              	 .align 1
  20              	 .p2align 2,,3
  21              	 .global _ZN5HRTIM10startTimerEv
  22              	 .syntax unified
  23              	 .thumb
  24              	 .thumb_func
  26              	_ZN5HRTIM10startTimerEv:
  27              	.LFB618:
   1:Core/Src/PowerManager.cpp **** 
   2:Core/Src/PowerManager.cpp **** 
   3:Core/Src/PowerManager.cpp **** #include "PowerManager.hpp"
   4:Core/Src/PowerManager.cpp **** #include "hrtim.h"
   5:Core/Src/PowerManager.cpp **** 
   6:Core/Src/PowerManager.cpp **** SystemData sysData;
   7:Core/Src/PowerManager.cpp **** ADCData adcData;
   8:Core/Src/PowerManager.cpp **** ControlData ctrlData;
   9:Core/Src/PowerManager.cpp **** CAPARRStatus capStatus;
  10:Core/Src/PowerManager.cpp **** LoopControlData mfLoop;
  11:Core/Src/PowerManager.cpp **** ErrorData errorData;
  12:Core/Src/PowerManager.cpp **** PowerStageData psData;
  13:Core/Src/PowerManager.cpp **** 
  14:Core/Src/PowerManager.cpp **** namespace HRTIM {
  15:Core/Src/PowerManager.cpp **** 
  16:Core/Src/PowerManager.cpp **** void startTimer() {
  28              	 .loc 1 16 19 view-0
  29              	 .cfi_startproc
  30              	 
  31              	 
  17:Core/Src/PowerManager.cpp ****   __HAL_HRTIM_MASTER_ENABLE_IT(&hhrtim1, HRTIM_MASTER_IT_MREP);
  32              	 .loc 1 17 3 view .LVU1
  16:Core/Src/PowerManager.cpp ****   __HAL_HRTIM_MASTER_ENABLE_IT(&hhrtim1, HRTIM_MASTER_IT_MREP);
  33              	 .loc 1 16 19 is_stmt 0 view .LVU2
  34 0000 10B5     	 push {r4,lr}
  35              	 .cfi_def_cfa_offset 8
  36              	 .cfi_offset 4,-8
  37              	 .cfi_offset 14,-4
  38              	 .loc 1 17 3 view .LVU3
  39 0002 0F4C     	 ldr r4,.L4
  40 0004 2268     	 ldr r2,[r4]
ARM GAS   			page 2


  41 0006 D368     	 ldr r3,[r2,#12]
  42 0008 43F01003 	 orr r3,r3,#16
  43 000c D360     	 str r3,[r2,#12]
  18:Core/Src/PowerManager.cpp ****   HAL_HRTIM_WaveformCountStart(&hhrtim1, HRTIM_TIMERID_MASTER);
  44              	 .loc 1 18 3 is_stmt 1 view .LVU4
  45              	 .loc 1 18 31 is_stmt 0 view .LVU5
  46 000e 4FF48031 	 mov r1,#65536
  47 0012 2046     	 mov r0,r4
  48 0014 FFF7FEFF 	 bl HAL_HRTIM_WaveformCountStart
  49              	.LVL0:
  19:Core/Src/PowerManager.cpp ****   HAL_HRTIM_WaveformCountStart(&hhrtim1, HRTIM_TIMERID_TIMER_A);
  50              	 .loc 1 19 3 is_stmt 1 view .LVU6
  51              	 .loc 1 19 31 is_stmt 0 view .LVU7
  52 0018 4FF40031 	 mov r1,#131072
  53 001c 2046     	 mov r0,r4
  54 001e FFF7FEFF 	 bl HAL_HRTIM_WaveformCountStart
  55              	.LVL1:
  20:Core/Src/PowerManager.cpp ****   HAL_HRTIM_WaveformCountStart(&hhrtim1, HRTIM_TIMERID_TIMER_B);
  56              	 .loc 1 20 3 is_stmt 1 view .LVU8
  57              	 .loc 1 20 31 is_stmt 0 view .LVU9
  58 0022 4FF48021 	 mov r1,#262144
  59 0026 2046     	 mov r0,r4
  60 0028 FFF7FEFF 	 bl HAL_HRTIM_WaveformCountStart
  61              	.LVL2:
  21:Core/Src/PowerManager.cpp ****   HAL_HRTIM_WaveformCountStart_DMA(&hhrtim1, HRTIM_TIMERID_TIMER_E);
  62              	 .loc 1 21 3 is_stmt 1 view .LVU10
  63              	 .loc 1 21 35 is_stmt 0 view .LVU11
  64 002c 4FF40011 	 mov r1,#2097152
  65 0030 2046     	 mov r0,r4
  66 0032 FFF7FEFF 	 bl HAL_HRTIM_WaveformCountStart_DMA
  67              	.LVL3:
  22:Core/Src/PowerManager.cpp ****   psData.timerEnabled = 1;
  68              	 .loc 1 22 3 is_stmt 1 view .LVU12
  69              	 .loc 1 22 23 is_stmt 0 view .LVU13
  70 0036 034B     	 ldr r3,.L4+4
  71 0038 0122     	 movs r2,#1
  72 003a 1A70     	 strb r2,[r3]
  23:Core/Src/PowerManager.cpp **** }
  73              	 .loc 1 23 1 view .LVU14
  74 003c 10BD     	 pop {r4,pc}
  75              	.L5:
  76 003e 00BF     	 .align 2
  77              	.L4:
  78 0040 00000000 	 .word hhrtim1
  79 0044 00000000 	 .word psData
  80              	 .cfi_endproc
  81              	.LFE618:
  83              	 .section .text._ZN5HRTIM9stopTimerEv,"ax",%progbits
  84              	 .align 1
  85              	 .p2align 2,,3
  86              	 .global _ZN5HRTIM9stopTimerEv
  87              	 .syntax unified
  88              	 .thumb
  89              	 .thumb_func
  91              	_ZN5HRTIM9stopTimerEv:
  92              	.LFB619:
  24:Core/Src/PowerManager.cpp **** 
ARM GAS   			page 3


  25:Core/Src/PowerManager.cpp **** void stopTimer() {
  93              	 .loc 1 25 18 is_stmt 1 view-0
  94              	 .cfi_startproc
  95              	 
  96              	 
  26:Core/Src/PowerManager.cpp ****   disableOutputAB();
  97              	 .loc 1 26 3 view .LVU16
  98              	.LBB44:
  99              	.LBI44:
  27:Core/Src/PowerManager.cpp ****   __HAL_HRTIM_MASTER_DISABLE_IT(&hhrtim1, HRTIM_MASTER_IT_MREP);
  28:Core/Src/PowerManager.cpp ****   HAL_HRTIM_WaveformCounterStop(&hhrtim1, HRTIM_TIMERID_MASTER);
  29:Core/Src/PowerManager.cpp ****   HAL_HRTIM_WaveformCounterStop(&hhrtim1, HRTIM_TIMERID_TIMER_A);
  30:Core/Src/PowerManager.cpp ****   HAL_HRTIM_WaveformCounterStop(&hhrtim1, HRTIM_TIMERID_TIMER_B);
  31:Core/Src/PowerManager.cpp ****   psData.timerEnabled = 0;
  32:Core/Src/PowerManager.cpp **** }
  33:Core/Src/PowerManager.cpp **** 
  34:Core/Src/PowerManager.cpp **** bool enableOutputAB() {
  35:Core/Src/PowerManager.cpp ****   if (!psData.timerEnabled || !psData.allowEnableOutput)
  36:Core/Src/PowerManager.cpp ****     return false;
  37:Core/Src/PowerManager.cpp ****   HAL_HRTIM_WaveformOutputStart(&hhrtim1, HRTIM_OUTPUT_TA1 + HRTIM_OUTPUT_TA2);
  38:Core/Src/PowerManager.cpp ****   HAL_HRTIM_WaveformOutputStart(&hhrtim1, HRTIM_OUTPUT_TB1 + HRTIM_OUTPUT_TB2);
  39:Core/Src/PowerManager.cpp ****   psData.outputABEnabled = 1;
  40:Core/Src/PowerManager.cpp ****   Buzzer::play(1250, 200);
  41:Core/Src/PowerManager.cpp ****   return true;
  42:Core/Src/PowerManager.cpp **** }
  43:Core/Src/PowerManager.cpp **** 
  44:Core/Src/PowerManager.cpp **** bool enableOutputE(float dutyE) {
  45:Core/Src/PowerManager.cpp ****   if (!psData.timerEnabled) //
  46:Core/Src/PowerManager.cpp ****     return false;
  47:Core/Src/PowerManager.cpp ****   __HAL_HRTIM_SETCOMPARE(&hhrtim1, HRTIM_TIMERINDEX_TIMER_E,
  48:Core/Src/PowerManager.cpp ****                          HRTIM_COMPAREUNIT_1, HRTIM_PERIOD * dutyE);
  49:Core/Src/PowerManager.cpp ****   HAL_HRTIM_WaveformOutputStart(&hhrtim1, HRTIM_OUTPUT_TE1 + HRTIM_OUTPUT_TE2);
  50:Core/Src/PowerManager.cpp ****   psData.outputEEnabled = 1;
  51:Core/Src/PowerManager.cpp ****   Buzzer::play(2500, 100);
  52:Core/Src/PowerManager.cpp ****   return true;
  53:Core/Src/PowerManager.cpp **** }
  54:Core/Src/PowerManager.cpp **** 
  55:Core/Src/PowerManager.cpp **** void disableOutputE() {
  56:Core/Src/PowerManager.cpp ****   HAL_HRTIM_WaveformOutputStop(&hhrtim1, HRTIM_OUTPUT_TE1 + HRTIM_OUTPUT_TE2);
  57:Core/Src/PowerManager.cpp ****   psData.outputEEnabled = 0;
  58:Core/Src/PowerManager.cpp ****   Buzzer::play(400, 200);
  59:Core/Src/PowerManager.cpp **** }
  60:Core/Src/PowerManager.cpp **** 
  61:Core/Src/PowerManager.cpp **** void disableOutputAB() {
 100              	 .loc 1 61 6 view .LVU17
 101              	.LBB45:
  62:Core/Src/PowerManager.cpp ****   HAL_HRTIM_WaveformOutputStop(&hhrtim1, HRTIM_OUTPUT_TA1 + HRTIM_OUTPUT_TA2);
 102              	 .loc 1 62 3 view .LVU18
 103              	.LBE45:
 104              	.LBE44:
  25:Core/Src/PowerManager.cpp ****   disableOutputAB();
 105              	 .loc 1 25 18 is_stmt 0 view .LVU19
 106 0000 70B5     	 push {r4,r5,r6,lr}
 107              	 .cfi_def_cfa_offset 16
 108              	 .cfi_offset 4,-16
 109              	 .cfi_offset 5,-12
 110              	 .cfi_offset 6,-8
ARM GAS   			page 4


 111              	 .cfi_offset 14,-4
 112              	.LBB47:
 113              	.LBB46:
 114              	 .loc 1 62 31 view .LVU20
 115 0002 134C     	 ldr r4,.L8
  63:Core/Src/PowerManager.cpp ****   HAL_HRTIM_WaveformOutputStop(&hhrtim1, HRTIM_OUTPUT_TB1 + HRTIM_OUTPUT_TB2);
  64:Core/Src/PowerManager.cpp ****   psData.outputABEnabled = 0;
 116              	 .loc 1 64 26 view .LVU21
 117 0004 134D     	 ldr r5,.L8+4
  62:Core/Src/PowerManager.cpp ****   HAL_HRTIM_WaveformOutputStop(&hhrtim1, HRTIM_OUTPUT_TB1 + HRTIM_OUTPUT_TB2);
 118              	 .loc 1 62 31 view .LVU22
 119 0006 0321     	 movs r1,#3
 120 0008 2046     	 mov r0,r4
 121 000a FFF7FEFF 	 bl HAL_HRTIM_WaveformOutputStop
 122              	.LVL4:
  63:Core/Src/PowerManager.cpp ****   HAL_HRTIM_WaveformOutputStop(&hhrtim1, HRTIM_OUTPUT_TB1 + HRTIM_OUTPUT_TB2);
 123              	 .loc 1 63 3 is_stmt 1 view .LVU23
  63:Core/Src/PowerManager.cpp ****   HAL_HRTIM_WaveformOutputStop(&hhrtim1, HRTIM_OUTPUT_TB1 + HRTIM_OUTPUT_TB2);
 124              	 .loc 1 63 31 is_stmt 0 view .LVU24
 125 000e 0C21     	 movs r1,#12
 126 0010 2046     	 mov r0,r4
 127 0012 FFF7FEFF 	 bl HAL_HRTIM_WaveformOutputStop
 128              	.LVL5:
 129              	 .loc 1 64 3 is_stmt 1 view .LVU25
  65:Core/Src/PowerManager.cpp ****   Buzzer::play(200, 200);
 130              	 .loc 1 65 15 is_stmt 0 view .LVU26
 131 0016 C821     	 movs r1,#200
 132 0018 0846     	 mov r0,r1
  64:Core/Src/PowerManager.cpp ****   Buzzer::play(200, 200);
 133              	 .loc 1 64 26 view .LVU27
 134 001a 0026     	 movs r6,#0
 135 001c 6E70     	 strb r6,[r5,#1]
 136              	 .loc 1 65 3 is_stmt 1 view .LVU28
 137              	 .loc 1 65 15 is_stmt 0 view .LVU29
 138 001e FFF7FEFF 	 bl _ZN6Buzzer4playEtt
 139              	.LVL6:
 140              	.LBE46:
 141              	.LBE47:
  27:Core/Src/PowerManager.cpp ****   HAL_HRTIM_WaveformCounterStop(&hhrtim1, HRTIM_TIMERID_MASTER);
 142              	 .loc 1 27 3 is_stmt 1 view .LVU30
 143 0022 2268     	 ldr r2,[r4]
 144 0024 D368     	 ldr r3,[r2,#12]
 145 0026 23F01003 	 bic r3,r3,#16
 146 002a D360     	 str r3,[r2,#12]
  28:Core/Src/PowerManager.cpp ****   HAL_HRTIM_WaveformCounterStop(&hhrtim1, HRTIM_TIMERID_TIMER_A);
 147              	 .loc 1 28 3 view .LVU31
  28:Core/Src/PowerManager.cpp ****   HAL_HRTIM_WaveformCounterStop(&hhrtim1, HRTIM_TIMERID_TIMER_A);
 148              	 .loc 1 28 32 is_stmt 0 view .LVU32
 149 002c 4FF48031 	 mov r1,#65536
 150 0030 2046     	 mov r0,r4
 151 0032 FFF7FEFF 	 bl HAL_HRTIM_WaveformCountStop
 152              	.LVL7:
  29:Core/Src/PowerManager.cpp ****   HAL_HRTIM_WaveformCounterStop(&hhrtim1, HRTIM_TIMERID_TIMER_B);
 153              	 .loc 1 29 3 is_stmt 1 view .LVU33
  29:Core/Src/PowerManager.cpp ****   HAL_HRTIM_WaveformCounterStop(&hhrtim1, HRTIM_TIMERID_TIMER_B);
 154              	 .loc 1 29 32 is_stmt 0 view .LVU34
 155 0036 4FF40031 	 mov r1,#131072
ARM GAS   			page 5


 156 003a 2046     	 mov r0,r4
 157 003c FFF7FEFF 	 bl HAL_HRTIM_WaveformCountStop
 158              	.LVL8:
  30:Core/Src/PowerManager.cpp ****   psData.timerEnabled = 0;
 159              	 .loc 1 30 3 is_stmt 1 view .LVU35
  30:Core/Src/PowerManager.cpp ****   psData.timerEnabled = 0;
 160              	 .loc 1 30 32 is_stmt 0 view .LVU36
 161 0040 4FF48021 	 mov r1,#262144
 162 0044 2046     	 mov r0,r4
 163 0046 FFF7FEFF 	 bl HAL_HRTIM_WaveformCountStop
 164              	.LVL9:
  31:Core/Src/PowerManager.cpp **** }
 165              	 .loc 1 31 3 is_stmt 1 view .LVU37
  31:Core/Src/PowerManager.cpp **** }
 166              	 .loc 1 31 23 is_stmt 0 view .LVU38
 167 004a 2E70     	 strb r6,[r5]
  32:Core/Src/PowerManager.cpp **** 
 168              	 .loc 1 32 1 view .LVU39
 169 004c 70BD     	 pop {r4,r5,r6,pc}
 170              	.L9:
 171 004e 00BF     	 .align 2
 172              	.L8:
 173 0050 00000000 	 .word hhrtim1
 174 0054 00000000 	 .word psData
 175              	 .cfi_endproc
 176              	.LFE619:
 178              	 .section .text._ZN5HRTIM14enableOutputABEv,"ax",%progbits
 179              	 .align 1
 180              	 .p2align 2,,3
 181              	 .global _ZN5HRTIM14enableOutputABEv
 182              	 .syntax unified
 183              	 .thumb
 184              	 .thumb_func
 186              	_ZN5HRTIM14enableOutputABEv:
 187              	.LFB620:
  34:Core/Src/PowerManager.cpp ****   if (!psData.timerEnabled || !psData.allowEnableOutput)
 188              	 .loc 1 34 23 is_stmt 1 view-0
 189              	 .cfi_startproc
 190              	 
 191              	 
  35:Core/Src/PowerManager.cpp ****     return false;
 192              	 .loc 1 35 3 view .LVU41
  34:Core/Src/PowerManager.cpp ****   if (!psData.timerEnabled || !psData.allowEnableOutput)
 193              	 .loc 1 34 23 is_stmt 0 view .LVU42
 194 0000 38B5     	 push {r3,r4,r5,lr}
 195              	 .cfi_def_cfa_offset 16
 196              	 .cfi_offset 3,-16
 197              	 .cfi_offset 4,-12
 198              	 .cfi_offset 5,-8
 199              	 .cfi_offset 14,-4
  35:Core/Src/PowerManager.cpp ****     return false;
 200              	 .loc 1 35 15 view .LVU43
 201 0002 0C4D     	 ldr r5,.L20
 202 0004 2C78     	 ldrb r4,[r5]
  35:Core/Src/PowerManager.cpp ****     return false;
 203              	 .loc 1 35 3 view .LVU44
 204 0006 0CB1     	 cbz r4,.L11
ARM GAS   			page 6


  35:Core/Src/PowerManager.cpp ****     return false;
 205              	 .loc 1 35 39 discriminator 1 view .LVU45
 206 0008 EC78     	 ldrb r4,[r5,#3]
  35:Core/Src/PowerManager.cpp ****     return false;
 207              	 .loc 1 35 28 discriminator 1 view .LVU46
 208 000a 0CB9     	 cbnz r4,.L19
 209              	.L11:
  42:Core/Src/PowerManager.cpp **** 
 210              	 .loc 1 42 1 view .LVU47
 211 000c 2046     	 mov r0,r4
 212 000e 38BD     	 pop {r3,r4,r5,pc}
 213              	.L19:
 214              	.LBB50:
 215              	.LBI50:
  34:Core/Src/PowerManager.cpp ****   if (!psData.timerEnabled || !psData.allowEnableOutput)
 216              	 .loc 1 34 6 is_stmt 1 view .LVU48
 217              	.LBB51:
  37:Core/Src/PowerManager.cpp ****   HAL_HRTIM_WaveformOutputStart(&hhrtim1, HRTIM_OUTPUT_TB1 + HRTIM_OUTPUT_TB2);
 218              	 .loc 1 37 3 view .LVU49
  37:Core/Src/PowerManager.cpp ****   HAL_HRTIM_WaveformOutputStart(&hhrtim1, HRTIM_OUTPUT_TB1 + HRTIM_OUTPUT_TB2);
 219              	 .loc 1 37 32 is_stmt 0 view .LVU50
 220 0010 0321     	 movs r1,#3
 221 0012 0948     	 ldr r0,.L20+4
 222 0014 FFF7FEFF 	 bl HAL_HRTIM_WaveformOutputStart
 223              	.LVL10:
  38:Core/Src/PowerManager.cpp ****   psData.outputABEnabled = 1;
 224              	 .loc 1 38 3 is_stmt 1 view .LVU51
  38:Core/Src/PowerManager.cpp ****   psData.outputABEnabled = 1;
 225              	 .loc 1 38 32 is_stmt 0 view .LVU52
 226 0018 0C21     	 movs r1,#12
 227 001a 0748     	 ldr r0,.L20+4
 228 001c FFF7FEFF 	 bl HAL_HRTIM_WaveformOutputStart
 229              	.LVL11:
  39:Core/Src/PowerManager.cpp ****   Buzzer::play(1250, 200);
 230              	 .loc 1 39 3 is_stmt 1 view .LVU53
  39:Core/Src/PowerManager.cpp ****   Buzzer::play(1250, 200);
 231              	 .loc 1 39 26 is_stmt 0 view .LVU54
 232 0020 0123     	 movs r3,#1
  40:Core/Src/PowerManager.cpp ****   return true;
 233              	 .loc 1 40 15 view .LVU55
 234 0022 C821     	 movs r1,#200
 235 0024 40F2E240 	 movw r0,#1250
  39:Core/Src/PowerManager.cpp ****   Buzzer::play(1250, 200);
 236              	 .loc 1 39 26 view .LVU56
 237 0028 6B70     	 strb r3,[r5,#1]
  40:Core/Src/PowerManager.cpp ****   return true;
 238              	 .loc 1 40 3 is_stmt 1 view .LVU57
  40:Core/Src/PowerManager.cpp ****   return true;
 239              	 .loc 1 40 15 is_stmt 0 view .LVU58
 240 002a FFF7FEFF 	 bl _ZN6Buzzer4playEtt
 241              	.LVL12:
  41:Core/Src/PowerManager.cpp **** }
 242              	 .loc 1 41 3 is_stmt 1 view .LVU59
 243              	.LBE51:
 244              	.LBE50:
  42:Core/Src/PowerManager.cpp **** 
 245              	 .loc 1 42 1 is_stmt 0 view .LVU60
ARM GAS   			page 7


 246 002e 2046     	 mov r0,r4
 247 0030 38BD     	 pop {r3,r4,r5,pc}
 248              	.L21:
 249 0032 00BF     	 .align 2
 250              	.L20:
 251 0034 00000000 	 .word psData
 252 0038 00000000 	 .word hhrtim1
 253              	 .cfi_endproc
 254              	.LFE620:
 256              	 .section .text._ZN5HRTIM13enableOutputEEf,"ax",%progbits
 257              	 .align 1
 258              	 .p2align 2,,3
 259              	 .global _ZN5HRTIM13enableOutputEEf
 260              	 .syntax unified
 261              	 .thumb
 262              	 .thumb_func
 264              	_ZN5HRTIM13enableOutputEEf:
 265              	.LVL13:
 266              	.LFB621:
  44:Core/Src/PowerManager.cpp ****   if (!psData.timerEnabled) //
 267              	 .loc 1 44 33 is_stmt 1 view-0
 268              	 .cfi_startproc
 269              	 
 270              	 
  45:Core/Src/PowerManager.cpp ****     return false;
 271              	 .loc 1 45 3 view .LVU62
  44:Core/Src/PowerManager.cpp ****   if (!psData.timerEnabled) //
 272              	 .loc 1 44 33 is_stmt 0 view .LVU63
 273 0000 38B5     	 push {r3,r4,r5,lr}
 274              	 .cfi_def_cfa_offset 16
 275              	 .cfi_offset 3,-16
 276              	 .cfi_offset 4,-12
 277              	 .cfi_offset 5,-8
 278              	 .cfi_offset 14,-4
  45:Core/Src/PowerManager.cpp ****     return false;
 279              	 .loc 1 45 15 view .LVU64
 280 0002 0D4D     	 ldr r5,.L28
 281 0004 2C78     	 ldrb r4,[r5]
  45:Core/Src/PowerManager.cpp ****     return false;
 282              	 .loc 1 45 3 view .LVU65
 283 0006 A4B1     	 cbz r4,.L23
  47:Core/Src/PowerManager.cpp ****                          HRTIM_COMPAREUNIT_1, HRTIM_PERIOD * dutyE);
 284              	 .loc 1 47 3 is_stmt 1 view .LVU66
 285 0008 DFED0C7A 	 vldr.32 s15,.L28+4
 286 000c 0C48     	 ldr r0,.L28+8
 287 000e 20EE270A 	 vmul.f32 s0,s0,s15
 288              	.LVL14:
  47:Core/Src/PowerManager.cpp ****                          HRTIM_COMPAREUNIT_1, HRTIM_PERIOD * dutyE);
 289              	 .loc 1 47 3 is_stmt 0 view .LVU67
 290 0012 0368     	 ldr r3,[r0]
 291 0014 BCEEC00A 	 vcvt.u32.f32 s0,s0
  49:Core/Src/PowerManager.cpp ****   psData.outputEEnabled = 1;
 292              	 .loc 1 49 32 view .LVU68
 293 0018 4FF44071 	 mov r1,#768
  47:Core/Src/PowerManager.cpp ****                          HRTIM_COMPAREUNIT_1, HRTIM_PERIOD * dutyE);
 294              	 .loc 1 47 3 view .LVU69
 295 001c 83EDA70A 	 vstr.32 s0,[r3,#668]
ARM GAS   			page 8


  49:Core/Src/PowerManager.cpp ****   psData.outputEEnabled = 1;
 296              	 .loc 1 49 3 is_stmt 1 view .LVU70
  49:Core/Src/PowerManager.cpp ****   psData.outputEEnabled = 1;
 297              	 .loc 1 49 32 is_stmt 0 view .LVU71
 298 0020 FFF7FEFF 	 bl HAL_HRTIM_WaveformOutputStart
 299              	.LVL15:
  50:Core/Src/PowerManager.cpp ****   Buzzer::play(2500, 100);
 300              	 .loc 1 50 3 is_stmt 1 view .LVU72
  50:Core/Src/PowerManager.cpp ****   Buzzer::play(2500, 100);
 301              	 .loc 1 50 25 is_stmt 0 view .LVU73
 302 0024 0123     	 movs r3,#1
  51:Core/Src/PowerManager.cpp ****   return true;
 303              	 .loc 1 51 15 view .LVU74
 304 0026 6421     	 movs r1,#100
 305 0028 40F6C410 	 movw r0,#2500
  50:Core/Src/PowerManager.cpp ****   Buzzer::play(2500, 100);
 306              	 .loc 1 50 25 view .LVU75
 307 002c AB70     	 strb r3,[r5,#2]
  51:Core/Src/PowerManager.cpp ****   return true;
 308              	 .loc 1 51 3 is_stmt 1 view .LVU76
  51:Core/Src/PowerManager.cpp ****   return true;
 309              	 .loc 1 51 15 is_stmt 0 view .LVU77
 310 002e FFF7FEFF 	 bl _ZN6Buzzer4playEtt
 311              	.LVL16:
  52:Core/Src/PowerManager.cpp **** }
 312              	 .loc 1 52 3 is_stmt 1 view .LVU78
 313              	.L23:
  53:Core/Src/PowerManager.cpp **** 
 314              	 .loc 1 53 1 is_stmt 0 view .LVU79
 315 0032 2046     	 mov r0,r4
 316 0034 38BD     	 pop {r3,r4,r5,pc}
 317              	.L29:
 318 0036 00BF     	 .align 2
 319              	.L28:
 320 0038 00000000 	 .word psData
 321 003c 0000AA46 	 .word 1185546240
 322 0040 00000000 	 .word hhrtim1
 323              	 .cfi_endproc
 324              	.LFE621:
 326              	 .section .text._ZN5HRTIM14disableOutputEEv,"ax",%progbits
 327              	 .align 1
 328              	 .p2align 2,,3
 329              	 .global _ZN5HRTIM14disableOutputEEv
 330              	 .syntax unified
 331              	 .thumb
 332              	 .thumb_func
 334              	_ZN5HRTIM14disableOutputEEv:
 335              	.LFB622:
  55:Core/Src/PowerManager.cpp ****   HAL_HRTIM_WaveformOutputStop(&hhrtim1, HRTIM_OUTPUT_TE1 + HRTIM_OUTPUT_TE2);
 336              	 .loc 1 55 23 is_stmt 1 view-0
 337              	 .cfi_startproc
 338              	 
 339              	 
  56:Core/Src/PowerManager.cpp ****   psData.outputEEnabled = 0;
 340              	 .loc 1 56 3 view .LVU81
  55:Core/Src/PowerManager.cpp ****   HAL_HRTIM_WaveformOutputStop(&hhrtim1, HRTIM_OUTPUT_TE1 + HRTIM_OUTPUT_TE2);
 341              	 .loc 1 55 23 is_stmt 0 view .LVU82
ARM GAS   			page 9


 342 0000 08B5     	 push {r3,lr}
 343              	 .cfi_def_cfa_offset 8
 344              	 .cfi_offset 3,-8
 345              	 .cfi_offset 14,-4
  56:Core/Src/PowerManager.cpp ****   psData.outputEEnabled = 0;
 346              	 .loc 1 56 31 view .LVU83
 347 0002 4FF44071 	 mov r1,#768
 348 0006 0648     	 ldr r0,.L32
 349 0008 FFF7FEFF 	 bl HAL_HRTIM_WaveformOutputStop
 350              	.LVL17:
  57:Core/Src/PowerManager.cpp ****   Buzzer::play(400, 200);
 351              	 .loc 1 57 3 is_stmt 1 view .LVU84
  57:Core/Src/PowerManager.cpp ****   Buzzer::play(400, 200);
 352              	 .loc 1 57 25 is_stmt 0 view .LVU85
 353 000c 054B     	 ldr r3,.L32+4
 354 000e 0022     	 movs r2,#0
 355 0010 9A70     	 strb r2,[r3,#2]
  58:Core/Src/PowerManager.cpp **** }
 356              	 .loc 1 58 3 is_stmt 1 view .LVU86
  58:Core/Src/PowerManager.cpp **** }
 357              	 .loc 1 58 15 is_stmt 0 view .LVU87
 358 0012 C821     	 movs r1,#200
  59:Core/Src/PowerManager.cpp **** 
 359              	 .loc 1 59 1 view .LVU88
 360 0014 BDE80840 	 pop {r3,lr}
 361              	 .cfi_restore 14
 362              	 .cfi_restore 3
 363              	 .cfi_def_cfa_offset 0
  58:Core/Src/PowerManager.cpp **** }
 364              	 .loc 1 58 15 view .LVU89
 365 0018 4FF4C870 	 mov r0,#400
 366 001c FFF7FEBF 	 b _ZN6Buzzer4playEtt
 367              	.LVL18:
 368              	.L33:
 369              	 .align 2
 370              	.L32:
 371 0020 00000000 	 .word hhrtim1
 372 0024 00000000 	 .word psData
 373              	 .cfi_endproc
 374              	.LFE622:
 376              	 .section .text._ZN5HRTIM15disableOutputABEv,"ax",%progbits
 377              	 .align 1
 378              	 .p2align 2,,3
 379              	 .global _ZN5HRTIM15disableOutputABEv
 380              	 .syntax unified
 381              	 .thumb
 382              	 .thumb_func
 384              	_ZN5HRTIM15disableOutputABEv:
 385              	.LFB623:
  61:Core/Src/PowerManager.cpp ****   HAL_HRTIM_WaveformOutputStop(&hhrtim1, HRTIM_OUTPUT_TA1 + HRTIM_OUTPUT_TA2);
 386              	 .loc 1 61 24 is_stmt 1 view-0
 387              	 .cfi_startproc
 388              	 
 389              	 
  62:Core/Src/PowerManager.cpp ****   HAL_HRTIM_WaveformOutputStop(&hhrtim1, HRTIM_OUTPUT_TB1 + HRTIM_OUTPUT_TB2);
 390              	 .loc 1 62 3 view .LVU91
  61:Core/Src/PowerManager.cpp ****   HAL_HRTIM_WaveformOutputStop(&hhrtim1, HRTIM_OUTPUT_TA1 + HRTIM_OUTPUT_TA2);
ARM GAS   			page 10


 391              	 .loc 1 61 24 is_stmt 0 view .LVU92
 392 0000 08B5     	 push {r3,lr}
 393              	 .cfi_def_cfa_offset 8
 394              	 .cfi_offset 3,-8
 395              	 .cfi_offset 14,-4
  62:Core/Src/PowerManager.cpp ****   HAL_HRTIM_WaveformOutputStop(&hhrtim1, HRTIM_OUTPUT_TB1 + HRTIM_OUTPUT_TB2);
 396              	 .loc 1 62 31 view .LVU93
 397 0002 0321     	 movs r1,#3
 398 0004 0748     	 ldr r0,.L36
 399 0006 FFF7FEFF 	 bl HAL_HRTIM_WaveformOutputStop
 400              	.LVL19:
  63:Core/Src/PowerManager.cpp ****   psData.outputABEnabled = 0;
 401              	 .loc 1 63 3 is_stmt 1 view .LVU94
  63:Core/Src/PowerManager.cpp ****   psData.outputABEnabled = 0;
 402              	 .loc 1 63 31 is_stmt 0 view .LVU95
 403 000a 0C21     	 movs r1,#12
 404 000c 0548     	 ldr r0,.L36
 405 000e FFF7FEFF 	 bl HAL_HRTIM_WaveformOutputStop
 406              	.LVL20:
  64:Core/Src/PowerManager.cpp ****   Buzzer::play(200, 200);
 407              	 .loc 1 64 3 is_stmt 1 view .LVU96
  64:Core/Src/PowerManager.cpp ****   Buzzer::play(200, 200);
 408              	 .loc 1 64 26 is_stmt 0 view .LVU97
 409 0012 054B     	 ldr r3,.L36+4
 410              	 .loc 1 65 15 view .LVU98
 411 0014 C821     	 movs r1,#200
  64:Core/Src/PowerManager.cpp ****   Buzzer::play(200, 200);
 412              	 .loc 1 64 26 view .LVU99
 413 0016 0022     	 movs r2,#0
 414 0018 5A70     	 strb r2,[r3,#1]
 415              	 .loc 1 65 3 is_stmt 1 view .LVU100
 416              	 .loc 1 65 15 is_stmt 0 view .LVU101
 417 001a 0846     	 mov r0,r1
  66:Core/Src/PowerManager.cpp **** }
 418              	 .loc 1 66 1 view .LVU102
 419 001c BDE80840 	 pop {r3,lr}
 420              	 .cfi_restore 14
 421              	 .cfi_restore 3
 422              	 .cfi_def_cfa_offset 0
  65:Core/Src/PowerManager.cpp **** }
 423              	 .loc 1 65 15 view .LVU103
 424 0020 FFF7FEBF 	 b _ZN6Buzzer4playEtt
 425              	.LVL21:
 426              	.L37:
 427              	 .align 2
 428              	.L36:
 429 0024 00000000 	 .word hhrtim1
 430 0028 00000000 	 .word psData
 431              	 .cfi_endproc
 432              	.LFE623:
 434              	 .section .code_in_ram,"ax",%progbits
 435              	 .align 1
 436              	 .p2align 2,,3
 437              	 .global _ZN5HRTIM16modeStateMachineEv
 438              	 .syntax unified
 439              	 .thumb
 440              	 .thumb_func
ARM GAS   			page 11


 442              	_ZN5HRTIM16modeStateMachineEv:
 443              	.LFB624:
  67:Core/Src/PowerManager.cpp **** 
  68:Core/Src/PowerManager.cpp **** __attribute__((section(".code_in_ram"))) void modeStateMachine() {
 444              	 .loc 1 68 66 is_stmt 1 view-0
 445              	 .cfi_startproc
 446              	 
 447              	 
 448              	 
  69:Core/Src/PowerManager.cpp ****   // 根据电压计算占空比
  70:Core/Src/PowerManager.cpp ****   psData.dutyByVoltage = M_MAX(adcData.vB, 0.01f) / adcData.vA;
 449              	 .loc 1 70 3 view .LVU105
 450              	 .loc 1 70 26 is_stmt 0 view .LVU106
 451 0000 734B     	 ldr r3,.L74
 452 0002 DFED747A 	 vldr.32 s15,.L74+4
 453 0006 93ED237A 	 vldr.32 s14,[r3,#140]
 454              	 .loc 1 70 61 view .LVU107
 455 000a 93ED226A 	 vldr.32 s12,[r3,#136]
 456              	 .loc 1 70 24 view .LVU108
 457 000e 724B     	 ldr r3,.L74+8
 458              	 .loc 1 70 26 view .LVU109
 459 0010 B4EEE77A 	 vcmpe.f32 s14,s15
 460 0014 F1EE10FA 	 vmrs APSR_nzcv,FPSCR
 461 0018 A8BF     	 it ge
 462 001a F0EE477A 	 vmovge.f32 s15,s14
 463              	 .loc 1 70 51 view .LVU110
 464 001e C7EE866A 	 vdiv.f32 s13,s15,s12
  71:Core/Src/PowerManager.cpp **** 
  72:Core/Src/PowerManager.cpp ****   // 根据占空比进行状态切换
  73:Core/Src/PowerManager.cpp ****   switch (psData.dcdcMode) {
 465              	 .loc 1 73 18 view .LVU111
 466 0022 1A7F     	 ldrb r2,[r3,#28]
  68:Core/Src/PowerManager.cpp ****   // 根据电压计算占空比
 467              	 .loc 1 68 66 view .LVU112
 468 0024 10B4     	 push {r4}
 469              	 .cfi_def_cfa_offset 4
 470              	 .cfi_offset 4,-4
  70:Core/Src/PowerManager.cpp **** 
 471              	 .loc 1 70 24 view .LVU113
 472 0026 C3ED016A 	 vstr.32 s13,[r3,#4]
 473              	 .loc 1 73 3 is_stmt 1 view .LVU114
 474 002a 032A     	 cmp r2,#3
 475 002c 00F2AE80 	 bhi .L39
 476 0030 DFE802F0 	 tbb [pc,r2]
 477              	.L41:
 478 0034 55       	 .byte (.L44-.L41)/2
 479 0035 75       	 .byte (.L43-.L41)/2
 480 0036 3B       	 .byte (.L42-.L41)/2
 481 0037 02       	 .byte (.L40-.L41)/2
 482              	 .p2align 1
 483              	.L40:
  74:Core/Src/PowerManager.cpp ****   case BUCK:
  75:Core/Src/PowerManager.cpp ****     if (psData.dutyByVoltage > 0.84f)
  76:Core/Src/PowerManager.cpp ****       psData.dcdcMode = BUCKBOOST;
  77:Core/Src/PowerManager.cpp ****     break;
  78:Core/Src/PowerManager.cpp ****   case BUCKBOOST:
  79:Core/Src/PowerManager.cpp ****     if (psData.dutyByVoltage < 0.80f)
ARM GAS   			page 12


  80:Core/Src/PowerManager.cpp ****       psData.dcdcMode = BUCK;
  81:Core/Src/PowerManager.cpp ****     else if (psData.dutyByVoltage > 1.02f)
  82:Core/Src/PowerManager.cpp ****       psData.dcdcMode = BOOSTBUCK;
  83:Core/Src/PowerManager.cpp ****     break;
  84:Core/Src/PowerManager.cpp ****   case BOOSTBUCK:
  85:Core/Src/PowerManager.cpp ****     if (psData.dutyByVoltage < 0.82f)
  86:Core/Src/PowerManager.cpp ****       psData.dcdcMode = BUCK;
  87:Core/Src/PowerManager.cpp ****     else if (psData.dutyByVoltage < 0.98f)
  88:Core/Src/PowerManager.cpp ****       psData.dcdcMode = BUCKBOOST;
  89:Core/Src/PowerManager.cpp ****     else if (psData.dutyByVoltage > 1.25f)
  90:Core/Src/PowerManager.cpp ****       psData.dcdcMode = BOOST;
  91:Core/Src/PowerManager.cpp ****     break;
  92:Core/Src/PowerManager.cpp ****   case BOOST:
 484              	 .loc 1 92 3 view .LVU115
  93:Core/Src/PowerManager.cpp ****     if (psData.dutyByVoltage < 0.82f)
 485              	 .loc 1 93 5 view .LVU116
 486 0038 DFED687A 	 vldr.32 s15,.L74+12
 487 003c F4EEE76A 	 vcmpe.f32 s13,s15
 488 0040 F1EE10FA 	 vmrs APSR_nzcv,FPSCR
 489 0044 38D4     	 bmi .L52
  94:Core/Src/PowerManager.cpp ****       psData.dcdcMode = BUCK;
  95:Core/Src/PowerManager.cpp ****     else if (psData.dutyByVoltage < 1.19f)
 490              	 .loc 1 95 10 view .LVU117
 491 0046 DFED667A 	 vldr.32 s15,.L74+16
 492 004a F4EEE76A 	 vcmpe.f32 s13,s15
 493 004e F1EE10FA 	 vmrs APSR_nzcv,FPSCR
 494 0052 40F18380 	 bpl .L55
 495              	.L56:
  82:Core/Src/PowerManager.cpp ****     break;
 496              	 .loc 1 82 7 view .LVU118
  82:Core/Src/PowerManager.cpp ****     break;
 497              	 .loc 1 82 23 is_stmt 0 view .LVU119
 498 0056 0222     	 movs r2,#2
 499 0058 1A77     	 strb r2,[r3,#28]
 500              	.L51:
  96:Core/Src/PowerManager.cpp ****       psData.dcdcMode = BOOSTBUCK;
  97:Core/Src/PowerManager.cpp ****     break;
  98:Core/Src/PowerManager.cpp ****   default:
  99:Core/Src/PowerManager.cpp ****     break;
 100:Core/Src/PowerManager.cpp ****   }
 101:Core/Src/PowerManager.cpp **** 
 102:Core/Src/PowerManager.cpp ****   // 根据状态操作HRTIM寄存器，并分别计算A和B的占空比
 103:Core/Src/PowerManager.cpp ****   switch (psData.dcdcMode) {
 501              	 .loc 1 103 3 is_stmt 1 view .LVU120
 104:Core/Src/PowerManager.cpp ****   case BUCK:
 105:Core/Src/PowerManager.cpp ****     // A侧限制94%占空比
 106:Core/Src/PowerManager.cpp ****     __HAL_HRTIM_SETCOMPARE(&hhrtim1, HRTIM_TIMERINDEX_TIMER_A,
 107:Core/Src/PowerManager.cpp ****                            HRTIM_COMPAREUNIT_4, HRTIM_PERIOD * 0.06f);
 108:Core/Src/PowerManager.cpp ****     // A侧限制0.5%占空比
 109:Core/Src/PowerManager.cpp ****     __HAL_HRTIM_SETCOMPARE(&hhrtim1, HRTIM_TIMERINDEX_TIMER_A,
 110:Core/Src/PowerManager.cpp ****                            HRTIM_COMPAREUNIT_3, HRTIM_PERIOD * 0.998f);
 111:Core/Src/PowerManager.cpp ****     // B侧常开
 112:Core/Src/PowerManager.cpp ****     __HAL_HRTIM_SETCOMPARE(&hhrtim1, HRTIM_TIMERINDEX_TIMER_B,
 113:Core/Src/PowerManager.cpp ****                            HRTIM_COMPAREUNIT_3, 0U);
 114:Core/Src/PowerManager.cpp ****     // 更新状态和AB占空比
 115:Core/Src/PowerManager.cpp ****     psData.pcmMode = IB_VALLEY;
 116:Core/Src/PowerManager.cpp ****     // psData.dutyA = psData.dutyByVoltage;
ARM GAS   			page 13


 117:Core/Src/PowerManager.cpp ****     // psData.dutyB = 1.0f;
 118:Core/Src/PowerManager.cpp ****     break;
 119:Core/Src/PowerManager.cpp ****   case BUCKBOOST:
 120:Core/Src/PowerManager.cpp ****     // A侧限制94%占空比
 121:Core/Src/PowerManager.cpp ****     __HAL_HRTIM_SETCOMPARE(&hhrtim1, HRTIM_TIMERINDEX_TIMER_A,
 122:Core/Src/PowerManager.cpp ****                            HRTIM_COMPAREUNIT_4, HRTIM_PERIOD * 0.06f);
 123:Core/Src/PowerManager.cpp ****     // A侧限制5%占空比
 124:Core/Src/PowerManager.cpp ****     __HAL_HRTIM_SETCOMPARE(&hhrtim1, HRTIM_TIMERINDEX_TIMER_A,
 125:Core/Src/PowerManager.cpp ****                            HRTIM_COMPAREUNIT_3, HRTIM_PERIOD * 0.95f);
 126:Core/Src/PowerManager.cpp ****     // B侧固定84%占空比
 127:Core/Src/PowerManager.cpp ****     __HAL_HRTIM_SETCOMPARE(&hhrtim1, HRTIM_TIMERINDEX_TIMER_B,
 128:Core/Src/PowerManager.cpp ****                            HRTIM_COMPAREUNIT_3, HRTIM_PERIOD * 0.16f);
 129:Core/Src/PowerManager.cpp ****     __HAL_HRTIM_SETCOMPARE(&hhrtim1, HRTIM_TIMERINDEX_TIMER_B,
 130:Core/Src/PowerManager.cpp ****                            HRTIM_COMPAREUNIT_4, HRTIM_PERIOD * 0.24f);
 131:Core/Src/PowerManager.cpp ****     // 更新状态和AB占空比
 132:Core/Src/PowerManager.cpp ****     psData.pcmMode = IB_VALLEY;
 133:Core/Src/PowerManager.cpp ****     break;
 134:Core/Src/PowerManager.cpp ****   case BOOSTBUCK:
 502              	 .loc 1 134 3 view .LVU121
 135:Core/Src/PowerManager.cpp ****     // A侧固定84%占空比
 136:Core/Src/PowerManager.cpp ****     __HAL_HRTIM_SETCOMPARE(&hhrtim1, HRTIM_TIMERINDEX_TIMER_A,
 503              	 .loc 1 136 5 view .LVU122
 504 005a 624A     	 ldr r2,.L74+20
 137:Core/Src/PowerManager.cpp ****                            HRTIM_COMPAREUNIT_3, HRTIM_PERIOD * 0.16f);
 138:Core/Src/PowerManager.cpp ****     __HAL_HRTIM_SETCOMPARE(&hhrtim1, HRTIM_TIMERINDEX_TIMER_A,
 139:Core/Src/PowerManager.cpp ****                            HRTIM_COMPAREUNIT_4, HRTIM_PERIOD * 0.24f);
 140:Core/Src/PowerManager.cpp ****     // B侧限制94%占空比
 141:Core/Src/PowerManager.cpp ****     __HAL_HRTIM_SETCOMPARE(&hhrtim1, HRTIM_TIMERINDEX_TIMER_B,
 142:Core/Src/PowerManager.cpp ****                            HRTIM_COMPAREUNIT_4, HRTIM_PERIOD * 0.06f);
 143:Core/Src/PowerManager.cpp ****     // B侧限制25%占空比，当电压过大时限制占空比
 144:Core/Src/PowerManager.cpp ****     if (adcData.vB < (CAPARR_MAX_VOLTAGE * 1.01f))
 505              	 .loc 1 144 5 is_stmt 0 view .LVU123
 506 005c DFED627A 	 vldr.32 s15,.L74+24
 136:Core/Src/PowerManager.cpp ****                            HRTIM_COMPAREUNIT_3, HRTIM_PERIOD * 0.16f);
 507              	 .loc 1 136 5 view .LVU124
 508 0060 1268     	 ldr r2,[r2]
 509              	 .loc 1 144 5 view .LVU125
 510 0062 B4EEE77A 	 vcmpe.f32 s14,s15
 136:Core/Src/PowerManager.cpp ****                            HRTIM_COMPAREUNIT_3, HRTIM_PERIOD * 0.16f);
 511              	 .loc 1 136 5 view .LVU126
 512 0066 40F69954 	 movw r4,#3481
 138:Core/Src/PowerManager.cpp ****                            HRTIM_COMPAREUNIT_4, HRTIM_PERIOD * 0.24f);
 513              	 .loc 1 138 5 view .LVU127
 514 006a 41F26640 	 movw r0,#5222
 141:Core/Src/PowerManager.cpp ****                            HRTIM_COMPAREUNIT_4, HRTIM_PERIOD * 0.06f);
 515              	 .loc 1 141 5 view .LVU128
 516 006e 40F21951 	 movw r1,#1305
 517              	 .loc 1 144 5 view .LVU129
 518 0072 F1EE10FA 	 vmrs APSR_nzcv,FPSCR
 136:Core/Src/PowerManager.cpp ****                            HRTIM_COMPAREUNIT_3, HRTIM_PERIOD * 0.16f);
 519              	 .loc 1 136 5 view .LVU130
 520 0076 C2F8A840 	 str r4,[r2,#168]
 138:Core/Src/PowerManager.cpp ****                            HRTIM_COMPAREUNIT_4, HRTIM_PERIOD * 0.24f);
 521              	 .loc 1 138 5 is_stmt 1 view .LVU131
 522 007a C2F8AC00 	 str r0,[r2,#172]
 141:Core/Src/PowerManager.cpp ****                            HRTIM_COMPAREUNIT_4, HRTIM_PERIOD * 0.06f);
 523              	 .loc 1 141 5 view .LVU132
ARM GAS   			page 14


 524 007e C2F82C11 	 str r1,[r2,#300]
 525              	 .loc 1 144 5 view .LVU133
 526 0082 7ED4     	 bmi .L64
 145:Core/Src/PowerManager.cpp ****       __HAL_HRTIM_SETCOMPARE(&hhrtim1, HRTIM_TIMERINDEX_TIMER_B,
 146:Core/Src/PowerManager.cpp ****                              HRTIM_COMPAREUNIT_3, HRTIM_PERIOD * 0.75f);
 147:Core/Src/PowerManager.cpp ****     else
 148:Core/Src/PowerManager.cpp ****       __HAL_HRTIM_SETCOMPARE(
 527              	 .loc 1 148 7 view .LVU134
 528 0084 9FED597A 	 vldr.32 s14,.L74+28
 529              	.L72:
 530 0088 F7EE007A 	 vmov.f32 s15,#1.0e+0
 531 008c E6EE477A 	 vfms.f32 s15,s12,s14
 532 0090 9FED577A 	 vldr.32 s14,.L74+32
 533 0094 67EE877A 	 vmul.f32 s15,s15,s14
 534 0098 FCEEE77A 	 vcvt.u32.f32 s15,s15
 535 009c C2ED4A7A 	 vstr.32 s15,[r2,#296]
 536              	.L61:
 149:Core/Src/PowerManager.cpp ****           &hhrtim1, HRTIM_TIMERINDEX_TIMER_B, HRTIM_COMPAREUNIT_3,
 150:Core/Src/PowerManager.cpp ****           HRTIM_PERIOD * (1 - (adcData.vA * 0.84f) / VB_LIMIT_BY_DUTY));
 151:Core/Src/PowerManager.cpp ****     // 更新状态和AB占空比
 152:Core/Src/PowerManager.cpp ****     psData.pcmMode = IA_PEAK;
 537              	 .loc 1 152 5 view .LVU135
 538              	 .loc 1 152 20 is_stmt 0 view .LVU136
 539 00a0 0122     	 movs r2,#1
 540 00a2 5A77     	 strb r2,[r3,#29]
 153:Core/Src/PowerManager.cpp ****     break;
 541              	 .loc 1 153 5 is_stmt 1 view .LVU137
 542              	.L38:
 154:Core/Src/PowerManager.cpp ****   case BOOST:
 155:Core/Src/PowerManager.cpp ****     // A侧常开
 156:Core/Src/PowerManager.cpp ****     __HAL_HRTIM_SETCOMPARE(&hhrtim1, HRTIM_TIMERINDEX_TIMER_A,
 157:Core/Src/PowerManager.cpp ****                            HRTIM_COMPAREUNIT_3, 0U);
 158:Core/Src/PowerManager.cpp ****     // B侧限制94%占空比
 159:Core/Src/PowerManager.cpp ****     __HAL_HRTIM_SETCOMPARE(&hhrtim1, HRTIM_TIMERINDEX_TIMER_B,
 160:Core/Src/PowerManager.cpp ****                            HRTIM_COMPAREUNIT_4, HRTIM_PERIOD * 0.06f);
 161:Core/Src/PowerManager.cpp ****     // B侧限制25%占空比，当电压过大时限制占空比
 162:Core/Src/PowerManager.cpp ****     if (adcData.vB < (CAPARR_MAX_VOLTAGE * 1.01f))
 163:Core/Src/PowerManager.cpp ****       __HAL_HRTIM_SETCOMPARE(&hhrtim1, HRTIM_TIMERINDEX_TIMER_B,
 164:Core/Src/PowerManager.cpp ****                              HRTIM_COMPAREUNIT_3, HRTIM_PERIOD * 0.75f);
 165:Core/Src/PowerManager.cpp ****     else
 166:Core/Src/PowerManager.cpp ****       __HAL_HRTIM_SETCOMPARE(
 167:Core/Src/PowerManager.cpp ****           &hhrtim1, HRTIM_TIMERINDEX_TIMER_B, HRTIM_COMPAREUNIT_3,
 168:Core/Src/PowerManager.cpp ****           HRTIM_PERIOD * (1 - (adcData.vA) / VB_LIMIT_BY_DUTY));
 169:Core/Src/PowerManager.cpp ****     // 更新状态和AB占空比
 170:Core/Src/PowerManager.cpp ****     psData.pcmMode = IA_PEAK;
 171:Core/Src/PowerManager.cpp ****     break;
 172:Core/Src/PowerManager.cpp ****   case CALIBRATION_B:
 173:Core/Src/PowerManager.cpp ****     // A侧固定80%占空比
 174:Core/Src/PowerManager.cpp ****     __HAL_HRTIM_SETCOMPARE(&hhrtim1, HRTIM_TIMERINDEX_TIMER_A,
 175:Core/Src/PowerManager.cpp ****                            HRTIM_COMPAREUNIT_3, HRTIM_PERIOD * 0.20f);
 176:Core/Src/PowerManager.cpp ****     __HAL_HRTIM_SETCOMPARE(&hhrtim1, HRTIM_TIMERINDEX_TIMER_A,
 177:Core/Src/PowerManager.cpp ****                            HRTIM_COMPAREUNIT_4, HRTIM_PERIOD * 0.35f);
 178:Core/Src/PowerManager.cpp ****     // B侧固定100%占空比
 179:Core/Src/PowerManager.cpp ****     __HAL_HRTIM_SETCOMPARE(&hhrtim1, HRTIM_TIMERINDEX_TIMER_B,
 180:Core/Src/PowerManager.cpp ****                            HRTIM_COMPAREUNIT_3, 0U);
 181:Core/Src/PowerManager.cpp ****     break;
 182:Core/Src/PowerManager.cpp ****   case CALIBRATION_A:
ARM GAS   			page 15


 183:Core/Src/PowerManager.cpp ****     // B侧固定80%占空比
 184:Core/Src/PowerManager.cpp ****     __HAL_HRTIM_SETCOMPARE(&hhrtim1, HRTIM_TIMERINDEX_TIMER_B,
 185:Core/Src/PowerManager.cpp ****                            HRTIM_COMPAREUNIT_3, HRTIM_PERIOD * 0.20f);
 186:Core/Src/PowerManager.cpp ****     __HAL_HRTIM_SETCOMPARE(&hhrtim1, HRTIM_TIMERINDEX_TIMER_B,
 187:Core/Src/PowerManager.cpp ****                            HRTIM_COMPAREUNIT_4, HRTIM_PERIOD * 0.5f);
 188:Core/Src/PowerManager.cpp ****     // A侧固定100%占空比
 189:Core/Src/PowerManager.cpp ****     __HAL_HRTIM_SETCOMPARE(&hhrtim1, HRTIM_TIMERINDEX_TIMER_A,
 190:Core/Src/PowerManager.cpp ****                            HRTIM_COMPAREUNIT_3, 0U);
 191:Core/Src/PowerManager.cpp ****     break;
 192:Core/Src/PowerManager.cpp ****   default:
 193:Core/Src/PowerManager.cpp ****     break;
 194:Core/Src/PowerManager.cpp ****   }
 195:Core/Src/PowerManager.cpp **** }
 543              	 .loc 1 195 1 is_stmt 0 view .LVU138
 544 00a4 5DF8044B 	 ldr r4,[sp],#4
 545              	 .cfi_remember_state
 546              	 .cfi_restore 4
 547              	 .cfi_def_cfa_offset 0
 548 00a8 7047     	 bx lr
 549              	.L42:
 550              	 .cfi_restore_state
  84:Core/Src/PowerManager.cpp ****     if (psData.dutyByVoltage < 0.82f)
 551              	 .loc 1 84 3 is_stmt 1 view .LVU139
  85:Core/Src/PowerManager.cpp ****       psData.dcdcMode = BUCK;
 552              	 .loc 1 85 5 view .LVU140
 553 00aa DFED4C7A 	 vldr.32 s15,.L74+12
 554 00ae F4EEE76A 	 vcmpe.f32 s13,s15
 555 00b2 F1EE10FA 	 vmrs APSR_nzcv,FPSCR
 556 00b6 41D5     	 bpl .L73
 557              	.L52:
  80:Core/Src/PowerManager.cpp ****     else if (psData.dutyByVoltage > 1.02f)
 558              	 .loc 1 80 7 view .LVU141
  80:Core/Src/PowerManager.cpp ****     else if (psData.dutyByVoltage > 1.02f)
 559              	 .loc 1 80 23 is_stmt 0 view .LVU142
 560 00b8 0022     	 movs r2,#0
 561 00ba 1A77     	 strb r2,[r3,#28]
 562              	.L45:
 103:Core/Src/PowerManager.cpp ****   case BUCK:
 563              	 .loc 1 103 3 is_stmt 1 view .LVU143
 104:Core/Src/PowerManager.cpp ****     // A侧限制94%占空比
 564              	 .loc 1 104 3 view .LVU144
 106:Core/Src/PowerManager.cpp ****                            HRTIM_COMPAREUNIT_4, HRTIM_PERIOD * 0.06f);
 565              	 .loc 1 106 5 view .LVU145
 566 00bc 494A     	 ldr r2,.L74+20
 567 00be 1268     	 ldr r2,[r2]
 112:Core/Src/PowerManager.cpp ****                            HRTIM_COMPAREUNIT_3, 0U);
 568              	 .loc 1 112 5 is_stmt 0 view .LVU146
 569 00c0 0021     	 movs r1,#0
 106:Core/Src/PowerManager.cpp ****                            HRTIM_COMPAREUNIT_4, HRTIM_PERIOD * 0.06f);
 570              	 .loc 1 106 5 view .LVU147
 571 00c2 40F21954 	 movw r4,#1305
 109:Core/Src/PowerManager.cpp ****                            HRTIM_COMPAREUNIT_3, HRTIM_PERIOD * 0.998f);
 572              	 .loc 1 109 5 view .LVU148
 573 00c6 45F2D440 	 movw r0,#21716
 106:Core/Src/PowerManager.cpp ****                            HRTIM_COMPAREUNIT_4, HRTIM_PERIOD * 0.06f);
 574              	 .loc 1 106 5 view .LVU149
 575 00ca C2F8AC40 	 str r4,[r2,#172]
ARM GAS   			page 16


 109:Core/Src/PowerManager.cpp ****                            HRTIM_COMPAREUNIT_3, HRTIM_PERIOD * 0.998f);
 576              	 .loc 1 109 5 is_stmt 1 view .LVU150
 115:Core/Src/PowerManager.cpp ****     // psData.dutyA = psData.dutyByVoltage;
 577              	 .loc 1 115 20 is_stmt 0 view .LVU151
 578 00ce 5977     	 strb r1,[r3,#29]
 109:Core/Src/PowerManager.cpp ****                            HRTIM_COMPAREUNIT_3, HRTIM_PERIOD * 0.998f);
 579              	 .loc 1 109 5 view .LVU152
 580 00d0 C2F8A800 	 str r0,[r2,#168]
 112:Core/Src/PowerManager.cpp ****                            HRTIM_COMPAREUNIT_3, 0U);
 581              	 .loc 1 112 5 is_stmt 1 view .LVU153
 582              	 .loc 1 195 1 is_stmt 0 view .LVU154
 583 00d4 5DF8044B 	 ldr r4,[sp],#4
 584              	 .cfi_remember_state
 585              	 .cfi_restore 4
 586              	 .cfi_def_cfa_offset 0
 112:Core/Src/PowerManager.cpp ****                            HRTIM_COMPAREUNIT_3, 0U);
 587              	 .loc 1 112 5 view .LVU155
 588 00d8 C2F82811 	 str r1,[r2,#296]
 115:Core/Src/PowerManager.cpp ****     // psData.dutyA = psData.dutyByVoltage;
 589              	 .loc 1 115 5 is_stmt 1 view .LVU156
 118:Core/Src/PowerManager.cpp ****   case BUCKBOOST:
 590              	 .loc 1 118 5 view .LVU157
 591              	 .loc 1 195 1 is_stmt 0 view .LVU158
 592 00dc 7047     	 bx lr
 593              	.L44:
 594              	 .cfi_restore_state
  74:Core/Src/PowerManager.cpp ****     if (psData.dutyByVoltage > 0.84f)
 595              	 .loc 1 74 3 is_stmt 1 view .LVU159
  75:Core/Src/PowerManager.cpp ****       psData.dcdcMode = BUCKBOOST;
 596              	 .loc 1 75 5 view .LVU160
 597 00de DFED457A 	 vldr.32 s15,.L74+36
 598 00e2 F4EEE76A 	 vcmpe.f32 s13,s15
 599 00e6 F1EE10FA 	 vmrs APSR_nzcv,FPSCR
 600 00ea E7DD     	 ble .L45
 601              	.L53:
  76:Core/Src/PowerManager.cpp ****     break;
 602              	 .loc 1 76 7 view .LVU161
  76:Core/Src/PowerManager.cpp ****     break;
 603              	 .loc 1 76 23 is_stmt 0 view .LVU162
 604 00ec 0122     	 movs r2,#1
 605 00ee 1A77     	 strb r2,[r3,#28]
 606              	.L47:
 103:Core/Src/PowerManager.cpp ****   case BUCK:
 607              	 .loc 1 103 3 is_stmt 1 view .LVU163
 119:Core/Src/PowerManager.cpp ****     // A侧限制94%占空比
 608              	 .loc 1 119 3 view .LVU164
 121:Core/Src/PowerManager.cpp ****                            HRTIM_COMPAREUNIT_4, HRTIM_PERIOD * 0.06f);
 609              	 .loc 1 121 5 view .LVU165
 610 00f0 3C4A     	 ldr r2,.L74+20
 611 00f2 1268     	 ldr r2,[r2]
 612 00f4 40F21950 	 movw r0,#1305
 124:Core/Src/PowerManager.cpp ****                            HRTIM_COMPAREUNIT_3, HRTIM_PERIOD * 0.95f);
 613              	 .loc 1 124 5 is_stmt 0 view .LVU166
 614 00f8 45F2C001 	 movw r1,#20672
 121:Core/Src/PowerManager.cpp ****                            HRTIM_COMPAREUNIT_4, HRTIM_PERIOD * 0.06f);
 615              	 .loc 1 121 5 view .LVU167
 616 00fc C2F8AC00 	 str r0,[r2,#172]
ARM GAS   			page 17


 124:Core/Src/PowerManager.cpp ****                            HRTIM_COMPAREUNIT_3, HRTIM_PERIOD * 0.95f);
 617              	 .loc 1 124 5 is_stmt 1 view .LVU168
 127:Core/Src/PowerManager.cpp ****                            HRTIM_COMPAREUNIT_3, HRTIM_PERIOD * 0.16f);
 618              	 .loc 1 127 5 is_stmt 0 view .LVU169
 619 0100 40F69954 	 movw r4,#3481
 124:Core/Src/PowerManager.cpp ****                            HRTIM_COMPAREUNIT_3, HRTIM_PERIOD * 0.95f);
 620              	 .loc 1 124 5 view .LVU170
 621 0104 C2F8A810 	 str r1,[r2,#168]
 127:Core/Src/PowerManager.cpp ****                            HRTIM_COMPAREUNIT_3, HRTIM_PERIOD * 0.16f);
 622              	 .loc 1 127 5 is_stmt 1 view .LVU171
 132:Core/Src/PowerManager.cpp ****     break;
 623              	 .loc 1 132 20 is_stmt 0 view .LVU172
 624 0108 0020     	 movs r0,#0
 129:Core/Src/PowerManager.cpp ****                            HRTIM_COMPAREUNIT_4, HRTIM_PERIOD * 0.24f);
 625              	 .loc 1 129 5 view .LVU173
 626 010a 41F26641 	 movw r1,#5222
 127:Core/Src/PowerManager.cpp ****                            HRTIM_COMPAREUNIT_3, HRTIM_PERIOD * 0.16f);
 627              	 .loc 1 127 5 view .LVU174
 628 010e C2F82841 	 str r4,[r2,#296]
 129:Core/Src/PowerManager.cpp ****                            HRTIM_COMPAREUNIT_4, HRTIM_PERIOD * 0.24f);
 629              	 .loc 1 129 5 is_stmt 1 view .LVU175
 132:Core/Src/PowerManager.cpp ****     break;
 630              	 .loc 1 132 20 is_stmt 0 view .LVU176
 631 0112 5877     	 strb r0,[r3,#29]
 632              	 .loc 1 195 1 view .LVU177
 633 0114 5DF8044B 	 ldr r4,[sp],#4
 634              	 .cfi_remember_state
 635              	 .cfi_restore 4
 636              	 .cfi_def_cfa_offset 0
 129:Core/Src/PowerManager.cpp ****                            HRTIM_COMPAREUNIT_4, HRTIM_PERIOD * 0.24f);
 637              	 .loc 1 129 5 view .LVU178
 638 0118 C2F82C11 	 str r1,[r2,#300]
 132:Core/Src/PowerManager.cpp ****     break;
 639              	 .loc 1 132 5 is_stmt 1 view .LVU179
 133:Core/Src/PowerManager.cpp ****   case BOOSTBUCK:
 640              	 .loc 1 133 5 view .LVU180
 641              	 .loc 1 195 1 is_stmt 0 view .LVU181
 642 011c 7047     	 bx lr
 643              	.L43:
 644              	 .cfi_restore_state
  78:Core/Src/PowerManager.cpp ****     if (psData.dutyByVoltage < 0.80f)
 645              	 .loc 1 78 3 is_stmt 1 view .LVU182
  79:Core/Src/PowerManager.cpp ****       psData.dcdcMode = BUCK;
 646              	 .loc 1 79 5 view .LVU183
 647 011e DFED367A 	 vldr.32 s15,.L74+40
 648 0122 F4EEE76A 	 vcmpe.f32 s13,s15
 649 0126 F1EE10FA 	 vmrs APSR_nzcv,FPSCR
 650 012a C5D4     	 bmi .L52
  81:Core/Src/PowerManager.cpp ****       psData.dcdcMode = BOOSTBUCK;
 651              	 .loc 1 81 10 view .LVU184
 652 012c DFED337A 	 vldr.32 s15,.L74+44
 653 0130 F4EEE76A 	 vcmpe.f32 s13,s15
 654 0134 F1EE10FA 	 vmrs APSR_nzcv,FPSCR
 655 0138 DADD     	 ble .L47
 656 013a 8CE7     	 b .L56
 657              	.L73:
  87:Core/Src/PowerManager.cpp ****       psData.dcdcMode = BUCKBOOST;
ARM GAS   			page 18


 658              	 .loc 1 87 10 view .LVU185
 659 013c DFED307A 	 vldr.32 s15,.L74+48
 660 0140 F4EEE76A 	 vcmpe.f32 s13,s15
 661 0144 F1EE10FA 	 vmrs APSR_nzcv,FPSCR
 662 0148 D0D4     	 bmi .L53
  89:Core/Src/PowerManager.cpp ****       psData.dcdcMode = BOOST;
 663              	 .loc 1 89 10 view .LVU186
 664 014a F7EE047A 	 vmov.f32 s15,#1.25e+0
 665 014e F4EEE76A 	 vcmpe.f32 s13,s15
 666 0152 F1EE10FA 	 vmrs APSR_nzcv,FPSCR
 667 0156 80DD     	 ble .L51
  90:Core/Src/PowerManager.cpp ****     break;
 668              	 .loc 1 90 7 view .LVU187
  90:Core/Src/PowerManager.cpp ****     break;
 669              	 .loc 1 90 23 is_stmt 0 view .LVU188
 670 0158 0322     	 movs r2,#3
 671 015a 1A77     	 strb r2,[r3,#28]
 672              	.L55:
 103:Core/Src/PowerManager.cpp ****   case BUCK:
 673              	 .loc 1 103 3 is_stmt 1 view .LVU189
 154:Core/Src/PowerManager.cpp ****     // A侧常开
 674              	 .loc 1 154 3 view .LVU190
 156:Core/Src/PowerManager.cpp ****                            HRTIM_COMPAREUNIT_3, 0U);
 675              	 .loc 1 156 5 view .LVU191
 676 015c 214A     	 ldr r2,.L74+20
 162:Core/Src/PowerManager.cpp ****       __HAL_HRTIM_SETCOMPARE(&hhrtim1, HRTIM_TIMERINDEX_TIMER_B,
 677              	 .loc 1 162 5 is_stmt 0 view .LVU192
 678 015e DFED227A 	 vldr.32 s15,.L74+24
 156:Core/Src/PowerManager.cpp ****                            HRTIM_COMPAREUNIT_3, 0U);
 679              	 .loc 1 156 5 view .LVU193
 680 0162 1268     	 ldr r2,[r2]
 162:Core/Src/PowerManager.cpp ****       __HAL_HRTIM_SETCOMPARE(&hhrtim1, HRTIM_TIMERINDEX_TIMER_B,
 681              	 .loc 1 162 5 view .LVU194
 682 0164 B4EEE77A 	 vcmpe.f32 s14,s15
 156:Core/Src/PowerManager.cpp ****                            HRTIM_COMPAREUNIT_3, 0U);
 683              	 .loc 1 156 5 view .LVU195
 684 0168 0020     	 movs r0,#0
 159:Core/Src/PowerManager.cpp ****                            HRTIM_COMPAREUNIT_4, HRTIM_PERIOD * 0.06f);
 685              	 .loc 1 159 5 view .LVU196
 686 016a 40F21951 	 movw r1,#1305
 162:Core/Src/PowerManager.cpp ****       __HAL_HRTIM_SETCOMPARE(&hhrtim1, HRTIM_TIMERINDEX_TIMER_B,
 687              	 .loc 1 162 5 view .LVU197
 688 016e F1EE10FA 	 vmrs APSR_nzcv,FPSCR
 156:Core/Src/PowerManager.cpp ****                            HRTIM_COMPAREUNIT_3, 0U);
 689              	 .loc 1 156 5 view .LVU198
 690 0172 C2F8A800 	 str r0,[r2,#168]
 159:Core/Src/PowerManager.cpp ****                            HRTIM_COMPAREUNIT_4, HRTIM_PERIOD * 0.06f);
 691              	 .loc 1 159 5 is_stmt 1 view .LVU199
 692 0176 C2F82C11 	 str r1,[r2,#300]
 162:Core/Src/PowerManager.cpp ****       __HAL_HRTIM_SETCOMPARE(&hhrtim1, HRTIM_TIMERINDEX_TIMER_B,
 693              	 .loc 1 162 5 view .LVU200
 694 017a 02D4     	 bmi .L64
 166:Core/Src/PowerManager.cpp ****           &hhrtim1, HRTIM_TIMERINDEX_TIMER_B, HRTIM_COMPAREUNIT_3,
 695              	 .loc 1 166 7 view .LVU201
 696 017c 9FED217A 	 vldr.32 s14,.L74+52
 697 0180 82E7     	 b .L72
 698              	.L64:
ARM GAS   			page 19


 163:Core/Src/PowerManager.cpp ****                              HRTIM_COMPAREUNIT_3, HRTIM_PERIOD * 0.75f);
 699              	 .loc 1 163 7 view .LVU202
 700 0182 4FF47F51 	 mov r1,#16320
 701 0186 C2F82811 	 str r1,[r2,#296]
 702 018a 89E7     	 b .L61
 703              	.L39:
 103:Core/Src/PowerManager.cpp ****   case BUCK:
 704              	 .loc 1 103 3 view .LVU203
 705 018c 043A     	 subs r2,r2,#4
 706 018e 012A     	 cmp r2,#1
 707 0190 88D8     	 bhi .L38
 708 0192 DFE802F0 	 tbb [pc,r2]
 709              	.L59:
 710 0196 0F       	 .byte (.L60-.L59)/2
 711 0197 01       	 .byte (.L58-.L59)/2
 712              	 .p2align 1
 713              	.L58:
 172:Core/Src/PowerManager.cpp ****     // A侧固定80%占空比
 714              	 .loc 1 172 3 view .LVU204
 174:Core/Src/PowerManager.cpp ****                            HRTIM_COMPAREUNIT_3, HRTIM_PERIOD * 0.20f);
 715              	 .loc 1 174 5 view .LVU205
 716 0198 124B     	 ldr r3,.L74+20
 717 019a 1B68     	 ldr r3,[r3]
 718 019c 4FF48850 	 mov r0,#4352
 176:Core/Src/PowerManager.cpp ****                            HRTIM_COMPAREUNIT_4, HRTIM_PERIOD * 0.35f);
 719              	 .loc 1 176 5 is_stmt 0 view .LVU206
 720 01a0 4FF4EE51 	 mov r1,#7616
 179:Core/Src/PowerManager.cpp ****                            HRTIM_COMPAREUNIT_3, 0U);
 721              	 .loc 1 179 5 view .LVU207
 722 01a4 0022     	 movs r2,#0
 174:Core/Src/PowerManager.cpp ****                            HRTIM_COMPAREUNIT_3, HRTIM_PERIOD * 0.20f);
 723              	 .loc 1 174 5 view .LVU208
 724 01a6 C3F8A800 	 str r0,[r3,#168]
 176:Core/Src/PowerManager.cpp ****                            HRTIM_COMPAREUNIT_4, HRTIM_PERIOD * 0.35f);
 725              	 .loc 1 176 5 is_stmt 1 view .LVU209
 726 01aa C3F8AC10 	 str r1,[r3,#172]
 179:Core/Src/PowerManager.cpp ****                            HRTIM_COMPAREUNIT_3, 0U);
 727              	 .loc 1 179 5 view .LVU210
 728 01ae C3F82821 	 str r2,[r3,#296]
 181:Core/Src/PowerManager.cpp ****   case CALIBRATION_A:
 729              	 .loc 1 181 5 view .LVU211
 730 01b2 77E7     	 b .L38
 731              	.L60:
 182:Core/Src/PowerManager.cpp ****     // B侧固定80%占空比
 732              	 .loc 1 182 3 view .LVU212
 184:Core/Src/PowerManager.cpp ****                            HRTIM_COMPAREUNIT_3, HRTIM_PERIOD * 0.20f);
 733              	 .loc 1 184 5 view .LVU213
 734 01b4 0B4B     	 ldr r3,.L74+20
 735 01b6 1B68     	 ldr r3,[r3]
 736 01b8 4FF48850 	 mov r0,#4352
 186:Core/Src/PowerManager.cpp ****                            HRTIM_COMPAREUNIT_4, HRTIM_PERIOD * 0.5f);
 737              	 .loc 1 186 5 is_stmt 0 view .LVU214
 738 01bc 4FF42A51 	 mov r1,#10880
 189:Core/Src/PowerManager.cpp ****                            HRTIM_COMPAREUNIT_3, 0U);
 739              	 .loc 1 189 5 view .LVU215
 740 01c0 0022     	 movs r2,#0
 184:Core/Src/PowerManager.cpp ****                            HRTIM_COMPAREUNIT_3, HRTIM_PERIOD * 0.20f);
ARM GAS   			page 20


 741              	 .loc 1 184 5 view .LVU216
 742 01c2 C3F82801 	 str r0,[r3,#296]
 186:Core/Src/PowerManager.cpp ****                            HRTIM_COMPAREUNIT_4, HRTIM_PERIOD * 0.5f);
 743              	 .loc 1 186 5 is_stmt 1 view .LVU217
 744 01c6 C3F82C11 	 str r1,[r3,#300]
 189:Core/Src/PowerManager.cpp ****                            HRTIM_COMPAREUNIT_3, 0U);
 745              	 .loc 1 189 5 view .LVU218
 746 01ca C3F8A820 	 str r2,[r3,#168]
 191:Core/Src/PowerManager.cpp ****   default:
 747              	 .loc 1 191 5 view .LVU219
 748              	 .loc 1 195 1 is_stmt 0 view .LVU220
 749 01ce 69E7     	 b .L38
 750              	.L75:
 751              	 .align 2
 752              	.L74:
 753 01d0 00000000 	 .word adcData
 754 01d4 0AD7233C 	 .word 1008981770
 755 01d8 00000000 	 .word psData
 756 01dc 85EB513F 	 .word 1062333317
 757 01e0 EC51983F 	 .word 1066947052
 758 01e4 00000000 	 .word hhrtim1
 759 01e8 39B4E841 	 .word 1105769529
 760 01ec 59EAE63C 	 .word 1021766233
 761 01f0 0000AA46 	 .word 1185546240
 762 01f4 3D0A573F 	 .word 1062668861
 763 01f8 CDCC4C3F 	 .word 1061997773
 764 01fc 5C8F823F 	 .word 1065520988
 765 0200 48E17A3F 	 .word 1065017672
 766 0204 1D73093D 	 .word 1024029469
 767              	 .cfi_endproc
 768              	.LFE624:
 770              	 .section .text._ZN3ADC10initAnalogEv,"ax",%progbits
 771              	 .align 1
 772              	 .p2align 2,,3
 773              	 .global _ZN3ADC10initAnalogEv
 774              	 .syntax unified
 775              	 .thumb
 776              	 .thumb_func
 778              	_ZN3ADC10initAnalogEv:
 779              	.LFB625:
 196:Core/Src/PowerManager.cpp **** 
 197:Core/Src/PowerManager.cpp **** } // namespace HRTIM
 198:Core/Src/PowerManager.cpp **** 
 199:Core/Src/PowerManager.cpp **** namespace ADC {
 200:Core/Src/PowerManager.cpp **** 
 201:Core/Src/PowerManager.cpp **** void initAnalog() {
 780              	 .loc 1 201 19 is_stmt 1 view-0
 781              	 .cfi_startproc
 782              	 
 783              	 
 202:Core/Src/PowerManager.cpp ****   HAL_OPAMP_SelfCalibrate(&hopamp1); // 采样电压跟随
 784              	 .loc 1 202 3 view .LVU222
 201:Core/Src/PowerManager.cpp ****   HAL_OPAMP_SelfCalibrate(&hopamp1); // 采样电压跟随
 785              	 .loc 1 201 19 is_stmt 0 view .LVU223
 786 0000 08B5     	 push {r3,lr}
 787              	 .cfi_def_cfa_offset 8
 788              	 .cfi_offset 3,-8
ARM GAS   			page 21


 789              	 .cfi_offset 14,-4
 790              	 .loc 1 202 26 view .LVU224
 791 0002 1548     	 ldr r0,.L78
 792 0004 FFF7FEFF 	 bl HAL_OPAMP_SelfCalibrate
 793              	.LVL22:
 203:Core/Src/PowerManager.cpp ****   HAL_OPAMP_SelfCalibrate(&hopamp2); // 采样电压跟随
 794              	 .loc 1 203 3 is_stmt 1 view .LVU225
 795              	 .loc 1 203 26 is_stmt 0 view .LVU226
 796 0008 1448     	 ldr r0,.L78+4
 797 000a FFF7FEFF 	 bl HAL_OPAMP_SelfCalibrate
 798              	.LVL23:
 204:Core/Src/PowerManager.cpp ****   HAL_OPAMP_SelfCalibrate(&hopamp3); // 采样电压跟随
 799              	 .loc 1 204 3 is_stmt 1 view .LVU227
 800              	 .loc 1 204 26 is_stmt 0 view .LVU228
 801 000e 1448     	 ldr r0,.L78+8
 802 0010 FFF7FEFF 	 bl HAL_OPAMP_SelfCalibrate
 803              	.LVL24:
 205:Core/Src/PowerManager.cpp ****   HAL_OPAMP_SelfCalibrate(&hopamp4); // 参考电压跟随
 804              	 .loc 1 205 3 is_stmt 1 view .LVU229
 805              	 .loc 1 205 26 is_stmt 0 view .LVU230
 806 0014 1348     	 ldr r0,.L78+12
 807 0016 FFF7FEFF 	 bl HAL_OPAMP_SelfCalibrate
 808              	.LVL25:
 206:Core/Src/PowerManager.cpp **** 
 207:Core/Src/PowerManager.cpp ****   HAL_Delay(50);
 809              	 .loc 1 207 3 is_stmt 1 view .LVU231
 810              	 .loc 1 207 12 is_stmt 0 view .LVU232
 811 001a 3220     	 movs r0,#50
 812 001c FFF7FEFF 	 bl HAL_Delay
 813              	.LVL26:
 208:Core/Src/PowerManager.cpp **** 
 209:Core/Src/PowerManager.cpp ****   HAL_OPAMP_Start(&hopamp1);
 814              	 .loc 1 209 3 is_stmt 1 view .LVU233
 815              	 .loc 1 209 18 is_stmt 0 view .LVU234
 816 0020 0D48     	 ldr r0,.L78
 817 0022 FFF7FEFF 	 bl HAL_OPAMP_Start
 818              	.LVL27:
 210:Core/Src/PowerManager.cpp ****   HAL_OPAMP_Start(&hopamp2);
 819              	 .loc 1 210 3 is_stmt 1 view .LVU235
 820              	 .loc 1 210 18 is_stmt 0 view .LVU236
 821 0026 0D48     	 ldr r0,.L78+4
 822 0028 FFF7FEFF 	 bl HAL_OPAMP_Start
 823              	.LVL28:
 211:Core/Src/PowerManager.cpp ****   HAL_OPAMP_Start(&hopamp3);
 824              	 .loc 1 211 3 is_stmt 1 view .LVU237
 825              	 .loc 1 211 18 is_stmt 0 view .LVU238
 826 002c 0C48     	 ldr r0,.L78+8
 827 002e FFF7FEFF 	 bl HAL_OPAMP_Start
 828              	.LVL29:
 212:Core/Src/PowerManager.cpp ****   HAL_OPAMP_Start(&hopamp4);
 829              	 .loc 1 212 3 is_stmt 1 view .LVU239
 830              	 .loc 1 212 18 is_stmt 0 view .LVU240
 831 0032 0C48     	 ldr r0,.L78+12
 832 0034 FFF7FEFF 	 bl HAL_OPAMP_Start
 833              	.LVL30:
 213:Core/Src/PowerManager.cpp ****   HAL_DAC_Start(&hdac1, DAC_CHANNEL_2);
 834              	 .loc 1 213 3 is_stmt 1 view .LVU241
ARM GAS   			page 22


 835              	 .loc 1 213 16 is_stmt 0 view .LVU242
 836 0038 1021     	 movs r1,#16
 837 003a 0B48     	 ldr r0,.L78+16
 838 003c FFF7FEFF 	 bl HAL_DAC_Start
 839              	.LVL31:
 214:Core/Src/PowerManager.cpp ****   HAL_DAC_Start(&hdac1, DAC_CHANNEL_1);
 840              	 .loc 1 214 3 is_stmt 1 view .LVU243
 841              	 .loc 1 214 16 is_stmt 0 view .LVU244
 842 0040 0021     	 movs r1,#0
 843 0042 0948     	 ldr r0,.L78+16
 844 0044 FFF7FEFF 	 bl HAL_DAC_Start
 845              	.LVL32:
 215:Core/Src/PowerManager.cpp ****   HAL_COMP_Start(&hcomp2);
 846              	 .loc 1 215 3 is_stmt 1 view .LVU245
 847              	 .loc 1 215 17 is_stmt 0 view .LVU246
 848 0048 0848     	 ldr r0,.L78+20
 849 004a FFF7FEFF 	 bl HAL_COMP_Start
 850              	.LVL33:
 216:Core/Src/PowerManager.cpp ****   HAL_COMP_Start(&hcomp3);
 851              	 .loc 1 216 3 is_stmt 1 view .LVU247
 217:Core/Src/PowerManager.cpp **** }
 852              	 .loc 1 217 1 is_stmt 0 view .LVU248
 853 004e BDE80840 	 pop {r3,lr}
 854              	 .cfi_restore 14
 855              	 .cfi_restore 3
 856              	 .cfi_def_cfa_offset 0
 216:Core/Src/PowerManager.cpp ****   HAL_COMP_Start(&hcomp3);
 857              	 .loc 1 216 17 view .LVU249
 858 0052 0748     	 ldr r0,.L78+24
 859 0054 FFF7FEBF 	 b HAL_COMP_Start
 860              	.LVL34:
 861              	.L79:
 862              	 .align 2
 863              	.L78:
 864 0058 00000000 	 .word hopamp1
 865 005c 00000000 	 .word hopamp2
 866 0060 00000000 	 .word hopamp3
 867 0064 00000000 	 .word hopamp4
 868 0068 00000000 	 .word hdac1
 869 006c 00000000 	 .word hcomp2
 870 0070 00000000 	 .word hcomp3
 871              	 .cfi_endproc
 872              	.LFE625:
 874              	 .section .text._ZN3ADC7initADCEv,"ax",%progbits
 875              	 .align 1
 876              	 .p2align 2,,3
 877              	 .global _ZN3ADC7initADCEv
 878              	 .syntax unified
 879              	 .thumb
 880              	 .thumb_func
 882              	_ZN3ADC7initADCEv:
 883              	.LFB626:
 218:Core/Src/PowerManager.cpp **** 
 219:Core/Src/PowerManager.cpp **** void initADC() {
 884              	 .loc 1 219 16 is_stmt 1 view-0
 885              	 .cfi_startproc
 886              	 
ARM GAS   			page 23


 887              	 
 220:Core/Src/PowerManager.cpp ****   // 校准ADC，ADC1和ADC2用于同步采样，ADC4用于监测温度和辅助电源
 221:Core/Src/PowerManager.cpp ****   HAL_ADCEx_Calibration_Start(&hadc1, ADC_SINGLE_ENDED);
 888              	 .loc 1 221 3 view .LVU251
 219:Core/Src/PowerManager.cpp ****   // 校准ADC，ADC1和ADC2用于同步采样，ADC4用于监测温度和辅助电源
 889              	 .loc 1 219 16 is_stmt 0 view .LVU252
 890 0000 08B5     	 push {r3,lr}
 891              	 .cfi_def_cfa_offset 8
 892              	 .cfi_offset 3,-8
 893              	 .cfi_offset 14,-4
 894              	 .loc 1 221 30 view .LVU253
 895 0002 7F21     	 movs r1,#127
 896 0004 0F48     	 ldr r0,.L82
 897 0006 FFF7FEFF 	 bl HAL_ADCEx_Calibration_Start
 898              	.LVL35:
 222:Core/Src/PowerManager.cpp ****   HAL_ADCEx_Calibration_Start(&hadc2, ADC_SINGLE_ENDED);
 899              	 .loc 1 222 3 is_stmt 1 view .LVU254
 900              	 .loc 1 222 30 is_stmt 0 view .LVU255
 901 000a 7F21     	 movs r1,#127
 902 000c 0E48     	 ldr r0,.L82+4
 903 000e FFF7FEFF 	 bl HAL_ADCEx_Calibration_Start
 904              	.LVL36:
 223:Core/Src/PowerManager.cpp ****   HAL_ADCEx_Calibration_Start(&hadc4, ADC_SINGLE_ENDED);
 905              	 .loc 1 223 3 is_stmt 1 view .LVU256
 906              	 .loc 1 223 30 is_stmt 0 view .LVU257
 907 0012 7F21     	 movs r1,#127
 908 0014 0D48     	 ldr r0,.L82+8
 909 0016 FFF7FEFF 	 bl HAL_ADCEx_Calibration_Start
 910              	.LVL37:
 224:Core/Src/PowerManager.cpp ****   HAL_Delay(50);
 911              	 .loc 1 224 3 is_stmt 1 view .LVU258
 912              	 .loc 1 224 12 is_stmt 0 view .LVU259
 913 001a 3220     	 movs r0,#50
 914 001c FFF7FEFF 	 bl HAL_Delay
 915              	.LVL38:
 225:Core/Src/PowerManager.cpp **** 
 226:Core/Src/PowerManager.cpp ****   // 双ADC同步采样
 227:Core/Src/PowerManager.cpp ****   HAL_ADCEx_MultiModeStart_DMA(&hadc1, adcData.rawData12, 4 * HRTIM_INT_SCALER);
 916              	 .loc 1 227 3 is_stmt 1 view .LVU260
 917              	 .loc 1 227 31 is_stmt 0 view .LVU261
 918 0020 0B49     	 ldr r1,.L82+12
 919 0022 0848     	 ldr r0,.L82
 920 0024 1022     	 movs r2,#16
 921 0026 FFF7FEFF 	 bl HAL_ADCEx_MultiModeStart_DMA
 922              	.LVL39:
 228:Core/Src/PowerManager.cpp ****   HAL_ADC_Start(&hadc2);
 923              	 .loc 1 228 3 is_stmt 1 view .LVU262
 924              	 .loc 1 228 16 is_stmt 0 view .LVU263
 925 002a 0748     	 ldr r0,.L82+4
 926 002c FFF7FEFF 	 bl HAL_ADC_Start
 927              	.LVL40:
 229:Core/Src/PowerManager.cpp ****   HAL_ADC_Start_DMA(&hadc4, (uint32_t *)adcData.rawData4, ADC4_BUFFER_SIZE);
 928              	 .loc 1 229 3 is_stmt 1 view .LVU264
 929              	 .loc 1 229 20 is_stmt 0 view .LVU265
 930 0030 074B     	 ldr r3,.L82+12
 931 0032 0648     	 ldr r0,.L82+8
 932 0034 03F16C01 	 add r1,r3,#108
ARM GAS   			page 24


 933 0038 0222     	 movs r2,#2
 230:Core/Src/PowerManager.cpp **** }
 934              	 .loc 1 230 1 view .LVU266
 935 003a BDE80840 	 pop {r3,lr}
 936              	 .cfi_restore 14
 937              	 .cfi_restore 3
 938              	 .cfi_def_cfa_offset 0
 229:Core/Src/PowerManager.cpp ****   HAL_ADC_Start_DMA(&hadc4, (uint32_t *)adcData.rawData4, ADC4_BUFFER_SIZE);
 939              	 .loc 1 229 20 view .LVU267
 940 003e FFF7FEBF 	 b HAL_ADC_Start_DMA
 941              	.LVL41:
 942              	.L83:
 943 0042 00BF     	 .align 2
 944              	.L82:
 945 0044 00000000 	 .word hadc1
 946 0048 00000000 	 .word hadc2
 947 004c 00000000 	 .word hadc4
 948 0050 04000000 	 .word adcData+4
 949              	 .cfi_endproc
 950              	.LFE626:
 952              	 .section .code_in_ram
 953              	 .align 1
 954              	 .p2align 2,,3
 955              	 .global _ZN3ADC11updateADCmfEv
 956              	 .syntax unified
 957              	 .thumb
 958              	 .thumb_func
 960              	_ZN3ADC11updateADCmfEv:
 961              	.LFB627:
 231:Core/Src/PowerManager.cpp **** 
 232:Core/Src/PowerManager.cpp **** __attribute__((section(".code_in_ram"))) void updateADCmf() {
 962              	 .loc 1 232 61 is_stmt 1 view-0
 963              	 .cfi_startproc
 964              	 
 965              	 
 966              	 
 233:Core/Src/PowerManager.cpp ****   for (uint8_t i = 0; i < HRTIM_INT_SCALER; i++) {
 967              	 .loc 1 233 3 view .LVU269
 968              	.LVL42:
 969              	.LBB52:
 970              	 .loc 1 233 25 discriminator 1 view .LVU270
 234:Core/Src/PowerManager.cpp ****     adcData.sumData[0] += adcData.rawData12[i * 4];
 971              	 .loc 1 234 5 view .LVU271
 235:Core/Src/PowerManager.cpp ****     adcData.sumData[1] += adcData.rawData12[i * 4 + 1];
 972              	 .loc 1 235 5 view .LVU272
 236:Core/Src/PowerManager.cpp ****     adcData.sumData[2] += adcData.rawData12[i * 4 + 2];
 973              	 .loc 1 236 5 view .LVU273
 237:Core/Src/PowerManager.cpp ****     adcData.sumData[3] += adcData.rawData12[i * 4 + 3];
 974              	 .loc 1 237 5 view .LVU274
 233:Core/Src/PowerManager.cpp ****     adcData.sumData[0] += adcData.rawData12[i * 4];
 975              	 .loc 1 233 3 discriminator 3 view .LVU275
 233:Core/Src/PowerManager.cpp ****     adcData.sumData[0] += adcData.rawData12[i * 4];
 976              	 .loc 1 233 25 discriminator 1 view .LVU276
 234:Core/Src/PowerManager.cpp ****     adcData.sumData[1] += adcData.rawData12[i * 4 + 1];
 977              	 .loc 1 234 5 view .LVU277
 235:Core/Src/PowerManager.cpp ****     adcData.sumData[2] += adcData.rawData12[i * 4 + 2];
 978              	 .loc 1 235 5 view .LVU278
ARM GAS   			page 25


 236:Core/Src/PowerManager.cpp ****     adcData.sumData[3] += adcData.rawData12[i * 4 + 3];
 979              	 .loc 1 236 5 view .LVU279
 980              	 .loc 1 237 5 view .LVU280
 233:Core/Src/PowerManager.cpp ****     adcData.sumData[0] += adcData.rawData12[i * 4];
 981              	 .loc 1 233 3 discriminator 3 view .LVU281
 233:Core/Src/PowerManager.cpp ****     adcData.sumData[0] += adcData.rawData12[i * 4];
 982              	 .loc 1 233 25 discriminator 1 view .LVU282
 234:Core/Src/PowerManager.cpp ****     adcData.sumData[1] += adcData.rawData12[i * 4 + 1];
 983              	 .loc 1 234 5 view .LVU283
 235:Core/Src/PowerManager.cpp ****     adcData.sumData[2] += adcData.rawData12[i * 4 + 2];
 984              	 .loc 1 235 5 view .LVU284
 236:Core/Src/PowerManager.cpp ****     adcData.sumData[3] += adcData.rawData12[i * 4 + 3];
 985              	 .loc 1 236 5 view .LVU285
 986              	 .loc 1 237 5 view .LVU286
 233:Core/Src/PowerManager.cpp ****     adcData.sumData[0] += adcData.rawData12[i * 4];
 987              	 .loc 1 233 3 discriminator 3 view .LVU287
 233:Core/Src/PowerManager.cpp ****     adcData.sumData[0] += adcData.rawData12[i * 4];
 988              	 .loc 1 233 25 discriminator 1 view .LVU288
 234:Core/Src/PowerManager.cpp ****     adcData.sumData[1] += adcData.rawData12[i * 4 + 1];
 989              	 .loc 1 234 5 view .LVU289
 234:Core/Src/PowerManager.cpp ****     adcData.sumData[1] += adcData.rawData12[i * 4 + 1];
 990              	 .loc 1 234 24 is_stmt 0 view .LVU290
 991 0208 8E4B     	 ldr r3,.L86
 992              	.LBE52:
 238:Core/Src/PowerManager.cpp ****   }
 239:Core/Src/PowerManager.cpp **** 
 240:Core/Src/PowerManager.cpp **** #ifdef CALIBRATION_MODE
 241:Core/Src/PowerManager.cpp ****   // for(uint8_t i = 0; i < 5; i++)
 242:Core/Src/PowerManager.cpp ****   // adcData.tempData[i] = adcData.tempData[i] * 0.99f + adcData.sumData[i] *
 243:Core/Src/PowerManager.cpp ****   // 0.01f;
 244:Core/Src/PowerManager.cpp ****   adcData.tempData[0] = adcData.tempData[0] * (1 - ADC_CALI_ALPHA) +
 245:Core/Src/PowerManager.cpp ****                         (uint16_t)adcData.sumData[0] * ADC_CALI_ALPHA;
 993              	 .loc 1 245 54 view .LVU291
 994 020a DFED8F6A 	 vldr.32 s13,.L86+4
 995              	.LBB53:
 234:Core/Src/PowerManager.cpp ****     adcData.sumData[1] += adcData.rawData12[i * 4 + 1];
 996              	 .loc 1 234 24 view .LVU292
 997 020e 5868     	 ldr r0,[r3,#4]
 998 0210 596C     	 ldr r1,[r3,#68]
 235:Core/Src/PowerManager.cpp ****     adcData.sumData[2] += adcData.rawData12[i * 4 + 2];
 999              	 .loc 1 235 24 view .LVU293
 1000 0212 9A6C     	 ldr r2,[r3,#72]
 1001              	.LBE53:
 244:Core/Src/PowerManager.cpp ****                         (uint16_t)adcData.sumData[0] * ADC_CALI_ALPHA;
 1002              	 .loc 1 244 68 view .LVU294
 1003 0214 9FED8D4A 	 vldr.32 s8,.L86+8
 1004 0218 D3ED155A 	 vldr.32 s11,[r3,#84]
 246:Core/Src/PowerManager.cpp ****   adcData.tempData[1] = adcData.tempData[1] * (1 - ADC_CALI_ALPHA) +
 247:Core/Src/PowerManager.cpp ****                         (uint16_t)adcData.sumData[1] * ADC_CALI_ALPHA;
 248:Core/Src/PowerManager.cpp ****   adcData.tempData[2] = adcData.tempData[2] * (1 - ADC_CALI_ALPHA) +
 249:Core/Src/PowerManager.cpp ****                         (uint16_t)adcData.sumData[2] * ADC_CALI_ALPHA;
 250:Core/Src/PowerManager.cpp ****   adcData.tempData[3] =
 251:Core/Src/PowerManager.cpp ****       adcData.tempData[3] * (1 - ADC_CALI_ALPHA) +
 252:Core/Src/PowerManager.cpp ****       *(uint16_t *)((uint8_t *)&adcData.sumData[0] + 2) * ADC_CALI_ALPHA;
 253:Core/Src/PowerManager.cpp ****   adcData.tempData[4] =
 254:Core/Src/PowerManager.cpp ****       adcData.tempData[4] * (1 - ADC_CALI_ALPHA) +
 255:Core/Src/PowerManager.cpp ****       *(uint16_t *)((uint8_t *)&adcData.sumData[2] + 2) * ADC_CALI_ALPHA;
ARM GAS   			page 26


 256:Core/Src/PowerManager.cpp **** 
 257:Core/Src/PowerManager.cpp ****   adcData.tempData[5] =
 258:Core/Src/PowerManager.cpp ****       adcData.tempData[5] * (1 - ADC_CALI_ALPHA) +
 259:Core/Src/PowerManager.cpp ****       *(uint16_t *)((uint8_t *)&adcData.sumData[3] + 2) * ADC_CALI_ALPHA;
 260:Core/Src/PowerManager.cpp ****   adcData.tempData[6] = adcData.tempData[6] * (1 - ADC_CALI_ALPHA) +
 261:Core/Src/PowerManager.cpp ****                         (uint16_t)adcData.sumData[3] * ADC_CALI_ALPHA;
 262:Core/Src/PowerManager.cpp **** 
 263:Core/Src/PowerManager.cpp ****   // iA iR vA iB vB iWPT vWPT
 264:Core/Src/PowerManager.cpp **** 
 265:Core/Src/PowerManager.cpp **** #endif
 266:Core/Src/PowerManager.cpp ****   //  ADC1   iA  iR  vA   vWPT
 267:Core/Src/PowerManager.cpp ****   //  ADC2   iB  iB  vB   iWPT
 268:Core/Src/PowerManager.cpp **** 
 269:Core/Src/PowerManager.cpp ****   adcData.iA =
 270:Core/Src/PowerManager.cpp ****       (1 - ADC_ISENSE_ALPHA) * adcData.iA +
 271:Core/Src/PowerManager.cpp ****       ADC_ISENSE_ALPHA * ((uint16_t)adcData.sumData[0] * ADC_IA_K + ADC_IA_B);
 1005              	 .loc 1 271 67 view .LVU295
 1006 021c DFED8C2A 	 vldr.32 s5,.L86+12
 272:Core/Src/PowerManager.cpp ****   adcData.iR = (1 - ADC_ISENSE_ALPHA) * adcData.iR -
 273:Core/Src/PowerManager.cpp ****                ADC_ISENSE_ALPHA *
 274:Core/Src/PowerManager.cpp ****                    ((uint16_t)adcData.sumData[1] * ADC_IREF_K + ADC_IREF_B);
 1007              	 .loc 1 274 63 view .LVU296
 1008 0220 DFED8C4A 	 vldr.32 s9,.L86+16
 246:Core/Src/PowerManager.cpp ****   adcData.tempData[1] = adcData.tempData[1] * (1 - ADC_CALI_ALPHA) +
 1009              	 .loc 1 246 68 view .LVU297
 1010 0224 93ED161A 	 vldr.32 s2,[r3,#88]
 251:Core/Src/PowerManager.cpp ****       *(uint16_t *)((uint8_t *)&adcData.sumData[0] + 2) * ADC_CALI_ALPHA;
 1011              	 .loc 1 251 50 view .LVU298
 1012 0228 93ED186A 	 vldr.32 s12,[r3,#96]
 275:Core/Src/PowerManager.cpp ****   adcData.vA = (1 - ADC_VSENSE_ALPHA) * adcData.vA +
 276:Core/Src/PowerManager.cpp ****                ADC_VSENSE_ALPHA * (uint16_t)adcData.sumData[2] * ADC_VA_K +
 277:Core/Src/PowerManager.cpp ****                ADC_VA_B;
 278:Core/Src/PowerManager.cpp ****   adcData.iB =
 279:Core/Src/PowerManager.cpp ****       (1 - ADC_ISENSE_ALPHA) * adcData.iB +
 280:Core/Src/PowerManager.cpp ****       ADC_ISENSE_ALPHA *
 281:Core/Src/PowerManager.cpp ****           (*(uint16_t *)((uint8_t *)&adcData.sumData[0] + 2) * ADC_IB_K +
 1013              	 .loc 1 281 73 view .LVU299
 1014 022c DFED8A1A 	 vldr.32 s3,.L86+20
 258:Core/Src/PowerManager.cpp ****       *(uint16_t *)((uint8_t *)&adcData.sumData[3] + 2) * ADC_CALI_ALPHA;
 1015              	 .loc 1 258 50 view .LVU300
 1016 0230 93ED1A0A 	 vldr.32 s0,[r3,#104]
 254:Core/Src/PowerManager.cpp ****       *(uint16_t *)((uint8_t *)&adcData.sumData[2] + 2) * ADC_CALI_ALPHA;
 1017              	 .loc 1 254 50 view .LVU301
 1018 0234 93ED192A 	 vldr.32 s4,[r3,#100]
 270:Core/Src/PowerManager.cpp ****       ADC_ISENSE_ALPHA * ((uint16_t)adcData.sumData[0] * ADC_IA_K + ADC_IA_B);
 1019              	 .loc 1 270 43 view .LVU302
 1020 0238 DFED883A 	 vldr.32 s7,.L86+24
 276:Core/Src/PowerManager.cpp ****                ADC_VA_B;
 1021              	 .loc 1 276 75 view .LVU303
 1022 023c DFED880A 	 vldr.32 s1,.L86+28
 232:Core/Src/PowerManager.cpp ****   for (uint8_t i = 0; i < HRTIM_INT_SCALER; i++) {
 1023              	 .loc 1 232 61 view .LVU304
 1024 0240 30B4     	 push {r4,r5}
 1025              	 .cfi_def_cfa_offset 8
 1026              	 .cfi_offset 4,-8
 1027              	 .cfi_offset 5,-4
 1028              	.LBB54:
ARM GAS   			page 27


 234:Core/Src/PowerManager.cpp ****     adcData.sumData[1] += adcData.rawData12[i * 4 + 1];
 1029              	 .loc 1 234 24 view .LVU305
 1030 0242 5C69     	 ldr r4,[r3,#20]
 235:Core/Src/PowerManager.cpp ****     adcData.sumData[2] += adcData.rawData12[i * 4 + 2];
 1031              	 .loc 1 235 24 view .LVU306
 1032 0244 9D68     	 ldr r5,[r3,#8]
 234:Core/Src/PowerManager.cpp ****     adcData.sumData[1] += adcData.rawData12[i * 4 + 1];
 1033              	 .loc 1 234 24 view .LVU307
 1034 0246 0144     	 add r1,r1,r0
 1035 0248 586A     	 ldr r0,[r3,#36]
 1036 024a 2144     	 add r1,r1,r4
 1037 024c 0144     	 add r1,r1,r0
 1038 024e 586B     	 ldr r0,[r3,#52]
 1039 0250 0144     	 add r1,r1,r0
 235:Core/Src/PowerManager.cpp ****     adcData.sumData[2] += adcData.rawData12[i * 4 + 2];
 1040              	 .loc 1 235 5 is_stmt 1 view .LVU308
 1041              	.LBE54:
 252:Core/Src/PowerManager.cpp ****   adcData.tempData[4] =
 1042              	 .loc 1 252 7 is_stmt 0 view .LVU309
 1043 0252 080C     	 lsrs r0,r1,#16
 245:Core/Src/PowerManager.cpp ****   adcData.tempData[1] = adcData.tempData[1] * (1 - ADC_CALI_ALPHA) +
 1044              	 .loc 1 245 25 view .LVU310
 1045 0254 89B2     	 uxth r1,r1
 252:Core/Src/PowerManager.cpp ****   adcData.tempData[4] =
 1046              	 .loc 1 252 7 view .LVU311
 1047 0256 07EE100A 	 vmov s14,r0
 245:Core/Src/PowerManager.cpp ****   adcData.tempData[1] = adcData.tempData[1] * (1 - ADC_CALI_ALPHA) +
 1048              	 .loc 1 245 54 view .LVU312
 1049 025a 07EE901A 	 vmov s15,r1
 1050              	.LBB55:
 236:Core/Src/PowerManager.cpp ****     adcData.sumData[3] += adcData.rawData12[i * 4 + 3];
 1051              	 .loc 1 236 24 view .LVU313
 1052 025e D868     	 ldr r0,[r3,#12]
 1053 0260 D96C     	 ldr r1,[r3,#76]
 235:Core/Src/PowerManager.cpp ****     adcData.sumData[2] += adcData.rawData12[i * 4 + 2];
 1054              	 .loc 1 235 24 view .LVU314
 1055 0262 2A44     	 add r2,r2,r5
 236:Core/Src/PowerManager.cpp ****     adcData.sumData[3] += adcData.rawData12[i * 4 + 3];
 1056              	 .loc 1 236 24 view .LVU315
 1057 0264 0844     	 add r0,r0,r1
 237:Core/Src/PowerManager.cpp ****   }
 1058              	 .loc 1 237 24 view .LVU316
 1059 0266 1D69     	 ldr r5,[r3,#16]
 1060 0268 196D     	 ldr r1,[r3,#80]
 1061 026a 2944     	 add r1,r1,r5
 235:Core/Src/PowerManager.cpp ****     adcData.sumData[2] += adcData.rawData12[i * 4 + 2];
 1062              	 .loc 1 235 24 view .LVU317
 1063 026c 9D69     	 ldr r5,[r3,#24]
 1064 026e 2A44     	 add r2,r2,r5
 236:Core/Src/PowerManager.cpp ****     adcData.sumData[3] += adcData.rawData12[i * 4 + 3];
 1065              	 .loc 1 236 24 view .LVU318
 1066 0270 DD69     	 ldr r5,[r3,#28]
 1067 0272 2844     	 add r0,r0,r5
 237:Core/Src/PowerManager.cpp ****   }
 1068              	 .loc 1 237 24 view .LVU319
 1069 0274 1D6A     	 ldr r5,[r3,#32]
 1070 0276 2944     	 add r1,r1,r5
ARM GAS   			page 28


 235:Core/Src/PowerManager.cpp ****     adcData.sumData[2] += adcData.rawData12[i * 4 + 2];
 1071              	 .loc 1 235 24 view .LVU320
 1072 0278 9D6A     	 ldr r5,[r3,#40]
 1073 027a 2A44     	 add r2,r2,r5
 236:Core/Src/PowerManager.cpp ****     adcData.sumData[3] += adcData.rawData12[i * 4 + 3];
 1074              	 .loc 1 236 24 view .LVU321
 1075 027c DD6A     	 ldr r5,[r3,#44]
 1076              	.LBE55:
 245:Core/Src/PowerManager.cpp ****   adcData.tempData[1] = adcData.tempData[1] * (1 - ADC_CALI_ALPHA) +
 1077              	 .loc 1 245 54 view .LVU322
 1078 027e F8EEE77A 	 vcvt.f32.s32 s15,s15
 1079              	.LBB56:
 236:Core/Src/PowerManager.cpp ****     adcData.sumData[3] += adcData.rawData12[i * 4 + 3];
 1080              	 .loc 1 236 24 view .LVU323
 1081 0282 2844     	 add r0,r0,r5
 237:Core/Src/PowerManager.cpp ****   }
 1082              	 .loc 1 237 24 view .LVU324
 1083 0284 1D6B     	 ldr r5,[r3,#48]
 1084              	.LBE56:
 245:Core/Src/PowerManager.cpp ****   adcData.tempData[1] = adcData.tempData[1] * (1 - ADC_CALI_ALPHA) +
 1085              	 .loc 1 245 54 view .LVU325
 1086 0286 27EEA63A 	 vmul.f32 s6,s15,s13
 1087              	.LBB57:
 237:Core/Src/PowerManager.cpp ****   }
 1088              	 .loc 1 237 24 view .LVU326
 1089 028a 2944     	 add r1,r1,r5
 235:Core/Src/PowerManager.cpp ****     adcData.sumData[2] += adcData.rawData12[i * 4 + 2];
 1090              	 .loc 1 235 24 view .LVU327
 1091 028c 9D6B     	 ldr r5,[r3,#56]
 1092              	.LBE57:
 244:Core/Src/PowerManager.cpp ****                         (uint16_t)adcData.sumData[0] * ADC_CALI_ALPHA;
 1093              	 .loc 1 244 68 view .LVU328
 1094 028e A5EE843A 	 vfma.f32 s6,s11,s8
 1095              	.LBB58:
 235:Core/Src/PowerManager.cpp ****     adcData.sumData[2] += adcData.rawData12[i * 4 + 2];
 1096              	 .loc 1 235 24 view .LVU329
 1097 0292 2A44     	 add r2,r2,r5
 236:Core/Src/PowerManager.cpp ****     adcData.sumData[3] += adcData.rawData12[i * 4 + 3];
 1098              	 .loc 1 236 5 is_stmt 1 view .LVU330
 1099              	.LBE58:
 247:Core/Src/PowerManager.cpp ****   adcData.tempData[2] = adcData.tempData[2] * (1 - ADC_CALI_ALPHA) +
 1100              	 .loc 1 247 25 is_stmt 0 view .LVU331
 1101 0294 92B2     	 uxth r2,r2
 271:Core/Src/PowerManager.cpp ****   adcData.iR = (1 - ADC_ISENSE_ALPHA) * adcData.iR -
 1102              	 .loc 1 271 67 view .LVU332
 1103 0296 DFED735A 	 vldr.32 s11,.L86+32
 1104 029a E7EEA25A 	 vfma.f32 s11,s15,s5
 1105              	.LBB59:
 282:Core/Src/PowerManager.cpp ****            ADC_IB_B);
 283:Core/Src/PowerManager.cpp ****   adcData.vB = (1 - ADC_VSENSE_ALPHA) * adcData.vB +
 284:Core/Src/PowerManager.cpp ****                ADC_VSENSE_ALPHA *
 285:Core/Src/PowerManager.cpp ****                    *(uint16_t *)((uint8_t *)&adcData.sumData[2] + 2) *
 286:Core/Src/PowerManager.cpp ****                    ADC_VB_K +
 287:Core/Src/PowerManager.cpp ****                ADC_VB_B;
 288:Core/Src/PowerManager.cpp **** 
 289:Core/Src/PowerManager.cpp **** #ifdef WPT_HARDWARE
 290:Core/Src/PowerManager.cpp ****   adcData.vWPT = (uint16_t)adcData.sumData[3] * ADC_VWPT_K + ADC_VWPT_B;
ARM GAS   			page 29


 291:Core/Src/PowerManager.cpp ****   adcData.iWPT =
 292:Core/Src/PowerManager.cpp ****       (1 - ADC_ISENSE_ALPHA) * adcData.iWPT +
 293:Core/Src/PowerManager.cpp ****       ADC_ISENSE_ALPHA *
 294:Core/Src/PowerManager.cpp ****           (*(uint16_t *)((uint8_t *)&adcData.sumData[3] + 2) * ADC_IWPT_K +
 295:Core/Src/PowerManager.cpp ****            ADC_IWPT_B);
 296:Core/Src/PowerManager.cpp **** 
 297:Core/Src/PowerManager.cpp ****   adcData.pWPT = adcData.vB * adcData.iWPT;
 298:Core/Src/PowerManager.cpp **** 
 299:Core/Src/PowerManager.cpp ****   adcData.vWPTlf =
 300:Core/Src/PowerManager.cpp ****       MF_TO_LF_ALPHA * adcData.vWPT + (1.0f - MF_TO_LF_ALPHA) * adcData.vWPTlf;
 301:Core/Src/PowerManager.cpp **** 
 302:Core/Src/PowerManager.cpp ****   adcData.pWPTlf =
 303:Core/Src/PowerManager.cpp ****       MF_TO_LF_ALPHA * adcData.pWPT + (1.0f - MF_TO_LF_ALPHA) * adcData.pWPTlf;
 304:Core/Src/PowerManager.cpp ****   adcData.iCap = adcData.iB + adcData.iWPT;
 305:Core/Src/PowerManager.cpp **** #else
 306:Core/Src/PowerManager.cpp ****   adcData.iCap = adcData.iB;
 307:Core/Src/PowerManager.cpp ****   adcData.iWPT = 0.0f;
 308:Core/Src/PowerManager.cpp ****   adcData.vWPT = 0.0f;
 309:Core/Src/PowerManager.cpp **** #endif
 310:Core/Src/PowerManager.cpp **** 
 311:Core/Src/PowerManager.cpp ****   adcData.vCap = adcData.vB - adcData.iCap * CAPARR_DCR;
 312:Core/Src/PowerManager.cpp ****   adcData.iChassis = adcData.iR - adcData.iA;
 313:Core/Src/PowerManager.cpp ****   adcData.pReferee = adcData.vA * adcData.iR;
 314:Core/Src/PowerManager.cpp ****   adcData.pChassis = adcData.vA * adcData.iChassis;
 315:Core/Src/PowerManager.cpp **** 
 316:Core/Src/PowerManager.cpp ****   // 对62.5kHz的采样数据进行一阶滤波，截止频率1.5kHz
 317:Core/Src/PowerManager.cpp ****   adcData.iCaplf =
 318:Core/Src/PowerManager.cpp ****       MF_TO_LF_ALPHA * adcData.iCap + (1.0f - MF_TO_LF_ALPHA) * adcData.iCaplf;
 319:Core/Src/PowerManager.cpp ****   adcData.vCaplf =
 320:Core/Src/PowerManager.cpp ****       MF_TO_LF_ALPHA * adcData.vCap + (1.0f - MF_TO_LF_ALPHA) * adcData.vCaplf;
 321:Core/Src/PowerManager.cpp ****   adcData.pChassislf = MF_TO_LF_ALPHA * adcData.pChassis +
 322:Core/Src/PowerManager.cpp ****                        (1.0f - MF_TO_LF_ALPHA) * adcData.pChassislf;
 323:Core/Src/PowerManager.cpp ****   adcData.pRefereelf = MF_TO_LF_ALPHA * adcData.pReferee +
 324:Core/Src/PowerManager.cpp ****                        (1.0f - MF_TO_LF_ALPHA) * adcData.pRefereelf;
 325:Core/Src/PowerManager.cpp **** 
 326:Core/Src/PowerManager.cpp ****   for (uint8_t j = 0; j < 4; j++)
 327:Core/Src/PowerManager.cpp ****     adcData.sumData[j] = 0;
 1106              	 .loc 1 327 24 view .LVU333
 1107 029e 0024     	 movs r4,#0
 1108              	.LBE59:
 307:Core/Src/PowerManager.cpp ****   adcData.vWPT = 0.0f;
 1109              	 .loc 1 307 16 view .LVU334
 1110 02a0 4FF0000C 	 mov ip,#0
 247:Core/Src/PowerManager.cpp ****   adcData.tempData[2] = adcData.tempData[2] * (1 - ADC_CALI_ALPHA) +
 1111              	 .loc 1 247 54 view .LVU335
 1112 02a4 07EE902A 	 vmov s15,r2
 232:Core/Src/PowerManager.cpp ****   for (uint8_t i = 0; i < HRTIM_INT_SCALER; i++) {
 1113              	 .loc 1 232 61 view .LVU336
 1114 02a8 2DED028B 	 vpush.64 {d8}
 1115              	 .cfi_def_cfa_offset 16
 1116              	 .cfi_offset 80,-16
 1117              	 .cfi_offset 81,-12
 252:Core/Src/PowerManager.cpp ****   adcData.tempData[4] =
 1118              	 .loc 1 252 57 view .LVU337
 1119 02ac B8EEC77A 	 vcvt.f32.s32 s14,s14
 274:Core/Src/PowerManager.cpp ****   adcData.vA = (1 - ADC_VSENSE_ALPHA) * adcData.vA +
 1120              	 .loc 1 274 63 view .LVU338
ARM GAS   			page 30


 1121 02b0 9FED6D8A 	 vldr.32 s16,.L86+36
 1122              	.LBB60:
 236:Core/Src/PowerManager.cpp ****     adcData.sumData[3] += adcData.rawData12[i * 4 + 3];
 1123              	 .loc 1 236 24 view .LVU339
 1124 02b4 DA6B     	 ldr r2,[r3,#60]
 1125              	.LBE60:
 244:Core/Src/PowerManager.cpp ****                         (uint16_t)adcData.sumData[0] * ADC_CALI_ALPHA;
 1126              	 .loc 1 244 23 view .LVU340
 1127 02b6 83ED153A 	 vstr.32 s6,[r3,#84]
 247:Core/Src/PowerManager.cpp ****   adcData.tempData[2] = adcData.tempData[2] * (1 - ADC_CALI_ALPHA) +
 1128              	 .loc 1 247 54 view .LVU341
 1129 02ba F8EEE77A 	 vcvt.f32.s32 s15,s15
 252:Core/Src/PowerManager.cpp ****   adcData.tempData[4] =
 1130              	 .loc 1 252 57 view .LVU342
 1131 02be 27EE265A 	 vmul.f32 s10,s14,s13
 274:Core/Src/PowerManager.cpp ****   adcData.vA = (1 - ADC_VSENSE_ALPHA) * adcData.vA +
 1132              	 .loc 1 274 63 view .LVU343
 1133 02c2 E7EE884A 	 vfma.f32 s9,s15,s16
 1134              	.LBB61:
 236:Core/Src/PowerManager.cpp ****     adcData.sumData[3] += adcData.rawData12[i * 4 + 3];
 1135              	 .loc 1 236 24 view .LVU344
 1136 02c6 1044     	 add r0,r0,r2
 237:Core/Src/PowerManager.cpp ****   }
 1137              	 .loc 1 237 5 is_stmt 1 view .LVU345
 237:Core/Src/PowerManager.cpp ****   }
 1138              	 .loc 1 237 24 is_stmt 0 view .LVU346
 1139 02c8 1A6C     	 ldr r2,[r3,#64]
 1140 02ca DFED682A 	 vldr.32 s5,.L86+40
 1141              	.LBE61:
 286:Core/Src/PowerManager.cpp ****                ADC_VB_B;
 1142              	 .loc 1 286 29 view .LVU347
 1143 02ce 9FED688A 	 vldr.32 s16,.L86+44
 247:Core/Src/PowerManager.cpp ****   adcData.tempData[2] = adcData.tempData[2] * (1 - ADC_CALI_ALPHA) +
 1144              	 .loc 1 247 54 view .LVU348
 1145 02d2 67EEA67A 	 vmul.f32 s15,s15,s13
 251:Core/Src/PowerManager.cpp ****       *(uint16_t *)((uint8_t *)&adcData.sumData[0] + 2) * ADC_CALI_ALPHA;
 1146              	 .loc 1 251 50 view .LVU349
 1147 02d6 A6EE045A 	 vfma.f32 s10,s12,s8
 1148              	.LBB62:
 237:Core/Src/PowerManager.cpp ****   }
 1149              	 .loc 1 237 24 view .LVU350
 1150 02da 0A44     	 add r2,r2,r1
 233:Core/Src/PowerManager.cpp ****     adcData.sumData[0] += adcData.rawData12[i * 4];
 1151              	 .loc 1 233 3 is_stmt 1 discriminator 3 view .LVU351
 1152              	.LVL43:
 233:Core/Src/PowerManager.cpp ****     adcData.sumData[0] += adcData.rawData12[i * 4];
 1153              	 .loc 1 233 25 discriminator 1 view .LVU352
 1154              	.LBE62:
 244:Core/Src/PowerManager.cpp ****                         (uint16_t)adcData.sumData[0] * ADC_CALI_ALPHA;
 1155              	 .loc 1 244 3 view .LVU353
 246:Core/Src/PowerManager.cpp ****                         (uint16_t)adcData.sumData[1] * ADC_CALI_ALPHA;
 1156              	 .loc 1 246 3 view .LVU354
 248:Core/Src/PowerManager.cpp ****                         (uint16_t)adcData.sumData[2] * ADC_CALI_ALPHA;
 1157              	 .loc 1 248 3 view .LVU355
 249:Core/Src/PowerManager.cpp ****   adcData.tempData[3] =
 1158              	 .loc 1 249 25 is_stmt 0 view .LVU356
 1159 02dc 81B2     	 uxth r1,r0
ARM GAS   			page 31


 246:Core/Src/PowerManager.cpp ****                         (uint16_t)adcData.sumData[1] * ADC_CALI_ALPHA;
 1160              	 .loc 1 246 68 view .LVU357
 1161 02de E1EE047A 	 vfma.f32 s15,s2,s8
 255:Core/Src/PowerManager.cpp **** 
 1162              	 .loc 1 255 7 view .LVU358
 1163 02e2 000C     	 lsrs r0,r0,#16
 281:Core/Src/PowerManager.cpp ****            ADC_IB_B);
 1164              	 .loc 1 281 73 view .LVU359
 1165 02e4 9FED636A 	 vldr.32 s12,.L86+48
 246:Core/Src/PowerManager.cpp ****                         (uint16_t)adcData.sumData[1] * ADC_CALI_ALPHA;
 1166              	 .loc 1 246 23 view .LVU360
 1167 02e8 C3ED167A 	 vstr.32 s15,[r3,#88]
 281:Core/Src/PowerManager.cpp ****            ADC_IB_B);
 1168              	 .loc 1 281 73 view .LVU361
 1169 02ec A7EE216A 	 vfma.f32 s12,s14,s3
 255:Core/Src/PowerManager.cpp **** 
 1170              	 .loc 1 255 57 view .LVU362
 1171 02f0 07EE900A 	 vmov s15,r0
 271:Core/Src/PowerManager.cpp ****   adcData.iR = (1 - ADC_ISENSE_ALPHA) * adcData.iR -
 1172              	 .loc 1 271 24 view .LVU363
 1173 02f4 9FED607A 	 vldr.32 s14,.L86+52
 250:Core/Src/PowerManager.cpp ****       adcData.tempData[3] * (1 - ADC_CALI_ALPHA) +
 1174              	 .loc 1 250 23 view .LVU364
 1175 02f8 83ED185A 	 vstr.32 s10,[r3,#96]
 249:Core/Src/PowerManager.cpp ****   adcData.tempData[3] =
 1176              	 .loc 1 249 25 view .LVU365
 1177 02fc 01EE101A 	 vmov s2,r1
 259:Core/Src/PowerManager.cpp ****   adcData.tempData[6] = adcData.tempData[6] * (1 - ADC_CALI_ALPHA) +
 1178              	 .loc 1 259 7 view .LVU366
 1179 0300 110C     	 lsrs r1,r2,#16
 280:Core/Src/PowerManager.cpp ****           (*(uint16_t *)((uint8_t *)&adcData.sumData[0] + 2) * ADC_IB_K +
 1180              	 .loc 1 280 24 view .LVU367
 1181 0302 26EE076A 	 vmul.f32 s12,s12,s14
 271:Core/Src/PowerManager.cpp ****   adcData.iR = (1 - ADC_ISENSE_ALPHA) * adcData.iR -
 1182              	 .loc 1 271 24 view .LVU368
 1183 0306 65EE875A 	 vmul.f32 s11,s11,s14
 273:Core/Src/PowerManager.cpp ****                    ((uint16_t)adcData.sumData[1] * ADC_IREF_K + ADC_IREF_B);
 1184              	 .loc 1 273 33 view .LVU369
 1185 030a 64EE874A 	 vmul.f32 s9,s9,s14
 255:Core/Src/PowerManager.cpp **** 
 1186              	 .loc 1 255 57 view .LVU370
 1187 030e B8EEE77A 	 vcvt.f32.s32 s14,s15
 259:Core/Src/PowerManager.cpp ****   adcData.tempData[6] = adcData.tempData[6] * (1 - ADC_CALI_ALPHA) +
 1188              	 .loc 1 259 7 view .LVU371
 1189 0312 07EE901A 	 vmov s15,r1
 259:Core/Src/PowerManager.cpp ****   adcData.tempData[6] = adcData.tempData[6] * (1 - ADC_CALI_ALPHA) +
 1190              	 .loc 1 259 57 view .LVU372
 1191 0316 F8EEE77A 	 vcvt.f32.s32 s15,s15
 249:Core/Src/PowerManager.cpp ****   adcData.tempData[3] =
 1192              	 .loc 1 249 54 view .LVU373
 1193 031a B8EEC11A 	 vcvt.f32.s32 s2,s2
 259:Core/Src/PowerManager.cpp ****   adcData.tempData[6] = adcData.tempData[6] * (1 - ADC_CALI_ALPHA) +
 1194              	 .loc 1 259 57 view .LVU374
 1195 031e 67EEA67A 	 vmul.f32 s15,s15,s13
 248:Core/Src/PowerManager.cpp ****                         (uint16_t)adcData.sumData[2] * ADC_CALI_ALPHA;
 1196              	 .loc 1 248 68 view .LVU375
 1197 0322 D3ED178A 	 vldr.32 s17,[r3,#92]
ARM GAS   			page 32


 1198 0326 9FED555A 	 vldr.32 s10,.L86+56
 311:Core/Src/PowerManager.cpp ****   adcData.iChassis = adcData.iR - adcData.iA;
 1199              	 .loc 1 311 29 view .LVU376
 1200 032a DFED551A 	 vldr.32 s3,.L86+60
 307:Core/Src/PowerManager.cpp ****   adcData.vWPT = 0.0f;
 1201              	 .loc 1 307 16 view .LVU377
 1202 032e C3F8B4C0 	 str ip,[r3,#180]
 258:Core/Src/PowerManager.cpp ****       *(uint16_t *)((uint8_t *)&adcData.sumData[3] + 2) * ADC_CALI_ALPHA;
 1203              	 .loc 1 258 50 view .LVU378
 1204 0332 E0EE047A 	 vfma.f32 s15,s0,s8
 261:Core/Src/PowerManager.cpp **** 
 1205              	 .loc 1 261 25 view .LVU379
 1206 0336 92B2     	 uxth r2,r2
 308:Core/Src/PowerManager.cpp **** #endif
 1207              	 .loc 1 308 16 view .LVU380
 1208 0338 C3F8B0C0 	 str ip,[r3,#176]
 249:Core/Src/PowerManager.cpp ****   adcData.tempData[3] =
 1209              	 .loc 1 249 54 view .LVU381
 1210 033c 21EE263A 	 vmul.f32 s6,s2,s13
 257:Core/Src/PowerManager.cpp ****       adcData.tempData[5] * (1 - ADC_CALI_ALPHA) +
 1211              	 .loc 1 257 23 view .LVU382
 1212 0340 C3ED1A7A 	 vstr.32 s15,[r3,#104]
 248:Core/Src/PowerManager.cpp ****                         (uint16_t)adcData.sumData[2] * ADC_CALI_ALPHA;
 1213              	 .loc 1 248 68 view .LVU383
 1214 0344 A8EE843A 	 vfma.f32 s6,s17,s8
 261:Core/Src/PowerManager.cpp **** 
 1215              	 .loc 1 261 54 view .LVU384
 1216 0348 07EE902A 	 vmov s15,r2
 1217 034c F8EEE77A 	 vcvt.f32.s32 s15,s15
 248:Core/Src/PowerManager.cpp ****                         (uint16_t)adcData.sumData[2] * ADC_CALI_ALPHA;
 1218              	 .loc 1 248 23 view .LVU385
 1219 0350 83ED173A 	 vstr.32 s6,[r3,#92]
 250:Core/Src/PowerManager.cpp ****       adcData.tempData[3] * (1 - ADC_CALI_ALPHA) +
 1220              	 .loc 1 250 3 is_stmt 1 view .LVU386
 253:Core/Src/PowerManager.cpp ****       adcData.tempData[4] * (1 - ADC_CALI_ALPHA) +
 1221              	 .loc 1 253 3 view .LVU387
 261:Core/Src/PowerManager.cpp **** 
 1222              	 .loc 1 261 54 is_stmt 0 view .LVU388
 1223 0354 27EEA63A 	 vmul.f32 s6,s15,s13
 255:Core/Src/PowerManager.cpp **** 
 1224              	 .loc 1 255 57 view .LVU389
 1225 0358 67EE266A 	 vmul.f32 s13,s14,s13
 1226 035c D3ED237A 	 vldr.32 s15,[r3,#140]
 260:Core/Src/PowerManager.cpp ****                         (uint16_t)adcData.sumData[3] * ADC_CALI_ALPHA;
 1227              	 .loc 1 260 68 view .LVU390
 1228 0360 93ED1B0A 	 vldr.32 s0,[r3,#108]
 254:Core/Src/PowerManager.cpp ****       *(uint16_t *)((uint8_t *)&adcData.sumData[2] + 2) * ADC_CALI_ALPHA;
 1229              	 .loc 1 254 50 view .LVU391
 1230 0364 E2EE046A 	 vfma.f32 s13,s4,s8
 1231 0368 E7EEA32A 	 vfma.f32 s5,s15,s7
 253:Core/Src/PowerManager.cpp ****       adcData.tempData[4] * (1 - ADC_CALI_ALPHA) +
 1232              	 .loc 1 253 23 view .LVU392
 1233 036c C3ED196A 	 vstr.32 s13,[r3,#100]
 257:Core/Src/PowerManager.cpp ****       adcData.tempData[5] * (1 - ADC_CALI_ALPHA) +
 1234              	 .loc 1 257 3 is_stmt 1 view .LVU393
 260:Core/Src/PowerManager.cpp ****                         (uint16_t)adcData.sumData[3] * ADC_CALI_ALPHA;
 1235              	 .loc 1 260 3 view .LVU394
ARM GAS   			page 33


 1236 0370 D3ED226A 	 vldr.32 s13,[r3,#136]
 318:Core/Src/PowerManager.cpp ****   adcData.vCaplf =
 1237              	 .loc 1 318 63 is_stmt 0 view .LVU395
 1238 0374 9FED432A 	 vldr.32 s4,.L86+64
 1239 0378 F0EE457A 	 vmov.f32 s15,s10
 1240 037c E6EEA37A 	 vfma.f32 s15,s13,s7
 270:Core/Src/PowerManager.cpp ****       ADC_ISENSE_ALPHA * ((uint16_t)adcData.sumData[0] * ADC_IA_K + ADC_IA_B);
 1241              	 .loc 1 270 40 view .LVU396
 1242 0380 D3ED1E6A 	 vldr.32 s13,[r3,#120]
 318:Core/Src/PowerManager.cpp ****   adcData.vCaplf =
 1243              	 .loc 1 318 63 view .LVU397
 1244 0384 93ED285A 	 vldr.32 s10,[r3,#160]
 276:Core/Src/PowerManager.cpp ****                ADC_VA_B;
 1245              	 .loc 1 276 75 view .LVU398
 1246 0388 E1EE207A 	 vfma.f32 s15,s2,s1
 270:Core/Src/PowerManager.cpp ****       ADC_ISENSE_ALPHA * ((uint16_t)adcData.sumData[0] * ADC_IA_K + ADC_IA_B);
 1247              	 .loc 1 270 43 view .LVU399
 1248 038c E6EEA35A 	 vfma.f32 s11,s13,s7
 272:Core/Src/PowerManager.cpp ****                ADC_ISENSE_ALPHA *
 1249              	 .loc 1 272 49 view .LVU400
 1250 0390 D3ED206A 	 vldr.32 s13,[r3,#128]
 286:Core/Src/PowerManager.cpp ****                ADC_VB_B;
 1251              	 .loc 1 286 29 view .LVU401
 1252 0394 E7EE082A 	 vfma.f32 s5,s14,s16
 276:Core/Src/PowerManager.cpp ****                ADC_VA_B;
 1253              	 .loc 1 276 75 view .LVU402
 1254 0398 B0EE677A 	 vmov.f32 s14,s15
 279:Core/Src/PowerManager.cpp ****       ADC_ISENSE_ALPHA *
 1255              	 .loc 1 279 40 view .LVU403
 1256 039c D3ED1F7A 	 vldr.32 s15,[r3,#124]
 275:Core/Src/PowerManager.cpp ****                ADC_VSENSE_ALPHA * (uint16_t)adcData.sumData[2] * ADC_VA_K +
 1257              	 .loc 1 275 14 view .LVU404
 1258 03a0 83ED227A 	 vstr.32 s14,[r3,#136]
 272:Core/Src/PowerManager.cpp ****                ADC_ISENSE_ALPHA *
 1259              	 .loc 1 272 52 view .LVU405
 1260 03a4 E6EEA34A 	 vfma.f32 s9,s13,s7
 279:Core/Src/PowerManager.cpp ****       ADC_ISENSE_ALPHA *
 1261              	 .loc 1 279 43 view .LVU406
 1262 03a8 F0EE466A 	 vmov.f32 s13,s12
 1263 03ac E7EEA36A 	 vfma.f32 s13,s15,s7
 270:Core/Src/PowerManager.cpp ****       ADC_ISENSE_ALPHA * ((uint16_t)adcData.sumData[0] * ADC_IA_K + ADC_IA_B);
 1264              	 .loc 1 270 43 view .LVU407
 1265 03b0 B0EE658A 	 vmov.f32 s16,s11
 311:Core/Src/PowerManager.cpp ****   adcData.iChassis = adcData.iR - adcData.iA;
 1266              	 .loc 1 311 29 view .LVU408
 1267 03b4 F0EE620A 	 vmov.f32 s1,s5
 1268 03b8 E6EEE10A 	 vfms.f32 s1,s13,s3
 320:Core/Src/PowerManager.cpp ****   adcData.pChassislf = MF_TO_LF_ALPHA * adcData.pChassis +
 1269              	 .loc 1 320 63 view .LVU409
 1270 03bc D3ED295A 	 vldr.32 s11,[r3,#164]
 322:Core/Src/PowerManager.cpp ****   adcData.pRefereelf = MF_TO_LF_ALPHA * adcData.pReferee +
 1271              	 .loc 1 322 48 view .LVU410
 1272 03c0 D3ED2B7A 	 vldr.32 s15,[r3,#172]
 324:Core/Src/PowerManager.cpp **** 
 1273              	 .loc 1 324 48 view .LVU411
 1274 03c4 93ED2A6A 	 vldr.32 s12,[r3,#168]
 318:Core/Src/PowerManager.cpp ****   adcData.vCaplf =
ARM GAS   			page 34


 1275              	 .loc 1 318 37 view .LVU412
 1276 03c8 DFED2F3A 	 vldr.32 s7,.L86+68
 269:Core/Src/PowerManager.cpp ****       (1 - ADC_ISENSE_ALPHA) * adcData.iA +
 1277              	 .loc 1 269 14 view .LVU413
 1278 03cc 83ED1E8A 	 vstr.32 s16,[r3,#120]
 312:Core/Src/PowerManager.cpp ****   adcData.pReferee = adcData.vA * adcData.iR;
 1279              	 .loc 1 312 33 view .LVU414
 1280 03d0 34EEC81A 	 vsub.f32 s2,s9,s16
 260:Core/Src/PowerManager.cpp ****                         (uint16_t)adcData.sumData[3] * ADC_CALI_ALPHA;
 1281              	 .loc 1 260 68 view .LVU415
 1282 03d4 A0EE043A 	 vfma.f32 s6,s0,s8
 313:Core/Src/PowerManager.cpp ****   adcData.pChassis = adcData.vA * adcData.iChassis;
 1283              	 .loc 1 313 33 view .LVU416
 1284 03d8 64EE871A 	 vmul.f32 s3,s9,s14
 314:Core/Src/PowerManager.cpp **** 
 1285              	 .loc 1 314 33 view .LVU417
 1286 03dc 27EE014A 	 vmul.f32 s8,s14,s2
 318:Core/Src/PowerManager.cpp ****   adcData.vCaplf =
 1287              	 .loc 1 318 63 view .LVU418
 1288 03e0 25EE025A 	 vmul.f32 s10,s10,s4
 320:Core/Src/PowerManager.cpp ****   adcData.pChassislf = MF_TO_LF_ALPHA * adcData.pChassis +
 1289              	 .loc 1 320 63 view .LVU419
 1290 03e4 65EE825A 	 vmul.f32 s11,s11,s4
 322:Core/Src/PowerManager.cpp ****   adcData.pRefereelf = MF_TO_LF_ALPHA * adcData.pReferee +
 1291              	 .loc 1 322 48 view .LVU420
 1292 03e8 67EE827A 	 vmul.f32 s15,s15,s4
 324:Core/Src/PowerManager.cpp **** 
 1293              	 .loc 1 324 48 view .LVU421
 1294 03ec 26EE026A 	 vmul.f32 s12,s12,s4
 318:Core/Src/PowerManager.cpp ****   adcData.vCaplf =
 1295              	 .loc 1 318 37 view .LVU422
 1296 03f0 A6EEA35A 	 vfma.f32 s10,s13,s7
 320:Core/Src/PowerManager.cpp ****   adcData.pChassislf = MF_TO_LF_ALPHA * adcData.pChassis +
 1297              	 .loc 1 320 37 view .LVU423
 1298 03f4 E0EEA35A 	 vfma.f32 s11,s1,s7
 323:Core/Src/PowerManager.cpp ****                        (1.0f - MF_TO_LF_ALPHA) * adcData.pRefereelf;
 1299              	 .loc 1 323 58 view .LVU424
 1300 03f8 A1EEA36A 	 vfma.f32 s12,s3,s7
 321:Core/Src/PowerManager.cpp ****                        (1.0f - MF_TO_LF_ALPHA) * adcData.pChassislf;
 1301              	 .loc 1 321 58 view .LVU425
 1302 03fc E4EE237A 	 vfma.f32 s15,s8,s7
 260:Core/Src/PowerManager.cpp ****                         (uint16_t)adcData.sumData[3] * ADC_CALI_ALPHA;
 1303              	 .loc 1 260 23 view .LVU426
 1304 0400 83ED1B3A 	 vstr.32 s6,[r3,#108]
 269:Core/Src/PowerManager.cpp ****       (1 - ADC_ISENSE_ALPHA) * adcData.iA +
 1305              	 .loc 1 269 3 is_stmt 1 view .LVU427
 272:Core/Src/PowerManager.cpp ****                ADC_ISENSE_ALPHA *
 1306              	 .loc 1 272 3 view .LVU428
 272:Core/Src/PowerManager.cpp ****                ADC_ISENSE_ALPHA *
 1307              	 .loc 1 272 14 is_stmt 0 view .LVU429
 1308 0404 C3ED204A 	 vstr.32 s9,[r3,#128]
 275:Core/Src/PowerManager.cpp ****                ADC_VSENSE_ALPHA * (uint16_t)adcData.sumData[2] * ADC_VA_K +
 1309              	 .loc 1 275 3 is_stmt 1 view .LVU430
 278:Core/Src/PowerManager.cpp ****       (1 - ADC_ISENSE_ALPHA) * adcData.iB +
 1310              	 .loc 1 278 3 view .LVU431
 278:Core/Src/PowerManager.cpp ****       (1 - ADC_ISENSE_ALPHA) * adcData.iB +
 1311              	 .loc 1 278 14 is_stmt 0 view .LVU432
ARM GAS   			page 35


 1312 0408 C3ED1F6A 	 vstr.32 s13,[r3,#124]
 283:Core/Src/PowerManager.cpp ****                ADC_VSENSE_ALPHA *
 1313              	 .loc 1 283 3 is_stmt 1 view .LVU433
 283:Core/Src/PowerManager.cpp ****                ADC_VSENSE_ALPHA *
 1314              	 .loc 1 283 14 is_stmt 0 view .LVU434
 1315 040c C3ED232A 	 vstr.32 s5,[r3,#140]
 306:Core/Src/PowerManager.cpp ****   adcData.iWPT = 0.0f;
 1316              	 .loc 1 306 3 is_stmt 1 view .LVU435
 306:Core/Src/PowerManager.cpp ****   adcData.iWPT = 0.0f;
 1317              	 .loc 1 306 16 is_stmt 0 view .LVU436
 1318 0410 C3ED216A 	 vstr.32 s13,[r3,#132]
 307:Core/Src/PowerManager.cpp ****   adcData.vWPT = 0.0f;
 1319              	 .loc 1 307 3 is_stmt 1 view .LVU437
 308:Core/Src/PowerManager.cpp **** #endif
 1320              	 .loc 1 308 3 view .LVU438
 311:Core/Src/PowerManager.cpp ****   adcData.iChassis = adcData.iR - adcData.iA;
 1321              	 .loc 1 311 3 view .LVU439
 311:Core/Src/PowerManager.cpp ****   adcData.iChassis = adcData.iR - adcData.iA;
 1322              	 .loc 1 311 16 is_stmt 0 view .LVU440
 1323 0414 C3ED240A 	 vstr.32 s1,[r3,#144]
 312:Core/Src/PowerManager.cpp ****   adcData.pReferee = adcData.vA * adcData.iR;
 1324              	 .loc 1 312 3 is_stmt 1 view .LVU441
 312:Core/Src/PowerManager.cpp ****   adcData.pReferee = adcData.vA * adcData.iR;
 1325              	 .loc 1 312 20 is_stmt 0 view .LVU442
 1326 0418 83ED251A 	 vstr.32 s2,[r3,#148]
 313:Core/Src/PowerManager.cpp ****   adcData.pChassis = adcData.vA * adcData.iChassis;
 1327              	 .loc 1 313 3 is_stmt 1 view .LVU443
 313:Core/Src/PowerManager.cpp ****   adcData.pChassis = adcData.vA * adcData.iChassis;
 1328              	 .loc 1 313 20 is_stmt 0 view .LVU444
 1329 041c C3ED261A 	 vstr.32 s3,[r3,#152]
 314:Core/Src/PowerManager.cpp **** 
 1330              	 .loc 1 314 3 is_stmt 1 view .LVU445
 314:Core/Src/PowerManager.cpp **** 
 1331              	 .loc 1 314 20 is_stmt 0 view .LVU446
 1332 0420 83ED274A 	 vstr.32 s8,[r3,#156]
 317:Core/Src/PowerManager.cpp ****       MF_TO_LF_ALPHA * adcData.iCap + (1.0f - MF_TO_LF_ALPHA) * adcData.iCaplf;
 1333              	 .loc 1 317 3 is_stmt 1 view .LVU447
 317:Core/Src/PowerManager.cpp ****       MF_TO_LF_ALPHA * adcData.iCap + (1.0f - MF_TO_LF_ALPHA) * adcData.iCaplf;
 1334              	 .loc 1 317 18 is_stmt 0 view .LVU448
 1335 0424 83ED285A 	 vstr.32 s10,[r3,#160]
 319:Core/Src/PowerManager.cpp ****       MF_TO_LF_ALPHA * adcData.vCap + (1.0f - MF_TO_LF_ALPHA) * adcData.vCaplf;
 1336              	 .loc 1 319 3 is_stmt 1 view .LVU449
 319:Core/Src/PowerManager.cpp ****       MF_TO_LF_ALPHA * adcData.vCap + (1.0f - MF_TO_LF_ALPHA) * adcData.vCaplf;
 1337              	 .loc 1 319 18 is_stmt 0 view .LVU450
 1338 0428 C3ED295A 	 vstr.32 s11,[r3,#164]
 321:Core/Src/PowerManager.cpp ****                        (1.0f - MF_TO_LF_ALPHA) * adcData.pChassislf;
 1339              	 .loc 1 321 3 is_stmt 1 view .LVU451
 321:Core/Src/PowerManager.cpp ****                        (1.0f - MF_TO_LF_ALPHA) * adcData.pChassislf;
 1340              	 .loc 1 321 22 is_stmt 0 view .LVU452
 1341 042c C3ED2B7A 	 vstr.32 s15,[r3,#172]
 323:Core/Src/PowerManager.cpp ****                        (1.0f - MF_TO_LF_ALPHA) * adcData.pRefereelf;
 1342              	 .loc 1 323 3 is_stmt 1 view .LVU453
 323:Core/Src/PowerManager.cpp ****                        (1.0f - MF_TO_LF_ALPHA) * adcData.pRefereelf;
 1343              	 .loc 1 323 22 is_stmt 0 view .LVU454
 1344 0430 83ED2A6A 	 vstr.32 s12,[r3,#168]
 326:Core/Src/PowerManager.cpp ****     adcData.sumData[j] = 0;
 1345              	 .loc 1 326 3 is_stmt 1 view .LVU455
ARM GAS   			page 36


 1346              	.LVL44:
 1347              	.LBB63:
 326:Core/Src/PowerManager.cpp ****     adcData.sumData[j] = 0;
 1348              	 .loc 1 326 25 discriminator 1 view .LVU456
 1349              	 .loc 1 327 5 view .LVU457
 326:Core/Src/PowerManager.cpp ****     adcData.sumData[j] = 0;
 1350              	 .loc 1 326 3 discriminator 3 view .LVU458
 326:Core/Src/PowerManager.cpp ****     adcData.sumData[j] = 0;
 1351              	 .loc 1 326 25 discriminator 1 view .LVU459
 1352              	 .loc 1 327 5 view .LVU460
 326:Core/Src/PowerManager.cpp ****     adcData.sumData[j] = 0;
 1353              	 .loc 1 326 3 discriminator 3 view .LVU461
 326:Core/Src/PowerManager.cpp ****     adcData.sumData[j] = 0;
 1354              	 .loc 1 326 25 discriminator 1 view .LVU462
 1355              	 .loc 1 327 5 view .LVU463
 326:Core/Src/PowerManager.cpp ****     adcData.sumData[j] = 0;
 1356              	 .loc 1 326 3 discriminator 3 view .LVU464
 326:Core/Src/PowerManager.cpp ****     adcData.sumData[j] = 0;
 1357              	 .loc 1 326 25 discriminator 1 view .LVU465
 1358              	 .loc 1 327 5 view .LVU466
 1359              	 .loc 1 327 24 is_stmt 0 view .LVU467
 1360 0434 C3E91144 	 strd r4,r4,[r3,#68]
 1361              	.LBE63:
 328:Core/Src/PowerManager.cpp **** }
 1362              	 .loc 1 328 1 view .LVU468
 1363 0438 BDEC028B 	 vldm sp!,{d8}
 1364              	 .cfi_restore 80
 1365              	 .cfi_restore 81
 1366              	 .cfi_def_cfa_offset 8
 1367              	.LBB64:
 327:Core/Src/PowerManager.cpp **** }
 1368              	 .loc 1 327 24 view .LVU469
 1369 043c C3E91344 	 strd r4,r4,[r3,#76]
 326:Core/Src/PowerManager.cpp ****     adcData.sumData[j] = 0;
 1370              	 .loc 1 326 3 is_stmt 1 discriminator 3 view .LVU470
 1371              	.LVL45:
 326:Core/Src/PowerManager.cpp ****     adcData.sumData[j] = 0;
 1372              	 .loc 1 326 25 discriminator 1 view .LVU471
 1373              	.LBE64:
 1374              	 .loc 1 328 1 is_stmt 0 view .LVU472
 1375 0440 30BC     	 pop {r4,r5}
 1376              	 .cfi_restore 5
 1377              	 .cfi_restore 4
 1378              	 .cfi_def_cfa_offset 0
 1379 0442 7047     	 bx lr
 1380              	.L87:
 1381              	 .align 2
 1382              	.L86:
 1383 0444 00000000 	 .word adcData
 1384 0448 6F12833A 	 .word 981668463
 1385 044c 77BE7F3F 	 .word 1065336439
 1386 0450 EFCB99BB 	 .word -1147548689
 1387 0454 504280C0 	 .word -1065336240
 1388 0458 18E9873B 	 .word 998762776
 1389 045c CCCC4C3E 	 .word 1045220556
 1390 0460 99A80F3B 	 .word 990881945
 1391 0464 C61D1842 	 .word 1108876742
ARM GAS   			page 37


 1392 0468 520FD139 	 .word 970002258
 1393 046c 3B23C2BC 	 .word -1128127685
 1394 0470 7179103B 	 .word 990935409
 1395 0474 36BD06C2 	 .word -1039745738
 1396 0478 CDCC4C3F 	 .word 1061997773
 1397 047c 8C0A41BC 	 .word -1136588148
 1398 0480 CDCCCC3D 	 .word 1036831949
 1399 0484 B072683F 	 .word 1063809712
 1400 0488 7F6ABC3D 	 .word 1035758207
 1401              	 .cfi_endproc
 1402              	.LFE627:
 1404              	 .section .text._ZN3ADC11updateADClfEv,"ax",%progbits
 1405              	 .align 1
 1406              	 .p2align 2,,3
 1407              	 .global _ZN3ADC11updateADClfEv
 1408              	 .syntax unified
 1409              	 .thumb
 1410              	 .thumb_func
 1412              	_ZN3ADC11updateADClfEv:
 1413              	.LFB628:
 329:Core/Src/PowerManager.cpp **** 
 330:Core/Src/PowerManager.cpp **** void updateADClf() {
 1414              	 .loc 1 330 20 is_stmt 1 view-0
 1415              	 .cfi_startproc
 1416              	 
 1417              	 
 1418              	 
 331:Core/Src/PowerManager.cpp ****   adcData.vAux = adcData.rawData4[1] * (2.9f / 4096.0f);
 1419              	 .loc 1 331 3 view .LVU474
 1420              	 .loc 1 331 16 is_stmt 0 view .LVU475
 1421 0000 084B     	 ldr r3,.L89
 1422              	 .loc 1 331 38 view .LVU476
 1423 0002 9FED097A 	 vldr.32 s14,.L89+4
 1424 0006 D3ED1D7A 	 vldr.32 s15,[r3,#116]
 332:Core/Src/PowerManager.cpp ****   HAL_ADC_Start_DMA(&hadc4, (uint32_t *)adcData.rawData4, ADC4_BUFFER_SIZE);
 1425              	 .loc 1 332 20 view .LVU477
 1426 000a 0848     	 ldr r0,.L89+8
 331:Core/Src/PowerManager.cpp ****   adcData.vAux = adcData.rawData4[1] * (2.9f / 4096.0f);
 1427              	 .loc 1 331 38 view .LVU478
 1428 000c F8EE677A 	 vcvt.f32.u32 s15,s15
 1429              	 .loc 1 332 20 view .LVU479
 1430 0010 0222     	 movs r2,#2
 331:Core/Src/PowerManager.cpp ****   adcData.vAux = adcData.rawData4[1] * (2.9f / 4096.0f);
 1431              	 .loc 1 331 38 view .LVU480
 1432 0012 67EE877A 	 vmul.f32 s15,s15,s14
 1433              	 .loc 1 332 20 view .LVU481
 1434 0016 03F17001 	 add r1,r3,#112
 331:Core/Src/PowerManager.cpp ****   adcData.vAux = adcData.rawData4[1] * (2.9f / 4096.0f);
 1435              	 .loc 1 331 16 view .LVU482
 1436 001a C3ED317A 	 vstr.32 s15,[r3,#196]
 1437              	 .loc 1 332 3 is_stmt 1 view .LVU483
 1438              	 .loc 1 332 20 is_stmt 0 view .LVU484
 1439 001e FFF7FEBF 	 b HAL_ADC_Start_DMA
 1440              	.LVL46:
 1441              	.L90:
 1442 0022 00BF     	 .align 2
 1443              	.L89:
ARM GAS   			page 38


 1444 0024 00000000 	 .word adcData
 1445 0028 9A99393A 	 .word 976853402
 1446 002c 00000000 	 .word hadc4
 1447              	 .cfi_endproc
 1448              	.LFE628:
 1450              	 .section .text._ZN12PowerControl17powerOnOffControlEv,"ax",%progbits
 1451              	 .align 1
 1452              	 .p2align 2,,3
 1453              	 .global _ZN12PowerControl17powerOnOffControlEv
 1454              	 .syntax unified
 1455              	 .thumb
 1456              	 .thumb_func
 1458              	_ZN12PowerControl17powerOnOffControlEv:
 1459              	.LFB629:
 333:Core/Src/PowerManager.cpp **** 
 334:Core/Src/PowerManager.cpp ****   // if(psData.outputABEnabled && (adcData.vAux > 1.5f || adcData.vAux < 1.3f))
 335:Core/Src/PowerManager.cpp ****   // {
 336:Core/Src/PowerManager.cpp ****   //     Buzzer::play(6400, 20);
 337:Core/Src/PowerManager.cpp ****   // }
 338:Core/Src/PowerManager.cpp **** }
 339:Core/Src/PowerManager.cpp **** 
 340:Core/Src/PowerManager.cpp **** } // namespace ADC
 341:Core/Src/PowerManager.cpp **** 
 342:Core/Src/PowerManager.cpp **** namespace PowerControl {
 343:Core/Src/PowerManager.cpp **** 
 344:Core/Src/PowerManager.cpp **** void powerOnOffControl() {
 1460              	 .loc 1 344 26 is_stmt 1 view-0
 1461              	 .cfi_startproc
 1462              	 
 1463              	 
 345:Core/Src/PowerManager.cpp ****   if (psData.outputABEnabled) {
 1464              	 .loc 1 345 3 view .LVU486
 344:Core/Src/PowerManager.cpp ****   if (psData.outputABEnabled) {
 1465              	 .loc 1 344 26 is_stmt 0 view .LVU487
 1466 0000 10B5     	 push {r4,lr}
 1467              	 .cfi_def_cfa_offset 8
 1468              	 .cfi_offset 4,-8
 1469              	 .cfi_offset 14,-4
 1470              	 .loc 1 345 14 view .LVU488
 1471 0002 234C     	 ldr r4,.L116
 346:Core/Src/PowerManager.cpp ****     if (adcData.vA < REFEREE_UVLO_LIMIT) {
 1472              	 .loc 1 346 17 view .LVU489
 1473 0004 234A     	 ldr r2,.L116+4
 345:Core/Src/PowerManager.cpp ****   if (psData.outputABEnabled) {
 1474              	 .loc 1 345 3 view .LVU490
 1475 0006 6378     	 ldrb r3,[r4,#1]
 1476              	 .loc 1 346 17 view .LVU491
 1477 0008 D2ED227A 	 vldr.32 s15,[r2,#136]
 345:Core/Src/PowerManager.cpp ****   if (psData.outputABEnabled) {
 1478              	 .loc 1 345 3 view .LVU492
 1479 000c 4BB1     	 cbz r3,.L92
 1480              	 .loc 1 346 5 is_stmt 1 view .LVU493
 1481 000e B3EE027A 	 vmov.f32 s14,#1.8e+1
 1482 0012 F4EEC77A 	 vcmpe.f32 s15,s14
 1483 0016 F1EE10FA 	 vmrs APSR_nzcv,FPSCR
 1484 001a 24D4     	 bmi .L113
 347:Core/Src/PowerManager.cpp ****       HRTIM::disableOutputAB();
ARM GAS   			page 39


 348:Core/Src/PowerManager.cpp ****       psData.softStartCnt = SOFT_START_TIME;
 349:Core/Src/PowerManager.cpp ****     }
 350:Core/Src/PowerManager.cpp ****     if (psData.softStartCnt > 0) {
 1485              	 .loc 1 350 5 view .LVU494
 1486              	 .loc 1 350 16 is_stmt 0 view .LVU495
 1487 001c 237D     	 ldrb r3,[r4,#20]
 1488              	 .loc 1 350 5 view .LVU496
 1489 001e 9BBB     	 cbnz r3,.L114
 351:Core/Src/PowerManager.cpp ****       psData.softStartCnt--;
 352:Core/Src/PowerManager.cpp ****     }
 353:Core/Src/PowerManager.cpp **** 
 354:Core/Src/PowerManager.cpp ****   } else {
 355:Core/Src/PowerManager.cpp ****     if (adcData.vA > REFEREE_UVLO_RECOVERY &&
 356:Core/Src/PowerManager.cpp ****         (errorData.errorLevel == NO_ERROR || errorData.errorLevel == WARNING) &&
 357:Core/Src/PowerManager.cpp ****         psData.allowEnableOutput) // TODO
 358:Core/Src/PowerManager.cpp ****     {
 359:Core/Src/PowerManager.cpp ****       // psData.iLLimit = 1.0f;
 360:Core/Src/PowerManager.cpp ****       HRTIM::enableOutputAB();
 361:Core/Src/PowerManager.cpp ****     }
 362:Core/Src/PowerManager.cpp ****     psData.softStartCnt = SOFT_START_TIME;
 363:Core/Src/PowerManager.cpp ****   }
 364:Core/Src/PowerManager.cpp **** }
 1490              	 .loc 1 364 1 view .LVU497
 1491 0020 10BD     	 pop {r4,pc}
 1492              	.L92:
 355:Core/Src/PowerManager.cpp ****         (errorData.errorLevel == NO_ERROR || errorData.errorLevel == WARNING) &&
 1493              	 .loc 1 355 5 is_stmt 1 view .LVU498
 1494 0022 B3EE047A 	 vmov.f32 s14,#2.0e+1
 1495 0026 F4EEC77A 	 vcmpe.f32 s15,s14
 1496 002a F1EE10FA 	 vmrs APSR_nzcv,FPSCR
 1497 002e 17DD     	 ble .L97
 356:Core/Src/PowerManager.cpp ****         psData.allowEnableOutput) // TODO
 1498              	 .loc 1 356 20 is_stmt 0 view .LVU499
 1499 0030 194B     	 ldr r3,.L116+8
 355:Core/Src/PowerManager.cpp ****         (errorData.errorLevel == NO_ERROR || errorData.errorLevel == WARNING) &&
 1500              	 .loc 1 355 44 discriminator 1 view .LVU500
 1501 0032 1B7B     	 ldrb r3,[r3,#12]
 1502 0034 13F0FB0F 	 tst r3,#251
 1503 0038 12D1     	 bne .L97
 356:Core/Src/PowerManager.cpp ****         psData.allowEnableOutput) // TODO
 1504              	 .loc 1 356 79 discriminator 1 view .LVU501
 1505 003a E378     	 ldrb r3,[r4,#3]
 1506 003c 83B1     	 cbz r3,.L97
 360:Core/Src/PowerManager.cpp ****     }
 1507              	 .loc 1 360 7 is_stmt 1 view .LVU502
 1508              	.LBB71:
 1509              	.LBI71:
  34:Core/Src/PowerManager.cpp ****   if (!psData.timerEnabled || !psData.allowEnableOutput)
 1510              	 .loc 1 34 6 view .LVU503
 1511              	.LBB72:
  35:Core/Src/PowerManager.cpp ****     return false;
 1512              	 .loc 1 35 3 view .LVU504
 1513 003e 2378     	 ldrb r3,[r4]
 1514 0040 73B1     	 cbz r3,.L97
 1515              	.LBB73:
 1516              	.LBI73:
  34:Core/Src/PowerManager.cpp ****   if (!psData.timerEnabled || !psData.allowEnableOutput)
ARM GAS   			page 40


 1517              	 .loc 1 34 6 view .LVU505
 1518              	.LBB74:
  37:Core/Src/PowerManager.cpp ****   HAL_HRTIM_WaveformOutputStart(&hhrtim1, HRTIM_OUTPUT_TB1 + HRTIM_OUTPUT_TB2);
 1519              	 .loc 1 37 3 view .LVU506
  37:Core/Src/PowerManager.cpp ****   HAL_HRTIM_WaveformOutputStart(&hhrtim1, HRTIM_OUTPUT_TB1 + HRTIM_OUTPUT_TB2);
 1520              	 .loc 1 37 32 is_stmt 0 view .LVU507
 1521 0042 0321     	 movs r1,#3
 1522 0044 1548     	 ldr r0,.L116+12
 1523 0046 FFF7FEFF 	 bl HAL_HRTIM_WaveformOutputStart
 1524              	.LVL47:
  38:Core/Src/PowerManager.cpp ****   psData.outputABEnabled = 1;
 1525              	 .loc 1 38 3 is_stmt 1 view .LVU508
  38:Core/Src/PowerManager.cpp ****   psData.outputABEnabled = 1;
 1526              	 .loc 1 38 32 is_stmt 0 view .LVU509
 1527 004a 0C21     	 movs r1,#12
 1528 004c 1348     	 ldr r0,.L116+12
 1529 004e FFF7FEFF 	 bl HAL_HRTIM_WaveformOutputStart
 1530              	.LVL48:
  39:Core/Src/PowerManager.cpp ****   Buzzer::play(1250, 200);
 1531              	 .loc 1 39 3 is_stmt 1 view .LVU510
  39:Core/Src/PowerManager.cpp ****   Buzzer::play(1250, 200);
 1532              	 .loc 1 39 26 is_stmt 0 view .LVU511
 1533 0052 0123     	 movs r3,#1
  40:Core/Src/PowerManager.cpp ****   return true;
 1534              	 .loc 1 40 15 view .LVU512
 1535 0054 C821     	 movs r1,#200
 1536 0056 40F2E240 	 movw r0,#1250
  39:Core/Src/PowerManager.cpp ****   Buzzer::play(1250, 200);
 1537              	 .loc 1 39 26 view .LVU513
 1538 005a 6370     	 strb r3,[r4,#1]
  40:Core/Src/PowerManager.cpp ****   return true;
 1539              	 .loc 1 40 3 is_stmt 1 view .LVU514
  40:Core/Src/PowerManager.cpp ****   return true;
 1540              	 .loc 1 40 15 is_stmt 0 view .LVU515
 1541 005c FFF7FEFF 	 bl _ZN6Buzzer4playEtt
 1542              	.LVL49:
  41:Core/Src/PowerManager.cpp **** }
 1543              	 .loc 1 41 3 is_stmt 1 view .LVU516
 1544              	.L97:
 1545              	.LBE74:
 1546              	.LBE73:
 1547              	.LBE72:
 1548              	.LBE71:
 362:Core/Src/PowerManager.cpp ****   }
 1549              	 .loc 1 362 5 view .LVU517
 362:Core/Src/PowerManager.cpp ****   }
 1550              	 .loc 1 362 25 is_stmt 0 view .LVU518
 1551 0060 0823     	 movs r3,#8
 1552 0062 2375     	 strb r3,[r4,#20]
 1553              	.L115:
 1554              	 .loc 1 364 1 view .LVU519
 1555 0064 10BD     	 pop {r4,pc}
 1556              	.L113:
 347:Core/Src/PowerManager.cpp ****       psData.softStartCnt = SOFT_START_TIME;
 1557              	 .loc 1 347 7 is_stmt 1 view .LVU520
 1558              	.LBB75:
 1559              	.LBI75:
ARM GAS   			page 41


  61:Core/Src/PowerManager.cpp ****   HAL_HRTIM_WaveformOutputStop(&hhrtim1, HRTIM_OUTPUT_TA1 + HRTIM_OUTPUT_TA2);
 1560              	 .loc 1 61 6 view .LVU521
 1561              	.LBB76:
  62:Core/Src/PowerManager.cpp ****   HAL_HRTIM_WaveformOutputStop(&hhrtim1, HRTIM_OUTPUT_TB1 + HRTIM_OUTPUT_TB2);
 1562              	 .loc 1 62 3 view .LVU522
  62:Core/Src/PowerManager.cpp ****   HAL_HRTIM_WaveformOutputStop(&hhrtim1, HRTIM_OUTPUT_TB1 + HRTIM_OUTPUT_TB2);
 1563              	 .loc 1 62 31 is_stmt 0 view .LVU523
 1564 0066 0321     	 movs r1,#3
 1565 0068 0C48     	 ldr r0,.L116+12
 1566 006a FFF7FEFF 	 bl HAL_HRTIM_WaveformOutputStop
 1567              	.LVL50:
  63:Core/Src/PowerManager.cpp ****   psData.outputABEnabled = 0;
 1568              	 .loc 1 63 3 is_stmt 1 view .LVU524
  63:Core/Src/PowerManager.cpp ****   psData.outputABEnabled = 0;
 1569              	 .loc 1 63 31 is_stmt 0 view .LVU525
 1570 006e 0C21     	 movs r1,#12
 1571 0070 0A48     	 ldr r0,.L116+12
 1572 0072 FFF7FEFF 	 bl HAL_HRTIM_WaveformOutputStop
 1573              	.LVL51:
  64:Core/Src/PowerManager.cpp ****   Buzzer::play(200, 200);
 1574              	 .loc 1 64 3 is_stmt 1 view .LVU526
  65:Core/Src/PowerManager.cpp **** }
 1575              	 .loc 1 65 15 is_stmt 0 view .LVU527
 1576 0076 C821     	 movs r1,#200
  64:Core/Src/PowerManager.cpp ****   Buzzer::play(200, 200);
 1577              	 .loc 1 64 26 view .LVU528
 1578 0078 0023     	 movs r3,#0
  65:Core/Src/PowerManager.cpp **** }
 1579              	 .loc 1 65 15 view .LVU529
 1580 007a 0846     	 mov r0,r1
  64:Core/Src/PowerManager.cpp ****   Buzzer::play(200, 200);
 1581              	 .loc 1 64 26 view .LVU530
 1582 007c 6370     	 strb r3,[r4,#1]
  65:Core/Src/PowerManager.cpp **** }
 1583              	 .loc 1 65 3 is_stmt 1 view .LVU531
  65:Core/Src/PowerManager.cpp **** }
 1584              	 .loc 1 65 15 is_stmt 0 view .LVU532
 1585 007e FFF7FEFF 	 bl _ZN6Buzzer4playEtt
 1586              	.LVL52:
 1587              	.LBE76:
 1588              	.LBE75:
 348:Core/Src/PowerManager.cpp ****     }
 1589              	 .loc 1 348 7 is_stmt 1 view .LVU533
 350:Core/Src/PowerManager.cpp ****       psData.softStartCnt--;
 1590              	 .loc 1 350 5 view .LVU534
 1591              	.LBB78:
 1592              	.LBB77:
  65:Core/Src/PowerManager.cpp **** }
 1593              	 .loc 1 65 15 is_stmt 0 view .LVU535
 1594 0082 0723     	 movs r3,#7
 1595              	.LBE77:
 1596              	.LBE78:
 362:Core/Src/PowerManager.cpp ****   }
 1597              	 .loc 1 362 25 view .LVU536
 1598 0084 2375     	 strb r3,[r4,#20]
 1599 0086 EDE7     	 b .L115
 1600              	.L114:
ARM GAS   			page 42


 351:Core/Src/PowerManager.cpp ****     }
 1601              	 .loc 1 351 26 view .LVU537
 1602 0088 013B     	 subs r3,r3,#1
 1603 008a DBB2     	 uxtb r3,r3
 351:Core/Src/PowerManager.cpp ****     }
 1604              	 .loc 1 351 7 is_stmt 1 view .LVU538
 362:Core/Src/PowerManager.cpp ****   }
 1605              	 .loc 1 362 25 is_stmt 0 view .LVU539
 1606 008c 2375     	 strb r3,[r4,#20]
 1607 008e E9E7     	 b .L115
 1608              	.L117:
 1609              	 .align 2
 1610              	.L116:
 1611 0090 00000000 	 .word psData
 1612 0094 00000000 	 .word adcData
 1613 0098 00000000 	 .word errorData
 1614 009c 00000000 	 .word hhrtim1
 1615              	 .cfi_endproc
 1616              	.LFE629:
 1618              	 .section .code_in_ram
 1619              	 .align 1
 1620              	 .p2align 2,,3
 1621              	 .global _ZN12PowerControl12updateMFLoopEv
 1622              	 .syntax unified
 1623              	 .thumb
 1624              	 .thumb_func
 1626              	_ZN12PowerControl12updateMFLoopEv:
 1627              	.LFB631:
 365:Core/Src/PowerManager.cpp **** // VCAP/VA=84/x
 366:Core/Src/PowerManager.cpp **** __attribute__((section(".code_in_ram"))) inline void setInductorCurrent() {
 367:Core/Src/PowerManager.cpp ****   HAL_DACEx_SawtoothWaveGenerate(
 368:Core/Src/PowerManager.cpp ****       &hdac1, DAC_CHANNEL_2, DAC_SAWTOOTH_POLARITY_INCREMENT,
 369:Core/Src/PowerManager.cpp ****       PEAKI_TO_DACVAL((psData.iLTarget - 1.25f)), 180);
 370:Core/Src/PowerManager.cpp ****   HAL_DACEx_SawtoothWaveGenerate(
 371:Core/Src/PowerManager.cpp ****       &hdac1, DAC_CHANNEL_1, DAC_SAWTOOTH_POLARITY_INCREMENT,
 372:Core/Src/PowerManager.cpp ****       PEAKI_TO_DACVAL(-(psData.iLTarget + 1.25f)), 180);
 373:Core/Src/PowerManager.cpp **** }
 374:Core/Src/PowerManager.cpp **** 
 375:Core/Src/PowerManager.cpp **** __attribute__((section(".code_in_ram"))) void updateMFLoop() {
 1628              	 .loc 1 375 62 is_stmt 1 view-0
 1629              	 .cfi_startproc
 1630              	 
 1631              	 
 376:Core/Src/PowerManager.cpp ****   // 计算B侧电流限制
 377:Core/Src/PowerManager.cpp ****   CAPARR::updateMaxCurrent();
 1632              	 .loc 1 377 3 view .LVU541
 1633              	.LBB81:
 1634              	.LBI81:
 378:Core/Src/PowerManager.cpp **** 
 379:Core/Src/PowerManager.cpp ****   if (adcData.vCap > ctrlData.vCapArrNormal + 0.1f) {
 380:Core/Src/PowerManager.cpp ****     ctrlData.allowCharge = false;
 381:Core/Src/PowerManager.cpp ****   } else if (adcData.vCap < ctrlData.vCapArrNormal - 0.1f) {
 382:Core/Src/PowerManager.cpp ****     ctrlData.allowCharge = true;
 383:Core/Src/PowerManager.cpp ****   }
 384:Core/Src/PowerManager.cpp **** 
 385:Core/Src/PowerManager.cpp ****   if ((ctrlData.allowCharge || !rxData1.enableActiveChargingLimit) &&
 386:Core/Src/PowerManager.cpp ****       !psData.softStartCnt) //
ARM GAS   			page 43


 387:Core/Src/PowerManager.cpp ****   {
 388:Core/Src/PowerManager.cpp ****     mfLoop.iRPID.computeDelta((ctrlData.pRefereeTarget / adcData.vA),
 389:Core/Src/PowerManager.cpp ****                               adcData.iR);
 390:Core/Src/PowerManager.cpp ****     ctrlData.limitFactor = REFEREE_POWER;
 391:Core/Src/PowerManager.cpp ****   } else {
 392:Core/Src/PowerManager.cpp ****     mfLoop.iRPID.computeDelta(6.0f / adcData.vA, adcData.iR);
 393:Core/Src/PowerManager.cpp ****     ctrlData.limitFactor = CAPARR_VOLTAGE_NORMAL;
 394:Core/Src/PowerManager.cpp ****   }
 395:Core/Src/PowerManager.cpp **** 
 396:Core/Src/PowerManager.cpp ****   // 默认设为裁判系统功率PID的输出
 397:Core/Src/PowerManager.cpp ****   mfLoop.deltaIL = mfLoop.iRPID.getOutput();
 398:Core/Src/PowerManager.cpp **** 
 399:Core/Src/PowerManager.cpp ****   mfLoop.dIL_VCap_Max =
 400:Core/Src/PowerManager.cpp ****       mfLoop.voltageLimitKI * (CAPARR_MAX_VOLTAGE - adcData.vCap);
 401:Core/Src/PowerManager.cpp ****   mfLoop.dIL_IB_Positive =
 402:Core/Src/PowerManager.cpp ****       mfLoop.currentLimitKI * (capStatus.maxInCurrent - adcData.iCap);
 403:Core/Src/PowerManager.cpp ****   mfLoop.dIL_IB_Negative =
 404:Core/Src/PowerManager.cpp ****       mfLoop.currentLimitKI * (-adcData.iCap - capStatus.maxOutCurrent);
 405:Core/Src/PowerManager.cpp **** 
 406:Core/Src/PowerManager.cpp ****   // mfLoop.dIL_recoverBurst = M_CLAMP((0.1f - adcData.iChassis)*
 407:Core/Src/PowerManager.cpp ****   // mfLoop.burstKI, 0.0f, 8.0f);
 408:Core/Src/PowerManager.cpp **** 
 409:Core/Src/PowerManager.cpp ****   if ((adcData.vCap > CAPARR_MAX_VOLTAGE * 0.95f) &&
 410:Core/Src/PowerManager.cpp ****       (mfLoop.dIL_VCap_Max < mfLoop.deltaIL)) {
 411:Core/Src/PowerManager.cpp ****     mfLoop.deltaIL = mfLoop.dIL_VCap_Max;
 412:Core/Src/PowerManager.cpp ****     ctrlData.limitFactor = CAPARR_VOLTAGE_MAX;
 413:Core/Src/PowerManager.cpp ****   } else if (adcData.iCap > capStatus.maxInCurrent &&
 414:Core/Src/PowerManager.cpp ****              mfLoop.dIL_IB_Positive < mfLoop.deltaIL) {
 415:Core/Src/PowerManager.cpp ****     mfLoop.deltaIL = mfLoop.dIL_IB_Positive;
 416:Core/Src/PowerManager.cpp ****     ctrlData.limitFactor = IB_POSITIVE;
 417:Core/Src/PowerManager.cpp ****   } else if (adcData.iCap < -capStatus.maxOutCurrent &&
 418:Core/Src/PowerManager.cpp ****              mfLoop.dIL_IB_Negative > mfLoop.deltaIL) {
 419:Core/Src/PowerManager.cpp ****     mfLoop.deltaIL = mfLoop.dIL_IB_Negative;
 420:Core/Src/PowerManager.cpp ****     ctrlData.limitFactor = IB_NEGATIVE;
 421:Core/Src/PowerManager.cpp ****   }
 422:Core/Src/PowerManager.cpp ****   psData.iLTarget += mfLoop.deltaIL; // + mfLoop.dIL_recoverBurst);
 423:Core/Src/PowerManager.cpp ****   psData.iLTarget = M_CLAMP(psData.iLTarget, -psData.iLLimit, psData.iLLimit);
 424:Core/Src/PowerManager.cpp **** }
 425:Core/Src/PowerManager.cpp **** 
 426:Core/Src/PowerManager.cpp **** void updateRefereePower(const RxData &rd, const uint32_t &currentTick) {
 427:Core/Src/PowerManager.cpp ****   if (ctrlData.limitFactor == REFEREE_POWER && psData.outputABEnabled) {
 428:Core/Src/PowerManager.cpp ****     ctrlData.refLoop.error = (rd.refereeEnergyBuffer - REFEREE_ENERGY_BUFFER);
 429:Core/Src/PowerManager.cpp ****     ctrlData.refLoop.pRefereeBias =
 430:Core/Src/PowerManager.cpp ****         ctrlData.refLoop.kP * ctrlData.refLoop.error +
 431:Core/Src/PowerManager.cpp ****         ctrlData.refLoop.kI * ctrlData.refLoop.integral +
 432:Core/Src/PowerManager.cpp ****         ctrlData.refLoop.kD *
 433:Core/Src/PowerManager.cpp ****             (ctrlData.refLoop.error - ctrlData.refLoop.lastError);
 434:Core/Src/PowerManager.cpp ****     ctrlData.refLoop.lastError = ctrlData.refLoop.error;
 435:Core/Src/PowerManager.cpp ****     ctrlData.refLoop.integral += ctrlData.refLoop.error;
 436:Core/Src/PowerManager.cpp **** 
 437:Core/Src/PowerManager.cpp ****     ctrlData.refLoop.pRefereeBias =
 438:Core/Src/PowerManager.cpp ****         M_CLAMP(ctrlData.refLoop.pRefereeBias, -REFEREE_POWER_BIAS_LIMIT,
 439:Core/Src/PowerManager.cpp ****                 REFEREE_POWER_BIAS_LIMIT);
 440:Core/Src/PowerManager.cpp ****   } else {
 441:Core/Src/PowerManager.cpp ****     ctrlData.refLoop.lastError = 0.0f;
 442:Core/Src/PowerManager.cpp ****     ctrlData.refLoop.integral = 0.0f;
 443:Core/Src/PowerManager.cpp ****   }
ARM GAS   			page 44


 444:Core/Src/PowerManager.cpp **** 
 445:Core/Src/PowerManager.cpp ****   ctrlData.pRefereeTarget = M_CLAMP(
 446:Core/Src/PowerManager.cpp ****       ctrlData.refLoop.pRefereeBias + rd.refereePowerLimit, 5.0f, 135.0f);
 447:Core/Src/PowerManager.cpp ****   ctrlData.refLoop.lastTimestamp = currentTick;
 448:Core/Src/PowerManager.cpp **** }
 449:Core/Src/PowerManager.cpp **** 
 450:Core/Src/PowerManager.cpp **** void checkRxDataTimeout(const uint32_t &currentTick) {
 451:Core/Src/PowerManager.cpp ****   if (ctrlData.refLoop.isConnected &&
 452:Core/Src/PowerManager.cpp ****       (currentTick - ctrlData.refLoop.lastTimestamp > RXDATA_TIMEOUT)) //
 453:Core/Src/PowerManager.cpp ****   {
 454:Core/Src/PowerManager.cpp ****     ctrlData.pRefereeTarget = REFEREE_DEFUALT_POWER;
 455:Core/Src/PowerManager.cpp ****     ctrlData.refLoop.lastError = 0.0f;
 456:Core/Src/PowerManager.cpp ****     ctrlData.refLoop.integral = 0.0f;
 457:Core/Src/PowerManager.cpp ****     ctrlData.refLoop.isConnected = 0;
 458:Core/Src/PowerManager.cpp ****     ctrlData.vCapArrNormal = CAPARR_MAX_VOLTAGE;
 459:Core/Src/PowerManager.cpp **** 
 460:Core/Src/PowerManager.cpp ****     rxData1.enableDCDC = 1;
 461:Core/Src/PowerManager.cpp ****     rxData1.systemRestart = 0;
 462:Core/Src/PowerManager.cpp ****     rxData1.clearError = 0;
 463:Core/Src/PowerManager.cpp ****     rxData1.enableActiveChargingLimit = 0;
 464:Core/Src/PowerManager.cpp ****     rxData1.refereePowerLimit = REFEREE_DEFUALT_POWER;
 465:Core/Src/PowerManager.cpp ****   }
 466:Core/Src/PowerManager.cpp **** }
 467:Core/Src/PowerManager.cpp **** 
 468:Core/Src/PowerManager.cpp **** } // namespace PowerControl
 469:Core/Src/PowerManager.cpp **** 
 470:Core/Src/PowerManager.cpp **** namespace Protection {
 471:Core/Src/PowerManager.cpp **** 
 472:Core/Src/PowerManager.cpp **** void errorHandlerLF() {
 473:Core/Src/PowerManager.cpp ****   if (errorData.errorLevel == WARNING) {
 474:Core/Src/PowerManager.cpp ****     // 逐渐减小errorCnt
 475:Core/Src/PowerManager.cpp ****     if (errorData.overCurrentCnt > 0)
 476:Core/Src/PowerManager.cpp ****       errorData.overCurrentCnt--;
 477:Core/Src/PowerManager.cpp ****     if (errorData.overVoltageCnt > 0)
 478:Core/Src/PowerManager.cpp ****       errorData.overVoltageCnt--;
 479:Core/Src/PowerManager.cpp ****     if (errorData.shortCircuitCnt > 0)
 480:Core/Src/PowerManager.cpp ****       errorData.shortCircuitCnt--;
 481:Core/Src/PowerManager.cpp ****     // 如果Cnt都为0则解除警告状态
 482:Core/Src/PowerManager.cpp ****     if (!(errorData.overCurrentCnt || errorData.overVoltageCnt ||
 483:Core/Src/PowerManager.cpp ****           errorData.shortCircuitCnt || errorData.lowBattery))
 484:Core/Src/PowerManager.cpp ****       errorData.errorLevel = NO_ERROR;
 485:Core/Src/PowerManager.cpp ****   }
 486:Core/Src/PowerManager.cpp **** 
 487:Core/Src/PowerManager.cpp ****   if (adcData.vA < REFEREE_UVLO_LIMIT)
 488:Core/Src/PowerManager.cpp ****     errorData.powerOffCnt++;
 489:Core/Src/PowerManager.cpp ****   else
 490:Core/Src/PowerManager.cpp ****     errorData.powerOffCnt = 0;
 491:Core/Src/PowerManager.cpp **** 
 492:Core/Src/PowerManager.cpp ****   if (errorData.powerOffCnt > 2000 && errorData.errorLevel != NO_ERROR) {
 493:Core/Src/PowerManager.cpp ****     Protection::autoClearError();
 494:Core/Src/PowerManager.cpp ****     Protection::manualClearError();
 495:Core/Src/PowerManager.cpp ****   }
 496:Core/Src/PowerManager.cpp **** }
 497:Core/Src/PowerManager.cpp **** 
 498:Core/Src/PowerManager.cpp **** void checkLowBattery() {
 499:Core/Src/PowerManager.cpp ****   // 检测低电压保护
 500:Core/Src/PowerManager.cpp ****   if (errorData.lowBattery) {
ARM GAS   			page 45


 501:Core/Src/PowerManager.cpp ****     if (adcData.vA > BATTERY_LOW_RECOVERY || adcData.vA < REFEREE_UVLO_LIMIT) {
 502:Core/Src/PowerManager.cpp ****       errorData.lowBattery = 0;
 503:Core/Src/PowerManager.cpp ****       errorData.errorCode &= ~WARNING_LOWBATTERY;
 504:Core/Src/PowerManager.cpp ****       if (!errorData.errorCode)
 505:Core/Src/PowerManager.cpp ****         errorData.errorLevel = NO_ERROR;
 506:Core/Src/PowerManager.cpp ****     }
 507:Core/Src/PowerManager.cpp ****   } else {
 508:Core/Src/PowerManager.cpp ****     if (adcData.vA < BATTERY_LOW_LIMIT && adcData.vA > REFEREE_UVLO_RECOVERY) {
 509:Core/Src/PowerManager.cpp ****       errorData.lowBatteryCnt++;
 510:Core/Src/PowerManager.cpp ****       if (errorData.lowBatteryCnt > 1000) // 低电压持续1
 511:Core/Src/PowerManager.cpp ****       {
 512:Core/Src/PowerManager.cpp ****         if (errorData.errorLevel == NO_ERROR) {
 513:Core/Src/PowerManager.cpp ****           errorData.errorLevel = WARNING;
 514:Core/Src/PowerManager.cpp ****         }
 515:Core/Src/PowerManager.cpp ****         errorData.lowBattery = 1;
 516:Core/Src/PowerManager.cpp ****         errorData.errorCode |= WARNING_LOWBATTERY;
 517:Core/Src/PowerManager.cpp ****         errorData.lowBatteryCnt = 0;
 518:Core/Src/PowerManager.cpp ****       }
 519:Core/Src/PowerManager.cpp ****     }
 520:Core/Src/PowerManager.cpp ****   }
 521:Core/Src/PowerManager.cpp **** }
 522:Core/Src/PowerManager.cpp **** 
 523:Core/Src/PowerManager.cpp **** __attribute__((section(".code_in_ram"))) void checkShortCircuit() {
 524:Core/Src/PowerManager.cpp ****   // 检测短路保护，在ADC解码后立刻调用
 525:Core/Src/PowerManager.cpp ****   if (adcData.vA <= SCP_VOLTAGE && -adcData.iA >= SCP_CURRENT) {
 526:Core/Src/PowerManager.cpp ****     // 裁判系统端或底盘端短路
 527:Core/Src/PowerManager.cpp ****     errorData.errorLevel = WARNING;
 528:Core/Src/PowerManager.cpp ****     errorData.shortCircuitCnt += 600;
 529:Core/Src/PowerManager.cpp ****     if (errorData.shortCircuitCnt > 1700) {
 530:Core/Src/PowerManager.cpp ****       HRTIM::disableOutputAB();
 531:Core/Src/PowerManager.cpp ****       errorData.errorCode |= ERROR_SCP_A;
 532:Core/Src/PowerManager.cpp ****       errorData.errorLevel = ERROR_RECOVER_MANUAL;
 533:Core/Src/PowerManager.cpp ****       errorData.errorVoltage = adcData.vA;
 534:Core/Src/PowerManager.cpp ****       errorData.errorCurrent = -adcData.iA;
 535:Core/Src/PowerManager.cpp ****     }
 536:Core/Src/PowerManager.cpp ****   }
 537:Core/Src/PowerManager.cpp ****   if (adcData.vB <= SCP_VOLTAGE && adcData.iB >= SCP_CURRENT) {
 538:Core/Src/PowerManager.cpp ****     // 电容端或无线充电端短路（无线充电端短路会通过buck上管短路B端）
 539:Core/Src/PowerManager.cpp ****     errorData.errorLevel = WARNING;
 540:Core/Src/PowerManager.cpp ****     errorData.shortCircuitCnt += 300;
 541:Core/Src/PowerManager.cpp ****     // if(adcData.vB <= 0.08f)
 542:Core/Src/PowerManager.cpp ****     //     errorData.shortCircuitCnt -= 600;
 543:Core/Src/PowerManager.cpp ****     // else if(adcData.vB <= 0.2f)
 544:Core/Src/PowerManager.cpp ****     //     errorData.shortCircuitCnt -= 550;
 545:Core/Src/PowerManager.cpp **** 
 546:Core/Src/PowerManager.cpp ****     if (errorData.shortCircuitCnt > 1700) { //
 547:Core/Src/PowerManager.cpp ****       HRTIM::disableOutputAB();
 548:Core/Src/PowerManager.cpp ****       errorData.errorCode |= ERROR_SCP_B;
 549:Core/Src/PowerManager.cpp ****       errorData.errorLevel = ERROR_RECOVER_MANUAL;
 550:Core/Src/PowerManager.cpp ****       errorData.errorVoltage = psData.softStartCnt; // adcData.vB;
 551:Core/Src/PowerManager.cpp ****       errorData.errorCurrent = adcData.iB;
 552:Core/Src/PowerManager.cpp ****     }
 553:Core/Src/PowerManager.cpp ****   }
 554:Core/Src/PowerManager.cpp **** }
 555:Core/Src/PowerManager.cpp **** 
 556:Core/Src/PowerManager.cpp **** __attribute__((section(".code_in_ram"))) void checkEfficiency() {
 557:Core/Src/PowerManager.cpp ****   if (adcData.iA > 0.5f)
ARM GAS   			page 46


 558:Core/Src/PowerManager.cpp ****     psData.efficiency = (adcData.vB * adcData.iB) / (adcData.vA * adcData.iA);
 559:Core/Src/PowerManager.cpp ****   else if (adcData.iA < -0.5f)
 560:Core/Src/PowerManager.cpp ****     psData.efficiency = (adcData.vA * adcData.iA) / (adcData.vB * adcData.iB);
 561:Core/Src/PowerManager.cpp **** }
 562:Core/Src/PowerManager.cpp **** 
 563:Core/Src/PowerManager.cpp **** void hrtimFaultHandler() // 过压/过流保护触发
 564:Core/Src/PowerManager.cpp **** {
 565:Core/Src/PowerManager.cpp ****   if (HRTIM1->sCommonRegs.ISR & HRTIM_FLAG_FLT1) // vA过压保护触发
 566:Core/Src/PowerManager.cpp ****   {
 567:Core/Src/PowerManager.cpp ****     errorData.errorCode |= ERROR_OVP_A;
 568:Core/Src/PowerManager.cpp ****     errorData.errorLevel = ERROR_RECOVER_AUTO;
 569:Core/Src/PowerManager.cpp ****     HRTIM::disableOutputAB();
 570:Core/Src/PowerManager.cpp ****   }
 571:Core/Src/PowerManager.cpp ****   if (HRTIM1->sCommonRegs.ISR & HRTIM_FLAG_FLT2) // iA过流保护触发
 572:Core/Src/PowerManager.cpp ****   {
 573:Core/Src/PowerManager.cpp ****     errorData.errorCode |= ERROR_OCP_A;
 574:Core/Src/PowerManager.cpp ****     errorData.errorLevel = ERROR_RECOVER_AUTO;
 575:Core/Src/PowerManager.cpp ****     HRTIM::disableOutputAB();
 576:Core/Src/PowerManager.cpp ****   }
 577:Core/Src/PowerManager.cpp ****   if (HRTIM1->sCommonRegs.ISR & HRTIM_FLAG_FLT3) // iR过流保护触发
 578:Core/Src/PowerManager.cpp ****   {
 579:Core/Src/PowerManager.cpp ****     errorData.errorCode |= ERROR_OCP_R;
 580:Core/Src/PowerManager.cpp ****     errorData.errorLevel = ERROR_RECOVER_AUTO;
 581:Core/Src/PowerManager.cpp ****     HRTIM::disableOutputAB();
 582:Core/Src/PowerManager.cpp ****   }
 583:Core/Src/PowerManager.cpp ****   if (HRTIM1->sCommonRegs.ISR & HRTIM_FLAG_FLT4) // vB过压保护触发
 584:Core/Src/PowerManager.cpp ****   {
 585:Core/Src/PowerManager.cpp ****     errorData.errorCode |= ERROR_OVP_B;
 586:Core/Src/PowerManager.cpp ****     errorData.errorLevel = ERROR_RECOVER_AUTO;
 587:Core/Src/PowerManager.cpp ****     HRTIM::disableOutputAB();
 588:Core/Src/PowerManager.cpp ****   }
 589:Core/Src/PowerManager.cpp ****   if (HRTIM1->sCommonRegs.ISR & HRTIM_FLAG_FLT5) // iB过流保护触发
 590:Core/Src/PowerManager.cpp ****   {
 591:Core/Src/PowerManager.cpp ****     errorData.errorCode |= ERROR_OCP_B;
 592:Core/Src/PowerManager.cpp ****     errorData.errorLevel = ERROR_RECOVER_AUTO;
 593:Core/Src/PowerManager.cpp ****     HRTIM::disableOutputAB();
 594:Core/Src/PowerManager.cpp ****   }
 595:Core/Src/PowerManager.cpp **** }
 596:Core/Src/PowerManager.cpp **** 
 597:Core/Src/PowerManager.cpp **** void configAWDG() {
 598:Core/Src/PowerManager.cpp ****   // ADC1->TR3 = 0x00E00020;
 599:Core/Src/PowerManager.cpp ****   ADC1->TR2 = 0x00E00020;
 600:Core/Src/PowerManager.cpp ****   ADC2->TR2 = 0x00E00020;
 601:Core/Src/PowerManager.cpp ****   ADC1->TR1 = (uint32_t)(OVP_A / 2.9f / 16.0f * 4095.0f) << 16;
 602:Core/Src/PowerManager.cpp ****   ADC2->TR1 = (uint32_t)(OVP_B / 2.9f / 16.0f * 4095.0f) << 16;
 603:Core/Src/PowerManager.cpp ****   HRTIM1->sCommonRegs.IER |= 0b11111;
 604:Core/Src/PowerManager.cpp **** }
 605:Core/Src/PowerManager.cpp **** 
 606:Core/Src/PowerManager.cpp **** void checkHardwareUID() {
 607:Core/Src/PowerManager.cpp ****   // 读取寄存器中的UID
 608:Core/Src/PowerManager.cpp ****   sysData.hardwareUID[0] = READ_REG(*((uint32_t *)UID_BASE));
 609:Core/Src/PowerManager.cpp ****   sysData.hardwareUID[1] = READ_REG(*((uint32_t *)(UID_BASE + 4U)));
 610:Core/Src/PowerManager.cpp ****   sysData.hardwareUID[2] = READ_REG(*((uint32_t *)(UID_BASE + 8U)));
 611:Core/Src/PowerManager.cpp **** 
 612:Core/Src/PowerManager.cpp **** #ifndef CALIBRATION_MODE
 613:Core/Src/PowerManager.cpp **** 
 614:Core/Src/PowerManager.cpp ****   if ((sysData.hardwareUID[0] != HARDWARE_UID_W0) ||
ARM GAS   			page 47


 615:Core/Src/PowerManager.cpp ****       (sysData.hardwareUID[1] != HARDWARE_UID_W1) ||
 616:Core/Src/PowerManager.cpp ****       (sysData.hardwareUID[2] != HARDWARE_UID_W2)) {
 617:Core/Src/PowerManager.cpp ****     while (1) {
 618:Core/Src/PowerManager.cpp ****       Buzzer::play(200, 100);
 619:Core/Src/PowerManager.cpp ****       HAL_Delay(1000);
 620:Core/Src/PowerManager.cpp ****     }
 621:Core/Src/PowerManager.cpp ****   }
 622:Core/Src/PowerManager.cpp **** 
 623:Core/Src/PowerManager.cpp **** #endif
 624:Core/Src/PowerManager.cpp **** }
 625:Core/Src/PowerManager.cpp **** 
 626:Core/Src/PowerManager.cpp **** void autoClearError() {
 627:Core/Src/PowerManager.cpp ****   if (errorData.errorLevel == ERROR_RECOVER_AUTO) {
 628:Core/Src/PowerManager.cpp ****     errorData.errorCode = 0;
 629:Core/Src/PowerManager.cpp ****     errorData.overCurrentCnt = 0;
 630:Core/Src/PowerManager.cpp ****     errorData.overVoltageCnt = 0;
 631:Core/Src/PowerManager.cpp ****     errorData.errorLevel = NO_ERROR;
 632:Core/Src/PowerManager.cpp ****     HRTIM::enableOutputAB();
 633:Core/Src/PowerManager.cpp ****   }
 634:Core/Src/PowerManager.cpp **** }
 635:Core/Src/PowerManager.cpp **** 
 636:Core/Src/PowerManager.cpp **** void manualClearError() {
 637:Core/Src/PowerManager.cpp ****   if (errorData.errorLevel == ERROR_RECOVER_MANUAL) {
 638:Core/Src/PowerManager.cpp ****     errorData.errorCode = 0;
 639:Core/Src/PowerManager.cpp ****     errorData.shortCircuitCnt = 0;
 640:Core/Src/PowerManager.cpp **** 
 641:Core/Src/PowerManager.cpp ****     errorData.errorLevel = NO_ERROR;
 642:Core/Src/PowerManager.cpp ****     HRTIM::enableOutputAB();
 643:Core/Src/PowerManager.cpp ****   }
 644:Core/Src/PowerManager.cpp **** }
 645:Core/Src/PowerManager.cpp **** 
 646:Core/Src/PowerManager.cpp **** } // namespace Protection
 647:Core/Src/PowerManager.cpp **** 
 648:Core/Src/PowerManager.cpp **** namespace CAPARR {
 649:Core/Src/PowerManager.cpp **** 
 650:Core/Src/PowerManager.cpp **** __attribute__((section(".code_in_ram"))) void updateMaxCurrent() {
 1635              	 .loc 1 650 47 view .LVU542
 1636              	.LBB82:
 651:Core/Src/PowerManager.cpp ****   if (adcData.vCap > CAPARR_LOW_VOLTAGE) {
 1637              	 .loc 1 651 3 view .LVU543
 1638              	.LBE82:
 1639              	.LBE81:
 375:Core/Src/PowerManager.cpp ****   // 计算B侧电流限制
 1640              	 .loc 1 375 62 is_stmt 0 view .LVU544
 1641 048c 2DE9F041 	 push {r4,r5,r6,r7,r8,lr}
 1642              	 .cfi_def_cfa_offset 24
 1643              	 .cfi_offset 4,-24
 1644              	 .cfi_offset 5,-20
 1645              	 .cfi_offset 6,-16
 1646              	 .cfi_offset 7,-12
 1647              	 .cfi_offset 8,-8
 1648              	 .cfi_offset 14,-4
 1649              	.LBB88:
 1650              	.LBB83:
 1651              	 .loc 1 651 15 view .LVU545
 1652 0490 794D     	 ldr r5,.L162
 1653 0492 D5ED247A 	 vldr.32 s15,[r5,#144]
ARM GAS   			page 48


 1654              	 .loc 1 651 3 view .LVU546
 1655 0496 B2EE047A 	 vmov.f32 s14,#1.0e+1
 1656 049a F4EEC77A 	 vcmpe.f32 s15,s14
 1657 049e F1EE10FA 	 vmrs APSR_nzcv,FPSCR
 1658 04a2 12DC     	 bgt .L140
 652:Core/Src/PowerManager.cpp ****     capStatus.maxOutCurrent = CAPARR_MAX_CURRENT;
 653:Core/Src/PowerManager.cpp ****     capStatus.maxInCurrent = CAPARR_MAX_CURRENT;
 654:Core/Src/PowerManager.cpp ****   } else if (adcData.vCap > CAPARR_CUTOFF_VOLTAGE) {
 1659              	 .loc 1 654 10 is_stmt 1 view .LVU547
 1660 04a4 B1EE047A 	 vmov.f32 s14,#5.0e+0
 1661 04a8 F4EEC77A 	 vcmpe.f32 s15,s14
 1662 04ac F1EE10FA 	 vmrs APSR_nzcv,FPSCR
 1663 04b0 40F3D980 	 ble .L156
 655:Core/Src/PowerManager.cpp ****     capStatus.maxOutCurrent = (CAPARR_MAX_CURRENT - 1.0f) /
 1664              	 .loc 1 655 5 view .LVU548
 656:Core/Src/PowerManager.cpp ****                                   (CAPARR_LOW_VOLTAGE - CAPARR_CUTOFF_VOLTAGE) *
 657:Core/Src/PowerManager.cpp ****                                   (adcData.vCap - CAPARR_CUTOFF_VOLTAGE) +
 1665              	 .loc 1 657 74 is_stmt 0 view .LVU549
 1666 04b4 DFED716A 	 vldr.32 s13,.L162+4
 1667              	 .loc 1 657 49 view .LVU550
 1668 04b8 37EEC77A 	 vsub.f32 s14,s15,s14
 1669              	 .loc 1 657 74 view .LVU551
 1670 04bc B7EE006A 	 vmov.f32 s12,#1.0e+0
 1671 04c0 A7EE266A 	 vfma.f32 s12,s14,s13
 658:Core/Src/PowerManager.cpp ****                               1.0f;
 659:Core/Src/PowerManager.cpp ****     capStatus.maxInCurrent = capStatus.maxOutCurrent;
 1672              	 .loc 1 659 5 is_stmt 1 view .LVU552
 1673 04c4 F0EE466A 	 vmov.f32 s13,s12
 1674 04c8 03E0     	 b .L119
 1675              	.L140:
 1676 04ca F2EE0E6A 	 vmov.f32 s13,#1.5e+1
 1677 04ce B0EE666A 	 vmov.f32 s12,s13
 1678              	.L119:
 1679              	.LBE83:
 1680              	.LBE88:
 379:Core/Src/PowerManager.cpp ****     ctrlData.allowCharge = false;
 1681              	 .loc 1 379 31 is_stmt 0 view .LVU553
 1682 04d2 6B4F     	 ldr r7,.L162+8
 379:Core/Src/PowerManager.cpp ****     ctrlData.allowCharge = false;
 1683              	 .loc 1 379 45 view .LVU554
 1684 04d4 DFED6B5A 	 vldr.32 s11,.L162+12
 379:Core/Src/PowerManager.cpp ****     ctrlData.allowCharge = false;
 1685              	 .loc 1 379 31 view .LVU555
 1686 04d8 97ED0B7A 	 vldr.32 s14,[r7,#44]
 1687              	.LBB89:
 1688              	.LBB84:
 652:Core/Src/PowerManager.cpp ****     capStatus.maxInCurrent = CAPARR_MAX_CURRENT;
 1689              	 .loc 1 652 29 view .LVU556
 1690 04dc 6A4E     	 ldr r6,.L162+16
 1691              	.LBE84:
 1692              	.LBE89:
 379:Core/Src/PowerManager.cpp ****     ctrlData.allowCharge = false;
 1693              	 .loc 1 379 45 view .LVU557
 1694 04de 37EE255A 	 vadd.f32 s10,s14,s11
 1695              	.LBB90:
 1696              	.LBB85:
 652:Core/Src/PowerManager.cpp ****     capStatus.maxInCurrent = CAPARR_MAX_CURRENT;
ARM GAS   			page 49


 1697              	 .loc 1 652 29 view .LVU558
 1698 04e2 C6ED006A 	 vstr.32 s13,[r6]
 1699              	.LBE85:
 1700              	.LBE90:
 379:Core/Src/PowerManager.cpp ****     ctrlData.allowCharge = false;
 1701              	 .loc 1 379 3 view .LVU559
 1702 04e6 B4EEE75A 	 vcmpe.f32 s10,s15
 1703 04ea F1EE10FA 	 vmrs APSR_nzcv,FPSCR
 1704              	.LBB91:
 1705              	.LBB86:
 653:Core/Src/PowerManager.cpp ****   } else if (adcData.vCap > CAPARR_CUTOFF_VOLTAGE) {
 1706              	 .loc 1 653 28 view .LVU560
 1707 04ee 86ED016A 	 vstr.32 s12,[r6,#4]
 1708              	.LBE86:
 1709              	.LBE91:
 379:Core/Src/PowerManager.cpp ****     ctrlData.allowCharge = false;
 1710              	 .loc 1 379 3 is_stmt 1 view .LVU561
 1711 04f2 40F19280 	 bpl .L157
 380:Core/Src/PowerManager.cpp ****   } else if (adcData.vCap < ctrlData.vCapArrNormal - 0.1f) {
 1712              	 .loc 1 380 5 view .LVU562
 380:Core/Src/PowerManager.cpp ****   } else if (adcData.vCap < ctrlData.vCapArrNormal - 0.1f) {
 1713              	 .loc 1 380 26 is_stmt 0 view .LVU563
 1714 04f6 0023     	 movs r3,#0
 1715 04f8 87F83030 	 strb r3,[r7,#48]
 385:Core/Src/PowerManager.cpp ****       !psData.softStartCnt) //
 1716              	 .loc 1 385 3 is_stmt 1 view .LVU564
 1717              	.L124:
 385:Core/Src/PowerManager.cpp ****       !psData.softStartCnt) //
 1718              	 .loc 1 385 32 is_stmt 0 discriminator 2 view .LVU565
 1719 04fc 634B     	 ldr r3,.L162+20
 1720 04fe 1B78     	 ldrb r3,[r3]
 385:Core/Src/PowerManager.cpp ****       !psData.softStartCnt) //
 1721              	 .loc 1 385 29 discriminator 2 view .LVU566
 1722 0500 5B06     	 lsls r3,r3,#25
 1723 0502 00F1AD80 	 bmi .L160
 1724              	.L127:
 386:Core/Src/PowerManager.cpp ****   {
 1725              	 .loc 1 386 15 view .LVU567
 1726 0506 DFF89C81 	 ldr r8,.L162+44
 1727 050a 98F81440 	 ldrb r4,[r8,#20]
 385:Core/Src/PowerManager.cpp ****       !psData.softStartCnt) //
 1728              	 .loc 1 385 68 discriminator 3 view .LVU568
 1729 050e 002C     	 cmp r4,#0
 1730 0510 00F09480 	 beq .L161
 1731              	.L129:
 392:Core/Src/PowerManager.cpp ****     ctrlData.limitFactor = CAPARR_VOLTAGE_NORMAL;
 1732              	 .loc 1 392 5 is_stmt 1 view .LVU569
 392:Core/Src/PowerManager.cpp ****     ctrlData.limitFactor = CAPARR_VOLTAGE_NORMAL;
 1733              	 .loc 1 392 30 is_stmt 0 view .LVU570
 1734 0514 D5ED227A 	 vldr.32 s15,[r5,#136]
 1735 0518 D5ED200A 	 vldr.32 s1,[r5,#128]
 1736 051c 5C48     	 ldr r0,.L162+24
 1737 051e B1EE080A 	 vmov.f32 s0,#6.0e+0
 1738 0522 80EE270A 	 vdiv.f32 s0,s0,s15
 1739 0526 FFF7FEFF 	 bl _ZN15IncreasementPID12computeDeltaEff
 1740              	.LVL53:
 393:Core/Src/PowerManager.cpp ****   }
ARM GAS   			page 50


 1741              	 .loc 1 393 5 is_stmt 1 view .LVU571
 392:Core/Src/PowerManager.cpp ****     ctrlData.limitFactor = CAPARR_VOLTAGE_NORMAL;
 1742              	 .loc 1 392 30 is_stmt 0 view .LVU572
 1743 052a 0224     	 movs r4,#2
 1744              	.L130:
 390:Core/Src/PowerManager.cpp ****   } else {
 1745              	 .loc 1 390 26 view .LVU573
 1746 052c 3C70     	 strb r4,[r7]
 397:Core/Src/PowerManager.cpp **** 
 1747              	 .loc 1 397 3 is_stmt 1 view .LVU574
 397:Core/Src/PowerManager.cpp **** 
 1748              	 .loc 1 397 42 is_stmt 0 view .LVU575
 1749 052e 584C     	 ldr r4,.L162+24
 1750 0530 2046     	 mov r0,r4
 1751 0532 FFF7FEFF 	 bl _ZN15IncreasementPID9getOutputEv
 1752              	.LVL54:
 402:Core/Src/PowerManager.cpp ****   mfLoop.dIL_IB_Negative =
 1753              	 .loc 1 402 65 view .LVU576
 1754 0536 95ED216A 	 vldr.32 s12,[r5,#132]
 402:Core/Src/PowerManager.cpp ****   mfLoop.dIL_IB_Negative =
 1755              	 .loc 1 402 42 view .LVU577
 1756 053a D6ED014A 	 vldr.32 s9,[r6,#4]
 404:Core/Src/PowerManager.cpp **** 
 1757              	 .loc 1 404 58 view .LVU578
 1758 053e D6ED005A 	 vldr.32 s11,[r6]
 400:Core/Src/PowerManager.cpp ****   mfLoop.dIL_IB_Positive =
 1759              	 .loc 1 400 61 view .LVU579
 1760 0542 95ED245A 	 vldr.32 s10,[r5,#144]
 402:Core/Src/PowerManager.cpp ****   mfLoop.dIL_IB_Negative =
 1761              	 .loc 1 402 14 view .LVU580
 1762 0546 94ED0B7A 	 vldr.32 s14,[r4,#44]
 400:Core/Src/PowerManager.cpp ****   mfLoop.dIL_IB_Positive =
 1763              	 .loc 1 400 51 view .LVU581
 1764 054a DFED527A 	 vldr.32 s15,.L162+28
 400:Core/Src/PowerManager.cpp ****   mfLoop.dIL_IB_Positive =
 1765              	 .loc 1 400 29 view .LVU582
 1766 054e D4ED0C3A 	 vldr.32 s7,[r4,#48]
 397:Core/Src/PowerManager.cpp **** 
 1767              	 .loc 1 397 18 discriminator 1 view .LVU583
 1768 0552 84ED100A 	 vstr.32 s0,[r4,#64]
 399:Core/Src/PowerManager.cpp ****       mfLoop.voltageLimitKI * (CAPARR_MAX_VOLTAGE - adcData.vCap);
 1769              	 .loc 1 399 3 is_stmt 1 view .LVU584
 1770 0556 36EE254A 	 vadd.f32 s8,s12,s11
 402:Core/Src/PowerManager.cpp ****   mfLoop.dIL_IB_Negative =
 1771              	 .loc 1 402 55 is_stmt 0 view .LVU585
 1772 055a 74EEC66A 	 vsub.f32 s13,s9,s12
 400:Core/Src/PowerManager.cpp ****   mfLoop.dIL_IB_Positive =
 1773              	 .loc 1 400 51 view .LVU586
 1774 055e 77EEC57A 	 vsub.f32 s15,s15,s10
 402:Core/Src/PowerManager.cpp ****   mfLoop.dIL_IB_Negative =
 1775              	 .loc 1 402 29 view .LVU587
 1776 0562 66EE876A 	 vmul.f32 s13,s13,s14
 1777 0566 27EE447A 	 vnmul.f32 s14,s14,s8
 409:Core/Src/PowerManager.cpp ****       (mfLoop.dIL_VCap_Max < mfLoop.deltaIL)) {
 1778              	 .loc 1 409 3 view .LVU588
 1779 056a 9FED4B4A 	 vldr.32 s8,.L162+32
 401:Core/Src/PowerManager.cpp ****       mfLoop.currentLimitKI * (capStatus.maxInCurrent - adcData.iCap);
ARM GAS   			page 51


 1780              	 .loc 1 401 26 view .LVU589
 1781 056e C4ED126A 	 vstr.32 s13,[r4,#72]
 400:Core/Src/PowerManager.cpp ****   mfLoop.dIL_IB_Positive =
 1782              	 .loc 1 400 29 view .LVU590
 1783 0572 67EEA37A 	 vmul.f32 s15,s15,s7
 409:Core/Src/PowerManager.cpp ****       (mfLoop.dIL_VCap_Max < mfLoop.deltaIL)) {
 1784              	 .loc 1 409 3 view .LVU591
 1785 0576 B4EEC45A 	 vcmpe.f32 s10,s8
 1786 057a F1EE10FA 	 vmrs APSR_nzcv,FPSCR
 399:Core/Src/PowerManager.cpp ****       mfLoop.voltageLimitKI * (CAPARR_MAX_VOLTAGE - adcData.vCap);
 1787              	 .loc 1 399 23 view .LVU592
 1788 057e C4ED117A 	 vstr.32 s15,[r4,#68]
 401:Core/Src/PowerManager.cpp ****       mfLoop.currentLimitKI * (capStatus.maxInCurrent - adcData.iCap);
 1789              	 .loc 1 401 3 is_stmt 1 view .LVU593
 403:Core/Src/PowerManager.cpp ****       mfLoop.currentLimitKI * (-adcData.iCap - capStatus.maxOutCurrent);
 1790              	 .loc 1 403 3 view .LVU594
 403:Core/Src/PowerManager.cpp ****       mfLoop.currentLimitKI * (-adcData.iCap - capStatus.maxOutCurrent);
 1791              	 .loc 1 403 26 is_stmt 0 view .LVU595
 1792 0582 84ED137A 	 vstr.32 s14,[r4,#76]
 409:Core/Src/PowerManager.cpp ****       (mfLoop.dIL_VCap_Max < mfLoop.deltaIL)) {
 1793              	 .loc 1 409 3 is_stmt 1 view .LVU596
 1794 0586 24DD     	 ble .L131
 409:Core/Src/PowerManager.cpp ****       (mfLoop.dIL_VCap_Max < mfLoop.deltaIL)) {
 1795              	 .loc 1 409 51 is_stmt 0 discriminator 1 view .LVU597
 1796 0588 B4EEE70A 	 vcmpe.f32 s0,s15
 1797 058c F1EE10FA 	 vmrs APSR_nzcv,FPSCR
 1798 0590 1FDD     	 ble .L131
 411:Core/Src/PowerManager.cpp ****     ctrlData.limitFactor = CAPARR_VOLTAGE_MAX;
 1799              	 .loc 1 411 5 is_stmt 1 view .LVU598
 412:Core/Src/PowerManager.cpp ****   } else if (adcData.iCap > capStatus.maxInCurrent &&
 1800              	 .loc 1 412 26 is_stmt 0 view .LVU599
 1801 0592 0123     	 movs r3,#1
 1802 0594 B0EE670A 	 vmov.f32 s0,s15
 411:Core/Src/PowerManager.cpp ****     ctrlData.limitFactor = CAPARR_VOLTAGE_MAX;
 1803              	 .loc 1 411 20 view .LVU600
 1804 0598 C4ED107A 	 vstr.32 s15,[r4,#64]
 412:Core/Src/PowerManager.cpp ****   } else if (adcData.iCap > capStatus.maxInCurrent &&
 1805              	 .loc 1 412 5 is_stmt 1 view .LVU601
 412:Core/Src/PowerManager.cpp ****   } else if (adcData.iCap > capStatus.maxInCurrent &&
 1806              	 .loc 1 412 26 is_stmt 0 view .LVU602
 1807 059c 3B70     	 strb r3,[r7]
 1808              	.L134:
 422:Core/Src/PowerManager.cpp ****   psData.iLTarget = M_CLAMP(psData.iLTarget, -psData.iLLimit, psData.iLLimit);
 1809              	 .loc 1 422 3 is_stmt 1 view .LVU603
 423:Core/Src/PowerManager.cpp **** }
 1810              	 .loc 1 423 3 view .LVU604
 422:Core/Src/PowerManager.cpp ****   psData.iLTarget = M_CLAMP(psData.iLTarget, -psData.iLLimit, psData.iLLimit);
 1811              	 .loc 1 422 19 is_stmt 0 view .LVU605
 1812 059e 98ED087A 	 vldr.32 s14,[r8,#32]
 423:Core/Src/PowerManager.cpp **** }
 1813              	 .loc 1 423 21 view .LVU606
 1814 05a2 D8ED067A 	 vldr.32 s15,[r8,#24]
 422:Core/Src/PowerManager.cpp ****   psData.iLTarget = M_CLAMP(psData.iLTarget, -psData.iLLimit, psData.iLLimit);
 1815              	 .loc 1 422 19 view .LVU607
 1816 05a6 30EE070A 	 vadd.f32 s0,s0,s14
 423:Core/Src/PowerManager.cpp **** }
 1817              	 .loc 1 423 21 view .LVU608
ARM GAS   			page 52


 1818 05aa B1EE677A 	 vneg.f32 s14,s15
 1819 05ae B4EEC70A 	 vcmpe.f32 s0,s14
 1820 05b2 F1EE10FA 	 vmrs APSR_nzcv,FPSCR
 1821 05b6 B8BF     	 it lt
 1822 05b8 B0EE470A 	 vmovlt.f32 s0,s14
 1823 05bc B4EEE70A 	 vcmpe.f32 s0,s15
 1824 05c0 F1EE10FA 	 vmrs APSR_nzcv,FPSCR
 1825 05c4 88BF     	 it hi
 1826 05c6 B0EE670A 	 vmovhi.f32 s0,s15
 423:Core/Src/PowerManager.cpp **** }
 1827              	 .loc 1 423 19 view .LVU609
 1828 05ca 88ED080A 	 vstr.32 s0,[r8,#32]
 424:Core/Src/PowerManager.cpp **** 
 1829              	 .loc 1 424 1 view .LVU610
 1830 05ce BDE8F081 	 pop {r4,r5,r6,r7,r8,pc}
 1831              	.L131:
 413:Core/Src/PowerManager.cpp ****              mfLoop.dIL_IB_Positive < mfLoop.deltaIL) {
 1832              	 .loc 1 413 10 is_stmt 1 view .LVU611
 1833 05d2 F4EEC64A 	 vcmpe.f32 s9,s12
 1834 05d6 F1EE10FA 	 vmrs APSR_nzcv,FPSCR
 1835 05da 0BD5     	 bpl .L135
 413:Core/Src/PowerManager.cpp ****              mfLoop.dIL_IB_Positive < mfLoop.deltaIL) {
 1836              	 .loc 1 413 52 is_stmt 0 discriminator 1 view .LVU612
 1837 05dc B4EEE60A 	 vcmpe.f32 s0,s13
 1838 05e0 F1EE10FA 	 vmrs APSR_nzcv,FPSCR
 1839 05e4 06DD     	 ble .L135
 415:Core/Src/PowerManager.cpp ****     ctrlData.limitFactor = IB_POSITIVE;
 1840              	 .loc 1 415 5 is_stmt 1 view .LVU613
 416:Core/Src/PowerManager.cpp ****   } else if (adcData.iCap < -capStatus.maxOutCurrent &&
 1841              	 .loc 1 416 26 is_stmt 0 view .LVU614
 1842 05e6 0323     	 movs r3,#3
 1843 05e8 B0EE660A 	 vmov.f32 s0,s13
 415:Core/Src/PowerManager.cpp ****     ctrlData.limitFactor = IB_POSITIVE;
 1844              	 .loc 1 415 20 view .LVU615
 1845 05ec C4ED106A 	 vstr.32 s13,[r4,#64]
 416:Core/Src/PowerManager.cpp ****   } else if (adcData.iCap < -capStatus.maxOutCurrent &&
 1846              	 .loc 1 416 5 is_stmt 1 view .LVU616
 416:Core/Src/PowerManager.cpp ****   } else if (adcData.iCap < -capStatus.maxOutCurrent &&
 1847              	 .loc 1 416 26 is_stmt 0 view .LVU617
 1848 05f0 3B70     	 strb r3,[r7]
 1849 05f2 D4E7     	 b .L134
 1850              	.L135:
 417:Core/Src/PowerManager.cpp ****              mfLoop.dIL_IB_Negative > mfLoop.deltaIL) {
 1851              	 .loc 1 417 10 is_stmt 1 view .LVU618
 417:Core/Src/PowerManager.cpp ****              mfLoop.dIL_IB_Negative > mfLoop.deltaIL) {
 1852              	 .loc 1 417 29 is_stmt 0 view .LVU619
 1853 05f4 F1EE655A 	 vneg.f32 s11,s11
 417:Core/Src/PowerManager.cpp ****              mfLoop.dIL_IB_Negative > mfLoop.deltaIL) {
 1854              	 .loc 1 417 10 view .LVU620
 1855 05f8 B4EEE56A 	 vcmpe.f32 s12,s11
 1856 05fc F1EE10FA 	 vmrs APSR_nzcv,FPSCR
 1857 0600 CDD5     	 bpl .L134
 417:Core/Src/PowerManager.cpp ****              mfLoop.dIL_IB_Negative > mfLoop.deltaIL) {
 1858              	 .loc 1 417 54 discriminator 1 view .LVU621
 1859 0602 B4EEC70A 	 vcmpe.f32 s0,s14
 1860 0606 F1EE10FA 	 vmrs APSR_nzcv,FPSCR
 1861 060a C8D5     	 bpl .L134
ARM GAS   			page 53


 419:Core/Src/PowerManager.cpp ****     ctrlData.limitFactor = IB_NEGATIVE;
 1862              	 .loc 1 419 5 is_stmt 1 view .LVU622
 420:Core/Src/PowerManager.cpp ****   }
 1863              	 .loc 1 420 26 is_stmt 0 view .LVU623
 1864 060c 0423     	 movs r3,#4
 1865 060e B0EE470A 	 vmov.f32 s0,s14
 419:Core/Src/PowerManager.cpp ****     ctrlData.limitFactor = IB_NEGATIVE;
 1866              	 .loc 1 419 20 view .LVU624
 1867 0612 84ED107A 	 vstr.32 s14,[r4,#64]
 420:Core/Src/PowerManager.cpp ****   }
 1868              	 .loc 1 420 5 is_stmt 1 view .LVU625
 420:Core/Src/PowerManager.cpp ****   }
 1869              	 .loc 1 420 26 is_stmt 0 view .LVU626
 1870 0616 3B70     	 strb r3,[r7]
 1871 0618 C1E7     	 b .L134
 1872              	.L157:
 381:Core/Src/PowerManager.cpp ****     ctrlData.allowCharge = true;
 1873              	 .loc 1 381 10 is_stmt 1 view .LVU627
 381:Core/Src/PowerManager.cpp ****     ctrlData.allowCharge = true;
 1874              	 .loc 1 381 52 is_stmt 0 view .LVU628
 1875 061a 37EE657A 	 vsub.f32 s14,s14,s11
 381:Core/Src/PowerManager.cpp ****     ctrlData.allowCharge = true;
 1876              	 .loc 1 381 10 view .LVU629
 1877 061e B4EEE77A 	 vcmpe.f32 s14,s15
 1878 0622 F1EE10FA 	 vmrs APSR_nzcv,FPSCR
 1879 0626 15DD     	 ble .L158
 382:Core/Src/PowerManager.cpp ****   }
 1880              	 .loc 1 382 5 is_stmt 1 view .LVU630
 386:Core/Src/PowerManager.cpp ****   {
 1881              	 .loc 1 386 15 is_stmt 0 view .LVU631
 1882 0628 DFF87880 	 ldr r8,.L162+44
 1883 062c 98F81440 	 ldrb r4,[r8,#20]
 382:Core/Src/PowerManager.cpp ****   }
 1884              	 .loc 1 382 26 view .LVU632
 1885 0630 0123     	 movs r3,#1
 1886 0632 87F83030 	 strb r3,[r7,#48]
 385:Core/Src/PowerManager.cpp ****       !psData.softStartCnt) //
 1887              	 .loc 1 385 3 is_stmt 1 view .LVU633
 385:Core/Src/PowerManager.cpp ****       !psData.softStartCnt) //
 1888              	 .loc 1 385 68 is_stmt 0 discriminator 3 view .LVU634
 1889 0636 002C     	 cmp r4,#0
 1890 0638 7FF46CAF 	 bne .L129
 1891              	.L161:
 388:Core/Src/PowerManager.cpp ****                               adcData.iR);
 1892              	 .loc 1 388 5 is_stmt 1 view .LVU635
 388:Core/Src/PowerManager.cpp ****                               adcData.iR);
 1893              	 .loc 1 388 30 is_stmt 0 view .LVU636
 1894 063c 97ED0A0A 	 vldr.32 s0,[r7,#40]
 1895 0640 D5ED227A 	 vldr.32 s15,[r5,#136]
 1896 0644 D5ED200A 	 vldr.32 s1,[r5,#128]
 1897 0648 1148     	 ldr r0,.L162+24
 1898 064a 80EE270A 	 vdiv.f32 s0,s0,s15
 1899 064e FFF7FEFF 	 bl _ZN15IncreasementPID12computeDeltaEff
 1900              	.LVL55:
 390:Core/Src/PowerManager.cpp ****   } else {
 1901              	 .loc 1 390 5 is_stmt 1 view .LVU637
 390:Core/Src/PowerManager.cpp ****   } else {
ARM GAS   			page 54


 1902              	 .loc 1 390 26 is_stmt 0 view .LVU638
 1903 0652 6BE7     	 b .L130
 1904              	.L158:
 385:Core/Src/PowerManager.cpp ****       !psData.softStartCnt) //
 1905              	 .loc 1 385 3 is_stmt 1 view .LVU639
 1906 0654 97F83030 	 ldrb r3,[r7,#48]
 1907 0658 002B     	 cmp r3,#0
 1908 065a 7FF454AF 	 bne .L127
 1909 065e 4DE7     	 b .L124
 1910              	.L160:
 1911 0660 DFF84080 	 ldr r8,.L162+44
 1912 0664 56E7     	 b .L129
 1913              	.L156:
 1914              	.LBB92:
 1915              	.LBB87:
 660:Core/Src/PowerManager.cpp ****   } else {
 661:Core/Src/PowerManager.cpp ****     capStatus.maxOutCurrent = 0.2f + (0.8f / 5.0f) * adcData.vCap;
 1916              	 .loc 1 661 5 view .LVU640
 1917              	 .loc 1 661 36 is_stmt 0 view .LVU641
 1918 0666 9FED0D7A 	 vldr.32 s14,.L162+36
 1919 066a DFED0D6A 	 vldr.32 s13,.L162+40
 1920 066e B7EE006A 	 vmov.f32 s12,#1.0e+0
 1921 0672 E7EE876A 	 vfma.f32 s13,s15,s14
 662:Core/Src/PowerManager.cpp ****     capStatus.maxInCurrent = 1.0f;
 1922              	 .loc 1 662 5 is_stmt 1 view .LVU642
 1923 0676 2CE7     	 b .L119
 1924              	.L163:
 1925              	 .align 2
 1926              	.L162:
 1927 0678 00000000 	 .word adcData
 1928 067c 33333340 	 .word 1077097267
 1929 0680 00000000 	 .word ctrlData
 1930 0684 CDCCCC3D 	 .word 1036831949
 1931 0688 00000000 	 .word capStatus
 1932 068c 00000000 	 .word rxData1
 1933 0690 00000000 	 .word mfLoop
 1934 0694 6666E641 	 .word 1105618534
 1935 0698 47E1DA41 	 .word 1104863559
 1936 069c 0AD7233E 	 .word 1042536202
 1937 06a0 CDCC4C3E 	 .word 1045220557
 1938 06a4 00000000 	 .word psData
 1939              	.LBE87:
 1940              	.LBE92:
 1941              	 .cfi_endproc
 1942              	.LFE631:
 1944              	 .section .text._ZN12PowerControl18updateRefereePowerERK6RxDataRKm,"ax",%progbits
 1945              	 .align 1
 1946              	 .p2align 2,,3
 1947              	 .global _ZN12PowerControl18updateRefereePowerERK6RxDataRKm
 1948              	 .syntax unified
 1949              	 .thumb
 1950              	 .thumb_func
 1952              	_ZN12PowerControl18updateRefereePowerERK6RxDataRKm:
 1953              	.LVL56:
 1954              	.LFB632:
 426:Core/Src/PowerManager.cpp ****   if (ctrlData.limitFactor == REFEREE_POWER && psData.outputABEnabled) {
 1955              	 .loc 1 426 72 view-0
ARM GAS   			page 55


 1956              	 .cfi_startproc
 1957              	 
 1958              	 
 427:Core/Src/PowerManager.cpp ****     ctrlData.refLoop.error = (rd.refereeEnergyBuffer - REFEREE_ENERGY_BUFFER);
 1959              	 .loc 1 427 3 view .LVU644
 427:Core/Src/PowerManager.cpp ****     ctrlData.refLoop.error = (rd.refereeEnergyBuffer - REFEREE_ENERGY_BUFFER);
 1960              	 .loc 1 427 16 is_stmt 0 view .LVU645
 1961 0000 344B     	 ldr r3,.L173
 427:Core/Src/PowerManager.cpp ****     ctrlData.refLoop.error = (rd.refereeEnergyBuffer - REFEREE_ENERGY_BUFFER);
 1962              	 .loc 1 427 3 view .LVU646
 1963 0002 1A78     	 ldrb r2,[r3]
 426:Core/Src/PowerManager.cpp ****   if (ctrlData.limitFactor == REFEREE_POWER && psData.outputABEnabled) {
 1964              	 .loc 1 426 72 view .LVU647
 1965 0004 00B5     	 push {lr}
 1966              	 .cfi_def_cfa_offset 4
 1967              	 .cfi_offset 14,-4
 427:Core/Src/PowerManager.cpp ****     ctrlData.refLoop.error = (rd.refereeEnergyBuffer - REFEREE_ENERGY_BUFFER);
 1968              	 .loc 1 427 3 view .LVU648
 1969 0006 12B9     	 cbnz r2,.L167
 427:Core/Src/PowerManager.cpp ****     ctrlData.refLoop.error = (rd.refereeEnergyBuffer - REFEREE_ENERGY_BUFFER);
 1970              	 .loc 1 427 55 discriminator 1 view .LVU649
 1971 0008 334A     	 ldr r2,.L173+4
 427:Core/Src/PowerManager.cpp ****     ctrlData.refLoop.error = (rd.refereeEnergyBuffer - REFEREE_ENERGY_BUFFER);
 1972              	 .loc 1 427 45 discriminator 1 view .LVU650
 1973 000a 5278     	 ldrb r2,[r2,#1]
 1974 000c 4ABB     	 cbnz r2,.L172
 1975              	.L167:
 445:Core/Src/PowerManager.cpp ****       ctrlData.refLoop.pRefereeBias + rd.refereePowerLimit, 5.0f, 135.0f);
 1976              	 .loc 1 445 29 view .LVU651
 1977 000e 93ED087A 	 vldr.32 s14,[r3,#32]
 442:Core/Src/PowerManager.cpp ****   }
 1978              	 .loc 1 442 31 view .LVU652
 1979 0012 DFED325A 	 vldr.32 s11,.L173+8
 441:Core/Src/PowerManager.cpp ****     ctrlData.refLoop.integral = 0.0f;
 1980              	 .loc 1 441 32 view .LVU653
 1981 0016 4FF0000C 	 mov ip,#0
 1982              	.L166:
 445:Core/Src/PowerManager.cpp ****       ctrlData.refLoop.pRefereeBias + rd.refereePowerLimit, 5.0f, 135.0f);
 1983              	 .loc 1 445 29 view .LVU654
 1984 001a B0F80120 	 ldrh r2,[r0,#1]
 1985 001e DFED306A 	 vldr.32 s13,.L173+12
 1986 0022 07EE902A 	 vmov s15,r2
 1987 0026 F8EEE77A 	 vcvt.f32.s32 s15,s15
 1988 002a B1EE046A 	 vmov.f32 s12,#5.0e+0
 1989 002e 77EE877A 	 vadd.f32 s15,s15,s14
 447:Core/Src/PowerManager.cpp **** }
 1990              	 .loc 1 447 36 view .LVU655
 1991 0032 0A68     	 ldr r2,[r1]
 447:Core/Src/PowerManager.cpp **** }
 1992              	 .loc 1 447 34 view .LVU656
 1993 0034 DA61     	 str r2,[r3,#28]
 445:Core/Src/PowerManager.cpp ****       ctrlData.refLoop.pRefereeBias + rd.refereePowerLimit, 5.0f, 135.0f);
 1994              	 .loc 1 445 29 view .LVU657
 1995 0036 F4EEC67A 	 vcmpe.f32 s15,s12
 1996 003a F1EE10FA 	 vmrs APSR_nzcv,FPSCR
 1997 003e B8BF     	 it lt
 1998 0040 F0EE467A 	 vmovlt.f32 s15,s12
ARM GAS   			page 56


 1999 0044 F4EEE67A 	 vcmpe.f32 s15,s13
 2000 0048 F1EE10FA 	 vmrs APSR_nzcv,FPSCR
 2001 004c 88BF     	 it hi
 2002 004e F0EE667A 	 vmovhi.f32 s15,s13
 2003 0052 C3ED055A 	 vstr.32 s11,[r3,#20]
 2004 0056 A3F810C0 	 strh ip,[r3,#16]
 445:Core/Src/PowerManager.cpp ****       ctrlData.refLoop.pRefereeBias + rd.refereePowerLimit, 5.0f, 135.0f);
 2005              	 .loc 1 445 3 is_stmt 1 view .LVU658
 445:Core/Src/PowerManager.cpp ****       ctrlData.refLoop.pRefereeBias + rd.refereePowerLimit, 5.0f, 135.0f);
 2006              	 .loc 1 445 27 is_stmt 0 view .LVU659
 2007 005a C3ED0A7A 	 vstr.32 s15,[r3,#40]
 447:Core/Src/PowerManager.cpp **** }
 2008              	 .loc 1 447 3 is_stmt 1 view .LVU660
 448:Core/Src/PowerManager.cpp **** 
 2009              	 .loc 1 448 1 is_stmt 0 view .LVU661
 2010 005e 5DF804FB 	 ldr pc,[sp],#4
 2011              	.L172:
 428:Core/Src/PowerManager.cpp ****     ctrlData.refLoop.pRefereeBias =
 2012              	 .loc 1 428 5 is_stmt 1 view .LVU662
 428:Core/Src/PowerManager.cpp ****     ctrlData.refLoop.pRefereeBias =
 2013              	 .loc 1 428 34 is_stmt 0 view .LVU663
 2014 0062 B0F80320 	 ldrh r2,[r0,#3]
 431:Core/Src/PowerManager.cpp ****         ctrlData.refLoop.kD *
 2015              	 .loc 1 431 48 view .LVU664
 2016 0066 93ED055A 	 vldr.32 s10,[r3,#20]
 431:Core/Src/PowerManager.cpp ****         ctrlData.refLoop.kD *
 2017              	 .loc 1 431 29 view .LVU665
 2018 006a 93ED027A 	 vldr.32 s14,[r3,#8]
 433:Core/Src/PowerManager.cpp ****     ctrlData.refLoop.lastError = ctrlData.refLoop.error;
 2019              	 .loc 1 433 56 view .LVU666
 2020 006e B3F810E0 	 ldrh lr,[r3,#16]
 430:Core/Src/PowerManager.cpp ****         ctrlData.refLoop.kI * ctrlData.refLoop.integral +
 2021              	 .loc 1 430 54 view .LVU667
 2022 0072 93ED014A 	 vldr.32 s8,[r3,#4]
 431:Core/Src/PowerManager.cpp ****         ctrlData.refLoop.kD *
 2023              	 .loc 1 431 57 view .LVU668
 2024 0076 D3ED034A 	 vldr.32 s9,[r3,#12]
 428:Core/Src/PowerManager.cpp ****     ctrlData.refLoop.pRefereeBias =
 2025              	 .loc 1 428 54 view .LVU669
 2026 007a 393A     	 subs r2,r2,#57
 2027 007c 1FFA82FC 	 uxth ip,r2
 2028 0080 12B2     	 sxth r2,r2
 430:Core/Src/PowerManager.cpp ****         ctrlData.refLoop.kI * ctrlData.refLoop.integral +
 2029              	 .loc 1 430 29 view .LVU670
 2030 0082 07EE902A 	 vmov s15,r2
 431:Core/Src/PowerManager.cpp ****         ctrlData.refLoop.kD *
 2031              	 .loc 1 431 29 view .LVU671
 2032 0086 25EE077A 	 vmul.f32 s14,s10,s14
 430:Core/Src/PowerManager.cpp ****         ctrlData.refLoop.kI * ctrlData.refLoop.integral +
 2033              	 .loc 1 430 29 view .LVU672
 2034 008a F8EEE75A 	 vcvt.f32.s32 s11,s15
 433:Core/Src/PowerManager.cpp ****     ctrlData.refLoop.lastError = ctrlData.refLoop.error;
 2035              	 .loc 1 433 37 view .LVU673
 2036 008e A2EB0E0E 	 sub lr,r2,lr
 430:Core/Src/PowerManager.cpp ****         ctrlData.refLoop.kI * ctrlData.refLoop.integral +
 2037              	 .loc 1 430 54 view .LVU674
 2038 0092 A4EE257A 	 vfma.f32 s14,s8,s11
ARM GAS   			page 57


 428:Core/Src/PowerManager.cpp ****     ctrlData.refLoop.pRefereeBias =
 2039              	 .loc 1 428 28 view .LVU675
 2040 0096 1A83     	 strh r2,[r3,#24]
 429:Core/Src/PowerManager.cpp ****         ctrlData.refLoop.kP * ctrlData.refLoop.error +
 2041              	 .loc 1 429 5 is_stmt 1 view .LVU676
 432:Core/Src/PowerManager.cpp ****             (ctrlData.refLoop.error - ctrlData.refLoop.lastError);
 2042              	 .loc 1 432 29 is_stmt 0 view .LVU677
 2043 0098 07EE90EA 	 vmov s15,lr
 2044 009c F8EEE77A 	 vcvt.f32.s32 s15,s15
 438:Core/Src/PowerManager.cpp ****                 REFEREE_POWER_BIAS_LIMIT);
 2045              	 .loc 1 438 9 view .LVU678
 2046 00a0 BAEE0E6A 	 vmov.f32 s12,#-1.5e+1
 431:Core/Src/PowerManager.cpp ****         ctrlData.refLoop.kD *
 2047              	 .loc 1 431 57 view .LVU679
 2048 00a4 A4EEA77A 	 vfma.f32 s14,s9,s15
 434:Core/Src/PowerManager.cpp ****     ctrlData.refLoop.integral += ctrlData.refLoop.error;
 2049              	 .loc 1 434 5 is_stmt 1 view .LVU680
 435:Core/Src/PowerManager.cpp **** 
 2050              	 .loc 1 435 5 view .LVU681
 437:Core/Src/PowerManager.cpp ****         M_CLAMP(ctrlData.refLoop.pRefereeBias, -REFEREE_POWER_BIAS_LIMIT,
 2051              	 .loc 1 437 5 view .LVU682
 438:Core/Src/PowerManager.cpp ****                 REFEREE_POWER_BIAS_LIMIT);
 2052              	 .loc 1 438 9 is_stmt 0 view .LVU683
 2053 00a8 F2EE0E6A 	 vmov.f32 s13,#1.5e+1
 2054 00ac B4EEC67A 	 vcmpe.f32 s14,s12
 2055 00b0 F1EE10FA 	 vmrs APSR_nzcv,FPSCR
 2056 00b4 B8BF     	 it lt
 2057 00b6 B0EE467A 	 vmovlt.f32 s14,s12
 2058 00ba B4EEE67A 	 vcmpe.f32 s14,s13
 2059 00be F1EE10FA 	 vmrs APSR_nzcv,FPSCR
 2060 00c2 88BF     	 it hi
 2061 00c4 B0EE667A 	 vmovhi.f32 s14,s13
 435:Core/Src/PowerManager.cpp **** 
 2062              	 .loc 1 435 31 view .LVU684
 2063 00c8 75EE855A 	 vadd.f32 s11,s11,s10
 437:Core/Src/PowerManager.cpp ****         M_CLAMP(ctrlData.refLoop.pRefereeBias, -REFEREE_POWER_BIAS_LIMIT,
 2064              	 .loc 1 437 35 view .LVU685
 2065 00cc 83ED087A 	 vstr.32 s14,[r3,#32]
 2066 00d0 A3E7     	 b .L166
 2067              	.L174:
 2068 00d2 00BF     	 .align 2
 2069              	.L173:
 2070 00d4 00000000 	 .word ctrlData
 2071 00d8 00000000 	 .word psData
 2072 00dc 00000000 	 .word 0
 2073 00e0 00000743 	 .word 1124532224
 2074              	 .cfi_endproc
 2075              	.LFE632:
 2077              	 .section .text._ZN12PowerControl18checkRxDataTimeoutERKm,"ax",%progbits
 2078              	 .align 1
 2079              	 .p2align 2,,3
 2080              	 .global _ZN12PowerControl18checkRxDataTimeoutERKm
 2081              	 .syntax unified
 2082              	 .thumb
 2083              	 .thumb_func
 2085              	_ZN12PowerControl18checkRxDataTimeoutERKm:
 2086              	.LVL57:
ARM GAS   			page 58


 2087              	.LFB633:
 450:Core/Src/PowerManager.cpp ****   if (ctrlData.refLoop.isConnected &&
 2088              	 .loc 1 450 54 is_stmt 1 view-0
 2089              	 .cfi_startproc
 2090              	 
 2091              	 
 451:Core/Src/PowerManager.cpp ****       (currentTick - ctrlData.refLoop.lastTimestamp > RXDATA_TIMEOUT)) //
 2092              	 .loc 1 451 3 view .LVU687
 451:Core/Src/PowerManager.cpp ****       (currentTick - ctrlData.refLoop.lastTimestamp > RXDATA_TIMEOUT)) //
 2093              	 .loc 1 451 24 is_stmt 0 view .LVU688
 2094 0000 124B     	 ldr r3,.L184
 451:Core/Src/PowerManager.cpp ****       (currentTick - ctrlData.refLoop.lastTimestamp > RXDATA_TIMEOUT)) //
 2095              	 .loc 1 451 3 view .LVU689
 2096 0002 93F82420 	 ldrb r2,[r3,#36]
 2097 0006 02B3     	 cbz r2,.L181
 452:Core/Src/PowerManager.cpp ****   {
 2098              	 .loc 1 452 20 view .LVU690
 2099 0008 0268     	 ldr r2,[r0]
 2100 000a D969     	 ldr r1,[r3,#28]
 2101 000c 521A     	 subs r2,r2,r1
 451:Core/Src/PowerManager.cpp ****       (currentTick - ctrlData.refLoop.lastTimestamp > RXDATA_TIMEOUT)) //
 2102              	 .loc 1 451 36 discriminator 1 view .LVU691
 2103 000e B2F5FA7F 	 cmp r2,#500
 2104 0012 1AD9     	 bls .L181
 454:Core/Src/PowerManager.cpp ****     ctrlData.refLoop.lastError = 0.0f;
 2105              	 .loc 1 454 5 is_stmt 1 view .LVU692
 460:Core/Src/PowerManager.cpp ****     rxData1.systemRestart = 0;
 2106              	 .loc 1 460 24 is_stmt 0 view .LVU693
 2107 0014 0E49     	 ldr r1,.L184+4
 454:Core/Src/PowerManager.cpp ****     ctrlData.refLoop.lastError = 0.0f;
 2108              	 .loc 1 454 29 view .LVU694
 2109 0016 DFF840C0 	 ldr ip,.L184+12
 460:Core/Src/PowerManager.cpp ****     rxData1.systemRestart = 0;
 2110              	 .loc 1 460 24 view .LVU695
 2111 001a 0A78     	 ldrb r2,[r1]
 450:Core/Src/PowerManager.cpp ****   if (ctrlData.refLoop.isConnected &&
 2112              	 .loc 1 450 54 view .LVU696
 2113 001c 00B5     	 push {lr}
 2114              	 .cfi_def_cfa_offset 4
 2115              	 .cfi_offset 14,-4
 460:Core/Src/PowerManager.cpp ****     rxData1.systemRestart = 0;
 2116              	 .loc 1 460 24 view .LVU697
 2117 001e 22F06302 	 bic r2,r2,#99
 2118 0022 42F00102 	 orr r2,r2,#1
 2119 0026 0A70     	 strb r2,[r1]
 464:Core/Src/PowerManager.cpp ****   }
 2120              	 .loc 1 464 31 view .LVU698
 2121 0028 2522     	 movs r2,#37
 455:Core/Src/PowerManager.cpp ****     ctrlData.refLoop.integral = 0.0f;
 2122              	 .loc 1 455 32 view .LVU699
 2123 002a 0020     	 movs r0,#0
 2124              	.LVL58:
 456:Core/Src/PowerManager.cpp ****     ctrlData.refLoop.isConnected = 0;
 2125              	 .loc 1 456 31 view .LVU700
 2126 002c 4FF0000E 	 mov lr,#0
 464:Core/Src/PowerManager.cpp ****   }
 2127              	 .loc 1 464 31 view .LVU701
ARM GAS   			page 59


 2128 0030 4A70     	 strb r2,[r1,#1]
 458:Core/Src/PowerManager.cpp **** 
 2129              	 .loc 1 458 28 view .LVU702
 2130 0032 084A     	 ldr r2,.L184+8
 456:Core/Src/PowerManager.cpp ****     ctrlData.refLoop.isConnected = 0;
 2131              	 .loc 1 456 31 view .LVU703
 2132 0034 C3F814E0 	 str lr,[r3,#20]
 454:Core/Src/PowerManager.cpp ****     ctrlData.refLoop.lastError = 0.0f;
 2133              	 .loc 1 454 29 view .LVU704
 2134 0038 C3F828C0 	 str ip,[r3,#40]
 455:Core/Src/PowerManager.cpp ****     ctrlData.refLoop.integral = 0.0f;
 2135              	 .loc 1 455 5 is_stmt 1 view .LVU705
 455:Core/Src/PowerManager.cpp ****     ctrlData.refLoop.integral = 0.0f;
 2136              	 .loc 1 455 32 is_stmt 0 view .LVU706
 2137 003c 1882     	 strh r0,[r3,#16]
 456:Core/Src/PowerManager.cpp ****     ctrlData.refLoop.isConnected = 0;
 2138              	 .loc 1 456 5 is_stmt 1 view .LVU707
 457:Core/Src/PowerManager.cpp ****     ctrlData.vCapArrNormal = CAPARR_MAX_VOLTAGE;
 2139              	 .loc 1 457 5 view .LVU708
 457:Core/Src/PowerManager.cpp ****     ctrlData.vCapArrNormal = CAPARR_MAX_VOLTAGE;
 2140              	 .loc 1 457 34 is_stmt 0 view .LVU709
 2141 003e 83F82400 	 strb r0,[r3,#36]
 458:Core/Src/PowerManager.cpp **** 
 2142              	 .loc 1 458 5 is_stmt 1 view .LVU710
 464:Core/Src/PowerManager.cpp ****   }
 2143              	 .loc 1 464 31 is_stmt 0 view .LVU711
 2144 0042 8870     	 strb r0,[r1,#2]
 458:Core/Src/PowerManager.cpp **** 
 2145              	 .loc 1 458 28 view .LVU712
 2146 0044 DA62     	 str r2,[r3,#44]
 460:Core/Src/PowerManager.cpp ****     rxData1.systemRestart = 0;
 2147              	 .loc 1 460 5 is_stmt 1 view .LVU713
 461:Core/Src/PowerManager.cpp ****     rxData1.clearError = 0;
 2148              	 .loc 1 461 5 view .LVU714
 462:Core/Src/PowerManager.cpp ****     rxData1.enableActiveChargingLimit = 0;
 2149              	 .loc 1 462 5 view .LVU715
 463:Core/Src/PowerManager.cpp ****     rxData1.refereePowerLimit = REFEREE_DEFUALT_POWER;
 2150              	 .loc 1 463 5 view .LVU716
 464:Core/Src/PowerManager.cpp ****   }
 2151              	 .loc 1 464 5 view .LVU717
 466:Core/Src/PowerManager.cpp **** 
 2152              	 .loc 1 466 1 is_stmt 0 view .LVU718
 2153 0046 5DF804FB 	 ldr pc,[sp],#4
 2154              	.LVL59:
 2155              	.L181:
 2156              	 .cfi_def_cfa_offset 0
 2157              	 .cfi_restore 14
 466:Core/Src/PowerManager.cpp **** 
 2158              	 .loc 1 466 1 view .LVU719
 2159 004a 7047     	 bx lr
 2160              	.L185:
 2161              	 .align 2
 2162              	.L184:
 2163 004c 00000000 	 .word ctrlData
 2164 0050 00000000 	 .word rxData1
 2165 0054 6666E641 	 .word 1105618534
 2166 0058 00001442 	 .word 1108606976
ARM GAS   			page 60


 2167              	 .cfi_endproc
 2168              	.LFE633:
 2170              	 .section .text._ZN10Protection14errorHandlerLFEv,"ax",%progbits
 2171              	 .align 1
 2172              	 .p2align 2,,3
 2173              	 .global _ZN10Protection14errorHandlerLFEv
 2174              	 .syntax unified
 2175              	 .thumb
 2176              	 .thumb_func
 2178              	_ZN10Protection14errorHandlerLFEv:
 2179              	.LFB634:
 472:Core/Src/PowerManager.cpp ****   if (errorData.errorLevel == WARNING) {
 2180              	 .loc 1 472 23 is_stmt 1 view-0
 2181              	 .cfi_startproc
 2182              	 
 2183              	 
 473:Core/Src/PowerManager.cpp ****     // 逐渐减小errorCnt
 2184              	 .loc 1 473 3 view .LVU721
 472:Core/Src/PowerManager.cpp ****   if (errorData.errorLevel == WARNING) {
 2185              	 .loc 1 472 23 is_stmt 0 view .LVU722
 2186 0000 70B5     	 push {r4,r5,r6,lr}
 2187              	 .cfi_def_cfa_offset 16
 2188              	 .cfi_offset 4,-16
 2189              	 .cfi_offset 5,-12
 2190              	 .cfi_offset 6,-8
 2191              	 .cfi_offset 14,-4
 473:Core/Src/PowerManager.cpp ****     // 逐渐减小errorCnt
 2192              	 .loc 1 473 17 view .LVU723
 2193 0002 374C     	 ldr r4,.L232
 2194 0004 257B     	 ldrb r5,[r4,#12]
 473:Core/Src/PowerManager.cpp ****     // 逐渐减小errorCnt
 2195              	 .loc 1 473 3 view .LVU724
 2196 0006 042D     	 cmp r5,#4
 2197 0008 14D0     	 beq .L229
 2198              	.L187:
 487:Core/Src/PowerManager.cpp ****     errorData.powerOffCnt++;
 2199              	 .loc 1 487 3 is_stmt 1 view .LVU725
 487:Core/Src/PowerManager.cpp ****     errorData.powerOffCnt++;
 2200              	 .loc 1 487 15 is_stmt 0 view .LVU726
 2201 000a 364B     	 ldr r3,.L232+4
 487:Core/Src/PowerManager.cpp ****     errorData.powerOffCnt++;
 2202              	 .loc 1 487 3 view .LVU727
 2203 000c 93ED227A 	 vldr.32 s14,[r3,#136]
 2204 0010 F3EE027A 	 vmov.f32 s15,#1.8e+1
 2205 0014 B4EEE77A 	 vcmpe.f32 s14,s15
 2206 0018 F1EE10FA 	 vmrs APSR_nzcv,FPSCR
 2207 001c 07D5     	 bpl .L227
 488:Core/Src/PowerManager.cpp ****   else
 2208              	 .loc 1 488 5 is_stmt 1 view .LVU728
 488:Core/Src/PowerManager.cpp ****   else
 2209              	 .loc 1 488 26 is_stmt 0 view .LVU729
 2210 001e 2369     	 ldr r3,[r4,#16]
 2211 0020 0133     	 adds r3,r3,#1
 492:Core/Src/PowerManager.cpp ****     Protection::autoClearError();
 2212              	 .loc 1 492 3 view .LVU730
 2213 0022 B3F5FA6F 	 cmp r3,#2000
 2214 0026 2361     	 str r3,[r4,#16]
ARM GAS   			page 61


 492:Core/Src/PowerManager.cpp ****     Protection::autoClearError();
 2215              	 .loc 1 492 3 is_stmt 1 view .LVU731
 2216 0028 00D9     	 bls .L186
 492:Core/Src/PowerManager.cpp ****     Protection::autoClearError();
 2217              	 .loc 1 492 36 is_stmt 0 discriminator 1 view .LVU732
 2218 002a F5B9     	 cbnz r5,.L230
 2219              	.L186:
 496:Core/Src/PowerManager.cpp **** 
 2220              	 .loc 1 496 1 view .LVU733
 2221 002c 70BD     	 pop {r4,r5,r6,pc}
 2222              	.L227:
 2223 002e 0023     	 movs r3,#0
 2224 0030 2361     	 str r3,[r4,#16]
 492:Core/Src/PowerManager.cpp ****     Protection::autoClearError();
 2225              	 .loc 1 492 3 is_stmt 1 view .LVU734
 496:Core/Src/PowerManager.cpp **** 
 2226              	 .loc 1 496 1 is_stmt 0 view .LVU735
 2227 0032 70BD     	 pop {r4,r5,r6,pc}
 2228              	.L229:
 475:Core/Src/PowerManager.cpp ****       errorData.overCurrentCnt--;
 2229              	 .loc 1 475 5 is_stmt 1 view .LVU736
 475:Core/Src/PowerManager.cpp ****       errorData.overCurrentCnt--;
 2230              	 .loc 1 475 19 is_stmt 0 view .LVU737
 2231 0034 E388     	 ldrh r3,[r4,#6]
 475:Core/Src/PowerManager.cpp ****       errorData.overCurrentCnt--;
 2232              	 .loc 1 475 5 view .LVU738
 2233 0036 0BB1     	 cbz r3,.L188
 476:Core/Src/PowerManager.cpp ****     if (errorData.overVoltageCnt > 0)
 2234              	 .loc 1 476 7 is_stmt 1 view .LVU739
 476:Core/Src/PowerManager.cpp ****     if (errorData.overVoltageCnt > 0)
 2235              	 .loc 1 476 31 is_stmt 0 view .LVU740
 2236 0038 013B     	 subs r3,r3,#1
 2237 003a E380     	 strh r3,[r4,#6]
 2238              	.L188:
 477:Core/Src/PowerManager.cpp ****       errorData.overVoltageCnt--;
 2239              	 .loc 1 477 5 is_stmt 1 view .LVU741
 477:Core/Src/PowerManager.cpp ****       errorData.overVoltageCnt--;
 2240              	 .loc 1 477 19 is_stmt 0 view .LVU742
 2241 003c A388     	 ldrh r3,[r4,#4]
 477:Core/Src/PowerManager.cpp ****       errorData.overVoltageCnt--;
 2242              	 .loc 1 477 5 view .LVU743
 2243 003e 0BB1     	 cbz r3,.L189
 478:Core/Src/PowerManager.cpp ****     if (errorData.shortCircuitCnt > 0)
 2244              	 .loc 1 478 7 is_stmt 1 view .LVU744
 478:Core/Src/PowerManager.cpp ****     if (errorData.shortCircuitCnt > 0)
 2245              	 .loc 1 478 31 is_stmt 0 view .LVU745
 2246 0040 013B     	 subs r3,r3,#1
 2247 0042 A380     	 strh r3,[r4,#4]
 2248              	.L189:
 479:Core/Src/PowerManager.cpp ****       errorData.shortCircuitCnt--;
 2249              	 .loc 1 479 5 is_stmt 1 view .LVU746
 479:Core/Src/PowerManager.cpp ****       errorData.shortCircuitCnt--;
 2250              	 .loc 1 479 19 is_stmt 0 view .LVU747
 2251 0044 6388     	 ldrh r3,[r4,#2]
 482:Core/Src/PowerManager.cpp ****           errorData.shortCircuitCnt || errorData.lowBattery))
 2252              	 .loc 1 482 36 view .LVU748
 2253 0046 6268     	 ldr r2,[r4,#4]
ARM GAS   			page 62


 479:Core/Src/PowerManager.cpp ****       errorData.shortCircuitCnt--;
 2254              	 .loc 1 479 5 view .LVU749
 2255 0048 3BB1     	 cbz r3,.L190
 480:Core/Src/PowerManager.cpp ****     // 如果Cnt都为0则解除警告状态
 2256              	 .loc 1 480 7 is_stmt 1 view .LVU750
 480:Core/Src/PowerManager.cpp ****     // 如果Cnt都为0则解除警告状态
 2257              	 .loc 1 480 32 is_stmt 0 view .LVU751
 2258 004a 013B     	 subs r3,r3,#1
 2259 004c 9BB2     	 uxth r3,r3
 2260 004e 6380     	 strh r3,[r4,#2]
 482:Core/Src/PowerManager.cpp ****           errorData.shortCircuitCnt || errorData.lowBattery))
 2261              	 .loc 1 482 5 is_stmt 1 view .LVU752
 2262 0050 002A     	 cmp r2,#0
 2263 0052 DAD1     	 bne .L187
 482:Core/Src/PowerManager.cpp ****           errorData.shortCircuitCnt || errorData.lowBattery))
 2264              	 .loc 1 482 64 is_stmt 0 discriminator 1 view .LVU753
 2265 0054 002B     	 cmp r3,#0
 2266 0056 D8D1     	 bne .L187
 2267 0058 01E0     	 b .L192
 2268              	.L190:
 482:Core/Src/PowerManager.cpp ****           errorData.shortCircuitCnt || errorData.lowBattery))
 2269              	 .loc 1 482 5 is_stmt 1 view .LVU754
 2270 005a 002A     	 cmp r2,#0
 2271 005c D5D1     	 bne .L187
 2272              	.L192:
 483:Core/Src/PowerManager.cpp ****       errorData.errorLevel = NO_ERROR;
 2273              	 .loc 1 483 50 is_stmt 0 view .LVU755
 2274 005e 237A     	 ldrb r3,[r4,#8]
 482:Core/Src/PowerManager.cpp ****           errorData.shortCircuitCnt || errorData.lowBattery))
 2275              	 .loc 1 482 9 discriminator 2 view .LVU756
 2276 0060 002B     	 cmp r3,#0
 2277 0062 D2D1     	 bne .L187
 484:Core/Src/PowerManager.cpp ****   }
 2278              	 .loc 1 484 7 is_stmt 1 view .LVU757
 484:Core/Src/PowerManager.cpp ****   }
 2279              	 .loc 1 484 28 is_stmt 0 view .LVU758
 2280 0064 2373     	 strb r3,[r4,#12]
 2281 0066 1D46     	 mov r5,r3
 2282 0068 CFE7     	 b .L187
 2283              	.L230:
 493:Core/Src/PowerManager.cpp ****     Protection::manualClearError();
 2284              	 .loc 1 493 5 is_stmt 1 view .LVU759
 2285              	.LBB113:
 2286              	.LBI113:
 626:Core/Src/PowerManager.cpp ****   if (errorData.errorLevel == ERROR_RECOVER_AUTO) {
 2287              	 .loc 1 626 6 view .LVU760
 2288              	.LBB114:
 627:Core/Src/PowerManager.cpp ****     errorData.errorCode = 0;
 2289              	 .loc 1 627 3 view .LVU761
 2290 006a 012D     	 cmp r5,#1
 2291 006c 1CD0     	 beq .L231
 2292              	.L198:
 2293              	.LBE114:
 2294              	.LBE113:
 494:Core/Src/PowerManager.cpp ****   }
 2295              	 .loc 1 494 5 view .LVU762
 2296              	.LBB125:
ARM GAS   			page 63


 2297              	.LBI125:
 636:Core/Src/PowerManager.cpp ****   if (errorData.errorLevel == ERROR_RECOVER_MANUAL) {
 2298              	 .loc 1 636 6 view .LVU763
 2299              	.LBB126:
 637:Core/Src/PowerManager.cpp ****     errorData.errorCode = 0;
 2300              	 .loc 1 637 3 view .LVU764
 2301 006e 022D     	 cmp r5,#2
 2302 0070 DCD1     	 bne .L186
 638:Core/Src/PowerManager.cpp ****     errorData.shortCircuitCnt = 0;
 2303              	 .loc 1 638 5 view .LVU765
 639:Core/Src/PowerManager.cpp **** 
 2304              	 .loc 1 639 5 view .LVU766
 2305              	.LBB127:
 2306              	.LBB128:
  35:Core/Src/PowerManager.cpp ****     return false;
 2307              	 .loc 1 35 15 is_stmt 0 view .LVU767
 2308 0072 1D4D     	 ldr r5,.L232+8
  35:Core/Src/PowerManager.cpp ****     return false;
 2309              	 .loc 1 35 3 view .LVU768
 2310 0074 2A78     	 ldrb r2,[r5]
 2311              	.LBE128:
 2312              	.LBE127:
 638:Core/Src/PowerManager.cpp ****     errorData.shortCircuitCnt = 0;
 2313              	 .loc 1 638 25 view .LVU769
 2314 0076 0023     	 movs r3,#0
 2315 0078 2360     	 str r3,[r4]
 641:Core/Src/PowerManager.cpp ****     HRTIM::enableOutputAB();
 2316              	 .loc 1 641 5 is_stmt 1 view .LVU770
 641:Core/Src/PowerManager.cpp ****     HRTIM::enableOutputAB();
 2317              	 .loc 1 641 26 is_stmt 0 view .LVU771
 2318 007a 2373     	 strb r3,[r4,#12]
 642:Core/Src/PowerManager.cpp ****   }
 2319              	 .loc 1 642 5 is_stmt 1 view .LVU772
 2320              	.LBB130:
 2321              	.LBI127:
  34:Core/Src/PowerManager.cpp ****   if (!psData.timerEnabled || !psData.allowEnableOutput)
 2322              	 .loc 1 34 6 view .LVU773
 2323              	.LBB129:
  35:Core/Src/PowerManager.cpp ****     return false;
 2324              	 .loc 1 35 3 view .LVU774
 2325 007c 002A     	 cmp r2,#0
 2326 007e D5D0     	 beq .L186
 2327              	.LBE129:
 2328              	.LBE130:
 2329              	.LBB131:
 2330              	.LBI131:
 626:Core/Src/PowerManager.cpp ****   if (errorData.errorLevel == ERROR_RECOVER_AUTO) {
 2331              	 .loc 1 626 6 view .LVU775
 2332              	.LBB132:
 2333              	.LBB133:
  35:Core/Src/PowerManager.cpp ****     return false;
 2334              	 .loc 1 35 28 is_stmt 0 discriminator 1 view .LVU776
 2335 0080 EB78     	 ldrb r3,[r5,#3]
 2336 0082 002B     	 cmp r3,#0
 2337 0084 D2D0     	 beq .L186
 2338              	.LBB134:
 2339              	.LBI134:
ARM GAS   			page 64


  34:Core/Src/PowerManager.cpp ****   if (!psData.timerEnabled || !psData.allowEnableOutput)
 2340              	 .loc 1 34 6 is_stmt 1 view .LVU777
 2341              	.LBB135:
  37:Core/Src/PowerManager.cpp ****   HAL_HRTIM_WaveformOutputStart(&hhrtim1, HRTIM_OUTPUT_TB1 + HRTIM_OUTPUT_TB2);
 2342              	 .loc 1 37 3 view .LVU778
  37:Core/Src/PowerManager.cpp ****   HAL_HRTIM_WaveformOutputStart(&hhrtim1, HRTIM_OUTPUT_TB1 + HRTIM_OUTPUT_TB2);
 2343              	 .loc 1 37 32 is_stmt 0 view .LVU779
 2344 0086 0321     	 movs r1,#3
 2345 0088 1848     	 ldr r0,.L232+12
 2346 008a FFF7FEFF 	 bl HAL_HRTIM_WaveformOutputStart
 2347              	.LVL60:
  38:Core/Src/PowerManager.cpp ****   psData.outputABEnabled = 1;
 2348              	 .loc 1 38 3 is_stmt 1 view .LVU780
  38:Core/Src/PowerManager.cpp ****   psData.outputABEnabled = 1;
 2349              	 .loc 1 38 32 is_stmt 0 view .LVU781
 2350 008e 0C21     	 movs r1,#12
 2351 0090 1648     	 ldr r0,.L232+12
 2352 0092 FFF7FEFF 	 bl HAL_HRTIM_WaveformOutputStart
 2353              	.LVL61:
  39:Core/Src/PowerManager.cpp ****   Buzzer::play(1250, 200);
 2354              	 .loc 1 39 3 is_stmt 1 view .LVU782
  39:Core/Src/PowerManager.cpp ****   Buzzer::play(1250, 200);
 2355              	 .loc 1 39 26 is_stmt 0 view .LVU783
 2356 0096 0123     	 movs r3,#1
 2357 0098 6B70     	 strb r3,[r5,#1]
  40:Core/Src/PowerManager.cpp ****   return true;
 2358              	 .loc 1 40 3 is_stmt 1 view .LVU784
  40:Core/Src/PowerManager.cpp ****   return true;
 2359              	 .loc 1 40 15 is_stmt 0 view .LVU785
 2360 009a C821     	 movs r1,#200
 2361              	.LBE135:
 2362              	.LBE134:
 2363              	.LBE133:
 2364              	.LBE132:
 2365              	.LBE131:
 2366              	.LBE126:
 2367              	.LBE125:
 496:Core/Src/PowerManager.cpp **** 
 2368              	 .loc 1 496 1 view .LVU786
 2369 009c BDE87040 	 pop {r4,r5,r6,lr}
 2370              	 .cfi_remember_state
 2371              	 .cfi_restore 14
 2372              	 .cfi_restore 6
 2373              	 .cfi_restore 5
 2374              	 .cfi_restore 4
 2375              	 .cfi_def_cfa_offset 0
 2376              	.LBB143:
 2377              	.LBB141:
 2378              	.LBB140:
 2379              	.LBB139:
 2380              	.LBB138:
 2381              	.LBB137:
 2382              	.LBB136:
  40:Core/Src/PowerManager.cpp ****   return true;
 2383              	 .loc 1 40 15 view .LVU787
 2384 00a0 40F2E240 	 movw r0,#1250
 2385 00a4 FFF7FEBF 	 b _ZN6Buzzer4playEtt
ARM GAS   			page 65


 2386              	.LVL62:
 2387              	.L231:
 2388              	 .cfi_restore_state
 2389              	.LBE136:
 2390              	.LBE137:
 2391              	.LBE138:
 2392              	.LBE139:
 2393              	.LBE140:
 2394              	.LBE141:
 2395              	.LBE143:
 2396              	.LBB144:
 2397              	.LBB124:
 628:Core/Src/PowerManager.cpp ****     errorData.overCurrentCnt = 0;
 2398              	 .loc 1 628 5 is_stmt 1 view .LVU788
 2399              	.LBB115:
 2400              	.LBB116:
  35:Core/Src/PowerManager.cpp ****     return false;
 2401              	 .loc 1 35 15 is_stmt 0 view .LVU789
 2402 00a8 0F4E     	 ldr r6,.L232+8
  35:Core/Src/PowerManager.cpp ****     return false;
 2403              	 .loc 1 35 3 view .LVU790
 2404 00aa 3278     	 ldrb r2,[r6]
 2405              	.LBE116:
 2406              	.LBE115:
 628:Core/Src/PowerManager.cpp ****     errorData.overCurrentCnt = 0;
 2407              	 .loc 1 628 25 view .LVU791
 2408 00ac 0023     	 movs r3,#0
 2409 00ae 2380     	 strh r3,[r4]
 629:Core/Src/PowerManager.cpp ****     errorData.overVoltageCnt = 0;
 2410              	 .loc 1 629 5 is_stmt 1 view .LVU792
 630:Core/Src/PowerManager.cpp ****     errorData.errorLevel = NO_ERROR;
 2411              	 .loc 1 630 5 view .LVU793
 630:Core/Src/PowerManager.cpp ****     errorData.errorLevel = NO_ERROR;
 2412              	 .loc 1 630 30 is_stmt 0 view .LVU794
 2413 00b0 6360     	 str r3,[r4,#4]
 631:Core/Src/PowerManager.cpp ****     HRTIM::enableOutputAB();
 2414              	 .loc 1 631 5 is_stmt 1 view .LVU795
 631:Core/Src/PowerManager.cpp ****     HRTIM::enableOutputAB();
 2415              	 .loc 1 631 26 is_stmt 0 view .LVU796
 2416 00b2 2373     	 strb r3,[r4,#12]
 632:Core/Src/PowerManager.cpp ****   }
 2417              	 .loc 1 632 5 is_stmt 1 view .LVU797
 2418              	.LBB118:
 2419              	.LBI115:
  34:Core/Src/PowerManager.cpp ****   if (!psData.timerEnabled || !psData.allowEnableOutput)
 2420              	 .loc 1 34 6 view .LVU798
 2421              	.LBB117:
  35:Core/Src/PowerManager.cpp ****     return false;
 2422              	 .loc 1 35 3 view .LVU799
 2423 00b4 002A     	 cmp r2,#0
 2424 00b6 B9D0     	 beq .L186
 2425              	.LBE117:
 2426              	.LBE118:
 2427              	.LBB119:
 2428              	.LBI119:
 626:Core/Src/PowerManager.cpp ****   if (errorData.errorLevel == ERROR_RECOVER_AUTO) {
 2429              	 .loc 1 626 6 view .LVU800
ARM GAS   			page 66


 2430              	.LBB120:
 2431              	.LBB121:
  35:Core/Src/PowerManager.cpp ****     return false;
 2432              	 .loc 1 35 28 is_stmt 0 discriminator 1 view .LVU801
 2433 00b8 F378     	 ldrb r3,[r6,#3]
 2434 00ba 002B     	 cmp r3,#0
 2435 00bc B6D0     	 beq .L186
 2436              	.LBB122:
 2437              	.LBI122:
  34:Core/Src/PowerManager.cpp ****   if (!psData.timerEnabled || !psData.allowEnableOutput)
 2438              	 .loc 1 34 6 is_stmt 1 view .LVU802
 2439              	.LBB123:
  37:Core/Src/PowerManager.cpp ****   HAL_HRTIM_WaveformOutputStart(&hhrtim1, HRTIM_OUTPUT_TB1 + HRTIM_OUTPUT_TB2);
 2440              	 .loc 1 37 3 view .LVU803
  37:Core/Src/PowerManager.cpp ****   HAL_HRTIM_WaveformOutputStart(&hhrtim1, HRTIM_OUTPUT_TB1 + HRTIM_OUTPUT_TB2);
 2441              	 .loc 1 37 32 is_stmt 0 view .LVU804
 2442 00be 0321     	 movs r1,#3
 2443 00c0 0A48     	 ldr r0,.L232+12
 2444 00c2 FFF7FEFF 	 bl HAL_HRTIM_WaveformOutputStart
 2445              	.LVL63:
  38:Core/Src/PowerManager.cpp ****   psData.outputABEnabled = 1;
 2446              	 .loc 1 38 3 is_stmt 1 view .LVU805
  38:Core/Src/PowerManager.cpp ****   psData.outputABEnabled = 1;
 2447              	 .loc 1 38 32 is_stmt 0 view .LVU806
 2448 00c6 0C21     	 movs r1,#12
 2449 00c8 0848     	 ldr r0,.L232+12
 2450 00ca FFF7FEFF 	 bl HAL_HRTIM_WaveformOutputStart
 2451              	.LVL64:
  39:Core/Src/PowerManager.cpp ****   Buzzer::play(1250, 200);
 2452              	 .loc 1 39 3 is_stmt 1 view .LVU807
  40:Core/Src/PowerManager.cpp ****   return true;
 2453              	 .loc 1 40 15 is_stmt 0 view .LVU808
 2454 00ce C821     	 movs r1,#200
 2455 00d0 40F2E240 	 movw r0,#1250
  39:Core/Src/PowerManager.cpp ****   Buzzer::play(1250, 200);
 2456              	 .loc 1 39 26 view .LVU809
 2457 00d4 7570     	 strb r5,[r6,#1]
  40:Core/Src/PowerManager.cpp ****   return true;
 2458              	 .loc 1 40 3 is_stmt 1 view .LVU810
  40:Core/Src/PowerManager.cpp ****   return true;
 2459              	 .loc 1 40 15 is_stmt 0 view .LVU811
 2460 00d6 FFF7FEFF 	 bl _ZN6Buzzer4playEtt
 2461              	.LVL65:
  41:Core/Src/PowerManager.cpp **** }
 2462              	 .loc 1 41 3 is_stmt 1 view .LVU812
 2463              	.LBE123:
 2464              	.LBE122:
 2465              	.LBE121:
 2466              	.LBE120:
 2467              	.LBE119:
 2468              	.LBE124:
 2469              	.LBE144:
 2470              	.LBB145:
 2471              	.LBB142:
 637:Core/Src/PowerManager.cpp ****     errorData.errorCode = 0;
 2472              	 .loc 1 637 17 is_stmt 0 view .LVU813
 2473 00da 257B     	 ldrb r5,[r4,#12]
ARM GAS   			page 67


 2474 00dc C7E7     	 b .L198
 2475              	.L233:
 2476 00de 00BF     	 .align 2
 2477              	.L232:
 2478 00e0 00000000 	 .word errorData
 2479 00e4 00000000 	 .word adcData
 2480 00e8 00000000 	 .word psData
 2481 00ec 00000000 	 .word hhrtim1
 2482              	.LBE142:
 2483              	.LBE145:
 2484              	 .cfi_endproc
 2485              	.LFE634:
 2487              	 .section .text._ZN10Protection15checkLowBatteryEv,"ax",%progbits
 2488              	 .align 1
 2489              	 .p2align 2,,3
 2490              	 .global _ZN10Protection15checkLowBatteryEv
 2491              	 .syntax unified
 2492              	 .thumb
 2493              	 .thumb_func
 2495              	_ZN10Protection15checkLowBatteryEv:
 2496              	.LFB635:
 498:Core/Src/PowerManager.cpp ****   // 检测低电压保护
 2497              	 .loc 1 498 24 is_stmt 1 view-0
 2498              	 .cfi_startproc
 2499              	 
 2500              	 
 2501              	 
 500:Core/Src/PowerManager.cpp ****     if (adcData.vA > BATTERY_LOW_RECOVERY || adcData.vA < REFEREE_UVLO_LIMIT) {
 2502              	 .loc 1 500 3 view .LVU815
 500:Core/Src/PowerManager.cpp ****     if (adcData.vA > BATTERY_LOW_RECOVERY || adcData.vA < REFEREE_UVLO_LIMIT) {
 2503              	 .loc 1 500 17 is_stmt 0 view .LVU816
 2504 0000 204B     	 ldr r3,.L245
 501:Core/Src/PowerManager.cpp ****       errorData.lowBattery = 0;
 2505              	 .loc 1 501 17 view .LVU817
 2506 0002 2149     	 ldr r1,.L245+4
 500:Core/Src/PowerManager.cpp ****     if (adcData.vA > BATTERY_LOW_RECOVERY || adcData.vA < REFEREE_UVLO_LIMIT) {
 2507              	 .loc 1 500 3 view .LVU818
 2508 0004 1A7A     	 ldrb r2,[r3,#8]
 501:Core/Src/PowerManager.cpp ****       errorData.lowBattery = 0;
 2509              	 .loc 1 501 17 view .LVU819
 2510 0006 D1ED227A 	 vldr.32 s15,[r1,#136]
 500:Core/Src/PowerManager.cpp ****     if (adcData.vA > BATTERY_LOW_RECOVERY || adcData.vA < REFEREE_UVLO_LIMIT) {
 2511              	 .loc 1 500 3 view .LVU820
 2512 000a 82B1     	 cbz r2,.L235
 501:Core/Src/PowerManager.cpp ****       errorData.lowBattery = 0;
 2513              	 .loc 1 501 5 is_stmt 1 view .LVU821
 2514 000c 9FED1F7A 	 vldr.32 s14,.L245+8
 2515 0010 F4EEC77A 	 vcmpe.f32 s15,s14
 2516 0014 F1EE10FA 	 vmrs APSR_nzcv,FPSCR
 2517 0018 2BDD     	 ble .L244
 2518              	.L236:
 502:Core/Src/PowerManager.cpp ****       errorData.errorCode &= ~WARNING_LOWBATTERY;
 2519              	 .loc 1 502 7 view .LVU822
 503:Core/Src/PowerManager.cpp ****       if (!errorData.errorCode)
 2520              	 .loc 1 503 27 is_stmt 0 view .LVU823
 2521 001a 1A88     	 ldrh r2,[r3]
 2522 001c 22F40072 	 bic r2,r2,#512
ARM GAS   			page 68


 502:Core/Src/PowerManager.cpp ****       errorData.errorCode &= ~WARNING_LOWBATTERY;
 2523              	 .loc 1 502 28 view .LVU824
 2524 0020 0021     	 movs r1,#0
 503:Core/Src/PowerManager.cpp ****       if (!errorData.errorCode)
 2525              	 .loc 1 503 27 view .LVU825
 2526 0022 92B2     	 uxth r2,r2
 502:Core/Src/PowerManager.cpp ****       errorData.errorCode &= ~WARNING_LOWBATTERY;
 2527              	 .loc 1 502 28 view .LVU826
 2528 0024 1972     	 strb r1,[r3,#8]
 503:Core/Src/PowerManager.cpp ****       if (!errorData.errorCode)
 2529              	 .loc 1 503 7 is_stmt 1 view .LVU827
 503:Core/Src/PowerManager.cpp ****       if (!errorData.errorCode)
 2530              	 .loc 1 503 27 is_stmt 0 view .LVU828
 2531 0026 1A80     	 strh r2,[r3]
 504:Core/Src/PowerManager.cpp ****         errorData.errorLevel = NO_ERROR;
 2532              	 .loc 1 504 7 is_stmt 1 view .LVU829
 2533 0028 12BB     	 cbnz r2,.L234
 505:Core/Src/PowerManager.cpp ****     }
 2534              	 .loc 1 505 9 view .LVU830
 505:Core/Src/PowerManager.cpp ****     }
 2535              	 .loc 1 505 30 is_stmt 0 view .LVU831
 2536 002a 1A73     	 strb r2,[r3,#12]
 2537 002c 7047     	 bx lr
 2538              	.L235:
 508:Core/Src/PowerManager.cpp ****       errorData.lowBatteryCnt++;
 2539              	 .loc 1 508 5 is_stmt 1 view .LVU832
 2540 002e 9FED187A 	 vldr.32 s14,.L245+12
 2541 0032 F4EEC77A 	 vcmpe.f32 s15,s14
 2542 0036 F1EE10FA 	 vmrs APSR_nzcv,FPSCR
 2543 003a 19D5     	 bpl .L234
 508:Core/Src/PowerManager.cpp ****       errorData.lowBatteryCnt++;
 2544              	 .loc 1 508 40 is_stmt 0 discriminator 1 view .LVU833
 2545 003c B3EE047A 	 vmov.f32 s14,#2.0e+1
 2546 0040 F4EEC77A 	 vcmpe.f32 s15,s14
 2547 0044 F1EE10FA 	 vmrs APSR_nzcv,FPSCR
 2548 0048 12DD     	 ble .L234
 509:Core/Src/PowerManager.cpp ****       if (errorData.lowBatteryCnt > 1000) // 低电压持续1
 2549              	 .loc 1 509 7 is_stmt 1 view .LVU834
 509:Core/Src/PowerManager.cpp ****       if (errorData.lowBatteryCnt > 1000) // 低电压持续1
 2550              	 .loc 1 509 30 is_stmt 0 view .LVU835
 2551 004a 5A89     	 ldrh r2,[r3,#10]
 2552 004c 0132     	 adds r2,r2,#1
 2553 004e 92B2     	 uxth r2,r2
 510:Core/Src/PowerManager.cpp ****       {
 2554              	 .loc 1 510 7 view .LVU836
 2555 0050 B2F57A7F 	 cmp r2,#1000
 509:Core/Src/PowerManager.cpp ****       if (errorData.lowBatteryCnt > 1000) // 低电压持续1
 2556              	 .loc 1 509 30 view .LVU837
 2557 0054 5A81     	 strh r2,[r3,#10]
 510:Core/Src/PowerManager.cpp ****       {
 2558              	 .loc 1 510 7 is_stmt 1 view .LVU838
 2559 0056 0BD9     	 bls .L234
 512:Core/Src/PowerManager.cpp ****           errorData.errorLevel = WARNING;
 2560              	 .loc 1 512 9 view .LVU839
 2561 0058 1A7B     	 ldrb r2,[r3,#12]
 2562 005a 0AB9     	 cbnz r2,.L241
 513:Core/Src/PowerManager.cpp ****         }
ARM GAS   			page 69


 2563              	 .loc 1 513 11 view .LVU840
 513:Core/Src/PowerManager.cpp ****         }
 2564              	 .loc 1 513 32 is_stmt 0 view .LVU841
 2565 005c 0422     	 movs r2,#4
 2566 005e 1A73     	 strb r2,[r3,#12]
 2567              	.L241:
 515:Core/Src/PowerManager.cpp ****         errorData.errorCode |= WARNING_LOWBATTERY;
 2568              	 .loc 1 515 9 is_stmt 1 view .LVU842
 516:Core/Src/PowerManager.cpp ****         errorData.lowBatteryCnt = 0;
 2569              	 .loc 1 516 29 is_stmt 0 view .LVU843
 2570 0060 1A88     	 ldrh r2,[r3]
 515:Core/Src/PowerManager.cpp ****         errorData.errorCode |= WARNING_LOWBATTERY;
 2571              	 .loc 1 515 30 view .LVU844
 2572 0062 0120     	 movs r0,#1
 516:Core/Src/PowerManager.cpp ****         errorData.lowBatteryCnt = 0;
 2573              	 .loc 1 516 29 view .LVU845
 2574 0064 42F40072 	 orr r2,r2,#512
 517:Core/Src/PowerManager.cpp ****       }
 2575              	 .loc 1 517 33 view .LVU846
 2576 0068 0021     	 movs r1,#0
 515:Core/Src/PowerManager.cpp ****         errorData.errorCode |= WARNING_LOWBATTERY;
 2577              	 .loc 1 515 30 view .LVU847
 2578 006a 1872     	 strb r0,[r3,#8]
 516:Core/Src/PowerManager.cpp ****         errorData.lowBatteryCnt = 0;
 2579              	 .loc 1 516 9 is_stmt 1 view .LVU848
 516:Core/Src/PowerManager.cpp ****         errorData.lowBatteryCnt = 0;
 2580              	 .loc 1 516 29 is_stmt 0 view .LVU849
 2581 006c 1A80     	 strh r2,[r3]
 517:Core/Src/PowerManager.cpp ****       }
 2582              	 .loc 1 517 9 is_stmt 1 view .LVU850
 517:Core/Src/PowerManager.cpp ****       }
 2583              	 .loc 1 517 33 is_stmt 0 view .LVU851
 2584 006e 5981     	 strh r1,[r3,#10]
 2585              	.L234:
 521:Core/Src/PowerManager.cpp **** 
 2586              	 .loc 1 521 1 view .LVU852
 2587 0070 7047     	 bx lr
 2588              	.L244:
 501:Core/Src/PowerManager.cpp ****       errorData.lowBattery = 0;
 2589              	 .loc 1 501 43 discriminator 1 view .LVU853
 2590 0072 B3EE027A 	 vmov.f32 s14,#1.8e+1
 2591 0076 F4EEC77A 	 vcmpe.f32 s15,s14
 2592 007a F1EE10FA 	 vmrs APSR_nzcv,FPSCR
 2593 007e F7D5     	 bpl .L234
 2594 0080 CBE7     	 b .L236
 2595              	.L246:
 2596 0082 00BF     	 .align 2
 2597              	.L245:
 2598 0084 00000000 	 .word errorData
 2599 0088 00000000 	 .word adcData
 2600 008c CDCCAC41 	 .word 1101843661
 2601 0090 295CA741 	 .word 1101487145
 2602              	 .cfi_endproc
 2603              	.LFE635:
 2605              	 .section .code_in_ram
 2606              	 .align 1
 2607              	 .p2align 2,,3
ARM GAS   			page 70


 2608              	 .global _ZN10Protection17checkShortCircuitEv
 2609              	 .syntax unified
 2610              	 .thumb
 2611              	 .thumb_func
 2613              	_ZN10Protection17checkShortCircuitEv:
 2614              	.LFB636:
 523:Core/Src/PowerManager.cpp ****   // 检测短路保护，在ADC解码后立刻调用
 2615              	 .loc 1 523 67 is_stmt 1 view-0
 2616              	 .cfi_startproc
 2617              	 
 2618              	 
 525:Core/Src/PowerManager.cpp ****     // 裁判系统端或底盘端短路
 2619              	 .loc 1 525 3 view .LVU855
 523:Core/Src/PowerManager.cpp ****   // 检测短路保护，在ADC解码后立刻调用
 2620              	 .loc 1 523 67 is_stmt 0 view .LVU856
 2621 06a8 70B5     	 push {r4,r5,r6,lr}
 2622              	 .cfi_def_cfa_offset 16
 2623              	 .cfi_offset 4,-16
 2624              	 .cfi_offset 5,-12
 2625              	 .cfi_offset 6,-8
 2626              	 .cfi_offset 14,-4
 525:Core/Src/PowerManager.cpp ****     // 裁判系统端或底盘端短路
 2627              	 .loc 1 525 15 view .LVU857
 2628 06aa 3D4C     	 ldr r4,.L261
 525:Core/Src/PowerManager.cpp ****     // 裁判系统端或底盘端短路
 2629              	 .loc 1 525 3 view .LVU858
 2630 06ac 94ED227A 	 vldr.32 s14,[r4,#136]
 2631 06b0 F1EE047A 	 vmov.f32 s15,#5.0e+0
 2632 06b4 B4EEE77A 	 vcmpe.f32 s14,s15
 2633 06b8 F1EE10FA 	 vmrs APSR_nzcv,FPSCR
 2634 06bc 08D8     	 bhi .L249
 525:Core/Src/PowerManager.cpp ****     // 裁判系统端或底盘端短路
 2635              	 .loc 1 525 33 discriminator 1 view .LVU859
 2636 06be 94ED1E7A 	 vldr.32 s14,[r4,#120]
 2637 06c2 F9EE047A 	 vmov.f32 s15,#-5.0e+0
 2638 06c6 B4EEE77A 	 vcmpe.f32 s14,s15
 2639 06ca F1EE10FA 	 vmrs APSR_nzcv,FPSCR
 2640 06ce 1CD9     	 bls .L259
 2641              	.L249:
 537:Core/Src/PowerManager.cpp ****     // 电容端或无线充电端短路（无线充电端短路会通过buck上管短路B端）
 2642              	 .loc 1 537 3 is_stmt 1 view .LVU860
 2643 06d0 94ED237A 	 vldr.32 s14,[r4,#140]
 2644 06d4 F1EE047A 	 vmov.f32 s15,#5.0e+0
 2645 06d8 B4EEE77A 	 vcmpe.f32 s14,s15
 2646 06dc F1EE10FA 	 vmrs APSR_nzcv,FPSCR
 2647 06e0 12D8     	 bhi .L247
 537:Core/Src/PowerManager.cpp ****     // 电容端或无线充电端短路（无线充电端短路会通过buck上管短路B端）
 2648              	 .loc 1 537 33 is_stmt 0 discriminator 1 view .LVU861
 2649 06e2 94ED1F7A 	 vldr.32 s14,[r4,#124]
 2650 06e6 B4EEE77A 	 vcmpe.f32 s14,s15
 2651 06ea F1EE10FA 	 vmrs APSR_nzcv,FPSCR
 2652 06ee 0BDB     	 blt .L247
 539:Core/Src/PowerManager.cpp ****     errorData.shortCircuitCnt += 300;
 2653              	 .loc 1 539 5 is_stmt 1 view .LVU862
 539:Core/Src/PowerManager.cpp ****     errorData.shortCircuitCnt += 300;
 2654              	 .loc 1 539 26 is_stmt 0 view .LVU863
 2655 06f0 2C4D     	 ldr r5,.L261+4
ARM GAS   			page 71


 540:Core/Src/PowerManager.cpp ****     // if(adcData.vB <= 0.08f)
 2656              	 .loc 1 540 31 view .LVU864
 2657 06f2 6B88     	 ldrh r3,[r5,#2]
 2658 06f4 03F59673 	 add r3,r3,#300
 2659 06f8 9BB2     	 uxth r3,r3
 546:Core/Src/PowerManager.cpp ****       HRTIM::disableOutputAB();
 2660              	 .loc 1 546 5 view .LVU865
 2661 06fa 40F2A462 	 movw r2,#1700
 539:Core/Src/PowerManager.cpp ****     errorData.shortCircuitCnt += 300;
 2662              	 .loc 1 539 26 view .LVU866
 2663 06fe 0421     	 movs r1,#4
 546:Core/Src/PowerManager.cpp ****       HRTIM::disableOutputAB();
 2664              	 .loc 1 546 5 view .LVU867
 2665 0700 9342     	 cmp r3,r2
 539:Core/Src/PowerManager.cpp ****     errorData.shortCircuitCnt += 300;
 2666              	 .loc 1 539 26 view .LVU868
 2667 0702 2973     	 strb r1,[r5,#12]
 540:Core/Src/PowerManager.cpp ****     // if(adcData.vB <= 0.08f)
 2668              	 .loc 1 540 5 is_stmt 1 view .LVU869
 540:Core/Src/PowerManager.cpp ****     // if(adcData.vB <= 0.08f)
 2669              	 .loc 1 540 31 is_stmt 0 view .LVU870
 2670 0704 6B80     	 strh r3,[r5,#2]
 546:Core/Src/PowerManager.cpp ****       HRTIM::disableOutputAB();
 2671              	 .loc 1 546 5 is_stmt 1 view .LVU871
 2672 0706 2BD8     	 bhi .L260
 2673              	.L247:
 554:Core/Src/PowerManager.cpp **** 
 2674              	 .loc 1 554 1 is_stmt 0 view .LVU872
 2675 0708 70BD     	 pop {r4,r5,r6,pc}
 2676              	.L259:
 527:Core/Src/PowerManager.cpp ****     errorData.shortCircuitCnt += 600;
 2677              	 .loc 1 527 5 is_stmt 1 view .LVU873
 527:Core/Src/PowerManager.cpp ****     errorData.shortCircuitCnt += 600;
 2678              	 .loc 1 527 26 is_stmt 0 view .LVU874
 2679 070a 264D     	 ldr r5,.L261+4
 528:Core/Src/PowerManager.cpp ****     if (errorData.shortCircuitCnt > 1700) {
 2680              	 .loc 1 528 31 view .LVU875
 2681 070c 6B88     	 ldrh r3,[r5,#2]
 2682 070e 03F51673 	 add r3,r3,#600
 2683 0712 9BB2     	 uxth r3,r3
 529:Core/Src/PowerManager.cpp ****       HRTIM::disableOutputAB();
 2684              	 .loc 1 529 5 view .LVU876
 2685 0714 40F2A462 	 movw r2,#1700
 527:Core/Src/PowerManager.cpp ****     errorData.shortCircuitCnt += 600;
 2686              	 .loc 1 527 26 view .LVU877
 2687 0718 0421     	 movs r1,#4
 529:Core/Src/PowerManager.cpp ****       HRTIM::disableOutputAB();
 2688              	 .loc 1 529 5 view .LVU878
 2689 071a 9342     	 cmp r3,r2
 527:Core/Src/PowerManager.cpp ****     errorData.shortCircuitCnt += 600;
 2690              	 .loc 1 527 26 view .LVU879
 2691 071c 2973     	 strb r1,[r5,#12]
 528:Core/Src/PowerManager.cpp ****     if (errorData.shortCircuitCnt > 1700) {
 2692              	 .loc 1 528 5 is_stmt 1 view .LVU880
 528:Core/Src/PowerManager.cpp ****     if (errorData.shortCircuitCnt > 1700) {
 2693              	 .loc 1 528 31 is_stmt 0 view .LVU881
 2694 071e 6B80     	 strh r3,[r5,#2]
ARM GAS   			page 72


 529:Core/Src/PowerManager.cpp ****       HRTIM::disableOutputAB();
 2695              	 .loc 1 529 5 is_stmt 1 view .LVU882
 2696 0720 D6D9     	 bls .L249
 530:Core/Src/PowerManager.cpp ****       errorData.errorCode |= ERROR_SCP_A;
 2697              	 .loc 1 530 7 view .LVU883
 2698              	.LBB150:
 2699              	.LBI150:
  61:Core/Src/PowerManager.cpp ****   HAL_HRTIM_WaveformOutputStop(&hhrtim1, HRTIM_OUTPUT_TA1 + HRTIM_OUTPUT_TA2);
 2700              	 .loc 1 61 6 view .LVU884
 2701              	.LBB151:
  62:Core/Src/PowerManager.cpp ****   HAL_HRTIM_WaveformOutputStop(&hhrtim1, HRTIM_OUTPUT_TB1 + HRTIM_OUTPUT_TB2);
 2702              	 .loc 1 62 3 view .LVU885
  62:Core/Src/PowerManager.cpp ****   HAL_HRTIM_WaveformOutputStop(&hhrtim1, HRTIM_OUTPUT_TB1 + HRTIM_OUTPUT_TB2);
 2703              	 .loc 1 62 31 is_stmt 0 view .LVU886
 2704 0722 0321     	 movs r1,#3
 2705 0724 2048     	 ldr r0,.L261+8
 2706 0726 FFF7FEFF 	 bl HAL_HRTIM_WaveformOutputStop
 2707              	.LVL66:
  63:Core/Src/PowerManager.cpp ****   psData.outputABEnabled = 0;
 2708              	 .loc 1 63 3 is_stmt 1 view .LVU887
  63:Core/Src/PowerManager.cpp ****   psData.outputABEnabled = 0;
 2709              	 .loc 1 63 31 is_stmt 0 view .LVU888
 2710 072a 0C21     	 movs r1,#12
 2711 072c 1E48     	 ldr r0,.L261+8
 2712 072e FFF7FEFF 	 bl HAL_HRTIM_WaveformOutputStop
 2713              	.LVL67:
  64:Core/Src/PowerManager.cpp ****   Buzzer::play(200, 200);
 2714              	 .loc 1 64 3 is_stmt 1 view .LVU889
  64:Core/Src/PowerManager.cpp ****   Buzzer::play(200, 200);
 2715              	 .loc 1 64 26 is_stmt 0 view .LVU890
 2716 0732 1E4B     	 ldr r3,.L261+12
  65:Core/Src/PowerManager.cpp **** }
 2717              	 .loc 1 65 15 view .LVU891
 2718 0734 C821     	 movs r1,#200
  64:Core/Src/PowerManager.cpp ****   Buzzer::play(200, 200);
 2719              	 .loc 1 64 26 view .LVU892
 2720 0736 0022     	 movs r2,#0
  65:Core/Src/PowerManager.cpp **** }
 2721              	 .loc 1 65 15 view .LVU893
 2722 0738 0846     	 mov r0,r1
  64:Core/Src/PowerManager.cpp ****   Buzzer::play(200, 200);
 2723              	 .loc 1 64 26 view .LVU894
 2724 073a 5A70     	 strb r2,[r3,#1]
  65:Core/Src/PowerManager.cpp **** }
 2725              	 .loc 1 65 3 is_stmt 1 view .LVU895
  65:Core/Src/PowerManager.cpp **** }
 2726              	 .loc 1 65 15 is_stmt 0 view .LVU896
 2727 073c FFF7FEFF 	 bl _ZN6Buzzer4playEtt
 2728              	.LVL68:
 2729              	.LBE151:
 2730              	.LBE150:
 531:Core/Src/PowerManager.cpp ****       errorData.errorLevel = ERROR_RECOVER_MANUAL;
 2731              	 .loc 1 531 7 is_stmt 1 view .LVU897
 531:Core/Src/PowerManager.cpp ****       errorData.errorLevel = ERROR_RECOVER_MANUAL;
 2732              	 .loc 1 531 27 is_stmt 0 view .LVU898
 2733 0740 2B88     	 ldrh r3,[r5]
 534:Core/Src/PowerManager.cpp ****     }
ARM GAS   			page 73


 2734              	 .loc 1 534 32 view .LVU899
 2735 0742 D4ED1E7A 	 vldr.32 s15,[r4,#120]
 533:Core/Src/PowerManager.cpp ****       errorData.errorCurrent = -adcData.iA;
 2736              	 .loc 1 533 30 view .LVU900
 2737 0746 D4F88820 	 ldr r2,[r4,#136]
 2738 074a 6A61     	 str r2,[r5,#20]
 532:Core/Src/PowerManager.cpp ****       errorData.errorVoltage = adcData.vA;
 2739              	 .loc 1 532 28 view .LVU901
 2740 074c 0221     	 movs r1,#2
 531:Core/Src/PowerManager.cpp ****       errorData.errorLevel = ERROR_RECOVER_MANUAL;
 2741              	 .loc 1 531 27 view .LVU902
 2742 074e 43F00403 	 orr r3,r3,#4
 534:Core/Src/PowerManager.cpp ****     }
 2743              	 .loc 1 534 32 view .LVU903
 2744 0752 F1EE677A 	 vneg.f32 s15,s15
 531:Core/Src/PowerManager.cpp ****       errorData.errorLevel = ERROR_RECOVER_MANUAL;
 2745              	 .loc 1 531 27 view .LVU904
 2746 0756 2B80     	 strh r3,[r5]
 532:Core/Src/PowerManager.cpp ****       errorData.errorVoltage = adcData.vA;
 2747              	 .loc 1 532 7 is_stmt 1 view .LVU905
 532:Core/Src/PowerManager.cpp ****       errorData.errorVoltage = adcData.vA;
 2748              	 .loc 1 532 28 is_stmt 0 view .LVU906
 2749 0758 2973     	 strb r1,[r5,#12]
 533:Core/Src/PowerManager.cpp ****       errorData.errorCurrent = -adcData.iA;
 2750              	 .loc 1 533 7 is_stmt 1 view .LVU907
 534:Core/Src/PowerManager.cpp ****     }
 2751              	 .loc 1 534 7 view .LVU908
 534:Core/Src/PowerManager.cpp ****     }
 2752              	 .loc 1 534 30 is_stmt 0 view .LVU909
 2753 075a C5ED067A 	 vstr.32 s15,[r5,#24]
 2754 075e B7E7     	 b .L249
 2755              	.L260:
 547:Core/Src/PowerManager.cpp ****       errorData.errorCode |= ERROR_SCP_B;
 2756              	 .loc 1 547 7 is_stmt 1 view .LVU910
 2757              	.LBB152:
 2758              	.LBI152:
  61:Core/Src/PowerManager.cpp ****   HAL_HRTIM_WaveformOutputStop(&hhrtim1, HRTIM_OUTPUT_TA1 + HRTIM_OUTPUT_TA2);
 2759              	 .loc 1 61 6 view .LVU911
 2760              	.LBB153:
  62:Core/Src/PowerManager.cpp ****   HAL_HRTIM_WaveformOutputStop(&hhrtim1, HRTIM_OUTPUT_TB1 + HRTIM_OUTPUT_TB2);
 2761              	 .loc 1 62 3 view .LVU912
  62:Core/Src/PowerManager.cpp ****   HAL_HRTIM_WaveformOutputStop(&hhrtim1, HRTIM_OUTPUT_TB1 + HRTIM_OUTPUT_TB2);
 2762              	 .loc 1 62 31 is_stmt 0 view .LVU913
 2763 0760 0321     	 movs r1,#3
 2764 0762 1148     	 ldr r0,.L261+8
  64:Core/Src/PowerManager.cpp ****   Buzzer::play(200, 200);
 2765              	 .loc 1 64 26 view .LVU914
 2766 0764 114E     	 ldr r6,.L261+12
  62:Core/Src/PowerManager.cpp ****   HAL_HRTIM_WaveformOutputStop(&hhrtim1, HRTIM_OUTPUT_TB1 + HRTIM_OUTPUT_TB2);
 2767              	 .loc 1 62 31 view .LVU915
 2768 0766 FFF7FEFF 	 bl HAL_HRTIM_WaveformOutputStop
 2769              	.LVL69:
  63:Core/Src/PowerManager.cpp ****   psData.outputABEnabled = 0;
 2770              	 .loc 1 63 3 is_stmt 1 view .LVU916
  63:Core/Src/PowerManager.cpp ****   psData.outputABEnabled = 0;
 2771              	 .loc 1 63 31 is_stmt 0 view .LVU917
 2772 076a 0C21     	 movs r1,#12
ARM GAS   			page 74


 2773 076c 0E48     	 ldr r0,.L261+8
 2774 076e FFF7FEFF 	 bl HAL_HRTIM_WaveformOutputStop
 2775              	.LVL70:
  64:Core/Src/PowerManager.cpp ****   Buzzer::play(200, 200);
 2776              	 .loc 1 64 3 is_stmt 1 view .LVU918
  65:Core/Src/PowerManager.cpp **** }
 2777              	 .loc 1 65 15 is_stmt 0 view .LVU919
 2778 0772 C821     	 movs r1,#200
  64:Core/Src/PowerManager.cpp ****   Buzzer::play(200, 200);
 2779              	 .loc 1 64 26 view .LVU920
 2780 0774 0023     	 movs r3,#0
  65:Core/Src/PowerManager.cpp **** }
 2781              	 .loc 1 65 15 view .LVU921
 2782 0776 0846     	 mov r0,r1
  64:Core/Src/PowerManager.cpp ****   Buzzer::play(200, 200);
 2783              	 .loc 1 64 26 view .LVU922
 2784 0778 7370     	 strb r3,[r6,#1]
  65:Core/Src/PowerManager.cpp **** }
 2785              	 .loc 1 65 3 is_stmt 1 view .LVU923
  65:Core/Src/PowerManager.cpp **** }
 2786              	 .loc 1 65 15 is_stmt 0 view .LVU924
 2787 077a FFF7FEFF 	 bl _ZN6Buzzer4playEtt
 2788              	.LVL71:
 2789              	.LBE153:
 2790              	.LBE152:
 548:Core/Src/PowerManager.cpp ****       errorData.errorLevel = ERROR_RECOVER_MANUAL;
 2791              	 .loc 1 548 7 is_stmt 1 view .LVU925
 550:Core/Src/PowerManager.cpp ****       errorData.errorCurrent = adcData.iB;
 2792              	 .loc 1 550 30 is_stmt 0 view .LVU926
 2793 077e 337D     	 ldrb r3,[r6,#20]
 551:Core/Src/PowerManager.cpp ****     }
 2794              	 .loc 1 551 30 view .LVU927
 2795 0780 E26F     	 ldr r2,[r4,#124]
 2796 0782 AA61     	 str r2,[r5,#24]
 550:Core/Src/PowerManager.cpp ****       errorData.errorCurrent = adcData.iB;
 2797              	 .loc 1 550 30 view .LVU928
 2798 0784 07EE903A 	 vmov s15,r3
 548:Core/Src/PowerManager.cpp ****       errorData.errorLevel = ERROR_RECOVER_MANUAL;
 2799              	 .loc 1 548 27 view .LVU929
 2800 0788 2B88     	 ldrh r3,[r5]
 550:Core/Src/PowerManager.cpp ****       errorData.errorCurrent = adcData.iB;
 2801              	 .loc 1 550 30 view .LVU930
 2802 078a F8EE677A 	 vcvt.f32.u32 s15,s15
 549:Core/Src/PowerManager.cpp ****       errorData.errorVoltage = psData.softStartCnt; // adcData.vB;
 2803              	 .loc 1 549 28 view .LVU931
 2804 078e 0221     	 movs r1,#2
 548:Core/Src/PowerManager.cpp ****       errorData.errorLevel = ERROR_RECOVER_MANUAL;
 2805              	 .loc 1 548 27 view .LVU932
 2806 0790 43F00803 	 orr r3,r3,#8
 2807 0794 2B80     	 strh r3,[r5]
 549:Core/Src/PowerManager.cpp ****       errorData.errorVoltage = psData.softStartCnt; // adcData.vB;
 2808              	 .loc 1 549 7 is_stmt 1 view .LVU933
 549:Core/Src/PowerManager.cpp ****       errorData.errorVoltage = psData.softStartCnt; // adcData.vB;
 2809              	 .loc 1 549 28 is_stmt 0 view .LVU934
 2810 0796 2973     	 strb r1,[r5,#12]
 550:Core/Src/PowerManager.cpp ****       errorData.errorCurrent = adcData.iB;
 2811              	 .loc 1 550 7 is_stmt 1 view .LVU935
ARM GAS   			page 75


 550:Core/Src/PowerManager.cpp ****       errorData.errorCurrent = adcData.iB;
 2812              	 .loc 1 550 30 is_stmt 0 view .LVU936
 2813 0798 C5ED057A 	 vstr.32 s15,[r5,#20]
 551:Core/Src/PowerManager.cpp ****     }
 2814              	 .loc 1 551 7 is_stmt 1 view .LVU937
 554:Core/Src/PowerManager.cpp **** 
 2815              	 .loc 1 554 1 is_stmt 0 view .LVU938
 2816 079c 70BD     	 pop {r4,r5,r6,pc}
 2817              	.L262:
 2818 079e 00BF     	 .align 2
 2819              	.L261:
 2820 07a0 00000000 	 .word adcData
 2821 07a4 00000000 	 .word errorData
 2822 07a8 00000000 	 .word hhrtim1
 2823 07ac 00000000 	 .word psData
 2824              	 .cfi_endproc
 2825              	.LFE636:
 2827              	 .align 1
 2828              	 .p2align 2,,3
 2829              	 .global _ZN10Protection15checkEfficiencyEv
 2830              	 .syntax unified
 2831              	 .thumb
 2832              	 .thumb_func
 2834              	_ZN10Protection15checkEfficiencyEv:
 2835              	.LFB637:
 556:Core/Src/PowerManager.cpp ****   if (adcData.iA > 0.5f)
 2836              	 .loc 1 556 65 is_stmt 1 view-0
 2837              	 .cfi_startproc
 2838              	 
 2839              	 
 2840              	 
 557:Core/Src/PowerManager.cpp ****     psData.efficiency = (adcData.vB * adcData.iB) / (adcData.vA * adcData.iA);
 2841              	 .loc 1 557 3 view .LVU940
 557:Core/Src/PowerManager.cpp ****     psData.efficiency = (adcData.vB * adcData.iB) / (adcData.vA * adcData.iA);
 2842              	 .loc 1 557 15 is_stmt 0 view .LVU941
 2843 07b0 184B     	 ldr r3,.L271
 2844 07b2 D3ED1E7A 	 vldr.32 s15,[r3,#120]
 557:Core/Src/PowerManager.cpp ****     psData.efficiency = (adcData.vB * adcData.iB) / (adcData.vA * adcData.iA);
 2845              	 .loc 1 557 3 view .LVU942
 2846 07b6 B6EE007A 	 vmov.f32 s14,#5.0e-1
 2847 07ba F4EEC77A 	 vcmpe.f32 s15,s14
 2848 07be F1EE10FA 	 vmrs APSR_nzcv,FPSCR
 2849 07c2 0FDD     	 ble .L270
 558:Core/Src/PowerManager.cpp ****   else if (adcData.iA < -0.5f)
 2850              	 .loc 1 558 5 is_stmt 1 view .LVU943
 558:Core/Src/PowerManager.cpp ****   else if (adcData.iA < -0.5f)
 2851              	 .loc 1 558 65 is_stmt 0 view .LVU944
 2852 07c4 D3ED226A 	 vldr.32 s13,[r3,#136]
 558:Core/Src/PowerManager.cpp ****   else if (adcData.iA < -0.5f)
 2853              	 .loc 1 558 37 view .LVU945
 2854 07c8 93ED237A 	 vldr.32 s14,[r3,#140]
 2855 07cc 93ED1F6A 	 vldr.32 s12,[r3,#124]
 558:Core/Src/PowerManager.cpp ****   else if (adcData.iA < -0.5f)
 2856              	 .loc 1 558 23 view .LVU946
 2857 07d0 114B     	 ldr r3,.L271+4
 558:Core/Src/PowerManager.cpp ****   else if (adcData.iA < -0.5f)
 2858              	 .loc 1 558 37 view .LVU947
ARM GAS   			page 76


 2859 07d2 27EE067A 	 vmul.f32 s14,s14,s12
 558:Core/Src/PowerManager.cpp ****   else if (adcData.iA < -0.5f)
 2860              	 .loc 1 558 65 view .LVU948
 2861 07d6 67EEA67A 	 vmul.f32 s15,s15,s13
 558:Core/Src/PowerManager.cpp ****   else if (adcData.iA < -0.5f)
 2862              	 .loc 1 558 51 view .LVU949
 2863 07da C7EE276A 	 vdiv.f32 s13,s14,s15
 558:Core/Src/PowerManager.cpp ****   else if (adcData.iA < -0.5f)
 2864              	 .loc 1 558 23 view .LVU950
 2865 07de C3ED026A 	 vstr.32 s13,[r3,#8]
 2866 07e2 7047     	 bx lr
 2867              	.L270:
 559:Core/Src/PowerManager.cpp ****     psData.efficiency = (adcData.vA * adcData.iA) / (adcData.vB * adcData.iB);
 2868              	 .loc 1 559 8 is_stmt 1 view .LVU951
 2869 07e4 BEEE007A 	 vmov.f32 s14,#-5.0e-1
 2870 07e8 F4EEC77A 	 vcmpe.f32 s15,s14
 2871 07ec F1EE10FA 	 vmrs APSR_nzcv,FPSCR
 2872 07f0 0ED5     	 bpl .L263
 560:Core/Src/PowerManager.cpp **** }
 2873              	 .loc 1 560 5 view .LVU952
 560:Core/Src/PowerManager.cpp **** }
 2874              	 .loc 1 560 65 is_stmt 0 view .LVU953
 2875 07f2 D3ED1F6A 	 vldr.32 s13,[r3,#124]
 560:Core/Src/PowerManager.cpp **** }
 2876              	 .loc 1 560 37 view .LVU954
 2877 07f6 93ED226A 	 vldr.32 s12,[r3,#136]
 560:Core/Src/PowerManager.cpp **** }
 2878              	 .loc 1 560 65 view .LVU955
 2879 07fa 93ED237A 	 vldr.32 s14,[r3,#140]
 560:Core/Src/PowerManager.cpp **** }
 2880              	 .loc 1 560 23 view .LVU956
 2881 07fe 064B     	 ldr r3,.L271+4
 560:Core/Src/PowerManager.cpp **** }
 2882              	 .loc 1 560 37 view .LVU957
 2883 0800 67EE867A 	 vmul.f32 s15,s15,s12
 560:Core/Src/PowerManager.cpp **** }
 2884              	 .loc 1 560 65 view .LVU958
 2885 0804 27EE267A 	 vmul.f32 s14,s14,s13
 560:Core/Src/PowerManager.cpp **** }
 2886              	 .loc 1 560 51 view .LVU959
 2887 0808 C7EE876A 	 vdiv.f32 s13,s15,s14
 560:Core/Src/PowerManager.cpp **** }
 2888              	 .loc 1 560 23 view .LVU960
 2889 080c C3ED026A 	 vstr.32 s13,[r3,#8]
 2890              	.L263:
 561:Core/Src/PowerManager.cpp **** 
 2891              	 .loc 1 561 1 view .LVU961
 2892 0810 7047     	 bx lr
 2893              	.L272:
 2894 0812 00BF     	 .align 2
 2895              	.L271:
 2896 0814 00000000 	 .word adcData
 2897 0818 00000000 	 .word psData
 2898              	 .cfi_endproc
 2899              	.LFE637:
 2901              	 .section .text._ZN10Protection17hrtimFaultHandlerEv,"ax",%progbits
 2902              	 .align 1
ARM GAS   			page 77


 2903              	 .p2align 2,,3
 2904              	 .global _ZN10Protection17hrtimFaultHandlerEv
 2905              	 .syntax unified
 2906              	 .thumb
 2907              	 .thumb_func
 2909              	_ZN10Protection17hrtimFaultHandlerEv:
 2910              	.LFB638:
 564:Core/Src/PowerManager.cpp ****   if (HRTIM1->sCommonRegs.ISR & HRTIM_FLAG_FLT1) // vA过压保护触发
 2911              	 .loc 1 564 1 is_stmt 1 view-0
 2912              	 .cfi_startproc
 2913              	 
 2914              	 
 565:Core/Src/PowerManager.cpp ****   {
 2915              	 .loc 1 565 3 view .LVU963
 564:Core/Src/PowerManager.cpp ****   if (HRTIM1->sCommonRegs.ISR & HRTIM_FLAG_FLT1) // vA过压保护触发
 2916              	 .loc 1 564 1 is_stmt 0 view .LVU964
 2917 0000 08B5     	 push {r3,lr}
 2918              	 .cfi_def_cfa_offset 8
 2919              	 .cfi_offset 3,-8
 2920              	 .cfi_offset 14,-4
 565:Core/Src/PowerManager.cpp ****   {
 2921              	 .loc 1 565 27 view .LVU965
 2922 0002 544B     	 ldr r3,.L297
 2923 0004 D3F88833 	 ldr r3,[r3,#904]
 565:Core/Src/PowerManager.cpp ****   {
 2924              	 .loc 1 565 3 view .LVU966
 2925 0008 DB07     	 lsls r3,r3,#31
 2926 000a 14D4     	 bmi .L292
 571:Core/Src/PowerManager.cpp ****   {
 2927              	 .loc 1 571 3 is_stmt 1 view .LVU967
 571:Core/Src/PowerManager.cpp ****   {
 2928              	 .loc 1 571 27 is_stmt 0 view .LVU968
 2929 000c 514B     	 ldr r3,.L297
 2930 000e D3F88833 	 ldr r3,[r3,#904]
 571:Core/Src/PowerManager.cpp ****   {
 2931              	 .loc 1 571 3 view .LVU969
 2932 0012 9807     	 lsls r0,r3,#30
 2933 0014 2CD4     	 bmi .L293
 2934              	.L275:
 577:Core/Src/PowerManager.cpp ****   {
 2935              	 .loc 1 577 3 is_stmt 1 view .LVU970
 577:Core/Src/PowerManager.cpp ****   {
 2936              	 .loc 1 577 27 is_stmt 0 view .LVU971
 2937 0016 4F4B     	 ldr r3,.L297
 2938 0018 D3F88833 	 ldr r3,[r3,#904]
 577:Core/Src/PowerManager.cpp ****   {
 2939              	 .loc 1 577 3 view .LVU972
 2940 001c 5907     	 lsls r1,r3,#29
 2941 001e 44D4     	 bmi .L294
 2942              	.L276:
 583:Core/Src/PowerManager.cpp ****   {
 2943              	 .loc 1 583 3 is_stmt 1 view .LVU973
 583:Core/Src/PowerManager.cpp ****   {
 2944              	 .loc 1 583 27 is_stmt 0 view .LVU974
 2945 0020 4C4B     	 ldr r3,.L297
 2946 0022 D3F88833 	 ldr r3,[r3,#904]
 583:Core/Src/PowerManager.cpp ****   {
ARM GAS   			page 78


 2947              	 .loc 1 583 3 view .LVU975
 2948 0026 1A07     	 lsls r2,r3,#28
 2949 0028 5CD4     	 bmi .L295
 2950              	.L277:
 589:Core/Src/PowerManager.cpp ****   {
 2951              	 .loc 1 589 3 is_stmt 1 view .LVU976
 589:Core/Src/PowerManager.cpp ****   {
 2952              	 .loc 1 589 27 is_stmt 0 view .LVU977
 2953 002a 4A4B     	 ldr r3,.L297
 2954 002c D3F88833 	 ldr r3,[r3,#904]
 589:Core/Src/PowerManager.cpp ****   {
 2955              	 .loc 1 589 3 view .LVU978
 2956 0030 DB06     	 lsls r3,r3,#27
 2957 0032 74D4     	 bmi .L296
 2958              	.L273:
 595:Core/Src/PowerManager.cpp **** 
 2959              	 .loc 1 595 1 view .LVU979
 2960 0034 08BD     	 pop {r3,pc}
 2961              	.L292:
 567:Core/Src/PowerManager.cpp ****     errorData.errorLevel = ERROR_RECOVER_AUTO;
 2962              	 .loc 1 567 5 is_stmt 1 view .LVU980
 567:Core/Src/PowerManager.cpp ****     errorData.errorLevel = ERROR_RECOVER_AUTO;
 2963              	 .loc 1 567 25 is_stmt 0 view .LVU981
 2964 0036 484B     	 ldr r3,.L297+4
 2965              	.LBB164:
 2966              	.LBB165:
  62:Core/Src/PowerManager.cpp ****   HAL_HRTIM_WaveformOutputStop(&hhrtim1, HRTIM_OUTPUT_TB1 + HRTIM_OUTPUT_TB2);
 2967              	 .loc 1 62 31 view .LVU982
 2968 0038 4848     	 ldr r0,.L297+8
 2969              	.LBE165:
 2970              	.LBE164:
 567:Core/Src/PowerManager.cpp ****     errorData.errorLevel = ERROR_RECOVER_AUTO;
 2971              	 .loc 1 567 25 view .LVU983
 2972 003a 1A88     	 ldrh r2,[r3]
 568:Core/Src/PowerManager.cpp ****     HRTIM::disableOutputAB();
 2973              	 .loc 1 568 26 view .LVU984
 2974 003c 4FF0010C 	 mov ip,#1
 567:Core/Src/PowerManager.cpp ****     errorData.errorLevel = ERROR_RECOVER_AUTO;
 2975              	 .loc 1 567 25 view .LVU985
 2976 0040 42F08002 	 orr r2,r2,#128
 2977              	.LBB168:
 2978              	.LBB166:
  62:Core/Src/PowerManager.cpp ****   HAL_HRTIM_WaveformOutputStop(&hhrtim1, HRTIM_OUTPUT_TB1 + HRTIM_OUTPUT_TB2);
 2979              	 .loc 1 62 31 view .LVU986
 2980 0044 0321     	 movs r1,#3
 2981              	.LBE166:
 2982              	.LBE168:
 567:Core/Src/PowerManager.cpp ****     errorData.errorLevel = ERROR_RECOVER_AUTO;
 2983              	 .loc 1 567 25 view .LVU987
 2984 0046 1A80     	 strh r2,[r3]
 568:Core/Src/PowerManager.cpp ****     HRTIM::disableOutputAB();
 2985              	 .loc 1 568 5 is_stmt 1 view .LVU988
 568:Core/Src/PowerManager.cpp ****     HRTIM::disableOutputAB();
 2986              	 .loc 1 568 26 is_stmt 0 view .LVU989
 2987 0048 83F80CC0 	 strb ip,[r3,#12]
 569:Core/Src/PowerManager.cpp ****   }
 2988              	 .loc 1 569 5 is_stmt 1 view .LVU990
ARM GAS   			page 79


 2989              	.LBB169:
 2990              	.LBI164:
  61:Core/Src/PowerManager.cpp ****   HAL_HRTIM_WaveformOutputStop(&hhrtim1, HRTIM_OUTPUT_TA1 + HRTIM_OUTPUT_TA2);
 2991              	 .loc 1 61 6 view .LVU991
 2992              	.LBB167:
  62:Core/Src/PowerManager.cpp ****   HAL_HRTIM_WaveformOutputStop(&hhrtim1, HRTIM_OUTPUT_TB1 + HRTIM_OUTPUT_TB2);
 2993              	 .loc 1 62 3 view .LVU992
  62:Core/Src/PowerManager.cpp ****   HAL_HRTIM_WaveformOutputStop(&hhrtim1, HRTIM_OUTPUT_TB1 + HRTIM_OUTPUT_TB2);
 2994              	 .loc 1 62 31 is_stmt 0 view .LVU993
 2995 004c FFF7FEFF 	 bl HAL_HRTIM_WaveformOutputStop
 2996              	.LVL72:
  63:Core/Src/PowerManager.cpp ****   psData.outputABEnabled = 0;
 2997              	 .loc 1 63 3 is_stmt 1 view .LVU994
  63:Core/Src/PowerManager.cpp ****   psData.outputABEnabled = 0;
 2998              	 .loc 1 63 31 is_stmt 0 view .LVU995
 2999 0050 0C21     	 movs r1,#12
 3000 0052 4248     	 ldr r0,.L297+8
 3001 0054 FFF7FEFF 	 bl HAL_HRTIM_WaveformOutputStop
 3002              	.LVL73:
  64:Core/Src/PowerManager.cpp ****   Buzzer::play(200, 200);
 3003              	 .loc 1 64 3 is_stmt 1 view .LVU996
  64:Core/Src/PowerManager.cpp ****   Buzzer::play(200, 200);
 3004              	 .loc 1 64 26 is_stmt 0 view .LVU997
 3005 0058 414B     	 ldr r3,.L297+12
  65:Core/Src/PowerManager.cpp **** }
 3006              	 .loc 1 65 15 view .LVU998
 3007 005a C821     	 movs r1,#200
  64:Core/Src/PowerManager.cpp ****   Buzzer::play(200, 200);
 3008              	 .loc 1 64 26 view .LVU999
 3009 005c 0022     	 movs r2,#0
  65:Core/Src/PowerManager.cpp **** }
 3010              	 .loc 1 65 15 view .LVU1000
 3011 005e 0846     	 mov r0,r1
  64:Core/Src/PowerManager.cpp ****   Buzzer::play(200, 200);
 3012              	 .loc 1 64 26 view .LVU1001
 3013 0060 5A70     	 strb r2,[r3,#1]
  65:Core/Src/PowerManager.cpp **** }
 3014              	 .loc 1 65 3 is_stmt 1 view .LVU1002
  65:Core/Src/PowerManager.cpp **** }
 3015              	 .loc 1 65 15 is_stmt 0 view .LVU1003
 3016 0062 FFF7FEFF 	 bl _ZN6Buzzer4playEtt
 3017              	.LVL74:
 3018              	.LBE167:
 3019              	.LBE169:
 571:Core/Src/PowerManager.cpp ****   {
 3020              	 .loc 1 571 3 is_stmt 1 view .LVU1004
 571:Core/Src/PowerManager.cpp ****   {
 3021              	 .loc 1 571 27 is_stmt 0 view .LVU1005
 3022 0066 3B4B     	 ldr r3,.L297
 3023 0068 D3F88833 	 ldr r3,[r3,#904]
 571:Core/Src/PowerManager.cpp ****   {
 3024              	 .loc 1 571 3 view .LVU1006
 3025 006c 9807     	 lsls r0,r3,#30
 3026 006e D2D5     	 bpl .L275
 3027              	.L293:
 573:Core/Src/PowerManager.cpp ****     errorData.errorLevel = ERROR_RECOVER_AUTO;
 3028              	 .loc 1 573 5 is_stmt 1 view .LVU1007
ARM GAS   			page 80


 573:Core/Src/PowerManager.cpp ****     errorData.errorLevel = ERROR_RECOVER_AUTO;
 3029              	 .loc 1 573 25 is_stmt 0 view .LVU1008
 3030 0070 394B     	 ldr r3,.L297+4
 3031              	.LBB170:
 3032              	.LBB171:
  62:Core/Src/PowerManager.cpp ****   HAL_HRTIM_WaveformOutputStop(&hhrtim1, HRTIM_OUTPUT_TB1 + HRTIM_OUTPUT_TB2);
 3033              	 .loc 1 62 31 view .LVU1009
 3034 0072 3A48     	 ldr r0,.L297+8
 3035              	.LBE171:
 3036              	.LBE170:
 573:Core/Src/PowerManager.cpp ****     errorData.errorLevel = ERROR_RECOVER_AUTO;
 3037              	 .loc 1 573 25 view .LVU1010
 3038 0074 1A88     	 ldrh r2,[r3]
 574:Core/Src/PowerManager.cpp ****     HRTIM::disableOutputAB();
 3039              	 .loc 1 574 26 view .LVU1011
 3040 0076 4FF0010C 	 mov ip,#1
 573:Core/Src/PowerManager.cpp ****     errorData.errorLevel = ERROR_RECOVER_AUTO;
 3041              	 .loc 1 573 25 view .LVU1012
 3042 007a 42F01002 	 orr r2,r2,#16
 3043              	.LBB174:
 3044              	.LBB172:
  62:Core/Src/PowerManager.cpp ****   HAL_HRTIM_WaveformOutputStop(&hhrtim1, HRTIM_OUTPUT_TB1 + HRTIM_OUTPUT_TB2);
 3045              	 .loc 1 62 31 view .LVU1013
 3046 007e 0321     	 movs r1,#3
 3047              	.LBE172:
 3048              	.LBE174:
 573:Core/Src/PowerManager.cpp ****     errorData.errorLevel = ERROR_RECOVER_AUTO;
 3049              	 .loc 1 573 25 view .LVU1014
 3050 0080 1A80     	 strh r2,[r3]
 574:Core/Src/PowerManager.cpp ****     HRTIM::disableOutputAB();
 3051              	 .loc 1 574 5 is_stmt 1 view .LVU1015
 574:Core/Src/PowerManager.cpp ****     HRTIM::disableOutputAB();
 3052              	 .loc 1 574 26 is_stmt 0 view .LVU1016
 3053 0082 83F80CC0 	 strb ip,[r3,#12]
 575:Core/Src/PowerManager.cpp ****   }
 3054              	 .loc 1 575 5 is_stmt 1 view .LVU1017
 3055              	.LBB175:
 3056              	.LBI170:
  61:Core/Src/PowerManager.cpp ****   HAL_HRTIM_WaveformOutputStop(&hhrtim1, HRTIM_OUTPUT_TA1 + HRTIM_OUTPUT_TA2);
 3057              	 .loc 1 61 6 view .LVU1018
 3058              	.LBB173:
  62:Core/Src/PowerManager.cpp ****   HAL_HRTIM_WaveformOutputStop(&hhrtim1, HRTIM_OUTPUT_TB1 + HRTIM_OUTPUT_TB2);
 3059              	 .loc 1 62 3 view .LVU1019
  62:Core/Src/PowerManager.cpp ****   HAL_HRTIM_WaveformOutputStop(&hhrtim1, HRTIM_OUTPUT_TB1 + HRTIM_OUTPUT_TB2);
 3060              	 .loc 1 62 31 is_stmt 0 view .LVU1020
 3061 0086 FFF7FEFF 	 bl HAL_HRTIM_WaveformOutputStop
 3062              	.LVL75:
  63:Core/Src/PowerManager.cpp ****   psData.outputABEnabled = 0;
 3063              	 .loc 1 63 3 is_stmt 1 view .LVU1021
  63:Core/Src/PowerManager.cpp ****   psData.outputABEnabled = 0;
 3064              	 .loc 1 63 31 is_stmt 0 view .LVU1022
 3065 008a 0C21     	 movs r1,#12
 3066 008c 3348     	 ldr r0,.L297+8
 3067 008e FFF7FEFF 	 bl HAL_HRTIM_WaveformOutputStop
 3068              	.LVL76:
  64:Core/Src/PowerManager.cpp ****   Buzzer::play(200, 200);
 3069              	 .loc 1 64 3 is_stmt 1 view .LVU1023
ARM GAS   			page 81


  64:Core/Src/PowerManager.cpp ****   Buzzer::play(200, 200);
 3070              	 .loc 1 64 26 is_stmt 0 view .LVU1024
 3071 0092 334B     	 ldr r3,.L297+12
  65:Core/Src/PowerManager.cpp **** }
 3072              	 .loc 1 65 15 view .LVU1025
 3073 0094 C821     	 movs r1,#200
  64:Core/Src/PowerManager.cpp ****   Buzzer::play(200, 200);
 3074              	 .loc 1 64 26 view .LVU1026
 3075 0096 0022     	 movs r2,#0
  65:Core/Src/PowerManager.cpp **** }
 3076              	 .loc 1 65 15 view .LVU1027
 3077 0098 0846     	 mov r0,r1
  64:Core/Src/PowerManager.cpp ****   Buzzer::play(200, 200);
 3078              	 .loc 1 64 26 view .LVU1028
 3079 009a 5A70     	 strb r2,[r3,#1]
  65:Core/Src/PowerManager.cpp **** }
 3080              	 .loc 1 65 3 is_stmt 1 view .LVU1029
  65:Core/Src/PowerManager.cpp **** }
 3081              	 .loc 1 65 15 is_stmt 0 view .LVU1030
 3082 009c FFF7FEFF 	 bl _ZN6Buzzer4playEtt
 3083              	.LVL77:
 3084              	.LBE173:
 3085              	.LBE175:
 577:Core/Src/PowerManager.cpp ****   {
 3086              	 .loc 1 577 3 is_stmt 1 view .LVU1031
 577:Core/Src/PowerManager.cpp ****   {
 3087              	 .loc 1 577 27 is_stmt 0 view .LVU1032
 3088 00a0 2C4B     	 ldr r3,.L297
 3089 00a2 D3F88833 	 ldr r3,[r3,#904]
 577:Core/Src/PowerManager.cpp ****   {
 3090              	 .loc 1 577 3 view .LVU1033
 3091 00a6 5907     	 lsls r1,r3,#29
 3092 00a8 BAD5     	 bpl .L276
 3093              	.L294:
 579:Core/Src/PowerManager.cpp ****     errorData.errorLevel = ERROR_RECOVER_AUTO;
 3094              	 .loc 1 579 5 is_stmt 1 view .LVU1034
 579:Core/Src/PowerManager.cpp ****     errorData.errorLevel = ERROR_RECOVER_AUTO;
 3095              	 .loc 1 579 25 is_stmt 0 view .LVU1035
 3096 00aa 2B4B     	 ldr r3,.L297+4
 3097              	.LBB176:
 3098              	.LBB177:
  62:Core/Src/PowerManager.cpp ****   HAL_HRTIM_WaveformOutputStop(&hhrtim1, HRTIM_OUTPUT_TB1 + HRTIM_OUTPUT_TB2);
 3099              	 .loc 1 62 31 view .LVU1036
 3100 00ac 2B48     	 ldr r0,.L297+8
 3101              	.LBE177:
 3102              	.LBE176:
 579:Core/Src/PowerManager.cpp ****     errorData.errorLevel = ERROR_RECOVER_AUTO;
 3103              	 .loc 1 579 25 view .LVU1037
 3104 00ae 1A88     	 ldrh r2,[r3]
 580:Core/Src/PowerManager.cpp ****     HRTIM::disableOutputAB();
 3105              	 .loc 1 580 26 view .LVU1038
 3106 00b0 4FF0010C 	 mov ip,#1
 579:Core/Src/PowerManager.cpp ****     errorData.errorLevel = ERROR_RECOVER_AUTO;
 3107              	 .loc 1 579 25 view .LVU1039
 3108 00b4 42F04002 	 orr r2,r2,#64
 3109              	.LBB180:
 3110              	.LBB178:
ARM GAS   			page 82


  62:Core/Src/PowerManager.cpp ****   HAL_HRTIM_WaveformOutputStop(&hhrtim1, HRTIM_OUTPUT_TB1 + HRTIM_OUTPUT_TB2);
 3111              	 .loc 1 62 31 view .LVU1040
 3112 00b8 0321     	 movs r1,#3
 3113              	.LBE178:
 3114              	.LBE180:
 579:Core/Src/PowerManager.cpp ****     errorData.errorLevel = ERROR_RECOVER_AUTO;
 3115              	 .loc 1 579 25 view .LVU1041
 3116 00ba 1A80     	 strh r2,[r3]
 580:Core/Src/PowerManager.cpp ****     HRTIM::disableOutputAB();
 3117              	 .loc 1 580 5 is_stmt 1 view .LVU1042
 580:Core/Src/PowerManager.cpp ****     HRTIM::disableOutputAB();
 3118              	 .loc 1 580 26 is_stmt 0 view .LVU1043
 3119 00bc 83F80CC0 	 strb ip,[r3,#12]
 581:Core/Src/PowerManager.cpp ****   }
 3120              	 .loc 1 581 5 is_stmt 1 view .LVU1044
 3121              	.LBB181:
 3122              	.LBI176:
  61:Core/Src/PowerManager.cpp ****   HAL_HRTIM_WaveformOutputStop(&hhrtim1, HRTIM_OUTPUT_TA1 + HRTIM_OUTPUT_TA2);
 3123              	 .loc 1 61 6 view .LVU1045
 3124              	.LBB179:
  62:Core/Src/PowerManager.cpp ****   HAL_HRTIM_WaveformOutputStop(&hhrtim1, HRTIM_OUTPUT_TB1 + HRTIM_OUTPUT_TB2);
 3125              	 .loc 1 62 3 view .LVU1046
  62:Core/Src/PowerManager.cpp ****   HAL_HRTIM_WaveformOutputStop(&hhrtim1, HRTIM_OUTPUT_TB1 + HRTIM_OUTPUT_TB2);
 3126              	 .loc 1 62 31 is_stmt 0 view .LVU1047
 3127 00c0 FFF7FEFF 	 bl HAL_HRTIM_WaveformOutputStop
 3128              	.LVL78:
  63:Core/Src/PowerManager.cpp ****   psData.outputABEnabled = 0;
 3129              	 .loc 1 63 3 is_stmt 1 view .LVU1048
  63:Core/Src/PowerManager.cpp ****   psData.outputABEnabled = 0;
 3130              	 .loc 1 63 31 is_stmt 0 view .LVU1049
 3131 00c4 0C21     	 movs r1,#12
 3132 00c6 2548     	 ldr r0,.L297+8
 3133 00c8 FFF7FEFF 	 bl HAL_HRTIM_WaveformOutputStop
 3134              	.LVL79:
  64:Core/Src/PowerManager.cpp ****   Buzzer::play(200, 200);
 3135              	 .loc 1 64 3 is_stmt 1 view .LVU1050
  64:Core/Src/PowerManager.cpp ****   Buzzer::play(200, 200);
 3136              	 .loc 1 64 26 is_stmt 0 view .LVU1051
 3137 00cc 244B     	 ldr r3,.L297+12
  65:Core/Src/PowerManager.cpp **** }
 3138              	 .loc 1 65 15 view .LVU1052
 3139 00ce C821     	 movs r1,#200
  64:Core/Src/PowerManager.cpp ****   Buzzer::play(200, 200);
 3140              	 .loc 1 64 26 view .LVU1053
 3141 00d0 0022     	 movs r2,#0
  65:Core/Src/PowerManager.cpp **** }
 3142              	 .loc 1 65 15 view .LVU1054
 3143 00d2 0846     	 mov r0,r1
  64:Core/Src/PowerManager.cpp ****   Buzzer::play(200, 200);
 3144              	 .loc 1 64 26 view .LVU1055
 3145 00d4 5A70     	 strb r2,[r3,#1]
  65:Core/Src/PowerManager.cpp **** }
 3146              	 .loc 1 65 3 is_stmt 1 view .LVU1056
  65:Core/Src/PowerManager.cpp **** }
 3147              	 .loc 1 65 15 is_stmt 0 view .LVU1057
 3148 00d6 FFF7FEFF 	 bl _ZN6Buzzer4playEtt
 3149              	.LVL80:
ARM GAS   			page 83


 3150              	.LBE179:
 3151              	.LBE181:
 583:Core/Src/PowerManager.cpp ****   {
 3152              	 .loc 1 583 3 is_stmt 1 view .LVU1058
 583:Core/Src/PowerManager.cpp ****   {
 3153              	 .loc 1 583 27 is_stmt 0 view .LVU1059
 3154 00da 1E4B     	 ldr r3,.L297
 3155 00dc D3F88833 	 ldr r3,[r3,#904]
 583:Core/Src/PowerManager.cpp ****   {
 3156              	 .loc 1 583 3 view .LVU1060
 3157 00e0 1A07     	 lsls r2,r3,#28
 3158 00e2 A2D5     	 bpl .L277
 3159              	.L295:
 585:Core/Src/PowerManager.cpp ****     errorData.errorLevel = ERROR_RECOVER_AUTO;
 3160              	 .loc 1 585 5 is_stmt 1 view .LVU1061
 585:Core/Src/PowerManager.cpp ****     errorData.errorLevel = ERROR_RECOVER_AUTO;
 3161              	 .loc 1 585 25 is_stmt 0 view .LVU1062
 3162 00e4 1C4B     	 ldr r3,.L297+4
 3163              	.LBB182:
 3164              	.LBB183:
  62:Core/Src/PowerManager.cpp ****   HAL_HRTIM_WaveformOutputStop(&hhrtim1, HRTIM_OUTPUT_TB1 + HRTIM_OUTPUT_TB2);
 3165              	 .loc 1 62 31 view .LVU1063
 3166 00e6 1D48     	 ldr r0,.L297+8
 3167              	.LBE183:
 3168              	.LBE182:
 585:Core/Src/PowerManager.cpp ****     errorData.errorLevel = ERROR_RECOVER_AUTO;
 3169              	 .loc 1 585 25 view .LVU1064
 3170 00e8 1A88     	 ldrh r2,[r3]
 586:Core/Src/PowerManager.cpp ****     HRTIM::disableOutputAB();
 3171              	 .loc 1 586 26 view .LVU1065
 3172 00ea 4FF0010C 	 mov ip,#1
 585:Core/Src/PowerManager.cpp ****     errorData.errorLevel = ERROR_RECOVER_AUTO;
 3173              	 .loc 1 585 25 view .LVU1066
 3174 00ee 42F48072 	 orr r2,r2,#256
 3175              	.LBB186:
 3176              	.LBB184:
  62:Core/Src/PowerManager.cpp ****   HAL_HRTIM_WaveformOutputStop(&hhrtim1, HRTIM_OUTPUT_TB1 + HRTIM_OUTPUT_TB2);
 3177              	 .loc 1 62 31 view .LVU1067
 3178 00f2 0321     	 movs r1,#3
 3179              	.LBE184:
 3180              	.LBE186:
 585:Core/Src/PowerManager.cpp ****     errorData.errorLevel = ERROR_RECOVER_AUTO;
 3181              	 .loc 1 585 25 view .LVU1068
 3182 00f4 1A80     	 strh r2,[r3]
 586:Core/Src/PowerManager.cpp ****     HRTIM::disableOutputAB();
 3183              	 .loc 1 586 5 is_stmt 1 view .LVU1069
 586:Core/Src/PowerManager.cpp ****     HRTIM::disableOutputAB();
 3184              	 .loc 1 586 26 is_stmt 0 view .LVU1070
 3185 00f6 83F80CC0 	 strb ip,[r3,#12]
 587:Core/Src/PowerManager.cpp ****   }
 3186              	 .loc 1 587 5 is_stmt 1 view .LVU1071
 3187              	.LBB187:
 3188              	.LBI182:
  61:Core/Src/PowerManager.cpp ****   HAL_HRTIM_WaveformOutputStop(&hhrtim1, HRTIM_OUTPUT_TA1 + HRTIM_OUTPUT_TA2);
 3189              	 .loc 1 61 6 view .LVU1072
 3190              	.LBB185:
  62:Core/Src/PowerManager.cpp ****   HAL_HRTIM_WaveformOutputStop(&hhrtim1, HRTIM_OUTPUT_TB1 + HRTIM_OUTPUT_TB2);
ARM GAS   			page 84


 3191              	 .loc 1 62 3 view .LVU1073
  62:Core/Src/PowerManager.cpp ****   HAL_HRTIM_WaveformOutputStop(&hhrtim1, HRTIM_OUTPUT_TB1 + HRTIM_OUTPUT_TB2);
 3192              	 .loc 1 62 31 is_stmt 0 view .LVU1074
 3193 00fa FFF7FEFF 	 bl HAL_HRTIM_WaveformOutputStop
 3194              	.LVL81:
  63:Core/Src/PowerManager.cpp ****   psData.outputABEnabled = 0;
 3195              	 .loc 1 63 3 is_stmt 1 view .LVU1075
  63:Core/Src/PowerManager.cpp ****   psData.outputABEnabled = 0;
 3196              	 .loc 1 63 31 is_stmt 0 view .LVU1076
 3197 00fe 0C21     	 movs r1,#12
 3198 0100 1648     	 ldr r0,.L297+8
 3199 0102 FFF7FEFF 	 bl HAL_HRTIM_WaveformOutputStop
 3200              	.LVL82:
  64:Core/Src/PowerManager.cpp ****   Buzzer::play(200, 200);
 3201              	 .loc 1 64 3 is_stmt 1 view .LVU1077
  64:Core/Src/PowerManager.cpp ****   Buzzer::play(200, 200);
 3202              	 .loc 1 64 26 is_stmt 0 view .LVU1078
 3203 0106 164B     	 ldr r3,.L297+12
  65:Core/Src/PowerManager.cpp **** }
 3204              	 .loc 1 65 15 view .LVU1079
 3205 0108 C821     	 movs r1,#200
  64:Core/Src/PowerManager.cpp ****   Buzzer::play(200, 200);
 3206              	 .loc 1 64 26 view .LVU1080
 3207 010a 0022     	 movs r2,#0
  65:Core/Src/PowerManager.cpp **** }
 3208              	 .loc 1 65 15 view .LVU1081
 3209 010c 0846     	 mov r0,r1
  64:Core/Src/PowerManager.cpp ****   Buzzer::play(200, 200);
 3210              	 .loc 1 64 26 view .LVU1082
 3211 010e 5A70     	 strb r2,[r3,#1]
  65:Core/Src/PowerManager.cpp **** }
 3212              	 .loc 1 65 3 is_stmt 1 view .LVU1083
  65:Core/Src/PowerManager.cpp **** }
 3213              	 .loc 1 65 15 is_stmt 0 view .LVU1084
 3214 0110 FFF7FEFF 	 bl _ZN6Buzzer4playEtt
 3215              	.LVL83:
 3216              	.LBE185:
 3217              	.LBE187:
 589:Core/Src/PowerManager.cpp ****   {
 3218              	 .loc 1 589 3 is_stmt 1 view .LVU1085
 589:Core/Src/PowerManager.cpp ****   {
 3219              	 .loc 1 589 27 is_stmt 0 view .LVU1086
 3220 0114 0F4B     	 ldr r3,.L297
 3221 0116 D3F88833 	 ldr r3,[r3,#904]
 589:Core/Src/PowerManager.cpp ****   {
 3222              	 .loc 1 589 3 view .LVU1087
 3223 011a DB06     	 lsls r3,r3,#27
 3224 011c 8AD5     	 bpl .L273
 3225              	.L296:
 591:Core/Src/PowerManager.cpp ****     errorData.errorLevel = ERROR_RECOVER_AUTO;
 3226              	 .loc 1 591 5 is_stmt 1 view .LVU1088
 591:Core/Src/PowerManager.cpp ****     errorData.errorLevel = ERROR_RECOVER_AUTO;
 3227              	 .loc 1 591 25 is_stmt 0 view .LVU1089
 3228 011e 0E4B     	 ldr r3,.L297+4
 3229              	.LBB188:
 3230              	.LBB189:
  62:Core/Src/PowerManager.cpp ****   HAL_HRTIM_WaveformOutputStop(&hhrtim1, HRTIM_OUTPUT_TB1 + HRTIM_OUTPUT_TB2);
ARM GAS   			page 85


 3231              	 .loc 1 62 31 view .LVU1090
 3232 0120 0E48     	 ldr r0,.L297+8
 3233              	.LBE189:
 3234              	.LBE188:
 591:Core/Src/PowerManager.cpp ****     errorData.errorLevel = ERROR_RECOVER_AUTO;
 3235              	 .loc 1 591 25 view .LVU1091
 3236 0122 1A88     	 ldrh r2,[r3]
 592:Core/Src/PowerManager.cpp ****     HRTIM::disableOutputAB();
 3237              	 .loc 1 592 26 view .LVU1092
 3238 0124 4FF0010C 	 mov ip,#1
 591:Core/Src/PowerManager.cpp ****     errorData.errorLevel = ERROR_RECOVER_AUTO;
 3239              	 .loc 1 591 25 view .LVU1093
 3240 0128 42F02002 	 orr r2,r2,#32
 3241              	.LBB193:
 3242              	.LBB190:
  62:Core/Src/PowerManager.cpp ****   HAL_HRTIM_WaveformOutputStop(&hhrtim1, HRTIM_OUTPUT_TB1 + HRTIM_OUTPUT_TB2);
 3243              	 .loc 1 62 31 view .LVU1094
 3244 012c 0321     	 movs r1,#3
 3245              	.LBE190:
 3246              	.LBE193:
 591:Core/Src/PowerManager.cpp ****     errorData.errorLevel = ERROR_RECOVER_AUTO;
 3247              	 .loc 1 591 25 view .LVU1095
 3248 012e 1A80     	 strh r2,[r3]
 592:Core/Src/PowerManager.cpp ****     HRTIM::disableOutputAB();
 3249              	 .loc 1 592 5 is_stmt 1 view .LVU1096
 592:Core/Src/PowerManager.cpp ****     HRTIM::disableOutputAB();
 3250              	 .loc 1 592 26 is_stmt 0 view .LVU1097
 3251 0130 83F80CC0 	 strb ip,[r3,#12]
 593:Core/Src/PowerManager.cpp ****   }
 3252              	 .loc 1 593 5 is_stmt 1 view .LVU1098
 3253              	.LBB194:
 3254              	.LBI188:
  61:Core/Src/PowerManager.cpp ****   HAL_HRTIM_WaveformOutputStop(&hhrtim1, HRTIM_OUTPUT_TA1 + HRTIM_OUTPUT_TA2);
 3255              	 .loc 1 61 6 view .LVU1099
 3256              	.LBB191:
  62:Core/Src/PowerManager.cpp ****   HAL_HRTIM_WaveformOutputStop(&hhrtim1, HRTIM_OUTPUT_TB1 + HRTIM_OUTPUT_TB2);
 3257              	 .loc 1 62 3 view .LVU1100
  62:Core/Src/PowerManager.cpp ****   HAL_HRTIM_WaveformOutputStop(&hhrtim1, HRTIM_OUTPUT_TB1 + HRTIM_OUTPUT_TB2);
 3258              	 .loc 1 62 31 is_stmt 0 view .LVU1101
 3259 0134 FFF7FEFF 	 bl HAL_HRTIM_WaveformOutputStop
 3260              	.LVL84:
  63:Core/Src/PowerManager.cpp ****   psData.outputABEnabled = 0;
 3261              	 .loc 1 63 3 is_stmt 1 view .LVU1102
  63:Core/Src/PowerManager.cpp ****   psData.outputABEnabled = 0;
 3262              	 .loc 1 63 31 is_stmt 0 view .LVU1103
 3263 0138 0C21     	 movs r1,#12
 3264 013a 0848     	 ldr r0,.L297+8
 3265 013c FFF7FEFF 	 bl HAL_HRTIM_WaveformOutputStop
 3266              	.LVL85:
  64:Core/Src/PowerManager.cpp ****   Buzzer::play(200, 200);
 3267              	 .loc 1 64 3 is_stmt 1 view .LVU1104
  64:Core/Src/PowerManager.cpp ****   Buzzer::play(200, 200);
 3268              	 .loc 1 64 26 is_stmt 0 view .LVU1105
 3269 0140 074B     	 ldr r3,.L297+12
  65:Core/Src/PowerManager.cpp **** }
 3270              	 .loc 1 65 15 view .LVU1106
 3271 0142 C821     	 movs r1,#200
ARM GAS   			page 86


  64:Core/Src/PowerManager.cpp ****   Buzzer::play(200, 200);
 3272              	 .loc 1 64 26 view .LVU1107
 3273 0144 0022     	 movs r2,#0
 3274 0146 5A70     	 strb r2,[r3,#1]
  65:Core/Src/PowerManager.cpp **** }
 3275              	 .loc 1 65 3 is_stmt 1 view .LVU1108
  65:Core/Src/PowerManager.cpp **** }
 3276              	 .loc 1 65 15 is_stmt 0 view .LVU1109
 3277 0148 0846     	 mov r0,r1
 3278              	.LBE191:
 3279              	.LBE194:
 595:Core/Src/PowerManager.cpp **** 
 3280              	 .loc 1 595 1 view .LVU1110
 3281 014a BDE80840 	 pop {r3,lr}
 3282              	 .cfi_restore 14
 3283              	 .cfi_restore 3
 3284              	 .cfi_def_cfa_offset 0
 3285              	.LBB195:
 3286              	.LBB192:
  65:Core/Src/PowerManager.cpp **** }
 3287              	 .loc 1 65 15 view .LVU1111
 3288 014e FFF7FEBF 	 b _ZN6Buzzer4playEtt
 3289              	.LVL86:
 3290              	.L298:
 3291 0152 00BF     	 .align 2
 3292              	.L297:
 3293 0154 00680140 	 .word 1073833984
 3294 0158 00000000 	 .word errorData
 3295 015c 00000000 	 .word hhrtim1
 3296 0160 00000000 	 .word psData
 3297              	.LBE192:
 3298              	.LBE195:
 3299              	 .cfi_endproc
 3300              	.LFE638:
 3302              	 .section .text._ZN10Protection10configAWDGEv,"ax",%progbits
 3303              	 .align 1
 3304              	 .p2align 2,,3
 3305              	 .global _ZN10Protection10configAWDGEv
 3306              	 .syntax unified
 3307              	 .thumb
 3308              	 .thumb_func
 3310              	_ZN10Protection10configAWDGEv:
 3311              	.LFB639:
 597:Core/Src/PowerManager.cpp ****   // ADC1->TR3 = 0x00E00020;
 3312              	 .loc 1 597 19 is_stmt 1 view-0
 3313              	 .cfi_startproc
 3314              	 
 3315              	 
 3316              	 
 599:Core/Src/PowerManager.cpp ****   ADC2->TR2 = 0x00E00020;
 3317              	 .loc 1 599 3 view .LVU1113
 600:Core/Src/PowerManager.cpp ****   ADC1->TR1 = (uint32_t)(OVP_A / 2.9f / 16.0f * 4095.0f) << 16;
 3318              	 .loc 1 600 13 is_stmt 0 view .LVU1114
 3319 0000 0A4B     	 ldr r3,.L301
 599:Core/Src/PowerManager.cpp ****   ADC2->TR2 = 0x00E00020;
 3320              	 .loc 1 599 13 view .LVU1115
 3321 0002 0B48     	 ldr r0,.L301+4
ARM GAS   			page 87


 603:Core/Src/PowerManager.cpp **** }
 3322              	 .loc 1 603 23 view .LVU1116
 3323 0004 0B4A     	 ldr r2,.L301+8
 599:Core/Src/PowerManager.cpp ****   ADC2->TR2 = 0x00E00020;
 3324              	 .loc 1 599 13 view .LVU1117
 3325 0006 4FF0A041 	 mov r1,#1342177280
 597:Core/Src/PowerManager.cpp ****   // ADC1->TR3 = 0x00E00020;
 3326              	 .loc 1 597 19 view .LVU1118
 3327 000a 10B4     	 push {r4}
 3328              	 .cfi_def_cfa_offset 4
 3329              	 .cfi_offset 4,-4
 599:Core/Src/PowerManager.cpp ****   ADC2->TR2 = 0x00E00020;
 3330              	 .loc 1 599 13 view .LVU1119
 3331 000c 4862     	 str r0,[r1,#36]
 600:Core/Src/PowerManager.cpp ****   ADC1->TR1 = (uint32_t)(OVP_A / 2.9f / 16.0f * 4095.0f) << 16;
 3332              	 .loc 1 600 3 is_stmt 1 view .LVU1120
 601:Core/Src/PowerManager.cpp ****   ADC2->TR1 = (uint32_t)(OVP_B / 2.9f / 16.0f * 4095.0f) << 16;
 3333              	 .loc 1 601 13 is_stmt 0 view .LVU1121
 3334 000e 0A4C     	 ldr r4,.L301+12
 600:Core/Src/PowerManager.cpp ****   ADC1->TR1 = (uint32_t)(OVP_A / 2.9f / 16.0f * 4095.0f) << 16;
 3335              	 .loc 1 600 13 view .LVU1122
 3336 0010 5862     	 str r0,[r3,#36]
 601:Core/Src/PowerManager.cpp ****   ADC2->TR1 = (uint32_t)(OVP_B / 2.9f / 16.0f * 4095.0f) << 16;
 3337              	 .loc 1 601 3 is_stmt 1 view .LVU1123
 602:Core/Src/PowerManager.cpp ****   HRTIM1->sCommonRegs.IER |= 0b11111;
 3338              	 .loc 1 602 13 is_stmt 0 view .LVU1124
 3339 0012 0A48     	 ldr r0,.L301+16
 601:Core/Src/PowerManager.cpp ****   ADC2->TR1 = (uint32_t)(OVP_B / 2.9f / 16.0f * 4095.0f) << 16;
 3340              	 .loc 1 601 13 view .LVU1125
 3341 0014 0C62     	 str r4,[r1,#32]
 602:Core/Src/PowerManager.cpp ****   HRTIM1->sCommonRegs.IER |= 0b11111;
 3342              	 .loc 1 602 3 is_stmt 1 view .LVU1126
 602:Core/Src/PowerManager.cpp ****   HRTIM1->sCommonRegs.IER |= 0b11111;
 3343              	 .loc 1 602 13 is_stmt 0 view .LVU1127
 3344 0016 1862     	 str r0,[r3,#32]
 603:Core/Src/PowerManager.cpp **** }
 3345              	 .loc 1 603 3 is_stmt 1 view .LVU1128
 603:Core/Src/PowerManager.cpp **** }
 3346              	 .loc 1 603 23 is_stmt 0 view .LVU1129
 3347 0018 D2F89033 	 ldr r3,[r2,#912]
 604:Core/Src/PowerManager.cpp **** 
 3348              	 .loc 1 604 1 view .LVU1130
 3349 001c 5DF8044B 	 ldr r4,[sp],#4
 3350              	 .cfi_restore 4
 3351              	 .cfi_def_cfa_offset 0
 603:Core/Src/PowerManager.cpp **** }
 3352              	 .loc 1 603 27 view .LVU1131
 3353 0020 43F01F03 	 orr r3,r3,#31
 3354 0024 C2F89033 	 str r3,[r2,#912]
 604:Core/Src/PowerManager.cpp **** 
 3355              	 .loc 1 604 1 view .LVU1132
 3356 0028 7047     	 bx lr
 3357              	.L302:
 3358 002a 00BF     	 .align 2
 3359              	.L301:
 3360 002c 00010050 	 .word 1342177536
 3361 0030 2000E000 	 .word 14680096
ARM GAS   			page 88


 3362 0034 00680140 	 .word 1073833984
 3363 0038 0000FF09 	 .word 167706624
 3364 003c 0000830A 	 .word 176357376
 3365              	 .cfi_endproc
 3366              	.LFE639:
 3368              	 .section .text._ZN10Protection16checkHardwareUIDEv,"ax",%progbits
 3369              	 .align 1
 3370              	 .p2align 2,,3
 3371              	 .global _ZN10Protection16checkHardwareUIDEv
 3372              	 .syntax unified
 3373              	 .thumb
 3374              	 .thumb_func
 3376              	_ZN10Protection16checkHardwareUIDEv:
 3377              	.LFB640:
 606:Core/Src/PowerManager.cpp ****   // 读取寄存器中的UID
 3378              	 .loc 1 606 25 is_stmt 1 view-0
 3379              	 .cfi_startproc
 3380              	 
 3381              	 
 3382              	 
 608:Core/Src/PowerManager.cpp ****   sysData.hardwareUID[1] = READ_REG(*((uint32_t *)(UID_BASE + 4U)));
 3383              	 .loc 1 608 3 view .LVU1134
 608:Core/Src/PowerManager.cpp ****   sysData.hardwareUID[1] = READ_REG(*((uint32_t *)(UID_BASE + 4U)));
 3384              	 .loc 1 608 28 is_stmt 0 view .LVU1135
 3385 0000 044A     	 ldr r2,.L304
 608:Core/Src/PowerManager.cpp ****   sysData.hardwareUID[1] = READ_REG(*((uint32_t *)(UID_BASE + 4U)));
 3386              	 .loc 1 608 26 view .LVU1136
 3387 0002 054B     	 ldr r3,.L304+4
 610:Core/Src/PowerManager.cpp **** 
 3388              	 .loc 1 610 28 view .LVU1137
 3389 0004 02F5B260 	 add r0,r2,#1424
 3390 0008 07C8     	 ldm r0,{r0,r1,r2}
 609:Core/Src/PowerManager.cpp ****   sysData.hardwareUID[2] = READ_REG(*((uint32_t *)(UID_BASE + 8U)));
 3391              	 .loc 1 609 26 view .LVU1138
 3392 000a C3E90201 	 strd r0,r1,[r3,#8]
 610:Core/Src/PowerManager.cpp **** 
 3393              	 .loc 1 610 3 is_stmt 1 view .LVU1139
 610:Core/Src/PowerManager.cpp **** 
 3394              	 .loc 1 610 26 is_stmt 0 view .LVU1140
 3395 000e 1A61     	 str r2,[r3,#16]
 624:Core/Src/PowerManager.cpp **** 
 3396              	 .loc 1 624 1 view .LVU1141
 3397 0010 7047     	 bx lr
 3398              	.L305:
 3399 0012 00BF     	 .align 2
 3400              	.L304:
 3401 0014 0070FF1F 	 .word 536834048
 3402 0018 00000000 	 .word sysData
 3403              	 .cfi_endproc
 3404              	.LFE640:
 3406              	 .section .text._ZN10Protection14autoClearErrorEv,"ax",%progbits
 3407              	 .align 1
 3408              	 .p2align 2,,3
 3409              	 .global _ZN10Protection14autoClearErrorEv
 3410              	 .syntax unified
 3411              	 .thumb
 3412              	 .thumb_func
ARM GAS   			page 89


 3414              	_ZN10Protection14autoClearErrorEv:
 3415              	.LFB641:
 626:Core/Src/PowerManager.cpp ****   if (errorData.errorLevel == ERROR_RECOVER_AUTO) {
 3416              	 .loc 1 626 23 is_stmt 1 view-0
 3417              	 .cfi_startproc
 3418              	 
 3419              	 
 627:Core/Src/PowerManager.cpp ****     errorData.errorCode = 0;
 3420              	 .loc 1 627 3 view .LVU1143
 626:Core/Src/PowerManager.cpp ****   if (errorData.errorLevel == ERROR_RECOVER_AUTO) {
 3421              	 .loc 1 626 23 is_stmt 0 view .LVU1144
 3422 0000 38B5     	 push {r3,r4,r5,lr}
 3423              	 .cfi_def_cfa_offset 16
 3424              	 .cfi_offset 3,-16
 3425              	 .cfi_offset 4,-12
 3426              	 .cfi_offset 5,-8
 3427              	 .cfi_offset 14,-4
 627:Core/Src/PowerManager.cpp ****     errorData.errorCode = 0;
 3428              	 .loc 1 627 17 view .LVU1145
 3429 0002 104B     	 ldr r3,.L318
 627:Core/Src/PowerManager.cpp ****     errorData.errorCode = 0;
 3430              	 .loc 1 627 3 view .LVU1146
 3431 0004 1C7B     	 ldrb r4,[r3,#12]
 3432 0006 012C     	 cmp r4,#1
 3433 0008 00D0     	 beq .L317
 3434              	.L306:
 634:Core/Src/PowerManager.cpp **** 
 3435              	 .loc 1 634 1 view .LVU1147
 3436 000a 38BD     	 pop {r3,r4,r5,pc}
 3437              	.L317:
 628:Core/Src/PowerManager.cpp ****     errorData.overCurrentCnt = 0;
 3438              	 .loc 1 628 5 is_stmt 1 view .LVU1148
 3439              	.LBB204:
 3440              	.LBB205:
  35:Core/Src/PowerManager.cpp ****     return false;
 3441              	 .loc 1 35 15 is_stmt 0 view .LVU1149
 3442 000c 0E4D     	 ldr r5,.L318+4
  35:Core/Src/PowerManager.cpp ****     return false;
 3443              	 .loc 1 35 3 view .LVU1150
 3444 000e 2978     	 ldrb r1,[r5]
 3445              	.LBE205:
 3446              	.LBE204:
 628:Core/Src/PowerManager.cpp ****     errorData.overCurrentCnt = 0;
 3447              	 .loc 1 628 25 view .LVU1151
 3448 0010 0022     	 movs r2,#0
 3449 0012 1A80     	 strh r2,[r3]
 629:Core/Src/PowerManager.cpp ****     errorData.overVoltageCnt = 0;
 3450              	 .loc 1 629 5 is_stmt 1 view .LVU1152
 630:Core/Src/PowerManager.cpp ****     errorData.errorLevel = NO_ERROR;
 3451              	 .loc 1 630 5 view .LVU1153
 630:Core/Src/PowerManager.cpp ****     errorData.errorLevel = NO_ERROR;
 3452              	 .loc 1 630 30 is_stmt 0 view .LVU1154
 3453 0014 5A60     	 str r2,[r3,#4]
 631:Core/Src/PowerManager.cpp ****     HRTIM::enableOutputAB();
 3454              	 .loc 1 631 5 is_stmt 1 view .LVU1155
 631:Core/Src/PowerManager.cpp ****     HRTIM::enableOutputAB();
 3455              	 .loc 1 631 26 is_stmt 0 view .LVU1156
ARM GAS   			page 90


 3456 0016 1A73     	 strb r2,[r3,#12]
 632:Core/Src/PowerManager.cpp ****   }
 3457              	 .loc 1 632 5 is_stmt 1 view .LVU1157
 3458              	.LBB207:
 3459              	.LBI204:
  34:Core/Src/PowerManager.cpp ****   if (!psData.timerEnabled || !psData.allowEnableOutput)
 3460              	 .loc 1 34 6 view .LVU1158
 3461              	.LBB206:
  35:Core/Src/PowerManager.cpp ****     return false;
 3462              	 .loc 1 35 3 view .LVU1159
 3463 0018 0029     	 cmp r1,#0
 3464 001a F6D0     	 beq .L306
 3465              	.LBE206:
 3466              	.LBE207:
 3467              	.LBB208:
 3468              	.LBI208:
 626:Core/Src/PowerManager.cpp ****   if (errorData.errorLevel == ERROR_RECOVER_AUTO) {
 3469              	 .loc 1 626 6 view .LVU1160
 3470              	.LBB209:
 3471              	.LBB210:
  35:Core/Src/PowerManager.cpp ****     return false;
 3472              	 .loc 1 35 28 is_stmt 0 discriminator 1 view .LVU1161
 3473 001c EB78     	 ldrb r3,[r5,#3]
 3474 001e 002B     	 cmp r3,#0
 3475 0020 F3D0     	 beq .L306
 3476              	.LBB211:
 3477              	.LBI211:
  34:Core/Src/PowerManager.cpp ****   if (!psData.timerEnabled || !psData.allowEnableOutput)
 3478              	 .loc 1 34 6 is_stmt 1 view .LVU1162
 3479              	.LBB212:
  37:Core/Src/PowerManager.cpp ****   HAL_HRTIM_WaveformOutputStart(&hhrtim1, HRTIM_OUTPUT_TB1 + HRTIM_OUTPUT_TB2);
 3480              	 .loc 1 37 3 view .LVU1163
  37:Core/Src/PowerManager.cpp ****   HAL_HRTIM_WaveformOutputStart(&hhrtim1, HRTIM_OUTPUT_TB1 + HRTIM_OUTPUT_TB2);
 3481              	 .loc 1 37 32 is_stmt 0 view .LVU1164
 3482 0022 0321     	 movs r1,#3
 3483 0024 0948     	 ldr r0,.L318+8
 3484 0026 FFF7FEFF 	 bl HAL_HRTIM_WaveformOutputStart
 3485              	.LVL87:
  38:Core/Src/PowerManager.cpp ****   psData.outputABEnabled = 1;
 3486              	 .loc 1 38 3 is_stmt 1 view .LVU1165
  38:Core/Src/PowerManager.cpp ****   psData.outputABEnabled = 1;
 3487              	 .loc 1 38 32 is_stmt 0 view .LVU1166
 3488 002a 0C21     	 movs r1,#12
 3489 002c 0748     	 ldr r0,.L318+8
 3490 002e FFF7FEFF 	 bl HAL_HRTIM_WaveformOutputStart
 3491              	.LVL88:
  39:Core/Src/PowerManager.cpp ****   Buzzer::play(1250, 200);
 3492              	 .loc 1 39 3 is_stmt 1 view .LVU1167
  39:Core/Src/PowerManager.cpp ****   Buzzer::play(1250, 200);
 3493              	 .loc 1 39 26 is_stmt 0 view .LVU1168
 3494 0032 6C70     	 strb r4,[r5,#1]
  40:Core/Src/PowerManager.cpp ****   return true;
 3495              	 .loc 1 40 3 is_stmt 1 view .LVU1169
  40:Core/Src/PowerManager.cpp ****   return true;
 3496              	 .loc 1 40 15 is_stmt 0 view .LVU1170
 3497 0034 C821     	 movs r1,#200
 3498              	.LBE212:
ARM GAS   			page 91


 3499              	.LBE211:
 3500              	.LBE210:
 3501              	.LBE209:
 3502              	.LBE208:
 634:Core/Src/PowerManager.cpp **** 
 3503              	 .loc 1 634 1 view .LVU1171
 3504 0036 BDE83840 	 pop {r3,r4,r5,lr}
 3505              	 .cfi_restore 14
 3506              	 .cfi_restore 5
 3507              	 .cfi_restore 4
 3508              	 .cfi_restore 3
 3509              	 .cfi_def_cfa_offset 0
 3510              	.LBB217:
 3511              	.LBB216:
 3512              	.LBB215:
 3513              	.LBB214:
 3514              	.LBB213:
  40:Core/Src/PowerManager.cpp ****   return true;
 3515              	 .loc 1 40 15 view .LVU1172
 3516 003a 40F2E240 	 movw r0,#1250
 3517 003e FFF7FEBF 	 b _ZN6Buzzer4playEtt
 3518              	.LVL89:
 3519              	.L319:
 3520 0042 00BF     	 .align 2
 3521              	.L318:
 3522 0044 00000000 	 .word errorData
 3523 0048 00000000 	 .word psData
 3524 004c 00000000 	 .word hhrtim1
 3525              	.LBE213:
 3526              	.LBE214:
 3527              	.LBE215:
 3528              	.LBE216:
 3529              	.LBE217:
 3530              	 .cfi_endproc
 3531              	.LFE641:
 3533              	 .section .text._ZN10Protection16manualClearErrorEv,"ax",%progbits
 3534              	 .align 1
 3535              	 .p2align 2,,3
 3536              	 .global _ZN10Protection16manualClearErrorEv
 3537              	 .syntax unified
 3538              	 .thumb
 3539              	 .thumb_func
 3541              	_ZN10Protection16manualClearErrorEv:
 3542              	.LFB642:
 636:Core/Src/PowerManager.cpp ****   if (errorData.errorLevel == ERROR_RECOVER_MANUAL) {
 3543              	 .loc 1 636 25 is_stmt 1 view-0
 3544              	 .cfi_startproc
 3545              	 
 3546              	 
 637:Core/Src/PowerManager.cpp ****     errorData.errorCode = 0;
 3547              	 .loc 1 637 3 view .LVU1174
 637:Core/Src/PowerManager.cpp ****     errorData.errorCode = 0;
 3548              	 .loc 1 637 17 is_stmt 0 view .LVU1175
 3549 0000 0F4B     	 ldr r3,.L336
 637:Core/Src/PowerManager.cpp ****     errorData.errorCode = 0;
 3550              	 .loc 1 637 3 view .LVU1176
 3551 0002 1A7B     	 ldrb r2,[r3,#12]
ARM GAS   			page 92


 3552 0004 022A     	 cmp r2,#2
 3553 0006 00D0     	 beq .L334
 3554 0008 7047     	 bx lr
 3555              	.L334:
 638:Core/Src/PowerManager.cpp ****     errorData.shortCircuitCnt = 0;
 3556              	 .loc 1 638 5 is_stmt 1 view .LVU1177
 639:Core/Src/PowerManager.cpp **** 
 3557              	 .loc 1 639 5 view .LVU1178
 636:Core/Src/PowerManager.cpp ****   if (errorData.errorLevel == ERROR_RECOVER_MANUAL) {
 3558              	 .loc 1 636 25 is_stmt 0 view .LVU1179
 3559 000a 10B5     	 push {r4,lr}
 3560              	 .cfi_def_cfa_offset 8
 3561              	 .cfi_offset 4,-8
 3562              	 .cfi_offset 14,-4
 3563              	.LBB226:
 3564              	.LBB227:
  35:Core/Src/PowerManager.cpp ****     return false;
 3565              	 .loc 1 35 15 view .LVU1180
 3566 000c 0D4C     	 ldr r4,.L336+4
  35:Core/Src/PowerManager.cpp ****     return false;
 3567              	 .loc 1 35 3 view .LVU1181
 3568 000e 2178     	 ldrb r1,[r4]
 3569              	.LBE227:
 3570              	.LBE226:
 638:Core/Src/PowerManager.cpp ****     errorData.shortCircuitCnt = 0;
 3571              	 .loc 1 638 25 view .LVU1182
 3572 0010 0022     	 movs r2,#0
 3573 0012 1A60     	 str r2,[r3]
 641:Core/Src/PowerManager.cpp ****     HRTIM::enableOutputAB();
 3574              	 .loc 1 641 5 is_stmt 1 view .LVU1183
 641:Core/Src/PowerManager.cpp ****     HRTIM::enableOutputAB();
 3575              	 .loc 1 641 26 is_stmt 0 view .LVU1184
 3576 0014 1A73     	 strb r2,[r3,#12]
 642:Core/Src/PowerManager.cpp ****   }
 3577              	 .loc 1 642 5 is_stmt 1 view .LVU1185
 3578              	.LBB229:
 3579              	.LBI226:
  34:Core/Src/PowerManager.cpp ****   if (!psData.timerEnabled || !psData.allowEnableOutput)
 3580              	 .loc 1 34 6 view .LVU1186
 3581              	.LBB228:
  35:Core/Src/PowerManager.cpp ****     return false;
 3582              	 .loc 1 35 3 view .LVU1187
 3583 0016 09B1     	 cbz r1,.L320
 3584              	.LBE228:
 3585              	.LBE229:
 3586              	.LBB230:
 3587              	.LBI230:
 626:Core/Src/PowerManager.cpp ****   if (errorData.errorLevel == ERROR_RECOVER_AUTO) {
 3588              	 .loc 1 626 6 view .LVU1188
 3589              	.LBB231:
 3590              	.LBB232:
  35:Core/Src/PowerManager.cpp ****     return false;
 3591              	 .loc 1 35 28 is_stmt 0 discriminator 1 view .LVU1189
 3592 0018 E378     	 ldrb r3,[r4,#3]
 3593 001a 03B9     	 cbnz r3,.L335
 3594              	.L320:
 3595              	.LBE232:
ARM GAS   			page 93


 3596              	.LBE231:
 3597              	.LBE230:
 644:Core/Src/PowerManager.cpp **** 
 3598              	 .loc 1 644 1 view .LVU1190
 3599 001c 10BD     	 pop {r4,pc}
 3600              	.L335:
 3601              	.LBB241:
 3602              	.LBB239:
 3603              	.LBB237:
 3604              	.LBB233:
 3605              	.LBI233:
  34:Core/Src/PowerManager.cpp ****   if (!psData.timerEnabled || !psData.allowEnableOutput)
 3606              	 .loc 1 34 6 is_stmt 1 view .LVU1191
 3607              	.LBB234:
  37:Core/Src/PowerManager.cpp ****   HAL_HRTIM_WaveformOutputStart(&hhrtim1, HRTIM_OUTPUT_TB1 + HRTIM_OUTPUT_TB2);
 3608              	 .loc 1 37 3 view .LVU1192
  37:Core/Src/PowerManager.cpp ****   HAL_HRTIM_WaveformOutputStart(&hhrtim1, HRTIM_OUTPUT_TB1 + HRTIM_OUTPUT_TB2);
 3609              	 .loc 1 37 32 is_stmt 0 view .LVU1193
 3610 001e 0321     	 movs r1,#3
 3611 0020 0948     	 ldr r0,.L336+8
 3612 0022 FFF7FEFF 	 bl HAL_HRTIM_WaveformOutputStart
 3613              	.LVL90:
  38:Core/Src/PowerManager.cpp ****   psData.outputABEnabled = 1;
 3614              	 .loc 1 38 3 is_stmt 1 view .LVU1194
  38:Core/Src/PowerManager.cpp ****   psData.outputABEnabled = 1;
 3615              	 .loc 1 38 32 is_stmt 0 view .LVU1195
 3616 0026 0C21     	 movs r1,#12
 3617 0028 0748     	 ldr r0,.L336+8
 3618 002a FFF7FEFF 	 bl HAL_HRTIM_WaveformOutputStart
 3619              	.LVL91:
  39:Core/Src/PowerManager.cpp ****   Buzzer::play(1250, 200);
 3620              	 .loc 1 39 3 is_stmt 1 view .LVU1196
  39:Core/Src/PowerManager.cpp ****   Buzzer::play(1250, 200);
 3621              	 .loc 1 39 26 is_stmt 0 view .LVU1197
 3622 002e 0123     	 movs r3,#1
 3623 0030 6370     	 strb r3,[r4,#1]
  40:Core/Src/PowerManager.cpp ****   return true;
 3624              	 .loc 1 40 3 is_stmt 1 view .LVU1198
  40:Core/Src/PowerManager.cpp ****   return true;
 3625              	 .loc 1 40 15 is_stmt 0 view .LVU1199
 3626 0032 C821     	 movs r1,#200
 3627              	.LBE234:
 3628              	.LBE233:
 3629              	.LBE237:
 3630              	.LBE239:
 3631              	.LBE241:
 644:Core/Src/PowerManager.cpp **** 
 3632              	 .loc 1 644 1 view .LVU1200
 3633 0034 BDE81040 	 pop {r4,lr}
 3634              	 .cfi_restore 14
 3635              	 .cfi_restore 4
 3636              	 .cfi_def_cfa_offset 0
 3637              	.LBB242:
 3638              	.LBB240:
 3639              	.LBB238:
 3640              	.LBB236:
 3641              	.LBB235:
ARM GAS   			page 94


  40:Core/Src/PowerManager.cpp ****   return true;
 3642              	 .loc 1 40 15 view .LVU1201
 3643 0038 40F2E240 	 movw r0,#1250
 3644 003c FFF7FEBF 	 b _ZN6Buzzer4playEtt
 3645              	.LVL92:
 3646              	.L337:
 3647              	 .align 2
 3648              	.L336:
 3649 0040 00000000 	 .word errorData
 3650 0044 00000000 	 .word psData
 3651 0048 00000000 	 .word hhrtim1
 3652              	.LBE235:
 3653              	.LBE236:
 3654              	.LBE238:
 3655              	.LBE240:
 3656              	.LBE242:
 3657              	 .cfi_endproc
 3658              	.LFE642:
 3660              	 .section .code_in_ram
 3661              	 .align 1
 3662              	 .p2align 2,,3
 3663              	 .global _ZN6CAPARR16updateMaxCurrentEv
 3664              	 .syntax unified
 3665              	 .thumb
 3666              	 .thumb_func
 3668              	_ZN6CAPARR16updateMaxCurrentEv:
 3669              	.LFB643:
 650:Core/Src/PowerManager.cpp ****   if (adcData.vCap > CAPARR_LOW_VOLTAGE) {
 3670              	 .loc 1 650 66 is_stmt 1 view-0
 3671              	 .cfi_startproc
 3672              	 
 3673              	 
 3674              	 
 651:Core/Src/PowerManager.cpp ****     capStatus.maxOutCurrent = CAPARR_MAX_CURRENT;
 3675              	 .loc 1 651 3 view .LVU1203
 651:Core/Src/PowerManager.cpp ****     capStatus.maxOutCurrent = CAPARR_MAX_CURRENT;
 3676              	 .loc 1 651 15 is_stmt 0 view .LVU1204
 3677 081c 1C4B     	 ldr r3,.L345
 3678 081e D3ED247A 	 vldr.32 s15,[r3,#144]
 651:Core/Src/PowerManager.cpp ****     capStatus.maxOutCurrent = CAPARR_MAX_CURRENT;
 3679              	 .loc 1 651 3 view .LVU1205
 3680 0822 B2EE047A 	 vmov.f32 s14,#1.0e+1
 3681 0826 F4EEC77A 	 vcmpe.f32 s15,s14
 3682 082a F1EE10FA 	 vmrs APSR_nzcv,FPSCR
 3683 082e 16DC     	 bgt .L342
 654:Core/Src/PowerManager.cpp ****     capStatus.maxOutCurrent = (CAPARR_MAX_CURRENT - 1.0f) /
 3684              	 .loc 1 654 10 is_stmt 1 view .LVU1206
 3685 0830 B1EE047A 	 vmov.f32 s14,#5.0e+0
 3686 0834 F4EEC77A 	 vcmpe.f32 s15,s14
 3687 0838 F1EE10FA 	 vmrs APSR_nzcv,FPSCR
 3688 083c 19DD     	 ble .L344
 655:Core/Src/PowerManager.cpp ****                                   (CAPARR_LOW_VOLTAGE - CAPARR_CUTOFF_VOLTAGE) *
 3689              	 .loc 1 655 5 view .LVU1207
 657:Core/Src/PowerManager.cpp ****                               1.0f;
 3690              	 .loc 1 657 49 is_stmt 0 view .LVU1208
 3691 083e 77EEC77A 	 vsub.f32 s15,s15,s14
 657:Core/Src/PowerManager.cpp ****                               1.0f;
ARM GAS   			page 95


 3692              	 .loc 1 657 74 view .LVU1209
 3693 0842 9FED147A 	 vldr.32 s14,.L345+4
 652:Core/Src/PowerManager.cpp ****     capStatus.maxInCurrent = CAPARR_MAX_CURRENT;
 3694              	 .loc 1 652 29 view .LVU1210
 3695 0846 144B     	 ldr r3,.L345+8
 657:Core/Src/PowerManager.cpp ****                               1.0f;
 3696              	 .loc 1 657 74 view .LVU1211
 3697 0848 F7EE006A 	 vmov.f32 s13,#1.0e+0
 3698 084c E7EE876A 	 vfma.f32 s13,s15,s14
 659:Core/Src/PowerManager.cpp ****   } else {
 3699              	 .loc 1 659 5 is_stmt 1 view .LVU1212
 3700 0850 B0EE667A 	 vmov.f32 s14,s13
 652:Core/Src/PowerManager.cpp ****     capStatus.maxInCurrent = CAPARR_MAX_CURRENT;
 3701              	 .loc 1 652 29 is_stmt 0 view .LVU1213
 3702 0854 83ED007A 	 vstr.32 s14,[r3]
 653:Core/Src/PowerManager.cpp ****   } else if (adcData.vCap > CAPARR_CUTOFF_VOLTAGE) {
 3703              	 .loc 1 653 28 view .LVU1214
 3704 0858 C3ED016A 	 vstr.32 s13,[r3,#4]
 663:Core/Src/PowerManager.cpp ****   }
 664:Core/Src/PowerManager.cpp **** }
 3705              	 .loc 1 664 1 view .LVU1215
 3706 085c 7047     	 bx lr
 3707              	.L342:
 652:Core/Src/PowerManager.cpp ****     capStatus.maxInCurrent = CAPARR_MAX_CURRENT;
 3708              	 .loc 1 652 29 view .LVU1216
 3709 085e 0E4B     	 ldr r3,.L345+8
 3710 0860 B2EE0E7A 	 vmov.f32 s14,#1.5e+1
 3711 0864 F0EE476A 	 vmov.f32 s13,s14
 3712 0868 83ED007A 	 vstr.32 s14,[r3]
 653:Core/Src/PowerManager.cpp ****   } else if (adcData.vCap > CAPARR_CUTOFF_VOLTAGE) {
 3713              	 .loc 1 653 28 view .LVU1217
 3714 086c C3ED016A 	 vstr.32 s13,[r3,#4]
 3715              	 .loc 1 664 1 view .LVU1218
 3716 0870 7047     	 bx lr
 3717              	.L344:
 661:Core/Src/PowerManager.cpp ****     capStatus.maxInCurrent = 1.0f;
 3718              	 .loc 1 661 5 is_stmt 1 view .LVU1219
 661:Core/Src/PowerManager.cpp ****     capStatus.maxInCurrent = 1.0f;
 3719              	 .loc 1 661 36 is_stmt 0 view .LVU1220
 3720 0872 9FED0A6A 	 vldr.32 s12,.L345+12
 3721 0876 9FED0A7A 	 vldr.32 s14,.L345+16
 652:Core/Src/PowerManager.cpp ****     capStatus.maxInCurrent = CAPARR_MAX_CURRENT;
 3722              	 .loc 1 652 29 view .LVU1221
 3723 087a 074B     	 ldr r3,.L345+8
 661:Core/Src/PowerManager.cpp ****     capStatus.maxInCurrent = 1.0f;
 3724              	 .loc 1 661 36 view .LVU1222
 3725 087c A7EE867A 	 vfma.f32 s14,s15,s12
 662:Core/Src/PowerManager.cpp ****   }
 3726              	 .loc 1 662 5 is_stmt 1 view .LVU1223
 661:Core/Src/PowerManager.cpp ****     capStatus.maxInCurrent = 1.0f;
 3727              	 .loc 1 661 36 is_stmt 0 view .LVU1224
 3728 0880 F7EE006A 	 vmov.f32 s13,#1.0e+0
 652:Core/Src/PowerManager.cpp ****     capStatus.maxInCurrent = CAPARR_MAX_CURRENT;
 3729              	 .loc 1 652 29 view .LVU1225
 3730 0884 83ED007A 	 vstr.32 s14,[r3]
 653:Core/Src/PowerManager.cpp ****   } else if (adcData.vCap > CAPARR_CUTOFF_VOLTAGE) {
 3731              	 .loc 1 653 28 view .LVU1226
ARM GAS   			page 96


 3732 0888 C3ED016A 	 vstr.32 s13,[r3,#4]
 3733              	 .loc 1 664 1 view .LVU1227
 3734 088c 7047     	 bx lr
 3735              	.L346:
 3736 088e 00BF     	 .align 2
 3737              	.L345:
 3738 0890 00000000 	 .word adcData
 3739 0894 33333340 	 .word 1077097267
 3740 0898 00000000 	 .word capStatus
 3741 089c 0AD7233E 	 .word 1042536202
 3742 08a0 CDCC4C3E 	 .word 1045220557
 3743              	 .cfi_endproc
 3744              	.LFE643:
 3746              	 .section .text._ZN6CAPARR19getMaxPowerFeedbackEv,"ax",%progbits
 3747              	 .align 1
 3748              	 .p2align 2,,3
 3749              	 .global _ZN6CAPARR19getMaxPowerFeedbackEv
 3750              	 .syntax unified
 3751              	 .thumb
 3752              	 .thumb_func
 3754              	_ZN6CAPARR19getMaxPowerFeedbackEv:
 3755              	.LFB645:
 665:Core/Src/PowerManager.cpp **** 
 666:Core/Src/PowerManager.cpp **** __attribute__((section(".code_in_ram"))) inline void
 667:Core/Src/PowerManager.cpp **** updateCurrentforEstimation() {
 668:Core/Src/PowerManager.cpp ****   capStatus.capEstData.maxIB = M_MAX(capStatus.capEstData.maxIB, adcData.iB);
 669:Core/Src/PowerManager.cpp ****   capStatus.capEstData.minIB = M_MIN(capStatus.capEstData.minIB, adcData.iB);
 670:Core/Src/PowerManager.cpp **** }
 671:Core/Src/PowerManager.cpp **** 
 672:Core/Src/PowerManager.cpp **** uint16_t getMaxPowerFeedback() {
 3756              	 .loc 1 672 32 is_stmt 1 view-0
 3757              	 .cfi_startproc
 3758              	 
 3759              	 
 3760              	 
 673:Core/Src/PowerManager.cpp ****   if (adcData.vCap > CAPARR_LOW_VOLTAGE)
 3761              	 .loc 1 673 3 view .LVU1229
 3762              	 .loc 1 673 15 is_stmt 0 view .LVU1230
 3763 0000 1E4B     	 ldr r3,.L360
 3764 0002 93ED247A 	 vldr.32 s14,[r3,#144]
 674:Core/Src/PowerManager.cpp ****     return (uint16_t)(CM01_CURRENT_LIMIT * adcData.vCaplf);
 3765              	 .loc 1 674 52 view .LVU1231
 3766 0006 D3ED297A 	 vldr.32 s15,[r3,#164]
 673:Core/Src/PowerManager.cpp ****   if (adcData.vCap > CAPARR_LOW_VOLTAGE)
 3767              	 .loc 1 673 3 view .LVU1232
 3768 000a F2EE046A 	 vmov.f32 s13,#1.0e+1
 3769 000e B4EEE67A 	 vcmpe.f32 s14,s13
 3770 0012 F1EE10FA 	 vmrs APSR_nzcv,FPSCR
 3771 0016 26DC     	 bgt .L358
 675:Core/Src/PowerManager.cpp ****   else if (adcData.vCap > CAPARR_CUTOFF_VOLTAGE)
 3772              	 .loc 1 675 8 is_stmt 1 view .LVU1233
 3773 0018 F1EE046A 	 vmov.f32 s13,#5.0e+0
 3774 001c B4EEE67A 	 vcmpe.f32 s14,s13
 3775 0020 F1EE10FA 	 vmrs APSR_nzcv,FPSCR
 3776 0024 16DC     	 bgt .L359
 676:Core/Src/PowerManager.cpp ****     return (uint16_t)((CM01_CURRENT_LIMIT - 1.0f) /
 677:Core/Src/PowerManager.cpp ****                           (CAPARR_LOW_VOLTAGE - CAPARR_CUTOFF_VOLTAGE) *
ARM GAS   			page 97


 678:Core/Src/PowerManager.cpp ****                           (adcData.vCaplf - CAPARR_CUTOFF_VOLTAGE) +
 679:Core/Src/PowerManager.cpp ****                       1.0f) *
 680:Core/Src/PowerManager.cpp ****            adcData.vCaplf;
 681:Core/Src/PowerManager.cpp ****   else
 682:Core/Src/PowerManager.cpp ****     return (uint16_t)(0.2f + (0.8f / 5.0f) * adcData.vCaplf) * adcData.vCaplf;
 3777              	 .loc 1 682 5 view .LVU1234
 3778              	 .loc 1 682 28 is_stmt 0 view .LVU1235
 3779 0026 DFED166A 	 vldr.32 s13,.L360+4
 3780 002a 9FED167A 	 vldr.32 s14,.L360+8
 3781 002e A7EEA67A 	 vfma.f32 s14,s15,s13
 3782              	.L357:
 3783              	 .loc 1 682 12 view .LVU1236
 3784 0032 BCEEC77A 	 vcvt.u32.f32 s14,s14
 3785 0036 17EE103A 	 vmov r3,s14
 3786 003a 9BB2     	 uxth r3,r3
 3787 003c 07EE103A 	 vmov s14,r3
 3788              	 .loc 1 682 62 view .LVU1237
 3789 0040 B8EEC77A 	 vcvt.f32.s32 s14,s14
 3790 0044 67EE277A 	 vmul.f32 s15,s14,s15
 3791              	 .loc 1 682 72 view .LVU1238
 3792 0048 FCEEE77A 	 vcvt.u32.f32 s15,s15
 3793 004c 17EE903A 	 vmov r3,s15
 3794 0050 98B2     	 uxth r0,r3
 683:Core/Src/PowerManager.cpp **** }
 3795              	 .loc 1 683 1 view .LVU1239
 3796 0052 7047     	 bx lr
 3797              	.L359:
 676:Core/Src/PowerManager.cpp ****     return (uint16_t)((CM01_CURRENT_LIMIT - 1.0f) /
 3798              	 .loc 1 676 5 is_stmt 1 view .LVU1240
 678:Core/Src/PowerManager.cpp ****                       1.0f) *
 3799              	 .loc 1 678 43 is_stmt 0 view .LVU1241
 3800 0054 77EEE66A 	 vsub.f32 s13,s15,s13
 678:Core/Src/PowerManager.cpp ****                       1.0f) *
 3801              	 .loc 1 678 68 view .LVU1242
 3802 0058 9FED0B6A 	 vldr.32 s12,.L360+12
 3803 005c B7EE007A 	 vmov.f32 s14,#1.0e+0
 3804 0060 A6EE867A 	 vfma.f32 s14,s13,s12
 3805 0064 E5E7     	 b .L357
 3806              	.L358:
 674:Core/Src/PowerManager.cpp ****   else if (adcData.vCap > CAPARR_CUTOFF_VOLTAGE)
 3807              	 .loc 1 674 5 is_stmt 1 view .LVU1243
 674:Core/Src/PowerManager.cpp ****   else if (adcData.vCap > CAPARR_CUTOFF_VOLTAGE)
 3808              	 .loc 1 674 42 is_stmt 0 view .LVU1244
 3809 0066 B2EE0E7A 	 vmov.f32 s14,#1.5e+1
 3810 006a 67EE877A 	 vmul.f32 s15,s15,s14
 674:Core/Src/PowerManager.cpp ****   else if (adcData.vCap > CAPARR_CUTOFF_VOLTAGE)
 3811              	 .loc 1 674 58 view .LVU1245
 3812 006e FCEEE77A 	 vcvt.u32.f32 s15,s15
 3813 0072 17EE903A 	 vmov r3,s15
 3814 0076 98B2     	 uxth r0,r3
 3815 0078 7047     	 bx lr
 3816              	.L361:
 3817 007a 00BF     	 .align 2
 3818              	.L360:
 3819 007c 00000000 	 .word adcData
 3820 0080 0AD7233E 	 .word 1042536202
 3821 0084 CDCC4C3E 	 .word 1045220557
ARM GAS   			page 98


 3822 0088 33333340 	 .word 1077097267
 3823              	 .cfi_endproc
 3824              	.LFE645:
 3826              	 .section .text._ZN6CAPARR17restartEstimationERKm,"ax",%progbits
 3827              	 .align 1
 3828              	 .p2align 2,,3
 3829              	 .global _ZN6CAPARR17restartEstimationERKm
 3830              	 .syntax unified
 3831              	 .thumb
 3832              	 .thumb_func
 3834              	_ZN6CAPARR17restartEstimationERKm:
 3835              	.LVL93:
 3836              	.LFB646:
 684:Core/Src/PowerManager.cpp **** 
 685:Core/Src/PowerManager.cpp **** void restartEstimation(const uint32_t &_currentTick) {
 3837              	 .loc 1 685 54 is_stmt 1 view-0
 3838              	 .cfi_startproc
 3839              	 
 3840              	 
 686:Core/Src/PowerManager.cpp ****   capStatus.capEstData.dQ = 0.0f;
 3841              	 .loc 1 686 3 view .LVU1247
 685:Core/Src/PowerManager.cpp ****   capStatus.capEstData.dQ = 0.0f;
 3842              	 .loc 1 685 54 is_stmt 0 view .LVU1248
 3843 0000 00B5     	 push {lr}
 3844              	 .cfi_def_cfa_offset 4
 3845              	 .cfi_offset 14,-4
 687:Core/Src/PowerManager.cpp ****   capStatus.capEstData.lastVCap = adcData.vCaplf;
 3846              	 .loc 1 687 43 view .LVU1249
 3847 0002 0849     	 ldr r1,.L364
 686:Core/Src/PowerManager.cpp ****   capStatus.capEstData.dQ = 0.0f;
 3848              	 .loc 1 686 27 view .LVU1250
 3849 0004 084B     	 ldr r3,.L364+4
 688:Core/Src/PowerManager.cpp ****   capStatus.capEstData.maxIB = adcData.iB;
 3850              	 .loc 1 688 40 view .LVU1251
 3851 0006 CA6F     	 ldr r2,[r1,#124]
 687:Core/Src/PowerManager.cpp ****   capStatus.capEstData.lastVCap = adcData.vCaplf;
 3852              	 .loc 1 687 33 view .LVU1252
 3853 0008 D1F8A4C0 	 ldr ip,[r1,#164]
 689:Core/Src/PowerManager.cpp ****   capStatus.capEstData.minIB = adcData.iB;
 690:Core/Src/PowerManager.cpp ****   capStatus.capEstData.lastTick = _currentTick;
 3854              	 .loc 1 690 35 view .LVU1253
 3855 000c 0168     	 ldr r1,[r0]
 3856              	 .loc 1 690 33 view .LVU1254
 3857 000e 1961     	 str r1,[r3,#16]
 686:Core/Src/PowerManager.cpp ****   capStatus.capEstData.lastVCap = adcData.vCaplf;
 3858              	 .loc 1 686 27 view .LVU1255
 3859 0010 4FF0000E 	 mov lr,#0
 3860 0014 C3F808E0 	 str lr,[r3,#8]
 687:Core/Src/PowerManager.cpp ****   capStatus.capEstData.maxIB = adcData.iB;
 3861              	 .loc 1 687 3 is_stmt 1 view .LVU1256
 687:Core/Src/PowerManager.cpp ****   capStatus.capEstData.maxIB = adcData.iB;
 3862              	 .loc 1 687 33 is_stmt 0 view .LVU1257
 3863 0018 C3F80CC0 	 str ip,[r3,#12]
 688:Core/Src/PowerManager.cpp ****   capStatus.capEstData.minIB = adcData.iB;
 3864              	 .loc 1 688 3 is_stmt 1 view .LVU1258
 688:Core/Src/PowerManager.cpp ****   capStatus.capEstData.minIB = adcData.iB;
 3865              	 .loc 1 688 30 is_stmt 0 view .LVU1259
ARM GAS   			page 99


 3866 001c DA61     	 str r2,[r3,#28]
 689:Core/Src/PowerManager.cpp ****   capStatus.capEstData.lastTick = _currentTick;
 3867              	 .loc 1 689 3 is_stmt 1 view .LVU1260
 689:Core/Src/PowerManager.cpp ****   capStatus.capEstData.lastTick = _currentTick;
 3868              	 .loc 1 689 30 is_stmt 0 view .LVU1261
 3869 001e 1A62     	 str r2,[r3,#32]
 3870              	 .loc 1 690 3 is_stmt 1 view .LVU1262
 691:Core/Src/PowerManager.cpp **** }
 3871              	 .loc 1 691 1 is_stmt 0 view .LVU1263
 3872 0020 5DF804FB 	 ldr pc,[sp],#4
 3873              	.L365:
 3874              	 .align 2
 3875              	.L364:
 3876 0024 00000000 	 .word adcData
 3877 0028 00000000 	 .word capStatus
 3878              	 .cfi_endproc
 3879              	.LFE646:
 3881              	 .section .text._ZN6CAPARR16estimateCapacityERKm,"ax",%progbits
 3882              	 .align 1
 3883              	 .p2align 2,,3
 3884              	 .global _ZN6CAPARR16estimateCapacityERKm
 3885              	 .syntax unified
 3886              	 .thumb
 3887              	 .thumb_func
 3889              	_ZN6CAPARR16estimateCapacityERKm:
 3890              	.LVL94:
 3891              	.LFB647:
 692:Core/Src/PowerManager.cpp **** 
 693:Core/Src/PowerManager.cpp **** void estimateCapacity(const uint32_t &_currentTick) {
 3892              	 .loc 1 693 53 is_stmt 1 view-0
 3893              	 .cfi_startproc
 3894              	 
 3895              	 
 3896              	 
 694:Core/Src/PowerManager.cpp ****   capStatus.capEstData.dQ += adcData.iCaplf;
 3897              	 .loc 1 694 3 view .LVU1265
 3898              	 .loc 1 694 24 is_stmt 0 view .LVU1266
 3899 0000 5A4B     	 ldr r3,.L399
 3900              	 .loc 1 694 38 view .LVU1267
 3901 0002 5B49     	 ldr r1,.L399+4
 695:Core/Src/PowerManager.cpp **** 
 696:Core/Src/PowerManager.cpp ****   if (M_ABS(adcData.vCaplf - capStatus.capEstData.lastVCap) >
 3902              	 .loc 1 696 7 view .LVU1268
 3903 0004 93ED037A 	 vldr.32 s14,[r3,#12]
 3904 0008 91ED296A 	 vldr.32 s12,[r1,#164]
 694:Core/Src/PowerManager.cpp ****   capStatus.capEstData.dQ += adcData.iCaplf;
 3905              	 .loc 1 694 27 view .LVU1269
 3906 000c D3ED027A 	 vldr.32 s15,[r3,#8]
 3907 0010 D1ED286A 	 vldr.32 s13,[r1,#160]
 3908              	.LBB243:
 3909              	.LBB244:
 690:Core/Src/PowerManager.cpp **** }
 3910              	 .loc 1 690 35 view .LVU1270
 3911 0014 0068     	 ldr r0,[r0]
 3912              	.LVL95:
 690:Core/Src/PowerManager.cpp **** }
 3913              	 .loc 1 690 35 view .LVU1271
ARM GAS   			page 100


 3914              	.LBE244:
 3915              	.LBE243:
 697:Core/Src/PowerManager.cpp ****       0.7f) // 电压变化超过阈值
 698:Core/Src/PowerManager.cpp ****   {
 699:Core/Src/PowerManager.cpp ****     if (M_ABS(capStatus.capEstData.maxIB - capStatus.capEstData.minIB) < 4.5f) {
 700:Core/Src/PowerManager.cpp ****       capStatus.capEstData.dQtodV =
 701:Core/Src/PowerManager.cpp ****           capStatus.capEstData.dQ * (1.0f / 1000.0f) /
 702:Core/Src/PowerManager.cpp ****           (adcData.vCaplf - capStatus.capEstData.lastVCap);
 703:Core/Src/PowerManager.cpp **** 
 704:Core/Src/PowerManager.cpp ****       if (capStatus.capEstData.dQtodV > CAPARR_CAPACITY_HT ||
 705:Core/Src/PowerManager.cpp ****           capStatus.capEstData.dQtodV < CAPARR_CAPACITY_LT)
 706:Core/Src/PowerManager.cpp ****         capStatus.warningCnt += 9;
 707:Core/Src/PowerManager.cpp ****       else if (capStatus.warningCnt > 0)
 3916              	 .loc 1 707 26 view .LVU1272
 3917 0016 9A8C     	 ldrh r2,[r3,#36]
 696:Core/Src/PowerManager.cpp ****       0.7f) // 电压变化超过阈值
 3918              	 .loc 1 696 7 view .LVU1273
 3919 0018 36EE477A 	 vsub.f32 s14,s12,s14
 694:Core/Src/PowerManager.cpp **** 
 3920              	 .loc 1 694 27 view .LVU1274
 3921 001c 77EEA67A 	 vadd.f32 s15,s15,s13
 696:Core/Src/PowerManager.cpp ****       0.7f) // 电压变化超过阈值
 3922              	 .loc 1 696 3 view .LVU1275
 3923 0020 DFED546A 	 vldr.32 s13,.L399+8
 696:Core/Src/PowerManager.cpp ****       0.7f) // 电压变化超过阈值
 3924              	 .loc 1 696 7 view .LVU1276
 3925 0024 F0EEC75A 	 vabs.f32 s11,s14
 696:Core/Src/PowerManager.cpp ****       0.7f) // 电压变化超过阈值
 3926              	 .loc 1 696 3 view .LVU1277
 3927 0028 F4EEE65A 	 vcmpe.f32 s11,s13
 3928 002c F1EE10FA 	 vmrs APSR_nzcv,FPSCR
 693:Core/Src/PowerManager.cpp ****   capStatus.capEstData.dQ += adcData.iCaplf;
 3929              	 .loc 1 693 53 view .LVU1278
 3930 0030 10B4     	 push {r4}
 3931              	 .cfi_def_cfa_offset 4
 3932              	 .cfi_offset 4,-4
 694:Core/Src/PowerManager.cpp **** 
 3933              	 .loc 1 694 27 view .LVU1279
 3934 0032 C3ED027A 	 vstr.32 s15,[r3,#8]
 696:Core/Src/PowerManager.cpp ****       0.7f) // 电压变化超过阈值
 3935              	 .loc 1 696 3 is_stmt 1 view .LVU1280
 3936 0036 1DDD     	 ble .L390
 699:Core/Src/PowerManager.cpp ****       capStatus.capEstData.dQtodV =
 3937              	 .loc 1 699 5 view .LVU1281
 699:Core/Src/PowerManager.cpp ****       capStatus.capEstData.dQtodV =
 3938              	 .loc 1 699 9 is_stmt 0 view .LVU1282
 3939 0038 D3ED076A 	 vldr.32 s13,[r3,#28]
 3940 003c 93ED085A 	 vldr.32 s10,[r3,#32]
 3941 0040 76EEC56A 	 vsub.f32 s13,s13,s10
 699:Core/Src/PowerManager.cpp ****       capStatus.capEstData.dQtodV =
 3942              	 .loc 1 699 5 view .LVU1283
 3943 0044 F1EE025A 	 vmov.f32 s11,#4.5e+0
 699:Core/Src/PowerManager.cpp ****       capStatus.capEstData.dQtodV =
 3944              	 .loc 1 699 9 view .LVU1284
 3945 0048 F0EEE66A 	 vabs.f32 s13,s13
 699:Core/Src/PowerManager.cpp ****       capStatus.capEstData.dQtodV =
 3946              	 .loc 1 699 5 view .LVU1285
ARM GAS   			page 101


 3947 004c F4EEE56A 	 vcmpe.f32 s13,s11
 3948 0050 F1EE10FA 	 vmrs APSR_nzcv,FPSCR
 3949 0054 56D4     	 bmi .L396
 3950              	.L379:
 708:Core/Src/PowerManager.cpp ****         capStatus.warningCnt--;
 709:Core/Src/PowerManager.cpp ****     }
 710:Core/Src/PowerManager.cpp ****     restartEstimation(_currentTick);
 711:Core/Src/PowerManager.cpp ****   } else if (M_ABS(capStatus.capEstData.dQ) > 600.0f) // 累计电荷变化超过阈值
 712:Core/Src/PowerManager.cpp ****   {
 713:Core/Src/PowerManager.cpp ****     if (M_ABS(capStatus.capEstData.maxIB - capStatus.capEstData.minIB) < 4.5f) {
 714:Core/Src/PowerManager.cpp ****       capStatus.capEstData.dVtodQ =
 715:Core/Src/PowerManager.cpp ****           (adcData.vCaplf - capStatus.capEstData.lastVCap) /
 716:Core/Src/PowerManager.cpp ****           (capStatus.capEstData.dQ * (1.0f / 1000.0f));
 717:Core/Src/PowerManager.cpp **** 
 718:Core/Src/PowerManager.cpp ****       if (capStatus.capEstData.dVtodQ < (1.0f / CAPARR_CAPACITY_HT) ||
 719:Core/Src/PowerManager.cpp ****           capStatus.capEstData.dVtodQ > (1.0f / CAPARR_CAPACITY_LT))
 720:Core/Src/PowerManager.cpp ****         capStatus.warningCnt += 4;
 721:Core/Src/PowerManager.cpp ****       else if (capStatus.warningCnt > 0)
 722:Core/Src/PowerManager.cpp ****         capStatus.warningCnt--;
 723:Core/Src/PowerManager.cpp ****     }
 724:Core/Src/PowerManager.cpp ****     restartEstimation(_currentTick);
 3951              	 .loc 1 724 5 is_stmt 1 view .LVU1286
 3952              	.LVL96:
 3953              	.LBB245:
 3954              	.LBI245:
 685:Core/Src/PowerManager.cpp ****   capStatus.capEstData.dQ = 0.0f;
 3955              	 .loc 1 685 6 view .LVU1287
 3956              	.LBB246:
 686:Core/Src/PowerManager.cpp ****   capStatus.capEstData.lastVCap = adcData.vCaplf;
 3957              	 .loc 1 686 3 view .LVU1288
 688:Core/Src/PowerManager.cpp ****   capStatus.capEstData.minIB = adcData.iB;
 3958              	 .loc 1 688 40 is_stmt 0 view .LVU1289
 3959 0056 C96F     	 ldr r1,[r1,#124]
 687:Core/Src/PowerManager.cpp ****   capStatus.capEstData.maxIB = adcData.iB;
 3960              	 .loc 1 687 33 view .LVU1290
 3961 0058 83ED036A 	 vstr.32 s12,[r3,#12]
 686:Core/Src/PowerManager.cpp ****   capStatus.capEstData.lastVCap = adcData.vCaplf;
 3962              	 .loc 1 686 27 view .LVU1291
 3963 005c 4FF0000C 	 mov ip,#0
 3964 0060 C3F808C0 	 str ip,[r3,#8]
 687:Core/Src/PowerManager.cpp ****   capStatus.capEstData.maxIB = adcData.iB;
 3965              	 .loc 1 687 3 is_stmt 1 view .LVU1292
 688:Core/Src/PowerManager.cpp ****   capStatus.capEstData.minIB = adcData.iB;
 3966              	 .loc 1 688 3 view .LVU1293
 688:Core/Src/PowerManager.cpp ****   capStatus.capEstData.minIB = adcData.iB;
 3967              	 .loc 1 688 30 is_stmt 0 view .LVU1294
 3968 0064 D961     	 str r1,[r3,#28]
 689:Core/Src/PowerManager.cpp ****   capStatus.capEstData.lastTick = _currentTick;
 3969              	 .loc 1 689 3 is_stmt 1 view .LVU1295
 689:Core/Src/PowerManager.cpp ****   capStatus.capEstData.lastTick = _currentTick;
 3970              	 .loc 1 689 30 is_stmt 0 view .LVU1296
 3971 0066 1962     	 str r1,[r3,#32]
 690:Core/Src/PowerManager.cpp **** }
 3972              	 .loc 1 690 3 is_stmt 1 view .LVU1297
 690:Core/Src/PowerManager.cpp **** }
 3973              	 .loc 1 690 33 is_stmt 0 view .LVU1298
 3974 0068 1861     	 str r0,[r3,#16]
ARM GAS   			page 102


 3975              	.LVL97:
 3976              	.L376:
 690:Core/Src/PowerManager.cpp **** }
 3977              	 .loc 1 690 33 view .LVU1299
 3978              	.LBE246:
 3979              	.LBE245:
 725:Core/Src/PowerManager.cpp ****   } else if (
 726:Core/Src/PowerManager.cpp ****       _currentTick - capStatus.capEstData.lastTick >
 727:Core/Src/PowerManager.cpp ****       1000) //<这个timeout控制触发阈值，现在0.4A漏电稳定触发，0.3A稳定不触发
 728:Core/Src/PowerManager.cpp ****   {
 729:Core/Src/PowerManager.cpp ****     if (capStatus.warningCnt > 0)
 730:Core/Src/PowerManager.cpp ****       capStatus.warningCnt--;
 731:Core/Src/PowerManager.cpp ****     restartEstimation(_currentTick); // 如果过了timeout，重新开始估算
 732:Core/Src/PowerManager.cpp ****   }
 733:Core/Src/PowerManager.cpp **** 
 734:Core/Src/PowerManager.cpp ****   if (capStatus.warningCnt > 15) {
 3980              	 .loc 1 734 3 is_stmt 1 view .LVU1300
 3981 006a 0F2A     	 cmp r2,#15
 3982 006c 5DD8     	 bhi .L397
 735:Core/Src/PowerManager.cpp ****     capStatus.warningCnt = 0;
 736:Core/Src/PowerManager.cpp ****     Buzzer::play(2000, 20);
 737:Core/Src/PowerManager.cpp ****   }
 738:Core/Src/PowerManager.cpp **** }
 3983              	 .loc 1 738 1 is_stmt 0 view .LVU1301
 3984 006e 5DF8044B 	 ldr r4,[sp],#4
 3985              	 .cfi_remember_state
 3986              	 .cfi_restore 4
 3987              	 .cfi_def_cfa_offset 0
 3988 0072 7047     	 bx lr
 3989              	.L390:
 3990              	 .cfi_restore_state
 711:Core/Src/PowerManager.cpp ****   {
 3991              	 .loc 1 711 10 is_stmt 1 view .LVU1302
 3992 0074 DFED406A 	 vldr.32 s13,.L399+12
 711:Core/Src/PowerManager.cpp ****   {
 3993              	 .loc 1 711 14 is_stmt 0 view .LVU1303
 3994 0078 F0EEE75A 	 vabs.f32 s11,s15
 711:Core/Src/PowerManager.cpp ****   {
 3995              	 .loc 1 711 10 view .LVU1304
 3996 007c F4EEE65A 	 vcmpe.f32 s11,s13
 3997 0080 F1EE10FA 	 vmrs APSR_nzcv,FPSCR
 3998 0084 28DD     	 ble .L392
 713:Core/Src/PowerManager.cpp ****       capStatus.capEstData.dVtodQ =
 3999              	 .loc 1 713 5 is_stmt 1 view .LVU1305
 713:Core/Src/PowerManager.cpp ****       capStatus.capEstData.dVtodQ =
 4000              	 .loc 1 713 9 is_stmt 0 view .LVU1306
 4001 0086 D3ED076A 	 vldr.32 s13,[r3,#28]
 4002 008a 93ED085A 	 vldr.32 s10,[r3,#32]
 4003 008e 76EEC56A 	 vsub.f32 s13,s13,s10
 713:Core/Src/PowerManager.cpp ****       capStatus.capEstData.dVtodQ =
 4004              	 .loc 1 713 5 view .LVU1307
 4005 0092 F1EE025A 	 vmov.f32 s11,#4.5e+0
 713:Core/Src/PowerManager.cpp ****       capStatus.capEstData.dVtodQ =
 4006              	 .loc 1 713 9 view .LVU1308
 4007 0096 F0EEE66A 	 vabs.f32 s13,s13
 713:Core/Src/PowerManager.cpp ****       capStatus.capEstData.dVtodQ =
 4008              	 .loc 1 713 5 view .LVU1309
ARM GAS   			page 103


 4009 009a F4EEE56A 	 vcmpe.f32 s13,s11
 4010 009e F1EE10FA 	 vmrs APSR_nzcv,FPSCR
 4011 00a2 D8D5     	 bpl .L379
 714:Core/Src/PowerManager.cpp ****           (adcData.vCaplf - capStatus.capEstData.lastVCap) /
 4012              	 .loc 1 714 7 is_stmt 1 view .LVU1310
 715:Core/Src/PowerManager.cpp ****           (capStatus.capEstData.dQ * (1.0f / 1000.0f));
 4013              	 .loc 1 715 60 is_stmt 0 view .LVU1311
 4014 00a4 DFED356A 	 vldr.32 s13,.L399+16
 718:Core/Src/PowerManager.cpp ****           capStatus.capEstData.dVtodQ > (1.0f / CAPARR_CAPACITY_LT))
 4015              	 .loc 1 718 7 view .LVU1312
 4016 00a8 DFED355A 	 vldr.32 s11,.L399+20
 715:Core/Src/PowerManager.cpp ****           (capStatus.capEstData.dQ * (1.0f / 1000.0f));
 4017              	 .loc 1 715 60 view .LVU1313
 4018 00ac 27EE267A 	 vmul.f32 s14,s14,s13
 4019 00b0 C7EE276A 	 vdiv.f32 s13,s14,s15
 718:Core/Src/PowerManager.cpp ****           capStatus.capEstData.dVtodQ > (1.0f / CAPARR_CAPACITY_LT))
 4020              	 .loc 1 718 7 view .LVU1314
 4021 00b4 F4EEE56A 	 vcmpe.f32 s13,s11
 4022 00b8 F1EE10FA 	 vmrs APSR_nzcv,FPSCR
 714:Core/Src/PowerManager.cpp ****           (adcData.vCaplf - capStatus.capEstData.lastVCap) /
 4023              	 .loc 1 714 35 view .LVU1315
 4024 00bc C3ED066A 	 vstr.32 s13,[r3,#24]
 718:Core/Src/PowerManager.cpp ****           capStatus.capEstData.dVtodQ > (1.0f / CAPARR_CAPACITY_LT))
 4025              	 .loc 1 718 7 is_stmt 1 view .LVU1316
 4026 00c0 06D4     	 bmi .L381
 718:Core/Src/PowerManager.cpp ****           capStatus.capEstData.dVtodQ > (1.0f / CAPARR_CAPACITY_LT))
 4027              	 .loc 1 718 69 is_stmt 0 discriminator 1 view .LVU1317
 4028 00c2 F1EE047A 	 vmov.f32 s15,#5.0e+0
 4029 00c6 F4EEE76A 	 vcmpe.f32 s13,s15
 4030 00ca F1EE10FA 	 vmrs APSR_nzcv,FPSCR
 4031 00ce 3CDD     	 ble .L393
 4032              	.L381:
 720:Core/Src/PowerManager.cpp ****       else if (capStatus.warningCnt > 0)
 4033              	 .loc 1 720 9 is_stmt 1 view .LVU1318
 720:Core/Src/PowerManager.cpp ****       else if (capStatus.warningCnt > 0)
 4034              	 .loc 1 720 30 is_stmt 0 view .LVU1319
 4035 00d0 0432     	 adds r2,r2,#4
 4036 00d2 92B2     	 uxth r2,r2
 4037 00d4 9A84     	 strh r2,[r3,#36]
 4038 00d6 BEE7     	 b .L379
 4039              	.L392:
 725:Core/Src/PowerManager.cpp ****       _currentTick - capStatus.capEstData.lastTick >
 4040              	 .loc 1 725 10 is_stmt 1 view .LVU1320
 726:Core/Src/PowerManager.cpp ****       1000) //<这个timeout控制触发阈值，现在0.4A漏电稳定触发，0.3A稳定不触发
 4041              	 .loc 1 726 20 is_stmt 0 view .LVU1321
 4042 00d8 1C69     	 ldr r4,[r3,#16]
 4043 00da A0EB040C 	 sub ip,r0,r4
 725:Core/Src/PowerManager.cpp ****       _currentTick - capStatus.capEstData.lastTick >
 4044              	 .loc 1 725 10 view .LVU1322
 4045 00de BCF57A7F 	 cmp ip,#1000
 4046 00e2 C2D9     	 bls .L376
 729:Core/Src/PowerManager.cpp ****       capStatus.warningCnt--;
 4047              	 .loc 1 729 5 is_stmt 1 view .LVU1323
 4048 00e4 002A     	 cmp r2,#0
 4049 00e6 35D0     	 beq .L395
 730:Core/Src/PowerManager.cpp ****     restartEstimation(_currentTick); // 如果过了timeout，重新开始估算
 4050              	 .loc 1 730 7 view .LVU1324
ARM GAS   			page 104


 730:Core/Src/PowerManager.cpp ****     restartEstimation(_currentTick); // 如果过了timeout，重新开始估算
 4051              	 .loc 1 730 27 is_stmt 0 view .LVU1325
 4052 00e8 013A     	 subs r2,r2,#1
 4053              	.LBB247:
 4054              	.LBB248:
 688:Core/Src/PowerManager.cpp ****   capStatus.capEstData.minIB = adcData.iB;
 4055              	 .loc 1 688 40 view .LVU1326
 4056 00ea C96F     	 ldr r1,[r1,#124]
 687:Core/Src/PowerManager.cpp ****   capStatus.capEstData.maxIB = adcData.iB;
 4057              	 .loc 1 687 33 view .LVU1327
 4058 00ec 83ED036A 	 vstr.32 s12,[r3,#12]
 686:Core/Src/PowerManager.cpp ****   capStatus.capEstData.lastVCap = adcData.vCaplf;
 4059              	 .loc 1 686 27 view .LVU1328
 4060 00f0 4FF0000C 	 mov ip,#0
 4061              	.LBE248:
 4062              	.LBE247:
 730:Core/Src/PowerManager.cpp ****     restartEstimation(_currentTick); // 如果过了timeout，重新开始估算
 4063              	 .loc 1 730 27 view .LVU1329
 4064 00f4 92B2     	 uxth r2,r2
 4065 00f6 9A84     	 strh r2,[r3,#36]
 731:Core/Src/PowerManager.cpp ****   }
 4066              	 .loc 1 731 5 is_stmt 1 view .LVU1330
 4067              	.LVL98:
 4068              	.LBB252:
 4069              	.LBI247:
 685:Core/Src/PowerManager.cpp ****   capStatus.capEstData.dQ = 0.0f;
 4070              	 .loc 1 685 6 view .LVU1331
 4071              	.LBB249:
 686:Core/Src/PowerManager.cpp ****   capStatus.capEstData.lastVCap = adcData.vCaplf;
 4072              	 .loc 1 686 3 view .LVU1332
 686:Core/Src/PowerManager.cpp ****   capStatus.capEstData.lastVCap = adcData.vCaplf;
 4073              	 .loc 1 686 27 is_stmt 0 view .LVU1333
 4074 00f8 C3F808C0 	 str ip,[r3,#8]
 687:Core/Src/PowerManager.cpp ****   capStatus.capEstData.maxIB = adcData.iB;
 4075              	 .loc 1 687 3 is_stmt 1 view .LVU1334
 688:Core/Src/PowerManager.cpp ****   capStatus.capEstData.minIB = adcData.iB;
 4076              	 .loc 1 688 3 view .LVU1335
 688:Core/Src/PowerManager.cpp ****   capStatus.capEstData.minIB = adcData.iB;
 4077              	 .loc 1 688 30 is_stmt 0 view .LVU1336
 4078 00fc D961     	 str r1,[r3,#28]
 689:Core/Src/PowerManager.cpp ****   capStatus.capEstData.lastTick = _currentTick;
 4079              	 .loc 1 689 3 is_stmt 1 view .LVU1337
 689:Core/Src/PowerManager.cpp ****   capStatus.capEstData.lastTick = _currentTick;
 4080              	 .loc 1 689 30 is_stmt 0 view .LVU1338
 4081 00fe 1962     	 str r1,[r3,#32]
 690:Core/Src/PowerManager.cpp **** }
 4082              	 .loc 1 690 3 is_stmt 1 view .LVU1339
 690:Core/Src/PowerManager.cpp **** }
 4083              	 .loc 1 690 33 is_stmt 0 view .LVU1340
 4084 0100 1861     	 str r0,[r3,#16]
 4085              	.LVL99:
 691:Core/Src/PowerManager.cpp **** 
 4086              	 .loc 1 691 1 view .LVU1341
 4087 0102 B2E7     	 b .L376
 4088              	.L396:
 4089              	.LBE249:
 4090              	.LBE252:
ARM GAS   			page 105


 700:Core/Src/PowerManager.cpp ****           capStatus.capEstData.dQ * (1.0f / 1000.0f) /
 4091              	 .loc 1 700 7 is_stmt 1 view .LVU1342
 701:Core/Src/PowerManager.cpp ****           (adcData.vCaplf - capStatus.capEstData.lastVCap);
 4092              	 .loc 1 701 35 is_stmt 0 view .LVU1343
 4093 0104 DFED1F6A 	 vldr.32 s13,.L399+24
 4094 0108 67EEA67A 	 vmul.f32 s15,s15,s13
 704:Core/Src/PowerManager.cpp ****           capStatus.capEstData.dQtodV < CAPARR_CAPACITY_LT)
 4095              	 .loc 1 704 7 view .LVU1344
 4096 010c F2EE045A 	 vmov.f32 s11,#1.0e+1
 701:Core/Src/PowerManager.cpp ****           (adcData.vCaplf - capStatus.capEstData.lastVCap);
 4097              	 .loc 1 701 54 view .LVU1345
 4098 0110 C7EE876A 	 vdiv.f32 s13,s15,s14
 704:Core/Src/PowerManager.cpp ****           capStatus.capEstData.dQtodV < CAPARR_CAPACITY_LT)
 4099              	 .loc 1 704 7 view .LVU1346
 4100 0114 F4EEE56A 	 vcmpe.f32 s13,s11
 4101 0118 F1EE10FA 	 vmrs APSR_nzcv,FPSCR
 700:Core/Src/PowerManager.cpp ****           capStatus.capEstData.dQ * (1.0f / 1000.0f) /
 4102              	 .loc 1 700 35 view .LVU1347
 4103 011c C3ED056A 	 vstr.32 s13,[r3,#20]
 704:Core/Src/PowerManager.cpp ****           capStatus.capEstData.dQtodV < CAPARR_CAPACITY_LT)
 4104              	 .loc 1 704 7 is_stmt 1 view .LVU1348
 4105 0120 0CDD     	 ble .L398
 4106              	.L371:
 706:Core/Src/PowerManager.cpp ****       else if (capStatus.warningCnt > 0)
 4107              	 .loc 1 706 9 view .LVU1349
 706:Core/Src/PowerManager.cpp ****       else if (capStatus.warningCnt > 0)
 4108              	 .loc 1 706 30 is_stmt 0 view .LVU1350
 4109 0122 0932     	 adds r2,r2,#9
 4110 0124 92B2     	 uxth r2,r2
 4111 0126 9A84     	 strh r2,[r3,#36]
 4112 0128 95E7     	 b .L379
 4113              	.L397:
 735:Core/Src/PowerManager.cpp ****     Buzzer::play(2000, 20);
 4114              	 .loc 1 735 5 is_stmt 1 view .LVU1351
 735:Core/Src/PowerManager.cpp ****     Buzzer::play(2000, 20);
 4115              	 .loc 1 735 26 is_stmt 0 view .LVU1352
 4116 012a 0022     	 movs r2,#0
 4117              	 .loc 1 738 1 view .LVU1353
 4118 012c 5DF8044B 	 ldr r4,[sp],#4
 4119              	 .cfi_remember_state
 4120              	 .cfi_restore 4
 4121              	 .cfi_def_cfa_offset 0
 735:Core/Src/PowerManager.cpp ****     Buzzer::play(2000, 20);
 4122              	 .loc 1 735 26 view .LVU1354
 4123 0130 9A84     	 strh r2,[r3,#36]
 736:Core/Src/PowerManager.cpp ****   }
 4124              	 .loc 1 736 5 is_stmt 1 view .LVU1355
 736:Core/Src/PowerManager.cpp ****   }
 4125              	 .loc 1 736 17 is_stmt 0 view .LVU1356
 4126 0132 1421     	 movs r1,#20
 4127 0134 4FF4FA60 	 mov r0,#2000
 4128 0138 FFF7FEBF 	 b _ZN6Buzzer4playEtt
 4129              	.LVL100:
 4130              	.L398:
 4131              	 .cfi_restore_state
 704:Core/Src/PowerManager.cpp ****           capStatus.capEstData.dQtodV < CAPARR_CAPACITY_LT)
 4132              	 .loc 1 704 60 discriminator 1 view .LVU1357
ARM GAS   			page 106


 4133 013c DFED127A 	 vldr.32 s15,.L399+28
 4134 0140 F4EEE76A 	 vcmpe.f32 s13,s15
 4135 0144 F1EE10FA 	 vmrs APSR_nzcv,FPSCR
 4136 0148 EBD4     	 bmi .L371
 4137              	.L393:
 721:Core/Src/PowerManager.cpp ****         capStatus.warningCnt--;
 4138              	 .loc 1 721 12 is_stmt 1 view .LVU1358
 4139 014a 1AB1     	 cbz r2,.L395
 722:Core/Src/PowerManager.cpp ****     }
 4140              	 .loc 1 722 9 view .LVU1359
 722:Core/Src/PowerManager.cpp ****     }
 4141              	 .loc 1 722 29 is_stmt 0 view .LVU1360
 4142 014c 013A     	 subs r2,r2,#1
 4143 014e 92B2     	 uxth r2,r2
 4144 0150 9A84     	 strh r2,[r3,#36]
 4145 0152 80E7     	 b .L379
 4146              	.L395:
 731:Core/Src/PowerManager.cpp ****   }
 4147              	 .loc 1 731 5 is_stmt 1 view .LVU1361
 4148              	.LVL101:
 4149              	.LBB253:
 685:Core/Src/PowerManager.cpp ****   capStatus.capEstData.dQ = 0.0f;
 4150              	 .loc 1 685 6 view .LVU1362
 4151              	.LBB250:
 686:Core/Src/PowerManager.cpp ****   capStatus.capEstData.lastVCap = adcData.vCaplf;
 4152              	 .loc 1 686 3 view .LVU1363
 688:Core/Src/PowerManager.cpp ****   capStatus.capEstData.minIB = adcData.iB;
 4153              	 .loc 1 688 40 is_stmt 0 view .LVU1364
 4154 0154 CA6F     	 ldr r2,[r1,#124]
 4155              	.LBE250:
 4156              	.LBE253:
 4157              	 .loc 1 738 1 view .LVU1365
 4158 0156 5DF8044B 	 ldr r4,[sp],#4
 4159              	 .cfi_restore 4
 4160              	 .cfi_def_cfa_offset 0
 4161              	.LBB254:
 4162              	.LBB251:
 687:Core/Src/PowerManager.cpp ****   capStatus.capEstData.maxIB = adcData.iB;
 4163              	 .loc 1 687 33 view .LVU1366
 4164 015a 83ED036A 	 vstr.32 s12,[r3,#12]
 686:Core/Src/PowerManager.cpp ****   capStatus.capEstData.lastVCap = adcData.vCaplf;
 4165              	 .loc 1 686 27 view .LVU1367
 4166 015e 0021     	 movs r1,#0
 4167 0160 9960     	 str r1,[r3,#8]
 687:Core/Src/PowerManager.cpp ****   capStatus.capEstData.maxIB = adcData.iB;
 4168              	 .loc 1 687 3 is_stmt 1 view .LVU1368
 688:Core/Src/PowerManager.cpp ****   capStatus.capEstData.minIB = adcData.iB;
 4169              	 .loc 1 688 3 view .LVU1369
 688:Core/Src/PowerManager.cpp ****   capStatus.capEstData.minIB = adcData.iB;
 4170              	 .loc 1 688 30 is_stmt 0 view .LVU1370
 4171 0162 DA61     	 str r2,[r3,#28]
 689:Core/Src/PowerManager.cpp ****   capStatus.capEstData.lastTick = _currentTick;
 4172              	 .loc 1 689 3 is_stmt 1 view .LVU1371
 689:Core/Src/PowerManager.cpp ****   capStatus.capEstData.lastTick = _currentTick;
 4173              	 .loc 1 689 30 is_stmt 0 view .LVU1372
 4174 0164 1A62     	 str r2,[r3,#32]
 690:Core/Src/PowerManager.cpp **** }
ARM GAS   			page 107


 4175              	 .loc 1 690 3 is_stmt 1 view .LVU1373
 690:Core/Src/PowerManager.cpp **** }
 4176              	 .loc 1 690 33 is_stmt 0 view .LVU1374
 4177 0166 1861     	 str r0,[r3,#16]
 4178              	.LVL102:
 690:Core/Src/PowerManager.cpp **** }
 4179              	 .loc 1 690 33 view .LVU1375
 4180              	.LBE251:
 4181              	.LBE254:
 734:Core/Src/PowerManager.cpp ****     capStatus.warningCnt = 0;
 4182              	 .loc 1 734 3 is_stmt 1 view .LVU1376
 4183              	 .loc 1 738 1 is_stmt 0 view .LVU1377
 4184 0168 7047     	 bx lr
 4185              	.L400:
 4186 016a 00BF     	 .align 2
 4187              	.L399:
 4188 016c 00000000 	 .word capStatus
 4189 0170 00000000 	 .word adcData
 4190 0174 3333333F 	 .word 1060320051
 4191 0178 00001644 	 .word 1142292480
 4192 017c FFFF7944 	 .word 1148846079
 4193 0180 CDCCCC3D 	 .word 1036831949
 4194 0184 6F12833A 	 .word 981668463
 4195 0188 CDCC4C3E 	 .word 1045220557
 4196              	 .cfi_endproc
 4197              	.LFE647:
 4199              	 .section .code_in_ram
 4200              	 .align 1
 4201              	 .p2align 2,,3
 4202              	 .global HRTIM1_Master_IRQHandler
 4203              	 .syntax unified
 4204              	 .thumb
 4205              	 .thumb_func
 4207              	HRTIM1_Master_IRQHandler:
 4208              	.LFB648:
 739:Core/Src/PowerManager.cpp **** 
 740:Core/Src/PowerManager.cpp **** } // namespace CAPARR
 741:Core/Src/PowerManager.cpp **** 
 742:Core/Src/PowerManager.cpp **** extern "C" {
 743:Core/Src/PowerManager.cpp **** __attribute__((section(".code_in_ram"))) void
 744:Core/Src/PowerManager.cpp **** HRTIM1_Master_IRQHandler(void) // 136kHz/8 sample
 745:Core/Src/PowerManager.cpp **** {
 4209              	 .loc 1 745 1 is_stmt 1 view-0
 4210              	 .cfi_startproc
 4211              	 
 4212              	 
 746:Core/Src/PowerManager.cpp ****   __HAL_HRTIM_MASTER_CLEAR_IT(&hhrtim1, HRTIM_MASTER_IT_MREP);
 4213              	 .loc 1 746 3 view .LVU1379
 745:Core/Src/PowerManager.cpp ****   __HAL_HRTIM_MASTER_CLEAR_IT(&hhrtim1, HRTIM_MASTER_IT_MREP);
 4214              	 .loc 1 745 1 is_stmt 0 view .LVU1380
 4215 08a4 2DE9F041 	 push {r4,r5,r6,r7,r8,lr}
 4216              	 .cfi_def_cfa_offset 24
 4217              	 .cfi_offset 4,-24
 4218              	 .cfi_offset 5,-20
 4219              	 .cfi_offset 6,-16
 4220              	 .cfi_offset 7,-12
 4221              	 .cfi_offset 8,-8
ARM GAS   			page 108


 4222              	 .cfi_offset 14,-4
 4223              	 .loc 1 746 3 view .LVU1381
 4224 08a8 514B     	 ldr r3,.L412
 747:Core/Src/PowerManager.cpp ****   // GPIOB->BSRR = (uint32_t)GPIO_PIN_5;
 748:Core/Src/PowerManager.cpp **** 
 749:Core/Src/PowerManager.cpp ****   // 清零中断负载检测Timer
 750:Core/Src/PowerManager.cpp ****   __HAL_TIM_SET_COUNTER(&htim16, 0);
 4225              	 .loc 1 750 3 view .LVU1382
 4226 08aa 524D     	 ldr r5,.L412+4
 746:Core/Src/PowerManager.cpp ****   // GPIOB->BSRR = (uint32_t)GPIO_PIN_5;
 4227              	 .loc 1 746 3 view .LVU1383
 4228 08ac 1A68     	 ldr r2,[r3]
 4229              	 .loc 1 750 3 view .LVU1384
 4230 08ae 2B68     	 ldr r3,[r5]
 751:Core/Src/PowerManager.cpp **** 
 752:Core/Src/PowerManager.cpp ****   // 计算ADC采样值
 753:Core/Src/PowerManager.cpp ****   ADC::updateADCmf();
 754:Core/Src/PowerManager.cpp **** 
 755:Core/Src/PowerManager.cpp ****   // 更新BuckBoost功率级模式
 756:Core/Src/PowerManager.cpp ****   HRTIM::modeStateMachine();
 757:Core/Src/PowerManager.cpp **** 
 758:Core/Src/PowerManager.cpp ****   if (psData.outputABEnabled) {
 4231              	 .loc 1 758 14 view .LVU1385
 4232 08b0 514C     	 ldr r4,.L412+8
 745:Core/Src/PowerManager.cpp ****   __HAL_HRTIM_MASTER_CLEAR_IT(&hhrtim1, HRTIM_MASTER_IT_MREP);
 4233              	 .loc 1 745 1 view .LVU1386
 4234 08b2 2DED028B 	 vpush.64 {d8}
 4235              	 .cfi_def_cfa_offset 32
 4236              	 .cfi_offset 80,-32
 4237              	 .cfi_offset 81,-28
 746:Core/Src/PowerManager.cpp ****   // GPIOB->BSRR = (uint32_t)GPIO_PIN_5;
 4238              	 .loc 1 746 3 view .LVU1387
 4239 08b6 1027     	 movs r7,#16
 750:Core/Src/PowerManager.cpp **** 
 4240              	 .loc 1 750 3 view .LVU1388
 4241 08b8 0026     	 movs r6,#0
 745:Core/Src/PowerManager.cpp ****   __HAL_HRTIM_MASTER_CLEAR_IT(&hhrtim1, HRTIM_MASTER_IT_MREP);
 4242              	 .loc 1 745 1 view .LVU1389
 4243 08ba 82B0     	 sub sp,sp,#8
 4244              	 .cfi_def_cfa_offset 40
 746:Core/Src/PowerManager.cpp ****   // GPIOB->BSRR = (uint32_t)GPIO_PIN_5;
 4245              	 .loc 1 746 3 view .LVU1390
 4246 08bc 9760     	 str r7,[r2,#8]
 750:Core/Src/PowerManager.cpp **** 
 4247              	 .loc 1 750 3 is_stmt 1 view .LVU1391
 4248 08be 5E62     	 str r6,[r3,#36]
 753:Core/Src/PowerManager.cpp **** 
 4249              	 .loc 1 753 3 view .LVU1392
 753:Core/Src/PowerManager.cpp **** 
 4250              	 .loc 1 753 19 is_stmt 0 view .LVU1393
 4251 08c0 FFF7FEFF 	 bl _ZN3ADC11updateADCmfEv
 4252              	.LVL103:
 756:Core/Src/PowerManager.cpp **** 
 4253              	 .loc 1 756 3 is_stmt 1 view .LVU1394
 756:Core/Src/PowerManager.cpp **** 
 4254              	 .loc 1 756 26 is_stmt 0 view .LVU1395
 4255 08c4 FFF7FEFF 	 bl _ZN5HRTIM16modeStateMachineEv
ARM GAS   			page 109


 4256              	.LVL104:
 4257              	 .loc 1 758 3 is_stmt 1 view .LVU1396
 4258 08c8 6378     	 ldrb r3,[r4,#1]
 4259 08ca 002B     	 cmp r3,#0
 4260 08cc 63D0     	 beq .L402
 759:Core/Src/PowerManager.cpp ****     Protection::checkShortCircuit();
 4261              	 .loc 1 759 5 view .LVU1397
 4262              	 .loc 1 759 34 is_stmt 0 view .LVU1398
 4263 08ce FFF7FEFF 	 bl _ZN10Protection17checkShortCircuitEv
 4264              	.LVL105:
 760:Core/Src/PowerManager.cpp **** 
 761:Core/Src/PowerManager.cpp ****     PowerControl::updateMFLoop();
 4265              	 .loc 1 761 5 is_stmt 1 view .LVU1399
 4266              	 .loc 1 761 31 is_stmt 0 view .LVU1400
 4267 08d2 FFF7FEFF 	 bl _ZN12PowerControl12updateMFLoopEv
 4268              	.LVL106:
 762:Core/Src/PowerManager.cpp **** 
 763:Core/Src/PowerManager.cpp ****     PowerControl::setInductorCurrent();
 4269              	 .loc 1 763 5 is_stmt 1 view .LVU1401
 4270              	.LBB261:
 4271              	.LBI261:
 366:Core/Src/PowerManager.cpp ****   HAL_DACEx_SawtoothWaveGenerate(
 4272              	 .loc 1 366 54 view .LVU1402
 4273              	.LBB262:
 367:Core/Src/PowerManager.cpp ****       &hdac1, DAC_CHANNEL_2, DAC_SAWTOOTH_POLARITY_INCREMENT,
 4274              	 .loc 1 367 3 view .LVU1403
 369:Core/Src/PowerManager.cpp ****   HAL_DACEx_SawtoothWaveGenerate(
 4275              	 .loc 1 369 7 is_stmt 0 view .LVU1404
 4276 08d6 D4ED087A 	 vldr.32 s15,[r4,#32]
 4277 08da 9FED488A 	 vldr.32 s16,.L412+12
 4278 08de DFED486A 	 vldr.32 s13,.L412+16
 367:Core/Src/PowerManager.cpp ****       &hdac1, DAC_CHANNEL_2, DAC_SAWTOOTH_POLARITY_INCREMENT,
 4279              	 .loc 1 367 33 view .LVU1405
 4280 08e2 4848     	 ldr r0,.L412+20
 369:Core/Src/PowerManager.cpp ****   HAL_DACEx_SawtoothWaveGenerate(
 4281              	 .loc 1 369 7 view .LVU1406
 4282 08e4 F7EE048A 	 vmov.f32 s17,#1.25e+0
 4283 08e8 77EEE87A 	 vsub.f32 s15,s15,s17
 4284 08ec B0EE487A 	 vmov.f32 s14,s16
 4285 08f0 A7EEA67A 	 vfma.f32 s14,s15,s13
 367:Core/Src/PowerManager.cpp ****       &hdac1, DAC_CHANNEL_2, DAC_SAWTOOTH_POLARITY_INCREMENT,
 4286              	 .loc 1 367 33 view .LVU1407
 4287 08f4 4FF0B408 	 mov r8,#180
 4288 08f8 3946     	 mov r1,r7
 4289 08fa 4FF48052 	 mov r2,#4096
 4290 08fe FCEEC77A 	 vcvt.u32.f32 s15,s14
 4291 0902 CDF80080 	 str r8,[sp]
 4292 0906 17EE903A 	 vmov r3,s15
 4293 090a FFF7FEFF 	 bl HAL_DACEx_SawtoothWaveGenerate
 4294              	.LVL107:
 370:Core/Src/PowerManager.cpp ****       &hdac1, DAC_CHANNEL_1, DAC_SAWTOOTH_POLARITY_INCREMENT,
 4295              	 .loc 1 370 3 is_stmt 1 view .LVU1408
 372:Core/Src/PowerManager.cpp **** }
 4296              	 .loc 1 372 7 is_stmt 0 view .LVU1409
 4297 090e D4ED087A 	 vldr.32 s15,[r4,#32]
 4298 0912 9FED3D7A 	 vldr.32 s14,.L412+24
 370:Core/Src/PowerManager.cpp ****       &hdac1, DAC_CHANNEL_1, DAC_SAWTOOTH_POLARITY_INCREMENT,
ARM GAS   			page 110


 4299              	 .loc 1 370 33 view .LVU1410
 4300 0916 3B48     	 ldr r0,.L412+20
 4301 0918 CDF80080 	 str r8,[sp]
 372:Core/Src/PowerManager.cpp **** }
 4302              	 .loc 1 372 7 view .LVU1411
 4303 091c 77EEA87A 	 vadd.f32 s15,s15,s17
 370:Core/Src/PowerManager.cpp ****       &hdac1, DAC_CHANNEL_1, DAC_SAWTOOTH_POLARITY_INCREMENT,
 4304              	 .loc 1 370 33 view .LVU1412
 4305 0920 4FF48052 	 mov r2,#4096
 372:Core/Src/PowerManager.cpp **** }
 4306              	 .loc 1 372 7 view .LVU1413
 4307 0924 A7EE878A 	 vfma.f32 s16,s15,s14
 370:Core/Src/PowerManager.cpp ****       &hdac1, DAC_CHANNEL_1, DAC_SAWTOOTH_POLARITY_INCREMENT,
 4308              	 .loc 1 370 33 view .LVU1414
 4309 0928 3146     	 mov r1,r6
 4310 092a FCEEC87A 	 vcvt.u32.f32 s15,s16
 4311 092e 17EE903A 	 vmov r3,s15
 4312 0932 FFF7FEFF 	 bl HAL_DACEx_SawtoothWaveGenerate
 4313              	.LVL108:
 4314              	.LBE262:
 4315              	.LBE261:
 764:Core/Src/PowerManager.cpp **** 
 765:Core/Src/PowerManager.cpp ****     Protection::checkEfficiency();
 4316              	 .loc 1 765 5 is_stmt 1 view .LVU1415
 4317              	.LBB263:
 4318              	.LBI263:
 556:Core/Src/PowerManager.cpp ****   if (adcData.iA > 0.5f)
 4319              	 .loc 1 556 47 view .LVU1416
 4320              	.LBB264:
 557:Core/Src/PowerManager.cpp ****     psData.efficiency = (adcData.vB * adcData.iB) / (adcData.vA * adcData.iA);
 4321              	 .loc 1 557 3 view .LVU1417
 557:Core/Src/PowerManager.cpp ****     psData.efficiency = (adcData.vB * adcData.iB) / (adcData.vA * adcData.iA);
 4322              	 .loc 1 557 15 is_stmt 0 view .LVU1418
 4323 0936 354B     	 ldr r3,.L412+28
 4324 0938 93ED1E7A 	 vldr.32 s14,[r3,#120]
 558:Core/Src/PowerManager.cpp ****   else if (adcData.iA < -0.5f)
 4325              	 .loc 1 558 47 view .LVU1419
 4326 093c D3ED1F7A 	 vldr.32 s15,[r3,#124]
 557:Core/Src/PowerManager.cpp ****     psData.efficiency = (adcData.vB * adcData.iB) / (adcData.vA * adcData.iA);
 4327              	 .loc 1 557 3 view .LVU1420
 4328 0940 F6EE006A 	 vmov.f32 s13,#5.0e-1
 4329 0944 B4EEE67A 	 vcmpe.f32 s14,s13
 4330 0948 F1EE10FA 	 vmrs APSR_nzcv,FPSCR
 4331 094c 3BDD     	 ble .L410
 558:Core/Src/PowerManager.cpp ****   else if (adcData.iA < -0.5f)
 4332              	 .loc 1 558 5 is_stmt 1 view .LVU1421
 558:Core/Src/PowerManager.cpp ****   else if (adcData.iA < -0.5f)
 4333              	 .loc 1 558 65 is_stmt 0 view .LVU1422
 4334 094e 93ED226A 	 vldr.32 s12,[r3,#136]
 558:Core/Src/PowerManager.cpp ****   else if (adcData.iA < -0.5f)
 4335              	 .loc 1 558 37 view .LVU1423
 4336 0952 D3ED236A 	 vldr.32 s13,[r3,#140]
 558:Core/Src/PowerManager.cpp ****   else if (adcData.iA < -0.5f)
 4337              	 .loc 1 558 65 view .LVU1424
 4338 0956 27EE067A 	 vmul.f32 s14,s14,s12
 558:Core/Src/PowerManager.cpp ****   else if (adcData.iA < -0.5f)
 4339              	 .loc 1 558 37 view .LVU1425
ARM GAS   			page 111


 4340 095a 67EEA66A 	 vmul.f32 s13,s15,s13
 558:Core/Src/PowerManager.cpp ****   else if (adcData.iA < -0.5f)
 4341              	 .loc 1 558 51 view .LVU1426
 4342 095e 86EE876A 	 vdiv.f32 s12,s13,s14
 558:Core/Src/PowerManager.cpp ****   else if (adcData.iA < -0.5f)
 4343              	 .loc 1 558 23 view .LVU1427
 4344 0962 84ED026A 	 vstr.32 s12,[r4,#8]
 4345              	.L405:
 4346              	.LBE264:
 4347              	.LBE263:
 766:Core/Src/PowerManager.cpp **** 
 767:Core/Src/PowerManager.cpp ****     CAPARR::updateCurrentforEstimation();
 4348              	 .loc 1 767 5 is_stmt 1 view .LVU1428
 4349              	.LBB266:
 4350              	.LBI266:
 667:Core/Src/PowerManager.cpp ****   capStatus.capEstData.maxIB = M_MAX(capStatus.capEstData.maxIB, adcData.iB);
 4351              	 .loc 1 667 1 view .LVU1429
 4352              	.LBB267:
 668:Core/Src/PowerManager.cpp ****   capStatus.capEstData.minIB = M_MIN(capStatus.capEstData.minIB, adcData.iB);
 4353              	 .loc 1 668 3 view .LVU1430
 668:Core/Src/PowerManager.cpp ****   capStatus.capEstData.minIB = M_MIN(capStatus.capEstData.minIB, adcData.iB);
 4354              	 .loc 1 668 30 is_stmt 0 discriminator 4 view .LVU1431
 4355 0966 2A4B     	 ldr r3,.L412+32
 668:Core/Src/PowerManager.cpp ****   capStatus.capEstData.minIB = M_MIN(capStatus.capEstData.minIB, adcData.iB);
 4356              	 .loc 1 668 32 view .LVU1432
 4357 0968 D3ED076A 	 vldr.32 s13,[r3,#28]
 669:Core/Src/PowerManager.cpp **** }
 4358              	 .loc 1 669 32 view .LVU1433
 4359 096c 93ED087A 	 vldr.32 s14,[r3,#32]
 668:Core/Src/PowerManager.cpp ****   capStatus.capEstData.minIB = M_MIN(capStatus.capEstData.minIB, adcData.iB);
 4360              	 .loc 1 668 32 view .LVU1434
 4361 0970 F4EEE76A 	 vcmpe.f32 s13,s15
 4362 0974 F1EE10FA 	 vmrs APSR_nzcv,FPSCR
 669:Core/Src/PowerManager.cpp **** }
 4363              	 .loc 1 669 32 view .LVU1435
 4364 0978 B4EEE77A 	 vcmpe.f32 s14,s15
 668:Core/Src/PowerManager.cpp ****   capStatus.capEstData.minIB = M_MIN(capStatus.capEstData.minIB, adcData.iB);
 4365              	 .loc 1 668 32 view .LVU1436
 4366 097c B8BF     	 it lt
 4367 097e F0EE676A 	 vmovlt.f32 s13,s15
 669:Core/Src/PowerManager.cpp **** }
 4368              	 .loc 1 669 32 view .LVU1437
 4369 0982 F1EE10FA 	 vmrs APSR_nzcv,FPSCR
 4370 0986 88BF     	 it hi
 4371 0988 B0EE677A 	 vmovhi.f32 s14,s15
 668:Core/Src/PowerManager.cpp ****   capStatus.capEstData.minIB = M_MIN(capStatus.capEstData.minIB, adcData.iB);
 4372              	 .loc 1 668 30 discriminator 4 view .LVU1438
 4373 098c C3ED076A 	 vstr.32 s13,[r3,#28]
 669:Core/Src/PowerManager.cpp **** }
 4374              	 .loc 1 669 3 is_stmt 1 view .LVU1439
 669:Core/Src/PowerManager.cpp **** }
 4375              	 .loc 1 669 30 is_stmt 0 discriminator 4 view .LVU1440
 4376 0990 83ED087A 	 vstr.32 s14,[r3,#32]
 670:Core/Src/PowerManager.cpp **** 
 4377              	 .loc 1 670 1 view .LVU1441
 4378 0994 07E0     	 b .L407
 4379              	.L402:
ARM GAS   			page 112


 4380              	.LBE267:
 4381              	.LBE266:
 768:Core/Src/PowerManager.cpp **** 
 769:Core/Src/PowerManager.cpp ****   } else {
 770:Core/Src/PowerManager.cpp ****     // if(adcData.vB < 1.0f)
 771:Core/Src/PowerManager.cpp ****     //     psData.iLTarget = -1.38f;
 772:Core/Src/PowerManager.cpp ****     // else
 773:Core/Src/PowerManager.cpp ****     //    psData.iLTarget = 0.0f;
 774:Core/Src/PowerManager.cpp **** 
 775:Core/Src/PowerManager.cpp ****     psData.iLTarget = -2.0f;
 4382              	 .loc 1 775 5 is_stmt 1 view .LVU1442
 776:Core/Src/PowerManager.cpp **** 
 777:Core/Src/PowerManager.cpp ****     mfLoop.deltaIL = 0.0f;
 778:Core/Src/PowerManager.cpp ****     mfLoop.iRPID.resetError();
 4383              	 .loc 1 778 28 is_stmt 0 view .LVU1443
 4384 0996 1F48     	 ldr r0,.L412+36
 777:Core/Src/PowerManager.cpp ****     mfLoop.iRPID.resetError();
 4385              	 .loc 1 777 20 view .LVU1444
 4386 0998 0023     	 movs r3,#0
 775:Core/Src/PowerManager.cpp **** 
 4387              	 .loc 1 775 21 view .LVU1445
 4388 099a 4FF04042 	 mov r2,#-1073741824
 4389 099e 2262     	 str r2,[r4,#32]
 777:Core/Src/PowerManager.cpp ****     mfLoop.iRPID.resetError();
 4390              	 .loc 1 777 5 is_stmt 1 view .LVU1446
 777:Core/Src/PowerManager.cpp ****     mfLoop.iRPID.resetError();
 4391              	 .loc 1 777 20 is_stmt 0 view .LVU1447
 4392 09a0 0364     	 str r3,[r0,#64]
 4393              	 .loc 1 778 5 is_stmt 1 view .LVU1448
 4394              	 .loc 1 778 28 is_stmt 0 view .LVU1449
 4395 09a2 FFF7FEFF 	 bl _ZN15IncreasementPID10resetErrorEv
 4396              	.LVL109:
 4397              	.L407:
 779:Core/Src/PowerManager.cpp ****   }
 780:Core/Src/PowerManager.cpp **** 
 781:Core/Src/PowerManager.cpp **** #ifdef WPT_HARDWARE
 782:Core/Src/PowerManager.cpp **** 
 783:Core/Src/PowerManager.cpp ****   if (psData.outputEEnabled) {
 784:Core/Src/PowerManager.cpp ****     psData.dutyE += mfLoop.wptVoltageKI * (adcData.vWPT - 29.5f);
 785:Core/Src/PowerManager.cpp ****     psData.dutyEMin = adcData.vB * (1 / VWPT_LIMIT_BY_DUTY);
 786:Core/Src/PowerManager.cpp ****     psData.dutyE = M_CLAMP(psData.dutyE, psData.dutyEMin, 0.99f);
 787:Core/Src/PowerManager.cpp **** 
 788:Core/Src/PowerManager.cpp ****     if (psData.dutyE < 0.96f) {
 789:Core/Src/PowerManager.cpp ****       timerE_Duty_DMA_Buffer[0] = (HRTIM_PERIOD * psData.dutyE);
 790:Core/Src/PowerManager.cpp ****       timerE_Duty_DMA_Buffer[1] = (HRTIM_PERIOD * psData.dutyE);
 791:Core/Src/PowerManager.cpp ****       timerE_Duty_DMA_Buffer[2] = (HRTIM_PERIOD * psData.dutyE);
 792:Core/Src/PowerManager.cpp ****       timerE_Duty_DMA_Buffer[3] = (HRTIM_PERIOD * psData.dutyE);
 793:Core/Src/PowerManager.cpp ****     } else if (psData.dutyE < 0.98f) {
 794:Core/Src/PowerManager.cpp ****       timerE_Duty_DMA_Buffer[0] = HRTIM_PERIOD * (2.0f * psData.dutyE - 1.0f);
 795:Core/Src/PowerManager.cpp ****       timerE_Duty_DMA_Buffer[1] = HRTIM_PERIOD;
 796:Core/Src/PowerManager.cpp ****       timerE_Duty_DMA_Buffer[2] = HRTIM_PERIOD * (2.0f * psData.dutyE - 1.0f);
 797:Core/Src/PowerManager.cpp ****       timerE_Duty_DMA_Buffer[3] = HRTIM_PERIOD;
 798:Core/Src/PowerManager.cpp ****     } else {
 799:Core/Src/PowerManager.cpp ****       timerE_Duty_DMA_Buffer[0] = HRTIM_PERIOD * (4.0f * psData.dutyE - 3.0f);
 800:Core/Src/PowerManager.cpp ****       timerE_Duty_DMA_Buffer[1] = HRTIM_PERIOD;
 801:Core/Src/PowerManager.cpp ****       timerE_Duty_DMA_Buffer[2] = HRTIM_PERIOD;
 802:Core/Src/PowerManager.cpp ****       timerE_Duty_DMA_Buffer[3] = HRTIM_PERIOD;
ARM GAS   			page 113


 803:Core/Src/PowerManager.cpp ****     }
 804:Core/Src/PowerManager.cpp **** 
 805:Core/Src/PowerManager.cpp ****     //__HAL_HRTIM_SETCOMPARE(&hhrtim1, HRTIM_TIMERINDEX_TIMER_E,
 806:Core/Src/PowerManager.cpp ****     // HRTIM_COMPAREUNIT_1, (HRTIM_PERIOD * psData.dutyE));
 807:Core/Src/PowerManager.cpp **** 
 808:Core/Src/PowerManager.cpp ****     // if(adcData.vWPT > 29.9f || adcData.pWPTlf > 145.0f)
 809:Core/Src/PowerManager.cpp ****     // {
 810:Core/Src/PowerManager.cpp ****     //     askData.enableASK = 0;
 811:Core/Src/PowerManager.cpp ****     //     Buzzer::play(NOTE_WARNING_HIGH_FREQ, 20);
 812:Core/Src/PowerManager.cpp ****     // }
 813:Core/Src/PowerManager.cpp ****   } else {
 814:Core/Src/PowerManager.cpp ****     psData.dutyE = 0.97f;
 815:Core/Src/PowerManager.cpp ****     //__HAL_HRTIM_SETCOMPARE(&hhrtim1, HRTIM_TIMERINDEX_TIMER_E,
 816:Core/Src/PowerManager.cpp ****     // HRTIM_COMPAREUNIT_1, (HRTIM_PERIOD * psData.dutyE));
 817:Core/Src/PowerManager.cpp ****     timerE_Duty_DMA_Buffer[0] = (HRTIM_PERIOD * psData.dutyE);
 818:Core/Src/PowerManager.cpp ****     timerE_Duty_DMA_Buffer[1] = (HRTIM_PERIOD * psData.dutyE);
 819:Core/Src/PowerManager.cpp ****     timerE_Duty_DMA_Buffer[2] = (HRTIM_PERIOD * psData.dutyE);
 820:Core/Src/PowerManager.cpp ****     timerE_Duty_DMA_Buffer[3] = (HRTIM_PERIOD * psData.dutyE);
 821:Core/Src/PowerManager.cpp ****   }
 822:Core/Src/PowerManager.cpp **** #endif
 823:Core/Src/PowerManager.cpp **** 
 824:Core/Src/PowerManager.cpp ****   psData.IRQload = __HAL_TIM_GET_COUNTER(&htim16) * (1.0f / 2720.0f);
 4398              	 .loc 1 824 3 is_stmt 1 view .LVU1450
 4399              	 .loc 1 824 20 is_stmt 0 view .LVU1451
 4400 09a6 2B68     	 ldr r3,[r5]
 4401              	 .loc 1 824 51 view .LVU1452
 4402 09a8 9FED1B7A 	 vldr.32 s14,.L412+40
 4403              	 .loc 1 824 20 view .LVU1453
 4404 09ac D3ED097A 	 vldr.32 s15,[r3,#36]
 4405              	 .loc 1 824 51 view .LVU1454
 4406 09b0 F8EE677A 	 vcvt.f32.u32 s15,s15
 4407 09b4 67EE877A 	 vmul.f32 s15,s15,s14
 4408              	 .loc 1 824 18 view .LVU1455
 4409 09b8 C4ED097A 	 vstr.32 s15,[r4,#36]
 825:Core/Src/PowerManager.cpp **** 
 826:Core/Src/PowerManager.cpp ****   // GPIOB->BRR = (uint32_t)GPIO_PIN_5;
 827:Core/Src/PowerManager.cpp **** }
 4410              	 .loc 1 827 1 view .LVU1456
 4411 09bc 02B0     	 add sp,sp,#8
 4412              	 .cfi_remember_state
 4413              	 .cfi_def_cfa_offset 32
 4414              	 
 4415 09be BDEC028B 	 vldm sp!,{d8}
 4416              	 .cfi_restore 80
 4417              	 .cfi_restore 81
 4418              	 .cfi_def_cfa_offset 24
 4419 09c2 BDE8F081 	 pop {r4,r5,r6,r7,r8,pc}
 4420              	.L410:
 4421              	 .cfi_restore_state
 4422              	.LBB268:
 4423              	.LBB265:
 559:Core/Src/PowerManager.cpp ****     psData.efficiency = (adcData.vA * adcData.iA) / (adcData.vB * adcData.iB);
 4424              	 .loc 1 559 8 is_stmt 1 view .LVU1457
 4425 09c6 FEEE006A 	 vmov.f32 s13,#-5.0e-1
 4426 09ca B4EEE67A 	 vcmpe.f32 s14,s13
 4427 09ce F1EE10FA 	 vmrs APSR_nzcv,FPSCR
 4428 09d2 C8D5     	 bpl .L405
ARM GAS   			page 114


 560:Core/Src/PowerManager.cpp **** }
 4429              	 .loc 1 560 5 view .LVU1458
 560:Core/Src/PowerManager.cpp **** }
 4430              	 .loc 1 560 37 is_stmt 0 view .LVU1459
 4431 09d4 93ED226A 	 vldr.32 s12,[r3,#136]
 560:Core/Src/PowerManager.cpp **** }
 4432              	 .loc 1 560 65 view .LVU1460
 4433 09d8 D3ED236A 	 vldr.32 s13,[r3,#140]
 560:Core/Src/PowerManager.cpp **** }
 4434              	 .loc 1 560 37 view .LVU1461
 4435 09dc 27EE067A 	 vmul.f32 s14,s14,s12
 560:Core/Src/PowerManager.cpp **** }
 4436              	 .loc 1 560 65 view .LVU1462
 4437 09e0 67EEA66A 	 vmul.f32 s13,s15,s13
 560:Core/Src/PowerManager.cpp **** }
 4438              	 .loc 1 560 51 view .LVU1463
 4439 09e4 87EE266A 	 vdiv.f32 s12,s14,s13
 560:Core/Src/PowerManager.cpp **** }
 4440              	 .loc 1 560 23 view .LVU1464
 4441 09e8 84ED026A 	 vstr.32 s12,[r4,#8]
 4442 09ec BBE7     	 b .L405
 4443              	.L413:
 4444 09ee 00BF     	 .align 2
 4445              	.L412:
 4446 09f0 00000000 	 .word hhrtim1
 4447 09f4 00000000 	 .word htim16
 4448 09f8 00000000 	 .word psData
 4449 09fc 00000045 	 .word 1157627904
 4450 0a00 79FC6142 	 .word 1113717881
 4451 0a04 00000000 	 .word hdac1
 4452 0a08 79FC61C2 	 .word -1033765767
 4453 0a0c 00000000 	 .word adcData
 4454 0a10 00000000 	 .word capStatus
 4455 0a14 00000000 	 .word mfLoop
 4456 0a18 C1C0C039 	 .word 968933569
 4457              	.LBE265:
 4458              	.LBE268:
 4459              	 .cfi_endproc
 4460              	.LFE648:
 4462              	 .section .text.HRTIM1_FLT_IRQHandler,"ax",%progbits
 4463              	 .align 1
 4464              	 .p2align 2,,3
 4465              	 .global HRTIM1_FLT_IRQHandler
 4466              	 .syntax unified
 4467              	 .thumb
 4468              	 .thumb_func
 4470              	HRTIM1_FLT_IRQHandler:
 4471              	.LFB649:
 828:Core/Src/PowerManager.cpp **** 
 829:Core/Src/PowerManager.cpp **** void HRTIM1_FLT_IRQHandler(void) {
 4472              	 .loc 1 829 34 is_stmt 1 view-0
 4473              	 .cfi_startproc
 4474              	 
 4475              	 
 830:Core/Src/PowerManager.cpp ****   Protection::hrtimFaultHandler();
 4476              	 .loc 1 830 3 view .LVU1466
 4477              	.LBB281:
ARM GAS   			page 115


 4478              	.LBI281:
 563:Core/Src/PowerManager.cpp **** {
 4479              	 .loc 1 563 6 view .LVU1467
 4480              	.LBB282:
 565:Core/Src/PowerManager.cpp ****   {
 4481              	 .loc 1 565 3 view .LVU1468
 4482              	.LBE282:
 4483              	.LBE281:
 829:Core/Src/PowerManager.cpp ****   Protection::hrtimFaultHandler();
 4484              	 .loc 1 829 34 is_stmt 0 view .LVU1469
 4485 0000 08B5     	 push {r3,lr}
 4486              	 .cfi_def_cfa_offset 8
 4487              	 .cfi_offset 3,-8
 4488              	 .cfi_offset 14,-4
 4489              	.LBB315:
 4490              	.LBB313:
 565:Core/Src/PowerManager.cpp ****   {
 4491              	 .loc 1 565 27 view .LVU1470
 4492 0002 584B     	 ldr r3,.L441
 4493 0004 D3F88833 	 ldr r3,[r3,#904]
 565:Core/Src/PowerManager.cpp ****   {
 4494              	 .loc 1 565 3 view .LVU1471
 4495 0008 DB07     	 lsls r3,r3,#31
 4496 000a 19D4     	 bmi .L436
 571:Core/Src/PowerManager.cpp ****   {
 4497              	 .loc 1 571 3 is_stmt 1 view .LVU1472
 571:Core/Src/PowerManager.cpp ****   {
 4498              	 .loc 1 571 27 is_stmt 0 view .LVU1473
 4499 000c 554B     	 ldr r3,.L441
 4500 000e D3F88833 	 ldr r3,[r3,#904]
 571:Core/Src/PowerManager.cpp ****   {
 4501              	 .loc 1 571 3 view .LVU1474
 4502 0012 9807     	 lsls r0,r3,#30
 4503 0014 31D4     	 bmi .L437
 4504              	.L416:
 577:Core/Src/PowerManager.cpp ****   {
 4505              	 .loc 1 577 3 is_stmt 1 view .LVU1475
 577:Core/Src/PowerManager.cpp ****   {
 4506              	 .loc 1 577 27 is_stmt 0 view .LVU1476
 4507 0016 534B     	 ldr r3,.L441
 4508 0018 D3F88833 	 ldr r3,[r3,#904]
 577:Core/Src/PowerManager.cpp ****   {
 4509              	 .loc 1 577 3 view .LVU1477
 4510 001c 5907     	 lsls r1,r3,#29
 4511 001e 49D4     	 bmi .L438
 4512              	.L417:
 583:Core/Src/PowerManager.cpp ****   {
 4513              	 .loc 1 583 3 is_stmt 1 view .LVU1478
 583:Core/Src/PowerManager.cpp ****   {
 4514              	 .loc 1 583 27 is_stmt 0 view .LVU1479
 4515 0020 504B     	 ldr r3,.L441
 4516 0022 D3F88833 	 ldr r3,[r3,#904]
 583:Core/Src/PowerManager.cpp ****   {
 4517              	 .loc 1 583 3 view .LVU1480
 4518 0026 1A07     	 lsls r2,r3,#28
 4519 0028 61D4     	 bmi .L439
 4520              	.L418:
ARM GAS   			page 116


 589:Core/Src/PowerManager.cpp ****   {
 4521              	 .loc 1 589 3 is_stmt 1 view .LVU1481
 589:Core/Src/PowerManager.cpp ****   {
 4522              	 .loc 1 589 27 is_stmt 0 view .LVU1482
 4523 002a 4E4B     	 ldr r3,.L441
 4524 002c D3F88833 	 ldr r3,[r3,#904]
 589:Core/Src/PowerManager.cpp ****   {
 4525              	 .loc 1 589 3 view .LVU1483
 4526 0030 DB06     	 lsls r3,r3,#27
 4527 0032 79D4     	 bmi .L440
 4528              	.L419:
 4529              	.LBE313:
 4530              	.LBE315:
 831:Core/Src/PowerManager.cpp ****   HAL_HRTIM_IRQHandler(&hhrtim1, HRTIM_TIMERINDEX_COMMON);
 4531              	 .loc 1 831 3 is_stmt 1 view .LVU1484
 832:Core/Src/PowerManager.cpp **** }
 4532              	 .loc 1 832 1 is_stmt 0 view .LVU1485
 4533 0034 BDE80840 	 pop {r3,lr}
 4534              	 .cfi_remember_state
 4535              	 .cfi_restore 14
 4536              	 .cfi_restore 3
 4537              	 .cfi_def_cfa_offset 0
 831:Core/Src/PowerManager.cpp ****   HAL_HRTIM_IRQHandler(&hhrtim1, HRTIM_TIMERINDEX_COMMON);
 4538              	 .loc 1 831 23 view .LVU1486
 4539 0038 4B48     	 ldr r0,.L441+4
 4540 003a FF21     	 movs r1,#255
 4541 003c FFF7FEBF 	 b HAL_HRTIM_IRQHandler
 4542              	.LVL110:
 4543              	.L436:
 4544              	 .cfi_restore_state
 4545              	.LBB316:
 4546              	.LBB314:
 567:Core/Src/PowerManager.cpp ****     errorData.errorLevel = ERROR_RECOVER_AUTO;
 4547              	 .loc 1 567 5 is_stmt 1 view .LVU1487
 567:Core/Src/PowerManager.cpp ****     errorData.errorLevel = ERROR_RECOVER_AUTO;
 4548              	 .loc 1 567 25 is_stmt 0 view .LVU1488
 4549 0040 4A4B     	 ldr r3,.L441+8
 4550              	.LBB283:
 4551              	.LBB284:
  62:Core/Src/PowerManager.cpp ****   HAL_HRTIM_WaveformOutputStop(&hhrtim1, HRTIM_OUTPUT_TB1 + HRTIM_OUTPUT_TB2);
 4552              	 .loc 1 62 31 view .LVU1489
 4553 0042 4948     	 ldr r0,.L441+4
 4554              	.LBE284:
 4555              	.LBE283:
 567:Core/Src/PowerManager.cpp ****     errorData.errorLevel = ERROR_RECOVER_AUTO;
 4556              	 .loc 1 567 25 view .LVU1490
 4557 0044 1A88     	 ldrh r2,[r3]
 568:Core/Src/PowerManager.cpp ****     HRTIM::disableOutputAB();
 4558              	 .loc 1 568 26 view .LVU1491
 4559 0046 4FF0010C 	 mov ip,#1
 567:Core/Src/PowerManager.cpp ****     errorData.errorLevel = ERROR_RECOVER_AUTO;
 4560              	 .loc 1 567 25 view .LVU1492
 4561 004a 42F08002 	 orr r2,r2,#128
 4562              	.LBB287:
 4563              	.LBB285:
  62:Core/Src/PowerManager.cpp ****   HAL_HRTIM_WaveformOutputStop(&hhrtim1, HRTIM_OUTPUT_TB1 + HRTIM_OUTPUT_TB2);
 4564              	 .loc 1 62 31 view .LVU1493
ARM GAS   			page 117


 4565 004e 0321     	 movs r1,#3
 4566              	.LBE285:
 4567              	.LBE287:
 567:Core/Src/PowerManager.cpp ****     errorData.errorLevel = ERROR_RECOVER_AUTO;
 4568              	 .loc 1 567 25 view .LVU1494
 4569 0050 1A80     	 strh r2,[r3]
 568:Core/Src/PowerManager.cpp ****     HRTIM::disableOutputAB();
 4570              	 .loc 1 568 5 is_stmt 1 view .LVU1495
 568:Core/Src/PowerManager.cpp ****     HRTIM::disableOutputAB();
 4571              	 .loc 1 568 26 is_stmt 0 view .LVU1496
 4572 0052 83F80CC0 	 strb ip,[r3,#12]
 569:Core/Src/PowerManager.cpp ****   }
 4573              	 .loc 1 569 5 is_stmt 1 view .LVU1497
 4574              	.LBB288:
 4575              	.LBI283:
  61:Core/Src/PowerManager.cpp ****   HAL_HRTIM_WaveformOutputStop(&hhrtim1, HRTIM_OUTPUT_TA1 + HRTIM_OUTPUT_TA2);
 4576              	 .loc 1 61 6 view .LVU1498
 4577              	.LBB286:
  62:Core/Src/PowerManager.cpp ****   HAL_HRTIM_WaveformOutputStop(&hhrtim1, HRTIM_OUTPUT_TB1 + HRTIM_OUTPUT_TB2);
 4578              	 .loc 1 62 3 view .LVU1499
  62:Core/Src/PowerManager.cpp ****   HAL_HRTIM_WaveformOutputStop(&hhrtim1, HRTIM_OUTPUT_TB1 + HRTIM_OUTPUT_TB2);
 4579              	 .loc 1 62 31 is_stmt 0 view .LVU1500
 4580 0056 FFF7FEFF 	 bl HAL_HRTIM_WaveformOutputStop
 4581              	.LVL111:
  63:Core/Src/PowerManager.cpp ****   psData.outputABEnabled = 0;
 4582              	 .loc 1 63 3 is_stmt 1 view .LVU1501
  63:Core/Src/PowerManager.cpp ****   psData.outputABEnabled = 0;
 4583              	 .loc 1 63 31 is_stmt 0 view .LVU1502
 4584 005a 0C21     	 movs r1,#12
 4585 005c 4248     	 ldr r0,.L441+4
 4586 005e FFF7FEFF 	 bl HAL_HRTIM_WaveformOutputStop
 4587              	.LVL112:
  64:Core/Src/PowerManager.cpp ****   Buzzer::play(200, 200);
 4588              	 .loc 1 64 3 is_stmt 1 view .LVU1503
  64:Core/Src/PowerManager.cpp ****   Buzzer::play(200, 200);
 4589              	 .loc 1 64 26 is_stmt 0 view .LVU1504
 4590 0062 434B     	 ldr r3,.L441+12
  65:Core/Src/PowerManager.cpp **** }
 4591              	 .loc 1 65 15 view .LVU1505
 4592 0064 C821     	 movs r1,#200
  64:Core/Src/PowerManager.cpp ****   Buzzer::play(200, 200);
 4593              	 .loc 1 64 26 view .LVU1506
 4594 0066 0022     	 movs r2,#0
  65:Core/Src/PowerManager.cpp **** }
 4595              	 .loc 1 65 15 view .LVU1507
 4596 0068 0846     	 mov r0,r1
  64:Core/Src/PowerManager.cpp ****   Buzzer::play(200, 200);
 4597              	 .loc 1 64 26 view .LVU1508
 4598 006a 5A70     	 strb r2,[r3,#1]
  65:Core/Src/PowerManager.cpp **** }
 4599              	 .loc 1 65 3 is_stmt 1 view .LVU1509
  65:Core/Src/PowerManager.cpp **** }
 4600              	 .loc 1 65 15 is_stmt 0 view .LVU1510
 4601 006c FFF7FEFF 	 bl _ZN6Buzzer4playEtt
 4602              	.LVL113:
 4603              	.LBE286:
 4604              	.LBE288:
ARM GAS   			page 118


 571:Core/Src/PowerManager.cpp ****   {
 4605              	 .loc 1 571 3 is_stmt 1 view .LVU1511
 571:Core/Src/PowerManager.cpp ****   {
 4606              	 .loc 1 571 27 is_stmt 0 view .LVU1512
 4607 0070 3C4B     	 ldr r3,.L441
 4608 0072 D3F88833 	 ldr r3,[r3,#904]
 571:Core/Src/PowerManager.cpp ****   {
 4609              	 .loc 1 571 3 view .LVU1513
 4610 0076 9807     	 lsls r0,r3,#30
 4611 0078 CDD5     	 bpl .L416
 4612              	.L437:
 573:Core/Src/PowerManager.cpp ****     errorData.errorLevel = ERROR_RECOVER_AUTO;
 4613              	 .loc 1 573 5 is_stmt 1 view .LVU1514
 573:Core/Src/PowerManager.cpp ****     errorData.errorLevel = ERROR_RECOVER_AUTO;
 4614              	 .loc 1 573 25 is_stmt 0 view .LVU1515
 4615 007a 3C4B     	 ldr r3,.L441+8
 4616              	.LBB289:
 4617              	.LBB290:
  62:Core/Src/PowerManager.cpp ****   HAL_HRTIM_WaveformOutputStop(&hhrtim1, HRTIM_OUTPUT_TB1 + HRTIM_OUTPUT_TB2);
 4618              	 .loc 1 62 31 view .LVU1516
 4619 007c 3A48     	 ldr r0,.L441+4
 4620              	.LBE290:
 4621              	.LBE289:
 573:Core/Src/PowerManager.cpp ****     errorData.errorLevel = ERROR_RECOVER_AUTO;
 4622              	 .loc 1 573 25 view .LVU1517
 4623 007e 1A88     	 ldrh r2,[r3]
 574:Core/Src/PowerManager.cpp ****     HRTIM::disableOutputAB();
 4624              	 .loc 1 574 26 view .LVU1518
 4625 0080 4FF0010C 	 mov ip,#1
 573:Core/Src/PowerManager.cpp ****     errorData.errorLevel = ERROR_RECOVER_AUTO;
 4626              	 .loc 1 573 25 view .LVU1519
 4627 0084 42F01002 	 orr r2,r2,#16
 4628              	.LBB293:
 4629              	.LBB291:
  62:Core/Src/PowerManager.cpp ****   HAL_HRTIM_WaveformOutputStop(&hhrtim1, HRTIM_OUTPUT_TB1 + HRTIM_OUTPUT_TB2);
 4630              	 .loc 1 62 31 view .LVU1520
 4631 0088 0321     	 movs r1,#3
 4632              	.LBE291:
 4633              	.LBE293:
 573:Core/Src/PowerManager.cpp ****     errorData.errorLevel = ERROR_RECOVER_AUTO;
 4634              	 .loc 1 573 25 view .LVU1521
 4635 008a 1A80     	 strh r2,[r3]
 574:Core/Src/PowerManager.cpp ****     HRTIM::disableOutputAB();
 4636              	 .loc 1 574 5 is_stmt 1 view .LVU1522
 574:Core/Src/PowerManager.cpp ****     HRTIM::disableOutputAB();
 4637              	 .loc 1 574 26 is_stmt 0 view .LVU1523
 4638 008c 83F80CC0 	 strb ip,[r3,#12]
 575:Core/Src/PowerManager.cpp ****   }
 4639              	 .loc 1 575 5 is_stmt 1 view .LVU1524
 4640              	.LBB294:
 4641              	.LBI289:
  61:Core/Src/PowerManager.cpp ****   HAL_HRTIM_WaveformOutputStop(&hhrtim1, HRTIM_OUTPUT_TA1 + HRTIM_OUTPUT_TA2);
 4642              	 .loc 1 61 6 view .LVU1525
 4643              	.LBB292:
  62:Core/Src/PowerManager.cpp ****   HAL_HRTIM_WaveformOutputStop(&hhrtim1, HRTIM_OUTPUT_TB1 + HRTIM_OUTPUT_TB2);
 4644              	 .loc 1 62 3 view .LVU1526
  62:Core/Src/PowerManager.cpp ****   HAL_HRTIM_WaveformOutputStop(&hhrtim1, HRTIM_OUTPUT_TB1 + HRTIM_OUTPUT_TB2);
ARM GAS   			page 119


 4645              	 .loc 1 62 31 is_stmt 0 view .LVU1527
 4646 0090 FFF7FEFF 	 bl HAL_HRTIM_WaveformOutputStop
 4647              	.LVL114:
  63:Core/Src/PowerManager.cpp ****   psData.outputABEnabled = 0;
 4648              	 .loc 1 63 3 is_stmt 1 view .LVU1528
  63:Core/Src/PowerManager.cpp ****   psData.outputABEnabled = 0;
 4649              	 .loc 1 63 31 is_stmt 0 view .LVU1529
 4650 0094 0C21     	 movs r1,#12
 4651 0096 3448     	 ldr r0,.L441+4
 4652 0098 FFF7FEFF 	 bl HAL_HRTIM_WaveformOutputStop
 4653              	.LVL115:
  64:Core/Src/PowerManager.cpp ****   Buzzer::play(200, 200);
 4654              	 .loc 1 64 3 is_stmt 1 view .LVU1530
  64:Core/Src/PowerManager.cpp ****   Buzzer::play(200, 200);
 4655              	 .loc 1 64 26 is_stmt 0 view .LVU1531
 4656 009c 344B     	 ldr r3,.L441+12
  65:Core/Src/PowerManager.cpp **** }
 4657              	 .loc 1 65 15 view .LVU1532
 4658 009e C821     	 movs r1,#200
  64:Core/Src/PowerManager.cpp ****   Buzzer::play(200, 200);
 4659              	 .loc 1 64 26 view .LVU1533
 4660 00a0 0022     	 movs r2,#0
  65:Core/Src/PowerManager.cpp **** }
 4661              	 .loc 1 65 15 view .LVU1534
 4662 00a2 0846     	 mov r0,r1
  64:Core/Src/PowerManager.cpp ****   Buzzer::play(200, 200);
 4663              	 .loc 1 64 26 view .LVU1535
 4664 00a4 5A70     	 strb r2,[r3,#1]
  65:Core/Src/PowerManager.cpp **** }
 4665              	 .loc 1 65 3 is_stmt 1 view .LVU1536
  65:Core/Src/PowerManager.cpp **** }
 4666              	 .loc 1 65 15 is_stmt 0 view .LVU1537
 4667 00a6 FFF7FEFF 	 bl _ZN6Buzzer4playEtt
 4668              	.LVL116:
 4669              	.LBE292:
 4670              	.LBE294:
 577:Core/Src/PowerManager.cpp ****   {
 4671              	 .loc 1 577 3 is_stmt 1 view .LVU1538
 577:Core/Src/PowerManager.cpp ****   {
 4672              	 .loc 1 577 27 is_stmt 0 view .LVU1539
 4673 00aa 2E4B     	 ldr r3,.L441
 4674 00ac D3F88833 	 ldr r3,[r3,#904]
 577:Core/Src/PowerManager.cpp ****   {
 4675              	 .loc 1 577 3 view .LVU1540
 4676 00b0 5907     	 lsls r1,r3,#29
 4677 00b2 B5D5     	 bpl .L417
 4678              	.L438:
 579:Core/Src/PowerManager.cpp ****     errorData.errorLevel = ERROR_RECOVER_AUTO;
 4679              	 .loc 1 579 5 is_stmt 1 view .LVU1541
 579:Core/Src/PowerManager.cpp ****     errorData.errorLevel = ERROR_RECOVER_AUTO;
 4680              	 .loc 1 579 25 is_stmt 0 view .LVU1542
 4681 00b4 2D4B     	 ldr r3,.L441+8
 4682              	.LBB295:
 4683              	.LBB296:
  62:Core/Src/PowerManager.cpp ****   HAL_HRTIM_WaveformOutputStop(&hhrtim1, HRTIM_OUTPUT_TB1 + HRTIM_OUTPUT_TB2);
 4684              	 .loc 1 62 31 view .LVU1543
 4685 00b6 2C48     	 ldr r0,.L441+4
ARM GAS   			page 120


 4686              	.LBE296:
 4687              	.LBE295:
 579:Core/Src/PowerManager.cpp ****     errorData.errorLevel = ERROR_RECOVER_AUTO;
 4688              	 .loc 1 579 25 view .LVU1544
 4689 00b8 1A88     	 ldrh r2,[r3]
 580:Core/Src/PowerManager.cpp ****     HRTIM::disableOutputAB();
 4690              	 .loc 1 580 26 view .LVU1545
 4691 00ba 4FF0010C 	 mov ip,#1
 579:Core/Src/PowerManager.cpp ****     errorData.errorLevel = ERROR_RECOVER_AUTO;
 4692              	 .loc 1 579 25 view .LVU1546
 4693 00be 42F04002 	 orr r2,r2,#64
 4694              	.LBB299:
 4695              	.LBB297:
  62:Core/Src/PowerManager.cpp ****   HAL_HRTIM_WaveformOutputStop(&hhrtim1, HRTIM_OUTPUT_TB1 + HRTIM_OUTPUT_TB2);
 4696              	 .loc 1 62 31 view .LVU1547
 4697 00c2 0321     	 movs r1,#3
 4698              	.LBE297:
 4699              	.LBE299:
 579:Core/Src/PowerManager.cpp ****     errorData.errorLevel = ERROR_RECOVER_AUTO;
 4700              	 .loc 1 579 25 view .LVU1548
 4701 00c4 1A80     	 strh r2,[r3]
 580:Core/Src/PowerManager.cpp ****     HRTIM::disableOutputAB();
 4702              	 .loc 1 580 5 is_stmt 1 view .LVU1549
 580:Core/Src/PowerManager.cpp ****     HRTIM::disableOutputAB();
 4703              	 .loc 1 580 26 is_stmt 0 view .LVU1550
 4704 00c6 83F80CC0 	 strb ip,[r3,#12]
 581:Core/Src/PowerManager.cpp ****   }
 4705              	 .loc 1 581 5 is_stmt 1 view .LVU1551
 4706              	.LBB300:
 4707              	.LBI295:
  61:Core/Src/PowerManager.cpp ****   HAL_HRTIM_WaveformOutputStop(&hhrtim1, HRTIM_OUTPUT_TA1 + HRTIM_OUTPUT_TA2);
 4708              	 .loc 1 61 6 view .LVU1552
 4709              	.LBB298:
  62:Core/Src/PowerManager.cpp ****   HAL_HRTIM_WaveformOutputStop(&hhrtim1, HRTIM_OUTPUT_TB1 + HRTIM_OUTPUT_TB2);
 4710              	 .loc 1 62 3 view .LVU1553
  62:Core/Src/PowerManager.cpp ****   HAL_HRTIM_WaveformOutputStop(&hhrtim1, HRTIM_OUTPUT_TB1 + HRTIM_OUTPUT_TB2);
 4711              	 .loc 1 62 31 is_stmt 0 view .LVU1554
 4712 00ca FFF7FEFF 	 bl HAL_HRTIM_WaveformOutputStop
 4713              	.LVL117:
  63:Core/Src/PowerManager.cpp ****   psData.outputABEnabled = 0;
 4714              	 .loc 1 63 3 is_stmt 1 view .LVU1555
  63:Core/Src/PowerManager.cpp ****   psData.outputABEnabled = 0;
 4715              	 .loc 1 63 31 is_stmt 0 view .LVU1556
 4716 00ce 0C21     	 movs r1,#12
 4717 00d0 2548     	 ldr r0,.L441+4
 4718 00d2 FFF7FEFF 	 bl HAL_HRTIM_WaveformOutputStop
 4719              	.LVL118:
  64:Core/Src/PowerManager.cpp ****   Buzzer::play(200, 200);
 4720              	 .loc 1 64 3 is_stmt 1 view .LVU1557
  64:Core/Src/PowerManager.cpp ****   Buzzer::play(200, 200);
 4721              	 .loc 1 64 26 is_stmt 0 view .LVU1558
 4722 00d6 264B     	 ldr r3,.L441+12
  65:Core/Src/PowerManager.cpp **** }
 4723              	 .loc 1 65 15 view .LVU1559
 4724 00d8 C821     	 movs r1,#200
  64:Core/Src/PowerManager.cpp ****   Buzzer::play(200, 200);
 4725              	 .loc 1 64 26 view .LVU1560
ARM GAS   			page 121


 4726 00da 0022     	 movs r2,#0
  65:Core/Src/PowerManager.cpp **** }
 4727              	 .loc 1 65 15 view .LVU1561
 4728 00dc 0846     	 mov r0,r1
  64:Core/Src/PowerManager.cpp ****   Buzzer::play(200, 200);
 4729              	 .loc 1 64 26 view .LVU1562
 4730 00de 5A70     	 strb r2,[r3,#1]
  65:Core/Src/PowerManager.cpp **** }
 4731              	 .loc 1 65 3 is_stmt 1 view .LVU1563
  65:Core/Src/PowerManager.cpp **** }
 4732              	 .loc 1 65 15 is_stmt 0 view .LVU1564
 4733 00e0 FFF7FEFF 	 bl _ZN6Buzzer4playEtt
 4734              	.LVL119:
 4735              	.LBE298:
 4736              	.LBE300:
 583:Core/Src/PowerManager.cpp ****   {
 4737              	 .loc 1 583 3 is_stmt 1 view .LVU1565
 583:Core/Src/PowerManager.cpp ****   {
 4738              	 .loc 1 583 27 is_stmt 0 view .LVU1566
 4739 00e4 1F4B     	 ldr r3,.L441
 4740 00e6 D3F88833 	 ldr r3,[r3,#904]
 583:Core/Src/PowerManager.cpp ****   {
 4741              	 .loc 1 583 3 view .LVU1567
 4742 00ea 1A07     	 lsls r2,r3,#28
 4743 00ec 9DD5     	 bpl .L418
 4744              	.L439:
 585:Core/Src/PowerManager.cpp ****     errorData.errorLevel = ERROR_RECOVER_AUTO;
 4745              	 .loc 1 585 5 is_stmt 1 view .LVU1568
 585:Core/Src/PowerManager.cpp ****     errorData.errorLevel = ERROR_RECOVER_AUTO;
 4746              	 .loc 1 585 25 is_stmt 0 view .LVU1569
 4747 00ee 1F4B     	 ldr r3,.L441+8
 4748              	.LBB301:
 4749              	.LBB302:
  62:Core/Src/PowerManager.cpp ****   HAL_HRTIM_WaveformOutputStop(&hhrtim1, HRTIM_OUTPUT_TB1 + HRTIM_OUTPUT_TB2);
 4750              	 .loc 1 62 31 view .LVU1570
 4751 00f0 1D48     	 ldr r0,.L441+4
 4752              	.LBE302:
 4753              	.LBE301:
 585:Core/Src/PowerManager.cpp ****     errorData.errorLevel = ERROR_RECOVER_AUTO;
 4754              	 .loc 1 585 25 view .LVU1571
 4755 00f2 1A88     	 ldrh r2,[r3]
 586:Core/Src/PowerManager.cpp ****     HRTIM::disableOutputAB();
 4756              	 .loc 1 586 26 view .LVU1572
 4757 00f4 4FF0010C 	 mov ip,#1
 585:Core/Src/PowerManager.cpp ****     errorData.errorLevel = ERROR_RECOVER_AUTO;
 4758              	 .loc 1 585 25 view .LVU1573
 4759 00f8 42F48072 	 orr r2,r2,#256
 4760              	.LBB305:
 4761              	.LBB303:
  62:Core/Src/PowerManager.cpp ****   HAL_HRTIM_WaveformOutputStop(&hhrtim1, HRTIM_OUTPUT_TB1 + HRTIM_OUTPUT_TB2);
 4762              	 .loc 1 62 31 view .LVU1574
 4763 00fc 0321     	 movs r1,#3
 4764              	.LBE303:
 4765              	.LBE305:
 585:Core/Src/PowerManager.cpp ****     errorData.errorLevel = ERROR_RECOVER_AUTO;
 4766              	 .loc 1 585 25 view .LVU1575
 4767 00fe 1A80     	 strh r2,[r3]
ARM GAS   			page 122


 586:Core/Src/PowerManager.cpp ****     HRTIM::disableOutputAB();
 4768              	 .loc 1 586 5 is_stmt 1 view .LVU1576
 586:Core/Src/PowerManager.cpp ****     HRTIM::disableOutputAB();
 4769              	 .loc 1 586 26 is_stmt 0 view .LVU1577
 4770 0100 83F80CC0 	 strb ip,[r3,#12]
 587:Core/Src/PowerManager.cpp ****   }
 4771              	 .loc 1 587 5 is_stmt 1 view .LVU1578
 4772              	.LBB306:
 4773              	.LBI301:
  61:Core/Src/PowerManager.cpp ****   HAL_HRTIM_WaveformOutputStop(&hhrtim1, HRTIM_OUTPUT_TA1 + HRTIM_OUTPUT_TA2);
 4774              	 .loc 1 61 6 view .LVU1579
 4775              	.LBB304:
  62:Core/Src/PowerManager.cpp ****   HAL_HRTIM_WaveformOutputStop(&hhrtim1, HRTIM_OUTPUT_TB1 + HRTIM_OUTPUT_TB2);
 4776              	 .loc 1 62 3 view .LVU1580
  62:Core/Src/PowerManager.cpp ****   HAL_HRTIM_WaveformOutputStop(&hhrtim1, HRTIM_OUTPUT_TB1 + HRTIM_OUTPUT_TB2);
 4777              	 .loc 1 62 31 is_stmt 0 view .LVU1581
 4778 0104 FFF7FEFF 	 bl HAL_HRTIM_WaveformOutputStop
 4779              	.LVL120:
  63:Core/Src/PowerManager.cpp ****   psData.outputABEnabled = 0;
 4780              	 .loc 1 63 3 is_stmt 1 view .LVU1582
  63:Core/Src/PowerManager.cpp ****   psData.outputABEnabled = 0;
 4781              	 .loc 1 63 31 is_stmt 0 view .LVU1583
 4782 0108 0C21     	 movs r1,#12
 4783 010a 1748     	 ldr r0,.L441+4
 4784 010c FFF7FEFF 	 bl HAL_HRTIM_WaveformOutputStop
 4785              	.LVL121:
  64:Core/Src/PowerManager.cpp ****   Buzzer::play(200, 200);
 4786              	 .loc 1 64 3 is_stmt 1 view .LVU1584
  64:Core/Src/PowerManager.cpp ****   Buzzer::play(200, 200);
 4787              	 .loc 1 64 26 is_stmt 0 view .LVU1585
 4788 0110 174B     	 ldr r3,.L441+12
  65:Core/Src/PowerManager.cpp **** }
 4789              	 .loc 1 65 15 view .LVU1586
 4790 0112 C821     	 movs r1,#200
  64:Core/Src/PowerManager.cpp ****   Buzzer::play(200, 200);
 4791              	 .loc 1 64 26 view .LVU1587
 4792 0114 0022     	 movs r2,#0
  65:Core/Src/PowerManager.cpp **** }
 4793              	 .loc 1 65 15 view .LVU1588
 4794 0116 0846     	 mov r0,r1
  64:Core/Src/PowerManager.cpp ****   Buzzer::play(200, 200);
 4795              	 .loc 1 64 26 view .LVU1589
 4796 0118 5A70     	 strb r2,[r3,#1]
  65:Core/Src/PowerManager.cpp **** }
 4797              	 .loc 1 65 3 is_stmt 1 view .LVU1590
  65:Core/Src/PowerManager.cpp **** }
 4798              	 .loc 1 65 15 is_stmt 0 view .LVU1591
 4799 011a FFF7FEFF 	 bl _ZN6Buzzer4playEtt
 4800              	.LVL122:
 4801              	.LBE304:
 4802              	.LBE306:
 589:Core/Src/PowerManager.cpp ****   {
 4803              	 .loc 1 589 3 is_stmt 1 view .LVU1592
 589:Core/Src/PowerManager.cpp ****   {
 4804              	 .loc 1 589 27 is_stmt 0 view .LVU1593
 4805 011e 114B     	 ldr r3,.L441
 4806 0120 D3F88833 	 ldr r3,[r3,#904]
ARM GAS   			page 123


 589:Core/Src/PowerManager.cpp ****   {
 4807              	 .loc 1 589 3 view .LVU1594
 4808 0124 DB06     	 lsls r3,r3,#27
 4809 0126 85D5     	 bpl .L419
 4810              	.L440:
 591:Core/Src/PowerManager.cpp ****     errorData.errorLevel = ERROR_RECOVER_AUTO;
 4811              	 .loc 1 591 5 is_stmt 1 view .LVU1595
 591:Core/Src/PowerManager.cpp ****     errorData.errorLevel = ERROR_RECOVER_AUTO;
 4812              	 .loc 1 591 25 is_stmt 0 view .LVU1596
 4813 0128 104B     	 ldr r3,.L441+8
 4814              	.LBB307:
 4815              	.LBB308:
  62:Core/Src/PowerManager.cpp ****   HAL_HRTIM_WaveformOutputStop(&hhrtim1, HRTIM_OUTPUT_TB1 + HRTIM_OUTPUT_TB2);
 4816              	 .loc 1 62 31 view .LVU1597
 4817 012a 0F48     	 ldr r0,.L441+4
 4818              	.LBE308:
 4819              	.LBE307:
 591:Core/Src/PowerManager.cpp ****     errorData.errorLevel = ERROR_RECOVER_AUTO;
 4820              	 .loc 1 591 25 view .LVU1598
 4821 012c 1A88     	 ldrh r2,[r3]
 592:Core/Src/PowerManager.cpp ****     HRTIM::disableOutputAB();
 4822              	 .loc 1 592 26 view .LVU1599
 4823 012e 4FF0010C 	 mov ip,#1
 591:Core/Src/PowerManager.cpp ****     errorData.errorLevel = ERROR_RECOVER_AUTO;
 4824              	 .loc 1 591 25 view .LVU1600
 4825 0132 42F02002 	 orr r2,r2,#32
 4826              	.LBB311:
 4827              	.LBB309:
  62:Core/Src/PowerManager.cpp ****   HAL_HRTIM_WaveformOutputStop(&hhrtim1, HRTIM_OUTPUT_TB1 + HRTIM_OUTPUT_TB2);
 4828              	 .loc 1 62 31 view .LVU1601
 4829 0136 0321     	 movs r1,#3
 4830              	.LBE309:
 4831              	.LBE311:
 591:Core/Src/PowerManager.cpp ****     errorData.errorLevel = ERROR_RECOVER_AUTO;
 4832              	 .loc 1 591 25 view .LVU1602
 4833 0138 1A80     	 strh r2,[r3]
 592:Core/Src/PowerManager.cpp ****     HRTIM::disableOutputAB();
 4834              	 .loc 1 592 5 is_stmt 1 view .LVU1603
 592:Core/Src/PowerManager.cpp ****     HRTIM::disableOutputAB();
 4835              	 .loc 1 592 26 is_stmt 0 view .LVU1604
 4836 013a 83F80CC0 	 strb ip,[r3,#12]
 593:Core/Src/PowerManager.cpp ****   }
 4837              	 .loc 1 593 5 is_stmt 1 view .LVU1605
 4838              	.LBB312:
 4839              	.LBI307:
  61:Core/Src/PowerManager.cpp ****   HAL_HRTIM_WaveformOutputStop(&hhrtim1, HRTIM_OUTPUT_TA1 + HRTIM_OUTPUT_TA2);
 4840              	 .loc 1 61 6 view .LVU1606
 4841              	.LBB310:
  62:Core/Src/PowerManager.cpp ****   HAL_HRTIM_WaveformOutputStop(&hhrtim1, HRTIM_OUTPUT_TB1 + HRTIM_OUTPUT_TB2);
 4842              	 .loc 1 62 3 view .LVU1607
  62:Core/Src/PowerManager.cpp ****   HAL_HRTIM_WaveformOutputStop(&hhrtim1, HRTIM_OUTPUT_TB1 + HRTIM_OUTPUT_TB2);
 4843              	 .loc 1 62 31 is_stmt 0 view .LVU1608
 4844 013e FFF7FEFF 	 bl HAL_HRTIM_WaveformOutputStop
 4845              	.LVL123:
  63:Core/Src/PowerManager.cpp ****   psData.outputABEnabled = 0;
 4846              	 .loc 1 63 3 is_stmt 1 view .LVU1609
  63:Core/Src/PowerManager.cpp ****   psData.outputABEnabled = 0;
ARM GAS   			page 124


 4847              	 .loc 1 63 31 is_stmt 0 view .LVU1610
 4848 0142 0C21     	 movs r1,#12
 4849 0144 0848     	 ldr r0,.L441+4
 4850 0146 FFF7FEFF 	 bl HAL_HRTIM_WaveformOutputStop
 4851              	.LVL124:
  64:Core/Src/PowerManager.cpp ****   Buzzer::play(200, 200);
 4852              	 .loc 1 64 3 is_stmt 1 view .LVU1611
  64:Core/Src/PowerManager.cpp ****   Buzzer::play(200, 200);
 4853              	 .loc 1 64 26 is_stmt 0 view .LVU1612
 4854 014a 094B     	 ldr r3,.L441+12
  65:Core/Src/PowerManager.cpp **** }
 4855              	 .loc 1 65 15 view .LVU1613
 4856 014c C821     	 movs r1,#200
 4857 014e 0846     	 mov r0,r1
  64:Core/Src/PowerManager.cpp ****   Buzzer::play(200, 200);
 4858              	 .loc 1 64 26 view .LVU1614
 4859 0150 0022     	 movs r2,#0
 4860 0152 5A70     	 strb r2,[r3,#1]
  65:Core/Src/PowerManager.cpp **** }
 4861              	 .loc 1 65 3 is_stmt 1 view .LVU1615
  65:Core/Src/PowerManager.cpp **** }
 4862              	 .loc 1 65 15 is_stmt 0 view .LVU1616
 4863 0154 FFF7FEFF 	 bl _ZN6Buzzer4playEtt
 4864              	.LVL125:
 4865              	.LBE310:
 4866              	.LBE312:
 4867              	.LBE314:
 4868              	.LBE316:
 831:Core/Src/PowerManager.cpp **** }
 4869              	 .loc 1 831 3 is_stmt 1 view .LVU1617
 4870              	 .loc 1 832 1 is_stmt 0 view .LVU1618
 4871 0158 BDE80840 	 pop {r3,lr}
 4872              	 .cfi_restore 14
 4873              	 .cfi_restore 3
 4874              	 .cfi_def_cfa_offset 0
 831:Core/Src/PowerManager.cpp **** }
 4875              	 .loc 1 831 23 view .LVU1619
 4876 015c 0248     	 ldr r0,.L441+4
 4877 015e FF21     	 movs r1,#255
 4878 0160 FFF7FEBF 	 b HAL_HRTIM_IRQHandler
 4879              	.LVL126:
 4880              	.L442:
 4881              	 .align 2
 4882              	.L441:
 4883 0164 00680140 	 .word 1073833984
 4884 0168 00000000 	 .word hhrtim1
 4885 016c 00000000 	 .word errorData
 4886 0170 00000000 	 .word psData
 4887              	 .cfi_endproc
 4888              	.LFE649:
 4890              	 .section .text.startup._GLOBAL__sub_I_sysData,"ax",%progbits
 4891              	 .align 1
 4892              	 .p2align 2,,3
 4893              	 .syntax unified
 4894              	 .thumb
 4895              	 .thumb_func
 4897              	_GLOBAL__sub_I_sysData:
ARM GAS   			page 125


 4898              	.LFB651:
 833:Core/Src/PowerManager.cpp **** } // extern "C"
 4899              	 .loc 1 833 1 is_stmt 1 view-0
 4900              	 .cfi_startproc
 4901              	 
 4902              	 
 4903              	 
 4904              	.LBB330:
 4905              	.LBI330:
 4906              	 .loc 1 833 1 view .LVU1621
 4907              	.LVL127:
 4908              	.LBB331:
 4909              	.LBB332:
 4910              	.LBI332:
 4911              	 .file 2 "Core/Inc/PowerManager.hpp"
   1:Core/Inc/PowerManager.hpp **** #pragma once
   2:Core/Inc/PowerManager.hpp **** 
   3:Core/Inc/PowerManager.hpp **** #include "Calibration.hpp"
   4:Core/Inc/PowerManager.hpp **** #include "Communication.hpp"
   5:Core/Inc/PowerManager.hpp **** #include "Interface.hpp"
   6:Core/Inc/PowerManager.hpp **** 
   7:Core/Inc/PowerManager.hpp **** #include "Config.hpp"
   8:Core/Inc/PowerManager.hpp **** #include "Utility.hpp"
   9:Core/Inc/PowerManager.hpp **** #include "adc.h"
  10:Core/Inc/PowerManager.hpp **** #include "hrtim.h"
  11:Core/Inc/PowerManager.hpp **** #include "main.h"
  12:Core/Inc/PowerManager.hpp **** #include "stdint.h"
  13:Core/Inc/PowerManager.hpp **** #include "tim.h"
  14:Core/Inc/PowerManager.hpp **** 
  15:Core/Inc/PowerManager.hpp **** #include "comp.h"
  16:Core/Inc/PowerManager.hpp **** #include "dac.h"
  17:Core/Inc/PowerManager.hpp **** #include "opamp.h"
  18:Core/Inc/PowerManager.hpp **** 
  19:Core/Inc/PowerManager.hpp **** // #define ADC_BUFFER_SIZE     8U
  20:Core/Inc/PowerManager.hpp **** // #define ADC_RANK_NUM        4U
  21:Core/Inc/PowerManager.hpp **** #define ADC4_BUFFER_SIZE 2U
  22:Core/Inc/PowerManager.hpp **** 
  23:Core/Inc/PowerManager.hpp **** #define ADC_ISENSE_FILTER_ALPHA 0.9f
  24:Core/Inc/PowerManager.hpp **** 
  25:Core/Inc/PowerManager.hpp **** #define HRTIM_INT_SCALER 4U
  26:Core/Inc/PowerManager.hpp **** 
  27:Core/Inc/PowerManager.hpp **** #define CALIBRATION_MODE
  28:Core/Inc/PowerManager.hpp **** 
  29:Core/Inc/PowerManager.hpp **** struct RxData;
  30:Core/Inc/PowerManager.hpp **** struct TxData;
  31:Core/Inc/PowerManager.hpp **** 
  32:Core/Inc/PowerManager.hpp **** struct SystemData {
  33:Core/Inc/PowerManager.hpp ****   uint32_t vTick = 0;
  34:Core/Inc/PowerManager.hpp ****   bool systemInited = false;
  35:Core/Inc/PowerManager.hpp ****   uint32_t hardwareUID[3] = {0};
  36:Core/Inc/PowerManager.hpp ****   uint16_t buttonCnt = 0;
  37:Core/Inc/PowerManager.hpp ****   bool buttonPressed = 0;
  38:Core/Inc/PowerManager.hpp ****   bool buttonPressedLast = 0;
  39:Core/Inc/PowerManager.hpp **** 
  40:Core/Inc/PowerManager.hpp ****   uint8_t lfLoopIndex = 0;
  41:Core/Inc/PowerManager.hpp **** };
  42:Core/Inc/PowerManager.hpp **** 
ARM GAS   			page 126


  43:Core/Inc/PowerManager.hpp **** enum DCDCMode {
  44:Core/Inc/PowerManager.hpp ****   BUCK,
  45:Core/Inc/PowerManager.hpp ****   BUCKBOOST,
  46:Core/Inc/PowerManager.hpp ****   BOOSTBUCK,
  47:Core/Inc/PowerManager.hpp ****   BOOST,
  48:Core/Inc/PowerManager.hpp ****   CALIBRATION_A,
  49:Core/Inc/PowerManager.hpp ****   CALIBRATION_B
  50:Core/Inc/PowerManager.hpp **** };
  51:Core/Inc/PowerManager.hpp **** enum PCMMode { IB_VALLEY, IA_PEAK };
  52:Core/Inc/PowerManager.hpp **** 
  53:Core/Inc/PowerManager.hpp **** struct PowerStageData {
  54:Core/Inc/PowerManager.hpp ****   bool timerEnabled = 0;
  55:Core/Inc/PowerManager.hpp ****   bool outputABEnabled = 0;
  56:Core/Inc/PowerManager.hpp ****   bool outputEEnabled = 0;
  57:Core/Inc/PowerManager.hpp ****   // bool chargePumpEnabled = true;
  58:Core/Inc/PowerManager.hpp ****   bool allowEnableOutput = 1;
  59:Core/Inc/PowerManager.hpp **** 
  60:Core/Inc/PowerManager.hpp ****   float dutyByVoltage = 0.0f;
  61:Core/Inc/PowerManager.hpp ****   float efficiency = 1.0f;
  62:Core/Inc/PowerManager.hpp **** 
  63:Core/Inc/PowerManager.hpp ****   float dutyE = 0.0f;    // E侧占空比
  64:Core/Inc/PowerManager.hpp ****   float dutyEMin = 0.0f; // E侧最小占空比
  65:Core/Inc/PowerManager.hpp **** 
  66:Core/Inc/PowerManager.hpp ****   uint8_t softStartCnt = SOFT_START_TIME;
  67:Core/Inc/PowerManager.hpp ****   float iLLimit = MAX_INDUCTOR_CURRENT;
  68:Core/Inc/PowerManager.hpp **** 
  69:Core/Inc/PowerManager.hpp ****   DCDCMode dcdcMode = BUCK;
  70:Core/Inc/PowerManager.hpp ****   PCMMode pcmMode = IB_VALLEY;
  71:Core/Inc/PowerManager.hpp ****   float iLTarget = 0.0f;
  72:Core/Inc/PowerManager.hpp ****   float IRQload = 0.0f;
  73:Core/Inc/PowerManager.hpp **** };
  74:Core/Inc/PowerManager.hpp **** 
  75:Core/Inc/PowerManager.hpp **** struct ADCData {
 4912              	 .loc 2 75 8 view .LVU1622
 4913              	.LBB333:
 4914 0000 2648     	 ldr r0,.L445
 4915              	.LBE333:
 4916              	.LBE332:
 4917              	.LBB335:
 4918              	.LBB336:
 4919              	.LBB337:
 4920              	.LBB338:
  76:Core/Inc/PowerManager.hpp ****   bool adcInitialized = 0;
  77:Core/Inc/PowerManager.hpp ****   uint32_t rawData12[4 * HRTIM_INT_SCALER];
  78:Core/Inc/PowerManager.hpp ****   uint32_t sumData[4];
  79:Core/Inc/PowerManager.hpp **** 
  80:Core/Inc/PowerManager.hpp **** #ifdef CALIBRATION_MODE
  81:Core/Inc/PowerManager.hpp ****   float tempData[7];
  82:Core/Inc/PowerManager.hpp **** #endif
  83:Core/Inc/PowerManager.hpp ****   uint32_t rawData4[ADC4_BUFFER_SIZE]; // ADC4 原始数据，用于NTC和辅助电源监测
  84:Core/Inc/PowerManager.hpp ****   float iA = 0.0f, iB = 0.0f, iR = 0.0f, iCap; // 电流
  85:Core/Inc/PowerManager.hpp ****   float vA = 0.0f, vB = 0.0f, vCap = 0.0f;     // 电压
  86:Core/Inc/PowerManager.hpp ****   float iChassis = 0.0f;                       // 电容电流，电压
  87:Core/Inc/PowerManager.hpp ****   float pReferee, pChassis; // 裁判系统功率，电容功率，底盘功率，无线充电功�
  88:Core/Inc/PowerManager.hpp ****   float iCaplf = 0.0f, vCaplf = 0.0f; // 电容电压，电压
  89:Core/Inc/PowerManager.hpp ****   float pRefereelf = 0.0f, pChassislf = 0.0f;
  90:Core/Inc/PowerManager.hpp **** 
ARM GAS   			page 127


  91:Core/Inc/PowerManager.hpp ****   float vWPT, iWPT, pWPT, pWPTlf, vWPTlf;
  92:Core/Inc/PowerManager.hpp **** 
  93:Core/Inc/PowerManager.hpp ****   float vAux;
  94:Core/Inc/PowerManager.hpp **** };
  95:Core/Inc/PowerManager.hpp **** 
  96:Core/Inc/PowerManager.hpp **** enum LimitFactor {
  97:Core/Inc/PowerManager.hpp ****   REFEREE_POWER,
  98:Core/Inc/PowerManager.hpp ****   CAPARR_VOLTAGE_MAX,
  99:Core/Inc/PowerManager.hpp ****   CAPARR_VOLTAGE_NORMAL,
 100:Core/Inc/PowerManager.hpp ****   IB_POSITIVE,
 101:Core/Inc/PowerManager.hpp ****   IB_NEGATIVE,
 102:Core/Inc/PowerManager.hpp **** };
 103:Core/Inc/PowerManager.hpp **** 
 104:Core/Inc/PowerManager.hpp **** enum ErrorLevel {
 105:Core/Inc/PowerManager.hpp ****   NO_ERROR = 0,             // 无错误
 106:Core/Inc/PowerManager.hpp ****   ERROR_RECOVER_AUTO = 1,   // 错误，可通过自动恢复
 107:Core/Inc/PowerManager.hpp ****   ERROR_RECOVER_MANUAL = 2, // 错误，可通过发信息恢复
 108:Core/Inc/PowerManager.hpp ****   ERROR_UNRECOVERABLE = 3,  // 错误，不可恢复
 109:Core/Inc/PowerManager.hpp ****   WARNING                   // 警告
 110:Core/Inc/PowerManager.hpp **** };
 111:Core/Inc/PowerManager.hpp **** 
 112:Core/Inc/PowerManager.hpp **** enum WPTStatus {
 113:Core/Inc/PowerManager.hpp ****   WPT_ERROR = 0,    // 非无线充电硬件，或发生错误
 114:Core/Inc/PowerManager.hpp ****   WPT_OFF = 1,      // 无线充电关闭
 115:Core/Inc/PowerManager.hpp ****   WPT_CHARGING = 2, // 无线充电中
 116:Core/Inc/PowerManager.hpp ****   WPT_FINISHED = 3  // 无线充电完成(电压>98%, 能量大于96%)
 117:Core/Inc/PowerManager.hpp **** };
 118:Core/Inc/PowerManager.hpp **** 
 119:Core/Inc/PowerManager.hpp **** struct ControlData {
 120:Core/Inc/PowerManager.hpp ****   struct RefereeData {
 4921              	 .loc 2 120 10 is_stmt 0 view .LVU1623
 4922 0002 2749     	 ldr r1,.L445+4
 4923              	.LBE338:
 4924              	.LBE337:
 4925              	.LBE336:
 4926              	.LBE335:
 4927              	.LBB347:
 4928              	.LBB348:
 4929              	.LBB349:
 4930              	.LBB350:
 4931              	.LBB351:
 4932              	 .file 3 "Core/Inc/Utility.hpp"
   1:Core/Inc/Utility.hpp **** #pragma once
   2:Core/Inc/Utility.hpp **** 
   3:Core/Inc/Utility.hpp **** #include "main.h"
   4:Core/Inc/Utility.hpp **** #include "stdint.h"
   5:Core/Inc/Utility.hpp **** #include "Config.hpp"
   6:Core/Inc/Utility.hpp **** 
   7:Core/Inc/Utility.hpp **** 
   8:Core/Inc/Utility.hpp **** 
   9:Core/Inc/Utility.hpp **** #define M_MIN(a, b) ((a) < (b) ? (a) : (b))
  10:Core/Inc/Utility.hpp **** #define M_MAX(a, b) ((a) > (b) ? (a) : (b))
  11:Core/Inc/Utility.hpp **** 
  12:Core/Inc/Utility.hpp **** #define M_ABS(x) ((x) < 0 ? -(x) : (x))
  13:Core/Inc/Utility.hpp **** 
  14:Core/Inc/Utility.hpp **** #define M_CLAMP(x, min, max) (M_MIN((max), M_MAX((min), (x))))
  15:Core/Inc/Utility.hpp **** 
ARM GAS   			page 128


  16:Core/Inc/Utility.hpp **** #define PEAKI_TO_DACVAL(x) ((x) * (HW_RSENSE * HW_IAMP_GAIN * 4096.0f / ADC_VREF) + 2048U) 
  17:Core/Inc/Utility.hpp **** // dac = (pc * 0.002 * 20 + 1.45) * 4096 / 2.9
  18:Core/Inc/Utility.hpp **** #define SLOPE_TO_DACVAL(x) ((x) * (HW_RSENSE * HW_IAMP_GAIN * 4096.0f / ADC_VREF))
  19:Core/Inc/Utility.hpp **** 
  20:Core/Inc/Utility.hpp **** 
  21:Core/Inc/Utility.hpp **** //照着去年写的，不是正常的增量式PID
  22:Core/Inc/Utility.hpp **** struct IncreasementPID
  23:Core/Inc/Utility.hpp **** {
  24:Core/Inc/Utility.hpp **** public:
  25:Core/Inc/Utility.hpp ****     float kTP = 0.0f, kMP = 0.0f, kI = 0.0f, kD = 0.0f;
  26:Core/Inc/Utility.hpp **** 
  27:Core/Inc/Utility.hpp ****     float t1 = 0.0f;    //上次的target
  28:Core/Inc/Utility.hpp ****     float m1 = 0.0f;    //上次的measure
  29:Core/Inc/Utility.hpp ****     float e2 = 0.0f;    //上上次的误差
  30:Core/Inc/Utility.hpp **** 
  31:Core/Inc/Utility.hpp ****     float deltaOutput = 0.0f;   //输出增量
  32:Core/Inc/Utility.hpp **** 
  33:Core/Inc/Utility.hpp ****     float clamp_upper = 0.0f;
  34:Core/Inc/Utility.hpp ****     float clamp_lower = 0.0f;
  35:Core/Inc/Utility.hpp ****     bool clamp_enabled = false;
  36:Core/Inc/Utility.hpp **** 
  37:Core/Inc/Utility.hpp ****     IncreasementPID(float _kTargetP, float _kMeasureP, float _kI, float _kD): 
  38:Core/Inc/Utility.hpp ****         kTP(_kTargetP), kMP(_kMeasureP), kI(_kI), kD(_kD){}
 4933              	 .loc 3 38 9 view .LVU1624
 4934 0004 274A     	 ldr r2,.L445+8
 4935              	.LBE351:
 4936              	.LBE350:
 4937              	.LBE349:
 4938              	.LBE348:
 4939              	.LBE347:
 4940              	.LBE331:
 4941              	.LBE330:
 4942              	 .loc 1 833 1 view .LVU1625
 4943 0006 10B4     	 push {r4}
 4944              	 .cfi_def_cfa_offset 4
 4945              	 .cfi_offset 4,-4
 4946              	.LBB379:
 4947              	.LBB377:
 4948              	.LBB371:
 4949              	.LBB334:
  75:Core/Inc/PowerManager.hpp ****   bool adcInitialized = 0;
 4950              	 .loc 2 75 8 view .LVU1626
 4951 0008 0023     	 movs r3,#0
 4952 000a 0024     	 movs r4,#0
 4953 000c 0470     	 strb r4,[r0]
 4954 000e 8367     	 str r3,[r0,#120]
 4955 0010 C367     	 str r3,[r0,#124]
 4956 0012 C0F88030 	 str r3,[r0,#128]
 4957 0016 C0F88830 	 str r3,[r0,#136]
 4958 001a C0F88C30 	 str r3,[r0,#140]
 4959 001e C0F89030 	 str r3,[r0,#144]
 4960 0022 C0F89430 	 str r3,[r0,#148]
 4961 0026 C0F8A030 	 str r3,[r0,#160]
 4962 002a C0F8A430 	 str r3,[r0,#164]
 4963 002e C0F8A830 	 str r3,[r0,#168]
 4964 0032 C0F8AC30 	 str r3,[r0,#172]
 4965              	.LVL128:
ARM GAS   			page 129


  75:Core/Inc/PowerManager.hpp ****   bool adcInitialized = 0;
 4966              	 .loc 2 75 8 view .LVU1627
 4967              	.LBE334:
 4968              	.LBE371:
 4969              	.LBB372:
 4970              	.LBI335:
 119:Core/Inc/PowerManager.hpp ****   struct RefereeData {
 4971              	 .loc 2 119 8 is_stmt 1 view .LVU1628
 4972              	.LBB345:
 4973              	.LBB342:
 4974              	.LBI337:
 4975              	 .loc 2 120 10 view .LVU1629
 4976              	.LBB339:
 4977 0036 4FF07E50 	 mov r0,#1065353216
 4978 003a 4860     	 str r0,[r1,#4]
 4979 003c 1A48     	 ldr r0,.L445+12
 4980 003e 8860     	 str r0,[r1,#8]
 4981 0040 4FF07F50 	 mov r0,#1069547520
 4982 0044 C860     	 str r0,[r1,#12]
 4983              	.LBE339:
 4984              	.LBE342:
 119:Core/Inc/PowerManager.hpp ****   struct RefereeData {
 4985              	 .loc 2 119 8 is_stmt 0 discriminator 1 view .LVU1630
 4986 0046 1948     	 ldr r0,.L445+16
 4987 0048 8862     	 str r0,[r1,#40]
 4988 004a 1948     	 ldr r0,.L445+20
 4989 004c C862     	 str r0,[r1,#44]
 4990 004e 4FF48070 	 mov r0,#256
 4991              	.LBB343:
 4992              	.LBB340:
 4993              	 .loc 2 120 10 view .LVU1631
 4994 0052 0C82     	 strh r4,[r1,#16]
 4995 0054 0C83     	 strh r4,[r1,#24]
 4996 0056 CC61     	 str r4,[r1,#28]
 4997 0058 8C84     	 strh r4,[r1,#36]
 4998              	.LVL129:
 4999              	 .loc 2 120 10 view .LVU1632
 5000              	.LBE340:
 5001              	.LBE343:
 119:Core/Inc/PowerManager.hpp ****   struct RefereeData {
 5002              	 .loc 2 119 8 discriminator 1 view .LVU1633
 5003 005a 0886     	 strh r0,[r1,#48]
 5004              	.LVL130:
 119:Core/Inc/PowerManager.hpp ****   struct RefereeData {
 5005              	 .loc 2 119 8 discriminator 1 view .LVU1634
 5006              	.LBE345:
 5007              	.LBE372:
 5008              	.LBB373:
 5009              	.LBI347:
 121:Core/Inc/PowerManager.hpp ****     float kP = 1.0f, kI = 0.04f, kD = 1.5f; // 积分增益
 122:Core/Inc/PowerManager.hpp ****     uint16_t lastError = 0.0f;              // 上次误差
 123:Core/Inc/PowerManager.hpp ****     float integral = 0.0f;                  // 积分值
 124:Core/Inc/PowerManager.hpp ****     int16_t error = 0U;
 125:Core/Inc/PowerManager.hpp ****     uint32_t lastTimestamp = 0;
 126:Core/Inc/PowerManager.hpp ****     float pRefereeBias = 0.0f;
 127:Core/Inc/PowerManager.hpp ****     bool isConnected = 0;
 128:Core/Inc/PowerManager.hpp ****     bool useNewFeedbackMessage = 0;
ARM GAS   			page 130


 129:Core/Inc/PowerManager.hpp ****   };
 130:Core/Inc/PowerManager.hpp **** 
 131:Core/Inc/PowerManager.hpp ****   LimitFactor limitFactor;
 132:Core/Inc/PowerManager.hpp **** 
 133:Core/Inc/PowerManager.hpp ****   RefereeData refLoop;
 134:Core/Inc/PowerManager.hpp **** 
 135:Core/Inc/PowerManager.hpp ****   float pRefereeTarget = REFEREE_DEFUALT_POWER;
 136:Core/Inc/PowerManager.hpp **** 
 137:Core/Inc/PowerManager.hpp ****   float vCapArrNormal = CAPARR_MAX_VOLTAGE;
 138:Core/Inc/PowerManager.hpp **** 
 139:Core/Inc/PowerManager.hpp ****   bool allowCharge = false; // 是否允许充电
 140:Core/Inc/PowerManager.hpp **** 
 141:Core/Inc/PowerManager.hpp ****   WPTStatus wptStatus = WPT_OFF; // 无线充电状态
 142:Core/Inc/PowerManager.hpp **** };
 143:Core/Inc/PowerManager.hpp **** 
 144:Core/Inc/PowerManager.hpp **** struct LoopControlData {
 5010              	 .loc 2 144 8 is_stmt 1 view .LVU1635
 5011              	.LBB368:
 5012              	.LBB362:
 5013              	.LBI349:
  37:Core/Inc/Utility.hpp ****         kTP(_kTargetP), kMP(_kMeasureP), kI(_kI), kD(_kD){}
 5014              	 .loc 3 37 5 view .LVU1636
 5015              	.LBE362:
 5016              	.LBE368:
 5017              	.LBE373:
 5018              	.LBB374:
 5019              	.LBB346:
 5020              	.LBB344:
 5021              	.LBB341:
 120:Core/Inc/PowerManager.hpp ****     float kP = 1.0f, kI = 0.04f, kD = 1.5f; // 积分增益
 5022              	 .loc 2 120 10 is_stmt 0 view .LVU1637
 5023 005c 4B61     	 str r3,[r1,#20]
 5024 005e 0B62     	 str r3,[r1,#32]
 5025              	.LBE341:
 5026              	.LBE344:
 5027              	.LBE346:
 5028              	.LBE374:
 5029              	.LBB375:
 5030              	.LBB369:
 5031              	.LBB363:
 5032              	.LBB357:
 5033              	.LBB352:
 5034              	 .loc 3 38 25 view .LVU1638
 5035 0060 1449     	 ldr r1,.L445+24
 5036              	 .loc 3 38 9 view .LVU1639
 5037 0062 1548     	 ldr r0,.L445+28
 5038              	 .loc 3 38 25 view .LVU1640
 5039 0064 5160     	 str r1,[r2,#4]
 5040              	 .loc 3 38 51 view .LVU1641
 5041 0066 1549     	 ldr r1,.L445+32
 5042              	 .loc 3 38 9 view .LVU1642
 5043 0068 1060     	 str r0,[r2]
 5044              	 .loc 3 38 42 view .LVU1643
 5045 006a 9060     	 str r0,[r2,#8]
 5046              	 .loc 3 38 51 view .LVU1644
 5047 006c D160     	 str r1,[r2,#12]
 5048              	.LBE352:
ARM GAS   			page 131


 5049              	.LBE357:
 5050              	.LBE363:
 5051              	 .loc 2 144 8 discriminator 1 view .LVU1645
 5052 006e 1448     	 ldr r0,.L445+36
 5053              	.LBB364:
 5054              	.LBB358:
 5055              	.LBB353:
 5056              	 .loc 3 38 57 view .LVU1646
 5057 0070 1361     	 str r3,[r2,#16]
 5058 0072 5361     	 str r3,[r2,#20]
 5059              	.LBE353:
 5060              	.LBE358:
 5061              	.LBE364:
 5062              	 .loc 2 144 8 discriminator 1 view .LVU1647
 5063 0074 4FF0804C 	 mov ip,#1073741824
 5064              	.LBB365:
 5065              	.LBB359:
 5066              	.LBB354:
 5067              	 .loc 3 38 57 view .LVU1648
 5068 0078 9361     	 str r3,[r2,#24]
 5069 007a 82F82840 	 strb r4,[r2,#40]
 5070              	.LVL131:
 5071              	 .loc 3 38 57 view .LVU1649
 5072              	.LBE354:
 5073              	.LBE359:
 5074              	.LBE365:
 5075              	 .loc 2 144 8 discriminator 1 view .LVU1650
 5076 007e 1163     	 str r1,[r2,#48]
 5077 0080 104C     	 ldr r4,.L445+40
 5078 0082 1149     	 ldr r1,.L445+44
 5079 0084 D462     	 str r4,[r2,#44]
 5080              	.LBB366:
 5081              	.LBB360:
 5082              	.LBB355:
 5083              	 .loc 3 38 57 view .LVU1651
 5084 0086 D361     	 str r3,[r2,#28]
 5085              	.LBE355:
 5086              	.LBE360:
 5087              	.LBE366:
 5088              	.LBE369:
 5089              	.LBE375:
 5090              	.LBE377:
 5091              	.LBE379:
 5092              	 .loc 1 833 1 view .LVU1652
 5093 0088 5DF8044B 	 ldr r4,[sp],#4
 5094              	 .cfi_restore 4
 5095              	 .cfi_def_cfa_offset 0
 5096              	.LBB380:
 5097              	.LBB378:
 5098              	.LBB376:
 5099              	.LBB370:
 5100              	.LBB367:
 5101              	.LBB361:
 5102              	.LBB356:
 5103              	 .loc 3 38 57 view .LVU1653
 5104 008c 1362     	 str r3,[r2,#32]
 5105 008e 5362     	 str r3,[r2,#36]
ARM GAS   			page 132


 5106              	.LBE356:
 5107              	.LBE361:
 5108              	.LBE367:
 5109              	 .loc 2 144 8 discriminator 1 view .LVU1654
 5110 0090 C2F834C0 	 str ip,[r2,#52]
 5111 0094 9063     	 str r0,[r2,#56]
 5112 0096 D163     	 str r1,[r2,#60]
 5113 0098 5365     	 str r3,[r2,#84]
 5114              	.LVL132:
 5115              	 .loc 2 144 8 discriminator 1 view .LVU1655
 5116              	.LBE370:
 5117              	.LBE376:
 5118              	.LBE378:
 5119              	.LBE380:
 5120              	 .loc 1 833 1 view .LVU1656
 5121 009a 7047     	 bx lr
 5122              	.L446:
 5123              	 .align 2
 5124              	.L445:
 5125 009c 00000000 	 .word adcData
 5126 00a0 00000000 	 .word ctrlData
 5127 00a4 00000000 	 .word mfLoop
 5128 00a8 0AD7233D 	 .word 1025758986
 5129 00ac 00001442 	 .word 1108606976
 5130 00b0 6666E641 	 .word 1105618534
 5131 00b4 CDCC4C3E 	 .word 1045220557
 5132 00b8 CDCCCC3D 	 .word 1036831949
 5133 00bc 0AD7233C 	 .word 1008981770
 5134 00c0 9A99D141 	 .word 1104255386
 5135 00c4 CDCC4C3F 	 .word 1061997773
 5136 00c8 6F12833A 	 .word 981668463
 5137              	 .cfi_endproc
 5138              	.LFE651:
 5140              	 .section .init_array,"aw",%init_array
 5141              	 .align 2
 5142 0000 00000000 	 .word _GLOBAL__sub_I_sysData(target1)
 5143              	 .global psData
 5144              	 .section .data.psData,"aw"
 5145              	 .align 2
 5148              	psData:
 5149 0000 00       	 .byte 0
 5150 0001 00       	 .byte 0
 5151 0002 00       	 .byte 0
 5152 0003 01       	 .byte 1
 5153 0004 00000000 	 .word 0
 5154 0008 0000803F 	 .word 1065353216
 5155 000c 00000000 	 .word 0
 5156 0010 00000000 	 .word 0
 5157 0014 08       	 .byte 8
 5158 0015 000000   	 .space 3
 5159 0018 0000C841 	 .word 1103626240
 5160 001c 00       	 .byte 0
 5161 001d 00       	 .byte 0
 5162 001e 0000     	 .space 2
 5163 0020 00000000 	 .word 0
 5164 0024 00000000 	 .word 0
 5165              	 .global errorData
ARM GAS   			page 133


 5166              	 .section .bss.errorData,"aw",%nobits
 5167              	 .align 2
 5170              	errorData:
 5171 0000 00000000 	 .space 28
 5171      00000000 
 5171      00000000 
 5171      00000000 
 5171      00000000 
 5172              	 .global mfLoop
 5173              	 .section .bss.mfLoop,"aw",%nobits
 5174              	 .align 2
 5177              	mfLoop:
 5178 0000 00000000 	 .space 88
 5178      00000000 
 5178      00000000 
 5178      00000000 
 5178      00000000 
 5179              	 .global capStatus
 5180              	 .section .data.capStatus,"aw"
 5181              	 .align 2
 5184              	capStatus:
 5185 0000 00000040 	 .word 1073741824
 5186 0004 00000040 	 .word 1073741824
 5187 0008 00000000 	 .word 0
 5188 000c 00000000 	 .word 0
 5189 0010 00000000 	 .word 0
 5190 0014 CDCC8C40 	 .word 1082969293
 5191 0018 2EBA683E 	 .word 1047050798
 5192 001c 00000000 	 .word 0
 5193 0020 00000000 	 .word 0
 5194 0024 0000     	 .short 0
 5195 0026 0000     	 .space 2
 5196              	 .global ctrlData
 5197              	 .section .bss.ctrlData,"aw",%nobits
 5198              	 .align 2
 5201              	ctrlData:
 5202 0000 00000000 	 .space 52
 5202      00000000 
 5202      00000000 
 5202      00000000 
 5202      00000000 
 5203              	 .global adcData
 5204              	 .section .bss.adcData,"aw",%nobits
 5205              	 .align 3
 5208              	adcData:
 5209 0000 00000000 	 .space 200
 5209      00000000 
 5209      00000000 
 5209      00000000 
 5209      00000000 
 5210              	 .global sysData
 5211              	 .section .bss.sysData,"aw",%nobits
 5212              	 .align 2
 5215              	sysData:
 5216 0000 00000000 	 .space 28
 5216      00000000 
 5216      00000000 
ARM GAS   			page 134


 5216      00000000 
 5216      00000000 
 5217              	 .text
 5218              	.Letext0:
 5219              	 .file 4 "/usr/lib/gcc/arm-none-eabi/14.2.1/include/stdint.h"
 5220              	 .file 5 "Drivers/CMSIS/Device/ST/STM32G4xx/Include/stm32g474xx.h"
 5221              	 .file 6 "Drivers/CMSIS/Device/ST/STM32G4xx/Include/stm32g4xx.h"
 5222              	 .file 7 "Drivers/STM32G4xx_HAL_Driver/Inc/stm32g4xx_hal_def.h"
 5223              	 .file 8 "Drivers/STM32G4xx_HAL_Driver/Inc/stm32g4xx_hal_dma.h"
 5224              	 .file 9 "Drivers/STM32G4xx_HAL_Driver/Inc/stm32g4xx_hal_adc.h"
 5225              	 .file 10 "Drivers/STM32G4xx_HAL_Driver/Inc/stm32g4xx_hal_comp.h"
 5226              	 .file 11 "Drivers/STM32G4xx_HAL_Driver/Inc/stm32g4xx_hal_dac.h"
 5227              	 .file 12 "Drivers/STM32G4xx_HAL_Driver/Inc/stm32g4xx_hal_hrtim.h"
 5228              	 .file 13 "Drivers/STM32G4xx_HAL_Driver/Inc/stm32g4xx_hal_opamp.h"
 5229              	 .file 14 "Drivers/STM32G4xx_HAL_Driver/Inc/stm32g4xx_hal_tim.h"
 5230              	 .file 15 "Core/Inc/tim.h"
 5231              	 .file 16 "Core/Inc/adc.h"
 5232              	 .file 17 "/usr/include/newlib/c++/14.2.1/cmath"
 5233              	 .file 18 "/usr/include/newlib/c++/14.2.1/bits/std_abs.h"
 5234              	 .file 19 "/usr/include/newlib/c++/14.2.1/arm-none-eabi/thumb/v7e-m+fp/hard/bits/c++config.h"
 5235              	 .file 20 "/usr/include/newlib/math.h"
 5236              	 .file 21 "/usr/include/newlib/c++/14.2.1/math.h"
 5237              	 .file 22 "Core/Inc/Communication.hpp"
 5238              	 .file 23 "Core/Inc/Interface.hpp"
 5239              	 .file 24 "Core/Inc/hrtim.h"
 5240              	 .file 25 "Core/Inc/comp.h"
 5241              	 .file 26 "Core/Inc/dac.h"
 5242              	 .file 27 "Core/Inc/opamp.h"
 5243              	 .file 28 "Drivers/STM32G4xx_HAL_Driver/Inc/stm32g4xx_hal_dac_ex.h"
 5244              	 .file 29 "Drivers/STM32G4xx_HAL_Driver/Inc/stm32g4xx_hal_adc_ex.h"
 5245              	 .file 30 "Drivers/STM32G4xx_HAL_Driver/Inc/stm32g4xx_hal.h"
ARM GAS   			page 135


DEFINED SYMBOLS
                            *ABS*:00000000 PowerManager.cpp
    {standard input}:19     .text._ZN5HRTIM10startTimerEv:00000000 $t
    {standard input}:26     .text._ZN5HRTIM10startTimerEv:00000000 _ZN5HRTIM10startTimerEv
    {standard input}:78     .text._ZN5HRTIM10startTimerEv:00000040 $d
    {standard input}:5148   .data.psData:00000000 psData
    {standard input}:84     .text._ZN5HRTIM9stopTimerEv:00000000 $t
    {standard input}:91     .text._ZN5HRTIM9stopTimerEv:00000000 _ZN5HRTIM9stopTimerEv
    {standard input}:173    .text._ZN5HRTIM9stopTimerEv:00000050 $d
    {standard input}:179    .text._ZN5HRTIM14enableOutputABEv:00000000 $t
    {standard input}:186    .text._ZN5HRTIM14enableOutputABEv:00000000 _ZN5HRTIM14enableOutputABEv
    {standard input}:251    .text._ZN5HRTIM14enableOutputABEv:00000034 $d
    {standard input}:257    .text._ZN5HRTIM13enableOutputEEf:00000000 $t
    {standard input}:264    .text._ZN5HRTIM13enableOutputEEf:00000000 _ZN5HRTIM13enableOutputEEf
    {standard input}:320    .text._ZN5HRTIM13enableOutputEEf:00000038 $d
    {standard input}:327    .text._ZN5HRTIM14disableOutputEEv:00000000 $t
    {standard input}:334    .text._ZN5HRTIM14disableOutputEEv:00000000 _ZN5HRTIM14disableOutputEEv
    {standard input}:371    .text._ZN5HRTIM14disableOutputEEv:00000020 $d
    {standard input}:377    .text._ZN5HRTIM15disableOutputABEv:00000000 $t
    {standard input}:384    .text._ZN5HRTIM15disableOutputABEv:00000000 _ZN5HRTIM15disableOutputABEv
    {standard input}:429    .text._ZN5HRTIM15disableOutputABEv:00000024 $d
    {standard input}:435    .code_in_ram:00000000 $t
    {standard input}:442    .code_in_ram:00000000 _ZN5HRTIM16modeStateMachineEv
    {standard input}:478    .code_in_ram:00000034 $d
    {standard input}:482    .code_in_ram:00000038 $t
    {standard input}:710    .code_in_ram:00000196 $d
    {standard input}:712    .code_in_ram:00000198 $t
    {standard input}:753    .code_in_ram:000001d0 $d
    {standard input}:5208   .bss.adcData:00000000 adcData
    {standard input}:771    .text._ZN3ADC10initAnalogEv:00000000 $t
    {standard input}:778    .text._ZN3ADC10initAnalogEv:00000000 _ZN3ADC10initAnalogEv
    {standard input}:864    .text._ZN3ADC10initAnalogEv:00000058 $d
    {standard input}:875    .text._ZN3ADC7initADCEv:00000000 $t
    {standard input}:882    .text._ZN3ADC7initADCEv:00000000 _ZN3ADC7initADCEv
    {standard input}:945    .text._ZN3ADC7initADCEv:00000044 $d
    {standard input}:953    .code_in_ram:00000208 $t
    {standard input}:960    .code_in_ram:00000208 _ZN3ADC11updateADCmfEv
    {standard input}:1383   .code_in_ram:00000444 $d
    {standard input}:1405   .text._ZN3ADC11updateADClfEv:00000000 $t
    {standard input}:1412   .text._ZN3ADC11updateADClfEv:00000000 _ZN3ADC11updateADClfEv
    {standard input}:1444   .text._ZN3ADC11updateADClfEv:00000024 $d
    {standard input}:1451   .text._ZN12PowerControl17powerOnOffControlEv:00000000 $t
    {standard input}:1458   .text._ZN12PowerControl17powerOnOffControlEv:00000000 _ZN12PowerControl17powerOnOffControlEv
    {standard input}:1611   .text._ZN12PowerControl17powerOnOffControlEv:00000090 $d
    {standard input}:5170   .bss.errorData:00000000 errorData
    {standard input}:1619   .code_in_ram:0000048c $t
    {standard input}:1626   .code_in_ram:0000048c _ZN12PowerControl12updateMFLoopEv
    {standard input}:1927   .code_in_ram:00000678 $d
    {standard input}:5201   .bss.ctrlData:00000000 ctrlData
    {standard input}:5184   .data.capStatus:00000000 capStatus
    {standard input}:5177   .bss.mfLoop:00000000 mfLoop
    {standard input}:1945   .text._ZN12PowerControl18updateRefereePowerERK6RxDataRKm:00000000 $t
    {standard input}:1952   .text._ZN12PowerControl18updateRefereePowerERK6RxDataRKm:00000000 _ZN12PowerControl18updateRefereePowerERK6RxDataRKm
    {standard input}:2070   .text._ZN12PowerControl18updateRefereePowerERK6RxDataRKm:000000d4 $d
    {standard input}:2078   .text._ZN12PowerControl18checkRxDataTimeoutERKm:00000000 $t
    {standard input}:2085   .text._ZN12PowerControl18checkRxDataTimeoutERKm:00000000 _ZN12PowerControl18checkRxDataTimeoutERKm
    {standard input}:2163   .text._ZN12PowerControl18checkRxDataTimeoutERKm:0000004c $d
ARM GAS   			page 136


    {standard input}:2171   .text._ZN10Protection14errorHandlerLFEv:00000000 $t
    {standard input}:2178   .text._ZN10Protection14errorHandlerLFEv:00000000 _ZN10Protection14errorHandlerLFEv
    {standard input}:2478   .text._ZN10Protection14errorHandlerLFEv:000000e0 $d
    {standard input}:2488   .text._ZN10Protection15checkLowBatteryEv:00000000 $t
    {standard input}:2495   .text._ZN10Protection15checkLowBatteryEv:00000000 _ZN10Protection15checkLowBatteryEv
    {standard input}:2598   .text._ZN10Protection15checkLowBatteryEv:00000084 $d
    {standard input}:2606   .code_in_ram:000006a8 $t
    {standard input}:2613   .code_in_ram:000006a8 _ZN10Protection17checkShortCircuitEv
    {standard input}:2820   .code_in_ram:000007a0 $d
    {standard input}:2827   .code_in_ram:000007b0 $t
    {standard input}:2834   .code_in_ram:000007b0 _ZN10Protection15checkEfficiencyEv
    {standard input}:2896   .code_in_ram:00000814 $d
    {standard input}:2902   .text._ZN10Protection17hrtimFaultHandlerEv:00000000 $t
    {standard input}:2909   .text._ZN10Protection17hrtimFaultHandlerEv:00000000 _ZN10Protection17hrtimFaultHandlerEv
    {standard input}:3293   .text._ZN10Protection17hrtimFaultHandlerEv:00000154 $d
    {standard input}:3303   .text._ZN10Protection10configAWDGEv:00000000 $t
    {standard input}:3310   .text._ZN10Protection10configAWDGEv:00000000 _ZN10Protection10configAWDGEv
    {standard input}:3360   .text._ZN10Protection10configAWDGEv:0000002c $d
    {standard input}:3369   .text._ZN10Protection16checkHardwareUIDEv:00000000 $t
    {standard input}:3376   .text._ZN10Protection16checkHardwareUIDEv:00000000 _ZN10Protection16checkHardwareUIDEv
    {standard input}:3401   .text._ZN10Protection16checkHardwareUIDEv:00000014 $d
    {standard input}:5215   .bss.sysData:00000000 sysData
    {standard input}:3407   .text._ZN10Protection14autoClearErrorEv:00000000 $t
    {standard input}:3414   .text._ZN10Protection14autoClearErrorEv:00000000 _ZN10Protection14autoClearErrorEv
    {standard input}:3522   .text._ZN10Protection14autoClearErrorEv:00000044 $d
    {standard input}:3534   .text._ZN10Protection16manualClearErrorEv:00000000 $t
    {standard input}:3541   .text._ZN10Protection16manualClearErrorEv:00000000 _ZN10Protection16manualClearErrorEv
    {standard input}:3649   .text._ZN10Protection16manualClearErrorEv:00000040 $d
    {standard input}:3661   .code_in_ram:0000081c $t
    {standard input}:3668   .code_in_ram:0000081c _ZN6CAPARR16updateMaxCurrentEv
    {standard input}:3738   .code_in_ram:00000890 $d
    {standard input}:3747   .text._ZN6CAPARR19getMaxPowerFeedbackEv:00000000 $t
    {standard input}:3754   .text._ZN6CAPARR19getMaxPowerFeedbackEv:00000000 _ZN6CAPARR19getMaxPowerFeedbackEv
    {standard input}:3819   .text._ZN6CAPARR19getMaxPowerFeedbackEv:0000007c $d
    {standard input}:3827   .text._ZN6CAPARR17restartEstimationERKm:00000000 $t
    {standard input}:3834   .text._ZN6CAPARR17restartEstimationERKm:00000000 _ZN6CAPARR17restartEstimationERKm
    {standard input}:3876   .text._ZN6CAPARR17restartEstimationERKm:00000024 $d
    {standard input}:3882   .text._ZN6CAPARR16estimateCapacityERKm:00000000 $t
    {standard input}:3889   .text._ZN6CAPARR16estimateCapacityERKm:00000000 _ZN6CAPARR16estimateCapacityERKm
    {standard input}:4188   .text._ZN6CAPARR16estimateCapacityERKm:0000016c $d
    {standard input}:4200   .code_in_ram:000008a4 $t
    {standard input}:4207   .code_in_ram:000008a4 HRTIM1_Master_IRQHandler
    {standard input}:4446   .code_in_ram:000009f0 $d
    {standard input}:4463   .text.HRTIM1_FLT_IRQHandler:00000000 $t
    {standard input}:4470   .text.HRTIM1_FLT_IRQHandler:00000000 HRTIM1_FLT_IRQHandler
    {standard input}:4883   .text.HRTIM1_FLT_IRQHandler:00000164 $d
    {standard input}:4891   .text.startup._GLOBAL__sub_I_sysData:00000000 $t
    {standard input}:4897   .text.startup._GLOBAL__sub_I_sysData:00000000 _GLOBAL__sub_I_sysData
    {standard input}:5125   .text.startup._GLOBAL__sub_I_sysData:0000009c $d
    {standard input}:5141   .init_array:00000000 $d
    {standard input}:5145   .data.psData:00000000 $d
    {standard input}:5167   .bss.errorData:00000000 $d
    {standard input}:5174   .bss.mfLoop:00000000 $d
    {standard input}:5181   .data.capStatus:00000000 $d
    {standard input}:5198   .bss.ctrlData:00000000 $d
    {standard input}:5205   .bss.adcData:00000000 $d
    {standard input}:5212   .bss.sysData:00000000 $d
ARM GAS   			page 137


                           .group:00000000 wm4.0.8f6dc0222acdce5cfa516585efe99e42
                           .group:00000000 wm4.stm32g4xx_hal_conf.h.23.942b1d1576b5866b7e11680d4727b823
                           .group:00000000 wm4.stm32g4xx.h.38.4ce5d67cecf3db23972af81b516b937b
                           .group:00000000 wm4.stm32g474xx.h.34.0f14ed7ce45f8c3c7c55af7520d7efa5
                           .group:00000000 wm4.stdint.h.29.6d480f4ba0f60596e88234283d42444f
                           .group:00000000 wm4.cmsis_version.h.32.46e8eccfa2cfeaae11d008bb2823a3ed
                           .group:00000000 wm4.core_cm4.h.66.e4ff136c4a17abc46741866f64f8e729
                           .group:00000000 wm4.cmsis_gcc.h.26.78077cef1206e937f7b56043ffca496a
                           .group:00000000 wm4.core_cm4.h.174.701851045f388571f9bdeebf2557adc2
                           .group:00000000 wm4.mpu_armv7.h.32.4049752bb5792d4e15357775e9506cfc
                           .group:00000000 wm4.stm32g474xx.h.714.40df4d5d8bd1a3a0e2dcb49e18b09038
                           .group:00000000 wm4.stm32g4xx.h.158.aa4340ed3b15fb0d4b1741cf5ce96563
                           .group:00000000 wm4.stm32_hal_legacy.h.22.e1e932ae083ad1562e3b1af87ae47999
                           .group:00000000 wm4.stddef.h.39.6a366d794a51dd51221993fa348b00b3
                           .group:00000000 wm4.stm32g4xx_hal_def.h.57.460ac21f0caebde175d7222cb23afe15
                           .group:00000000 wm4.stm32g4xx_hal_rcc.h.135.8d28bdf720f4165758e115c83d05a7c2
                           .group:00000000 wm4.stm32g4xx_hal_rcc_ex.h.20.a381de89af88802207f549f948fabbc4
                           .group:00000000 wm4.stm32g4xx_hal_gpio.h.21.2ca30689d7a5ad939e06f5298d557243
                           .group:00000000 wm4.stm32g4xx_hal_gpio_ex.h.22.1b7da6fc7615b2341724123ae8e461d9
                           .group:00000000 wm4.stm32g4xx_hal_dma.h.21.2e23b0d56595a6b838cda841e78b2cf2
                           .group:00000000 wm4.stm32g4xx_hal_dma_ex.h.21.93a1fe56678997ad72754076070f4a0d
                           .group:00000000 wm4.stm32g4xx_hal_dma.h.803.dd88ea57b632f588d556f066658ac8d8
                           .group:00000000 wm4.stm32g4xx_hal_cortex.h.20.1ad77fb6b4fc679887cb0a980ea44a7a
                           .group:00000000 wm4.stm32g4xx_ll_adc.h.21.8052bcc80fb264686ac0eb0df096b4eb
                           .group:00000000 wm4.stm32g4xx_hal_adc.h.441.b9143c2a34e1e7389f3042e2226178dc
                           .group:00000000 wm4.stm32g4xx_hal_adc_ex.h.21.bf5e513b0c782ac53971b6599734b8c4
                           .group:00000000 wm4.stm32g4xx_ll_exti.h.21.3148a6980741767f71761eb445f346e9
                           .group:00000000 wm4.stm32g4xx_hal_comp.h.74.993852ecfac8b19c902e64e33c61511c
                           .group:00000000 wm4.stm32g4xx_hal_dac.h.21.db627068e52007634376a4c972c5d419
                           .group:00000000 wm4.stm32g4xx_hal_dac_ex.h.21.3725e9b2e9e08a08e2a598b2d2f18a92
                           .group:00000000 wm4.stm32g4xx_hal_exti.h.21.723acd8e98480aae634680651af4eb2a
                           .group:00000000 wm4.stm32g4xx_hal_fdcan.h.21.7e3b4b48cfc4adf8b669f7e4b16ec2a0
                           .group:00000000 wm4.stm32g4xx_hal_flash.h.20.d5eb04c7abbe2eb79b40a04b3414a774
                           .group:00000000 wm4.stm32g4xx_hal_flash.h.868.06dd2f9ca2f40ac164951ad647480079
                           .group:00000000 wm4.stm32g4xx_hal_hrtim.h.21.5bb9cc2116aa63503a68d53ce84fbb8c
                           .group:00000000 wm4.stm32g4xx_hal_opamp.h.21.0de86917e81e98dccfa125838db59b66
                           .group:00000000 wm4.stm32g4xx_hal_pwr.h.21.9b149e14c0ecf58cee46e8fb7f654b77
                           .group:00000000 wm4.stm32g4xx_hal_pwr_ex.h.21.32206cbbd2cbec024b8600a98cfa3df7
                           .group:00000000 wm4.stm32g4xx_hal_tim.h.21.48998681c932026239437f6645b6b47f
                           .group:00000000 wm4.stm32g4xx_hal_tim_ex.h.21.931c546f492dcdbc9ac587da38712500
                           .group:00000000 wm4.stm32g4xx_hal.h.49.77ad48c45d6a59e5132483403b560be0
                           .group:00000000 wm4.main.h.60.b5d5fcf8e20642920eaa5e2c93fc5ae7
                           .group:00000000 wm4.Calibration.hpp.4.a4f49770609d195a35655cd77ee7e972
                           .group:00000000 wm4.Config.hpp.7.5a1c6f241ed32fadaecb2e346a2a47fe
                           .group:00000000 wm4.cconfig.h.31.efd9728f6c1cd95dec278d75223964a3
                           .group:00000000 wm4.cpu_defines.h.31.bf53b50a3b7882b34c717ebded187478
                           .group:00000000 wm4.cconfig.h.688.a028d521e16055a3e4f3d534dbab57df
                           .group:00000000 wm4.cpp_type_traits.h.33.b2288289d5c7729e9da760b2466185ce
                           .group:00000000 wm4._newlib_version.h.4.0eb654b64686e2bd29646258853f6c22
                           .group:00000000 wm4.newlib.h.27.c836a31b4651d2e2221512767dba946d
                           .group:00000000 wm4.ieeefp.h.77.61a77db5804869b1dadd307a77cf78c9
                           .group:00000000 wm4.features.h.22.4b93ad64e0d80833c46a20ecae380bb0
                           .group:00000000 wm4.config.h.224.88344135d9de3e7ea139102cd6493448
                           .group:00000000 wm4._ansi.h.21.5136fa2a01d1fcd44a2e65c6c2417611
                           .group:00000000 wm4._default_types.h.6.959254cf5f09734ea7516c89e8bb21bd
                           .group:00000000 wm4.cdefs.h.49.709b2487a8c4d8a66169e88314babbf0
                           .group:00000000 wm4._types.h.20.dd0d04dca3800a0d2a6129b87f3adbb2
ARM GAS   			page 138


                           .group:00000000 wm4.stddef.h.158.3fff3361c70cda206521c37291df2349
                           .group:00000000 wm4._types.h.127.3bdfe3ff8ea2d0985b03d9cbe93480e3
                           .group:00000000 wm4.reent.h.18.25503cdc8b7e55dd0d6ea7b3e5af7a03
                           .group:00000000 wm4.lock.h.2.c0958401bd0ce484d507ee19aacab817
                           .group:00000000 wm4.reent.h.78.390de510207922ae4defb78c0f450fc3
                           .group:00000000 wm4.assert.h.11.a5d97ca77559a42890313c4941c01fd9
                           .group:00000000 wm4.reent.h.463.ea06f504d21c8c4258c6fe87e50d6d65
                           .group:00000000 wm4.math.h.13.2e6865621b215578d4c2c0c464db4955
                           .group:00000000 wm4.std_abs.h.31.040e5b5b1580bc5021e41927de41d0b5
                           .group:00000000 wm4.stdlib.h.13.4ed386f5c1a80d71e72172885d946ef2
                           .group:00000000 wm4.stddef.h.158.0f92cc28c47dc7125844b7df2e400b04
                           .group:00000000 wm4.alloca.h.8.dfc0c703c47ec3e69746825b17d9e66d
                           .group:00000000 wm4.stdlib.h.56.f4862cfbf4363a1db01842d5bdf72c18
                           .group:00000000 wm4.std_abs.h.42.301267e565a27b578b118540cf0e4de0
                           .group:00000000 wm4.cmath.52.8686cf09462fb5ec874ed5812f528e33
                           .group:00000000 wm4.version.h.53.eddb904a5ed2508953a0d233a0cbe846
                           .group:00000000 wm4.cmath.59.a017be978e4f860d3dddb5e396d497ec
                           .group:00000000 wm4.Interface.hpp.10.709a2db53a2c99c6d60ed43b74d29ae4
                           .group:00000000 wm4.Utility.hpp.9.378999a7136498b1fcaa268e05c8cfe4
                           .group:00000000 wm4.PowerManager.hpp.21.90a99520fd5feac35accd2a34e2f07b6

UNDEFINED SYMBOLS
HAL_HRTIM_WaveformCountStart
HAL_HRTIM_WaveformCountStart_DMA
hhrtim1
HAL_HRTIM_WaveformOutputStop
_ZN6Buzzer4playEtt
HAL_HRTIM_WaveformCountStop
HAL_HRTIM_WaveformOutputStart
HAL_OPAMP_SelfCalibrate
HAL_Delay
HAL_OPAMP_Start
HAL_DAC_Start
HAL_COMP_Start
hopamp1
hopamp2
hopamp3
hopamp4
hdac1
hcomp2
hcomp3
HAL_ADCEx_Calibration_Start
HAL_ADCEx_MultiModeStart_DMA
HAL_ADC_Start
HAL_ADC_Start_DMA
hadc1
hadc2
hadc4
_ZN15IncreasementPID12computeDeltaEff
_ZN15IncreasementPID9getOutputEv
rxData1
HAL_DACEx_SawtoothWaveGenerate
_ZN15IncreasementPID10resetErrorEv
htim16
HAL_HRTIM_IRQHandler
