:020000040800F2
:1000000000000220A9A100083D12000841120008CA
:1000100045120008491200084D12000800000000B7
:100020000000000000000000000000005112000865
:100030005512000800000000591200085D12000867
:10004000F9A10008F9A10008F9A10008F9A1000828
:10005000F9A10008F9A10008F9A10008F9A1000818
:10006000F9A10008F9A10008F9A10008F9A1000808
:10007000F9A10008F9A10008F9A10008F9A10008F8
:10008000F9A10008F9A10008F9A10008F9A10008E8
:10009000F9A10008F9A10008F9A10008F9A10008D8
:1000A000F9A10008F9A10008F9A10008F9A10008C8
:1000B000F9A10008F9A10008F9A10008F9A10008B8
:1000C000F9A10008F9A10008F9A10008F9A10008A8
:1000D000F9A10008F9A10008F9A10008F9A1000898
:1000E000F9A10008F9A10008F9A10008F9A1000888
:1000F000F9A10008F9A10008F9A10008F9A1000878
:10010000F9A10008F9A10008F9A10008F9A1000867
:10011000F9A10008F9A1000861120008F9A100087E
:10012000F9A10008F9A10008F9A10008F9A1000847
:10013000F9A10008F9A10008F9A10008F9A1000837
:10014000F9A10008F9A10008F9A10008FDA900081B
:10015000F9A10008F9A10008F9A10008F9A1000817
:10016000F9A10008799D0008F9A10008F9A100088B
:10017000F9A10008F9A100087D1200088912000801
:10018000F9A10008F9A10008F9A10008F9A10008E7
:10019000F9A1000800000000F9A10008F9A1000879
:1001A00069910008F9A10008F9A10008F9A1000867
:1001B000F9A10008F9A10008F9A10008F9A10008B7
:1001C000F9A10008F9A10008F9A10008F9A10008A7
:0801D000F9A10008F9A10008E3
:1001D8000348044B834202D0034B03B118477047CE
:1001E8005C0000205C000020000000000548064B71
:1001F8001B1AD90F01EBA301491002D0034B03B11D
:10020800184770475C0000205C00002000000000D8
:1002180010B5064C237843B9FFF7DAFF044B13B146
:100228000448AFF300800123237010BD6000002054
:1002380000000000FCA1000808B5044B1BB10449EC
:100248000448AFF30080BDE80840CFE70000000095
:1002580064000020FCA1000870B50F4B0F4DAB42A5
:10026800A3EB050607D0B610002455F8043B01346B
:100278009847A642F9D809F0BDFF094D094B5E1B06
:10028800AB424FEAA60606D0002455F8043B0134D9
:100298009847A642F9D870BDCCAD0008CCAD00088F
:1002A800CCAD0008DCAD0008830730B547D0541E3C
:1002B800002A3ED0CAB2034601E0013C39D303F814
:1002C800012B9D07F9D1032C2CD9CDB205EB0525BF
:1002D8000F2C05EB054535D9A4F1100222F00F0CBF
:1002E80003F1100EE6444FEA121C1A46C2E9005503
:1002F800C2E9025510327245F8D10CF1010214F02E
:100308000C0F03EB021204F00F0C13D0ACF1040332
:1003180023F003030433134442F8045B9342FBD1F4
:100328000CF003042CB1C9B21C4403F8011BA3420E
:10033800FBD130BD64461346002CF4D1F9E70346DF
:100348001446C0E71A46A446E0E700BF00000000D4
:1003580010B594B03822002106A8FFF7A5FF0020A9
:10036800CDE90100CDE90300059004F0C7F89FED41
:10037800127B02230324552206A88DED067BCDE9C6
:100388000D34CDE90F32CDE91133139303F0B0F8F2
:1003980008B172B6FEE7042103460F220DEB0100F7
:1003A800CDE90124CDE90333059303F01BFB08B124
:1003B80072B6FEE714B010BD010000000000010095
:1003C80008B503F035F8FFF7C3FF00F02FF801F088
:1003D800DBFC01F00DF800F089F800F051F900F0AD
:1003E80075FB00F035FE00F0F1FB00F085FC00F035
:1003F80027FC00F0E7F900F0C3FC00F0A7FC01F0CF
:10040800FDFC01F0C3FE01F0D9FD01F0DFFC01F0B5
:100418000DFD01F0EFFD01F009FE00F0A9FE01F06D
:10042800B3FD09F057FEFEE772B6FEE730B50024CB
:100438008BB0CDE90444CDE906442A4B0894DA6C24
:10044800294842F00402DA64DA6C02F004020092ED
:10045800009ADA6C42F02002DA64DA6C02F02002C8
:100468000192019ADA6C42F00102DA64DA6C02F065
:1004780001020292029ADA6C42F00202DA64DB6C40
:1004880003F00203039322468021039B03F006FF37
:1004980022464FF400414FF0904003F0FFFE012543
:1004A8004FF40052002304A90F480695CDE9042310
:1004B80003F030FD802304A90B480493CDE90554CB
:1004C800079403F027FD4FF40042032304A94FF0DB
:1004D8009040CDE90425CDE9064303F01BFD0BB0A0
:1004E80030BD00BF001002400008004810B50024CD
:1004F80092B0214620220AA8CDE90144CDE904445E
:10050800CDE90644CDE9084400940394FFF7CCFEF6
:10051800534B1A46C3E902441C619C8383F8244068
:1005280083F8404018460123536182F83830042389
:10053800936113624FF0A0414FF44033C2E90013B6
:100548004FF4D4644FF48063C2E90B434FF48053F3
:10055800D36301F0B1FE002866D14FF400430622B0
:10056800CDE900233E4800236946029302F090FE3D
:10057800002872D13B493C4A05924FF440000023C1
:10058800CDE9031040F6FF7235488DF8183003A9FD
:10059800CDE90723099302F07DFA00285AD1334A9E
:1005A8002F480623CDE90A2302217F23CDE90C1326
:1005B800042200230AA9CDE90E2301F0DDFF00285B
:1005C80045D12B4A26480C230AA9CDE90A2301F074
:1005D800D3FF002838D1244A214812230AA9CDE99B
:1005E8000A2301F0C9FF60BB224A1D4818230AA943
:1005F800CDE90A2301F0C0FF00BB1F4C1B4B184874
:1006080005934FF0E07203A9CDE9034202F042FAE4
:1006180088B91A4A164B1248039203A9059302F0A7
:1006280039FA20B912B010BDFFF7FEFE95E7FFF7C3
:10063800FBFE12B010BDFFF7F7FEEAE7FFF7F4FE86
:10064800DBE7FFF7F1FECFE7FFF7EEFEC3E7FFF7C3
:10065800EBFEB6E7FFF7E8FEA1E7FFF7E5FE89E75F
:10066800180200200000C07D001060320002B02592
:10067800000180210800900CFFFF1700FFFF2700F2
:1006880010B52022002490B00DEB02002146CDE9E0
:100698000144CDE90344CDE905440794FFF704FE7E
:1006A800414A424B13604FF4403353600123C2E97F
:1006B800044304239361136210464FF48053C2E944
:1006C8000244948382F8244082F83840D36382F845
:1006D800404001F0F1FD002850D13549354A0392D8
:1006E8004FF440000023CDE9011040F6FF722E4878
:1006F8008DF8103001A9CDE90523079302F0CAF956
:1007080000284ED12C4A28480623CDE90823022187
:100718007F23CDE90A130422002308A9CDE90C237D
:1007280001F02AFF002839D1224A1F480C2308A9C2
:10073800CDE9082301F020FF68BB12231A4809936A
:1007480008A901F019FF18BB1C4A1748182308A963
:10075800CDE9082301F010FFB8B9194C164A0392E5
:100768004FF0E070CDE9014001230F488DF81030BB
:1007780001A902F08FF920B910B010BDFFF754FE9F
:10078800ABE7FFF751FE10B010BDFFF74DFEE4E7F1
:10079800FFF74AFED8E7FFF747FECEE7FFF744FE2C
:1007A800C2E7FFF741FEADE7AC01002000010050B1
:1007B8000000C07D0800900C2000F0148000501D3F
:1007C800FFFF170010B588B0202200216846FFF708
:1007D8006BFD2348234901604FF4403141600421F7
:1007E800816102210023012201624FF48051C0E996
:1007F8000233C0E90432C0E90B33838380F8243024
:1008080080F83820C16380F8403001F055FDE0B928
:10081800154913480623CDE900137F2404220293C7
:1008280069460023CDE90342059301F0A5FE98B976
:100838000E4C0B480C2205236946CDE90042029371
:1008480001F09AFE20B908B010BDFFF7EDFDDFE713
:10085800FFF7EAFD08B010BDFFF7E6FDE8E700BFC7
:1008680040010020000500502000F0141000C010C6
:1008780070B50446A4B0002154220FA8CDE90A118E
:10088800CDE90C110E91FFF70FFD2368B3F1A04FCE
:1008980008D0844A934278D0834A934200F0B980C2
:1008A80024B070BD4FF400424FF000530FA80F92D0
:1008B800209303F0A1F9002840F0EA807B4A1368EE
:1008C8000133012B136009D1794BDA6C42F40052E1
:1008D800DA64DB6C03F400530193019B744B754895
:1008E800DA6C754D42F00402DA64DA6C02F0040244
:1008F8000292029ADA6C42F00102DA64DA6C02F0CF
:1009080001020392039ADA6C42F00202DA64DB6CA9
:1009180003F00203002604930C2203230AA9CDE95D
:100928000A230C96049B03F0F5FA042203230AA970
:100938004FF09040CDE90A230C9603F0EBFA02221F
:1009480003230AA95D480C96CDE90A2303F0E2FACD
:100958005B4A0523C5E90023C5E9026680234FF4F5
:1009680000712B614FF40063C5E9051320224FF491
:100978004053C5E90723284603F096FC002840F0B9
:1009880084806565AC6224B070BD4FF400424FF0BE
:1009980000530FA80F92209303F02EF900287AD164
:1009A800424A13680133012B136009D1404BDA6CBA
:1009B80042F40052DA64DB6C03F400530593059BA0
:1009C8003B4BDA6C42F00402DA64DA6C02F004029F
:1009D8000692069ADA6C42F00102DA64DB6C1220A5
:1009E800032103F00103CDE90A01079300240AA9B2
:1009F8003048079B0C9403F08DFA402203234FF0F4
:100A080090400AA9CDE90A230C9403F083FA24B094
:100A180070BD4FF480324FF000430FA80F9221931E
:100A280003F0EAF8002839D1214B2448DA6C254D27
:100A380042F48042DA64DA6C02F480420892089A3E
:100A4800DA6C42F00202DA64DB6C03F00203099309
:100A58004FF440420AA903230026CDE90A230C9645
:100A6800099B03F057FA184A2623C5E90023802377
:100A78004FF400712B614FF40063C5E90513C5E914
:100A8800026620224FF4005373E7FFF7CDFC78E7A6
:100A9800FFF7CAFC12E7FFF7C7FC81E7FFF7C4FCC2
:100AA800C2E700BF00010050000500507C00002094
:100AB8000010024000080048E00000200004004840
:100AC80008000240800000201C04024010B51048B5
:100AD800104C002301221121C4E900030720C4E9B6
:100AE8000620616120460221C4E90233C4E90922D3
:100AF800C4E90B22C4E90D232382A3742162E363B2
:100B080004F040F900B910BDBDE81040FFF78CBCF7
:100B1800006C00408402002010B504469CB00021FF
:100B2800542207A8CDE90211CDE904110691FFF777
:100B3800BBFB234B22689A4201D01CB010BD4FF476
:100B480080524FF0007307A80792159303F054F8EA
:100B580050BB1C4B1C489A6D42F000729A659A6D06
:100B680002F000720092009ADA6C9FED117B42F05D
:100B78000202DA64DB6C8DED027B9FED0F7B03F0E4
:100B88000203019302A90B238DED047B0693019ABE
:100B980003F0C0F900220121582003F03BFD582042
:100BA80003F074FD1CB010BDFFF73EFCD1E700BF99
:100BB8001800000002000000000000000000000013
:100BC800006C0040001002400004004800B51A49BB
:100BD8001A4A89B000230A600846D422CDE90433B2
:100BE800CDE90633CDE90133C1E901330393CA6086
:100BF8000B618B6106F0B0FE90B94FF480530E483C
:100C0800049304A907F0B8FD90B900230A4801939A
:100C180001A9039308F0A6F828B909B05DF804FB08
:100C2800FFF702FCE9E7FFF7FFFB09B05DF804FBFB
:100C3800FFF7FAFBE9E700BFC00600200004004008
:100C480000B52B4A8DB00023CDE90833CDE90A332E
:100C5800CDE90133CDE90333CDE90533C2E90133E9
:100C68000793136180239361224B136010464FF062
:100C7800FF33D36006F070FE18BB4FF480531C4856
:100C8800089308A907F078FD48BB194807F0B8FA97
:100C980010BB00231648019301A9039308F062F8DA
:100CA800B8B99FED117B00220023114804A98DEDEE
:100CB800047BCDE9062307F095FC28B90DB05DF853
:100CC80004FBFFF7B1FBD8E7FFF7AEFB0DB05DF80B
:100CD80004FBFFF7A9FBE4E7FFF7A6FBD9E7FFF75B
:100CE800A3FBD2E7AFF30080000000000100000082
:100CF800F0050020000C004000B51248124985B0EC
:100D0800A92200234260F922CDE90133C0E9023269
:100D180003930160836106F01FFE50B90023094860
:100D2800019301A9039308F01DF828B905B05DF8EF
:100D380004FBFFF779FBF1E7FFF776FB05B05DF8F9
:100D480004FB00BF20050020001000400A480B49A2
:100D580010B500234FF6FF72C0E90013C0E9023254
:100D6800C0E90433836106F0F7FD00B910BDBDE8A2
:100D78001040FFF759BB00BF500400200044014059
:100D880000B51F491F4A89B000230A600846D422CB
:100D9800CDE90433CDE90633CDE90033C1E90133A8
:100DA800C1E904330293CA608B6106F0D5FDA8B986
:100DB8004FF480531248049304A907F0DDFCA8B946
:100DC8009FED0D7B00230E48029369468DED007B55
:100DD80007F0C8FF28B909B05DF804FBFFF724FB4A
:100DE800E6E7FFF721FB09B05DF804FBFFF71CFB02
:100DF800E6E700BFAFF3008000000000000000003D
:100E0800800300200050014070B503685B4A8EB033
:100E180000249342CDE90844CDE90A440C942DD02E
:100E2800B3F1804F4DD0564A934233D0554A93423E
:100E380070D0554A934200F08B80544A934235D083
:100E4800534A934224D1534B186E40F480101866CD
:100E58001B6E03F480132246022107934E20079B42
:100E680003F0D8FB4E2003F011FC224602214F204C
:100E780003F0D0FB4F2003F009FC09E0454B1A6E44
:100E880042F400621A661B6E03F400630093009B31
:100E98000EB070BD3F4B9A6D42F002029A659B6D91
:100EA80003F002030293029B0EB070BD394B1A6E19
:100EB80042F400321A661B6E03F400330693069B55
:100EC800E6E703F50433344E9A6DF46042F001020C
:100ED8009A659B6D3149F46103F0010301933A234C
:100EE800C6E900131022802305464FF400710198CB
:100EF800B26033614FF400624FF480533046C6E964
:100F08000512336203F0D0F9002834D1EE62B562DD
:100F18000EB070BD1F4B22489A6D42F008029A65C8
:100F28009A6D02F008020392039ADA6C42F0020208
:100F3800DA64DB6C03F00203049304240225022321
:100F480008A9CDE90845049A0C9302F0E3FF9FE74E
:100F5800104B986D40F0100098659B6D03F01003DE
:100F68000593224602213620059B03F053FB3620C9
:100F780003F08CFB8CE7FFF757FAC7E7002C01401A
:100F880000040040000C00400010004000440140F4
:100F980000500140001002401C03002008040240D9
:100FA800000400480000000000B50268244989B028
:100FB80000238A42CDE90233CDE90433069305D0F4
:100FC800B2F1804F1DD009B05DF804FB03F18043F6
:100FD80003F504339FED167BDA6C42F00102DA6404
:100FE800DB6C03F00103009302A906234FF0904045
:100FF8008DED027B009A069302F08CFF09B05DF834
:1010080004FB104B1048DA6C42F00202DA64DB6C25
:101018009FED097B03F00203019302A901238DEDE3
:10102800027B019A069302F075FF09B05DF804FB94
:101038000010000002000000000400000200000090
:10104800002C01400010024000040048000000008D
:1010580010B500249CB0342221460FA8CDE90544E0
:10106800CDE90144CDE90944CDE90B44CDE90D446E
:101078000494009408940794FFF716F93A4A3B49F8
:1010880094601023C2E9001340F6C313D3601046DE
:101098008023C2E90444936106F05EFC002848D12D
:1010A8004FF480533048049304A907F065FB0028E7
:1010B80052D12D4806F022FF00284AD100230022F1
:1010C800CDE90023284800236946029307F04AFE29
:1010D80000283BD19FED227B6022002308924FF429
:1010E800007421480B9308A904228DED0C7BCDE9EF
:1010F80009330E9407F0E0FC28BB00234FF400549A
:101108004FF0007218481B930FA9CDE90F33CDE9B2
:101118001133CDE91334CDE91533CDE91732CDE9D3
:10112800193307F079FE38B90F48FFF73DFF1CB0B7
:1011380010BDFFF779F9B3E7FFF776F90A48FFF72B
:1011480033FF1CB010BDFFF76FF9D6E7FFF76CF956
:10115800C0E7FFF769F9B1E7FFF766F9A9E700BF4C
:10116800000000000000000058080020002C01408A
:1011780000B52F4A91B00023CDE90433CDE90633F9
:10118800CDE90133CDE90833CDE90A33CDE90C3394
:10119800C2E9013303930E93136193614FF08043C7
:1011A80013601046D423D36006F0D6FB30BB4FF44F
:1011B80080531F48049304A907F0DEFA78BB1C4843
:1011C80006F09CFE40BB00231948019301A9039334
:1011D80007F0C8FDE8B99FED147B002314480A9373
:1011E800082208A98DED087B0C9307F065FC40B92F
:1011F8000F48FFF7D9FE11B05DF804FBFFF714F9AB
:10120800D5E7FFF711F90A48FFF7CEFE11B05DF8F0
:1012180004FBFFF709F9DEE7FFF706F9D3E7FFF765
:1012280003F9CCE7AFF30080600000000000000085
:101238008C070020FEE700BFFEE700BFFEE700BF07
:10124800FEE700BFFEE700BF704700BF704700BF62
:10125800704700BF02F0FCB808B5044807F0CCF8A6
:10126800BDE80840024803F023BC00BF2005002069
:101278007C0C0020014807F0BFB800BF80030020A5
:10128800014807F0B9B800BF8003002000B5104B33
:101298001A6E42F0010283B01A661A6E02F0010259
:1012A8000092009A9A6D42F080529A659B6D03F005
:1012B800805301932020019B02F0EEF802F000F920
:1012C800002002F0F3F803B05DF804EB03F088B9EE
:1012D80000100240224B02689A4200D0704730B595
:1012E80003F5284383B01A6E1E4D1F4942F08062F1
:1012F8001A661B6E296003F0806301936421102332
:10130800C5E9011300228023C5E903234FF40071C6
:101318004FF40063C5E905130446202201984FF4F1
:1013280000532846C5E9072302F0BEFFA8B90022EA
:101338001146C4F8F4504320AC6203F06BF9432023
:1013480003F0A4F900221146492003F063F949206B
:1013580003B0BDE8304003F099B9FFF765F8E6E758
:1013680000680140280900201C00024030B51E4BCF
:10137800026889B000249A42CDE90244CDE90444C8
:10138800069401D009B030BD03F528430325DA6C73
:10139800164842F00402DA64DA6C02F004020092A1
:1013A800009ADA6C42F00102DA64DB6C03F00103A4
:1013B80001934FF4407202A90223CDE90223CDE93B
:1013C8000555019B02F0A6FD4FF470620223CDE99A
:1013D800022302A90D234FF09040CDE9044506935E
:1013E80002F098FD09B030BD0068014000080048CF
:1013F80030B50024CDB06022214634A8C04D1494E5
:10140800CDE90444CDE90044CDE91544CDE91744BC
:10141800CDE90D44CDE911440C94069410940F9431
:101428001394FEF741FF242221462BA8CDE91A4444
:10143800CDE91C44CDE91E44CDE90844CDE9024478
:1014480020940A94FEF730FF2022214622A8FEF7B6
:101458002BFFAC4B2B602846C5E9014404F0BEF9CC
:10146800002840F08183A6480C2104F0A7FA002840
:1014780040F08383A2480A2104F0D8FA002840F0FB
:1014880085839F48002104F067FC002840F087838B
:101498009FED957B00239A48169314AA01218DEDA0
:1014A800147B189304F024FB002840F0688403237D
:1014B8009348149314AA022104F01AFB002840F060
:1014C8005A8403218E48149114AA04F011FB0028B1
:1014D80040F04D8403238A48149314AA042104F08D
:1014E80007FB002840F03F8403238548149314AA7F
:1014F800052104F0FDFA002840F031849FED7C7B43
:1015080000237F48179314AA06218DED147B04F05D
:10151800EFFA002840F01F8402237948149314AA94
:10152800082104F0E5FA002840F0118474480021ED
:1015380004F01CFD002840F0068402231822CDE99F
:101548000C330023CDE90E236D480CAA012104F0C9
:1015580027FC002840F0F4839FED677B0023684850
:10156800069304AA01218DED047B04F0ADFD00284B
:1015780040F0E383624804AA012104F0A5FD002895
:1015880040F0D8835E4804AA012104F011FD002828
:1015980040F0CD835A4804AA012104F009FD00282F
:1015A80040F0C28301221146554804F029FE5448F0
:1015B80004AA022104F088FD002840F0B2835048B4
:1015C80004AA022104F080FD002840F0A7834C48BB
:1015D80004AA022104F0ECFC002840F09C8348484F
:1015E80004AA022104F0E4FC002840F09183444856
:1015F8000CAA022104F0D4FB002840F07F83404865
:101608000122022104F0FCFD3D4804AA042104F053
:101618005BFD002840F06F83394804AA042104F0D8
:1016280053FD002840F06483354804AA042104F0DF
:10163800BFFC002840F05983314804AA042104F073
:10164800B7FC002840F04E8330232D480E930DEB55
:101658000302042104F0A4FB002840F0408328483A
:101668000122042104F0CCFD254804AA082104F035
:101678002BFD002840F03083214804AA082104F0FB
:1016880023FD002840F025831D4804AA082104F002
:101698008FFC002840F01A83194804AA082104F096
:1016A80087FC002840F00F83182315480E930CAAD6
:1016B800082104F075FB002840F00283104801223D
:1016C800082104F09DFD0E4804AA102104F0FCFC3A
:1016D800002840F0F2820A4804AA102104F0F4FC21
:1016E80012E000BFAFF3008003000000000000001C
:1016F80001000000040000000000000000000000DD
:101708008809002000680140002840F0D382C048C2
:1017180004AA102104F04CFC002840F0C882BC4800
:1017280004AA102104F044FC002840F0BD8248239C
:10173800B7480E930CAA102104F032FB002840F0A1
:10174800B082B3480122102104F05AFD9FEDAA7B14
:10175800AF4801216A468DED007B04F08BFD00281F
:1017680040F09C82AA480022012104F0ABFE002828
:1017780040F09182A6480022012104F0A3FE00282F
:1017880040F086820423A24801936A46022104F0AD
:1017980071FD002840F079829D480022022104F062
:1017A80091FE002840F06E8299480022022104F040
:1017B80089FE002840F0638203234FF4AA4CCDE948
:1017C80010C34FF0000E0823914810AA0621CDE956
:1017D80012E304F057F9002840F04E8200239FEDF1
:1017E800887BCDE93533CDE93933CDE93B33CDE9D4
:1017F8003D3337933F934B934023349384480123DD
:1018080034AA06218DED407B389304F0F7FE0028BA
:1018180040F02F8241F2E81308937D4808AB01227B
:10182800062105F00BFA002840F020824FF42A53D5
:101838000893774808AB0222062105F0FFF9002833
:1018480040F0118242F678730893714808AB04227D
:10185800062105F0F3F9002840F0028200216C48C7
:10186800119110AA04F00EF9002840F0F6819FEDBE
:10187800647B00210123664820931AAACDE91A1136
:10188800CDE91C118DED1E7B05F030F8002840F0E5
:10189800E1819FED5B7B4FF000638DED347B3E93E0
:1018A8009FED597B4FF0005341931F230021439331
:1018B800574842914FF4807334AA8DED487B449188
:1018C80046914A91459304F099FE002840F0BF8163
:1018D80000233E934E48402334AA0121499304F043
:1018E8008DFE002840F0B0812B68494803F5277326
:1018F8003793002343934693464B36934FF0005358
:1019080035934FF0006304213E9334AA1023389195
:10191800499304F073FE002840F0938100213C486D
:10192800089108AB012205F089F9002840F086816A
:1019380000214FF48864002535480A9108AB02223B
:10194800CDE9084505F07AF9002840F0748144F69D
:10195800382308932E4808AB0422002105F06EF9BD
:10196800002840F065814FF408630893284808ABC5
:101978000822002105F062F9002840F05681244829
:1019880008AB0822012105F059F9002840F04A81E6
:10199800082400251E4802AB06220021CDE9024595
:1019A80005F01EF8002840F03A81194802AB0822D9
:1019B800012105F015F8002840F02E810021282388
:1019C80013482B912BAACDE92D11CDE931112F9177
:1019D80033912C93309305F0E3F8002840F01981F7
:1019E8000B482BAA012105F0DBF8002840F00E81F6
:1019F80007482BAA04210FE00000000001000000A6
:101A080000000000000000000000000110000000BD
:101A180088090020F40A002005F0C2F8002840F0E8
:101A2800F280B8480823CDE9230320230021279317
:101A3800B548229122AB0122CDE92511CDE9281123
:101A480005F0BCF9002840F0DB80B04B2393AE488A
:101A580022AB0422012105F0B1F9002840F0CD8025
:101A68002023239300232793A74822AB4FF48072A7
:101A7800042105F0A3F9002840F0BC8020230021B0
:101A88002793A14822AB0222CDE9231105F096F94C
:101A9800002840F0AC809C4822AB0822012105F0C8
:101AA8008DF9002840F0A08000222792964822ABAA
:101AB8004FF40072042105F081F9002840F091806C
:101AC800914810AA012103F0DDFF002840F086802C
:101AD8008D481AAA012104F009FF00287BD10023B0
:101AE80001220893884808AB114605F0A7F800289A
:101AF8006ED14FF488620892834808AB0222012114
:101B080005F09CF8002860D14FF4FA5208927E48FC
:101B180008AB0422012105F091F8002852D17A4837
:101B280010AA042103F0AEFF002848D1002376480C
:101B380020931AAA042104F0D9FE00283CD10021E0
:101B48000891714808AB0122042105F077F880BBA1
:101B580004226D4808AB114605F070F810BB6A48BE
:101B6800FFF704FC4DB030BDFEF75EFC66480C2163
:101B780003F024FF00283FF47DACFEF755FC6248D3
:101B88000A2103F053FF00283FF47BACFEF74CFC1E
:101B98005D48002104F0E0F800283FF479ACFEF736
:101BA80043FC75E4FEF740FC5748FFF7DFFB4DB0F8
:101BB80030BDFEF739FCCBE7FEF736FCBFE7FEF792
:101BC80033FCB3E7FEF730FCA9E7FEF72DFC9BE7F3
:101BD800FEF72AFC8DE7FEF727FC80E7FEF724FCDA
:101BE80076E7FEF721FC6BE7FEF71EFC5CE7FEF7E5
:101BF8001BFC50E7FEF718FC40E7FEF715FC2FE743
:101C0800FEF712FC21E7FEF70FFC0AE7FEF70CFCD3
:101C1800EEE6FEF709FCE3E6FEF706FCCEE6FEF785
:101C280003FCC2E6FEF700FCB2E6FEF7FDFBA6E603
:101C3800FEF7FAFB97E6FEF7F7FB88E6FEF7F4FBFC
:101C480076E6FEF7F1FB69E6FEF7EEFB4CE6FEF7FB
:101C5800EBFB3DE6FEF7E8FB1BE6FEF7E5FB06E6D9
:101C6800FEF7E2FBFAE5FEF7DFFBEBE5FEF7DCFB50
:101C7800DCE5FEF7D9FBCDE5FEF7D6FBAEE5FEF7D2
:101C8800D3FB99E5FEF7D0FB8EE5FEF7CDFB83E5A8
:101C9800FEF7CAFB76E5FEF7C7FB6BE5FEF7C4FB6C
:101CA80060E5FEF7C1FB4CE5FEF7BEFB3FE5FEF73E
:101CB800BBFB34E5FEF7B8FB29E5FEF7B5FB0AE503
:101CC800FEF7B2FBFAE4FEF7AFFBEDE4FEF7ACFB80
:101CD800E2E4FEF7A9FBD7E4FEF7A6FBCCE4FEF7A7
:101CE800A3FBBCE4FEF7A0FBAEE4FEF79DFBA3E478
:101CF800FEF79AFB98E4FEF797FB8DE4FEF794FB5A
:101D08007DE400BF200000048809002020000010A6
:101D1800FEF78AFB6BE4FEF787FB60E4FEF784FBC3
:101D280055E4FEF781FB4AE4FEF77EFB3AE4FEF752
:101D38007BFB2FE4FEF778FB24E4FEF775FB19E440
:101D4800FEF772FB08E4FEF76FFBFFF7F6BBFEF742
:101D58006BFBFFF7EBBBFEF767FBFFF7DDBBFEF79F
:101D680063FBFFF7CBBBFEF75FFBFFF7BDBBFEF7DF
:101D78005BFBFFF7AFBBFEF757FBFFF7A2BBFEF716
:101D880053FBFFF794BB00BF0F4B9A6C42F0040261
:101D980084B09A649A6C02F004020192019A9A6CD7
:101DA80042F002029A649A6C02F002020292029ACB
:101DB8009A6C42F001029A649B6C03F0010303934E
:101DC800039B04B0704700BF0010024009480A494D
:101DD80010B500235022C0E90013C0E90333C0E95D
:101DE8000533826002F07AFC00B910BDBDE81040EE
:101DF800FEF71ABB580B00200402014009480A49A3
:101E080010B500235022C0E90013C0E90333C0E92C
:101E18000533826002F062FC00B910BDBDE81040D5
:101E2800FEF702BB300B0020080201400A480B49AC
:101E380010B500234FF44002C0E90013C0E9033392
:101E4800C0E90533826002F049FC00B910BDBDE865
:101E58001040FEF7E9BA00BF080B00201402014049
:101E680010B50368424A8CB000249342CDE9064479
:101E7800CDE908440A9407D03E4A93422FD03E4AFF
:101E880093424AD00CB010BD3C4BDA6C42F00102D0
:101E9800DA64DA6C02F001020092009ADA6C42F01D
:101EA8000202DA64DB6C03F002030193802203234D
:101EB8004FF0904006A9CDE90623019B02F02AF8CD
:101EC8004FF400700222CDE9060208232C480A9339
:101ED80006A9CDE9084402F01DF80CB010BD274B47
:101EE800DA6C42F00102DA64DA6C02F00102029262
:101EF800029ADA6C42F00202DA64DB6C03F0020345
:101F08000393012203234FF0904006A9CDE906234D
:101F1800039B01F0FFFF8020D4E7184B1848DA6CC8
:101F280042F00202DA64DA6C02F002020492049AC5
:101F3800DA6C42F00402DA64DB6C03F00403059304
:101F48004FF4006206A90323CDE90623059B01F09F
:101F5800E1FF02224020CDE90602072309480A933F
:101F680006A9CDE9084401F0D5FF0CB010BD00BFAB
:101F7800040201400802014014020140001002401E
:101F8800000400480008004810B50A480A4C00231D
:101F9800C4E90003602104222046A1602261237560
:101FA800A361E36205F02AFA00B910BDBDE810404C
:101FB800FEF73ABA00030140400C002010B50B4868
:101FC8000B4C80220023C4E900026021082220462D
:101FD800A16022612375A361E36205F00FFA00B9DD
:101FE80010BDBDE81040FEF71FBA00BF0403014052
:101FF800000C002010B50B480B4C80220023C4E9CC
:102008000002602108222046A16022612375A36195
:10201800E36205F0F3F900B910BDBDE81040FEF722
:1020280003BA00BF08030140C00B002009480A4951
:1020380010B500236022C0E90013826003610375B4
:102048008361C36205F0DAF900B910BDBDE810403C
:10205800FEF7EAB9800B00200C030140D0B50368F5
:10206800444A8CB000249342CDE90644CDE90844A3
:102078000A941ED0404A934230D0404A934254D0EA
:102088003F4A934201D00CB0D0BD3E4B3E48DA6C7B
:1020980042F00202DA64DB6C03F002034FF44056AC
:1020A8000327059306A9CDE90667059B01F032FFD2
:1020B800E9E7344BDA6C42F00102DA64DB6C03F0D6
:1020C800010300930C26032706A94FF09040CDE9A1
:1020D8000667009B01F01EFF0CB0D0BD294BDA6CDF
:1020E80042F00102DA64DA6C02F001020192019A0C
:1020F800DA6C42F00202DA64DB6C03F0020302934A
:10210800402206A903234FF09040CDE90623029B05
:1021180001F000FF012203231B48089406A9CDE91A
:10212800062301F0F7FE0CB0D0BD164BDA6C42F076
:102138000102DA64DA6C02F001020392039ADA6CA3
:1021480042F00202DA64DB6C03F002030493022615
:10215800032706A94FF09040049BCDE9066701F0DC
:10216800D9FE0948089406A9CDE9066701F0D2FE10
:102178000CB0D0BD00030140040301400803014036
:102188000C030140001002400004004800B58FB065
:102198003022002102A8FEF787F82848284B036060
:1021A80002F022FC002838D100224FF4004004211C
:1021B8002A23CDE90721029002A92048ADF80C2076
:1021C800CDE904230693099202F0A4FC98BB4FF4CE
:1021D800FA7300220093194840F6FC03114602F0F6
:1021E80085FD28BB262340F2011C1448ADF80CC01D
:1021F800102202A9CDE9053302F08CFCA8B91423FA
:1022080000930E4840F6FC034FF48052102102F070
:102218006DFD28B90FB05DF804FBFEF705F9C3E7BB
:10222800FEF702F90FB05DF804FBFEF7FDF8E6E7EC
:10223800FEF7FAF8D6E7FEF7F7F8C8E77C0C0020B7
:102248000008005010B51B4B026888B000249A4261
:10225800CDE90244CDE90444069401D008B010BD8C
:1022680003F1704303F5023302A9DA6C42F48032B9
:10227800DA64DA6C02F480320092009ADA6C42F086
:102288000102DA64DB6C03F00103019330220323BB
:102298004FF09040CDE90223019B01F03BFE22461E
:1022A8000221362002F0B6F9362002F0EFF908B024
:1022B80010BD00BF0008005030B583B00023019363
:1022C800002863D0C56D0446002D00F0C680226842
:1022D80093689B0005D5936823F0204323F03F03C0
:1022E80093609368DD0019D4724B73481B6891683A
:1022F8009B09A0FB030321F010419B0921F03F013A
:1023080001335B0041F0805191600193019B2BB137
:10231800019B013B0193019B002BF9D19368D800E5
:1023280029D4E36D43F01003E365236E01200343D2
:102338002366936813F0040FE36D23D1D90621D4E3
:10234800E36D23F4817343F00203E3659368DB07CD
:102358002ED4B2F1A04F1CD0584B9A4219D05849EC
:10236800584B89689B680B43574989680B43D907C1
:102378001ED4564916E0936813F0040F4FF000007E
:10238800E36DDBD0E36D43F01003E365012003B098
:1023980030BD4A4B4FF0A04189689B680B43DD076D
:1023A80006D44B498B68656823F47C132B438B60F8
:1023B800E568E36B94F824102B43A5682B43657FED
:1023C800012943EA453343EA01434CD0E16A21B18C
:1023D800256B01F4787129430B43D5683D492940A1
:1023E8001943D1601369616B23F040630B43136198
:1023F80093681B0722D4D16894F83830257F21F4DC
:1024080080415B0021F0020143EA85330B432169D7
:10241800D3601369002933D043F480331361D2F8B1
:10242800C0306FF30D030B43C2F8C03094F840304E
:10243800012B2FD0136923F0010313616369012B6A
:1024480016D0136B23F00F031363E36D23F003031C
:1024580043F00103E36503B030BDFEF709FA2566D2
:1024680084F8585033E7A16A013943EA4143ADE79C
:10247800116B236A21F00F01013B0B431363E4E75F
:1024880023F480331361D2F8C0306FF30D03C2F820
:10249800C030CBE71169636CA56C6FF38A012B43DD
:1024A8000B43E16C0B43216D0B4343F001031361B4
:1024B800C4E700BF08000020632D3E05000100505E
:1024C80000040050000500500006005000070050AE
:1024D800000300500740F0FF704700BF704700BF7F
:1024E80008B5806AFFF7FAFF08BD00BF704700BF54
:1024F800836ADA6D12F0500F10B5DA6D1DD11968C4
:1025080042F40072DA650A6812F0080FCA681BD034
:1025180012F4406F0DD1CA6894040AD4DA6D22F41B
:102528008072DA65DA6DD10403D4DA6D42F0010203
:10253800DA651846FFF7D0FF10BDD2060AD45B6DE6
:10254800BDE810405B6B18479007E7D51846FFF7C2
:10255800C3FFF1E71846FFF7C9FF10BD806A08B549
:10256800C36D43F04003C365036E43F00403036681
:10257800FFF7BCFF08BD00BF2DE9F04190F85820D7
:1025880082B00346012A4FF00000019000F05F81FD
:102598001A68012083F858009468660709D5DA6D2F
:1025A80042F02002DA65002283F8582002B0BDE824
:1025B800F08148684FEA901E00F01F0C02F13004C9
:1025C80008680EF00C0EC0F3846054F80E501F26F5
:1025D80000FA0CF006FA0CFC25EA0C0C40EA0C0098
:1025E80044F80E009468086814F0040F94684ED1FB
:1025F80025074CD48D68C0F304560724C00DB44099
:10260800B5F1004F00F004006FEA040400F06C819B
:1026180002F11407B5403E5834402C433C505069F1
:1026280020F0004050610F690868D468042F0546FF
:1026380000F02E81C4F3C104650002F16004AF4EBE
:1026480054F827C000F0F8400CEA0606064348692B
:10265800A840304340F0004044F827000D698E69D7
:1026680054F8250020F08070304344F825000E69A6
:102678000D7F54F82600A5F10105B5FA85F56D0919
:1026880020F0007040EA456044F826000868946825
:10269800E40711D4CE689A4CD2F8B05006F0180767
:1026A800FC40C0F31207044025EA07052C43C2F892
:1026B800B040944CA64231D09349084201D1002041
:1026C80071E7B2F1A04F78D090498A4200F08D802E
:1026D8008F4CD1F80816A04201F0E07500F0918007
:1026E8008C4CA04200F08D808B4CA04200F0C4803E
:1026F8008A4CA042E3D14902E1D484498A42DED01F
:10270800B2F1A04F14BF864901F500718A6822F022
:10271800E0722A4342F480028A60D0E7002F00F07A
:102728009A8090FAA0F4002C00F03981B4FA84F46D
:10273800013404F01F04092C40F2318190FAA0F40E
:10274800002C00F09A81B4FA84F40134A40604F051
:10275800F84490FAA0F5002D00F08D81B5FA85F5C2
:10276800013505F01F05012606FA05F52C4390FAF8
:10277800A0F0002800F07D81B0FA80F0013000F070
:102788001F0000EB40001E38000540F000700443B5
:10279800E50D886805F0040502F11406C4F3045435
:1027A80000FA04F74FF0070C70590CFA04F420EA09
:1027B80004003843705108687EE75A4C544EA168AB
:1027C800B04201F0E07560D0524EB0425DD0524E3A
:1027D800B0428DD1CE013FF572AFA26822F0E0720F
:1027E8002A4342F08072A26069E7494C4D49A042F1
:1027F80089683FF464AF474CA04201F0E0757FF46C
:1028080073AF09023FF55BAF47498A427FF457AF80
:10281800434C464A46481268A1689209A0FB020246
:10282800920921F0E0710132294302EB4202920041
:1028380041F40001A1600192019A002A3FF43FAFE0
:10284800019A013A0192019A002AF9D137E7022048
:1028580002B0BDE8F081800E013000F01F050124B0
:10286800800600F0F840AC40092D44EA000405EB6E
:10287800450088D800058AE7C8013FF520AF2349FD
:102888008A4214BF264C274CA7E70F02C1D516E78A
:10289800146E146EC0F31206C4F38464002E49D17A
:1028A800C0F38460844200F0B980546E566E02F121
:1028B8006004C6F3846602F1640E864200F09280DA
:1028C800A668A66804F1080CC6F38466864200F080
:1028D800BA80E668E66804F10C07C6F38464A0428F
:1028E80000F096802846D2E602F1140635582C40AE
:1028F8003450506940F00040506194E600F0FF0306
:10290800FFFF070000007F40000008800001005022
:10291800000021C31000C090000052C7000084CB03
:102928000007005000030050000600500800002077
:10293800632D3E0590FAA0F61EB1B6FA86F6B442AB
:102948006CD0546E566E02F16004C6F3846602F1D0
:10295800640E95FAA5F704F1080CE0461FB1B7FA22
:1029680087F7B74240D0A668A668C6F3846695FA8A
:10297800A5FE04F10C07B846BEF1000F03D0BEFA5D
:102988008EFEB64561D0E668E468C4F3846495FABF
:10299800A5F6002E3FF47BAEB6FA86F09FE790FAD4
:1029A800A0F4002C71D0B4FA84F40134A40604F025
:1029B800F84490FAA0F5002D65D0B5FA85F50135F3
:1029C80005F01F05012606FA05F52C4390FAA0F03C
:1029D800002855D0B0FA80F0013000F01F0000EB5D
:1029E800400047E704F10808DEF8000020F0004046
:1029F800CEF800000D68A068A668C5F31207C446A3
:102A0800C6F384662846002FB1D1C5F384605DE71C
:102A1800386820F000403860086838E6106E1446C0
:102A280020F0004044F8600F0D68506E566EC5F3F4
:102A3800120702F1640EC6F384662846002F88D177
:102A4800C5F3846039E704F10C08DCF8000020F0D5
:102A58000040CCF800000D68E068E468C5F3120691
:102A68004746C4F384642846002E90D1C5F3846099
:102A780035E707488BE6022578E64FF0806468E67C
:102A88004FF4401083E602259FE74FF0806490E7FB
:102A9800000050FE30B590F858304C68012B00F01B
:102AA800B7800368012280F85820844698680A682D
:102AB80010F0040F986832D0B44882425DD0D868CC
:102AC8000C6900F01800182866D0D8684969C0F366
:102AD800C100C0F10200400000F01E0024FA00FE10
:102AE800D86800F0180018285ED0D868C0F3C10074
:102AF800C0F10200400000F01E00C140920C02F03C
:102B08000C02203341EA0E41985800F0F0204FF0B3
:102B1800000E014399508CF858E0704630BD00070C
:102B2800CAD49A48824241D0B4F1A07F00F0D48040
:102B380070D8B4F5400F00F0CF80B4F1807F02D098
:102B4800B4F5000F6CD142F30000C2F3015400F059
:102B58002400044403F10C0022F0024522F07E4ECA
:102B680050F8242025F460152EF4F00E22EA050210
:102B780042EA0E0240F8242065E0D8680C694969E9
:102B8800C0F3C10ED868C0F3C1004FEA4E0E400032
:102B980004FA0EFE8140B1E7D868496900F01800D0
:102BA80018284FEA840EA0D18900A7E7B4F1A07FC6
:102BB80000F0B5805ED8B4F5400F00F0CD80B4F1D8
:102BC800807F00F0C080B4F5000F40F0B580DA686F
:102BD80022F0FB4222F4800242F40002DA601A6A10
:102BE800886922F4E04202431A62DCF85C20802003
:102BF80022F48032CCF85C2018600A7B5868012ADD
:102C08000CBF40F0800020F080000A68586053E74D
:102C1800022030BDB4F1C07F95D0B4F1E07F5BD025
:102C280042F30004C2F3015004F02404204403F1E9
:102C38000C0522F0024455F8202024F4601422EAFE
:102C4800040245F820200A685148824231D0DCF855
:102C58005C0020F48020CCF85C004FF40070186011
:102C6800087B012858680CBF40F4007020F40070FD
:102C7800586021E7B4F1C07F48D0B4F1E07F5BD160
:102C8800D8688A6820F0FB4002F0F84220F48000FF
:102C9800024342F0E072DA60A1E7002D69D1C0F387
:102CA8008460012202FA00F0D3F8A0200243C3F89E
:102CB800A020DCF85C204FF4807022F40032CCF8BD
:102CC8005C2018600A7B012A5A680CBF024322F470
:102CD80080725A602E4AF2E62D4C8868A242C0F3F0
:102CE8001205DAD04DB9C0F3846001248440D3F8CA
:102CF800A4002043C3F8A400A9E790FAA0F0002894
:102D080040D0B0FA80F001248440F0E7DA6822F07D
:102D1800FB4222F4800242F0C072DA605FE7D868B2
:102D28008A6820F0FB4002F0F84220F48000024359
:102D380042F0A072DA6052E7DA6822F0FB4222F42D
:102D48008002DA604BE7DA6822F0FB4222F4800264
:102D580042F08072DA6042E7D8688A6820F0FB4067
:102D680002F0F84220F48000024342F44002DA60A4
:102D780035E790FAA0F038B1B0FA80F0012202FAF3
:102D880000F091E70124B2E701208DE70000C07D43
:102D9800FFFF170070B582B00022036801929A689D
:102DA800D20746D499682B4A1142054644D19A68FD
:102DB80022F0004222F03F0242F00102B3F1A04F9C
:102DC8009A6044D0244A934241D0244B9B681E0207
:102DD80013D5234B234A1B689B09A2FB03239B099A
:102DE800013303EB43039B000193019B2BB1019B30
:102DF800013B0193019B002BF9D100F035FB2B68B7
:102E08001A68D407064614D4174C9A68D00704D415
:102E18009A68224042F001029A6000F025FB821B6A
:102E2800022A2B6802D91A68D10705D51A68D20771
:102E3800EBD5002002B070BDEB6D43F01003EB65DD
:102E48002B6E012043F001032B6602B070BD074BC7
:102E5800BCE700BF3F0000800001005000070050A1
:102E680008000020632D3E05C0FFFF7F00030050CF
:102E78000368B3F1A04F70B504460CD03B4A9342A7
:102E880009D0D2F808669D6815F0040502F5C062FD
:102E980007D0022070BD364A96689D6815F0040573
:102EA800F7D194F85830012BF3D0012384F8583027
:102EB8002046FFF76FFF002839D1E36D226823F41D
:102EC800706323F0010343F48073E365274B9A4250
:102ED80006F01F0640D003F580639A4241D01146A0
:102EE800E36D23F48013E365E36D13F480531CBF93
:102EF800236E23F0060323661C2313608A424FF0D7
:102F0800000384F8583015D040F22123F340DD0740
:102F180010D4E36D43F48013E365CB689B01B9D506
:102F2800E36D23F4405343F48053E36570BD84F8A4
:102F3800585070BDD368990105D5E36D23F440530B
:102F480043F48053E365936823F0004323F03F0381
:102F580043F00403936070BD4FF0A041002EC3D12D
:102F6800BEE70449002EBFD1BAE700BF00010050F8
:102F78000003005000040050F8B504460068B0F1A2
:102F8800A04F0F46164609D0374B984206D0374D0A
:102F9800AB6885686A0706D50220F8BD344DAB6872
:102FA80085686A07F8D494F85820012AF4D003F009
:102FB8001F05304B0122984284F8582008D040F26F
:102FC8002120E840104003D184F858000120F8BDC2
:102FD8002046FFF7DFFE00283ED1E36D216823F489
:102FE800706323F0010343F48073E3651E4B994239
:102FF80036D003F58063994232D0E36D23F4801311
:10300800E365E36D606D1C4D13F480531CBF236EA4
:1030180023F006032366C562184D0563184D456302
:103028001C250D60002584F858504D6845F01005A2
:103038004D60CD6845F0010533463A46CD604031D4
:1030480001F0C8F92268936823F0004323F03F0396
:1030580043F004039360F8BD002384F85830B5E7C3
:10306800002DCED1C9E700BF000100500007005075
:103078000003005000060050F9240008E924000865
:103088006525000838B503689A68950702D59B68D6
:10309800002038BD9A68D407FAD59A6802F00D0264
:1030A800012A044609D0E36D43F01003E365236E5B
:1030B80043F001032366012038BD9A6822F00042DC
:1030C80022F03F02032142F002029A60196000F0E8
:1030D800CBF923689B68D907054603D4D8E79B68D2
:1030E800DB07D5D500F0C0F9401B02282368F6D9C4
:1030F8009A68D207F3D5D6E730B590F8583083B040
:103108000022012B01923FD0012380F85830044659
:103118000D46FFF7B7FFE36DE8B923F4885323F0B2
:103128000203226843F00203E365936823F04043F7
:1031380005F0804123F03F030B4343F000439360C5
:1031480093681349002B0EDBE36D23F0030343F070
:103158000103E36502E043F01003E365002384F80C
:10316800583003B030BD019B01330193019B8B4262
:10317800E6D9E36D23F01203002243F01003E36560
:1031880084F858200120ECE7022003B030BD00BFCE
:1031980001DE04002DE9F0410668B56815F0040564
:1031A8009CB01AD190F85830012B044615D0012054
:1031B800B6F1A04F189588461746199584F8580017
:1031C8000FD02B4B9E4218D0E36D84F8585043F033
:1031D8002003E3651CB0BDE8F08102201CB0BDE807
:1031E800F081244B01932046FFF7D4FD38B100232A
:1031F80084F858301CB0BDE8F0811F4BF2E701A8F5
:10320800FFF7C8FD03460028F1D1E26D606D25681F
:1032180022F4706222F0010242F48072E2652366B1
:10322800164BC362164B0363B5F1A04F154B4363AE
:103238001BD0104B9D4218D013491C262E60002627
:1032480084F858606E6846F010063B4642460C31DA
:103258006E6001F0BFF82268936823F0004323F002
:103268003F0343F004039360B8E70849E5E700BF6C
:10327800000400500001005000050050F924000827
:10328800E9240008652500080007005000030050E5
:1032980090F85820012A4CD070B402689DB00346BB
:1032A80000240120B2F1A04F189483F85800199413
:1032B8000BD0464DAA423AD0DA6D83F8584042F016
:1032C8002002DA651DB070BC70474148806840072D
:1032D8000BD59268DA6D42F020020120DA650022EF
:1032E80083F858201DB070BC704790684007F1D42F
:1032F800B2F1A04F08681ED0002831D13549334CAF
:103308008A68354822F460428A60A4688268D607D1
:1033180058D4324A9268D00707D4E20705D48A689D
:1033280022F4716222F00F028A600020D7E72A484F
:10333800CCE702207047002834D0294D4E68AC688D
:1033480093F838C024F46044344344EA4C34AC6005
:103358009268D40733D41E4A9268D40718D5E4E794
:103368001C4D4C68AA6822F46042224393F8384006
:1033780042EA4432AA60154A946802F5807292685B
:10338800D6071FD4154A9268D207CED4E607CCD404
:10339800AC688A6824F47161024321F00F010A4382
:1033A800AA60C2E70E49886820F460408860926885
:1033B800D50704D4064A9268D407B6D4AFE7044ABE
:1033C8009268B2E7054A9268AFE700BF0004005070
:1033D8000001005000070050000500500006005092
:1033E8000003005038B50F4B1B680BB9012038BDDE
:1033F8000D494FF47A720546B2FBF3F30868B0FB47
:10340800F3F001F051F904460028EFD10F2DEDD863
:10341800024629464FF0FF3001F0FCF8034B2046E6
:103428001D6038BD000000200800002004000020B6
:1034380010B5032001F0DCF80F20FFF7D3FF10B11F
:103448000124204610BD0446FDF720FF204610BD8C
:10345800034A0449136809680B441360704700BFA6
:10346800900C002000000020014B1868704700BF36
:10347800900C002038B50446FFF7F6FF631C05469C
:1034880002D0044B1B681C44FFF7EEFF401BA04210
:10349800FAD338BD00000020034A136B23F0300331
:1034A80003431363704700BF00000140034A136BD6
:1034B80023F0020303431363704700BF0000014079
:1034C80038B50A4C236B43F001032363FFF7CCFFA5
:1034D800054604E0FFF7C8FF401B0A2804D8236B01
:1034E8001B07F7D5002038BD032038BD0000014078
:1034F800002800F039822DE9F0410368D90782B02D
:1035080004462DD5A5498A68C96802F00C020C2A20
:1035180000F00281082A00F004816368B3F5803F57
:1035280000F02981B3F5A02F00F092819B4D2A6805
:1035380022F480322A602A6822F480222A60002B32
:1035480040F01E81FFF790FF064605E0FFF78CFF6D
:10355800801B642800F239812B689903F6D423680C
:103568009A0728D58D4A9368D26803F00C030C2B70
:1035780000F0E280042B00F0E480E368874D002B24
:1035880000F014812B6843F480732B60FFF76CFF05
:10359800064605E0FFF768FF801B022800F2158148
:1035A8002B685F05F6D56B68226923F0FE4343EA72
:1035B80002636B6023681A0719D56369774D002B7E
:1035C80000F09680D5F8943043F00103C5F89430A4
:1035D800FFF74AFF064605E0FFF746FF801B022873
:1035E80000F2F380D5F894309B07F5D523685D0782
:1035F80041D56A4B9A6DD00000F1EB809A6D42F08C
:1036080080529A659B6D03F080530193019B0125BD
:10361800634E3368D90540F10A81A368012B00F095
:10362800DA80052B00F05E815C4ED6F8902022F0FF
:103638000102C6F89020D6F8902022F00402C6F8BD
:103648009020002B40F0CE80FFF70EFF41F2883823
:10365800074605E0FFF708FFC01B404500F2B580AC
:10366800D6F890309907F5D425B14C4A936D23F0DC
:103678008053936523689A0618D5A369474D002B94
:1036880000F0C180D5F8983043F00103C5F89830B0
:10369800FFF7EAFE064605E0FFF7E6FE801B022874
:1036A80000F29380D5F898309B07F5D5E369EBB124
:1036B8003A4DAA6802F00C020C2A00F02181022B74
:1036C8002B6823F080732B6000F0CF80FFF7CCFECF
:1036D800044604E0FFF7C8FE001B022875D82B68D3
:1036E8009B01F7D4EA682F4B1340EB6000206DE094
:1036F800D5F8943023F00103C5F89430FFF7B4FEF1
:10370800064604E0FFF7B0FE801B02285DD8D5F816
:1037180094309F07F6D469E701F0030103297FF489
:10372800FCAE1E4A126892037FF51AAF6268002A3F
:103738007FF416AF012049E002F00302022A7FF469
:103748001CAF164B1B685B0502D5E368002BF1D054
:10375800124A20695368144923F0FE4343EA006380
:1037680053600868FFF73EFE0028E3D123681A0774
:103778007FF53DAF21E7094A136843F480331360AE
:10378800FFF772FE054E054604E0FFF76DFE401B8D
:1037980064281AD833689F03F7D5E0E60010024082
:1037A80000700040FCFFEEFE040000202B6823F4AC
:1037B80080732B60FFF758FE06462B685905D5D550
:1037C800FFF752FE801B0228F7D9032002B0BDE89C
:1037D800F08100251CE7654AD2F8903043F00103D8
:1037E800C2F89030FFF740FE604F064641F2883835
:1037F80004E0FFF739FE801B4045E6D8D7F8903043
:103808009B07F6D530E7D5F8983023F00103C5F8C3
:103818009830FFF729FE064604E0FFF725FE801BD7
:103828000228D2D8D5F898309F07F6D43EE73368F7
:1038380043F480733360FFF717FE07463368DA05F1
:103848003FF5EBAEFFF710FEC01B0228F6D9BCE728
:1038580003F18043A3F53C331A6842F480221A60CE
:103868001A6842F480321A608AE7FFF7FDFD0646BF
:1038780004E0FFF7F9FD801B0228A6D82B68990100
:10388800F7D4E9683A4B226A606A0B401343D4E9DB
:103898000A1243EA012343EAC263D4E90C1201384D
:1038A800490843EA00130139520843EA4153013AEF
:1038B80043EA4263EB602B6843F080732B60EB684C
:1038C80043F08073EB60FFF7CFFD284D044605E019
:1038D800FFF7CAFD001B02283FF677AF2B689A0155
:1038E800F6D503E7214BD3F8902042F00402C3F841
:1038F8009020D3F8902042F00102C3F8902071E79D
:10390800012B3FF417AFEB68226A03F003019142E1
:103918007FF410AF616A03F0F0020139B2EB011FC6
:103928007FF408AFA16A03F4FE42B2EB012F7FF4E3
:1039380001AFE16A03F07842B2EBC16F7FF4FAAEEF
:10394800226B520803F4C001013AB1EB425F7FF4E5
:10395800F1AE626B520803F0C063013AB3EB426FF9
:1039680014BF0120002031E70120704700100240F9
:103978000C809F01184B9A6802F00C02042A26D08A
:103988009A6802F00C02082A23D09A6802F00C0206
:103998000C2A01D000207047D968DA68D86801F08D
:1039A80003010329C2F30312C0F306200CBF0B4B1B
:1039B8000B4B0132B3FBF2F303FB00F0064BDB6861
:1039C800C3F3416301335B00B0FBF3F07047044875
:1039D80070470248704700BF0010024000127A008A
:1039E8000024F400002800F0EE80784A2DE9F8431E
:1039F800136803F00F038B420D4604460CD213687C
:103A080023F00F030B431360136803F00F038B427B
:103A180002D00120BDE8F8832368DF0769D567680D
:103A2800032F00F0A0806A4B022F1B6800F09780DC
:103A38005B05EED5FFF79EFF664B984240F2C080CB
:103A4800634A936823F0F00343F0800393604FF0D8
:103A580080095F4EB36823F003033B43B360FFF76D
:103A680003FD41F28838074604E0FFF7FDFCC01B60
:103A7800404571D8B368626803F00C03B3EB820F5A
:103A8800F3D123689F0736D4B9F1000F03D0B36888
:103A980023F0F003B3604D4E336803F00F03AB42DD
:103AA80046D823685A0706D54949E0688A6822F447
:103AB800E06202438A601B0707D5454A216993687B
:103AC80023F4605343EAC1039360FFF753FF404A6E
:103AD800414C92684149C2F303120346A25C404834
:103AE80002F01F02D3400B600068BDE8F843FFF7FF
:103AF80079BC9E07CFD5580704D535498A6842F462
:103B0800E0628A60190706D5314A936823F47C532A
:103B180043F4E06393602E4AA16893682B4E23F028
:103B2800F0030B439360336803F00F03AB42B8D93B
:103B3800336823F00F032B433360FFF795FC41F202
:103B480088380746336803F00F03AB42A9D0FFF764
:103B58008BFCC01B4045F5D90320BDE8F8839A03C8
:103B68003FF568AF55E71A4A116888017FF551AFEC
:103B7800D068D168D268174E00F003000328C1F35B
:103B880003110CBF174818480131B0FBF1F1104878
:103B9800C2F3062201FB02F2C168C1F3416101319F
:103BA8004900B2FBF1F2B2420AD9826812F0F00F72
:103BB8003FF446AF990703D5A368002B3FF440AF05
:103BC8004FF0000945E70120704700BF0020024080
:103BD8000010024000B4C404A0AB00080800002094
:103BE8000400002000127A000024F400014B186839
:103BF800704700BF080000202DE9F0410368044623
:103C080013F4002082B042D0AC4B9A6DD50040F13D
:103C18002A810027AA4D2B6843F480732B60FFF795
:103C280023FC064605E0FFF71FFC831B022B00F26E
:103C380025812B68D805F6D5A04D226DD5F8903092
:103C480013F4407316D0934214D0D5F89010D5F8D9
:103C5800903043F48033C5F89030D5F8903023F491
:103C68008033C5F8903021F44073C907C5F8903007
:103C780000F13E819149D1F8903023F44073134309
:103C8800C1F8903023680020002F40F0FC80DD0749
:103C980008D58A496568D1F8882022F003022A43AA
:103CA800C1F88820990708D58449A568D1F88820E3
:103CB80022F00C022A43C1F888205A0708D57F4908
:103CC800E568D1F8882022F030022A43C1F888201C
:103CD8001F0708D579492569D1F8882022F0C00244
:103CE8002A43C1F88820DE0608D574496569D1F8E9
:103CF800882022F440722A43C1F888209D0608D5FE
:103D08006E49A569D1F8882022F440622A43C1F897
:103D18008820590608D56949E569D1F8882022F430
:103D280040522A43C1F888201A0608D56349256AF3
:103D3800D1F8882022F440422A43C1F88820DF05C0
:103D480008D55E49656AD1F8882022F440322A43B2
:103D5800C1F888209E0308D55849A56AD1F89C2047
:103D680022F003022A43C1F89C209D0508D5534937
:103D7800E56AD1F8882022F440222A43C1F8882035
:103D880059050BD54D49256BD1F8882022F44012EE
:103D98002A43B5F5801FC1F888207AD01A050BD5BB
:103DA8004649656BD1F8882022F440022A43B5F5CC
:103DB800800FC1F8882071D0DF040BD53F49A56B6F
:103DC800D1F8882022F040722A43B5F1807FC1F8EB
:103DD800882068D09E040BD53849E56BD1F8882037
:103DE80022F040622A43B5F1006FC1F888205FD005
:103DF8005D040BD53149256CD1F8882022F040624A
:103E08002A43B5F1006FC1F888205BD019040BD59F
:103E18002A49656CD1F8882022F040522A43B5F12E
:103E2800805FC1F8882052D0DA030BD52349A56CEE
:103E3800D1F8882022F040422A43B5F1804FC1F8DA
:103E4800882049D05B030BD51C4AE16CD2F89C3022
:103E580023F440130B43B1F5001FC2F89C3040D047
:103E680002B0BDE8F0819A6D42F080529A659B6D70
:103E780003F080530193019B0127CBE623680320BD
:103E8800002F3FF404AF0D498A6D22F080528A65F5
:103E9800FDE6CA6842F48012CA607FE7CA6842F445
:103EA8008012CA6088E7CA6842F48012CA6091E743
:103EB800CA6842F48012CA609AE700BF0010024044
:103EC80000700040CA6842F48012CA609EE7CA685F
:103ED80042F48032CA60A7E7CA6842F48032CA60F6
:103EE800B0E7D36843F48013D36002B0BDE8F08133
:103EF800FFF7BAFA41F28838064604E0FFF7B4FA49
:103F0800801B4045BAD8D5F890309B07F6D5226D6E
:103F1800B0E600BF0B68002B00F0A4812DE9F04F3C
:103F2800B0F1904F85B04FF000024FF0010B00F058
:103F38001881DFF84CC300910BFA02FE1EEA030A4F
:103F480000F0848000994D6805F0030754000321B0
:103F580007F1FF3801FA04F6B8F1010F6FEA060617
:103F680040F22181032F0BD00099D0F80C8089688A
:103F780008EA060801FA04FE4EEA080EC0F80CE04A
:103F880007FA04F407683E40344315F4403F0460E0
:103F98005CD0B84E346E44F001043466346E04F0DC
:103FA80001040394039C22F0030404F1804402F00A
:103FB80003070F2104F58034BF0001FA07FEAE495C
:103FC800A668884226EA0E0600F04081AB4988427E
:103FD80000F02D81DFF8ACE2704500F03D81DFF89C
:103FE800A8E2704500F03F81DFF8A0E270450CBF01
:103FF8004FF0050E4FF0060E0EFA07F73E43A66087
:10400800DCF808406FEA0A06EF0254BF34404AEA77
:104018000404CCF80840DCF80C40A90254BF344032
:104028004AEA0404CCF80C40DCF80440AF0354BF5F
:1040380034404AEA0404CCF80440DCF80040E903C0
:1040480054BF34404AEA0404CCF80040013233FA41
:1040580002F47FF471AF05B0BDE8F08FD0F8089096
:10406800CD680AEA090905FA07F848EA0908C0F814
:104078000880D0F8048028EA0E08C6F3001E0EFA5D
:1040880002FE4EEA080EC0F804E0D0F80C808D68F5
:104098000AEA080805FA07FE4EEA080E022CC0F8DC
:1040A8000CE019D14FEAD20E0D694FEA8E0E02F0DC
:1040B80007080EF1904E4FEA880805FA08F5DEF871
:1040C800209000950F2505FA08F8009D29EA0809AF
:1040D80045EA0908CEF82080BC40076807EA0A07C5
:1040E8003C4316F4403F046036D0624F3C6E44F0C7
:1040F80001043C663C6E04F001040394039C22F026
:10410800030404F1804404F5803402F00307D4F872
:1041180008E00F25BF0005FA07F72EEA0707A76092
:10412800574CF502A4686FEA0C077DD43C40544D07
:10413800AC60EC68B50200F186803C40504DEC6004
:104148006C68B5037CD43C404D4D6C602C68F5031D
:1041580073D43C404A4D2C60013233FA02F43FF4E8
:104168007AAF0BFA02FE13EA0E0CF5D04E68570030
:10417800032505FA07F806F003046FEA080A04F1B4
:10418800FF38B8F1010F7FF669AF032CA4D0D0F83F
:104198000C808D680AEA080805FA07FE4EEA080E40
:1041A800C0F80CE098E70099D0F80890C96809EAC7
:1041B800060901FA04F848EA0908C0F80880D0F8A6
:1041C8000480009928EA0E08C5F3001E0EFA02FEC4
:1041D8004EEA080EC0F804E0D0F80C80896808EAB6
:1041E800060801FA04FE4EEA080E022FC0F80CE099
:1041F8007FF4C6AE00994FEAD208096902F0070EAB
:1042080000EB88084FEA8E0E01FA0EF1D8F82090DC
:1042180001910F2101FA0EFE019929EA0E0941EADE
:10422800090EC8F820E0ABE644EA0C047FE74FF03B
:10423800020E0EFA07F73E43E1E64CEA040489E76A
:1042480044EA0C0480E74CEA040477E74FF0010ED7
:104258000EFA07F73E43D2E64FF0030E0EFA07F7C1
:104268003E43CCE670474FF0040E0EFA07F73E4384
:10427800C5E600BF001002400004004800080048DE
:1042880000040140000C00480010004800140048D9
:1042980000690840003818BF012070470AB18161E1
:1042A80070478162704700BF002878D002683D4996
:1042B8008A42F0B403465AD93B483C493C4D104425
:1042C800A1FB00100009800002219C6883F82510DA
:1042D800D968C3E910501D69214329435D69294301
:1042E8009D692943DD692943156825F4FF4C1D6A3A
:1042F8002CF0700C294341EA0C01116029492D4D1D
:10430800DD648A42294994BF2B4E2C4ED2B2083A1A
:10431800A1FB0212C2F304120121851901FA02F26B
:10432800B4F5804F1A659D644FEA900028D05D6807
:10433800214FECB2013D032D46F82040C7F88420F8
:1043480028D81F4A1F4D22449200013CA14000205A
:10435800C3E91525D96510601B4A51640020012264
:10436800D86383F8240083F82520F0BC70471748E9
:104378000E49174D1044A1FB001000098000A3E767
:104388000021596046F8201001F1804101F5023101
:10439800C1F884200022C3E91522DA65DEE701208E
:1043A800704700BF07040240F8FBFDBFCDCCCCCC62
:1043B8000004024080080240000802402008024031
:1043C8003F8200104009024000090240F8FFFDBF8B
:1043D80000000240F0B490F82440012C09D00124D8
:1043E80080F8244090F82540012C05D0002380F85F
:1043F80024300220F0BC7047022480F825400024B5
:10440800C4630468C66C256825F001052560D0E9F9
:104418001475776015B1D0E916677760466C076C3C
:1044280006F01F0C012606FA0CF67E6063608368AE
:10443800102B036B0BBFA260A160E160E260BBB10F
:10444800236843F00E032360836C1A68D20303D5F4
:104458001A6842F480721A601DB12B6843F48073A5
:104468002B60236843F0010300202360F0BC7047F1
:10447800236823F004032360236843F00A032360BE
:10448800E2E700BF38B590F82530022B09D00123A8
:1044980004210022C16380F8242080F825301846C2
:1044A80038BD0368846C1968426C056C21F00E01F4
:1044B8001960196821F0010119602368C16C23F49F
:1044C8008073236002F01F0201239340D0E9144255
:1044D8006B604C6032B11368D0E9161423F4807312
:1044E80013604C60836B0121002280F8251080F84E
:1044F800242003B19847002038BD00BF354A13680F
:1045080060B903F4C063B3F5806FD2F880301CD073
:1045180023F48073C2F8803000207047B0F5007F24
:1045280006D023F4C06343F480631360002070470F
:1045380003F4C063B3F5806FD2F880302AD043F417
:104548008073C2F880300020704723F48073C2F86B
:10455800803013682048214923F4C06343F4007372
:1045680013600368322000FB03F35069A1FB0313B7
:104578009B0C400503F1010306D55169490503F178
:10458800FF3301D5002BF8D1124B5B695B05CDD504
:104598000320704743F48073C2F8803013680E48D4
:1045A8000E4923F4C06343F4007313600368322098
:1045B80000FB03F35069A1FB03139B0C400503F1B7
:1045C8000103E1D55169490503F1FF33DCD5002B1F
:1045D800F8D1D9E7007000400800002083DE1B43B3
:1045E800024A936843F48043936070470070004028
:1045F8000749CA6803024FF6FF0003F4E06302406C
:10460800134343F0BF6343F40033CB60704700BFEC
:1046180000ED00E01B4BDB68C3F3022300B5C3F1D8
:10462800070EBEF1040F03F1040C28BF4FF0040E6F
:10463800BCF1060F1CD9A3F1030C4FF0FF3303FAAA
:104648000CF322EA03024FF0FF3303FA0EF321EAD8
:10465800030303FA0CF313431B010028DBB20ADB44
:1046680000F1604000F5614080F800335DF804FB1C
:1046780000229446E7E7044A00F00F00024413764C
:104688005DF804FB00ED00E0FCEC00E0002807DB2F
:10469800044A4109012300F01F00834042F82130F9
:1046A800704700BF00E100E00138B0F1807F01D31E
:1046B8000120704710B44FF0E023074C58614FF0C9
:1046C800F00C84F823C00022072110469A615DF897
:1046D800044B1961704700BF00ED00E030B583B0AE
:1046E80000230193002863D002681368002B044656
:1046F8005EDB437F03F0FF01002B00F09A80D4E9D2
:1047080001036169156803430B43E16810680B43B3
:1047180021690B43944901400B43136013681B0242
:1047280001D52D0247D59149A3698A4203F00300B8
:1047380000F085808E498A4200F093808D498A4234
:104748004FD08D498A4200F0D48004318A4200F06B
:10475800E6808A498A4200F0AA80002800F0D280C8
:10476800DD0640F1F58086498A4240F0ED806FF021
:10477800020502228348816A11438162990640F149
:10478800A6808048C16A1143C1627E499D0703F033
:1047980001004A6340F1A0804B6A13434B62002832
:1047A80040F0A280D143774A136A0B40136239E084
:1047B800012003B030BD744B74491B689B09A1FBF1
:1047C80003139B09013303EB83039B000193019BB4
:1047D800002BA8D0019B013B0193019B002BF9D131
:1047E800A1E700285ED0DD066FF000514FF00052BF
:1047F8002CD5644DA8681043A86098062CD461484D
:10480800C5682940C1605F4903F001009B074A6100
:1048180039D54B6813434B60002846D059490B687B
:1048280013430B60637F0BB901236377002003B048
:1048380030BD01770162FDF713FB22685FE7C0B165
:10484800DD066FF400114FF40012D2D44D4DA86864
:104858000840A8609806D2D54A48C1681143C1608B
:10486800D1E7E0B1D8066FF480014FF48002C0D4DC
:10487800ECE76FF40013434A51681940516011681E
:104888000B401360CEE74B6823EA02034B60D14329
:104898000028C3D13B4A13680B401360C2E76FF48A
:1048A8008003E8E76FF00053E5E7D143F2E700281B
:1048B80044D0D8066FF001054FF001023FF55AAF1A
:1048C8003048816A2940816299063FF55AAF2D48E0
:1048D800C16A2940C16258E74B6A23EA02034B6266
:1048E800D14300283FF45FAF26490B6A13430B629C
:1048F80098E7E8B1D8066FF080414FF080423FF565
:1049080078AFA3E71E4B9A421BD16FF002011D4BF3
:104918005A6A0A405A621A6A0A401A6282E750B111
:10492800D8066FF000414FF000423FF562AF8DE7C7
:104938006FF080439FE76FF000439CE76FF0010141
:10494800E5E76FF0020396E76FF00201022250E7F5
:104958000B498A4203D16FF002050222B0E76FF0DB
:104968000201022272E700BF0F7E00FF0002014031
:1049780004020140080201400C02014014020140F7
:10498800180201400004014008000020632D3E0584
:1049980082B00023019330B103681A68002A02DB51
:1049A800427F012A02D0012002B070471A680C49E0
:1049B80042F001021A600B680A4AA2FB0323DB0CCF
:1049C80003EB8303022141770193019B2BB1019BE8
:1049D800013B0193019B002BF9D1002002B07047E5
:1049E8000800002083DE1B4388B110B50379044614
:1049F80003F0FF023BB10023022101222171236150
:104A08002271184610BD4271FDF71CFCF3E7012026
:104A1800704700BF002841D04379012B02463FD0A0
:104A280030B4022382B003711E4B04681B681E4811
:104A380025689B09A0FB030301F0100C01209B09CA
:104A480000FA0CF00133284320600193019B2BB13D
:104A5800019B013B0193019B002BF9D1236871B99C
:104A680003F03E03022B03D1636843F00103636044
:104A7800002001231371507102B030BC7047BCF1A3
:104A8800000F03F478130CBF02214FF400318B425E
:104A9800EED1636843F002036360E9E701207047E1
:104AA8000220704708000020632D3E05704700BFB4
:104AB800036870B51D685E6BAA04044601D5B1048D
:104AC80017D4AA0001D5B30000D470BD0423237104
:104AD8002269236842F002024FF0005122615963B3
:104AE8001A6822F0805220461A60BDE8704000F033
:104AF80031B904220271026942F0010202614FF4E5
:104B080000525A631A6822F480521A60FFF7CEFFE7
:104B1800D7E700BF002800F0C2802DE9F0410F461A
:104B2800002900F0BE804379012B0546886800F013
:104B3800C78001236B7104284FF0020316462B71BE
:104B48006FD02B6802F01006FA69012A08D1996B18
:104B58003A6A1F24B440B24021EA04010A439A6326
:104B6800B969DA6BD7F814E0012900F095800229B9
:104B780000F09A80BEFA8EFC4FEA5C1C7C79397989
:104B8800A4F10104B4FA84F4A1F101016409B1FAB1
:104B980081F14909640244EA012440F20731B14035
:104BA80022EA01083A6844EA0E040443022A44EA65
:104BB8000C0428F440487AD048EA0208B44044EA91
:104BC8000804DC631A684FF48041B14022EA01020C
:104BD8001A60D7E903121C6840F6FE70B04024EA58
:104BE800000401FA06F0204392011860C1F3830122
:104BF80002F470620A43C0241968B44021EA04012F
:104C08001960196E40F60F70B04021EA0001B240F9
:104C180000240A4301211A66204629716C71BDE8F7
:104C2800F081FEF721FC2B6804465A6B56B118E058
:104C3800FEF71AFC001B01282B6802D95A6B1104D5
:104C480047D45A6B1204F3D47A6A1A640DE0FEF75B
:104C58000BFC001B01282B6802D95A6B002A38DB91
:104C68005A6B002AF3DB7A6A5A649A6CB96A06F0BE
:104C7800100640F2FF30B040B14022EA00020A4379
:104C88009A64DA6CF96AFF20B04022EA0002B14067
:104C98000A43B868DA6457E74FF0000C6EE7012062
:104CA80070470120BDE8F0814FF0010C66E7FEF780
:104CB8009DFF0C4A2B68904204D948F400487DE7D0
:104CC8000220ACE7084A90427FF678AF48F4804863
:104CD80074E72B69032243F008032B6103202A7130
:104CE8009DE700BF0068890900B4C40468B384461E
:104CF800407901282BD010B41A4302238CF80430D1
:104D0800019B01208CF8050042EA0342DCF8000010
:104D1800A9B1C36D03F460431343C365046801F08C
:104D28001001C0238B4000222343012103608CF82B
:104D380004108CF8052010465DF8044B7047836D0D
:104D480003F4604313438365E8E7012070470220BA
:104D5800704700BF704700BF704700BF704700BF73
:104D6800704700BF704700BF704700BF704700BF63
:104D7800704700BF704700BF704700BF704700BF53
:104D8800704700BF002800F023812DE9F04190F81A
:104D98005C30044603F0FF02002B74D0226893694C
:104DA80023F010039361FEF75FFB054604E0FEF76E
:104DB8005BFB401B0A285CD823689A691207F6D463
:104DC8009A6942F001029A61FEF74EFB054604E03B
:104DD800FEF74AFB401B0A284BD822689369DB0779
:104DE800F6D59369884943F002038A42936100F03B
:104DF800E680237C012B93690CBF23F0400343F02A
:104E080040039361637C012B93690CBF43F4804397
:104E180023F480439361A37C012B93690CBF23F493
:104E2800805343F4805393619369A068E16823F445
:104E3800407303439361936923F0A4039361136957
:104E4800012923F0100313613DD000293FD0022926
:104E5800936900F0D58043F08003936113690329B7
:104E680043F01003136132D1936943F02003936137
:104E78002DE0236E032243F00103236684F85C20AF
:104E88000120BDE8F081D0F89030604984F85D20B9
:104E98005F4A60486066C4E91A125F485F4A604921
:104EA800C4E91C025F4A6048C4E91E125F4A6049AF
:104EB800C4E920025F4AC4E92212002B00F0848072
:104EC800204698476AE7936943F004039361D4E95D
:104ED8000613013B01391B0243EA4163216A013988
:104EE8000B436169013943EA0143B0F5407FD3615F
:104EF8000ED1D4E90B03A16A013B01381B0101392A
:104F080043EA00230B43616A013943EA0143D36052
:104F1800D2F8C030E06B484903438A42C2F8C03037
:104F280063D0464B9A4255D001F57D51DFF83C815C
:104F3800434E444FDFF838C1DFF838E1103103F54C
:104F48006053D2F88000656B236420F4F81040EABF
:104F58000540C2F88000D2F88000A56BC4F844E090
:104F680020F0706040EA0560C2F88000581C4A1EB4
:104F78008842A2EB0302C4E912C72665C4F854802C
:104F880088BF002212D892080132520803EBC202ED
:104F980000200021E3E802019A42FBD1002001230E
:104FA800206684F85C30A065BDE8F08143F8042BE6
:104FB8008B42F3D243F8042B8B42F7D3EEE7224B14
:104FC8006168C3F8001514E7204BC4F8903077E700
:104FD800012070471E49DFF8A0801E4E1E4FDFF8E3
:104FE8009CC0DFF89CE01D4BABE71C49DFF89480C0
:104FF8001B4E1C4FDFF890C0DFF890E01A4BA0E77B
:1050080043F02003936162E700640040654D0008A7
:10501800694D0008614D0008794D00086D4D000884
:10502800714D00087D4D0008814D0008854D000830
:10503800894D0008754D000800680040006C00406C
:1050480060A6004088A5004000600040210B0008D1
:10505800F0AD004000AD004028AC0040A0AA0040E0
:10506800B0A90040D8A8004050A7004078A600404A
:10507800B0A4004070A4004018AD004050AB004000
:1050880010AB0040C8A9004000A80040C0A70040DD
:1050980090F85C20013A012A034605D9026E42F0D5
:1050A800020201201A66704770B48A684869D1E91B
:1050B8000354D1E90061920756B942EAC562024336
:1050C8001B6C42EA0442002070BC43F82120704760
:1050D8005B6C44EA457443F8314003EBC103104369
:1050E800586070BC0020704790F85C20012A034685
:1050F80005D0026E42F0040201201A66704700686B
:10510800022283F85C208269002122F00102826178
:1051180008461966704700BFF0B590F85C30022B5E
:1051280086460BD10568D5F8C43013F4001C0BD0A3
:10513800036E43F4007303660120F0BD036E43F071
:10514800080303660120F0BDD5F8C4604B680F69F9
:1051580088680C68C6F30146002B37D1074347EA35
:105168008447D1E9060303434869CC680343086AC6
:1051780043EA006343EA0443DEF8540006EBC6043E
:1051880040F8347000EBC400134C4360CB68E35C18
:10519800A3B19378D7781B0443EA076317783B4396
:1051A800577843EA07230CEB00070CF1040CBB60AB
:1051B800CB68E35C9C4502F10402EAD30123B340C7
:1051C800C5F8CC300020CEF85830F0BD274307434F
:1051D80047F08047C5E700BF74AB00082DE9F041F0
:1051E80090F85C40022C0BD1402905680FD0D5F807
:1051F800984024076DD1036E43F48073036603E07F
:10520800036E43F0080303660120BDE8F081D5F87A
:1052180090402607EFD0D5F8904014F0807418BF5E
:10522800D5F88040D5F8907018BFC4F34024C7F370
:10523800012707EB0408846C08EBC80604EBC604D6
:10524800266806F080465660D4F800C0002E56D175
:10525800CCF38A461660266806F0005696602668E3
:1052680006F000461661A688D661B4F806C00CF0B0
:105278000F0CC2F80CC0666806F4801656616668A2
:1052880006F400169661E67906F07F0616621F4E50
:10529800676816F80CE04FEAD77CC2F824C0BEF164
:1052A800000F10D0013B04F1070EF4461EF8015F11
:1052B80003F8015FD568ACF1060C755DACEB040C26
:1052C8006545F2D8056840291CD0C5F89C800020A7
:1052D8009BE7D5F8984014F0807418BFD5F8804043
:1052E800D5F8987018BFC4F30024C7F3012707EB5B
:1052F8000408C46C08EBC80604EBC604A0E72CF04D
:105308006046A7E7C5F89480E1E700BF74AB0008E2
:10531800034690F85C000138012805D91A6E42F05E
:10532800020201201A6670471B6870B411F0070565
:10533800986D01F0380420D0C6071ED4DD6D45F005
:105348000105DD650CB384071FD5D86D40F0020058
:10535800D8650C0604D5D3F8DC001043C3F8DC008C
:10536800C80504D5D3F8E0000243C3F8E0205A6D1D
:105378000A43002070BC5A65704704B386071ED4E0
:10538800DE6D46F00106DE6525BB11F4E07F01D035
:105398004607DAD411F4F05F01D00507D5D411F42B
:1053A800604F01D0C406D0D411F4403F01D0860626
:1053B800CBD411F47C0FCCD04506C6D4C9E711F480
:1053C800E07F0AD0460708D4DE6D46F00106DE65A8
:1053D800002DB7D0C507B5D5B7E711F4F05F01D0F8
:1053E8000607F1D511F4604F01D0C606ECD511F4CB
:1053F800403F01D08606E7D511F47C0FE8D0460679
:10540800E2D5002D9ED0E5E703681A6D596D2DE9A8
:10541800F04F02EA010B1A6D596D1F6D02EA010A7D
:105428005A6D1D6D17405A6D1E6D15405A6DD3F893
:105438005480D3F85090164019F0400F81B00446BC
:105448000BF4E05B0AF0070A07F0380705F471056A
:1054580006F4602603D018F0400F40F0968019F447
:10546800807F03D018F4807F40F08280BBF1000F6A
:1054780006D023685946C3F850B02046636E984753
:10548800BAF1000F06D023685146C3F850A0204651
:10549800A36E98472FB1236839461F652046E36EEF
:1054A800984719F4007F02D018F4007F58D119F0FA
:1054B800800F02D018F0800F46D119F4005F02D097
:1054C80018F4005F37D119F4004F02D018F4004FD8
:1054D80028D119F4804F02D018F4804F19D136B171
:1054E8002268D4F88C30166531462046984725B195
:1054F80023681D65236E2B432366236E33B1D4F8CE
:105508008830204601B0BDE8F04F184701B0BDE82B
:10551800F08F23684FF480421A65236E43F08003AE
:105528002366DCE723684FF400421A652046D4F866
:1055380084309847CDE723684FF400521A65204617
:10554800D4F880309847BEE72368D3F8D410D3F84E
:10555800DC20802018651140636F20469847ACE72F
:1055680023684FF400721A652046236F98479EE718
:105578002368D3F8D810D3F8E0204FF4807018656A
:105588001140A36F2046984770E740221A65C36F01
:10559800984764E7704700BF806A0368DA68D103F8
:1055A80003D5D0F8303106211847DA68920303D5BD
:1055B800D0F8343106211847DA68510306D4DA687E
:1055C800120307D5D0F83C3106211847D0F83831F6
:1055D80006211847DA68910206D4DA68520206D51D
:1055E800D0F8283106211847D0F820311847DB6851
:1055F800DB0203D5D0F82C3106211847704700BFCD
:10560800806AD0F8243118470346806AD0F8E02031
:10561800934217D0D0F8E420934214D0D0F8E82071
:1056280093422ED0D0F8EC20934242D0D0F8F0200C
:10563800934241D0D0F8F420934245D0D0F8F820D6
:10564800934226D070470023194602684FEAC31CCC
:1056580002EBC31310B4D3F88C40E40304D5D0F89C
:1056680030315DF8044B1847D3F88C40A4030BD4B1
:10567800D3F88C4064030FD5D0F838315DF8044B6B
:10568800184701231946E0E7D0F834315DF8044B98
:10569800184705231946D8E7D3F88C4024030ED4BD
:1056A800D3F88C40640212D5D0F828315DF8044B49
:1056B800184702231946C8E703231946C5E7D0F857
:1056C8003C315DF8044B184704231946BDE7D3F86D
:1056D8008C40240204D5D0F840315DF8044B1847BB
:1056E800D3F88C40E40104D5D0F844315DF8044B7C
:1056F8001847D3F88C40A40104D5D0F850315DF890
:10570800044B1847D3F88C40640104D5D0F85431C1
:105718005DF8044B1847D3F88C301B0104D5D0F83A
:1057280058315DF8044B18476244D2F88C30DC00DD
:1057380004D5D0F85C315DF8044B1847D2F88C30AA
:105748009B0004D5D0F84C315DF8044B1847D2F8CB
:105758008C305C0004D5D0F848315DF8044B18470C
:10576800D2F88C30DB0204D5D0F82C315DF8044B2C
:1057780018475DF8044B7047704700BF704700BF7B
:10578800704700BF704700BF704700BF704700BF39
:10579800704700BF704700BF704700BF704700BF29
:1057A800704700BF704700BF704700BF704700BF19
:1057B800704700BF704700BF704700BF704700BF09
:1057C800704700BF704700BF704700BF704700BFF9
:1057D800704700BF704700BF704700BF002800F047
:1057E800A68010B590F8DD30D0F8642182B0044668
:1057F800002B35D15549564B5648C4E93F13564BF3
:105808005649C4E94103564B5648C4E94313564B1D
:105818005649C4E94503564B5648C4E94713564B05
:105828005649C4E94903564B5648C4E94B13564BED
:105838005649C4E94D03564B5648C4E94F13564BD5
:105848005649C4E95103564B5648C4E95313564BBD
:105858005649C4E95503564BC4E95713002A62D088
:10586800A16800230220C907C4E93833C4E93A33E0
:10587800C4E93C3384F8DD00C4F8F8300FD520685B
:105888004C4B984255D00168236921F4704103F4C8
:1058980040431943636903F440530B4303602046B4
:1058A8009047A3689B0708D52168E3680A6803F452
:1058B800407322F4407213430B6000230122184600
:1058C800C4E90633C4E90833C4E90C33C4E90E3328
:1058D800C4E91033C4E91333C4E91533C4E91733F1
:1058E800C4E91A33C4E91C33C4E91E33C4E92133BB
:1058F800C4E92333C4E9253384F8DD2084F8DC3097
:10590800A362C4F8A030C4E92933C4E92B33C4E93D
:105918002F33C4E93133C4E93333C4F8B430C4F89D
:10592800D83002B010BD244AC4F8642198E7012099
:10593800704703F52843196E41F0806119661B6EA4
:1059480003F080630193019B9DE700BFB9570008EE
:10595800BD570008C1570008C5570008C9570008B7
:10596800CD570008D1570008D5570008D957000867
:10597800DD570008E15700089D55000881570008C9
:1059880085570008895700088D5700089157000867
:1059980095570008995700089D570008A157000817
:1059A800A5570008A9570008AD570008B1570008C7
:1059B800B557000800680140DD12000890F8DC3097
:1059C800012B30D00223012280F8DD30036880F8F3
:1059D800DC20B1F1FF3FD3F8CC2315D042F002020E
:1059E800C3F8CC23D3F8CC2322F00C020A43C3F823
:1059F800CC23D3F8CC2342F00102C3F8CC230123F3
:105A080080F8DD300020704722F00202C3F8CC2372
:105A1800D3F8CC2342F00102C3F8CC23012380F849
:105A2800DD30002070470220704700BF70B50D467A
:105A38000446FDF719FD6E1C10D00646D5B1236843
:105A4800D3F88833D8030ED4FDF70EFD801B8542AA
:105A5800F5D2072384F8DD30032070BD2268D2F820
:105A68008833D903FBD50020012384F8DD3084F87E
:105A7800DC0070BD2368D3F88833DB03F3D4FDF76B
:105A8800F3FCE6E790F8DDC0BCF1020F2CD003462A
:105A98000220F0B4062983F8DD00D2E90276D2E9C3
:105AA8000045186815D000EBC111D1F8802022F00C
:105AB80007023A4322F018023243C1F88020C1F8A5
:105AC8009440C1F89850012283F8DD200020F0BCF2
:105AD8007047026822F007023A4322F01802324364
:105AE800026044618561EEE75FFA8CF0704700BFA1
:105AF80090F8DDC0BCF1020F03465FFA8CF03ED08F
:105B080093F8DC00012800F0258170B4186802249D
:105B180083F8DD40D0F8B063D0F8B453D0F8B84378
:105B28000A2924D8DFE811F045004D0064007E0002
:105B38009900B400CF00E500FD000B002C001168AF
:105B480056688904B60406F4801601F440213143EE
:105B5800D2E9026262F39544B20402F4C00225F469
:105B6800F8050A432A43C0F8B423C0F8B843002014
:105B7800012283F8DD2083F8DC0070BC7047704791
:105B8800116856680906360606F0806601F040710D
:105B98003143D2E9026262F31B64320602F0C0525A
:105BA80025F0F8550A432A43C0F8B423C0F8B8438F
:105BB800DDE70022C0F8B023C0F8B423C0F8B8234A
:105BC800D5E711685468956804F0040401F00301EE
:105BD8002143146905F018020A4326F03F063243B0
:105BE80004F020011143C0F8B023C0F8B013BEE799
:105BF8001168546895688901A40104F48074C9B2D5
:105C080021431469AA0102F4C0620A4326F47C669F
:105C1800A101324301F400611143C0F8B023C0F878
:105C2800B013A4E71168546895680903240304F4C1
:105C3800804401F44051214314692A0302F4C0321C
:105C48000A4326F47C362103324301F40031114320
:105C5800C0F8B023C0F8B01389E711685468956894
:105C68008904A40404F4801401F440212143146934
:105C7800AA0402F4C0020A4326F47C06A1043243B3
:105C880001F400011143C0F8B023C0F8B0136EE767
:105C98001168546895680906240604F0806401F0C8
:105CA8004071214314692A0602F0C0520A4326F0C3
:105CB8007C562106324301F000511143C0F8B0234D
:105CC800C0F8B01353E71168566801F0030106F0F5
:105CD80004063143D2E9026262F3030406F01802B3
:105CE80025F01F050A432A43C0F8B423C0F8B84377
:105CF8003DE7116856688901B60106F48076C9B295
:105D08003143D2E9026262F38914B20102F4C0623B
:105D180025F4F8650A432A43C0F8B423C0F8B84309
:105D280025E7116856680903360306F4804601F42E
:105D380040513143D2E9026262F30F34320302F474
:105D4800C03225F4F8350A432A43C0F8B423C0F812
:105D5800B8430CE70220704790F8DD20022A03467A
:105D6800D0B219D093F8DC20012A16D01868022284
:105D780010B483F8DD20D0F8B843002264F31D0185
:105D88004FF0010CC0F8B81383F8DDC083F8DC20AD
:105D980010465DF8044B704770470220704700BFFB
:105DA800F0B590F8DD40022C0346E0B253D093F8EA
:105DB800DC00012800F0D7800124022083F8DC40B1
:105DC80083F8DD001D681668D5F8D043D5F8D403EC
:105DD800013906F0010CC6F340061F2911D8DFE887
:105DE80001F03B5310691010107F101010101010A4
:105DF8001095101010101010101010101010101016
:105E080010AA072283F8DD20002283F8DC2093F80B
:105E1800DD20072A36D004F07F32C5F8D02320F4DD
:105E2800004222F08002C5F8D423D5F8D02304F02C
:105E380080341443C5F8D043D5F8D41348F280020F
:105E48001040084300220121C5F8D403104683F806
:105E5800DD1083F8DC20F0BD66F31040D2E902764D
:105E6800516807F0780201F002010A4306F0800148
:105E78000A4342EA8C0224F0FE04144393F8DD201E
:105E8800072AC8D10120F0BD516866F35140D2E914
:105E98000276090201F400713A0241EA8C2102F407
:105EA800F0420A43310201F4004124F47E440A43DB
:105EB8001443ACE7516866F39240D2E902760904CC
:105EC80001F400313A0441EA8C4102F4F0020A4339
:105ED800310401F4000124F47E040A43144396E7D4
:105EE800516866F3D340D2E90276090601F00071E1
:105EF8003A0641EA8C6102F0F0420A43310601F0A9
:105F0800004124F07E440A43144380E7516820F49A
:105F1800801001F0020141EA8C0120F0FE000843E4
:105F2800D2E9021701F0780207F080010A4342EA39
:105F3800065210436BE75168090220F4031001F47C
:105F4800007141EA8C2120F478500843D2E9021705
:105F58000A02390202F4F04201F400410A4342EA1B
:105F68004652104353E70220F0BD00BF90F8DD20F1
:105F7800022A0346D0B21AD093F8DC20012A15D0A1
:105F88001868022283F8DD20D0F8D42301F040718C
:105F980022F040724FF0000C0A430121C0F8D423CC
:105FA800604683F8DD1083F8DCC070470220704734
:105FB80090F8DDC0BCF1020F03465FFA8CF020D0E8
:105FC80093F8DC0001287CD04FF0010C0220013945
:105FD80083F8DCC083F8DD001F2913D8DFE801F05F
:105FE8002330123D1212124A1212121212121257B2
:105FF8001212121212121212121212121212126427
:10600800012070470721002283F8DD1083F8DC2087
:1060180093F8DD20072AF3D00020012283F8DD2041
:1060280083F8DC00704719689068D1F8082422F0DA
:10603800030242EA400242F00102C1F80824E7E7FD
:1060480019689068D1F8082422F4407242EA402284
:1060580042F48072C1F80824DAE719689068D1F828
:10606800082422F4403242EA404242F48032C1F825
:106078000824CDE719689068D1F8082422F0407206
:1060880042EA406242F08072C1F80824C0E7196809
:106098009068D1F80C2422F0030242EA400242F050
:1060A8000102C1F80C24B3E719689068D1F80C24F0
:1060B80022F4407242EA402242F48072C1F80C2471
:1060C800A6E70220704700BF90F8DDC0BCF1020FC0
:1060D80003465FFA8CF000F0908093F8DC0001280A
:1060E80000F08C804FF0010C0220013910B483F8C5
:1060F800DCC083F8DD001F2911D8DFE801F0237028
:1061080010381010104610101010101010541010E5
:10611800101010101010101010101010106207211D
:10612800002283F8DD1083F8DC2093F8DD20072AAD
:1061380019D00020012283F8DD2083F8DC005DF807
:10614800044B7047D2E900421868D0F80814D2010D
:1061580042EA840221F0BC010A43C0F8082493F8FB
:10616800DD20072AE5D101205DF8044B7047D2E90C
:1061780000421868D0F80814D20542EA844221F493
:106188003C010A43C0F80824CFE7D2E90042186866
:10619800D0F80814D20742EA846221F03C410A434D
:1061A800C0F80824C1E7D2E900421868D0F80C14F6
:1061B800D20142EA840221F0BC010A43C0F80C244F
:1061C800B3E7D2E900421868D0F80C14D20342EAC7
:1061D800842221F43C410A43C0F80C24A5E7D2E903
:1061E80000421868D0F80814D20342EA842221F445
:1061F8003C410A43C0F8082497E7704702207047DB
:1062080010B4CC0706D50468D4F8D03362F3000381
:10621800C4F8D0338B0706D50468D4F8D03362F3BA
:106228000823C4F8D0334C0706D50468D4F8D03313
:1062380062F31043C4F8D0330B0706D50468D4F8CA
:10624800D03362F31863C4F8D033CC0606D504689B
:10625800D4F8D43362F30003C4F8D4338B0606D5DC
:106268000168D1F8D43362F30823C1F8D4335DF858
:10627800044B704790F8DDC0BCF1020F03465FFA8B
:106288008CF000F0CD8093F8DC00012800F0C98084
:1062980030B5012483F8DC401868022483F8DD4017
:1062A8002029D0F88053D0F8FC431AD8002900F0F0
:1062B800E78001F1FF3CBCF11F0F00F2D380DFE85B
:1062C8000CF0A090D17FD1D1D16DD1D1D1D1D1D184
:1062D800D162D1D1D1D1D1D1D1D1D1D1D1D1D1D115
:1062E800D152B1F5807F00F0AE8028D8402900F067
:1062F8009A80802940F0DA80D2E90012090901F475
:10630800E04124F4E0440C43D0F8F813120402F4FA
:10631800F81221F4F811C0F8F813D0F8F8130A436A
:10632800C0F8F82393F8DD20072A58D0C0F8FC43BA
:106338000020012283F8DD2083F8DC0030BDB1F5B0
:10634800007F40F0A780D2E90012090101F4E001C2
:1063580024F4E0040C43D0F8F813920602F0F84253
:1063680021F0F841D7E7D2E90012090B01F07001DA
:1063780024F070040C43D0F8F813520102F4787238
:1063880021F47871C7E75188526861F30204D0F8A4
:10639800F81302F01F0221F01F01BCE7D2E9001236
:1063A800C0F8C82393F8DD404A0225F0606502F082
:1063B8006062072C45EA020511D0C0F88053B7E7A0
:1063C800D2E90012C0F8C42393F8DD408A0125F011
:1063D800E07502F0E072072C45EA0205EDD10120D4
:1063E80030BDD2E90012C0F8C02393F8DD40CA00DE
:1063F80025F4601502F46012072C45EA0205DCD189
:10640800EDE7D2E90012C0F8BC2393F8DD4025F48B
:10641800E02501F4E022072C45EA0205CDD1DEE7AC
:10642800704702207047D2E90012090A01F4E061BE
:1064380024F4E0640C43D0F8F813920202F4F84212
:1064480021F4F84167E7D2E9001224F4E02401F4CA
:10645800E0210C43D0F8F813520502F0787221F0CD
:10646800787158E7072283F8DD2093F8DD204FF094
:10647800000C072A83F8DCC0B1D00F299DD955E755
:10648800072283F8DD2093F8DD2083F8DC10072A43
:1064980093D1A4E7072283F8DD2093F8DD200021BB
:1064A800072A83F8DC107FF441AF98E7072283F8C6
:1064B800DD2093F8DD200021072A83F8DC108ED038
:1064C80034E700BF90F8DDC0BCF1020F03465FFA65
:1064D8008CF023D093F8DC0001287CD04FF0010C1D
:1064E8000220202983F8DCC083F8DD0017D831B3F7
:1064F80001391F2923D8DFE801F0564E224622220F
:10650800223E222222222222226622222222222203
:106518002222222222222222225E01207047B1F565
:10652800807F5AD01CD840295FD0802907D11868AD
:10653800D0F8041462F31031C0F8041405E0072100
:10654800002283F8DD1083F8DC2093F8DD20072A89
:10655800E3D00020012283F8DD2083F8DC007047B7
:10656800B1F5007FEBD11868D0F8041462F31C6110
:10657800C0F80414E9E71868D0F8001462F39641EB
:10658800C0F80014E1E71868D0F8001462F310317D
:10659800C0F80014D9E71868D0F8001462F38A111B
:1065A800C0F80014D1E71868D0F8001462F30401A9
:1065B800C0F80014C9E71868D0F8041462F304019D
:1065C800C0F80414C1E71868D0F8001462F31C611D
:1065D800C0F80014B9E7022070471868D0F804140E
:1065E80062F39641C0F80414AFE71868D0F80414B1
:1065F80062F38A11C0F80414A7E700BF90F8DD30F1
:10660800022B8446D8B200F06B819CF8DC30012B59
:1066180000F067812DE9F04F0120022383B006299D
:106628008CF8DC008CF8DD30DCF80000D2F814902F
:1066380000F0C38000EBC11EB9F1200FDEF88030F6
:1066480023F07043CEF88030DEF88050DEF8E88022
:10665800DEF8E460D0F8A04325F020054FEAC11722
:1066680045EA09050ED09369022B0BD0032B00F0E5
:106678003281042B06BF25F0800545F4807525F48A
:10668800D07503E025F4C07545F02005D36925F4DD
:1066980000651D43136A25F480651D43536A25F080
:1066A800C0652B4323F00065936A2B43D56A019597
:1066B80023F0704343EA0509536B956DB3F1005F0E
:1066C80014BF29F4003349F4003326F4807A966B1A
:1066D80023F04003334323F480232B43D56B23F06B
:1066E800FC7365F30508156D23F4803328F0004921
:1066F8002B43D2F84880156C28F4805B49EA0509D9
:10670800556CBBF5606F4AEA050A53D02AF4F05A73
:1067180048EA0A0AD56C2AF4804A4AEA0508D2F8F7
:1067280054A0052909D8DFE801F0D0CAC4BE03B8CF
:10673800166B24F4001444EA46140744CEF880305B
:10674800C7F8E890C1EBC103C7F8E480C7F8D4A044
:10675800C0F8A043D2E901A9D2E903479B0020333E
:1067680015684CF803500CEB0306C6E901A9C6E905
:10677800034705290AD8DFE801F003867F78716AA4
:10678800D0F8843343F00203C0F88433019B43B943
:10679800DEF88030D26D23F4007343EA4223CEF84A
:1067A8008030002001238CF8DD308CF8DC0003B049
:1067B800BDE8F08F402EADD1A8E70468D0F8A0134B
:1067C80024F0200444EA0904B9F1200F24F0C0039E
:1067D80060D09569022D5DD0032D00F08480042DD2
:1067E8000CBF43F0800324F0E003D46923F4006372
:1067F8002343146A23F480632343546A23F0C06359
:106808002343946A23F000632343D46A23F040436C
:1068180043EA8403546B23F000532343146B03604F
:1068280021F480312143C0F8A013D2E90213D2E940
:1068380000541269CCF8D820CCE93254CCE934138E
:10684800D0F8843343F00103C0F88433A9E7D0F8C3
:10685800843343F04003C0F8843397E7D0F8843397
:1068680043F02003C0F8843390E7D0F8843343F032
:106878001003C0F8843389E7D0F8843343F0080361
:10688800C0F8843382E7D0F8843343F00403C0F8B7
:1068980084337BE743F02003A7E7166B24F48004D6
:1068A80044EA861449E7166B24F4801444EA061473
:1068B80043E7166B24F4002444EAC6043DE7166B4C
:1068C80024F4802444EA860437E7166B24F4003461
:1068D80044EA460431E725F4807545F08005D5E69D
:1068E80070470220704743F040037EE790F8DD30A0
:1068F800022B8446D8B246D09CF8DC30012B6DD0F0
:10690800DCF80000022310B58CF8DD3000EBC11371
:106918001468D3F8EC3023F0100343EA04135468E6
:1069280023F480132343D46823F4803323439468E7
:1069380023F4003323439469012C4FEAC11E17D076
:106948008644CEF8EC3006290BD8DFE801F0242B7A
:10695800323904401D00D0F8843343F02003C0F8D6
:106968008433002001238CF8DD308CF8DC0010BD66
:106978001469526923F00403234323F002031343E9
:1069880043F00103DCE77047D0F8843343F0010398
:10699800C0F88433E5E7D0F8843343F00203C0F845
:1069A8008433DEE7D0F8843343F00403C0F884333B
:1069B800D7E7D0F8843343F00803C0F88433D0E72E
:1069C800D0F8843343F01003C0F88433C9E7D0F813
:1069D800843343F04003C0F88433C2E70220704791
:1069E80000B590F8DDE0BEF1020F84465FFA8EF044
:1069F8002FD09CF8DC00012800F0C88001208CF81A
:106A0800DC0002208CF8DD000A2A00F2C280DFE8F0
:106A180002F0222C3B4B5B6B7B8A9AAA0600DCF8BF
:106A28000020186802EBC1125968D2F8D03001432F
:106A380023F0F85343EA0163C2F8D0309CF8DD3004
:106A4800072B00F0A080002001238CF8DD308CF8A3
:106A5800DC005DF804FBDCF8003003EBC113002216
:106A6800C3F8CC20C3F8D020E8E7DCF800001A68A7
:106A78005B6800EBC1111343D1F8CC2022F01F0250
:106A88001343C1F8CC30D9E7DCF80020186802EBD2
:106A9800C1125968D2F8CC30014323F4F86343EAB1
:106AA8008113C2F8CC30C9E7DCF80020186802EB83
:106AB800C1125968D2F8CC30014323F4F83343EAC1
:106AC8000133C2F8CC30B9E7DCF80020186802EBD3
:106AD800C1125968D2F8CC30014323F4F80343EAD1
:106AE8008143C2F8CC30A9E7DCF80020186802EB33
:106AF800C1125968D2F8CC30014323F0F85343EA65
:106B08000163C2F8CC3099E7DCF800001A685B68CA
:106B180000EBC1111343D1F8D02022F01F02134318
:106B2800C1F8D0308AE7DCF80020186802EBC112FF
:106B38005968D2F8D030014323F4F86343EA81134B
:106B4800C2F8D0307AE7DCF80020186802EBC112EE
:106B58005968D2F8D030014323F4F83343EA0133BB
:106B6800C2F8D0306AE7DCF80020186802EBC112DE
:106B78005968D2F8D030014323F4F80343EA81433B
:106B8800C2F8D0305AE701205DF804FB02205DF816
:106B980004FB072200238CF8DD208CF8DC304DE75D
:106BA80090F8DD30022B8446D8B23FD09CF8DC3018
:106BB800012B3CD0022310B58CF8DD30D2E900035C
:106BC800C3F3080300F4E05018439368546903F4CE
:106BD80000731843136903F480431843D36803F41C
:106BE80000430343906900F000700343106A00F00B
:106BF80080400343D06900F000421343DCF80020D2
:106C080002EBC1110B4AD1F8B80002EA044213435F
:106C1800094A02404FF0000E13430122C1F8B83070
:106C28008CF8DD208CF8DCE0704610BD704702203F
:106C3800704700BF0000FF010020003C00B590F83D
:106C4800DDE0BEF1020F84465FFA8EF027D09CF893
:106C5800DC00012800F0A08001208CF8DC00062967
:106C68004FF002008CF8DD0002F1FF3219D0072A3C
:106C780005D8DFE802F02B61043904040441072237
:106C880000238CF8DD208CF8DC309CF8DD30072BF5
:106C980027D0002001238CF8DD308CF8DC005DF86B
:106CA80004FB072AEBD801A151F822F08D6D0008EA
:106CB800836D0008876C0008976D0008876C0008D2
:106CC800876C0008876C0008796D0008DCF80020E4
:106CD8001B6802EBC112C2F89C309CF8DD30072B10
:106CE800D7D101205DF804FBDCF800201B6802EB1B
:106CF800C112C2F8A830C8E7DCF80020186802EB17
:106D0800C1125968C2F8AC0000294FD0D2F88000EF
:106D180020F44040C2F88000D2F88000B1F5005F4E
:106D280040EA8100C2F880001ED0B1F5405FACD1C6
:106D38009B68C2F8A830A8E7DCF80020186802EBC6
:106D4800C1125968C2F8A40049B3D2F8800020F4EF
:106D58004050C2F88000D2F88000B1F5005F40EAE8
:106D68000100C2F88000E0D19B68C2F89C308CE733
:106D7800DCF800201B68D36287E7DCF800201B687A
:106D8800536282E7DCF800201B68D3617DE7DCF8FA
:106D980000201B68936278E702205DF804FBD2F8B4
:106DA800803023F44053C2F880306EE7D2F8803048
:106DB80023F44043C2F8803067E700BFF0B590F88D
:106DC800DD40022C8446E0B244D09CF8DC00012867
:106DD8004FF002003ED08CF8DD00DCF800004FEAEE
:106DE800C11E00EBC111402AD1F8E460D1F8B850B7
:106DF8003AD030D8012A37D0023A1E2A3CD801218D
:106E080001FA02F228490A4248D000EB0E025968FA
:106E1800C2F8C4109968C2F8C81010246FF47E0232
:106E280006EA0201DE681A685F6932431E69324366
:106E38003A439F693A43A240082E42EA01021FD012
:106E480000EB0E0301210020C3F8E4208CF8DD10CC
:106E58008CF8DC00F0BDB2F5007FD6D017D8802AB8
:106E6800D3D0B2F5807F07D100EB0E025968C2F883
:106E7800BC109968C2F8C0106FF0FE020024CFE77A
:106E880015F0022FDCD1DB69A3401A43D8E7B2F52D
:106E9800806FE9D0B2F5006FEED1B6E744F2040195
:106EA8000A42E1D1E8E700BF4100004090F8DC2049
:106EB800012A034611D00068022283F8DD20D0F8A9
:106EC80094234FF0000C0A430121C0F89423604634
:106ED80083F8DD1083F8DCC070470220704700BFDC
:106EE80090F8DC20012A034611D00068022283F8BA
:106EF800DD20D0F898234FF0000C0A430121C0F898
:106F08009823604683F8DD1083F8DCC070470220C0
:106F1800704700BF90F8DC20012A03460FD00068B4
:106F2800022283F8DD2002684FF0000C0A43012199
:106F38000260604683F8DD1083F8DCC070470220E9
:106F4800704700BF2DE9F84F90F8DD30022B6AD06A
:106F580090F8DC300222012B054680F8DD2062D053
:106F6800012311F4803F884680F8DC3043D13B4F41
:106F7800DFF8ECB0DFF8F0A02C4605F1A8090026F0
:106F880057F8043B13EA080F22D0636A03B3F3B23D
:106F9800013B042B5FD8DFE803F049524C4F030054
:106FA800D5F8F80000284DD0D4E90B23A16AC0F821
:106FB80034B0C0F82CA0FDF70DFA002842D12B6898
:106FC800616A03EBC613D3F88C200A43C3F88C20FC
:106FD8001C344C4506F10106D2D129680B68002201
:106FE80043EA080301240B6085F8DD4085F8DC20BE
:106FF8001046BDE8F88FD0F8CC30002BB7D0D0F8C9
:10700800E000174A174B4263C362D5F8D010D5E9A0
:107018003523FDF7DFF9A8B92A68D5F8CC10D3686D
:107028000B43D360A3E70220BDE8F88FD5F8E8004A
:10703800B8E7D5F8F000B5E7D5F8F400B2E7D5F829
:10704800EC00AFE7072385F8DD30002385F8DC3056
:107058000120BDE8F88FD5F8E400A3E784AB000869
:1070680009560008A155000811560008FF292DE906
:10707800F0410368044600F0F78006290D4600F049
:10708800D38003EBC11203EBC113D2F88460D3F8A9
:107098008C70F2074FEAC11807D5FA0705D5012207
:1070A800C3F88820D0F830319847B2070BD5BB0712
:1070B80009D5236843440222C3F888202946D4F816
:1070C80034312046984770070BD5790709D52368CE
:1070D80043440422C3F888202946D4F8383120468E
:1070E800984732070BD53B0709D523684344082244
:1070F800C3F888202946D4F83C3120469847F00642
:107108000BD5F90609D5236843441022C3F8882013
:107118002946D4F82C312046984772060BD57B06B1
:1071280009D5236843444022C3F888202946D4F867
:1071380028312046984730060BD5390609D52368EB
:1071480043448022C3F888202946D4F84031204699
:107158009847F2050CD5FB050AD5236843444FF43C
:107168008072C3F888202946D4F8443120469847CD
:10717800B0050CD5B9050AD5236843444FF400720D
:10718800C3F888202946D4F850312046984772051C
:107198000CD57B050AD5236843444FF48062C3F8B5
:1071A80088202946D4F854312046984730050CD514
:1071B80039050AD5236843444FF40062C3F8882090
:1071C8002946D4F8583120469847F2040CD5FB04D8
:1071D8000AD5236843444FF48052C3F888202946CF
:1071E800D4F85C3120469847B0040CD5B9040AD5C8
:1071F800236843444FF40052C3F888202946D4F842
:107208004C312046984772042CD57B042AD5236834
:1072180043444FF480422946C3F888202046D4F8D6
:107228004831BDE8F0411847D3F88873D3F8908304
:107238005D68DE68F90300F1CE80BA0300F1BD8015
:10724800EB0700F1AE80A80700F19F806A0700F104
:1072580090802F0700F18180E90673D4AB0667D4CC
:10726800680659D4BDE8F081D3F88853D3F8906301
:10727800EA0707D5F70705D50122C3F88C23D0F80C
:10728800FC309847A80709D5B10707D5236802221B
:10729800C3F88C232046D4F8003198476A0709D5EB
:1072A800730707D523680422C3F88C232046D4F833
:1072B800043198472F0709D5300707D523680822D6
:1072C800C3F88C232046D4F808319847E90609D535
:1072D800F20607D523681022C3F88C232046D4F879
:1072E8000C3198476B0609D5770607D523684022E5
:1072F800C3F88C232046D4F810319847AD06B1D591
:10730800B006AFD52268D4F8143120212046C2F83F
:107318008C13BDE8F04118477106A3D52268D4F84C
:1073280028314021916020460621BDE8F0411847E8
:10733800B70695D5236820229A602046D4F82031D4
:1073480098478DE7F20689D5236810229A600621AE
:10735800D4F82C312046984780E730077FF57CAF7A
:10736800236808229A600621D4F83C3120469847C1
:1073780072E773077FF56DAF236804229A600621D0
:10738800D4F838312046984763E7B1077FF55EAFF8
:10739800236802229A600621D4F83431204698479F
:1073A80054E7F7077FF54FAF236801229A6006215B
:1073B800D4F830312046984745E718F4003F3FF4A9
:1073C8003FAF23684FF40032C3F88C232046D4F82B
:1073D8001C31984734E718F4803F3FF42EAF4FF440
:1073E8008032C3F88C23012380F8DD30002380F835
:1073F800DC30D0F8183198471FE700BF00287BD051
:107408002DE9F04190F83A30052B82B004465ED061
:1074180090F83A30022B5AD0384B1A6E42F00102DB
:107428001A661B6E03F001030193019B90F83A3032
:1074380003F0FF020BB980F839202046FAF70EFE58
:10744800D4E90C014FEA016C217DA6682369226802
:10745800E56AD4E909874FEAC04E6068A1F10101E5
:10746800B1FA81F1304326F02006490943EA0803BE
:10747800402E4FEA012143EA07032CD0166826F074
:10748800100635431560E5682B4343EA0E0343EACB
:107498000C03156803431A48284003430B43136041
:1074A8009369002B09DBD4E9063091690343206A0C
:1074B80021F03F0103430B43936194F83A3013B929
:1074C800012384F83A30002002B0BDE8F0810120A1
:1074D80002B0BDE8F08143EA0E0343EA0C0303431C
:1074E800106820F0100028431060156804482840F0
:1074F80003430B431360D3E7012070470010024099
:10750800113E00E0034638B190F83A20052A03D02E
:1075180090F83A20012A01D00120704701680A68D2
:107528004FF0040C42F001020A60002083F83AC0D0
:10753800704700BF68B12DE9F84390F83A30052B41
:10754800044603D090F83A30012B04D00120BDE85E
:10755800F8830120704703681A6842F002021A6033
:107568001A6842F010021A601A6842F400621A603F
:107578001A6842F440521A601A6842F0010204275D
:1075880008261A6010251A6822F0F85242EA0562A5
:107598001A600220FBF76EFF23681A6852004CBF7E
:1075A800AD19AD1B013F4FEA5606ECD11A6822F01F
:1075B800F85242EA05621A600220FBF75BFF226874
:1075C800136858004FEA056607D51368013523F09C
:1075D800F85343EA05632E061360136823F44053F7
:1075E80043F4805313604FF004094FF00808102744
:1075F800136823F4780343EAC74313600220FBF7B8
:1076080039FF2268136859004CBF4744A7EB0807A5
:10761800B9F101094FEA5808EAD1136823F478034D
:1076280043EAC74313600220FBF724FF23681A6864
:1076380052004FEAC74808D51A68013722F4780281
:1076480042EAC7421A604FEAC7481A6822F4006241
:107658001A601A6822F001021A601A6822F00202FF
:107668001A601022E2621A6822F4780242EA0802DA
:10767800C4E90C751A601A6822F0F85232430020E7
:107688001A60BDE8F88300BF10B5846A636A834254
:1076980018D0A36A83420FD0E36A834217D0236BC2
:1076A80083421AD0012384F83D30D4F8A83020460C
:1076B80098470023237710BD02220123227784F8FC
:1076C8003F30F2E70123237784F83E30EDE70422C8
:1076D8000123227784F84030E7E708220123227744
:1076E80084F84130E1E700BF10B5846A636A8342D9
:1076F80018D0A36A83420CD0E36A83421AD0236B62
:10770800834220D0D4F8A03020469847002323771E
:1077180010BD02222277DB69002BF3D1012384F804
:107728003F30EFE701222277DB69002BEAD184F8AA
:107738003E20E7E704222277DB69002BE2D1012310
:1077480084F84030DEE708222277DB69002BD9D1A4
:10775800012384F84130D5E710B5846A636A83420F
:1077680014D0A36A83420ED0E36A834211D0236BFC
:10777800834204BF08232377D4F8A43020469847CF
:107788000023237710BD02232377F5E7012323770E
:10779800F2E704232377EFE7036A026A22F0010283
:1077A80070B40262446882690D6822F4803222F063
:1077B80073022A438D6823F002032B43154DA84218
:1077C80013D005F50065A8420FD005F54065A8421D
:1077D8000BD005F58065A84207D005F58065A8425D
:1077E80003D005F50065A8420DD1CD6823F0080344
:1077F8002B43D1E9056524F4407446EA050C23F0CF
:1078080004034CEA040449684460826170BC416323
:1078180003627047002C0140036A026A22F48072F6
:1078280070B402624468C2690D6822F4803222F0A2
:1078380073022A438D6823F4007343EA0523174D26
:10784800A84214D005F50065A84210D005F5E0550A
:10785800A8420CD0A5F58055A8420FD005F5806543
:10786800A8420BD005F58065A8420FD106E0CD6887
:1078780023F4006343EA052323F48063D1E9056513
:1078880024F4405446EA050C44EA0C144968446060
:10789800C26170BCC1630362704700BF002C014025
:1078A800036A026A22F4805270B402624468C269B0
:1078B8000D6822F0807222F4E64242EA05228D68C1
:1078C80023F4005343EA0533164DA84214D005F5B6
:1078D8000065A84210D005F5E055A8420CD0A5F5E2
:1078E8008055A8420FD005F58065A8420BD005F554
:1078F8008065A8420FD106E0CD6823F4004343EA2F
:10790800053323F48043D1E9056524F4404446EA6D
:10791800050C44EA8C1449684460C26170BC016477
:1079280003627047002C0140704700BF704700BFDA
:10793800704700BF704700BF704700BF704700BF67
:10794800704700BF704700BF704700BF704700BF57
:10795800704700BF704700BF002800F0B48038B5FA
:1079680090F83D30044603F0FF02002B2DD1C36C84
:10797800624984F83C20624A6248C4F88400C4E939
:1079880022126148614A6249C4E92402614A624894
:10799800C4E92612614A6249C4E92802614A624878
:1079A800C4E92A12614A6249C4E92C02614A624860
:1079B800C4E92E126149624AC4F8C820C4E93001FA
:1079C800002B00F082802046984722685D490223F8
:1079D80084F83D308A4213682CD0B2F1804F60D0D1
:1079E800A1F594318A425CD001F580618A4258D071
:1079F80001F580618A4254D001F594318A4219D048
:107A080001F5E0518A4215D0A1F580518A425FD034
:107A180001F580618A425BD001F580618A425DD0C0
:107A2800A5696168E06823F080032B431360D06286
:107A3800916212E0A068216923F07003034323F4E4
:107A480040730B43A16923F080030B431360E36881
:107A5800D362636893626369136301235361136993
:107A6800DB0703D5136923F001031361012384F8AD
:107A7800483084F83E3084F83F3084F8403084F849
:107A8800413084F8423084F8433084F8443084F834
:107A9800453084F8463084F8473084F83D3000207B
:107AA80038BDA168206923F070030B4323F44073A9
:107AB800A169034323F08003E0680B436168136006
:107AC800D0629162C9E7012070471F4BE3647AE7EF
:107AD8002069A16923F440730343B4E72069A169CD
:107AE80023F44073034323F080030B4317490B60CF
:107AF800E368CB6263688B62ADE700BF3D7900083D
:107B0800557900083979000859790008457900083D
:107B180049790008417900084D7900085179000831
:107B28005D790008C58E0008C98E0008CD8E000852
:107B3800D18E0008D58E0008D98E0008DD8E000889
:107B4800E18E0008002C0140110E00080048014099
:107B580090F83D30012B2FD10368184A0221934237
:107B680080F83D101AD0B3F1804F17D0A2F59432A7
:107B7800934213D002F5806293420FD002F58062DF
:107B880093420BD002F59432934207D002F540623B
:107B9800934203D002F58052934207D19968084A6C
:107BA8000A40062A06D0B2F5803F03D01A6842F090
:107BB80001021A600020704701207047002C014024
:107BC8000700010090F83D30012B32D103681A49B3
:107BD800022280F83D20DA688B4242F00102DA6026
:107BE80019D0B3F1804F16D0144A934213D002F53E
:107BF800806293420FD002F5806293420BD002F567
:107C08009432934207D002F54062934203D002F5C2
:107C18008052934207D19968094A0A40062A06D039
:107C2800B2F5803F03D01A6842F001021A600020C2
:107C380070470120704700BF002C0140000400403D
:107C48000700010070B50D460446102D12D8DFE874
:107C580015F0290011001100110089001100110010
:107C68001100D100110011001100AD001100110028
:107C78001100F20090F843100229C8B271D0291FF0
:107C88000C2900F2E880DFE811F07200E600E60057
:107C9800E600BA00E600E600E6009600E600E60028
:107CA800E600DB0090F83E100229C8B259D094F8DB
:107CB8003E10012940F0CD80002A00F0CA80002B38
:107CC80000F0C780606A864E022184F83E10114693
:107CD8002268C662834E0663834E46633432FCF7DD
:107CE80079FB002840F0B5802368DA6842F4007216
:107CF800DA60196A05F01F050122AA4021EA02018B
:107D08001962186A794902438B421A6200F0CE80E0
:107D1800774A934200F0CA8002F54062934200F02D
:107D2800C58002F58062934200F0C58002F580624A
:107D3800934200F0C08002F50062934200F0B680E2
:107D4800B3F1804F40F0BC8099686A4A0A40062A1D
:107D580006D0B2F5803F03D01A6842F001021A60DB
:107D6800002070BD90F83F100229C8B2F9D094F8ED
:107D78003F1001296DD1002A6BD0002B69D0A06A71
:107D8800574E022184F83F1011462268C662554EAC
:107D98000663554E46633832FCF71CFB002858D161
:107DA8002368DA6842F48062DA60A2E790F841104A
:107DB8000229C8B2D5D094F84110012949D1002A26
:107DC80047D0002B45D0206B454E022184F8411046
:107DD80011462268C662434E0663434E46634032EC
:107DE800FCF7F8FA002834D12368DA6842F48052A4
:107DF800DA607EE790F840100229C8B2B1D094F852
:107E08004010012925D122B31BB3E06A344E022168
:107E180084F8401011462268C662324E0663324E1C
:107E280046633C32FCF7D6FA98B92368DA6842F41C
:107E38000062DA605DE790F842100229C8B290D07B
:107E480094F84210012904D11AB113B1022384F81D
:107E58004230012070BD94F843000128F9D1002A6E
:107E6800F7D0002BF5D00C291CD801A050F821F030
:107E7800877D0008AD7E0008AD7E0008AD7E000855
:107E8800137E0008AD7E0008AD7E0008AD7E0008B8
:107E9800CF7D0008AD7E0008AD7E0008AD7E0008ED
:107EA800557E0008022384F84330D2E75A6C42F426
:107EB80000425A6448E75A6C42F400425A644BE75D
:107EC8000D4A93423FF440AF02F5806293423FF47B
:107ED8003BAF02F5806293423FF436AF3CE700BF08
:107EE800F17600086177000891760008002C0140BF
:107EF800003401400700010000040040002800F0A1
:107F0800B48038B590F83D30044603F0FF02002BEA
:107F18002DD1436E624984F83C20624A6248C4F815
:107F28008400C4E922126148614A6249C4E9240212
:107F3800614A6248C4E92612614A6249C4E92802D2
:107F4800614A6248C4E92A12614A6249C4E92C02BA
:107F5800614A6248C4E92E126149624AC4F8C820DD
:107F6800C4E93001002B00F082802046984722683F
:107F78005D49022384F83D308A4213682CD0B2F15F
:107F8800804F60D0A1F594318A425CD001F58061C0
:107F98008A4258D001F580618A4254D001F5943163
:107FA8008A4219D001F5E0518A4215D0A1F58051D5
:107FB8008A425FD001F580618A425BD001F5806119
:107FC8008A425DD0A5696168E06823F080032B438D
:107FD8001360D062916212E0A068216923F07003F7
:107FE800034323F440730B43A16923F080030B433D
:107FF8001360E368D3626368936263691363012360
:1080080053611369DB0703D5136923F00103136177
:10801800012384F8483084F83E3084F83F3084F8EF
:10802800403084F8413084F8423084F8433084F892
:10803800443084F8453084F8463084F8473084F872
:108048003D30002038BDA168206923F070030B4340
:1080580023F44073A169034323F08003E0680B43D2
:1080680061681360D0629162C9E7012070471F4BB5
:1080780063667AE72069A16923F440730343B4E790
:108088002069A16923F44073034323F080030B4361
:1080980017490B60E368CB6263688B62ADE700BF8A
:1080A8003D790008557900083979000859790008A0
:1080B8004579000849790008417900084D79000898
:1080C800517900085D790008C58E0008C98E00083E
:1080D800CD8E0008D18E0008D58E0008D98E0008F4
:1080E800DD8E0008E18E0008002C0140317900087F
:1080F80000480140FFF7A6BD38B50C4605460C29D7
:1081080008D8DFE801F0570707074E0707074507B4
:1081180007070900012038BD0268006BD36823F403
:108128008053D360FCF7AEF92B6801211A6AA1408D
:1081380022EA01021A62314A196A1962934242D04C
:1081480002F5006293423ED002F5406293423AD073
:1081580002F58062934236D002F58062934232D0B3
:1081680002F5006293422ED0196A41F211121142AF
:1081780008D1196A44F24442114203D11A6822F024
:1081880001021A6001236CBB85F83E30002038BD1F
:108198000268C06AD36823F40063D360FCF772F9FD
:1081A800C2E70268806AD36823F48063D360FCF76F
:1081B80069F9B9E70268406AD36823F40073D360A9
:1081C800FCF760F9B0E7196A41F211121142CBD1FC
:1081D800196A44F244421142C6D15A6C22F4004250
:1081E8005A64C1E7042C06D0082C0CBF85F840302F
:1081F80085F84130CAE785F83F30C7E7002C0140D1
:10820800002800F0B48038B590F83D30044603F0FB
:10821800FF02002B2DD1436D624984F83C20624A4D
:108228006248C4F88400C4E922126148614A62497C
:10823800C4E92402614A6248C4E92612614A6249D3
:10824800C4E92802614A6248C4E92A12614A6249BB
:10825800C4E92C02614A6248C4E92E126149624AA3
:10826800C4F8C820C4E93001002B00F08280204601
:10827800984722685D49022384F83D308A42136892
:108288002CD0B2F1804F60D0A1F594318A425CD0F5
:1082980001F580618A4258D001F580618A4254D044
:1082A80001F594318A4219D001F5E0518A4215D07E
:1082B800A1F580518A425FD001F580618A425BD086
:1082C80001F580618A425DD0A5696168E06823F0A4
:1082D80080032B431360D062916212E0A068216989
:1082E80023F07003034323F440730B43A16923F085
:1082F80080030B431360E368D36263689362636926
:108308001363012353611369DB0703D5136923F052
:1083180001031361012384F8483084F83E3084F85F
:108328003F3084F8403084F8413084F8423084F893
:10833800433084F8443084F8453084F8463084F873
:10834800473084F83D30002038BDA168206923F00B
:1083580070030B4323F44073A169034323F08003A4
:10836800E0680B4361681360D0629162C9E701203D
:1083780070471F4B63657AE72069A16923F440734E
:108388000343B4E72069A16923F44073034323F04E
:1083980080030B4317490B60E368CB6263688B6209
:1083A800ADE700BF3D790008557900083979000824
:1083B8005979000845790008497900084179000889
:1083C8004D790008517900085D790008C58E0008CC
:1083D800C98E0008CD8E0008D18E0008D58E000801
:1083E800D98E0008DD8E0008E18E0008002C0140BF
:1083F8003579000800480140036870B5DE681D69DA
:10840800AA07044602D5B10700F1C6806B0702D55A
:10841800700700F1AC80290702D5320700F193807C
:10842800E80601D5F10679D4EA0701D5F3076CD43B
:1084380015F4025F24D030065CD4680601D57106B5
:108448004FD4AA0601D5B30642D4E80201D5F102F9
:108458002CD4AA0201D5B3021FD4680201D5710237
:108468002DD42A020BD5330209D52268D4F8C83096
:108478006FF4000120461161BDE87040184770BDD7
:10848800EA05DAD53306D8D523686FF480721A6105
:108498002046D4F8B8309847CFE723686FF4001225
:1084A8001A612046D4F8C0309847D6E723686FF49D
:1084B80080121A612046D4F8BC309847C9E723686F
:1084C8006FF480021A612046D4F8C4309847C8E790
:1084D80023686FF020021A612046D4F8AC30984720
:1084E800B3E723686FF040021A612046D4F88C3055
:1084F8009847A6E723686FF402521A612046D4F819
:10850800B4309847E90598D5BEE723686FF00102B3
:108518001A612046D4F88430984789E723686FF0B9
:1085280010021A6108222277DB6913F4407F53D1C5
:10853800D4F89C3020469847D4F8A0302046984775
:108548000023237770E723686FF008021A6104227A
:108558002277DB699B073AD1D4F89C3020469847AC
:10856800D4F8A030204698470023237758E723689B
:108578006FF004021A61022222779B6913F4407F8C
:1085880020D1D4F89C3020469847D4F8A030204613
:108598009847002323773EE76FF002021A61012211
:1085A80002779B699A0709D1D0F89C309847D4F88C
:1085B800A030204698470023237727E7D0F8943047
:1085C8009847F8E7D4F8943020469847E1E7D4F87C
:1085D800943020469847C7E7D4F894302046984707
:1085E800AEE700BF034690F83C00012800F0BF80CA
:1085F8000120F0B483F83C000C2A08D8DFE802F028
:108608003407070760070707820707070D000022DE
:1086180083F83C200120F0BC70471A68CE68146AC1
:10862800D1E90005000324F4204400F4204020434D
:10863800146A24F4805414628C68D16921F440715E
:1086480041EA052166F30F31D1611062D16921F445
:108658004061D161D16941EA0421D161002283F8E6
:108668003C200020F0BC70471A68DFF808C1156A82
:10867800166ACF6826F00106D1E900046245166241
:1086880096695FD0B2F1804F5CD0ACF5943C6245FE
:1086980058D00CF5806C624554D00CF5806C62455E
:1086A80050D00CF5943C62454CD00CF5406C6245BA
:1086B80048D00CF5805C624544D046F0010444E0A3
:1086C8001A68CE68146AD1E90005000124F0A004F4
:1086D80000F0A0002043146A24F0100414628C688F
:1086E800916921F4407141EA052166F30F319161E6
:1086F8001062916921F440619161916941EA042114
:108708009161ABE71A68CE68156AD1E900040002E6
:1087180025F4206500F420602843156A25F4807547
:1087280015628D68D16921F00301214366F30711B1
:10873800D1611062D16921F00C01D161D16929435D
:10874800D1618BE726F00306344367F3071494617D
:1087580000F00A0025F00A042043106290698C6832
:1087680020F00C00906191692143916176E7022025
:10877800704700BF002C014090F83C20012A7AD0B5
:10878800034630B402680224012083F83D4083F890
:108798003C009568614C2C4094600C68702C6CD03F
:1087A80027D8502C79D02DD8402C40F0A08048688C
:1087B800CC68116A21F00A010843116A21F001010D
:1087C8001162916921F0F00141EA0411916110628E
:1087D800916821F4401121F0700141F04701916046
:1087E80000200121002283F83D1083F83C2030BC92
:1087F8007047B4F5005F6AD021D8B4F5805018BF2F
:108808000120EEE7602CECD14868CC68116A21F0B1
:10881800A00141EA0011106A20F01000106290696E
:1088280020F4704040EA043090611162916821F4AC
:10883800401121F0700141F067019160D0E738499B
:108848008C420ED05DD820398C420AD006D824F04C
:108858001001B1F5801F04D00120C2E731498C42D4
:10886800FAD1916821F4401121F07001214341F0BF
:1088780007019160B4E702207047D1E9015094687C
:108888002843CD6824F47F4140EA052008439060DE
:10889800916841F077019160A2E74868CC68116A55
:1088A80021F00A010843116A21F00101116291695E
:1088B80021F0F00141EA041191611062916821F4FC
:1088C800401121F0700141F05701916088E7D1E92A
:1088D800015094682843CD6824F47F4140EA05207C
:1088E80008439060916841F48041916078E73FF6D1
:1088F80078AF202CB5D00ED834F010017FF471AFCA
:10890800AFE709498C42ACD024F0200510398D42DC
:108918007FF467AFA5E7302CA3D09DE78800CEFF92
:1089280040001000300010006000100003464AB1FB
:1089380090F83DC0BCF1010F5FFA8CF00FD093F8AE
:108948003D0008B1012070470D29FBD8DFE801F090
:108958001F21232527292B2D2F313335371B1F297D
:10896800F1D8DFE801F01416181A1C1E202224265C
:10897800282A2C10582E314C4F525534373A3D4046
:108988004346495E615BC3F8802000207047DA6483
:10899800FBE71A65F9E75A65F7E79A65F5E7DA65D7
:1089A800F3E71A66F1E75A66EFE79A66EDE7DA66E3
:1089B800EBE71A67E9E75A67E7E79A67E5E7DA67EF
:1089C800E3E7C3F88820E0E7C3F88C20DDE7C3F8C5
:1089D800A020DAE7C3F8A420D7E7C3F8A820D4E793
:1089E800C3F8AC20D1E7C3F8B020CEE7C3F8B42071
:1089F800CBE7C3F8B820C8E7C3F8BC20C5E7C3F87D
:108A08009020C2E7C3F89420BFE7C3F89820BCE7DA
:108A1800C3F89C20B9E7C3F88420B6E7C3F8C82098
:108A2800B3E7C3F8C020B0E7C3F8C420ADE700BF80
:108A3800036A026A22F0100270B402624468826912
:108A48000D6822F0807222F4E64242EA05228D681F
:108A580023F0200343EA0513164DA84214D005F568
:108A68000065A84210D005F5E055A8420CD0A5F540
:108A78008055A8420FD005F58065A8420BD005F5B2
:108A88008065A8420FD106E0CD6823F0800343EA51
:108A9800051323F04003D1E9056524F4406446EA50
:108AA800050C44EA8C0449684460826170BC8163A7
:108AB80003627047002C014090F83C30012B00F015
:108AC800E480012370B504460D4680F83C30142A32
:108AD8000CD8DFE802F0530B0B0B670B0B0B780B72
:108AE8000B0B880B0B0B990B0B0B1000002384F856
:108AF8003C30012070BD03682E681A6A196A21F497
:108B0800801119625868196D21F0807121F4E041D3
:108B180041EA0621AE6822F4001242EA06525C4E8F
:108B2800B34213D006F50066B3420FD006F540668F
:108B3800B3420BD006F58066B34207D006F58066CF
:108B4800B34203D006F50066B34204D16E6920F43F
:108B5800802040EA8620586019656968D9641A62DD
:108B68001A6D296942F400621A651A6D22F480624E
:108B78001A651A6D42EA01221A650EE00068FEF7CE
:108B88000BFE83692A6943F008038361836923F034
:108B980004038361836913438361002384F83C30B1
:108BA800002070BD0068FFF743FF83692A6943F41A
:108BB80000638361836923F480638361836943EA83
:108BC80002238361E9E70068FEF726FEC3692A6984
:108BD80043F00803C361C36923F00403C361C36995
:108BE8001343C361D9E70068FEF75AFEC3692A69CF
:108BF80043F40063C361C36923F48063C361C36939
:108C080043EA0223C361C8E703682E681A6A196A2F
:108C180021F4803119625868196D21F4803121F0EE
:108C280070013143AE6822F4003242EA0642184E1F
:108C3800B34213D006F50066B3420FD006F540667E
:108C4800B3420BD006F58066B34207D006F58066BE
:108C5800B34203D006F50066B34204D16E6920F42E
:108C6800803040EA062058601965696899641A627C
:108C78001A6D296942F008021A651A6D22F0040279
:108C88001A651A6D0A431A6587E70220704700BF04
:108C9800002C0140002941D190F84430012B49D1E2
:108CA800022380F84430036801F00F01186A042297
:108CB8008A4020EA02001862186A274902431A62A9
:108CC8005A6C8B4242F400425A6419D0B3F1804F77
:108CD80016D0224A934213D002F5806293420FD0F5
:108CE80002F5806293420BD002F59432934207D08A
:108CF80002F54062934203D002F58052934207D1B5
:108D08009968174A0A40062A06D0B2F5803F03D070
:108D18001A6842F001021A600020704704290BD03B
:108D2800082911D090F84730012B03D1022380F88D
:108D38004730B8E70120704790F84530012BF9D14A
:108D4800022380F84530AEE790F84630012BF1D188
:108D5800022380F84630A6E7002C014000040040BA
:108D68000700010090F83C30012B4FD08446284A78
:108D78000068022330B490428CF83D3043680D6897
:108D880084682DD002F50062904234D002F5E0529A
:108D9800904225D023F0007323F070032B43B0F1E9
:108DA800804F43600CD18B6824F080041C4384609E
:108DB800002001238CF83D308CF83C0030BC704713
:108DC800144B9842EFD003F580639842EBD003F53B
:108DD80080639842E7D003F59A339842E8D1E2E7F6
:108DE8004A6823F47003134323F0007323F07003DD
:108DF8002B434360D7E723F470024B681A4322F0F1
:108E0800007222F0700215434560CCE702207047DB
:108E1800002C01400004004090F83C30012B48D061
:108E280010B4D1E9024323F440730246234348684F
:108E38000C6823F48063034323F400630869234325
:108E480023F480534C69034323F40053086B2343F2
:108E580023F480438C69034323F47023C86943EAED
:108E6800044323F08053144C03431068A04207D0F6
:108E780004F50064A04203D004F5E054A04210D1E8
:108E88008C6A23F4700343EA04530C6A23F080735A
:108E980023434C6AC96A23F00073234323F0005329
:108EA8000B430021436482F83C1008465DF8044BEC
:108EB80070470220704700BF002C0140704700BF78
:108EC800704700BF704700BF704700BF704700BFC2
:108ED800704700BF704700BF704700BF034AD2F811
:108EE800883043F47003C2F88830704700ED00E022
:108EF80030B5104A10481378012423F0630387B073
:108F080023430025137069464FF442634FF44262CD
:108F1800CDE90423CDE90055CDE90244FCF7B8F8C2
:108F28002A4621460448FCF7F3F90348FCF7DCF825
:108F380007B030BD240D002084020020454B1B687B
:108F48005A6C120610B503D59A6922F001029A618B
:108F5800414B424993F83120487893F825101B7803
:108F6800120142EAC01252B281BB3D483D4CD0EDDD
:108F7800227A9FED3D7AA4F8051067EEA77A3B495F
:108F8800D0F89000097BC4F8010067EE877A032BBC
:108F980098BF9B00FCEEE77A94BF5BB20C2301F00C
:108FA8000301134317EE902A0B432370E27100F07C
:108FB800D5FD2F4B2B4AB3F801302E491844A4F89D
:108FC8000500BDE810402348FCF7A6B82A4C9FEDE1
:108FD8002B7A9FED2B6A0021A4F80510204991ED0A
:108FE800245AD1ED227AD1ED235A2049F0EE476A6E
:108FF800032BE5EE066A98BF9B00097BA5EE867AEF
:1090080094BF5BB20C239FED186A67EEA77A1343EF
:1090180001F0030167EE867AFCEEE66A43F040034E
:109028000B43FCEEE77ABCEEC77A237016EE903A53
:1090380017EE902AA4F8013017EE103AE271A4F85E
:10904800033000F08BFD0A4B0B4AB3F801300D4991
:10905800B4E700BF840200201C0F00200C00002091
:10906800500F0020140D00202D529A3EA80E00200B
:109078001C0D0020E80C00200C0D0020000080468C
:1090880000008042C00C002070B504462C4B0068DC
:1090980061682C4E2C4D03C3237803F00102D909D3
:1090A800F27085F825100AB97278AABB990737D4E7
:1090B8009A0626D45B061FD563799FED247A07EEBE
:1090C800903AF8EEE77AF4EEC77AF1EE10FA1EDB82
:1090D8009FED1F7ADFED1F6A27EE877AF1EEC77AD8
:1090E80067EEA67AF4EEE67AF1EE10FA88BFF0EEB3
:1090F800667AC5ED0B7A70BDDFED167AC5ED0B7A91
:1091080070BD00F0DDFC00F003FD2378D2E7F2EE3D
:10911800047AC5ED0B7A70BD00F06EFA2378C5E7C6
:1091280000F06AFA72B6BFF34F8F0B490B4BCA684F
:1091380002F4E0621343CB60BFF34F8F00BFFDE73B
:109148001C0D00200C0000201C0F0020F6F2F54139
:109158008180803B6666E64100ED00E00400FA0588
:1091680038B5134D2846FCF74FF92B68D3F89030E3
:109178001B071CD00F4C104B224640212846FCF7F9
:109188002DF8A0B92368612BF5D1E368082BF2D13B
:109198006368002BEFD1094B0748012283F824208C
:1091A800FFF772FF0649074800F008FBE3E738BD00
:1091B80084020020940C0020240D00201C0F0020A5
:1091C800FC0F00201C0D002070B50C4C2022002143
:1091D800201DF7F769F8082651234FF00045236052
:1091E800C4E90365064C20220021201DF7F75CF82E
:1091F8005223C4E90365236070BD00BFE80C00205A
:10920800C00C002008B5054B834200D008BD0821DA
:10921800FEF772FF024B00229A7208BD8C070020ED
:10922800580E0020064B1A6802B1704710B401248A
:109238001C60044A04485DF8044B1521FFF776BB0F
:10924800540E00200D9200088C0700202DE9F041F3
:109258001A4F7B7A53B3BB7A43BB194D0122BA72BA
:10926800B846AE469C4689264524D8F80000724682
:10927800172320FA03F1C90703F1FF3318D4591C47
:1092880042F8044BF5D10CF1180CBCF1480F08F169
:1092980003080EF1600EE8D10024094A0948C5F810
:1092A800204149230821FEF725FF7C72BDE8F081A3
:1092B800591C42F8046BDCD1E5E700BF580E0020CA
:1092C800300D00208C07002002280ED8074B9A7A10
:1092D8005AB900EB40001A184FF0010C195483F8E2
:1092E80009C00B0C090A537091707047580E002082
:1092F8000648026810B440F69F730024D362042124
:1093080094635DF8044BC360FFF7C4BC58080020A1
:10931800094A0A4BB3FBF0F330B41468084D013B1B
:10932800E362D360074B1A68074BB3FBF0F30A44B8
:109338002A60A36330BC70475808002080969800C4
:109348002C0D0020FC0F0020404B4C00054A064B1A
:1093580012681B689A4203D3044B1B6800229A6365
:10936800704700BFFC0F00202C0D0020580800207B
:1093780010B51E481E4C4FF40051FAF789FF30B162
:10938800E37DF3B90023A375A382E37510BDA28A18
:1093980001231A4492B240F6B8318A42A375A282D8
:1093A800F3D900F029F972B6BFF34F8F1149124B68
:1093B800CA6802F4E0621343CB60BFF34F8F00BF6B
:1093C800FDE7A38A6FF47A710B4440F2E6329BB250
:1093D8009342D7D8094B1B7B022B04D0012BD1D148
:1093E80000F06EFBCEE700F093FBCBE700080048E7
:1093F800FC0F002000ED00E00400FA05A80E002094
:1094080070B55649564C0B7B2278627043B30120E5
:109418002070B2B194F84130608803EB430104EB4B
:10942800410100F1010C898881424FEA43021FFA89
:109438008CFC1CD041F287339C45A4F802C008D8A4
:1094480070BD013B6280032B7AD8DFE803F04A51F4
:109458002F2A00F035FB002384F84130638070BD6B
:10946800237084F84130638070BD4FF0010C1A44BA
:1094780004EB42023B4D1189D0883B4A12680A44EA
:109488003A490A6029683A4AB2FBF0F20133013AD4
:10949800CA62EA60374AB2FBF0F28A6384F8413064
:1094A800C8E70B889B0533D5334E26E0B1F800C0DA
:1094B8001CF0010C2CD0314E314D0FCE0FC50FCE04
:1094C8000FC50FCE0FC596E8070085E8070094F88A
:1094D800413003EB430104EB41015A00898809BB81
:1094E800C5E70B88DD0620D4980620D5254E04E074
:1094F8000B881E074CBF244E244E214D0FCE0FC59E
:109508000FCE0FC50FCE0FC596E8070085E80700F8
:1095180094F8413003EB430104EB41015A00898878
:109528000029A2D00123638070BD194EE5E75906D2
:1095380001D5184EE1E71A064CBF174E174EDCE767
:1095480094F84130062202FB03429288002AE9D1AE
:109558004FF0010C03FA0CF289E700BFA80E0020B7
:10956800640E002058080020FC0F00202C0D00205D
:1095780080969800404B4C00B0AB000890AD0008B6
:10958800680E0020A0AC000818AD000854AD000813
:10959800DCAC000864AC000828AC0008ECAB0008A0
:1095A800024B00221A60A3F840207047640E002086
:1095B80010B50F4C2268D36843F01003D3604FF402
:1095C80080312046FDF7A6FC4FF400312046FDF718
:1095D800A1FC4FF480212046FDF79CFC4FF40011BC
:1095E8002046FDF7AFFC034B01221A7010BD00BFE7
:1095F800880900200C00002008B503210748FDF762
:109608006FFC0C210548FDF76BFC054BC8210022B7
:109618005A700846BDE80840FFF77ABE880900205E
:109628000C00002008B51548FDF784FF1448FDF725
:1096380081FF1448FDF77EFF1348FDF77BFF3220BA
:10964800F9F718FF0D48FDF75DFF0D48FDF75AFFC4
:109658000C48FDF757FF0C48FDF754FF10210B4845
:10966800FBF7D8F900210948FBF7D4F90848FBF7BC
:109678008FF9BDE808400748FBF78AB9400C00207D
:10968800000C0020C00B0020800B00207C0C002068
:10969800580B0020300B002008B57F210F48F9F740
:1096A8002BFD7F210E48F9F727FD7F210D48F9F79B
:1096B80023FD3220F9F7DEFE0B4908481022F9F79E
:1096C80069FD0748F9F7D4FB074B064803F1500139
:1096D8000222BDE80840F9F74FBC00BF180200207D
:1096E800AC01002040010020540F0020084B9FEDE2
:1096F800097AD3ED167A0848F8EE677A022267EEFF
:10970800877A03F15401C3ED2A7AF9F735BC00BF13
:10971800500F00209A99393A4001002010B5234C87
:10972800234A6378D2ED1B7A4BB1B3EE027AF4EE9A
:10973800C77AF1EE10FA24D4237D9BBB10BDB3EE9B
:10974800047AF4EEC77AF1EE10FA17DD194B1B7B99
:1097580013F0FB0F12D1E37883B1237873B103219F
:109768001548FDF7A3FB0C211348FDF79FFB0123C8
:10977800C82140F2E2406370FFF7CAFD0823237551
:1097880010BD03210C48FDF7ABFB0C210A48FDF77F
:10979800A7FBC821002308466370FFF7B9FD07231C
:1097A8002375EDE7013BDBB22375E9E70C000020E8
:1097B800500F0020A80E002088090020344B1A788A
:1097C80000B512B9334A52784ABB93ED087ADFEDF7
:1097D800325A4FF0000CB0F80120DFED306A07EE86
:1097E800902AF8EEE77AB1EE046A77EE877A0A688B
:1097F800DA61F4EEC67AF1EE10FAB8BFF0EE467A06
:10980800F4EEE67AF1EE10FA88BFF0EE667AC3ED70
:10981800055AA3F810C0C3ED0A7A5DF804FBB0F846
:10982800032093ED055A93ED027AB3F810E093ED17
:10983800014AD3ED034A393A1FFA82FC12B207EE05
:10984800902A25EE077AF8EEE75AA2EB0E0EA4EE60
:10985800257A1A8307EE90EAF8EEE77ABAEE0E6AEE
:10986800A4EEA77AF2EE0E6AB4EEC67AF1EE10FA1A
:10987800B8BFB0EE467AB4EEE67AF1EE10FA88BFD9
:10988800B0EE667A75EE855A83ED087AA3E700BFD5
:109898001C0F00200C0000200000000000000743FF
:1098A800124B93F8242002B30268D969521AB2F510
:1098B800FA7F1AD90E49DFF840C00A7800B522F0BD
:1098C800630242F001020A70642200204FF0000E89
:1098D8004A70084AC3F814E0C3F828C0188283F80D
:1098E80024008870DA625DF804FB70471C0F0020C2
:1098F8001C0D00206666E6410000C84270B5374C72
:10990800257B042D14D0364B93ED1B7AF3EE027AA7
:10991800B4EEE77AF1EE10FA07D523690133B3F50F
:10992800FA6F236100D9F5B970BD0023236170BDBA
:10993800E3880BB1013BE380A3880BB1013BA38013
:10994800638862683BB1013B9BB26380002ADAD12D
:10995800002BD8D101E0002AD5D1237A002BD2D10F
:1099680023731D46CFE7012D1CD0022DDCD11D4DE0
:109978002A78002323602373002AD5D0EB78002BA4
:10998800D2D003211848FDF791FA0C211648FDF7AB
:109998008DFA01236B70C821BDE8704040F2E240A7
:1099A800FFF7B6BC0F4E3278002323806360237321
:1099B800002AB9D0F378002BB6D003210A48FDF766
:1099C80075FA0C210848FDF771FAC82140F2E24007
:1099D8007570FFF79DFC257BC7E700BFA80E002028
:1099E800500F00200C00002088090020204B21493E
:1099F8001A7AD1ED1B7A82B19FED1F7AF4EEC77AFD
:109A0800F1EE10FA2BDD1A8822F40072002192B2CE
:109A180019721A8012BB1A7370479FED187AF4EE08
:109A2800C77AF1EE10FA19D5B3EE047AF4EEC77AD4
:109A3800F1EE10FA12DD5A89013292B2B2F57A7F4C
:109A48005A810BD91A7B0AB904221A731A88012081
:109A580042F40072002118721A8059817047B3EEDF
:109A6800027AF4EEC77AF1EE10FAF7D5CBE700BF29
:109A7800A80E0020500F0020CDCCAC41295CA74196
:109A88000A4B0B480B4A4FF0A04110B448620A4CED
:109A980058620A480C621862D2F890335DF8044B99
:109AA80043F01F03C2F89033704700BF0001005015
:109AB8002000E000006801400000FF090000830A60
:109AC80038B5104B1C7B012C00D038BD0E4D2978C1
:109AD80000221A805A601A730029F6D0EB78002BFE
:109AE800F3D003210948FDF7E1F90C210748FDF7F8
:109AF800DDF96C70C821BDE8384040F2E240FFF75C
:109B080007BC00BFA80E00200C0000208809002018
:109B18000F4B1A7B022A00D0704710B50D4C2178E4
:109B280000221A601A7309B1E37803B910BD032142
:109B38000948FDF7BBF90C210748FDF7B7F90123E0
:109B48006370C821BDE8104040F2E240FFF7E0BB77
:109B5800A80E00200C000020880900201D4BD3ED22
:109B68001D6A93ED227AF2EE047AF4EEE76AF1EEDA
:109B780010FA24DCF7EE007AF4EEE76AF1EE10FA58
:109B880016DD37EE676ADFED146AE6EE267AFCEE3C
:109B9800E77A17EE903A9BB207EE903AF8EEE77A3A
:109BA80067EE877AFCEEE77A17EE903A98B270473C
:109BB800DFED0A6ADFED0A7AE7EE267AE7E7F2EEEA
:109BC8000E7A27EE277ABCEEC77A17EE103A98B2CB
:109BD800704700BF500F0020721CC73F0AD7233EB2
:109BE800CDCC4C3E5A4B5B4993ED037A91ED226AFA
:109BF800D3ED027AD1ED216A00689A8C36EE477A65
:109C080077EEA67ADFED546AF0EEC75AF4EEE65A1C
:109C1800F1EE10FA10B4C3ED027A1DDDD3ED076A38
:109C280093ED085A76EEC56AF1EE025AF0EEE66A4E
:109C3800F4EEE56AF1EE10FA56D4096E83ED036A84
:109C48004FF0000CC3F808C0D961196218610F2AD7
:109C58005DD85DF8044B7047DFED406AF0EEE75AD7
:109C6800F4EEE65AF1EE10FA28DDD3ED076A93ED2B
:109C7800085A76EEC56AF1EE025AF0EEE66AF4EE9C
:109C8800E56AF1EE10FAD8D5DFED356ADFED355A21
:109C980027EE267AC7EE276AF4EEE56AF1EE10FAA7
:109CA800C3ED066A06D4F1EE047AF4EEE76AF1EE43
:109CB80010FA3CDD043292B29A84BEE71C69A0EB2C
:109CC800040CBCF57A7FC2D9002A35D0013A096E56
:109CD80083ED036A4FF0000C92B29A84C3F808C06F
:109CE800D96119621861B2E7DFED1F6A67EEA67ADB
:109CF800F2EE045AC7EE876AF4EEE56AF1EE10FA5E
:109D0800C3ED056A0CDD093292B29A8495E7002208
:109D18005DF8044B9A8414214FF4FA60FFF7F8BAFF
:109D2800DFED127AF4EEE76AF1EE10FAEBD41AB12D
:109D3800013A92B29A8480E70A6E5DF8044B83ED8B
:109D4800036A00219960DA611A621861704700BFDE
:109D580034000020500F00203333333F00001644F6
:109D6800FFFF7944CDCCCC3D6F12833ACDCC4C3E2D
:109D780008B5584BD3F88833DB0719D4554BD3F8BB
:109D88008833980731D4534BD3F88833590749D4CB
:109D9800504BD3F888331A0761D44E4BD3F8883325
:109DA800DB0679D4BDE808404B48FF21FDF75EB9D2
:109DB8004A4B49481A884FF0010C42F080020321AF
:109DC8001A8083F80CC0FDF78BF80C214248FDF788
:109DD80087F8434BC821002208465A70FFF798FAC3
:109DE8003C4BD3F888339807CDD53C4B3A481A8872
:109DF8004FF0010C42F0100203211A8083F80CC0C6
:109E0800FDF76EF80C213448FDF76AF8344BC82189
:109E1800002208465A70FFF77BFA2E4BD3F8883396
:109E28005907B5D52D4B2C481A884FF0010C42F034
:109E3800400203211A8083F80CC0FDF751F80C2169
:109E48002548FDF74DF8264BC821002208465A70D0
:109E5800FFF75EFA1F4BD3F888331A079DD51F4BBF
:109E68001D481A884FF0010C42F4807203211A80B1
:109E780083F80CC0FDF734F80C211748FDF730F8CB
:109E8800174BC821002208465A70FFF741FA114BB8
:109E9800D3F88833DB0685D5104B0F481A884FF066
:109EA800010C42F0200203211A8083F80CC0FDF750
:109EB80017F80C210848FDF713F8094BC821084684
:109EC80000225A70FFF724FABDE808400248FF2133
:109ED800FDF7CCB80068014088090020A80E0020D2
:109EE8000C00002024482549254A10B400230024EA
:109EF8000470C36503664366C36603674367836785
:109F0800C0F88430C0F88830C0F88C30C0F8903081
:109F18004FF07E5048601B4888604FF07F50C86003
:109F2800194888621948C8624FF480700C820C8303
:109F3800CC618C8408864B610B62154915485160C9
:109F4800154910609060D1601448136153614FF057
:109F5800804C936182F828401163114C1149D462F6
:109F6800D3615DF8044B13625362C2F834C0906346
:109F7800D1635365704700BF500F00201C0F0020AD
:109F8800C40E00200AD7233D0000C8426666E64199
:109F9800CDCC4C3ECDCCCC3D0AD7233C9A99D1416F
:109FA800CDCC4C3F6F12833A284B834200D0704788
:109FB80010B5274C237E032B43D8DFE803F017277F
:109FC8000B02FFF713FDFFF71BFA23790022227615
:109FD8000BBB10BD1F4B5B787BBBFFF787FB227E5B
:109FE800237901322276002BF3D014E02368013361
:109FF8002360FFF7ABF9FFF729F9FFF77FFC227E13
:10A00800237901322276002BE3D004E0237933B997
:10A018000223237610BDBDE81040FFF77FBBFEF793
:10A028008DFF0B48FFF73CFCFFF7A2F9227E23794E
:10A0380001322276002BCCD0EDE70548FFF7D2FDA0
:10A04800CBE72379002BC4D0E5E700BF200500202B
:10A05800FC0F00200C00002008B5FFF711FDFFF7EA
:10A06800E1FAFFF719FBFEF743FFFFF7DBF8FFF70D
:10A078003FF9124A12480E21FEF758FC1048FDF726
:10A08800A1FD1048FDF764FD96214FF44870FFF7D5
:10A098003FF903210C48FCF723FF0C210A48FCF781
:10A0A8001FFF0A4B00225A70FFF782FA4FF4C8705C
:10A0B800F9F7E0F9064B01221A7108BDB19F0008B3
:10A0C8002005002050040020880900200C000020F2
:10A0D800FC0F002008B5FFF7BFFF0120F9F7CAF908
:10A0E800FF210020FFF7F0F84FF47F410120FFF730
:10A0F800EBF84FF47F010220FFF7E6F8EDE700BF29
:10A1080090ED056A90ED047AD0ED016AD0ED004A31
:10A1180090ED024A90F8283080ED040A70EEC67A75
:10A1280030EE475A67EEA67A70EE605AE4EE857A0A
:10A13800D0ED066AC0ED050A76EE474A75EEA66AC6
:10A14800B0EE005AE4EE257AE4EE856AD0ED035AC3
:10A15800E5EEA67A37EE467AC0ED077A80ED067A04
:10A168009BB190ED097AD0ED086AB4EEE77AF1EE8A
:10A1780010FAA8BFF0EE477AF4EEE67AF1EE10FA9C
:10A1880088BFF0EE667AC0ED077A70470023C36196
:10A19800036143618361704790ED070A704700BF10
:10A1A8000D488546FEF79AFE0C480D490D4A0023D6
:10A1B80002E0D458C4500433C4188C42F9D30A4A74
:10A1C8000A4C002301E013600432A242FBD3F6F7E5
:10A1D80043F8F6F7F5F8FEE700000220000000203B
:10A1E8005C000020E0AD000860000020181000208E
:10A1F800FEE70000F8B500BFF8BC08BC9E467047F3
:0CA20800F8B500BFF8BC08BC9E467047CB
:10A21400734BDFED747A93ED1C7A93ED1B6A724BEA
:10A22400B4EEE77AF1EE10FAA8BFF0EE477AC7EE83
:10A23400866A1A7F10B4C3ED016A032A00F2AE8065
:10A24400DFE802F055753B02DFED687AF4EEE76A69
:10A25400F1EE10FA38D4DFED667AF4EEE76AF1EE47
:10A2640010FA40F1838002221A77624ADFED627AA3
:10A274001268B4EEE77A40F6995441F2664040F22F
:10A284001951F1EE10FAC2F8A840C2F8AC00C2F8B5
:10A294002C117ED49FED597AF7EE007AE6EE477AD8
:10A2A4009FED577A67EE877AFCEEE77AC2ED4A7A39
:10A2B40001225A775DF8044B7047DFED4C7AF4EED7
:10A2C400E76AF1EE10FA41D500221A77494A12687A
:10A2D400002140F2195445F2D440C2F8AC405977F9
:10A2E400C2F8A8005DF8044BC2F828117047DFEDEE
:10A2F400457AF4EEE76AF1EE10FAE7DD01221A7707
:10A304003C4A126840F2195045F2C001C2F8AC0050
:10A3140040F69954C2F8A810002041F26641C2F8F0
:10A32400284158775DF8044BC2F82C117047DFEDD3
:10A33400367AF4EEE76AF1EE10FAC5D4DFED337A3B
:10A34400F4EEE76AF1EE10FADADD8CE7DFED307A4D
:10A35400F4EEE76AF1EE10FAD0D4F7EE047AF4EEF4
:10A36400E76AF1EE10FA80DD03221A77214ADFED65
:10A37400227A1268B4EEE77A002040F21951F1EE25
:10A3840010FAC2F8A800C2F82C1102D49FED217A69
:10A3940082E74FF47F51C2F8281189E7043A012A71
:10A3A40088D8DFE802F00F01124B1B684FF4885085
:10A3B4004FF4EE510022C3F8A800C3F8AC10C3F860
:10A3C400282177E70B4B1B684FF488504FF42A5130
:10A3D4000022C3F82801C3F82C11C3F8A82069E7A8
:10A3E400500F00200AD7233C0C00002085EB513F7E
:10A3F400EC51983F8809002039B4E84159EAE63C19
:10A404000000AA463D0A573FCDCC4C3F5C8F823FAB
:10A4140048E17A3F1D73093D634BDFED643A996C63
:10A4240058685A6CDFED627A9FED623ADFED624A5A
:10A434009FED625A9FED626A93ED1C4ADFED610A5B
:10A44400DFED616ADFED611A93ED191A9FED602A61
:10A45400DFED602A10B49C6821445C690244586AA8
:10A4640022440244586B9C690244100C92B207EED9
:10A47400102AB8EEC77A0022E7EE237AC3F89820B0
:10A48400C3F894209A6A93ED177AD3ED1B3A2144CA
:10A494009C6B114467EE837A2144DA6CDC6889B2E0
:10A4A400E7EE247A2244DC6A05EE900A07EE101ADD
:10A4B400D969C3ED177AF8EEE55A0A44D96B2244F8
:10A4C400A5EE856A0A44110CB8EEC77A9FED425A8C
:10A4D400DFED425AA4EE245A92B20020E7EE606AFD
:10A4E40007EE101AB8EEC77A93ED184AA7EE215A70
:10A4F400E3EEA45A26EE036A07EE102AA4EE246AB9
:10A5040066EE836AB8EEC77AE1EE246AE7EE025A91
:10A51400B0EE453AA6EE623A76EEE77AC3ED196AF2
:10A5240066EEA56ADFED2E3A83ED186A83ED1A6AAA
:10A53400C3ED1E7A83ED1C5A65EEA77AC3ED1B5A50
:10A5440083ED1D3AC3ED1F6AD3ED214AD3ED245A9E
:10A5540093ED237A9FED234A93ED225AC3ED207A9B
:10A5640064EEA34A65EEA35A27EE237AE6EE044A84
:10A57400C3E9110025EE235AB0EE656AA7EE846A9A
:10A58400C3E91300F0EE477AA3EE045A5DF8044BD6
:10A59400E6EE847AC3ED214A83ED225A83ED246AE0
:10A5A400C3ED237A704700BF500F0020EFCB99BB57
:10A5B400C61D1842CDCC4C3FCCCC4C3E18E9873B51
:10A5C40036BD06C22B498A3B6B8A09427179103B1E
:10A5D40099A80F3BCDCCCC3D3B23C2BC8C0A41BCDB
:10A5E400B072683F7F6ABC3D2DE9F041774DD5EDEF
:10A5F4001D7AB2EE047AF4EEC77AF1EE10FA10DCAA
:10A60400B7EE007AF4EEC77AF1EE10FA40F3D78091
:10A6140037EEC76ADFED6E6AA6EE267AB0EE476AB9
:10A6240003E0B2EE0E6AB0EE467A6A4FDFED6A5A84
:10A63400D7ED0B6A694E36EEA55A86ED006AB4EE84
:10A64400E75AF1EE10FA86ED017A40F19280002388
:10A6540087F83030624B1B785B0600F1AD80DFF881
:10A66400988198F81440002C00F09480D5ED1B7A62
:10A67400D5ED190A5B48B1EE080A80EE270AFFF708
:10A6840041FD02243C70574C2046FFF787FD95EDB1
:10A694001A6AD6ED014AD6ED005A95ED1D5A94ED8D
:10A6A4000B7ADFED517AD4ED0C3A84ED100A36EED4
:10A6B400254A74EEC66A77EEC57A66EE876A27EE97
:10A6C400447A9FED4A4AC4ED126A67EEA37AB4EE67
:10A6D400C45AF1EE10FAC4ED117A84ED137A24DD34
:10A6E400B4EEE70AF1EE10FA1FDD0123B0EE670ABB
:10A6F400C4ED107A3B7098ED087AD8ED067A30EE06
:10A70400070AB1EE677AB4EEC70AF1EE10FAB8BFE1
:10A71400B0EE470AB4EEE70AF1EE10FA88BFB0EEE5
:10A72400670A88ED080ABDE8F081F4EEC64AF1EE46
:10A7340010FA0BD5B4EEE60AF1EE10FA06DD0323A7
:10A74400B0EE660AC4ED106A3B70D4E7F1EE655AC8
:10A75400B4EEE56AF1EE10FACDD5B4EEC70AF1EE27
:10A7640010FAC8D50423B0EE470A84ED107A3B7082
:10A77400C1E776EEE56AF4EEE76AF1EE10FA15DD6C
:10A78400DFF8748098F81440012387F83030002CE7
:10A794007FF46CAF97ED0A0AD5ED1B7AD5ED190A53
:10A7A400104880EE270AFFF7ADFC6BE797F83030CE
:10A7B400002B7FF454AF4DE7DFF83C8056E7DFED24
:10A7C4000C6A9FED0C6AA7EEA66A2EE7500F0020D4
:10A7D400721CC73F1C0F0020CDCCCC3D34000020A0
:10A7E4001C0D0020C40E00206666E64147E1DA41F4
:10A7F4000AD7233ECDCC4C3E0C00002070B53D4C16
:10A8040094ED1B7AF1EE047AB4EEE77AF1EE10FAE5
:10A8140008D8DFED397A94ED177AB4EEE77AF1EEE1
:10A8240010FA1ED994ED1C7AF1EE047AB4EEE77AAC
:10A83400F1EE10FA14D8DFED317A94ED187AB4EE13
:10A84400E77AF1EE10FA0BDB2D4D6B8803F5967366
:10A854009BB240F2A4620421934229736B802AD8EC
:10A8640070BD274D6B8803F516739BB240F2A4624A
:10A874000421934229736B80D4D903212148FCF726
:10A8840031FB0C211F48FCF72DFB1F4BC821002274
:10A8940008465A70FEF73EFD2B88D4ED177AE26E17
:10A8A4006A61022143F00403F1EE677A2B80297375
:10A8B400C5ED067AB6E703211248134EFCF712FBE6
:10A8C4000C211048FCF70EFBC821002308467370C6
:10A8D400FEF720FD337D226EAA6107EE903A2B88A5
:10A8E400F8EE677A022143F008032B802973C5ED43
:10A8F400057A70BD500F00209A9971C19A997141DF
:10A90400A80E0020880900200C000020184BD3ED6D
:10A91400177AB6EE007AF4EEC77AF1EE10FA0FDD8C
:10A92400D3ED1B6A93ED1C7A93ED186A114B27EE55
:10A93400067A67EEA67AC7EE276AC3ED026A704705
:10A94400BEEE007AF4EEC77AF1EE10FA0ED5D3ED2E
:10A95400186A93ED1B6A93ED1C7A064B67EE867AB0
:10A9640027EE267AC7EE876AC3ED026A704700BFF6
:10A97400500F00200C0000201A4B93ED1D7AF2EECC
:10A98400047AB4EEE77AF1EE10FA14DCF7EE007A0A
:10A99400B4EEE77AF1EE10FA17DDDFED136A134B2C
:10A9A40037EE677AE7EE267AF0EE676AC3ED006A5F
:10A9B400C3ED017A70470D4BF2EE0E6AF0EE667A43
:10A9C400C3ED006AC3ED017A70479FED096ADFEDBC
:10A9D400096A064BE7EE066AC3ED017AC3ED006A25
:10A9E400704700BF500F0020721CC73F3400002086
:10A9F4000AD7233ECDCC4C3E2DE9F041514B524D6C
:10AA04001A682B68514C2DED028B1027002682B05A
:10AA140097605E62FFF700FDFFF7FAFB6378002B97
:10AA240063D0FFF7EBFEFFF7DFFDD4ED087A9FED6F
:10AA3400488ADFED486A4848F7EE048A77EEE87AF8
:10AA4400B0EE487AA7EEA67A4FF0B40839464FF430
:10AA54008052FCEEC77ACDF8008017EE903AFAF7F0
:10AA640047F9D4ED087A9FED3D7A3B48CDF8008054
:10AA740077EEA87A4FF48052A7EE878A3146FCEE2F
:10AA8400C87A17EE903AFAF733F9354B93ED177A03
:10AA9400D3ED187AF6EE006AB4EEE67AF1EE10FA27
:10AAA4003BDD93ED1B6AD3ED1C6A27EE067A67EE55
:10AAB400A66A86EE876A84ED026A2A4BD3ED076A9A
:10AAC40093ED087AF4EEE76AF1EE10FAB4EEE77A61
:10AAD400B8BFF0EE676AF1EE10FA88BFB0EE677A9D
:10AAE400C3ED076A83ED087A07E01F4800234FF09F
:10AAF400404222620364FFF74BFB2B689FED1B7AF5
:10AB0400D3ED097AF8EE677A67EE877AC4ED097AAD
:10AB140002B0BDEC028BBDE8F081FEEE006AB4EE3B
:10AB2400E67AF1EE10FAC8D593ED1B6AD3ED1C6AF0
:10AB340027EE067A67EEA66A87EE266A84ED026A35
:10AB4400BBE700BF88090020500400200C0000204F
:10AB54000000004579FC61427C0C002079FC61C254
:10AB6400500F002034000020C40E0020C1C0C039A2
:10AB74000001020304050607080C101418203040D5
:10AB840000000200000004000000080000001000A3
:10AB94000000200000004000000001000000000050
:10ABA4000000000001020304060708090000400633
:10ABB40028002800200328005000400628007800C0
:10ABC400200328008813000000000000000000009B
:10ABD4000000000000000000000000000000000071
:10ABE4000000000000000000000040066400C800EF
:10ABF4004006640090014006640084039001FA005A
:10AC040078059001FA00881300000000000000009D
:10AC14000000000000000000000000000000000030
:10AC240000000000000040066400C8004006640004
:10AC340090014006640084039001FA008813000028
:10AC44000000000000000000000000000000000000
:10AC540000000000000000000000000000000000F0
:10AC6400000040066400C8004006640090014006ED
:10AC740064008403900164004C0490016400140592
:10AC84009001640088130000000000000000000030
:10AC9400000000000000000000000000000040066A
:10ACA4006400C80040066400900140066400840308
:10ACB400900164004C0490016400881300000000BB
:10ACC4000000000000000000000000000000000080
:10ACD4000000000000000000000040066400C800FE
:10ACE40040066400900140066400840390016400FF
:10ACF40088130000000000000000000000000000B5
:10AD0400000000000000000000000000000000003F
:10AD140000000000000040066400C8004006640013
:10AD24009001400664005802400664004C049001FF
:10AD3400FA0040069001FA008813000000000000A9
:10AD440000000000000000000000000000000000FF
:10AD5400000040066400C8004006640090014006FC
:10AD640064005802400664004C049001FA00881301
:10AD740000000000000000000000000000000000CF
:10AD84000000000000000000000000000000400679
:10AD94006400C80040066400900140066400580244
:10ADA4004006640020034006640014059001FA0084
:10ADB40088130000000000000000000000000000F4
:08ADC400000000000000000087
:10ADCC0041020008D1910008A9950008ED9E0008E9
:04ADDC001902000850
:10ADE00001000000100000000024F4000001000138
:10ADF000000000000000803F000000000000000094
:10AE0000080000000000C841000000000000000031
:10AE100000000000000000400000004000000000B2
:10AE200000000000000000009A992142B3C5CA3C0E
:0CAE300000000000000000000000000016
:040000050800A1A9A5
:00000001FF
