ARM GAS   			page 1


   1              	 .cpu cortex-m4
   2              	 .arch armv7e-m
   3              	 .fpu fpv4-sp-d16
   4              	 .eabi_attribute 27,1
   5              	 .eabi_attribute 28,1
   6              	 .eabi_attribute 23,1
   7              	 .eabi_attribute 24,1
   8              	 .eabi_attribute 25,1
   9              	 .eabi_attribute 26,1
  10              	 .eabi_attribute 30,2
  11              	 .eabi_attribute 34,1
  12              	 .eabi_attribute 18,4
  13              	 .file "stm32g4xx_hal_fdcan.c"
  14              	 .text
  15              	.Ltext0:
  16              	 .cfi_sections .debug_frame
  17              	 .file 1 "Drivers/STM32G4xx_HAL_Driver/Src/stm32g4xx_hal_fdcan.c"
  18              	 .section .text.HAL_FDCAN_MspInit,"ax",%progbits
  19              	 .align 1
  20              	 .p2align 2,,3
  21              	 .weak HAL_FDCAN_MspInit
  22              	 .syntax unified
  23              	 .thumb
  24              	 .thumb_func
  26              	HAL_FDCAN_MspInit:
  27              	.LVL0:
  28              	.LFB363:
   1:Drivers/STM32G4xx_HAL_Driver/Src/stm32g4xx_hal_fdcan.c **** /**
   2:Drivers/STM32G4xx_HAL_Driver/Src/stm32g4xx_hal_fdcan.c ****   ******************************************************************************
   3:Drivers/STM32G4xx_HAL_Driver/Src/stm32g4xx_hal_fdcan.c ****   * @file    stm32g4xx_hal_fdcan.c
   4:Drivers/STM32G4xx_HAL_Driver/Src/stm32g4xx_hal_fdcan.c ****   * @author  MCD Application Team
   5:Drivers/STM32G4xx_HAL_Driver/Src/stm32g4xx_hal_fdcan.c ****   * @brief   FDCAN HAL module driver.
   6:Drivers/STM32G4xx_HAL_Driver/Src/stm32g4xx_hal_fdcan.c ****   *          This file provides firmware functions to manage the following
   7:Drivers/STM32G4xx_HAL_Driver/Src/stm32g4xx_hal_fdcan.c ****   *          functionalities of the Flexible DataRate Controller Area Network
   8:Drivers/STM32G4xx_HAL_Driver/Src/stm32g4xx_hal_fdcan.c ****   *          (FDCAN) peripheral:
   9:Drivers/STM32G4xx_HAL_Driver/Src/stm32g4xx_hal_fdcan.c ****   *           + Initialization and de-initialization functions
  10:Drivers/STM32G4xx_HAL_Driver/Src/stm32g4xx_hal_fdcan.c ****   *           + IO operation functions
  11:Drivers/STM32G4xx_HAL_Driver/Src/stm32g4xx_hal_fdcan.c ****   *           + Peripheral Configuration and Control functions
  12:Drivers/STM32G4xx_HAL_Driver/Src/stm32g4xx_hal_fdcan.c ****   *           + Peripheral State and Error functions
  13:Drivers/STM32G4xx_HAL_Driver/Src/stm32g4xx_hal_fdcan.c ****   ******************************************************************************
  14:Drivers/STM32G4xx_HAL_Driver/Src/stm32g4xx_hal_fdcan.c ****   * @attention
  15:Drivers/STM32G4xx_HAL_Driver/Src/stm32g4xx_hal_fdcan.c ****   *
  16:Drivers/STM32G4xx_HAL_Driver/Src/stm32g4xx_hal_fdcan.c ****   * Copyright (c) 2019 STMicroelectronics.
  17:Drivers/STM32G4xx_HAL_Driver/Src/stm32g4xx_hal_fdcan.c ****   * All rights reserved.
  18:Drivers/STM32G4xx_HAL_Driver/Src/stm32g4xx_hal_fdcan.c ****   *
  19:Drivers/STM32G4xx_HAL_Driver/Src/stm32g4xx_hal_fdcan.c ****   * This software is licensed under terms that can be found in the LICENSE file
  20:Drivers/STM32G4xx_HAL_Driver/Src/stm32g4xx_hal_fdcan.c ****   * in the root directory of this software component.
  21:Drivers/STM32G4xx_HAL_Driver/Src/stm32g4xx_hal_fdcan.c ****   * If no LICENSE file comes with this software, it is provided AS-IS.
  22:Drivers/STM32G4xx_HAL_Driver/Src/stm32g4xx_hal_fdcan.c ****   *
  23:Drivers/STM32G4xx_HAL_Driver/Src/stm32g4xx_hal_fdcan.c ****   ******************************************************************************
  24:Drivers/STM32G4xx_HAL_Driver/Src/stm32g4xx_hal_fdcan.c ****   @verbatim
  25:Drivers/STM32G4xx_HAL_Driver/Src/stm32g4xx_hal_fdcan.c ****   ==============================================================================
  26:Drivers/STM32G4xx_HAL_Driver/Src/stm32g4xx_hal_fdcan.c ****                         ##### How to use this driver #####
  27:Drivers/STM32G4xx_HAL_Driver/Src/stm32g4xx_hal_fdcan.c ****   ==============================================================================
  28:Drivers/STM32G4xx_HAL_Driver/Src/stm32g4xx_hal_fdcan.c ****     [..]
  29:Drivers/STM32G4xx_HAL_Driver/Src/stm32g4xx_hal_fdcan.c ****       (#) Initialize the FDCAN peripheral using HAL_FDCAN_Init function.
  30:Drivers/STM32G4xx_HAL_Driver/Src/stm32g4xx_hal_fdcan.c **** 
ARM GAS   			page 2


  31:Drivers/STM32G4xx_HAL_Driver/Src/stm32g4xx_hal_fdcan.c ****       (#) If needed , configure the reception filters and optional features using
  32:Drivers/STM32G4xx_HAL_Driver/Src/stm32g4xx_hal_fdcan.c ****           the following configuration functions:
  33:Drivers/STM32G4xx_HAL_Driver/Src/stm32g4xx_hal_fdcan.c ****             (++) HAL_FDCAN_ConfigFilter
  34:Drivers/STM32G4xx_HAL_Driver/Src/stm32g4xx_hal_fdcan.c ****             (++) HAL_FDCAN_ConfigGlobalFilter
  35:Drivers/STM32G4xx_HAL_Driver/Src/stm32g4xx_hal_fdcan.c ****             (++) HAL_FDCAN_ConfigExtendedIdMask
  36:Drivers/STM32G4xx_HAL_Driver/Src/stm32g4xx_hal_fdcan.c ****             (++) HAL_FDCAN_ConfigRxFifoOverwrite
  37:Drivers/STM32G4xx_HAL_Driver/Src/stm32g4xx_hal_fdcan.c ****             (++) HAL_FDCAN_ConfigRamWatchdog
  38:Drivers/STM32G4xx_HAL_Driver/Src/stm32g4xx_hal_fdcan.c ****             (++) HAL_FDCAN_ConfigTimestampCounter
  39:Drivers/STM32G4xx_HAL_Driver/Src/stm32g4xx_hal_fdcan.c ****             (++) HAL_FDCAN_EnableTimestampCounter
  40:Drivers/STM32G4xx_HAL_Driver/Src/stm32g4xx_hal_fdcan.c ****             (++) HAL_FDCAN_DisableTimestampCounter
  41:Drivers/STM32G4xx_HAL_Driver/Src/stm32g4xx_hal_fdcan.c ****             (++) HAL_FDCAN_ConfigTimeoutCounter
  42:Drivers/STM32G4xx_HAL_Driver/Src/stm32g4xx_hal_fdcan.c ****             (++) HAL_FDCAN_EnableTimeoutCounter
  43:Drivers/STM32G4xx_HAL_Driver/Src/stm32g4xx_hal_fdcan.c ****             (++) HAL_FDCAN_DisableTimeoutCounter
  44:Drivers/STM32G4xx_HAL_Driver/Src/stm32g4xx_hal_fdcan.c ****             (++) HAL_FDCAN_ConfigTxDelayCompensation
  45:Drivers/STM32G4xx_HAL_Driver/Src/stm32g4xx_hal_fdcan.c ****             (++) HAL_FDCAN_EnableTxDelayCompensation
  46:Drivers/STM32G4xx_HAL_Driver/Src/stm32g4xx_hal_fdcan.c ****             (++) HAL_FDCAN_DisableTxDelayCompensation
  47:Drivers/STM32G4xx_HAL_Driver/Src/stm32g4xx_hal_fdcan.c ****             (++) HAL_FDCAN_EnableISOMode
  48:Drivers/STM32G4xx_HAL_Driver/Src/stm32g4xx_hal_fdcan.c ****             (++) HAL_FDCAN_DisableISOMode
  49:Drivers/STM32G4xx_HAL_Driver/Src/stm32g4xx_hal_fdcan.c ****             (++) HAL_FDCAN_EnableEdgeFiltering
  50:Drivers/STM32G4xx_HAL_Driver/Src/stm32g4xx_hal_fdcan.c ****             (++) HAL_FDCAN_DisableEdgeFiltering
  51:Drivers/STM32G4xx_HAL_Driver/Src/stm32g4xx_hal_fdcan.c **** 
  52:Drivers/STM32G4xx_HAL_Driver/Src/stm32g4xx_hal_fdcan.c ****       (#) Start the FDCAN module using HAL_FDCAN_Start function. At this level
  53:Drivers/STM32G4xx_HAL_Driver/Src/stm32g4xx_hal_fdcan.c ****           the node is active on the bus: it can send and receive messages.
  54:Drivers/STM32G4xx_HAL_Driver/Src/stm32g4xx_hal_fdcan.c **** 
  55:Drivers/STM32G4xx_HAL_Driver/Src/stm32g4xx_hal_fdcan.c ****       (#) The following Tx control functions can only be called when the FDCAN
  56:Drivers/STM32G4xx_HAL_Driver/Src/stm32g4xx_hal_fdcan.c ****           module is started:
  57:Drivers/STM32G4xx_HAL_Driver/Src/stm32g4xx_hal_fdcan.c ****             (++) HAL_FDCAN_AddMessageToTxFifoQ
  58:Drivers/STM32G4xx_HAL_Driver/Src/stm32g4xx_hal_fdcan.c ****             (++) HAL_FDCAN_AbortTxRequest
  59:Drivers/STM32G4xx_HAL_Driver/Src/stm32g4xx_hal_fdcan.c **** 
  60:Drivers/STM32G4xx_HAL_Driver/Src/stm32g4xx_hal_fdcan.c ****       (#) After having submitted a Tx request in Tx Fifo or Queue, it is possible to
  61:Drivers/STM32G4xx_HAL_Driver/Src/stm32g4xx_hal_fdcan.c ****           get Tx buffer location used to place the Tx request thanks to
  62:Drivers/STM32G4xx_HAL_Driver/Src/stm32g4xx_hal_fdcan.c ****           HAL_FDCAN_GetLatestTxFifoQRequestBuffer API.
  63:Drivers/STM32G4xx_HAL_Driver/Src/stm32g4xx_hal_fdcan.c ****           It is then possible to abort later on the corresponding Tx Request using
  64:Drivers/STM32G4xx_HAL_Driver/Src/stm32g4xx_hal_fdcan.c ****           HAL_FDCAN_AbortTxRequest API.
  65:Drivers/STM32G4xx_HAL_Driver/Src/stm32g4xx_hal_fdcan.c **** 
  66:Drivers/STM32G4xx_HAL_Driver/Src/stm32g4xx_hal_fdcan.c ****       (#) When a message is received into the FDCAN message RAM, it can be
  67:Drivers/STM32G4xx_HAL_Driver/Src/stm32g4xx_hal_fdcan.c ****           retrieved using the HAL_FDCAN_GetRxMessage function.
  68:Drivers/STM32G4xx_HAL_Driver/Src/stm32g4xx_hal_fdcan.c **** 
  69:Drivers/STM32G4xx_HAL_Driver/Src/stm32g4xx_hal_fdcan.c ****       (#) Calling the HAL_FDCAN_Stop function stops the FDCAN module by entering
  70:Drivers/STM32G4xx_HAL_Driver/Src/stm32g4xx_hal_fdcan.c ****           it to initialization mode and re-enabling access to configuration
  71:Drivers/STM32G4xx_HAL_Driver/Src/stm32g4xx_hal_fdcan.c ****           registers through the configuration functions listed here above.
  72:Drivers/STM32G4xx_HAL_Driver/Src/stm32g4xx_hal_fdcan.c **** 
  73:Drivers/STM32G4xx_HAL_Driver/Src/stm32g4xx_hal_fdcan.c ****       (#) All other control functions can be called any time after initialization
  74:Drivers/STM32G4xx_HAL_Driver/Src/stm32g4xx_hal_fdcan.c ****           phase, no matter if the FDCAN module is started or stopped.
  75:Drivers/STM32G4xx_HAL_Driver/Src/stm32g4xx_hal_fdcan.c **** 
  76:Drivers/STM32G4xx_HAL_Driver/Src/stm32g4xx_hal_fdcan.c ****       *** Polling mode operation ***
  77:Drivers/STM32G4xx_HAL_Driver/Src/stm32g4xx_hal_fdcan.c ****       ==============================
  78:Drivers/STM32G4xx_HAL_Driver/Src/stm32g4xx_hal_fdcan.c ****     [..]
  79:Drivers/STM32G4xx_HAL_Driver/Src/stm32g4xx_hal_fdcan.c ****         (#) Reception and transmission states can be monitored via the following
  80:Drivers/STM32G4xx_HAL_Driver/Src/stm32g4xx_hal_fdcan.c ****             functions:
  81:Drivers/STM32G4xx_HAL_Driver/Src/stm32g4xx_hal_fdcan.c ****               (++) HAL_FDCAN_IsTxBufferMessagePending
  82:Drivers/STM32G4xx_HAL_Driver/Src/stm32g4xx_hal_fdcan.c ****               (++) HAL_FDCAN_GetRxFifoFillLevel
  83:Drivers/STM32G4xx_HAL_Driver/Src/stm32g4xx_hal_fdcan.c ****               (++) HAL_FDCAN_GetTxFifoFreeLevel
  84:Drivers/STM32G4xx_HAL_Driver/Src/stm32g4xx_hal_fdcan.c **** 
  85:Drivers/STM32G4xx_HAL_Driver/Src/stm32g4xx_hal_fdcan.c ****       *** Interrupt mode operation ***
  86:Drivers/STM32G4xx_HAL_Driver/Src/stm32g4xx_hal_fdcan.c ****       ================================
  87:Drivers/STM32G4xx_HAL_Driver/Src/stm32g4xx_hal_fdcan.c ****       [..]
ARM GAS   			page 3


  88:Drivers/STM32G4xx_HAL_Driver/Src/stm32g4xx_hal_fdcan.c ****         (#) There are two interrupt lines: line 0 and 1.
  89:Drivers/STM32G4xx_HAL_Driver/Src/stm32g4xx_hal_fdcan.c ****             By default, all interrupts are assigned to line 0. Interrupt lines
  90:Drivers/STM32G4xx_HAL_Driver/Src/stm32g4xx_hal_fdcan.c ****             can be configured using HAL_FDCAN_ConfigInterruptLines function.
  91:Drivers/STM32G4xx_HAL_Driver/Src/stm32g4xx_hal_fdcan.c **** 
  92:Drivers/STM32G4xx_HAL_Driver/Src/stm32g4xx_hal_fdcan.c ****         (#) Notifications are activated using HAL_FDCAN_ActivateNotification
  93:Drivers/STM32G4xx_HAL_Driver/Src/stm32g4xx_hal_fdcan.c ****             function. Then, the process can be controlled through one of the
  94:Drivers/STM32G4xx_HAL_Driver/Src/stm32g4xx_hal_fdcan.c ****             available user callbacks: HAL_FDCAN_xxxCallback.
  95:Drivers/STM32G4xx_HAL_Driver/Src/stm32g4xx_hal_fdcan.c **** 
  96:Drivers/STM32G4xx_HAL_Driver/Src/stm32g4xx_hal_fdcan.c ****   *** Callback registration ***
  97:Drivers/STM32G4xx_HAL_Driver/Src/stm32g4xx_hal_fdcan.c ****   =============================================
  98:Drivers/STM32G4xx_HAL_Driver/Src/stm32g4xx_hal_fdcan.c **** 
  99:Drivers/STM32G4xx_HAL_Driver/Src/stm32g4xx_hal_fdcan.c ****   The compilation define USE_HAL_FDCAN_REGISTER_CALLBACKS when set to 1
 100:Drivers/STM32G4xx_HAL_Driver/Src/stm32g4xx_hal_fdcan.c ****   allows the user to configure dynamically the driver callbacks.
 101:Drivers/STM32G4xx_HAL_Driver/Src/stm32g4xx_hal_fdcan.c ****   Use Function HAL_FDCAN_RegisterCallback() or HAL_FDCAN_RegisterXXXCallback()
 102:Drivers/STM32G4xx_HAL_Driver/Src/stm32g4xx_hal_fdcan.c ****   to register an interrupt callback.
 103:Drivers/STM32G4xx_HAL_Driver/Src/stm32g4xx_hal_fdcan.c **** 
 104:Drivers/STM32G4xx_HAL_Driver/Src/stm32g4xx_hal_fdcan.c ****   Function HAL_FDCAN_RegisterCallback() allows to register following callbacks:
 105:Drivers/STM32G4xx_HAL_Driver/Src/stm32g4xx_hal_fdcan.c ****     (+) TxFifoEmptyCallback          : Tx Fifo Empty Callback.
 106:Drivers/STM32G4xx_HAL_Driver/Src/stm32g4xx_hal_fdcan.c ****     (+) HighPriorityMessageCallback  : High Priority Message Callback.
 107:Drivers/STM32G4xx_HAL_Driver/Src/stm32g4xx_hal_fdcan.c ****     (+) TimestampWraparoundCallback  : Timestamp Wraparound Callback.
 108:Drivers/STM32G4xx_HAL_Driver/Src/stm32g4xx_hal_fdcan.c ****     (+) TimeoutOccurredCallback      : Timeout Occurred Callback.
 109:Drivers/STM32G4xx_HAL_Driver/Src/stm32g4xx_hal_fdcan.c ****     (+) ErrorCallback                : Error Callback.
 110:Drivers/STM32G4xx_HAL_Driver/Src/stm32g4xx_hal_fdcan.c ****     (+) MspInitCallback              : FDCAN MspInit.
 111:Drivers/STM32G4xx_HAL_Driver/Src/stm32g4xx_hal_fdcan.c ****     (+) MspDeInitCallback            : FDCAN MspDeInit.
 112:Drivers/STM32G4xx_HAL_Driver/Src/stm32g4xx_hal_fdcan.c ****   This function takes as parameters the HAL peripheral handle, the Callback ID
 113:Drivers/STM32G4xx_HAL_Driver/Src/stm32g4xx_hal_fdcan.c ****   and a pointer to the user callback function.
 114:Drivers/STM32G4xx_HAL_Driver/Src/stm32g4xx_hal_fdcan.c **** 
 115:Drivers/STM32G4xx_HAL_Driver/Src/stm32g4xx_hal_fdcan.c ****   For specific callbacks TxEventFifoCallback, RxFifo0Callback, RxFifo1Callback,
 116:Drivers/STM32G4xx_HAL_Driver/Src/stm32g4xx_hal_fdcan.c ****   TxBufferCompleteCallback, TxBufferAbortCallback and ErrorStatusCallback use dedicated
 117:Drivers/STM32G4xx_HAL_Driver/Src/stm32g4xx_hal_fdcan.c ****   register callbacks: respectively HAL_FDCAN_RegisterTxEventFifoCallback(),
 118:Drivers/STM32G4xx_HAL_Driver/Src/stm32g4xx_hal_fdcan.c ****   HAL_FDCAN_RegisterRxFifo0Callback(), HAL_FDCAN_RegisterRxFifo1Callback(),
 119:Drivers/STM32G4xx_HAL_Driver/Src/stm32g4xx_hal_fdcan.c ****   HAL_FDCAN_RegisterTxBufferCompleteCallback(), HAL_FDCAN_RegisterTxBufferAbortCallback()
 120:Drivers/STM32G4xx_HAL_Driver/Src/stm32g4xx_hal_fdcan.c ****   and HAL_FDCAN_RegisterErrorStatusCallback().
 121:Drivers/STM32G4xx_HAL_Driver/Src/stm32g4xx_hal_fdcan.c **** 
 122:Drivers/STM32G4xx_HAL_Driver/Src/stm32g4xx_hal_fdcan.c ****   Use function HAL_FDCAN_UnRegisterCallback() to reset a callback to the default
 123:Drivers/STM32G4xx_HAL_Driver/Src/stm32g4xx_hal_fdcan.c ****   weak function.
 124:Drivers/STM32G4xx_HAL_Driver/Src/stm32g4xx_hal_fdcan.c ****   HAL_FDCAN_UnRegisterCallback takes as parameters the HAL peripheral handle,
 125:Drivers/STM32G4xx_HAL_Driver/Src/stm32g4xx_hal_fdcan.c ****   and the Callback ID.
 126:Drivers/STM32G4xx_HAL_Driver/Src/stm32g4xx_hal_fdcan.c ****   This function allows to reset following callbacks:
 127:Drivers/STM32G4xx_HAL_Driver/Src/stm32g4xx_hal_fdcan.c ****     (+) TxFifoEmptyCallback          : Tx Fifo Empty Callback.
 128:Drivers/STM32G4xx_HAL_Driver/Src/stm32g4xx_hal_fdcan.c ****     (+) HighPriorityMessageCallback  : High Priority Message Callback.
 129:Drivers/STM32G4xx_HAL_Driver/Src/stm32g4xx_hal_fdcan.c ****     (+) TimestampWraparoundCallback  : Timestamp Wraparound Callback.
 130:Drivers/STM32G4xx_HAL_Driver/Src/stm32g4xx_hal_fdcan.c ****     (+) TimeoutOccurredCallback      : Timeout Occurred Callback.
 131:Drivers/STM32G4xx_HAL_Driver/Src/stm32g4xx_hal_fdcan.c ****     (+) ErrorCallback                : Error Callback.
 132:Drivers/STM32G4xx_HAL_Driver/Src/stm32g4xx_hal_fdcan.c ****     (+) MspInitCallback              : FDCAN MspInit.
 133:Drivers/STM32G4xx_HAL_Driver/Src/stm32g4xx_hal_fdcan.c ****     (+) MspDeInitCallback            : FDCAN MspDeInit.
 134:Drivers/STM32G4xx_HAL_Driver/Src/stm32g4xx_hal_fdcan.c **** 
 135:Drivers/STM32G4xx_HAL_Driver/Src/stm32g4xx_hal_fdcan.c ****   For specific callbacks TxEventFifoCallback, RxFifo0Callback, RxFifo1Callback,
 136:Drivers/STM32G4xx_HAL_Driver/Src/stm32g4xx_hal_fdcan.c ****   TxBufferCompleteCallback and TxBufferAbortCallback, use dedicated
 137:Drivers/STM32G4xx_HAL_Driver/Src/stm32g4xx_hal_fdcan.c ****   unregister callbacks: respectively HAL_FDCAN_UnRegisterTxEventFifoCallback(),
 138:Drivers/STM32G4xx_HAL_Driver/Src/stm32g4xx_hal_fdcan.c ****   HAL_FDCAN_UnRegisterRxFifo0Callback(), HAL_FDCAN_UnRegisterRxFifo1Callback(),
 139:Drivers/STM32G4xx_HAL_Driver/Src/stm32g4xx_hal_fdcan.c ****   HAL_FDCAN_UnRegisterTxBufferCompleteCallback(), HAL_FDCAN_UnRegisterTxBufferAbortCallback()
 140:Drivers/STM32G4xx_HAL_Driver/Src/stm32g4xx_hal_fdcan.c ****   and HAL_FDCAN_UnRegisterErrorStatusCallback().
 141:Drivers/STM32G4xx_HAL_Driver/Src/stm32g4xx_hal_fdcan.c **** 
 142:Drivers/STM32G4xx_HAL_Driver/Src/stm32g4xx_hal_fdcan.c ****   By default, after the HAL_FDCAN_Init() and when the state is HAL_FDCAN_STATE_RESET,
 143:Drivers/STM32G4xx_HAL_Driver/Src/stm32g4xx_hal_fdcan.c ****   all callbacks are set to the corresponding weak functions:
 144:Drivers/STM32G4xx_HAL_Driver/Src/stm32g4xx_hal_fdcan.c ****   examples HAL_FDCAN_ErrorCallback().
ARM GAS   			page 4


 145:Drivers/STM32G4xx_HAL_Driver/Src/stm32g4xx_hal_fdcan.c ****   Exception done for MspInit and MspDeInit functions that are
 146:Drivers/STM32G4xx_HAL_Driver/Src/stm32g4xx_hal_fdcan.c ****   reset to the legacy weak function in the HAL_FDCAN_Init()/ HAL_FDCAN_DeInit() only when
 147:Drivers/STM32G4xx_HAL_Driver/Src/stm32g4xx_hal_fdcan.c ****   these callbacks are null (not registered beforehand).
 148:Drivers/STM32G4xx_HAL_Driver/Src/stm32g4xx_hal_fdcan.c ****   if not, MspInit or MspDeInit are not null, the HAL_FDCAN_Init()/ HAL_FDCAN_DeInit()
 149:Drivers/STM32G4xx_HAL_Driver/Src/stm32g4xx_hal_fdcan.c ****   keep and use the user MspInit/MspDeInit callbacks (registered beforehand)
 150:Drivers/STM32G4xx_HAL_Driver/Src/stm32g4xx_hal_fdcan.c **** 
 151:Drivers/STM32G4xx_HAL_Driver/Src/stm32g4xx_hal_fdcan.c ****   Callbacks can be registered/unregistered in HAL_FDCAN_STATE_READY state only.
 152:Drivers/STM32G4xx_HAL_Driver/Src/stm32g4xx_hal_fdcan.c ****   Exception done MspInit/MspDeInit that can be registered/unregistered
 153:Drivers/STM32G4xx_HAL_Driver/Src/stm32g4xx_hal_fdcan.c ****   in HAL_FDCAN_STATE_READY or HAL_FDCAN_STATE_RESET state,
 154:Drivers/STM32G4xx_HAL_Driver/Src/stm32g4xx_hal_fdcan.c ****   thus registered (user) MspInit/DeInit callbacks can be used during the Init/DeInit.
 155:Drivers/STM32G4xx_HAL_Driver/Src/stm32g4xx_hal_fdcan.c ****   In that case first register the MspInit/MspDeInit user callbacks
 156:Drivers/STM32G4xx_HAL_Driver/Src/stm32g4xx_hal_fdcan.c ****   using HAL_FDCAN_RegisterCallback() before calling HAL_FDCAN_DeInit()
 157:Drivers/STM32G4xx_HAL_Driver/Src/stm32g4xx_hal_fdcan.c ****   or HAL_FDCAN_Init() function.
 158:Drivers/STM32G4xx_HAL_Driver/Src/stm32g4xx_hal_fdcan.c **** 
 159:Drivers/STM32G4xx_HAL_Driver/Src/stm32g4xx_hal_fdcan.c ****   When The compilation define USE_HAL_FDCAN_REGISTER_CALLBACKS is set to 0 or
 160:Drivers/STM32G4xx_HAL_Driver/Src/stm32g4xx_hal_fdcan.c ****   not defined, the callback registration feature is not available and all callbacks
 161:Drivers/STM32G4xx_HAL_Driver/Src/stm32g4xx_hal_fdcan.c ****   are set to the corresponding weak functions.
 162:Drivers/STM32G4xx_HAL_Driver/Src/stm32g4xx_hal_fdcan.c **** 
 163:Drivers/STM32G4xx_HAL_Driver/Src/stm32g4xx_hal_fdcan.c ****   @endverbatim
 164:Drivers/STM32G4xx_HAL_Driver/Src/stm32g4xx_hal_fdcan.c ****   ******************************************************************************
 165:Drivers/STM32G4xx_HAL_Driver/Src/stm32g4xx_hal_fdcan.c ****   */
 166:Drivers/STM32G4xx_HAL_Driver/Src/stm32g4xx_hal_fdcan.c **** 
 167:Drivers/STM32G4xx_HAL_Driver/Src/stm32g4xx_hal_fdcan.c **** /* Includes ------------------------------------------------------------------*/
 168:Drivers/STM32G4xx_HAL_Driver/Src/stm32g4xx_hal_fdcan.c **** #include "stm32g4xx_hal.h"
 169:Drivers/STM32G4xx_HAL_Driver/Src/stm32g4xx_hal_fdcan.c **** 
 170:Drivers/STM32G4xx_HAL_Driver/Src/stm32g4xx_hal_fdcan.c **** #if defined(FDCAN1)
 171:Drivers/STM32G4xx_HAL_Driver/Src/stm32g4xx_hal_fdcan.c **** 
 172:Drivers/STM32G4xx_HAL_Driver/Src/stm32g4xx_hal_fdcan.c **** /** @addtogroup STM32G4xx_HAL_Driver
 173:Drivers/STM32G4xx_HAL_Driver/Src/stm32g4xx_hal_fdcan.c ****   * @{
 174:Drivers/STM32G4xx_HAL_Driver/Src/stm32g4xx_hal_fdcan.c ****   */
 175:Drivers/STM32G4xx_HAL_Driver/Src/stm32g4xx_hal_fdcan.c **** 
 176:Drivers/STM32G4xx_HAL_Driver/Src/stm32g4xx_hal_fdcan.c **** /** @defgroup FDCAN FDCAN
 177:Drivers/STM32G4xx_HAL_Driver/Src/stm32g4xx_hal_fdcan.c ****   * @brief FDCAN HAL module driver
 178:Drivers/STM32G4xx_HAL_Driver/Src/stm32g4xx_hal_fdcan.c ****   * @{
 179:Drivers/STM32G4xx_HAL_Driver/Src/stm32g4xx_hal_fdcan.c ****   */
 180:Drivers/STM32G4xx_HAL_Driver/Src/stm32g4xx_hal_fdcan.c **** 
 181:Drivers/STM32G4xx_HAL_Driver/Src/stm32g4xx_hal_fdcan.c **** #ifdef HAL_FDCAN_MODULE_ENABLED
 182:Drivers/STM32G4xx_HAL_Driver/Src/stm32g4xx_hal_fdcan.c **** 
 183:Drivers/STM32G4xx_HAL_Driver/Src/stm32g4xx_hal_fdcan.c **** /* Private typedef -----------------------------------------------------------*/
 184:Drivers/STM32G4xx_HAL_Driver/Src/stm32g4xx_hal_fdcan.c **** /* Private define ------------------------------------------------------------*/
 185:Drivers/STM32G4xx_HAL_Driver/Src/stm32g4xx_hal_fdcan.c **** /** @addtogroup FDCAN_Private_Constants
 186:Drivers/STM32G4xx_HAL_Driver/Src/stm32g4xx_hal_fdcan.c ****   * @{
 187:Drivers/STM32G4xx_HAL_Driver/Src/stm32g4xx_hal_fdcan.c ****   */
 188:Drivers/STM32G4xx_HAL_Driver/Src/stm32g4xx_hal_fdcan.c **** #define FDCAN_TIMEOUT_VALUE 10U
 189:Drivers/STM32G4xx_HAL_Driver/Src/stm32g4xx_hal_fdcan.c **** 
 190:Drivers/STM32G4xx_HAL_Driver/Src/stm32g4xx_hal_fdcan.c **** #define FDCAN_TX_EVENT_FIFO_MASK (FDCAN_IR_TEFL | FDCAN_IR_TEFF | FDCAN_IR_TEFN)
 191:Drivers/STM32G4xx_HAL_Driver/Src/stm32g4xx_hal_fdcan.c **** #define FDCAN_RX_FIFO0_MASK (FDCAN_IR_RF0L | FDCAN_IR_RF0F | FDCAN_IR_RF0N)
 192:Drivers/STM32G4xx_HAL_Driver/Src/stm32g4xx_hal_fdcan.c **** #define FDCAN_RX_FIFO1_MASK (FDCAN_IR_RF1L | FDCAN_IR_RF1F | FDCAN_IR_RF1N)
 193:Drivers/STM32G4xx_HAL_Driver/Src/stm32g4xx_hal_fdcan.c **** #define FDCAN_ERROR_MASK (FDCAN_IR_ELO | FDCAN_IR_WDI | FDCAN_IR_PEA | FDCAN_IR_PED | FDCAN_IR_ARA)
 194:Drivers/STM32G4xx_HAL_Driver/Src/stm32g4xx_hal_fdcan.c **** #define FDCAN_ERROR_STATUS_MASK (FDCAN_IR_EP | FDCAN_IR_EW | FDCAN_IR_BO)
 195:Drivers/STM32G4xx_HAL_Driver/Src/stm32g4xx_hal_fdcan.c **** 
 196:Drivers/STM32G4xx_HAL_Driver/Src/stm32g4xx_hal_fdcan.c **** #define FDCAN_ELEMENT_MASK_STDID ((uint32_t)0x1FFC0000U) /* Standard Identifier         */
 197:Drivers/STM32G4xx_HAL_Driver/Src/stm32g4xx_hal_fdcan.c **** #define FDCAN_ELEMENT_MASK_EXTID ((uint32_t)0x1FFFFFFFU) /* Extended Identifier         */
 198:Drivers/STM32G4xx_HAL_Driver/Src/stm32g4xx_hal_fdcan.c **** #define FDCAN_ELEMENT_MASK_RTR   ((uint32_t)0x20000000U) /* Remote Transmission Request */
 199:Drivers/STM32G4xx_HAL_Driver/Src/stm32g4xx_hal_fdcan.c **** #define FDCAN_ELEMENT_MASK_XTD   ((uint32_t)0x40000000U) /* Extended Identifier         */
 200:Drivers/STM32G4xx_HAL_Driver/Src/stm32g4xx_hal_fdcan.c **** #define FDCAN_ELEMENT_MASK_ESI   ((uint32_t)0x80000000U) /* Error State Indicator       */
 201:Drivers/STM32G4xx_HAL_Driver/Src/stm32g4xx_hal_fdcan.c **** #define FDCAN_ELEMENT_MASK_TS    ((uint32_t)0x0000FFFFU) /* Timestamp                   */
ARM GAS   			page 5


 202:Drivers/STM32G4xx_HAL_Driver/Src/stm32g4xx_hal_fdcan.c **** #define FDCAN_ELEMENT_MASK_DLC   ((uint32_t)0x000F0000U) /* Data Length Code            */
 203:Drivers/STM32G4xx_HAL_Driver/Src/stm32g4xx_hal_fdcan.c **** #define FDCAN_ELEMENT_MASK_BRS   ((uint32_t)0x00100000U) /* Bit Rate Switch             */
 204:Drivers/STM32G4xx_HAL_Driver/Src/stm32g4xx_hal_fdcan.c **** #define FDCAN_ELEMENT_MASK_FDF   ((uint32_t)0x00200000U) /* FD Format                   */
 205:Drivers/STM32G4xx_HAL_Driver/Src/stm32g4xx_hal_fdcan.c **** #define FDCAN_ELEMENT_MASK_EFC   ((uint32_t)0x00800000U) /* Event FIFO Control          */
 206:Drivers/STM32G4xx_HAL_Driver/Src/stm32g4xx_hal_fdcan.c **** #define FDCAN_ELEMENT_MASK_MM    ((uint32_t)0xFF000000U) /* Message Marker              */
 207:Drivers/STM32G4xx_HAL_Driver/Src/stm32g4xx_hal_fdcan.c **** #define FDCAN_ELEMENT_MASK_FIDX  ((uint32_t)0x7F000000U) /* Filter Index                */
 208:Drivers/STM32G4xx_HAL_Driver/Src/stm32g4xx_hal_fdcan.c **** #define FDCAN_ELEMENT_MASK_ANMF  ((uint32_t)0x80000000U) /* Accepted Non-matching Frame */
 209:Drivers/STM32G4xx_HAL_Driver/Src/stm32g4xx_hal_fdcan.c **** #define FDCAN_ELEMENT_MASK_ET    ((uint32_t)0x00C00000U) /* Event type                  */
 210:Drivers/STM32G4xx_HAL_Driver/Src/stm32g4xx_hal_fdcan.c **** 
 211:Drivers/STM32G4xx_HAL_Driver/Src/stm32g4xx_hal_fdcan.c **** #define SRAMCAN_FLS_NBR                  (28U)         /* Max. Filter List Standard Number      */
 212:Drivers/STM32G4xx_HAL_Driver/Src/stm32g4xx_hal_fdcan.c **** #define SRAMCAN_FLE_NBR                  ( 8U)         /* Max. Filter List Extended Number      */
 213:Drivers/STM32G4xx_HAL_Driver/Src/stm32g4xx_hal_fdcan.c **** #define SRAMCAN_RF0_NBR                  ( 3U)         /* RX FIFO 0 Elements Number             */
 214:Drivers/STM32G4xx_HAL_Driver/Src/stm32g4xx_hal_fdcan.c **** #define SRAMCAN_RF1_NBR                  ( 3U)         /* RX FIFO 1 Elements Number             */
 215:Drivers/STM32G4xx_HAL_Driver/Src/stm32g4xx_hal_fdcan.c **** #define SRAMCAN_TEF_NBR                  ( 3U)         /* TX Event FIFO Elements Number         */
 216:Drivers/STM32G4xx_HAL_Driver/Src/stm32g4xx_hal_fdcan.c **** #define SRAMCAN_TFQ_NBR                  ( 3U)         /* TX FIFO/Queue Elements Number         */
 217:Drivers/STM32G4xx_HAL_Driver/Src/stm32g4xx_hal_fdcan.c **** 
 218:Drivers/STM32G4xx_HAL_Driver/Src/stm32g4xx_hal_fdcan.c **** #define SRAMCAN_FLS_SIZE            ( 1U * 4U)         /* Filter Standard Element Size in bytes */
 219:Drivers/STM32G4xx_HAL_Driver/Src/stm32g4xx_hal_fdcan.c **** #define SRAMCAN_FLE_SIZE            ( 2U * 4U)         /* Filter Extended Element Size in bytes */
 220:Drivers/STM32G4xx_HAL_Driver/Src/stm32g4xx_hal_fdcan.c **** #define SRAMCAN_RF0_SIZE            (18U * 4U)         /* RX FIFO 0 Elements Size in bytes      */
 221:Drivers/STM32G4xx_HAL_Driver/Src/stm32g4xx_hal_fdcan.c **** #define SRAMCAN_RF1_SIZE            (18U * 4U)         /* RX FIFO 1 Elements Size in bytes      */
 222:Drivers/STM32G4xx_HAL_Driver/Src/stm32g4xx_hal_fdcan.c **** #define SRAMCAN_TEF_SIZE            ( 2U * 4U)         /* TX Event FIFO Elements Size in bytes  */
 223:Drivers/STM32G4xx_HAL_Driver/Src/stm32g4xx_hal_fdcan.c **** #define SRAMCAN_TFQ_SIZE            (18U * 4U)         /* TX FIFO/Queue Elements Size in bytes  */
 224:Drivers/STM32G4xx_HAL_Driver/Src/stm32g4xx_hal_fdcan.c **** 
 225:Drivers/STM32G4xx_HAL_Driver/Src/stm32g4xx_hal_fdcan.c **** #define SRAMCAN_FLSSA ((uint32_t)0)                                                      /* Filter 
 226:Drivers/STM32G4xx_HAL_Driver/Src/stm32g4xx_hal_fdcan.c ****                                                                                             Address
 227:Drivers/STM32G4xx_HAL_Driver/Src/stm32g4xx_hal_fdcan.c **** #define SRAMCAN_FLESA ((uint32_t)(SRAMCAN_FLSSA + (SRAMCAN_FLS_NBR * SRAMCAN_FLS_SIZE))) /* Filter 
 228:Drivers/STM32G4xx_HAL_Driver/Src/stm32g4xx_hal_fdcan.c ****                                                                                             Address
 229:Drivers/STM32G4xx_HAL_Driver/Src/stm32g4xx_hal_fdcan.c **** #define SRAMCAN_RF0SA ((uint32_t)(SRAMCAN_FLESA + (SRAMCAN_FLE_NBR * SRAMCAN_FLE_SIZE))) /* Rx FIFO
 230:Drivers/STM32G4xx_HAL_Driver/Src/stm32g4xx_hal_fdcan.c **** #define SRAMCAN_RF1SA ((uint32_t)(SRAMCAN_RF0SA + (SRAMCAN_RF0_NBR * SRAMCAN_RF0_SIZE))) /* Rx FIFO
 231:Drivers/STM32G4xx_HAL_Driver/Src/stm32g4xx_hal_fdcan.c **** #define SRAMCAN_TEFSA ((uint32_t)(SRAMCAN_RF1SA + (SRAMCAN_RF1_NBR * SRAMCAN_RF1_SIZE))) /* Tx Even
 232:Drivers/STM32G4xx_HAL_Driver/Src/stm32g4xx_hal_fdcan.c ****                                                                                             Address
 233:Drivers/STM32G4xx_HAL_Driver/Src/stm32g4xx_hal_fdcan.c **** #define SRAMCAN_TFQSA ((uint32_t)(SRAMCAN_TEFSA + (SRAMCAN_TEF_NBR * SRAMCAN_TEF_SIZE))) /* Tx FIFO
 234:Drivers/STM32G4xx_HAL_Driver/Src/stm32g4xx_hal_fdcan.c ****                                                                                             Address
 235:Drivers/STM32G4xx_HAL_Driver/Src/stm32g4xx_hal_fdcan.c **** #define SRAMCAN_SIZE  ((uint32_t)(SRAMCAN_TFQSA + (SRAMCAN_TFQ_NBR * SRAMCAN_TFQ_SIZE))) /* Message
 236:Drivers/STM32G4xx_HAL_Driver/Src/stm32g4xx_hal_fdcan.c **** 
 237:Drivers/STM32G4xx_HAL_Driver/Src/stm32g4xx_hal_fdcan.c **** /**
 238:Drivers/STM32G4xx_HAL_Driver/Src/stm32g4xx_hal_fdcan.c ****   * @}
 239:Drivers/STM32G4xx_HAL_Driver/Src/stm32g4xx_hal_fdcan.c ****   */
 240:Drivers/STM32G4xx_HAL_Driver/Src/stm32g4xx_hal_fdcan.c **** 
 241:Drivers/STM32G4xx_HAL_Driver/Src/stm32g4xx_hal_fdcan.c **** /* Private macro -------------------------------------------------------------*/
 242:Drivers/STM32G4xx_HAL_Driver/Src/stm32g4xx_hal_fdcan.c **** /* Private variables ---------------------------------------------------------*/
 243:Drivers/STM32G4xx_HAL_Driver/Src/stm32g4xx_hal_fdcan.c **** /** @addtogroup FDCAN_Private_Variables
 244:Drivers/STM32G4xx_HAL_Driver/Src/stm32g4xx_hal_fdcan.c ****   * @{
 245:Drivers/STM32G4xx_HAL_Driver/Src/stm32g4xx_hal_fdcan.c ****   */
 246:Drivers/STM32G4xx_HAL_Driver/Src/stm32g4xx_hal_fdcan.c **** static const uint8_t DLCtoBytes[] = {0, 1, 2, 3, 4, 5, 6, 7, 8, 12, 16, 20, 24, 32, 48, 64};
 247:Drivers/STM32G4xx_HAL_Driver/Src/stm32g4xx_hal_fdcan.c **** /**
 248:Drivers/STM32G4xx_HAL_Driver/Src/stm32g4xx_hal_fdcan.c ****   * @}
 249:Drivers/STM32G4xx_HAL_Driver/Src/stm32g4xx_hal_fdcan.c ****   */
 250:Drivers/STM32G4xx_HAL_Driver/Src/stm32g4xx_hal_fdcan.c **** 
 251:Drivers/STM32G4xx_HAL_Driver/Src/stm32g4xx_hal_fdcan.c **** /* Private function prototypes -----------------------------------------------*/
 252:Drivers/STM32G4xx_HAL_Driver/Src/stm32g4xx_hal_fdcan.c **** /** @addtogroup FDCAN_Private_Functions_Prototypes
 253:Drivers/STM32G4xx_HAL_Driver/Src/stm32g4xx_hal_fdcan.c ****   * @{
 254:Drivers/STM32G4xx_HAL_Driver/Src/stm32g4xx_hal_fdcan.c ****   */
 255:Drivers/STM32G4xx_HAL_Driver/Src/stm32g4xx_hal_fdcan.c **** static void FDCAN_CalcultateRamBlockAddresses(FDCAN_HandleTypeDef *hfdcan);
 256:Drivers/STM32G4xx_HAL_Driver/Src/stm32g4xx_hal_fdcan.c **** static void FDCAN_CopyMessageToRAM(const FDCAN_HandleTypeDef *hfdcan, const FDCAN_TxHeaderTypeDef *
 257:Drivers/STM32G4xx_HAL_Driver/Src/stm32g4xx_hal_fdcan.c ****                                    const uint8_t *pTxData, uint32_t BufferIndex);
 258:Drivers/STM32G4xx_HAL_Driver/Src/stm32g4xx_hal_fdcan.c **** /**
ARM GAS   			page 6


 259:Drivers/STM32G4xx_HAL_Driver/Src/stm32g4xx_hal_fdcan.c ****   * @}
 260:Drivers/STM32G4xx_HAL_Driver/Src/stm32g4xx_hal_fdcan.c ****   */
 261:Drivers/STM32G4xx_HAL_Driver/Src/stm32g4xx_hal_fdcan.c **** 
 262:Drivers/STM32G4xx_HAL_Driver/Src/stm32g4xx_hal_fdcan.c **** /* Exported functions --------------------------------------------------------*/
 263:Drivers/STM32G4xx_HAL_Driver/Src/stm32g4xx_hal_fdcan.c **** /** @defgroup FDCAN_Exported_Functions FDCAN Exported Functions
 264:Drivers/STM32G4xx_HAL_Driver/Src/stm32g4xx_hal_fdcan.c ****   * @{
 265:Drivers/STM32G4xx_HAL_Driver/Src/stm32g4xx_hal_fdcan.c ****   */
 266:Drivers/STM32G4xx_HAL_Driver/Src/stm32g4xx_hal_fdcan.c **** 
 267:Drivers/STM32G4xx_HAL_Driver/Src/stm32g4xx_hal_fdcan.c **** /** @defgroup FDCAN_Exported_Functions_Group1 Initialization and de-initialization functions
 268:Drivers/STM32G4xx_HAL_Driver/Src/stm32g4xx_hal_fdcan.c ****   *  @brief    Initialization and Configuration functions
 269:Drivers/STM32G4xx_HAL_Driver/Src/stm32g4xx_hal_fdcan.c ****   *
 270:Drivers/STM32G4xx_HAL_Driver/Src/stm32g4xx_hal_fdcan.c **** @verbatim
 271:Drivers/STM32G4xx_HAL_Driver/Src/stm32g4xx_hal_fdcan.c ****   ==============================================================================
 272:Drivers/STM32G4xx_HAL_Driver/Src/stm32g4xx_hal_fdcan.c ****               ##### Initialization and de-initialization functions #####
 273:Drivers/STM32G4xx_HAL_Driver/Src/stm32g4xx_hal_fdcan.c ****   ==============================================================================
 274:Drivers/STM32G4xx_HAL_Driver/Src/stm32g4xx_hal_fdcan.c ****     [..]  This section provides functions allowing to:
 275:Drivers/STM32G4xx_HAL_Driver/Src/stm32g4xx_hal_fdcan.c ****       (+) Initialize and configure the FDCAN.
 276:Drivers/STM32G4xx_HAL_Driver/Src/stm32g4xx_hal_fdcan.c ****       (+) De-initialize the FDCAN.
 277:Drivers/STM32G4xx_HAL_Driver/Src/stm32g4xx_hal_fdcan.c ****       (+) Enter FDCAN peripheral in power down mode.
 278:Drivers/STM32G4xx_HAL_Driver/Src/stm32g4xx_hal_fdcan.c ****       (+) Exit power down mode.
 279:Drivers/STM32G4xx_HAL_Driver/Src/stm32g4xx_hal_fdcan.c ****       (+) Register callbacks.
 280:Drivers/STM32G4xx_HAL_Driver/Src/stm32g4xx_hal_fdcan.c ****       (+) Unregister callbacks.
 281:Drivers/STM32G4xx_HAL_Driver/Src/stm32g4xx_hal_fdcan.c **** 
 282:Drivers/STM32G4xx_HAL_Driver/Src/stm32g4xx_hal_fdcan.c **** @endverbatim
 283:Drivers/STM32G4xx_HAL_Driver/Src/stm32g4xx_hal_fdcan.c ****   * @{
 284:Drivers/STM32G4xx_HAL_Driver/Src/stm32g4xx_hal_fdcan.c ****   */
 285:Drivers/STM32G4xx_HAL_Driver/Src/stm32g4xx_hal_fdcan.c **** 
 286:Drivers/STM32G4xx_HAL_Driver/Src/stm32g4xx_hal_fdcan.c **** /**
 287:Drivers/STM32G4xx_HAL_Driver/Src/stm32g4xx_hal_fdcan.c ****   * @brief  Initializes the FDCAN peripheral according to the specified
 288:Drivers/STM32G4xx_HAL_Driver/Src/stm32g4xx_hal_fdcan.c ****   *         parameters in the FDCAN_InitTypeDef structure.
 289:Drivers/STM32G4xx_HAL_Driver/Src/stm32g4xx_hal_fdcan.c ****   * @param  hfdcan pointer to an FDCAN_HandleTypeDef structure that contains
 290:Drivers/STM32G4xx_HAL_Driver/Src/stm32g4xx_hal_fdcan.c ****   *         the configuration information for the specified FDCAN.
 291:Drivers/STM32G4xx_HAL_Driver/Src/stm32g4xx_hal_fdcan.c ****   * @retval HAL status
 292:Drivers/STM32G4xx_HAL_Driver/Src/stm32g4xx_hal_fdcan.c ****   */
 293:Drivers/STM32G4xx_HAL_Driver/Src/stm32g4xx_hal_fdcan.c **** HAL_StatusTypeDef HAL_FDCAN_Init(FDCAN_HandleTypeDef *hfdcan)
 294:Drivers/STM32G4xx_HAL_Driver/Src/stm32g4xx_hal_fdcan.c **** {
 295:Drivers/STM32G4xx_HAL_Driver/Src/stm32g4xx_hal_fdcan.c ****   uint32_t tickstart;
 296:Drivers/STM32G4xx_HAL_Driver/Src/stm32g4xx_hal_fdcan.c **** 
 297:Drivers/STM32G4xx_HAL_Driver/Src/stm32g4xx_hal_fdcan.c ****   /* Check FDCAN handle */
 298:Drivers/STM32G4xx_HAL_Driver/Src/stm32g4xx_hal_fdcan.c ****   if (hfdcan == NULL)
 299:Drivers/STM32G4xx_HAL_Driver/Src/stm32g4xx_hal_fdcan.c ****   {
 300:Drivers/STM32G4xx_HAL_Driver/Src/stm32g4xx_hal_fdcan.c ****     return HAL_ERROR;
 301:Drivers/STM32G4xx_HAL_Driver/Src/stm32g4xx_hal_fdcan.c ****   }
 302:Drivers/STM32G4xx_HAL_Driver/Src/stm32g4xx_hal_fdcan.c **** 
 303:Drivers/STM32G4xx_HAL_Driver/Src/stm32g4xx_hal_fdcan.c ****   /* Check function parameters */
 304:Drivers/STM32G4xx_HAL_Driver/Src/stm32g4xx_hal_fdcan.c ****   assert_param(IS_FDCAN_ALL_INSTANCE(hfdcan->Instance));
 305:Drivers/STM32G4xx_HAL_Driver/Src/stm32g4xx_hal_fdcan.c ****   if (hfdcan->Instance == FDCAN1)
 306:Drivers/STM32G4xx_HAL_Driver/Src/stm32g4xx_hal_fdcan.c ****   {
 307:Drivers/STM32G4xx_HAL_Driver/Src/stm32g4xx_hal_fdcan.c ****     assert_param(IS_FDCAN_CKDIV(hfdcan->Init.ClockDivider));
 308:Drivers/STM32G4xx_HAL_Driver/Src/stm32g4xx_hal_fdcan.c ****   }
 309:Drivers/STM32G4xx_HAL_Driver/Src/stm32g4xx_hal_fdcan.c ****   assert_param(IS_FDCAN_FRAME_FORMAT(hfdcan->Init.FrameFormat));
 310:Drivers/STM32G4xx_HAL_Driver/Src/stm32g4xx_hal_fdcan.c ****   assert_param(IS_FDCAN_MODE(hfdcan->Init.Mode));
 311:Drivers/STM32G4xx_HAL_Driver/Src/stm32g4xx_hal_fdcan.c ****   assert_param(IS_FUNCTIONAL_STATE(hfdcan->Init.AutoRetransmission));
 312:Drivers/STM32G4xx_HAL_Driver/Src/stm32g4xx_hal_fdcan.c ****   assert_param(IS_FUNCTIONAL_STATE(hfdcan->Init.TransmitPause));
 313:Drivers/STM32G4xx_HAL_Driver/Src/stm32g4xx_hal_fdcan.c ****   assert_param(IS_FUNCTIONAL_STATE(hfdcan->Init.ProtocolException));
 314:Drivers/STM32G4xx_HAL_Driver/Src/stm32g4xx_hal_fdcan.c ****   assert_param(IS_FDCAN_NOMINAL_PRESCALER(hfdcan->Init.NominalPrescaler));
 315:Drivers/STM32G4xx_HAL_Driver/Src/stm32g4xx_hal_fdcan.c ****   assert_param(IS_FDCAN_NOMINAL_SJW(hfdcan->Init.NominalSyncJumpWidth));
ARM GAS   			page 7


 316:Drivers/STM32G4xx_HAL_Driver/Src/stm32g4xx_hal_fdcan.c ****   assert_param(IS_FDCAN_NOMINAL_TSEG1(hfdcan->Init.NominalTimeSeg1));
 317:Drivers/STM32G4xx_HAL_Driver/Src/stm32g4xx_hal_fdcan.c ****   assert_param(IS_FDCAN_NOMINAL_TSEG2(hfdcan->Init.NominalTimeSeg2));
 318:Drivers/STM32G4xx_HAL_Driver/Src/stm32g4xx_hal_fdcan.c ****   if (hfdcan->Init.FrameFormat == FDCAN_FRAME_FD_BRS)
 319:Drivers/STM32G4xx_HAL_Driver/Src/stm32g4xx_hal_fdcan.c ****   {
 320:Drivers/STM32G4xx_HAL_Driver/Src/stm32g4xx_hal_fdcan.c ****     assert_param(IS_FDCAN_DATA_PRESCALER(hfdcan->Init.DataPrescaler));
 321:Drivers/STM32G4xx_HAL_Driver/Src/stm32g4xx_hal_fdcan.c ****     assert_param(IS_FDCAN_DATA_SJW(hfdcan->Init.DataSyncJumpWidth));
 322:Drivers/STM32G4xx_HAL_Driver/Src/stm32g4xx_hal_fdcan.c ****     assert_param(IS_FDCAN_DATA_TSEG1(hfdcan->Init.DataTimeSeg1));
 323:Drivers/STM32G4xx_HAL_Driver/Src/stm32g4xx_hal_fdcan.c ****     assert_param(IS_FDCAN_DATA_TSEG2(hfdcan->Init.DataTimeSeg2));
 324:Drivers/STM32G4xx_HAL_Driver/Src/stm32g4xx_hal_fdcan.c ****   }
 325:Drivers/STM32G4xx_HAL_Driver/Src/stm32g4xx_hal_fdcan.c ****   assert_param(IS_FDCAN_MAX_VALUE(hfdcan->Init.StdFiltersNbr, SRAMCAN_FLS_NBR));
 326:Drivers/STM32G4xx_HAL_Driver/Src/stm32g4xx_hal_fdcan.c ****   assert_param(IS_FDCAN_MAX_VALUE(hfdcan->Init.ExtFiltersNbr, SRAMCAN_FLE_NBR));
 327:Drivers/STM32G4xx_HAL_Driver/Src/stm32g4xx_hal_fdcan.c ****   assert_param(IS_FDCAN_TX_FIFO_QUEUE_MODE(hfdcan->Init.TxFifoQueueMode));
 328:Drivers/STM32G4xx_HAL_Driver/Src/stm32g4xx_hal_fdcan.c **** 
 329:Drivers/STM32G4xx_HAL_Driver/Src/stm32g4xx_hal_fdcan.c **** #if USE_HAL_FDCAN_REGISTER_CALLBACKS == 1
 330:Drivers/STM32G4xx_HAL_Driver/Src/stm32g4xx_hal_fdcan.c ****   if (hfdcan->State == HAL_FDCAN_STATE_RESET)
 331:Drivers/STM32G4xx_HAL_Driver/Src/stm32g4xx_hal_fdcan.c ****   {
 332:Drivers/STM32G4xx_HAL_Driver/Src/stm32g4xx_hal_fdcan.c ****     /* Allocate lock resource and initialize it */
 333:Drivers/STM32G4xx_HAL_Driver/Src/stm32g4xx_hal_fdcan.c ****     hfdcan->Lock = HAL_UNLOCKED;
 334:Drivers/STM32G4xx_HAL_Driver/Src/stm32g4xx_hal_fdcan.c **** 
 335:Drivers/STM32G4xx_HAL_Driver/Src/stm32g4xx_hal_fdcan.c ****     /* Reset callbacks to legacy functions */
 336:Drivers/STM32G4xx_HAL_Driver/Src/stm32g4xx_hal_fdcan.c ****     hfdcan->TxEventFifoCallback         = HAL_FDCAN_TxEventFifoCallback;         /* TxEventFifoCall
 337:Drivers/STM32G4xx_HAL_Driver/Src/stm32g4xx_hal_fdcan.c ****     hfdcan->RxFifo0Callback             = HAL_FDCAN_RxFifo0Callback;             /* RxFifo0Callback
 338:Drivers/STM32G4xx_HAL_Driver/Src/stm32g4xx_hal_fdcan.c ****     hfdcan->RxFifo1Callback             = HAL_FDCAN_RxFifo1Callback;             /* RxFifo1Callback
 339:Drivers/STM32G4xx_HAL_Driver/Src/stm32g4xx_hal_fdcan.c ****     hfdcan->TxFifoEmptyCallback         = HAL_FDCAN_TxFifoEmptyCallback;         /* TxFifoEmptyCall
 340:Drivers/STM32G4xx_HAL_Driver/Src/stm32g4xx_hal_fdcan.c ****     hfdcan->TxBufferCompleteCallback    = HAL_FDCAN_TxBufferCompleteCallback;    /* TxBufferComplet
 341:Drivers/STM32G4xx_HAL_Driver/Src/stm32g4xx_hal_fdcan.c ****     hfdcan->TxBufferAbortCallback       = HAL_FDCAN_TxBufferAbortCallback;       /* TxBufferAbortCa
 342:Drivers/STM32G4xx_HAL_Driver/Src/stm32g4xx_hal_fdcan.c ****     hfdcan->HighPriorityMessageCallback = HAL_FDCAN_HighPriorityMessageCallback; /* HighPriorityMes
 343:Drivers/STM32G4xx_HAL_Driver/Src/stm32g4xx_hal_fdcan.c ****     hfdcan->TimestampWraparoundCallback = HAL_FDCAN_TimestampWraparoundCallback; /* TimestampWrapar
 344:Drivers/STM32G4xx_HAL_Driver/Src/stm32g4xx_hal_fdcan.c ****     hfdcan->TimeoutOccurredCallback     = HAL_FDCAN_TimeoutOccurredCallback;     /* TimeoutOccurred
 345:Drivers/STM32G4xx_HAL_Driver/Src/stm32g4xx_hal_fdcan.c ****     hfdcan->ErrorCallback               = HAL_FDCAN_ErrorCallback;               /* ErrorCallback  
 346:Drivers/STM32G4xx_HAL_Driver/Src/stm32g4xx_hal_fdcan.c ****     hfdcan->ErrorStatusCallback         = HAL_FDCAN_ErrorStatusCallback;         /* ErrorStatusCall
 347:Drivers/STM32G4xx_HAL_Driver/Src/stm32g4xx_hal_fdcan.c **** 
 348:Drivers/STM32G4xx_HAL_Driver/Src/stm32g4xx_hal_fdcan.c ****     if (hfdcan->MspInitCallback == NULL)
 349:Drivers/STM32G4xx_HAL_Driver/Src/stm32g4xx_hal_fdcan.c ****     {
 350:Drivers/STM32G4xx_HAL_Driver/Src/stm32g4xx_hal_fdcan.c ****       hfdcan->MspInitCallback = HAL_FDCAN_MspInit;  /* Legacy weak MspInit */
 351:Drivers/STM32G4xx_HAL_Driver/Src/stm32g4xx_hal_fdcan.c ****     }
 352:Drivers/STM32G4xx_HAL_Driver/Src/stm32g4xx_hal_fdcan.c **** 
 353:Drivers/STM32G4xx_HAL_Driver/Src/stm32g4xx_hal_fdcan.c ****     /* Init the low level hardware: CLOCK, NVIC */
 354:Drivers/STM32G4xx_HAL_Driver/Src/stm32g4xx_hal_fdcan.c ****     hfdcan->MspInitCallback(hfdcan);
 355:Drivers/STM32G4xx_HAL_Driver/Src/stm32g4xx_hal_fdcan.c ****   }
 356:Drivers/STM32G4xx_HAL_Driver/Src/stm32g4xx_hal_fdcan.c **** #else
 357:Drivers/STM32G4xx_HAL_Driver/Src/stm32g4xx_hal_fdcan.c ****   if (hfdcan->State == HAL_FDCAN_STATE_RESET)
 358:Drivers/STM32G4xx_HAL_Driver/Src/stm32g4xx_hal_fdcan.c ****   {
 359:Drivers/STM32G4xx_HAL_Driver/Src/stm32g4xx_hal_fdcan.c ****     /* Allocate lock resource and initialize it */
 360:Drivers/STM32G4xx_HAL_Driver/Src/stm32g4xx_hal_fdcan.c ****     hfdcan->Lock = HAL_UNLOCKED;
 361:Drivers/STM32G4xx_HAL_Driver/Src/stm32g4xx_hal_fdcan.c **** 
 362:Drivers/STM32G4xx_HAL_Driver/Src/stm32g4xx_hal_fdcan.c ****     /* Init the low level hardware: CLOCK, NVIC */
 363:Drivers/STM32G4xx_HAL_Driver/Src/stm32g4xx_hal_fdcan.c ****     HAL_FDCAN_MspInit(hfdcan);
 364:Drivers/STM32G4xx_HAL_Driver/Src/stm32g4xx_hal_fdcan.c ****   }
 365:Drivers/STM32G4xx_HAL_Driver/Src/stm32g4xx_hal_fdcan.c **** #endif /* USE_HAL_FDCAN_REGISTER_CALLBACKS */
 366:Drivers/STM32G4xx_HAL_Driver/Src/stm32g4xx_hal_fdcan.c **** 
 367:Drivers/STM32G4xx_HAL_Driver/Src/stm32g4xx_hal_fdcan.c ****   /* Exit from Sleep mode */
 368:Drivers/STM32G4xx_HAL_Driver/Src/stm32g4xx_hal_fdcan.c ****   CLEAR_BIT(hfdcan->Instance->CCCR, FDCAN_CCCR_CSR);
 369:Drivers/STM32G4xx_HAL_Driver/Src/stm32g4xx_hal_fdcan.c **** 
 370:Drivers/STM32G4xx_HAL_Driver/Src/stm32g4xx_hal_fdcan.c ****   /* Get tick */
 371:Drivers/STM32G4xx_HAL_Driver/Src/stm32g4xx_hal_fdcan.c ****   tickstart = HAL_GetTick();
 372:Drivers/STM32G4xx_HAL_Driver/Src/stm32g4xx_hal_fdcan.c **** 
ARM GAS   			page 8


 373:Drivers/STM32G4xx_HAL_Driver/Src/stm32g4xx_hal_fdcan.c ****   /* Check Sleep mode acknowledge */
 374:Drivers/STM32G4xx_HAL_Driver/Src/stm32g4xx_hal_fdcan.c ****   while ((hfdcan->Instance->CCCR & FDCAN_CCCR_CSA) == FDCAN_CCCR_CSA)
 375:Drivers/STM32G4xx_HAL_Driver/Src/stm32g4xx_hal_fdcan.c ****   {
 376:Drivers/STM32G4xx_HAL_Driver/Src/stm32g4xx_hal_fdcan.c ****     if ((HAL_GetTick() - tickstart) > FDCAN_TIMEOUT_VALUE)
 377:Drivers/STM32G4xx_HAL_Driver/Src/stm32g4xx_hal_fdcan.c ****     {
 378:Drivers/STM32G4xx_HAL_Driver/Src/stm32g4xx_hal_fdcan.c ****       /* Update error code */
 379:Drivers/STM32G4xx_HAL_Driver/Src/stm32g4xx_hal_fdcan.c ****       hfdcan->ErrorCode |= HAL_FDCAN_ERROR_TIMEOUT;
 380:Drivers/STM32G4xx_HAL_Driver/Src/stm32g4xx_hal_fdcan.c **** 
 381:Drivers/STM32G4xx_HAL_Driver/Src/stm32g4xx_hal_fdcan.c ****       /* Change FDCAN state */
 382:Drivers/STM32G4xx_HAL_Driver/Src/stm32g4xx_hal_fdcan.c ****       hfdcan->State = HAL_FDCAN_STATE_ERROR;
 383:Drivers/STM32G4xx_HAL_Driver/Src/stm32g4xx_hal_fdcan.c **** 
 384:Drivers/STM32G4xx_HAL_Driver/Src/stm32g4xx_hal_fdcan.c ****       return HAL_ERROR;
 385:Drivers/STM32G4xx_HAL_Driver/Src/stm32g4xx_hal_fdcan.c ****     }
 386:Drivers/STM32G4xx_HAL_Driver/Src/stm32g4xx_hal_fdcan.c ****   }
 387:Drivers/STM32G4xx_HAL_Driver/Src/stm32g4xx_hal_fdcan.c **** 
 388:Drivers/STM32G4xx_HAL_Driver/Src/stm32g4xx_hal_fdcan.c ****   /* Request initialisation */
 389:Drivers/STM32G4xx_HAL_Driver/Src/stm32g4xx_hal_fdcan.c ****   SET_BIT(hfdcan->Instance->CCCR, FDCAN_CCCR_INIT);
 390:Drivers/STM32G4xx_HAL_Driver/Src/stm32g4xx_hal_fdcan.c **** 
 391:Drivers/STM32G4xx_HAL_Driver/Src/stm32g4xx_hal_fdcan.c ****   /* Get tick */
 392:Drivers/STM32G4xx_HAL_Driver/Src/stm32g4xx_hal_fdcan.c ****   tickstart = HAL_GetTick();
 393:Drivers/STM32G4xx_HAL_Driver/Src/stm32g4xx_hal_fdcan.c **** 
 394:Drivers/STM32G4xx_HAL_Driver/Src/stm32g4xx_hal_fdcan.c ****   /* Wait until the INIT bit into CCCR register is set */
 395:Drivers/STM32G4xx_HAL_Driver/Src/stm32g4xx_hal_fdcan.c ****   while ((hfdcan->Instance->CCCR & FDCAN_CCCR_INIT) == 0U)
 396:Drivers/STM32G4xx_HAL_Driver/Src/stm32g4xx_hal_fdcan.c ****   {
 397:Drivers/STM32G4xx_HAL_Driver/Src/stm32g4xx_hal_fdcan.c ****     /* Check for the Timeout */
 398:Drivers/STM32G4xx_HAL_Driver/Src/stm32g4xx_hal_fdcan.c ****     if ((HAL_GetTick() - tickstart) > FDCAN_TIMEOUT_VALUE)
 399:Drivers/STM32G4xx_HAL_Driver/Src/stm32g4xx_hal_fdcan.c ****     {
 400:Drivers/STM32G4xx_HAL_Driver/Src/stm32g4xx_hal_fdcan.c ****       /* Update error code */
 401:Drivers/STM32G4xx_HAL_Driver/Src/stm32g4xx_hal_fdcan.c ****       hfdcan->ErrorCode |= HAL_FDCAN_ERROR_TIMEOUT;
 402:Drivers/STM32G4xx_HAL_Driver/Src/stm32g4xx_hal_fdcan.c **** 
 403:Drivers/STM32G4xx_HAL_Driver/Src/stm32g4xx_hal_fdcan.c ****       /* Change FDCAN state */
 404:Drivers/STM32G4xx_HAL_Driver/Src/stm32g4xx_hal_fdcan.c ****       hfdcan->State = HAL_FDCAN_STATE_ERROR;
 405:Drivers/STM32G4xx_HAL_Driver/Src/stm32g4xx_hal_fdcan.c **** 
 406:Drivers/STM32G4xx_HAL_Driver/Src/stm32g4xx_hal_fdcan.c ****       return HAL_ERROR;
 407:Drivers/STM32G4xx_HAL_Driver/Src/stm32g4xx_hal_fdcan.c ****     }
 408:Drivers/STM32G4xx_HAL_Driver/Src/stm32g4xx_hal_fdcan.c ****   }
 409:Drivers/STM32G4xx_HAL_Driver/Src/stm32g4xx_hal_fdcan.c **** 
 410:Drivers/STM32G4xx_HAL_Driver/Src/stm32g4xx_hal_fdcan.c ****   /* Enable configuration change */
 411:Drivers/STM32G4xx_HAL_Driver/Src/stm32g4xx_hal_fdcan.c ****   SET_BIT(hfdcan->Instance->CCCR, FDCAN_CCCR_CCE);
 412:Drivers/STM32G4xx_HAL_Driver/Src/stm32g4xx_hal_fdcan.c **** 
 413:Drivers/STM32G4xx_HAL_Driver/Src/stm32g4xx_hal_fdcan.c ****   /* Check FDCAN instance */
 414:Drivers/STM32G4xx_HAL_Driver/Src/stm32g4xx_hal_fdcan.c ****   if (hfdcan->Instance == FDCAN1)
 415:Drivers/STM32G4xx_HAL_Driver/Src/stm32g4xx_hal_fdcan.c ****   {
 416:Drivers/STM32G4xx_HAL_Driver/Src/stm32g4xx_hal_fdcan.c ****     /* Configure Clock divider */
 417:Drivers/STM32G4xx_HAL_Driver/Src/stm32g4xx_hal_fdcan.c ****     FDCAN_CONFIG->CKDIV = hfdcan->Init.ClockDivider;
 418:Drivers/STM32G4xx_HAL_Driver/Src/stm32g4xx_hal_fdcan.c ****   }
 419:Drivers/STM32G4xx_HAL_Driver/Src/stm32g4xx_hal_fdcan.c **** 
 420:Drivers/STM32G4xx_HAL_Driver/Src/stm32g4xx_hal_fdcan.c ****   /* Set the no automatic retransmission */
 421:Drivers/STM32G4xx_HAL_Driver/Src/stm32g4xx_hal_fdcan.c ****   if (hfdcan->Init.AutoRetransmission == ENABLE)
 422:Drivers/STM32G4xx_HAL_Driver/Src/stm32g4xx_hal_fdcan.c ****   {
 423:Drivers/STM32G4xx_HAL_Driver/Src/stm32g4xx_hal_fdcan.c ****     CLEAR_BIT(hfdcan->Instance->CCCR, FDCAN_CCCR_DAR);
 424:Drivers/STM32G4xx_HAL_Driver/Src/stm32g4xx_hal_fdcan.c ****   }
 425:Drivers/STM32G4xx_HAL_Driver/Src/stm32g4xx_hal_fdcan.c ****   else
 426:Drivers/STM32G4xx_HAL_Driver/Src/stm32g4xx_hal_fdcan.c ****   {
 427:Drivers/STM32G4xx_HAL_Driver/Src/stm32g4xx_hal_fdcan.c ****     SET_BIT(hfdcan->Instance->CCCR, FDCAN_CCCR_DAR);
 428:Drivers/STM32G4xx_HAL_Driver/Src/stm32g4xx_hal_fdcan.c ****   }
 429:Drivers/STM32G4xx_HAL_Driver/Src/stm32g4xx_hal_fdcan.c **** 
ARM GAS   			page 9


 430:Drivers/STM32G4xx_HAL_Driver/Src/stm32g4xx_hal_fdcan.c ****   /* Set the transmit pause feature */
 431:Drivers/STM32G4xx_HAL_Driver/Src/stm32g4xx_hal_fdcan.c ****   if (hfdcan->Init.TransmitPause == ENABLE)
 432:Drivers/STM32G4xx_HAL_Driver/Src/stm32g4xx_hal_fdcan.c ****   {
 433:Drivers/STM32G4xx_HAL_Driver/Src/stm32g4xx_hal_fdcan.c ****     SET_BIT(hfdcan->Instance->CCCR, FDCAN_CCCR_TXP);
 434:Drivers/STM32G4xx_HAL_Driver/Src/stm32g4xx_hal_fdcan.c ****   }
 435:Drivers/STM32G4xx_HAL_Driver/Src/stm32g4xx_hal_fdcan.c ****   else
 436:Drivers/STM32G4xx_HAL_Driver/Src/stm32g4xx_hal_fdcan.c ****   {
 437:Drivers/STM32G4xx_HAL_Driver/Src/stm32g4xx_hal_fdcan.c ****     CLEAR_BIT(hfdcan->Instance->CCCR, FDCAN_CCCR_TXP);
 438:Drivers/STM32G4xx_HAL_Driver/Src/stm32g4xx_hal_fdcan.c ****   }
 439:Drivers/STM32G4xx_HAL_Driver/Src/stm32g4xx_hal_fdcan.c **** 
 440:Drivers/STM32G4xx_HAL_Driver/Src/stm32g4xx_hal_fdcan.c ****   /* Set the Protocol Exception Handling */
 441:Drivers/STM32G4xx_HAL_Driver/Src/stm32g4xx_hal_fdcan.c ****   if (hfdcan->Init.ProtocolException == ENABLE)
 442:Drivers/STM32G4xx_HAL_Driver/Src/stm32g4xx_hal_fdcan.c ****   {
 443:Drivers/STM32G4xx_HAL_Driver/Src/stm32g4xx_hal_fdcan.c ****     CLEAR_BIT(hfdcan->Instance->CCCR, FDCAN_CCCR_PXHD);
 444:Drivers/STM32G4xx_HAL_Driver/Src/stm32g4xx_hal_fdcan.c ****   }
 445:Drivers/STM32G4xx_HAL_Driver/Src/stm32g4xx_hal_fdcan.c ****   else
 446:Drivers/STM32G4xx_HAL_Driver/Src/stm32g4xx_hal_fdcan.c ****   {
 447:Drivers/STM32G4xx_HAL_Driver/Src/stm32g4xx_hal_fdcan.c ****     SET_BIT(hfdcan->Instance->CCCR, FDCAN_CCCR_PXHD);
 448:Drivers/STM32G4xx_HAL_Driver/Src/stm32g4xx_hal_fdcan.c ****   }
 449:Drivers/STM32G4xx_HAL_Driver/Src/stm32g4xx_hal_fdcan.c **** 
 450:Drivers/STM32G4xx_HAL_Driver/Src/stm32g4xx_hal_fdcan.c ****   /* Set FDCAN Frame Format */
 451:Drivers/STM32G4xx_HAL_Driver/Src/stm32g4xx_hal_fdcan.c ****   MODIFY_REG(hfdcan->Instance->CCCR, FDCAN_FRAME_FD_BRS, hfdcan->Init.FrameFormat);
 452:Drivers/STM32G4xx_HAL_Driver/Src/stm32g4xx_hal_fdcan.c **** 
 453:Drivers/STM32G4xx_HAL_Driver/Src/stm32g4xx_hal_fdcan.c ****   /* Reset FDCAN Operation Mode */
 454:Drivers/STM32G4xx_HAL_Driver/Src/stm32g4xx_hal_fdcan.c ****   CLEAR_BIT(hfdcan->Instance->CCCR, (FDCAN_CCCR_TEST | FDCAN_CCCR_MON | FDCAN_CCCR_ASM));
 455:Drivers/STM32G4xx_HAL_Driver/Src/stm32g4xx_hal_fdcan.c ****   CLEAR_BIT(hfdcan->Instance->TEST, FDCAN_TEST_LBCK);
 456:Drivers/STM32G4xx_HAL_Driver/Src/stm32g4xx_hal_fdcan.c **** 
 457:Drivers/STM32G4xx_HAL_Driver/Src/stm32g4xx_hal_fdcan.c ****   /* Set FDCAN Operating Mode:
 458:Drivers/STM32G4xx_HAL_Driver/Src/stm32g4xx_hal_fdcan.c ****                | Normal | Restricted |    Bus     | Internal | External
 459:Drivers/STM32G4xx_HAL_Driver/Src/stm32g4xx_hal_fdcan.c ****                |        | Operation  | Monitoring | LoopBack | LoopBack
 460:Drivers/STM32G4xx_HAL_Driver/Src/stm32g4xx_hal_fdcan.c ****      CCCR.TEST |   0    |     0      |     0      |    1     |    1
 461:Drivers/STM32G4xx_HAL_Driver/Src/stm32g4xx_hal_fdcan.c ****      CCCR.MON  |   0    |     0      |     1      |    1     |    0
 462:Drivers/STM32G4xx_HAL_Driver/Src/stm32g4xx_hal_fdcan.c ****      TEST.LBCK |   0    |     0      |     0      |    1     |    1
 463:Drivers/STM32G4xx_HAL_Driver/Src/stm32g4xx_hal_fdcan.c ****      CCCR.ASM  |   0    |     1      |     0      |    0     |    0
 464:Drivers/STM32G4xx_HAL_Driver/Src/stm32g4xx_hal_fdcan.c ****   */
 465:Drivers/STM32G4xx_HAL_Driver/Src/stm32g4xx_hal_fdcan.c ****   if (hfdcan->Init.Mode == FDCAN_MODE_RESTRICTED_OPERATION)
 466:Drivers/STM32G4xx_HAL_Driver/Src/stm32g4xx_hal_fdcan.c ****   {
 467:Drivers/STM32G4xx_HAL_Driver/Src/stm32g4xx_hal_fdcan.c ****     /* Enable Restricted Operation mode */
 468:Drivers/STM32G4xx_HAL_Driver/Src/stm32g4xx_hal_fdcan.c ****     SET_BIT(hfdcan->Instance->CCCR, FDCAN_CCCR_ASM);
 469:Drivers/STM32G4xx_HAL_Driver/Src/stm32g4xx_hal_fdcan.c ****   }
 470:Drivers/STM32G4xx_HAL_Driver/Src/stm32g4xx_hal_fdcan.c ****   else if (hfdcan->Init.Mode != FDCAN_MODE_NORMAL)
 471:Drivers/STM32G4xx_HAL_Driver/Src/stm32g4xx_hal_fdcan.c ****   {
 472:Drivers/STM32G4xx_HAL_Driver/Src/stm32g4xx_hal_fdcan.c ****     if (hfdcan->Init.Mode != FDCAN_MODE_BUS_MONITORING)
 473:Drivers/STM32G4xx_HAL_Driver/Src/stm32g4xx_hal_fdcan.c ****     {
 474:Drivers/STM32G4xx_HAL_Driver/Src/stm32g4xx_hal_fdcan.c ****       /* Enable write access to TEST register */
 475:Drivers/STM32G4xx_HAL_Driver/Src/stm32g4xx_hal_fdcan.c ****       SET_BIT(hfdcan->Instance->CCCR, FDCAN_CCCR_TEST);
 476:Drivers/STM32G4xx_HAL_Driver/Src/stm32g4xx_hal_fdcan.c **** 
 477:Drivers/STM32G4xx_HAL_Driver/Src/stm32g4xx_hal_fdcan.c ****       /* Enable LoopBack mode */
 478:Drivers/STM32G4xx_HAL_Driver/Src/stm32g4xx_hal_fdcan.c ****       SET_BIT(hfdcan->Instance->TEST, FDCAN_TEST_LBCK);
 479:Drivers/STM32G4xx_HAL_Driver/Src/stm32g4xx_hal_fdcan.c **** 
 480:Drivers/STM32G4xx_HAL_Driver/Src/stm32g4xx_hal_fdcan.c ****       if (hfdcan->Init.Mode == FDCAN_MODE_INTERNAL_LOOPBACK)
 481:Drivers/STM32G4xx_HAL_Driver/Src/stm32g4xx_hal_fdcan.c ****       {
 482:Drivers/STM32G4xx_HAL_Driver/Src/stm32g4xx_hal_fdcan.c ****         SET_BIT(hfdcan->Instance->CCCR, FDCAN_CCCR_MON);
 483:Drivers/STM32G4xx_HAL_Driver/Src/stm32g4xx_hal_fdcan.c ****       }
 484:Drivers/STM32G4xx_HAL_Driver/Src/stm32g4xx_hal_fdcan.c ****     }
 485:Drivers/STM32G4xx_HAL_Driver/Src/stm32g4xx_hal_fdcan.c ****     else
 486:Drivers/STM32G4xx_HAL_Driver/Src/stm32g4xx_hal_fdcan.c ****     {
ARM GAS   			page 10


 487:Drivers/STM32G4xx_HAL_Driver/Src/stm32g4xx_hal_fdcan.c ****       /* Enable bus monitoring mode */
 488:Drivers/STM32G4xx_HAL_Driver/Src/stm32g4xx_hal_fdcan.c ****       SET_BIT(hfdcan->Instance->CCCR, FDCAN_CCCR_MON);
 489:Drivers/STM32G4xx_HAL_Driver/Src/stm32g4xx_hal_fdcan.c ****     }
 490:Drivers/STM32G4xx_HAL_Driver/Src/stm32g4xx_hal_fdcan.c ****   }
 491:Drivers/STM32G4xx_HAL_Driver/Src/stm32g4xx_hal_fdcan.c ****   else
 492:Drivers/STM32G4xx_HAL_Driver/Src/stm32g4xx_hal_fdcan.c ****   {
 493:Drivers/STM32G4xx_HAL_Driver/Src/stm32g4xx_hal_fdcan.c ****     /* Nothing to do: normal mode */
 494:Drivers/STM32G4xx_HAL_Driver/Src/stm32g4xx_hal_fdcan.c ****   }
 495:Drivers/STM32G4xx_HAL_Driver/Src/stm32g4xx_hal_fdcan.c **** 
 496:Drivers/STM32G4xx_HAL_Driver/Src/stm32g4xx_hal_fdcan.c ****   /* Set the nominal bit timing register */
 497:Drivers/STM32G4xx_HAL_Driver/Src/stm32g4xx_hal_fdcan.c ****   hfdcan->Instance->NBTP = ((((uint32_t)hfdcan->Init.NominalSyncJumpWidth - 1U) << FDCAN_NBTP_NSJW_
 498:Drivers/STM32G4xx_HAL_Driver/Src/stm32g4xx_hal_fdcan.c ****                             (((uint32_t)hfdcan->Init.NominalTimeSeg1 - 1U) << FDCAN_NBTP_NTSEG1_Pos
 499:Drivers/STM32G4xx_HAL_Driver/Src/stm32g4xx_hal_fdcan.c ****                             (((uint32_t)hfdcan->Init.NominalTimeSeg2 - 1U) << FDCAN_NBTP_NTSEG2_Pos
 500:Drivers/STM32G4xx_HAL_Driver/Src/stm32g4xx_hal_fdcan.c ****                             (((uint32_t)hfdcan->Init.NominalPrescaler - 1U) << FDCAN_NBTP_NBRP_Pos)
 501:Drivers/STM32G4xx_HAL_Driver/Src/stm32g4xx_hal_fdcan.c **** 
 502:Drivers/STM32G4xx_HAL_Driver/Src/stm32g4xx_hal_fdcan.c ****   /* If FD operation with BRS is selected, set the data bit timing register */
 503:Drivers/STM32G4xx_HAL_Driver/Src/stm32g4xx_hal_fdcan.c ****   if (hfdcan->Init.FrameFormat == FDCAN_FRAME_FD_BRS)
 504:Drivers/STM32G4xx_HAL_Driver/Src/stm32g4xx_hal_fdcan.c ****   {
 505:Drivers/STM32G4xx_HAL_Driver/Src/stm32g4xx_hal_fdcan.c ****     hfdcan->Instance->DBTP = ((((uint32_t)hfdcan->Init.DataSyncJumpWidth - 1U) << FDCAN_DBTP_DSJW_P
 506:Drivers/STM32G4xx_HAL_Driver/Src/stm32g4xx_hal_fdcan.c ****                               (((uint32_t)hfdcan->Init.DataTimeSeg1 - 1U) << FDCAN_DBTP_DTSEG1_Pos)
 507:Drivers/STM32G4xx_HAL_Driver/Src/stm32g4xx_hal_fdcan.c ****                               (((uint32_t)hfdcan->Init.DataTimeSeg2 - 1U) << FDCAN_DBTP_DTSEG2_Pos)
 508:Drivers/STM32G4xx_HAL_Driver/Src/stm32g4xx_hal_fdcan.c ****                               (((uint32_t)hfdcan->Init.DataPrescaler - 1U) << FDCAN_DBTP_DBRP_Pos))
 509:Drivers/STM32G4xx_HAL_Driver/Src/stm32g4xx_hal_fdcan.c ****   }
 510:Drivers/STM32G4xx_HAL_Driver/Src/stm32g4xx_hal_fdcan.c **** 
 511:Drivers/STM32G4xx_HAL_Driver/Src/stm32g4xx_hal_fdcan.c ****   /* Select between Tx FIFO and Tx Queue operation modes */
 512:Drivers/STM32G4xx_HAL_Driver/Src/stm32g4xx_hal_fdcan.c ****   SET_BIT(hfdcan->Instance->TXBC, hfdcan->Init.TxFifoQueueMode);
 513:Drivers/STM32G4xx_HAL_Driver/Src/stm32g4xx_hal_fdcan.c **** 
 514:Drivers/STM32G4xx_HAL_Driver/Src/stm32g4xx_hal_fdcan.c ****   /* Calculate each RAM block address */
 515:Drivers/STM32G4xx_HAL_Driver/Src/stm32g4xx_hal_fdcan.c ****   FDCAN_CalcultateRamBlockAddresses(hfdcan);
 516:Drivers/STM32G4xx_HAL_Driver/Src/stm32g4xx_hal_fdcan.c **** 
 517:Drivers/STM32G4xx_HAL_Driver/Src/stm32g4xx_hal_fdcan.c ****   /* Initialize the Latest Tx request buffer index */
 518:Drivers/STM32G4xx_HAL_Driver/Src/stm32g4xx_hal_fdcan.c ****   hfdcan->LatestTxFifoQRequest = 0U;
 519:Drivers/STM32G4xx_HAL_Driver/Src/stm32g4xx_hal_fdcan.c **** 
 520:Drivers/STM32G4xx_HAL_Driver/Src/stm32g4xx_hal_fdcan.c ****   /* Initialize the error code */
 521:Drivers/STM32G4xx_HAL_Driver/Src/stm32g4xx_hal_fdcan.c ****   hfdcan->ErrorCode = HAL_FDCAN_ERROR_NONE;
 522:Drivers/STM32G4xx_HAL_Driver/Src/stm32g4xx_hal_fdcan.c **** 
 523:Drivers/STM32G4xx_HAL_Driver/Src/stm32g4xx_hal_fdcan.c ****   /* Initialize the FDCAN state */
 524:Drivers/STM32G4xx_HAL_Driver/Src/stm32g4xx_hal_fdcan.c ****   hfdcan->State = HAL_FDCAN_STATE_READY;
 525:Drivers/STM32G4xx_HAL_Driver/Src/stm32g4xx_hal_fdcan.c **** 
 526:Drivers/STM32G4xx_HAL_Driver/Src/stm32g4xx_hal_fdcan.c ****   /* Return function status */
 527:Drivers/STM32G4xx_HAL_Driver/Src/stm32g4xx_hal_fdcan.c ****   return HAL_OK;
 528:Drivers/STM32G4xx_HAL_Driver/Src/stm32g4xx_hal_fdcan.c **** }
 529:Drivers/STM32G4xx_HAL_Driver/Src/stm32g4xx_hal_fdcan.c **** 
 530:Drivers/STM32G4xx_HAL_Driver/Src/stm32g4xx_hal_fdcan.c **** /**
 531:Drivers/STM32G4xx_HAL_Driver/Src/stm32g4xx_hal_fdcan.c ****   * @brief  Deinitializes the FDCAN peripheral registers to their default reset values.
 532:Drivers/STM32G4xx_HAL_Driver/Src/stm32g4xx_hal_fdcan.c ****   * @param  hfdcan pointer to an FDCAN_HandleTypeDef structure that contains
 533:Drivers/STM32G4xx_HAL_Driver/Src/stm32g4xx_hal_fdcan.c ****   *         the configuration information for the specified FDCAN.
 534:Drivers/STM32G4xx_HAL_Driver/Src/stm32g4xx_hal_fdcan.c ****   * @retval HAL status
 535:Drivers/STM32G4xx_HAL_Driver/Src/stm32g4xx_hal_fdcan.c ****   */
 536:Drivers/STM32G4xx_HAL_Driver/Src/stm32g4xx_hal_fdcan.c **** HAL_StatusTypeDef HAL_FDCAN_DeInit(FDCAN_HandleTypeDef *hfdcan)
 537:Drivers/STM32G4xx_HAL_Driver/Src/stm32g4xx_hal_fdcan.c **** {
 538:Drivers/STM32G4xx_HAL_Driver/Src/stm32g4xx_hal_fdcan.c ****   /* Check FDCAN handle */
 539:Drivers/STM32G4xx_HAL_Driver/Src/stm32g4xx_hal_fdcan.c ****   if (hfdcan == NULL)
 540:Drivers/STM32G4xx_HAL_Driver/Src/stm32g4xx_hal_fdcan.c ****   {
 541:Drivers/STM32G4xx_HAL_Driver/Src/stm32g4xx_hal_fdcan.c ****     return HAL_ERROR;
 542:Drivers/STM32G4xx_HAL_Driver/Src/stm32g4xx_hal_fdcan.c ****   }
 543:Drivers/STM32G4xx_HAL_Driver/Src/stm32g4xx_hal_fdcan.c **** 
ARM GAS   			page 11


 544:Drivers/STM32G4xx_HAL_Driver/Src/stm32g4xx_hal_fdcan.c ****   /* Check function parameters */
 545:Drivers/STM32G4xx_HAL_Driver/Src/stm32g4xx_hal_fdcan.c ****   assert_param(IS_FDCAN_ALL_INSTANCE(hfdcan->Instance));
 546:Drivers/STM32G4xx_HAL_Driver/Src/stm32g4xx_hal_fdcan.c **** 
 547:Drivers/STM32G4xx_HAL_Driver/Src/stm32g4xx_hal_fdcan.c ****   /* Stop the FDCAN module: return value is voluntary ignored */
 548:Drivers/STM32G4xx_HAL_Driver/Src/stm32g4xx_hal_fdcan.c ****   (void)HAL_FDCAN_Stop(hfdcan);
 549:Drivers/STM32G4xx_HAL_Driver/Src/stm32g4xx_hal_fdcan.c **** 
 550:Drivers/STM32G4xx_HAL_Driver/Src/stm32g4xx_hal_fdcan.c ****   /* Disable Interrupt lines */
 551:Drivers/STM32G4xx_HAL_Driver/Src/stm32g4xx_hal_fdcan.c ****   CLEAR_BIT(hfdcan->Instance->ILE, (FDCAN_INTERRUPT_LINE0 | FDCAN_INTERRUPT_LINE1));
 552:Drivers/STM32G4xx_HAL_Driver/Src/stm32g4xx_hal_fdcan.c **** 
 553:Drivers/STM32G4xx_HAL_Driver/Src/stm32g4xx_hal_fdcan.c **** #if USE_HAL_FDCAN_REGISTER_CALLBACKS == 1
 554:Drivers/STM32G4xx_HAL_Driver/Src/stm32g4xx_hal_fdcan.c ****   if (hfdcan->MspDeInitCallback == NULL)
 555:Drivers/STM32G4xx_HAL_Driver/Src/stm32g4xx_hal_fdcan.c ****   {
 556:Drivers/STM32G4xx_HAL_Driver/Src/stm32g4xx_hal_fdcan.c ****     hfdcan->MspDeInitCallback = HAL_FDCAN_MspDeInit; /* Legacy weak MspDeInit */
 557:Drivers/STM32G4xx_HAL_Driver/Src/stm32g4xx_hal_fdcan.c ****   }
 558:Drivers/STM32G4xx_HAL_Driver/Src/stm32g4xx_hal_fdcan.c **** 
 559:Drivers/STM32G4xx_HAL_Driver/Src/stm32g4xx_hal_fdcan.c ****   /* DeInit the low level hardware: CLOCK, NVIC */
 560:Drivers/STM32G4xx_HAL_Driver/Src/stm32g4xx_hal_fdcan.c ****   hfdcan->MspDeInitCallback(hfdcan);
 561:Drivers/STM32G4xx_HAL_Driver/Src/stm32g4xx_hal_fdcan.c **** #else
 562:Drivers/STM32G4xx_HAL_Driver/Src/stm32g4xx_hal_fdcan.c ****   /* DeInit the low level hardware: CLOCK, NVIC */
 563:Drivers/STM32G4xx_HAL_Driver/Src/stm32g4xx_hal_fdcan.c ****   HAL_FDCAN_MspDeInit(hfdcan);
 564:Drivers/STM32G4xx_HAL_Driver/Src/stm32g4xx_hal_fdcan.c **** #endif /* USE_HAL_FDCAN_REGISTER_CALLBACKS */
 565:Drivers/STM32G4xx_HAL_Driver/Src/stm32g4xx_hal_fdcan.c **** 
 566:Drivers/STM32G4xx_HAL_Driver/Src/stm32g4xx_hal_fdcan.c ****   /* Reset the FDCAN ErrorCode */
 567:Drivers/STM32G4xx_HAL_Driver/Src/stm32g4xx_hal_fdcan.c ****   hfdcan->ErrorCode = HAL_FDCAN_ERROR_NONE;
 568:Drivers/STM32G4xx_HAL_Driver/Src/stm32g4xx_hal_fdcan.c **** 
 569:Drivers/STM32G4xx_HAL_Driver/Src/stm32g4xx_hal_fdcan.c ****   /* Change FDCAN state */
 570:Drivers/STM32G4xx_HAL_Driver/Src/stm32g4xx_hal_fdcan.c ****   hfdcan->State = HAL_FDCAN_STATE_RESET;
 571:Drivers/STM32G4xx_HAL_Driver/Src/stm32g4xx_hal_fdcan.c **** 
 572:Drivers/STM32G4xx_HAL_Driver/Src/stm32g4xx_hal_fdcan.c ****   /* Return function status */
 573:Drivers/STM32G4xx_HAL_Driver/Src/stm32g4xx_hal_fdcan.c ****   return HAL_OK;
 574:Drivers/STM32G4xx_HAL_Driver/Src/stm32g4xx_hal_fdcan.c **** }
 575:Drivers/STM32G4xx_HAL_Driver/Src/stm32g4xx_hal_fdcan.c **** 
 576:Drivers/STM32G4xx_HAL_Driver/Src/stm32g4xx_hal_fdcan.c **** /**
 577:Drivers/STM32G4xx_HAL_Driver/Src/stm32g4xx_hal_fdcan.c ****   * @brief  Initializes the FDCAN MSP.
 578:Drivers/STM32G4xx_HAL_Driver/Src/stm32g4xx_hal_fdcan.c ****   * @param  hfdcan pointer to an FDCAN_HandleTypeDef structure that contains
 579:Drivers/STM32G4xx_HAL_Driver/Src/stm32g4xx_hal_fdcan.c ****   *         the configuration information for the specified FDCAN.
 580:Drivers/STM32G4xx_HAL_Driver/Src/stm32g4xx_hal_fdcan.c ****   * @retval None
 581:Drivers/STM32G4xx_HAL_Driver/Src/stm32g4xx_hal_fdcan.c ****   */
 582:Drivers/STM32G4xx_HAL_Driver/Src/stm32g4xx_hal_fdcan.c **** __weak void HAL_FDCAN_MspInit(FDCAN_HandleTypeDef *hfdcan)
 583:Drivers/STM32G4xx_HAL_Driver/Src/stm32g4xx_hal_fdcan.c **** {
  29              	 .loc 1 583 1 view-0
  30              	 .cfi_startproc
  31              	 
  32              	 
  33              	 
 584:Drivers/STM32G4xx_HAL_Driver/Src/stm32g4xx_hal_fdcan.c ****   /* Prevent unused argument(s) compilation warning */
 585:Drivers/STM32G4xx_HAL_Driver/Src/stm32g4xx_hal_fdcan.c ****   UNUSED(hfdcan);
  34              	 .loc 1 585 3 view .LVU1
 586:Drivers/STM32G4xx_HAL_Driver/Src/stm32g4xx_hal_fdcan.c ****   /* NOTE: This function Should not be modified, when the callback is needed,
 587:Drivers/STM32G4xx_HAL_Driver/Src/stm32g4xx_hal_fdcan.c ****             the HAL_FDCAN_MspInit could be implemented in the user file
 588:Drivers/STM32G4xx_HAL_Driver/Src/stm32g4xx_hal_fdcan.c ****    */
 589:Drivers/STM32G4xx_HAL_Driver/Src/stm32g4xx_hal_fdcan.c **** }
  35              	 .loc 1 589 1 is_stmt 0 view .LVU2
  36 0000 7047     	 bx lr
  37              	 .cfi_endproc
  38              	.LFE363:
  40 0002 00BF     	 .section .text.HAL_FDCAN_TxEventFifoCallback,"ax",%progbits
ARM GAS   			page 12


  41              	 .align 1
  42              	 .p2align 2,,3
  43              	 .weak HAL_FDCAN_TxEventFifoCallback
  44              	 .syntax unified
  45              	 .thumb
  46              	 .thumb_func
  48              	HAL_FDCAN_TxEventFifoCallback:
  49              	.LVL1:
  50              	.LFB422:
 590:Drivers/STM32G4xx_HAL_Driver/Src/stm32g4xx_hal_fdcan.c **** 
 591:Drivers/STM32G4xx_HAL_Driver/Src/stm32g4xx_hal_fdcan.c **** /**
 592:Drivers/STM32G4xx_HAL_Driver/Src/stm32g4xx_hal_fdcan.c ****   * @brief  DeInitializes the FDCAN MSP.
 593:Drivers/STM32G4xx_HAL_Driver/Src/stm32g4xx_hal_fdcan.c ****   * @param  hfdcan pointer to an FDCAN_HandleTypeDef structure that contains
 594:Drivers/STM32G4xx_HAL_Driver/Src/stm32g4xx_hal_fdcan.c ****   *         the configuration information for the specified FDCAN.
 595:Drivers/STM32G4xx_HAL_Driver/Src/stm32g4xx_hal_fdcan.c ****   * @retval None
 596:Drivers/STM32G4xx_HAL_Driver/Src/stm32g4xx_hal_fdcan.c ****   */
 597:Drivers/STM32G4xx_HAL_Driver/Src/stm32g4xx_hal_fdcan.c **** __weak void HAL_FDCAN_MspDeInit(FDCAN_HandleTypeDef *hfdcan)
 598:Drivers/STM32G4xx_HAL_Driver/Src/stm32g4xx_hal_fdcan.c **** {
 599:Drivers/STM32G4xx_HAL_Driver/Src/stm32g4xx_hal_fdcan.c ****   /* Prevent unused argument(s) compilation warning */
 600:Drivers/STM32G4xx_HAL_Driver/Src/stm32g4xx_hal_fdcan.c ****   UNUSED(hfdcan);
 601:Drivers/STM32G4xx_HAL_Driver/Src/stm32g4xx_hal_fdcan.c ****   /* NOTE: This function Should not be modified, when the callback is needed,
 602:Drivers/STM32G4xx_HAL_Driver/Src/stm32g4xx_hal_fdcan.c ****             the HAL_FDCAN_MspDeInit could be implemented in the user file
 603:Drivers/STM32G4xx_HAL_Driver/Src/stm32g4xx_hal_fdcan.c ****    */
 604:Drivers/STM32G4xx_HAL_Driver/Src/stm32g4xx_hal_fdcan.c **** }
 605:Drivers/STM32G4xx_HAL_Driver/Src/stm32g4xx_hal_fdcan.c **** 
 606:Drivers/STM32G4xx_HAL_Driver/Src/stm32g4xx_hal_fdcan.c **** /**
 607:Drivers/STM32G4xx_HAL_Driver/Src/stm32g4xx_hal_fdcan.c ****   * @brief  Enter FDCAN peripheral in sleep mode.
 608:Drivers/STM32G4xx_HAL_Driver/Src/stm32g4xx_hal_fdcan.c ****   * @param  hfdcan pointer to an FDCAN_HandleTypeDef structure that contains
 609:Drivers/STM32G4xx_HAL_Driver/Src/stm32g4xx_hal_fdcan.c ****   *         the configuration information for the specified FDCAN.
 610:Drivers/STM32G4xx_HAL_Driver/Src/stm32g4xx_hal_fdcan.c ****   * @retval HAL status
 611:Drivers/STM32G4xx_HAL_Driver/Src/stm32g4xx_hal_fdcan.c ****   */
 612:Drivers/STM32G4xx_HAL_Driver/Src/stm32g4xx_hal_fdcan.c **** HAL_StatusTypeDef HAL_FDCAN_EnterPowerDownMode(FDCAN_HandleTypeDef *hfdcan)
 613:Drivers/STM32G4xx_HAL_Driver/Src/stm32g4xx_hal_fdcan.c **** {
 614:Drivers/STM32G4xx_HAL_Driver/Src/stm32g4xx_hal_fdcan.c ****   uint32_t tickstart;
 615:Drivers/STM32G4xx_HAL_Driver/Src/stm32g4xx_hal_fdcan.c **** 
 616:Drivers/STM32G4xx_HAL_Driver/Src/stm32g4xx_hal_fdcan.c ****   /* Request clock stop */
 617:Drivers/STM32G4xx_HAL_Driver/Src/stm32g4xx_hal_fdcan.c ****   SET_BIT(hfdcan->Instance->CCCR, FDCAN_CCCR_CSR);
 618:Drivers/STM32G4xx_HAL_Driver/Src/stm32g4xx_hal_fdcan.c **** 
 619:Drivers/STM32G4xx_HAL_Driver/Src/stm32g4xx_hal_fdcan.c ****   /* Get tick */
 620:Drivers/STM32G4xx_HAL_Driver/Src/stm32g4xx_hal_fdcan.c ****   tickstart = HAL_GetTick();
 621:Drivers/STM32G4xx_HAL_Driver/Src/stm32g4xx_hal_fdcan.c **** 
 622:Drivers/STM32G4xx_HAL_Driver/Src/stm32g4xx_hal_fdcan.c ****   /* Wait until FDCAN is ready for power down */
 623:Drivers/STM32G4xx_HAL_Driver/Src/stm32g4xx_hal_fdcan.c ****   while ((hfdcan->Instance->CCCR & FDCAN_CCCR_CSA) == 0U)
 624:Drivers/STM32G4xx_HAL_Driver/Src/stm32g4xx_hal_fdcan.c ****   {
 625:Drivers/STM32G4xx_HAL_Driver/Src/stm32g4xx_hal_fdcan.c ****     if ((HAL_GetTick() - tickstart) > FDCAN_TIMEOUT_VALUE)
 626:Drivers/STM32G4xx_HAL_Driver/Src/stm32g4xx_hal_fdcan.c ****     {
 627:Drivers/STM32G4xx_HAL_Driver/Src/stm32g4xx_hal_fdcan.c ****       /* Update error code */
 628:Drivers/STM32G4xx_HAL_Driver/Src/stm32g4xx_hal_fdcan.c ****       hfdcan->ErrorCode |= HAL_FDCAN_ERROR_TIMEOUT;
 629:Drivers/STM32G4xx_HAL_Driver/Src/stm32g4xx_hal_fdcan.c **** 
 630:Drivers/STM32G4xx_HAL_Driver/Src/stm32g4xx_hal_fdcan.c ****       /* Change FDCAN state */
 631:Drivers/STM32G4xx_HAL_Driver/Src/stm32g4xx_hal_fdcan.c ****       hfdcan->State = HAL_FDCAN_STATE_ERROR;
 632:Drivers/STM32G4xx_HAL_Driver/Src/stm32g4xx_hal_fdcan.c **** 
 633:Drivers/STM32G4xx_HAL_Driver/Src/stm32g4xx_hal_fdcan.c ****       return HAL_ERROR;
 634:Drivers/STM32G4xx_HAL_Driver/Src/stm32g4xx_hal_fdcan.c ****     }
 635:Drivers/STM32G4xx_HAL_Driver/Src/stm32g4xx_hal_fdcan.c ****   }
 636:Drivers/STM32G4xx_HAL_Driver/Src/stm32g4xx_hal_fdcan.c **** 
 637:Drivers/STM32G4xx_HAL_Driver/Src/stm32g4xx_hal_fdcan.c ****   /* Return function status */
ARM GAS   			page 13


 638:Drivers/STM32G4xx_HAL_Driver/Src/stm32g4xx_hal_fdcan.c ****   return HAL_OK;
 639:Drivers/STM32G4xx_HAL_Driver/Src/stm32g4xx_hal_fdcan.c **** }
 640:Drivers/STM32G4xx_HAL_Driver/Src/stm32g4xx_hal_fdcan.c **** 
 641:Drivers/STM32G4xx_HAL_Driver/Src/stm32g4xx_hal_fdcan.c **** /**
 642:Drivers/STM32G4xx_HAL_Driver/Src/stm32g4xx_hal_fdcan.c ****   * @brief  Exit power down mode.
 643:Drivers/STM32G4xx_HAL_Driver/Src/stm32g4xx_hal_fdcan.c ****   * @param  hfdcan pointer to an FDCAN_HandleTypeDef structure that contains
 644:Drivers/STM32G4xx_HAL_Driver/Src/stm32g4xx_hal_fdcan.c ****   *         the configuration information for the specified FDCAN.
 645:Drivers/STM32G4xx_HAL_Driver/Src/stm32g4xx_hal_fdcan.c ****   * @retval HAL status
 646:Drivers/STM32G4xx_HAL_Driver/Src/stm32g4xx_hal_fdcan.c ****   */
 647:Drivers/STM32G4xx_HAL_Driver/Src/stm32g4xx_hal_fdcan.c **** HAL_StatusTypeDef HAL_FDCAN_ExitPowerDownMode(FDCAN_HandleTypeDef *hfdcan)
 648:Drivers/STM32G4xx_HAL_Driver/Src/stm32g4xx_hal_fdcan.c **** {
 649:Drivers/STM32G4xx_HAL_Driver/Src/stm32g4xx_hal_fdcan.c ****   uint32_t tickstart;
 650:Drivers/STM32G4xx_HAL_Driver/Src/stm32g4xx_hal_fdcan.c **** 
 651:Drivers/STM32G4xx_HAL_Driver/Src/stm32g4xx_hal_fdcan.c ****   /* Reset clock stop request */
 652:Drivers/STM32G4xx_HAL_Driver/Src/stm32g4xx_hal_fdcan.c ****   CLEAR_BIT(hfdcan->Instance->CCCR, FDCAN_CCCR_CSR);
 653:Drivers/STM32G4xx_HAL_Driver/Src/stm32g4xx_hal_fdcan.c **** 
 654:Drivers/STM32G4xx_HAL_Driver/Src/stm32g4xx_hal_fdcan.c ****   /* Get tick */
 655:Drivers/STM32G4xx_HAL_Driver/Src/stm32g4xx_hal_fdcan.c ****   tickstart = HAL_GetTick();
 656:Drivers/STM32G4xx_HAL_Driver/Src/stm32g4xx_hal_fdcan.c **** 
 657:Drivers/STM32G4xx_HAL_Driver/Src/stm32g4xx_hal_fdcan.c ****   /* Wait until FDCAN exits sleep mode */
 658:Drivers/STM32G4xx_HAL_Driver/Src/stm32g4xx_hal_fdcan.c ****   while ((hfdcan->Instance->CCCR & FDCAN_CCCR_CSA) == FDCAN_CCCR_CSA)
 659:Drivers/STM32G4xx_HAL_Driver/Src/stm32g4xx_hal_fdcan.c ****   {
 660:Drivers/STM32G4xx_HAL_Driver/Src/stm32g4xx_hal_fdcan.c ****     if ((HAL_GetTick() - tickstart) > FDCAN_TIMEOUT_VALUE)
 661:Drivers/STM32G4xx_HAL_Driver/Src/stm32g4xx_hal_fdcan.c ****     {
 662:Drivers/STM32G4xx_HAL_Driver/Src/stm32g4xx_hal_fdcan.c ****       /* Update error code */
 663:Drivers/STM32G4xx_HAL_Driver/Src/stm32g4xx_hal_fdcan.c ****       hfdcan->ErrorCode |= HAL_FDCAN_ERROR_TIMEOUT;
 664:Drivers/STM32G4xx_HAL_Driver/Src/stm32g4xx_hal_fdcan.c **** 
 665:Drivers/STM32G4xx_HAL_Driver/Src/stm32g4xx_hal_fdcan.c ****       /* Change FDCAN state */
 666:Drivers/STM32G4xx_HAL_Driver/Src/stm32g4xx_hal_fdcan.c ****       hfdcan->State = HAL_FDCAN_STATE_ERROR;
 667:Drivers/STM32G4xx_HAL_Driver/Src/stm32g4xx_hal_fdcan.c **** 
 668:Drivers/STM32G4xx_HAL_Driver/Src/stm32g4xx_hal_fdcan.c ****       return HAL_ERROR;
 669:Drivers/STM32G4xx_HAL_Driver/Src/stm32g4xx_hal_fdcan.c ****     }
 670:Drivers/STM32G4xx_HAL_Driver/Src/stm32g4xx_hal_fdcan.c ****   }
 671:Drivers/STM32G4xx_HAL_Driver/Src/stm32g4xx_hal_fdcan.c **** 
 672:Drivers/STM32G4xx_HAL_Driver/Src/stm32g4xx_hal_fdcan.c ****   /* Enter normal operation */
 673:Drivers/STM32G4xx_HAL_Driver/Src/stm32g4xx_hal_fdcan.c ****   CLEAR_BIT(hfdcan->Instance->CCCR, FDCAN_CCCR_INIT);
 674:Drivers/STM32G4xx_HAL_Driver/Src/stm32g4xx_hal_fdcan.c **** 
 675:Drivers/STM32G4xx_HAL_Driver/Src/stm32g4xx_hal_fdcan.c ****   /* Return function status */
 676:Drivers/STM32G4xx_HAL_Driver/Src/stm32g4xx_hal_fdcan.c ****   return HAL_OK;
 677:Drivers/STM32G4xx_HAL_Driver/Src/stm32g4xx_hal_fdcan.c **** }
 678:Drivers/STM32G4xx_HAL_Driver/Src/stm32g4xx_hal_fdcan.c **** 
 679:Drivers/STM32G4xx_HAL_Driver/Src/stm32g4xx_hal_fdcan.c **** #if USE_HAL_FDCAN_REGISTER_CALLBACKS == 1
 680:Drivers/STM32G4xx_HAL_Driver/Src/stm32g4xx_hal_fdcan.c **** /**
 681:Drivers/STM32G4xx_HAL_Driver/Src/stm32g4xx_hal_fdcan.c ****   * @brief  Register a FDCAN CallBack.
 682:Drivers/STM32G4xx_HAL_Driver/Src/stm32g4xx_hal_fdcan.c ****   *         To be used instead of the weak predefined callback
 683:Drivers/STM32G4xx_HAL_Driver/Src/stm32g4xx_hal_fdcan.c ****   * @param  hfdcan pointer to a FDCAN_HandleTypeDef structure that contains
 684:Drivers/STM32G4xx_HAL_Driver/Src/stm32g4xx_hal_fdcan.c ****   *         the configuration information for FDCAN module
 685:Drivers/STM32G4xx_HAL_Driver/Src/stm32g4xx_hal_fdcan.c ****   * @param  CallbackID ID of the callback to be registered
 686:Drivers/STM32G4xx_HAL_Driver/Src/stm32g4xx_hal_fdcan.c ****   *         This parameter can be one of the following values:
 687:Drivers/STM32G4xx_HAL_Driver/Src/stm32g4xx_hal_fdcan.c ****   *           @arg @ref HAL_FDCAN_TX_FIFO_EMPTY_CB_ID Tx Fifo Empty callback ID
 688:Drivers/STM32G4xx_HAL_Driver/Src/stm32g4xx_hal_fdcan.c ****   *           @arg @ref HAL_FDCAN_HIGH_PRIO_MESSAGE_CB_ID High priority message callback ID
 689:Drivers/STM32G4xx_HAL_Driver/Src/stm32g4xx_hal_fdcan.c ****   *           @arg @ref HAL_FDCAN_TIMESTAMP_WRAPAROUND_CB_ID Timestamp wraparound callback ID
 690:Drivers/STM32G4xx_HAL_Driver/Src/stm32g4xx_hal_fdcan.c ****   *           @arg @ref HAL_FDCAN_TIMEOUT_OCCURRED_CB_ID Timeout occurred callback ID
 691:Drivers/STM32G4xx_HAL_Driver/Src/stm32g4xx_hal_fdcan.c ****   *           @arg @ref HAL_FDCAN_ERROR_CALLBACK_CB_ID Error callback ID
 692:Drivers/STM32G4xx_HAL_Driver/Src/stm32g4xx_hal_fdcan.c ****   *           @arg @ref HAL_FDCAN_MSPINIT_CB_ID MspInit callback ID
 693:Drivers/STM32G4xx_HAL_Driver/Src/stm32g4xx_hal_fdcan.c ****   *           @arg @ref HAL_FDCAN_MSPDEINIT_CB_ID MspDeInit callback ID
 694:Drivers/STM32G4xx_HAL_Driver/Src/stm32g4xx_hal_fdcan.c ****   * @param  pCallback pointer to the Callback function
ARM GAS   			page 14


 695:Drivers/STM32G4xx_HAL_Driver/Src/stm32g4xx_hal_fdcan.c ****   * @retval HAL status
 696:Drivers/STM32G4xx_HAL_Driver/Src/stm32g4xx_hal_fdcan.c ****   */
 697:Drivers/STM32G4xx_HAL_Driver/Src/stm32g4xx_hal_fdcan.c **** HAL_StatusTypeDef HAL_FDCAN_RegisterCallback(FDCAN_HandleTypeDef *hfdcan, HAL_FDCAN_CallbackIDTypeD
 698:Drivers/STM32G4xx_HAL_Driver/Src/stm32g4xx_hal_fdcan.c ****                                              void (* pCallback)(FDCAN_HandleTypeDef *_hFDCAN))
 699:Drivers/STM32G4xx_HAL_Driver/Src/stm32g4xx_hal_fdcan.c **** {
 700:Drivers/STM32G4xx_HAL_Driver/Src/stm32g4xx_hal_fdcan.c ****   HAL_StatusTypeDef status = HAL_OK;
 701:Drivers/STM32G4xx_HAL_Driver/Src/stm32g4xx_hal_fdcan.c **** 
 702:Drivers/STM32G4xx_HAL_Driver/Src/stm32g4xx_hal_fdcan.c ****   if (pCallback == NULL)
 703:Drivers/STM32G4xx_HAL_Driver/Src/stm32g4xx_hal_fdcan.c ****   {
 704:Drivers/STM32G4xx_HAL_Driver/Src/stm32g4xx_hal_fdcan.c ****     /* Update the error code */
 705:Drivers/STM32G4xx_HAL_Driver/Src/stm32g4xx_hal_fdcan.c ****     hfdcan->ErrorCode |= HAL_FDCAN_ERROR_INVALID_CALLBACK;
 706:Drivers/STM32G4xx_HAL_Driver/Src/stm32g4xx_hal_fdcan.c **** 
 707:Drivers/STM32G4xx_HAL_Driver/Src/stm32g4xx_hal_fdcan.c ****     return HAL_ERROR;
 708:Drivers/STM32G4xx_HAL_Driver/Src/stm32g4xx_hal_fdcan.c ****   }
 709:Drivers/STM32G4xx_HAL_Driver/Src/stm32g4xx_hal_fdcan.c **** 
 710:Drivers/STM32G4xx_HAL_Driver/Src/stm32g4xx_hal_fdcan.c ****   if (hfdcan->State == HAL_FDCAN_STATE_READY)
 711:Drivers/STM32G4xx_HAL_Driver/Src/stm32g4xx_hal_fdcan.c ****   {
 712:Drivers/STM32G4xx_HAL_Driver/Src/stm32g4xx_hal_fdcan.c ****     switch (CallbackID)
 713:Drivers/STM32G4xx_HAL_Driver/Src/stm32g4xx_hal_fdcan.c ****     {
 714:Drivers/STM32G4xx_HAL_Driver/Src/stm32g4xx_hal_fdcan.c ****       case HAL_FDCAN_TX_FIFO_EMPTY_CB_ID :
 715:Drivers/STM32G4xx_HAL_Driver/Src/stm32g4xx_hal_fdcan.c ****         hfdcan->TxFifoEmptyCallback = pCallback;
 716:Drivers/STM32G4xx_HAL_Driver/Src/stm32g4xx_hal_fdcan.c ****         break;
 717:Drivers/STM32G4xx_HAL_Driver/Src/stm32g4xx_hal_fdcan.c **** 
 718:Drivers/STM32G4xx_HAL_Driver/Src/stm32g4xx_hal_fdcan.c ****       case HAL_FDCAN_HIGH_PRIO_MESSAGE_CB_ID :
 719:Drivers/STM32G4xx_HAL_Driver/Src/stm32g4xx_hal_fdcan.c ****         hfdcan->HighPriorityMessageCallback = pCallback;
 720:Drivers/STM32G4xx_HAL_Driver/Src/stm32g4xx_hal_fdcan.c ****         break;
 721:Drivers/STM32G4xx_HAL_Driver/Src/stm32g4xx_hal_fdcan.c **** 
 722:Drivers/STM32G4xx_HAL_Driver/Src/stm32g4xx_hal_fdcan.c ****       case HAL_FDCAN_TIMESTAMP_WRAPAROUND_CB_ID :
 723:Drivers/STM32G4xx_HAL_Driver/Src/stm32g4xx_hal_fdcan.c ****         hfdcan->TimestampWraparoundCallback = pCallback;
 724:Drivers/STM32G4xx_HAL_Driver/Src/stm32g4xx_hal_fdcan.c ****         break;
 725:Drivers/STM32G4xx_HAL_Driver/Src/stm32g4xx_hal_fdcan.c **** 
 726:Drivers/STM32G4xx_HAL_Driver/Src/stm32g4xx_hal_fdcan.c ****       case HAL_FDCAN_TIMEOUT_OCCURRED_CB_ID :
 727:Drivers/STM32G4xx_HAL_Driver/Src/stm32g4xx_hal_fdcan.c ****         hfdcan->TimeoutOccurredCallback = pCallback;
 728:Drivers/STM32G4xx_HAL_Driver/Src/stm32g4xx_hal_fdcan.c ****         break;
 729:Drivers/STM32G4xx_HAL_Driver/Src/stm32g4xx_hal_fdcan.c **** 
 730:Drivers/STM32G4xx_HAL_Driver/Src/stm32g4xx_hal_fdcan.c ****       case HAL_FDCAN_ERROR_CALLBACK_CB_ID :
 731:Drivers/STM32G4xx_HAL_Driver/Src/stm32g4xx_hal_fdcan.c ****         hfdcan->ErrorCallback = pCallback;
 732:Drivers/STM32G4xx_HAL_Driver/Src/stm32g4xx_hal_fdcan.c ****         break;
 733:Drivers/STM32G4xx_HAL_Driver/Src/stm32g4xx_hal_fdcan.c **** 
 734:Drivers/STM32G4xx_HAL_Driver/Src/stm32g4xx_hal_fdcan.c ****       case HAL_FDCAN_MSPINIT_CB_ID :
 735:Drivers/STM32G4xx_HAL_Driver/Src/stm32g4xx_hal_fdcan.c ****         hfdcan->MspInitCallback = pCallback;
 736:Drivers/STM32G4xx_HAL_Driver/Src/stm32g4xx_hal_fdcan.c ****         break;
 737:Drivers/STM32G4xx_HAL_Driver/Src/stm32g4xx_hal_fdcan.c **** 
 738:Drivers/STM32G4xx_HAL_Driver/Src/stm32g4xx_hal_fdcan.c ****       case HAL_FDCAN_MSPDEINIT_CB_ID :
 739:Drivers/STM32G4xx_HAL_Driver/Src/stm32g4xx_hal_fdcan.c ****         hfdcan->MspDeInitCallback = pCallback;
 740:Drivers/STM32G4xx_HAL_Driver/Src/stm32g4xx_hal_fdcan.c ****         break;
 741:Drivers/STM32G4xx_HAL_Driver/Src/stm32g4xx_hal_fdcan.c **** 
 742:Drivers/STM32G4xx_HAL_Driver/Src/stm32g4xx_hal_fdcan.c ****       default :
 743:Drivers/STM32G4xx_HAL_Driver/Src/stm32g4xx_hal_fdcan.c ****         /* Update the error code */
 744:Drivers/STM32G4xx_HAL_Driver/Src/stm32g4xx_hal_fdcan.c ****         hfdcan->ErrorCode |= HAL_FDCAN_ERROR_INVALID_CALLBACK;
 745:Drivers/STM32G4xx_HAL_Driver/Src/stm32g4xx_hal_fdcan.c **** 
 746:Drivers/STM32G4xx_HAL_Driver/Src/stm32g4xx_hal_fdcan.c ****         /* Return error status */
 747:Drivers/STM32G4xx_HAL_Driver/Src/stm32g4xx_hal_fdcan.c ****         status =  HAL_ERROR;
 748:Drivers/STM32G4xx_HAL_Driver/Src/stm32g4xx_hal_fdcan.c ****         break;
 749:Drivers/STM32G4xx_HAL_Driver/Src/stm32g4xx_hal_fdcan.c ****     }
 750:Drivers/STM32G4xx_HAL_Driver/Src/stm32g4xx_hal_fdcan.c ****   }
 751:Drivers/STM32G4xx_HAL_Driver/Src/stm32g4xx_hal_fdcan.c ****   else if (hfdcan->State == HAL_FDCAN_STATE_RESET)
ARM GAS   			page 15


 752:Drivers/STM32G4xx_HAL_Driver/Src/stm32g4xx_hal_fdcan.c ****   {
 753:Drivers/STM32G4xx_HAL_Driver/Src/stm32g4xx_hal_fdcan.c ****     switch (CallbackID)
 754:Drivers/STM32G4xx_HAL_Driver/Src/stm32g4xx_hal_fdcan.c ****     {
 755:Drivers/STM32G4xx_HAL_Driver/Src/stm32g4xx_hal_fdcan.c ****       case HAL_FDCAN_MSPINIT_CB_ID :
 756:Drivers/STM32G4xx_HAL_Driver/Src/stm32g4xx_hal_fdcan.c ****         hfdcan->MspInitCallback = pCallback;
 757:Drivers/STM32G4xx_HAL_Driver/Src/stm32g4xx_hal_fdcan.c ****         break;
 758:Drivers/STM32G4xx_HAL_Driver/Src/stm32g4xx_hal_fdcan.c **** 
 759:Drivers/STM32G4xx_HAL_Driver/Src/stm32g4xx_hal_fdcan.c ****       case HAL_FDCAN_MSPDEINIT_CB_ID :
 760:Drivers/STM32G4xx_HAL_Driver/Src/stm32g4xx_hal_fdcan.c ****         hfdcan->MspDeInitCallback = pCallback;
 761:Drivers/STM32G4xx_HAL_Driver/Src/stm32g4xx_hal_fdcan.c ****         break;
 762:Drivers/STM32G4xx_HAL_Driver/Src/stm32g4xx_hal_fdcan.c **** 
 763:Drivers/STM32G4xx_HAL_Driver/Src/stm32g4xx_hal_fdcan.c ****       default :
 764:Drivers/STM32G4xx_HAL_Driver/Src/stm32g4xx_hal_fdcan.c ****         /* Update the error code */
 765:Drivers/STM32G4xx_HAL_Driver/Src/stm32g4xx_hal_fdcan.c ****         hfdcan->ErrorCode |= HAL_FDCAN_ERROR_INVALID_CALLBACK;
 766:Drivers/STM32G4xx_HAL_Driver/Src/stm32g4xx_hal_fdcan.c **** 
 767:Drivers/STM32G4xx_HAL_Driver/Src/stm32g4xx_hal_fdcan.c ****         /* Return error status */
 768:Drivers/STM32G4xx_HAL_Driver/Src/stm32g4xx_hal_fdcan.c ****         status =  HAL_ERROR;
 769:Drivers/STM32G4xx_HAL_Driver/Src/stm32g4xx_hal_fdcan.c ****         break;
 770:Drivers/STM32G4xx_HAL_Driver/Src/stm32g4xx_hal_fdcan.c ****     }
 771:Drivers/STM32G4xx_HAL_Driver/Src/stm32g4xx_hal_fdcan.c ****   }
 772:Drivers/STM32G4xx_HAL_Driver/Src/stm32g4xx_hal_fdcan.c ****   else
 773:Drivers/STM32G4xx_HAL_Driver/Src/stm32g4xx_hal_fdcan.c ****   {
 774:Drivers/STM32G4xx_HAL_Driver/Src/stm32g4xx_hal_fdcan.c ****     /* Update the error code */
 775:Drivers/STM32G4xx_HAL_Driver/Src/stm32g4xx_hal_fdcan.c ****     hfdcan->ErrorCode |= HAL_FDCAN_ERROR_INVALID_CALLBACK;
 776:Drivers/STM32G4xx_HAL_Driver/Src/stm32g4xx_hal_fdcan.c **** 
 777:Drivers/STM32G4xx_HAL_Driver/Src/stm32g4xx_hal_fdcan.c ****     /* Return error status */
 778:Drivers/STM32G4xx_HAL_Driver/Src/stm32g4xx_hal_fdcan.c ****     status =  HAL_ERROR;
 779:Drivers/STM32G4xx_HAL_Driver/Src/stm32g4xx_hal_fdcan.c ****   }
 780:Drivers/STM32G4xx_HAL_Driver/Src/stm32g4xx_hal_fdcan.c **** 
 781:Drivers/STM32G4xx_HAL_Driver/Src/stm32g4xx_hal_fdcan.c ****   return status;
 782:Drivers/STM32G4xx_HAL_Driver/Src/stm32g4xx_hal_fdcan.c **** }
 783:Drivers/STM32G4xx_HAL_Driver/Src/stm32g4xx_hal_fdcan.c **** 
 784:Drivers/STM32G4xx_HAL_Driver/Src/stm32g4xx_hal_fdcan.c **** /**
 785:Drivers/STM32G4xx_HAL_Driver/Src/stm32g4xx_hal_fdcan.c ****   * @brief  Unregister a FDCAN CallBack.
 786:Drivers/STM32G4xx_HAL_Driver/Src/stm32g4xx_hal_fdcan.c ****   *         FDCAN callback is redirected to the weak predefined callback
 787:Drivers/STM32G4xx_HAL_Driver/Src/stm32g4xx_hal_fdcan.c ****   * @param  hfdcan pointer to a FDCAN_HandleTypeDef structure that contains
 788:Drivers/STM32G4xx_HAL_Driver/Src/stm32g4xx_hal_fdcan.c ****   *         the configuration information for FDCAN module
 789:Drivers/STM32G4xx_HAL_Driver/Src/stm32g4xx_hal_fdcan.c ****   * @param  CallbackID ID of the callback to be unregistered
 790:Drivers/STM32G4xx_HAL_Driver/Src/stm32g4xx_hal_fdcan.c ****   *         This parameter can be one of the following values:
 791:Drivers/STM32G4xx_HAL_Driver/Src/stm32g4xx_hal_fdcan.c ****   *           @arg @ref HAL_FDCAN_TX_FIFO_EMPTY_CB_ID Tx Fifo Empty callback ID
 792:Drivers/STM32G4xx_HAL_Driver/Src/stm32g4xx_hal_fdcan.c ****   *           @arg @ref HAL_FDCAN_HIGH_PRIO_MESSAGE_CB_ID High priority message callback ID
 793:Drivers/STM32G4xx_HAL_Driver/Src/stm32g4xx_hal_fdcan.c ****   *           @arg @ref HAL_FDCAN_TIMESTAMP_WRAPAROUND_CB_ID Timestamp wraparound callback ID
 794:Drivers/STM32G4xx_HAL_Driver/Src/stm32g4xx_hal_fdcan.c ****   *           @arg @ref HAL_FDCAN_TIMEOUT_OCCURRED_CB_ID Timeout occurred callback ID
 795:Drivers/STM32G4xx_HAL_Driver/Src/stm32g4xx_hal_fdcan.c ****   *           @arg @ref HAL_FDCAN_ERROR_CALLBACK_CB_ID Error callback ID
 796:Drivers/STM32G4xx_HAL_Driver/Src/stm32g4xx_hal_fdcan.c ****   *           @arg @ref HAL_FDCAN_MSPINIT_CB_ID MspInit callback ID
 797:Drivers/STM32G4xx_HAL_Driver/Src/stm32g4xx_hal_fdcan.c ****   *           @arg @ref HAL_FDCAN_MSPDEINIT_CB_ID MspDeInit callback ID
 798:Drivers/STM32G4xx_HAL_Driver/Src/stm32g4xx_hal_fdcan.c ****   * @retval HAL status
 799:Drivers/STM32G4xx_HAL_Driver/Src/stm32g4xx_hal_fdcan.c ****   */
 800:Drivers/STM32G4xx_HAL_Driver/Src/stm32g4xx_hal_fdcan.c **** HAL_StatusTypeDef HAL_FDCAN_UnRegisterCallback(FDCAN_HandleTypeDef *hfdcan, HAL_FDCAN_CallbackIDTyp
 801:Drivers/STM32G4xx_HAL_Driver/Src/stm32g4xx_hal_fdcan.c **** {
 802:Drivers/STM32G4xx_HAL_Driver/Src/stm32g4xx_hal_fdcan.c ****   HAL_StatusTypeDef status = HAL_OK;
 803:Drivers/STM32G4xx_HAL_Driver/Src/stm32g4xx_hal_fdcan.c **** 
 804:Drivers/STM32G4xx_HAL_Driver/Src/stm32g4xx_hal_fdcan.c ****   if (hfdcan->State == HAL_FDCAN_STATE_READY)
 805:Drivers/STM32G4xx_HAL_Driver/Src/stm32g4xx_hal_fdcan.c ****   {
 806:Drivers/STM32G4xx_HAL_Driver/Src/stm32g4xx_hal_fdcan.c ****     switch (CallbackID)
 807:Drivers/STM32G4xx_HAL_Driver/Src/stm32g4xx_hal_fdcan.c ****     {
 808:Drivers/STM32G4xx_HAL_Driver/Src/stm32g4xx_hal_fdcan.c ****       case HAL_FDCAN_TX_FIFO_EMPTY_CB_ID :
ARM GAS   			page 16


 809:Drivers/STM32G4xx_HAL_Driver/Src/stm32g4xx_hal_fdcan.c ****         hfdcan->TxFifoEmptyCallback = HAL_FDCAN_TxFifoEmptyCallback;
 810:Drivers/STM32G4xx_HAL_Driver/Src/stm32g4xx_hal_fdcan.c ****         break;
 811:Drivers/STM32G4xx_HAL_Driver/Src/stm32g4xx_hal_fdcan.c **** 
 812:Drivers/STM32G4xx_HAL_Driver/Src/stm32g4xx_hal_fdcan.c ****       case HAL_FDCAN_HIGH_PRIO_MESSAGE_CB_ID :
 813:Drivers/STM32G4xx_HAL_Driver/Src/stm32g4xx_hal_fdcan.c ****         hfdcan->HighPriorityMessageCallback = HAL_FDCAN_HighPriorityMessageCallback;
 814:Drivers/STM32G4xx_HAL_Driver/Src/stm32g4xx_hal_fdcan.c ****         break;
 815:Drivers/STM32G4xx_HAL_Driver/Src/stm32g4xx_hal_fdcan.c **** 
 816:Drivers/STM32G4xx_HAL_Driver/Src/stm32g4xx_hal_fdcan.c ****       case HAL_FDCAN_TIMESTAMP_WRAPAROUND_CB_ID :
 817:Drivers/STM32G4xx_HAL_Driver/Src/stm32g4xx_hal_fdcan.c ****         hfdcan->TimestampWraparoundCallback = HAL_FDCAN_TimestampWraparoundCallback;
 818:Drivers/STM32G4xx_HAL_Driver/Src/stm32g4xx_hal_fdcan.c ****         break;
 819:Drivers/STM32G4xx_HAL_Driver/Src/stm32g4xx_hal_fdcan.c **** 
 820:Drivers/STM32G4xx_HAL_Driver/Src/stm32g4xx_hal_fdcan.c ****       case HAL_FDCAN_TIMEOUT_OCCURRED_CB_ID :
 821:Drivers/STM32G4xx_HAL_Driver/Src/stm32g4xx_hal_fdcan.c ****         hfdcan->TimeoutOccurredCallback = HAL_FDCAN_TimeoutOccurredCallback;
 822:Drivers/STM32G4xx_HAL_Driver/Src/stm32g4xx_hal_fdcan.c ****         break;
 823:Drivers/STM32G4xx_HAL_Driver/Src/stm32g4xx_hal_fdcan.c **** 
 824:Drivers/STM32G4xx_HAL_Driver/Src/stm32g4xx_hal_fdcan.c ****       case HAL_FDCAN_ERROR_CALLBACK_CB_ID :
 825:Drivers/STM32G4xx_HAL_Driver/Src/stm32g4xx_hal_fdcan.c ****         hfdcan->ErrorCallback = HAL_FDCAN_ErrorCallback;
 826:Drivers/STM32G4xx_HAL_Driver/Src/stm32g4xx_hal_fdcan.c ****         break;
 827:Drivers/STM32G4xx_HAL_Driver/Src/stm32g4xx_hal_fdcan.c **** 
 828:Drivers/STM32G4xx_HAL_Driver/Src/stm32g4xx_hal_fdcan.c ****       case HAL_FDCAN_MSPINIT_CB_ID :
 829:Drivers/STM32G4xx_HAL_Driver/Src/stm32g4xx_hal_fdcan.c ****         hfdcan->MspInitCallback = HAL_FDCAN_MspInit;
 830:Drivers/STM32G4xx_HAL_Driver/Src/stm32g4xx_hal_fdcan.c ****         break;
 831:Drivers/STM32G4xx_HAL_Driver/Src/stm32g4xx_hal_fdcan.c **** 
 832:Drivers/STM32G4xx_HAL_Driver/Src/stm32g4xx_hal_fdcan.c ****       case HAL_FDCAN_MSPDEINIT_CB_ID :
 833:Drivers/STM32G4xx_HAL_Driver/Src/stm32g4xx_hal_fdcan.c ****         hfdcan->MspDeInitCallback = HAL_FDCAN_MspDeInit;
 834:Drivers/STM32G4xx_HAL_Driver/Src/stm32g4xx_hal_fdcan.c ****         break;
 835:Drivers/STM32G4xx_HAL_Driver/Src/stm32g4xx_hal_fdcan.c **** 
 836:Drivers/STM32G4xx_HAL_Driver/Src/stm32g4xx_hal_fdcan.c ****       default :
 837:Drivers/STM32G4xx_HAL_Driver/Src/stm32g4xx_hal_fdcan.c ****         /* Update the error code */
 838:Drivers/STM32G4xx_HAL_Driver/Src/stm32g4xx_hal_fdcan.c ****         hfdcan->ErrorCode |= HAL_FDCAN_ERROR_INVALID_CALLBACK;
 839:Drivers/STM32G4xx_HAL_Driver/Src/stm32g4xx_hal_fdcan.c **** 
 840:Drivers/STM32G4xx_HAL_Driver/Src/stm32g4xx_hal_fdcan.c ****         /* Return error status */
 841:Drivers/STM32G4xx_HAL_Driver/Src/stm32g4xx_hal_fdcan.c ****         status =  HAL_ERROR;
 842:Drivers/STM32G4xx_HAL_Driver/Src/stm32g4xx_hal_fdcan.c ****         break;
 843:Drivers/STM32G4xx_HAL_Driver/Src/stm32g4xx_hal_fdcan.c ****     }
 844:Drivers/STM32G4xx_HAL_Driver/Src/stm32g4xx_hal_fdcan.c ****   }
 845:Drivers/STM32G4xx_HAL_Driver/Src/stm32g4xx_hal_fdcan.c ****   else if (hfdcan->State == HAL_FDCAN_STATE_RESET)
 846:Drivers/STM32G4xx_HAL_Driver/Src/stm32g4xx_hal_fdcan.c ****   {
 847:Drivers/STM32G4xx_HAL_Driver/Src/stm32g4xx_hal_fdcan.c ****     switch (CallbackID)
 848:Drivers/STM32G4xx_HAL_Driver/Src/stm32g4xx_hal_fdcan.c ****     {
 849:Drivers/STM32G4xx_HAL_Driver/Src/stm32g4xx_hal_fdcan.c ****       case HAL_FDCAN_MSPINIT_CB_ID :
 850:Drivers/STM32G4xx_HAL_Driver/Src/stm32g4xx_hal_fdcan.c ****         hfdcan->MspInitCallback = HAL_FDCAN_MspInit;
 851:Drivers/STM32G4xx_HAL_Driver/Src/stm32g4xx_hal_fdcan.c ****         break;
 852:Drivers/STM32G4xx_HAL_Driver/Src/stm32g4xx_hal_fdcan.c **** 
 853:Drivers/STM32G4xx_HAL_Driver/Src/stm32g4xx_hal_fdcan.c ****       case HAL_FDCAN_MSPDEINIT_CB_ID :
 854:Drivers/STM32G4xx_HAL_Driver/Src/stm32g4xx_hal_fdcan.c ****         hfdcan->MspDeInitCallback = HAL_FDCAN_MspDeInit;
 855:Drivers/STM32G4xx_HAL_Driver/Src/stm32g4xx_hal_fdcan.c ****         break;
 856:Drivers/STM32G4xx_HAL_Driver/Src/stm32g4xx_hal_fdcan.c **** 
 857:Drivers/STM32G4xx_HAL_Driver/Src/stm32g4xx_hal_fdcan.c ****       default :
 858:Drivers/STM32G4xx_HAL_Driver/Src/stm32g4xx_hal_fdcan.c ****         /* Update the error code */
 859:Drivers/STM32G4xx_HAL_Driver/Src/stm32g4xx_hal_fdcan.c ****         hfdcan->ErrorCode |= HAL_FDCAN_ERROR_INVALID_CALLBACK;
 860:Drivers/STM32G4xx_HAL_Driver/Src/stm32g4xx_hal_fdcan.c **** 
 861:Drivers/STM32G4xx_HAL_Driver/Src/stm32g4xx_hal_fdcan.c ****         /* Return error status */
 862:Drivers/STM32G4xx_HAL_Driver/Src/stm32g4xx_hal_fdcan.c ****         status =  HAL_ERROR;
 863:Drivers/STM32G4xx_HAL_Driver/Src/stm32g4xx_hal_fdcan.c ****         break;
 864:Drivers/STM32G4xx_HAL_Driver/Src/stm32g4xx_hal_fdcan.c ****     }
 865:Drivers/STM32G4xx_HAL_Driver/Src/stm32g4xx_hal_fdcan.c ****   }
ARM GAS   			page 17


 866:Drivers/STM32G4xx_HAL_Driver/Src/stm32g4xx_hal_fdcan.c ****   else
 867:Drivers/STM32G4xx_HAL_Driver/Src/stm32g4xx_hal_fdcan.c ****   {
 868:Drivers/STM32G4xx_HAL_Driver/Src/stm32g4xx_hal_fdcan.c ****     /* Update the error code */
 869:Drivers/STM32G4xx_HAL_Driver/Src/stm32g4xx_hal_fdcan.c ****     hfdcan->ErrorCode |= HAL_FDCAN_ERROR_INVALID_CALLBACK;
 870:Drivers/STM32G4xx_HAL_Driver/Src/stm32g4xx_hal_fdcan.c **** 
 871:Drivers/STM32G4xx_HAL_Driver/Src/stm32g4xx_hal_fdcan.c ****     /* Return error status */
 872:Drivers/STM32G4xx_HAL_Driver/Src/stm32g4xx_hal_fdcan.c ****     status =  HAL_ERROR;
 873:Drivers/STM32G4xx_HAL_Driver/Src/stm32g4xx_hal_fdcan.c ****   }
 874:Drivers/STM32G4xx_HAL_Driver/Src/stm32g4xx_hal_fdcan.c **** 
 875:Drivers/STM32G4xx_HAL_Driver/Src/stm32g4xx_hal_fdcan.c ****   return status;
 876:Drivers/STM32G4xx_HAL_Driver/Src/stm32g4xx_hal_fdcan.c **** }
 877:Drivers/STM32G4xx_HAL_Driver/Src/stm32g4xx_hal_fdcan.c **** 
 878:Drivers/STM32G4xx_HAL_Driver/Src/stm32g4xx_hal_fdcan.c **** /**
 879:Drivers/STM32G4xx_HAL_Driver/Src/stm32g4xx_hal_fdcan.c ****   * @brief  Register Tx Event Fifo FDCAN Callback
 880:Drivers/STM32G4xx_HAL_Driver/Src/stm32g4xx_hal_fdcan.c ****   *         To be used instead of the weak HAL_FDCAN_TxEventFifoCallback() predefined callback
 881:Drivers/STM32G4xx_HAL_Driver/Src/stm32g4xx_hal_fdcan.c ****   * @param  hfdcan FDCAN handle
 882:Drivers/STM32G4xx_HAL_Driver/Src/stm32g4xx_hal_fdcan.c ****   * @param  pCallback pointer to the Tx Event Fifo Callback function
 883:Drivers/STM32G4xx_HAL_Driver/Src/stm32g4xx_hal_fdcan.c ****   * @retval HAL status
 884:Drivers/STM32G4xx_HAL_Driver/Src/stm32g4xx_hal_fdcan.c ****   */
 885:Drivers/STM32G4xx_HAL_Driver/Src/stm32g4xx_hal_fdcan.c **** HAL_StatusTypeDef HAL_FDCAN_RegisterTxEventFifoCallback(FDCAN_HandleTypeDef *hfdcan,
 886:Drivers/STM32G4xx_HAL_Driver/Src/stm32g4xx_hal_fdcan.c ****                                                         pFDCAN_TxEventFifoCallbackTypeDef pCallback
 887:Drivers/STM32G4xx_HAL_Driver/Src/stm32g4xx_hal_fdcan.c **** {
 888:Drivers/STM32G4xx_HAL_Driver/Src/stm32g4xx_hal_fdcan.c ****   HAL_StatusTypeDef status = HAL_OK;
 889:Drivers/STM32G4xx_HAL_Driver/Src/stm32g4xx_hal_fdcan.c **** 
 890:Drivers/STM32G4xx_HAL_Driver/Src/stm32g4xx_hal_fdcan.c ****   if (pCallback == NULL)
 891:Drivers/STM32G4xx_HAL_Driver/Src/stm32g4xx_hal_fdcan.c ****   {
 892:Drivers/STM32G4xx_HAL_Driver/Src/stm32g4xx_hal_fdcan.c ****     /* Update the error code */
 893:Drivers/STM32G4xx_HAL_Driver/Src/stm32g4xx_hal_fdcan.c ****     hfdcan->ErrorCode |= HAL_FDCAN_ERROR_INVALID_CALLBACK;
 894:Drivers/STM32G4xx_HAL_Driver/Src/stm32g4xx_hal_fdcan.c ****     return HAL_ERROR;
 895:Drivers/STM32G4xx_HAL_Driver/Src/stm32g4xx_hal_fdcan.c ****   }
 896:Drivers/STM32G4xx_HAL_Driver/Src/stm32g4xx_hal_fdcan.c **** 
 897:Drivers/STM32G4xx_HAL_Driver/Src/stm32g4xx_hal_fdcan.c ****   if (hfdcan->State == HAL_FDCAN_STATE_READY)
 898:Drivers/STM32G4xx_HAL_Driver/Src/stm32g4xx_hal_fdcan.c ****   {
 899:Drivers/STM32G4xx_HAL_Driver/Src/stm32g4xx_hal_fdcan.c ****     hfdcan->TxEventFifoCallback = pCallback;
 900:Drivers/STM32G4xx_HAL_Driver/Src/stm32g4xx_hal_fdcan.c ****   }
 901:Drivers/STM32G4xx_HAL_Driver/Src/stm32g4xx_hal_fdcan.c ****   else
 902:Drivers/STM32G4xx_HAL_Driver/Src/stm32g4xx_hal_fdcan.c ****   {
 903:Drivers/STM32G4xx_HAL_Driver/Src/stm32g4xx_hal_fdcan.c ****     /* Update the error code */
 904:Drivers/STM32G4xx_HAL_Driver/Src/stm32g4xx_hal_fdcan.c ****     hfdcan->ErrorCode |= HAL_FDCAN_ERROR_INVALID_CALLBACK;
 905:Drivers/STM32G4xx_HAL_Driver/Src/stm32g4xx_hal_fdcan.c **** 
 906:Drivers/STM32G4xx_HAL_Driver/Src/stm32g4xx_hal_fdcan.c ****     /* Return error status */
 907:Drivers/STM32G4xx_HAL_Driver/Src/stm32g4xx_hal_fdcan.c ****     status =  HAL_ERROR;
 908:Drivers/STM32G4xx_HAL_Driver/Src/stm32g4xx_hal_fdcan.c ****   }
 909:Drivers/STM32G4xx_HAL_Driver/Src/stm32g4xx_hal_fdcan.c **** 
 910:Drivers/STM32G4xx_HAL_Driver/Src/stm32g4xx_hal_fdcan.c ****   return status;
 911:Drivers/STM32G4xx_HAL_Driver/Src/stm32g4xx_hal_fdcan.c **** }
 912:Drivers/STM32G4xx_HAL_Driver/Src/stm32g4xx_hal_fdcan.c **** 
 913:Drivers/STM32G4xx_HAL_Driver/Src/stm32g4xx_hal_fdcan.c **** /**
 914:Drivers/STM32G4xx_HAL_Driver/Src/stm32g4xx_hal_fdcan.c ****   * @brief  UnRegister the Tx Event Fifo FDCAN Callback
 915:Drivers/STM32G4xx_HAL_Driver/Src/stm32g4xx_hal_fdcan.c ****   *         Tx Event Fifo FDCAN Callback is redirected to the weak HAL_FDCAN_TxEventFifoCallback() 
 916:Drivers/STM32G4xx_HAL_Driver/Src/stm32g4xx_hal_fdcan.c ****   * @param  hfdcan FDCAN handle
 917:Drivers/STM32G4xx_HAL_Driver/Src/stm32g4xx_hal_fdcan.c ****   * @retval HAL status
 918:Drivers/STM32G4xx_HAL_Driver/Src/stm32g4xx_hal_fdcan.c ****   */
 919:Drivers/STM32G4xx_HAL_Driver/Src/stm32g4xx_hal_fdcan.c **** HAL_StatusTypeDef HAL_FDCAN_UnRegisterTxEventFifoCallback(FDCAN_HandleTypeDef *hfdcan)
 920:Drivers/STM32G4xx_HAL_Driver/Src/stm32g4xx_hal_fdcan.c **** {
 921:Drivers/STM32G4xx_HAL_Driver/Src/stm32g4xx_hal_fdcan.c ****   HAL_StatusTypeDef status = HAL_OK;
 922:Drivers/STM32G4xx_HAL_Driver/Src/stm32g4xx_hal_fdcan.c **** 
ARM GAS   			page 18


 923:Drivers/STM32G4xx_HAL_Driver/Src/stm32g4xx_hal_fdcan.c ****   if (hfdcan->State == HAL_FDCAN_STATE_READY)
 924:Drivers/STM32G4xx_HAL_Driver/Src/stm32g4xx_hal_fdcan.c ****   {
 925:Drivers/STM32G4xx_HAL_Driver/Src/stm32g4xx_hal_fdcan.c ****     hfdcan->TxEventFifoCallback = HAL_FDCAN_TxEventFifoCallback; /* Legacy weak TxEventFifoCallback
 926:Drivers/STM32G4xx_HAL_Driver/Src/stm32g4xx_hal_fdcan.c ****   }
 927:Drivers/STM32G4xx_HAL_Driver/Src/stm32g4xx_hal_fdcan.c ****   else
 928:Drivers/STM32G4xx_HAL_Driver/Src/stm32g4xx_hal_fdcan.c ****   {
 929:Drivers/STM32G4xx_HAL_Driver/Src/stm32g4xx_hal_fdcan.c ****     /* Update the error code */
 930:Drivers/STM32G4xx_HAL_Driver/Src/stm32g4xx_hal_fdcan.c ****     hfdcan->ErrorCode |= HAL_FDCAN_ERROR_INVALID_CALLBACK;
 931:Drivers/STM32G4xx_HAL_Driver/Src/stm32g4xx_hal_fdcan.c **** 
 932:Drivers/STM32G4xx_HAL_Driver/Src/stm32g4xx_hal_fdcan.c ****     /* Return error status */
 933:Drivers/STM32G4xx_HAL_Driver/Src/stm32g4xx_hal_fdcan.c ****     status =  HAL_ERROR;
 934:Drivers/STM32G4xx_HAL_Driver/Src/stm32g4xx_hal_fdcan.c ****   }
 935:Drivers/STM32G4xx_HAL_Driver/Src/stm32g4xx_hal_fdcan.c **** 
 936:Drivers/STM32G4xx_HAL_Driver/Src/stm32g4xx_hal_fdcan.c ****   return status;
 937:Drivers/STM32G4xx_HAL_Driver/Src/stm32g4xx_hal_fdcan.c **** }
 938:Drivers/STM32G4xx_HAL_Driver/Src/stm32g4xx_hal_fdcan.c **** 
 939:Drivers/STM32G4xx_HAL_Driver/Src/stm32g4xx_hal_fdcan.c **** /**
 940:Drivers/STM32G4xx_HAL_Driver/Src/stm32g4xx_hal_fdcan.c ****   * @brief  Register Rx Fifo 0 FDCAN Callback
 941:Drivers/STM32G4xx_HAL_Driver/Src/stm32g4xx_hal_fdcan.c ****   *         To be used instead of the weak HAL_FDCAN_RxFifo0Callback() predefined callback
 942:Drivers/STM32G4xx_HAL_Driver/Src/stm32g4xx_hal_fdcan.c ****   * @param  hfdcan FDCAN handle
 943:Drivers/STM32G4xx_HAL_Driver/Src/stm32g4xx_hal_fdcan.c ****   * @param  pCallback pointer to the Rx Fifo 0 Callback function
 944:Drivers/STM32G4xx_HAL_Driver/Src/stm32g4xx_hal_fdcan.c ****   * @retval HAL status
 945:Drivers/STM32G4xx_HAL_Driver/Src/stm32g4xx_hal_fdcan.c ****   */
 946:Drivers/STM32G4xx_HAL_Driver/Src/stm32g4xx_hal_fdcan.c **** HAL_StatusTypeDef HAL_FDCAN_RegisterRxFifo0Callback(FDCAN_HandleTypeDef *hfdcan,
 947:Drivers/STM32G4xx_HAL_Driver/Src/stm32g4xx_hal_fdcan.c ****                                                     pFDCAN_RxFifo0CallbackTypeDef pCallback)
 948:Drivers/STM32G4xx_HAL_Driver/Src/stm32g4xx_hal_fdcan.c **** {
 949:Drivers/STM32G4xx_HAL_Driver/Src/stm32g4xx_hal_fdcan.c ****   HAL_StatusTypeDef status = HAL_OK;
 950:Drivers/STM32G4xx_HAL_Driver/Src/stm32g4xx_hal_fdcan.c **** 
 951:Drivers/STM32G4xx_HAL_Driver/Src/stm32g4xx_hal_fdcan.c ****   if (pCallback == NULL)
 952:Drivers/STM32G4xx_HAL_Driver/Src/stm32g4xx_hal_fdcan.c ****   {
 953:Drivers/STM32G4xx_HAL_Driver/Src/stm32g4xx_hal_fdcan.c ****     /* Update the error code */
 954:Drivers/STM32G4xx_HAL_Driver/Src/stm32g4xx_hal_fdcan.c ****     hfdcan->ErrorCode |= HAL_FDCAN_ERROR_INVALID_CALLBACK;
 955:Drivers/STM32G4xx_HAL_Driver/Src/stm32g4xx_hal_fdcan.c ****     return HAL_ERROR;
 956:Drivers/STM32G4xx_HAL_Driver/Src/stm32g4xx_hal_fdcan.c ****   }
 957:Drivers/STM32G4xx_HAL_Driver/Src/stm32g4xx_hal_fdcan.c **** 
 958:Drivers/STM32G4xx_HAL_Driver/Src/stm32g4xx_hal_fdcan.c ****   if (hfdcan->State == HAL_FDCAN_STATE_READY)
 959:Drivers/STM32G4xx_HAL_Driver/Src/stm32g4xx_hal_fdcan.c ****   {
 960:Drivers/STM32G4xx_HAL_Driver/Src/stm32g4xx_hal_fdcan.c ****     hfdcan->RxFifo0Callback = pCallback;
 961:Drivers/STM32G4xx_HAL_Driver/Src/stm32g4xx_hal_fdcan.c ****   }
 962:Drivers/STM32G4xx_HAL_Driver/Src/stm32g4xx_hal_fdcan.c ****   else
 963:Drivers/STM32G4xx_HAL_Driver/Src/stm32g4xx_hal_fdcan.c ****   {
 964:Drivers/STM32G4xx_HAL_Driver/Src/stm32g4xx_hal_fdcan.c ****     /* Update the error code */
 965:Drivers/STM32G4xx_HAL_Driver/Src/stm32g4xx_hal_fdcan.c ****     hfdcan->ErrorCode |= HAL_FDCAN_ERROR_INVALID_CALLBACK;
 966:Drivers/STM32G4xx_HAL_Driver/Src/stm32g4xx_hal_fdcan.c **** 
 967:Drivers/STM32G4xx_HAL_Driver/Src/stm32g4xx_hal_fdcan.c ****     /* Return error status */
 968:Drivers/STM32G4xx_HAL_Driver/Src/stm32g4xx_hal_fdcan.c ****     status =  HAL_ERROR;
 969:Drivers/STM32G4xx_HAL_Driver/Src/stm32g4xx_hal_fdcan.c ****   }
 970:Drivers/STM32G4xx_HAL_Driver/Src/stm32g4xx_hal_fdcan.c **** 
 971:Drivers/STM32G4xx_HAL_Driver/Src/stm32g4xx_hal_fdcan.c ****   return status;
 972:Drivers/STM32G4xx_HAL_Driver/Src/stm32g4xx_hal_fdcan.c **** }
 973:Drivers/STM32G4xx_HAL_Driver/Src/stm32g4xx_hal_fdcan.c **** 
 974:Drivers/STM32G4xx_HAL_Driver/Src/stm32g4xx_hal_fdcan.c **** /**
 975:Drivers/STM32G4xx_HAL_Driver/Src/stm32g4xx_hal_fdcan.c ****   * @brief  UnRegister the Rx Fifo 0 FDCAN Callback
 976:Drivers/STM32G4xx_HAL_Driver/Src/stm32g4xx_hal_fdcan.c ****   *         Rx Fifo 0 FDCAN Callback is redirected to the weak HAL_FDCAN_RxFifo0Callback() predefin
 977:Drivers/STM32G4xx_HAL_Driver/Src/stm32g4xx_hal_fdcan.c ****   * @param  hfdcan FDCAN handle
 978:Drivers/STM32G4xx_HAL_Driver/Src/stm32g4xx_hal_fdcan.c ****   * @retval HAL status
 979:Drivers/STM32G4xx_HAL_Driver/Src/stm32g4xx_hal_fdcan.c ****   */
ARM GAS   			page 19


 980:Drivers/STM32G4xx_HAL_Driver/Src/stm32g4xx_hal_fdcan.c **** HAL_StatusTypeDef HAL_FDCAN_UnRegisterRxFifo0Callback(FDCAN_HandleTypeDef *hfdcan)
 981:Drivers/STM32G4xx_HAL_Driver/Src/stm32g4xx_hal_fdcan.c **** {
 982:Drivers/STM32G4xx_HAL_Driver/Src/stm32g4xx_hal_fdcan.c ****   HAL_StatusTypeDef status = HAL_OK;
 983:Drivers/STM32G4xx_HAL_Driver/Src/stm32g4xx_hal_fdcan.c **** 
 984:Drivers/STM32G4xx_HAL_Driver/Src/stm32g4xx_hal_fdcan.c ****   if (hfdcan->State == HAL_FDCAN_STATE_READY)
 985:Drivers/STM32G4xx_HAL_Driver/Src/stm32g4xx_hal_fdcan.c ****   {
 986:Drivers/STM32G4xx_HAL_Driver/Src/stm32g4xx_hal_fdcan.c ****     hfdcan->RxFifo0Callback = HAL_FDCAN_RxFifo0Callback; /* Legacy weak RxFifo0Callback  */
 987:Drivers/STM32G4xx_HAL_Driver/Src/stm32g4xx_hal_fdcan.c ****   }
 988:Drivers/STM32G4xx_HAL_Driver/Src/stm32g4xx_hal_fdcan.c ****   else
 989:Drivers/STM32G4xx_HAL_Driver/Src/stm32g4xx_hal_fdcan.c ****   {
 990:Drivers/STM32G4xx_HAL_Driver/Src/stm32g4xx_hal_fdcan.c ****     /* Update the error code */
 991:Drivers/STM32G4xx_HAL_Driver/Src/stm32g4xx_hal_fdcan.c ****     hfdcan->ErrorCode |= HAL_FDCAN_ERROR_INVALID_CALLBACK;
 992:Drivers/STM32G4xx_HAL_Driver/Src/stm32g4xx_hal_fdcan.c **** 
 993:Drivers/STM32G4xx_HAL_Driver/Src/stm32g4xx_hal_fdcan.c ****     /* Return error status */
 994:Drivers/STM32G4xx_HAL_Driver/Src/stm32g4xx_hal_fdcan.c ****     status =  HAL_ERROR;
 995:Drivers/STM32G4xx_HAL_Driver/Src/stm32g4xx_hal_fdcan.c ****   }
 996:Drivers/STM32G4xx_HAL_Driver/Src/stm32g4xx_hal_fdcan.c **** 
 997:Drivers/STM32G4xx_HAL_Driver/Src/stm32g4xx_hal_fdcan.c ****   return status;
 998:Drivers/STM32G4xx_HAL_Driver/Src/stm32g4xx_hal_fdcan.c **** }
 999:Drivers/STM32G4xx_HAL_Driver/Src/stm32g4xx_hal_fdcan.c **** 
1000:Drivers/STM32G4xx_HAL_Driver/Src/stm32g4xx_hal_fdcan.c **** /**
1001:Drivers/STM32G4xx_HAL_Driver/Src/stm32g4xx_hal_fdcan.c ****   * @brief  Register Rx Fifo 1 FDCAN Callback
1002:Drivers/STM32G4xx_HAL_Driver/Src/stm32g4xx_hal_fdcan.c ****   *         To be used instead of the weak HAL_FDCAN_RxFifo1Callback() predefined callback
1003:Drivers/STM32G4xx_HAL_Driver/Src/stm32g4xx_hal_fdcan.c ****   * @param  hfdcan FDCAN handle
1004:Drivers/STM32G4xx_HAL_Driver/Src/stm32g4xx_hal_fdcan.c ****   * @param  pCallback pointer to the Rx Fifo 1 Callback function
1005:Drivers/STM32G4xx_HAL_Driver/Src/stm32g4xx_hal_fdcan.c ****   * @retval HAL status
1006:Drivers/STM32G4xx_HAL_Driver/Src/stm32g4xx_hal_fdcan.c ****   */
1007:Drivers/STM32G4xx_HAL_Driver/Src/stm32g4xx_hal_fdcan.c **** HAL_StatusTypeDef HAL_FDCAN_RegisterRxFifo1Callback(FDCAN_HandleTypeDef *hfdcan,
1008:Drivers/STM32G4xx_HAL_Driver/Src/stm32g4xx_hal_fdcan.c ****                                                     pFDCAN_RxFifo1CallbackTypeDef pCallback)
1009:Drivers/STM32G4xx_HAL_Driver/Src/stm32g4xx_hal_fdcan.c **** {
1010:Drivers/STM32G4xx_HAL_Driver/Src/stm32g4xx_hal_fdcan.c ****   HAL_StatusTypeDef status = HAL_OK;
1011:Drivers/STM32G4xx_HAL_Driver/Src/stm32g4xx_hal_fdcan.c **** 
1012:Drivers/STM32G4xx_HAL_Driver/Src/stm32g4xx_hal_fdcan.c ****   if (pCallback == NULL)
1013:Drivers/STM32G4xx_HAL_Driver/Src/stm32g4xx_hal_fdcan.c ****   {
1014:Drivers/STM32G4xx_HAL_Driver/Src/stm32g4xx_hal_fdcan.c ****     /* Update the error code */
1015:Drivers/STM32G4xx_HAL_Driver/Src/stm32g4xx_hal_fdcan.c ****     hfdcan->ErrorCode |= HAL_FDCAN_ERROR_INVALID_CALLBACK;
1016:Drivers/STM32G4xx_HAL_Driver/Src/stm32g4xx_hal_fdcan.c ****     return HAL_ERROR;
1017:Drivers/STM32G4xx_HAL_Driver/Src/stm32g4xx_hal_fdcan.c ****   }
1018:Drivers/STM32G4xx_HAL_Driver/Src/stm32g4xx_hal_fdcan.c **** 
1019:Drivers/STM32G4xx_HAL_Driver/Src/stm32g4xx_hal_fdcan.c ****   if (hfdcan->State == HAL_FDCAN_STATE_READY)
1020:Drivers/STM32G4xx_HAL_Driver/Src/stm32g4xx_hal_fdcan.c ****   {
1021:Drivers/STM32G4xx_HAL_Driver/Src/stm32g4xx_hal_fdcan.c ****     hfdcan->RxFifo1Callback = pCallback;
1022:Drivers/STM32G4xx_HAL_Driver/Src/stm32g4xx_hal_fdcan.c ****   }
1023:Drivers/STM32G4xx_HAL_Driver/Src/stm32g4xx_hal_fdcan.c ****   else
1024:Drivers/STM32G4xx_HAL_Driver/Src/stm32g4xx_hal_fdcan.c ****   {
1025:Drivers/STM32G4xx_HAL_Driver/Src/stm32g4xx_hal_fdcan.c ****     /* Update the error code */
1026:Drivers/STM32G4xx_HAL_Driver/Src/stm32g4xx_hal_fdcan.c ****     hfdcan->ErrorCode |= HAL_FDCAN_ERROR_INVALID_CALLBACK;
1027:Drivers/STM32G4xx_HAL_Driver/Src/stm32g4xx_hal_fdcan.c **** 
1028:Drivers/STM32G4xx_HAL_Driver/Src/stm32g4xx_hal_fdcan.c ****     /* Return error status */
1029:Drivers/STM32G4xx_HAL_Driver/Src/stm32g4xx_hal_fdcan.c ****     status =  HAL_ERROR;
1030:Drivers/STM32G4xx_HAL_Driver/Src/stm32g4xx_hal_fdcan.c ****   }
1031:Drivers/STM32G4xx_HAL_Driver/Src/stm32g4xx_hal_fdcan.c **** 
1032:Drivers/STM32G4xx_HAL_Driver/Src/stm32g4xx_hal_fdcan.c ****   return status;
1033:Drivers/STM32G4xx_HAL_Driver/Src/stm32g4xx_hal_fdcan.c **** }
1034:Drivers/STM32G4xx_HAL_Driver/Src/stm32g4xx_hal_fdcan.c **** 
1035:Drivers/STM32G4xx_HAL_Driver/Src/stm32g4xx_hal_fdcan.c **** /**
1036:Drivers/STM32G4xx_HAL_Driver/Src/stm32g4xx_hal_fdcan.c ****   * @brief  UnRegister the Rx Fifo 1 FDCAN Callback
ARM GAS   			page 20


1037:Drivers/STM32G4xx_HAL_Driver/Src/stm32g4xx_hal_fdcan.c ****   *         Rx Fifo 1 FDCAN Callback is redirected to the weak HAL_FDCAN_RxFifo1Callback() predefin
1038:Drivers/STM32G4xx_HAL_Driver/Src/stm32g4xx_hal_fdcan.c ****   * @param  hfdcan FDCAN handle
1039:Drivers/STM32G4xx_HAL_Driver/Src/stm32g4xx_hal_fdcan.c ****   * @retval HAL status
1040:Drivers/STM32G4xx_HAL_Driver/Src/stm32g4xx_hal_fdcan.c ****   */
1041:Drivers/STM32G4xx_HAL_Driver/Src/stm32g4xx_hal_fdcan.c **** HAL_StatusTypeDef HAL_FDCAN_UnRegisterRxFifo1Callback(FDCAN_HandleTypeDef *hfdcan)
1042:Drivers/STM32G4xx_HAL_Driver/Src/stm32g4xx_hal_fdcan.c **** {
1043:Drivers/STM32G4xx_HAL_Driver/Src/stm32g4xx_hal_fdcan.c ****   HAL_StatusTypeDef status = HAL_OK;
1044:Drivers/STM32G4xx_HAL_Driver/Src/stm32g4xx_hal_fdcan.c **** 
1045:Drivers/STM32G4xx_HAL_Driver/Src/stm32g4xx_hal_fdcan.c ****   if (hfdcan->State == HAL_FDCAN_STATE_READY)
1046:Drivers/STM32G4xx_HAL_Driver/Src/stm32g4xx_hal_fdcan.c ****   {
1047:Drivers/STM32G4xx_HAL_Driver/Src/stm32g4xx_hal_fdcan.c ****     hfdcan->RxFifo1Callback = HAL_FDCAN_RxFifo1Callback; /* Legacy weak RxFifo1Callback  */
1048:Drivers/STM32G4xx_HAL_Driver/Src/stm32g4xx_hal_fdcan.c ****   }
1049:Drivers/STM32G4xx_HAL_Driver/Src/stm32g4xx_hal_fdcan.c ****   else
1050:Drivers/STM32G4xx_HAL_Driver/Src/stm32g4xx_hal_fdcan.c ****   {
1051:Drivers/STM32G4xx_HAL_Driver/Src/stm32g4xx_hal_fdcan.c ****     /* Update the error code */
1052:Drivers/STM32G4xx_HAL_Driver/Src/stm32g4xx_hal_fdcan.c ****     hfdcan->ErrorCode |= HAL_FDCAN_ERROR_INVALID_CALLBACK;
1053:Drivers/STM32G4xx_HAL_Driver/Src/stm32g4xx_hal_fdcan.c **** 
1054:Drivers/STM32G4xx_HAL_Driver/Src/stm32g4xx_hal_fdcan.c ****     /* Return error status */
1055:Drivers/STM32G4xx_HAL_Driver/Src/stm32g4xx_hal_fdcan.c ****     status =  HAL_ERROR;
1056:Drivers/STM32G4xx_HAL_Driver/Src/stm32g4xx_hal_fdcan.c ****   }
1057:Drivers/STM32G4xx_HAL_Driver/Src/stm32g4xx_hal_fdcan.c **** 
1058:Drivers/STM32G4xx_HAL_Driver/Src/stm32g4xx_hal_fdcan.c ****   return status;
1059:Drivers/STM32G4xx_HAL_Driver/Src/stm32g4xx_hal_fdcan.c **** }
1060:Drivers/STM32G4xx_HAL_Driver/Src/stm32g4xx_hal_fdcan.c **** 
1061:Drivers/STM32G4xx_HAL_Driver/Src/stm32g4xx_hal_fdcan.c **** /**
1062:Drivers/STM32G4xx_HAL_Driver/Src/stm32g4xx_hal_fdcan.c ****   * @brief  Register Tx Buffer Complete FDCAN Callback
1063:Drivers/STM32G4xx_HAL_Driver/Src/stm32g4xx_hal_fdcan.c ****   *         To be used instead of the weak HAL_FDCAN_TxBufferCompleteCallback() predefined callback
1064:Drivers/STM32G4xx_HAL_Driver/Src/stm32g4xx_hal_fdcan.c ****   * @param  hfdcan FDCAN handle
1065:Drivers/STM32G4xx_HAL_Driver/Src/stm32g4xx_hal_fdcan.c ****   * @param  pCallback pointer to the Tx Buffer Complete Callback function
1066:Drivers/STM32G4xx_HAL_Driver/Src/stm32g4xx_hal_fdcan.c ****   * @retval HAL status
1067:Drivers/STM32G4xx_HAL_Driver/Src/stm32g4xx_hal_fdcan.c ****   */
1068:Drivers/STM32G4xx_HAL_Driver/Src/stm32g4xx_hal_fdcan.c **** HAL_StatusTypeDef HAL_FDCAN_RegisterTxBufferCompleteCallback(FDCAN_HandleTypeDef *hfdcan,
1069:Drivers/STM32G4xx_HAL_Driver/Src/stm32g4xx_hal_fdcan.c ****                                                              pFDCAN_TxBufferCompleteCallbackTypeDef
1070:Drivers/STM32G4xx_HAL_Driver/Src/stm32g4xx_hal_fdcan.c **** {
1071:Drivers/STM32G4xx_HAL_Driver/Src/stm32g4xx_hal_fdcan.c ****   HAL_StatusTypeDef status = HAL_OK;
1072:Drivers/STM32G4xx_HAL_Driver/Src/stm32g4xx_hal_fdcan.c **** 
1073:Drivers/STM32G4xx_HAL_Driver/Src/stm32g4xx_hal_fdcan.c ****   if (pCallback == NULL)
1074:Drivers/STM32G4xx_HAL_Driver/Src/stm32g4xx_hal_fdcan.c ****   {
1075:Drivers/STM32G4xx_HAL_Driver/Src/stm32g4xx_hal_fdcan.c ****     /* Update the error code */
1076:Drivers/STM32G4xx_HAL_Driver/Src/stm32g4xx_hal_fdcan.c ****     hfdcan->ErrorCode |= HAL_FDCAN_ERROR_INVALID_CALLBACK;
1077:Drivers/STM32G4xx_HAL_Driver/Src/stm32g4xx_hal_fdcan.c ****     return HAL_ERROR;
1078:Drivers/STM32G4xx_HAL_Driver/Src/stm32g4xx_hal_fdcan.c ****   }
1079:Drivers/STM32G4xx_HAL_Driver/Src/stm32g4xx_hal_fdcan.c **** 
1080:Drivers/STM32G4xx_HAL_Driver/Src/stm32g4xx_hal_fdcan.c ****   if (hfdcan->State == HAL_FDCAN_STATE_READY)
1081:Drivers/STM32G4xx_HAL_Driver/Src/stm32g4xx_hal_fdcan.c ****   {
1082:Drivers/STM32G4xx_HAL_Driver/Src/stm32g4xx_hal_fdcan.c ****     hfdcan->TxBufferCompleteCallback = pCallback;
1083:Drivers/STM32G4xx_HAL_Driver/Src/stm32g4xx_hal_fdcan.c ****   }
1084:Drivers/STM32G4xx_HAL_Driver/Src/stm32g4xx_hal_fdcan.c ****   else
1085:Drivers/STM32G4xx_HAL_Driver/Src/stm32g4xx_hal_fdcan.c ****   {
1086:Drivers/STM32G4xx_HAL_Driver/Src/stm32g4xx_hal_fdcan.c ****     /* Update the error code */
1087:Drivers/STM32G4xx_HAL_Driver/Src/stm32g4xx_hal_fdcan.c ****     hfdcan->ErrorCode |= HAL_FDCAN_ERROR_INVALID_CALLBACK;
1088:Drivers/STM32G4xx_HAL_Driver/Src/stm32g4xx_hal_fdcan.c **** 
1089:Drivers/STM32G4xx_HAL_Driver/Src/stm32g4xx_hal_fdcan.c ****     /* Return error status */
1090:Drivers/STM32G4xx_HAL_Driver/Src/stm32g4xx_hal_fdcan.c ****     status =  HAL_ERROR;
1091:Drivers/STM32G4xx_HAL_Driver/Src/stm32g4xx_hal_fdcan.c ****   }
1092:Drivers/STM32G4xx_HAL_Driver/Src/stm32g4xx_hal_fdcan.c **** 
1093:Drivers/STM32G4xx_HAL_Driver/Src/stm32g4xx_hal_fdcan.c ****   return status;
ARM GAS   			page 21


1094:Drivers/STM32G4xx_HAL_Driver/Src/stm32g4xx_hal_fdcan.c **** }
1095:Drivers/STM32G4xx_HAL_Driver/Src/stm32g4xx_hal_fdcan.c **** 
1096:Drivers/STM32G4xx_HAL_Driver/Src/stm32g4xx_hal_fdcan.c **** /**
1097:Drivers/STM32G4xx_HAL_Driver/Src/stm32g4xx_hal_fdcan.c ****   * @brief  UnRegister the Tx Buffer Complete FDCAN Callback
1098:Drivers/STM32G4xx_HAL_Driver/Src/stm32g4xx_hal_fdcan.c ****   *         Tx Buffer Complete FDCAN Callback is redirected to
1099:Drivers/STM32G4xx_HAL_Driver/Src/stm32g4xx_hal_fdcan.c ****   *         the weak HAL_FDCAN_TxBufferCompleteCallback() predefined callback
1100:Drivers/STM32G4xx_HAL_Driver/Src/stm32g4xx_hal_fdcan.c ****   * @param  hfdcan FDCAN handle
1101:Drivers/STM32G4xx_HAL_Driver/Src/stm32g4xx_hal_fdcan.c ****   * @retval HAL status
1102:Drivers/STM32G4xx_HAL_Driver/Src/stm32g4xx_hal_fdcan.c ****   */
1103:Drivers/STM32G4xx_HAL_Driver/Src/stm32g4xx_hal_fdcan.c **** HAL_StatusTypeDef HAL_FDCAN_UnRegisterTxBufferCompleteCallback(FDCAN_HandleTypeDef *hfdcan)
1104:Drivers/STM32G4xx_HAL_Driver/Src/stm32g4xx_hal_fdcan.c **** {
1105:Drivers/STM32G4xx_HAL_Driver/Src/stm32g4xx_hal_fdcan.c ****   HAL_StatusTypeDef status = HAL_OK;
1106:Drivers/STM32G4xx_HAL_Driver/Src/stm32g4xx_hal_fdcan.c **** 
1107:Drivers/STM32G4xx_HAL_Driver/Src/stm32g4xx_hal_fdcan.c ****   if (hfdcan->State == HAL_FDCAN_STATE_READY)
1108:Drivers/STM32G4xx_HAL_Driver/Src/stm32g4xx_hal_fdcan.c ****   {
1109:Drivers/STM32G4xx_HAL_Driver/Src/stm32g4xx_hal_fdcan.c ****     hfdcan->TxBufferCompleteCallback = HAL_FDCAN_TxBufferCompleteCallback; /* Legacy weak TxBufferC
1110:Drivers/STM32G4xx_HAL_Driver/Src/stm32g4xx_hal_fdcan.c ****   }
1111:Drivers/STM32G4xx_HAL_Driver/Src/stm32g4xx_hal_fdcan.c ****   else
1112:Drivers/STM32G4xx_HAL_Driver/Src/stm32g4xx_hal_fdcan.c ****   {
1113:Drivers/STM32G4xx_HAL_Driver/Src/stm32g4xx_hal_fdcan.c ****     /* Update the error code */
1114:Drivers/STM32G4xx_HAL_Driver/Src/stm32g4xx_hal_fdcan.c ****     hfdcan->ErrorCode |= HAL_FDCAN_ERROR_INVALID_CALLBACK;
1115:Drivers/STM32G4xx_HAL_Driver/Src/stm32g4xx_hal_fdcan.c **** 
1116:Drivers/STM32G4xx_HAL_Driver/Src/stm32g4xx_hal_fdcan.c ****     /* Return error status */
1117:Drivers/STM32G4xx_HAL_Driver/Src/stm32g4xx_hal_fdcan.c ****     status =  HAL_ERROR;
1118:Drivers/STM32G4xx_HAL_Driver/Src/stm32g4xx_hal_fdcan.c ****   }
1119:Drivers/STM32G4xx_HAL_Driver/Src/stm32g4xx_hal_fdcan.c **** 
1120:Drivers/STM32G4xx_HAL_Driver/Src/stm32g4xx_hal_fdcan.c ****   return status;
1121:Drivers/STM32G4xx_HAL_Driver/Src/stm32g4xx_hal_fdcan.c **** }
1122:Drivers/STM32G4xx_HAL_Driver/Src/stm32g4xx_hal_fdcan.c **** 
1123:Drivers/STM32G4xx_HAL_Driver/Src/stm32g4xx_hal_fdcan.c **** /**
1124:Drivers/STM32G4xx_HAL_Driver/Src/stm32g4xx_hal_fdcan.c ****   * @brief  Register Tx Buffer Abort FDCAN Callback
1125:Drivers/STM32G4xx_HAL_Driver/Src/stm32g4xx_hal_fdcan.c ****   *         To be used instead of the weak HAL_FDCAN_TxBufferAbortCallback() predefined callback
1126:Drivers/STM32G4xx_HAL_Driver/Src/stm32g4xx_hal_fdcan.c ****   * @param  hfdcan FDCAN handle
1127:Drivers/STM32G4xx_HAL_Driver/Src/stm32g4xx_hal_fdcan.c ****   * @param  pCallback pointer to the Tx Buffer Abort Callback function
1128:Drivers/STM32G4xx_HAL_Driver/Src/stm32g4xx_hal_fdcan.c ****   * @retval HAL status
1129:Drivers/STM32G4xx_HAL_Driver/Src/stm32g4xx_hal_fdcan.c ****   */
1130:Drivers/STM32G4xx_HAL_Driver/Src/stm32g4xx_hal_fdcan.c **** HAL_StatusTypeDef HAL_FDCAN_RegisterTxBufferAbortCallback(FDCAN_HandleTypeDef *hfdcan,
1131:Drivers/STM32G4xx_HAL_Driver/Src/stm32g4xx_hal_fdcan.c ****                                                           pFDCAN_TxBufferAbortCallbackTypeDef pCall
1132:Drivers/STM32G4xx_HAL_Driver/Src/stm32g4xx_hal_fdcan.c **** {
1133:Drivers/STM32G4xx_HAL_Driver/Src/stm32g4xx_hal_fdcan.c ****   HAL_StatusTypeDef status = HAL_OK;
1134:Drivers/STM32G4xx_HAL_Driver/Src/stm32g4xx_hal_fdcan.c **** 
1135:Drivers/STM32G4xx_HAL_Driver/Src/stm32g4xx_hal_fdcan.c ****   if (pCallback == NULL)
1136:Drivers/STM32G4xx_HAL_Driver/Src/stm32g4xx_hal_fdcan.c ****   {
1137:Drivers/STM32G4xx_HAL_Driver/Src/stm32g4xx_hal_fdcan.c ****     /* Update the error code */
1138:Drivers/STM32G4xx_HAL_Driver/Src/stm32g4xx_hal_fdcan.c ****     hfdcan->ErrorCode |= HAL_FDCAN_ERROR_INVALID_CALLBACK;
1139:Drivers/STM32G4xx_HAL_Driver/Src/stm32g4xx_hal_fdcan.c ****     return HAL_ERROR;
1140:Drivers/STM32G4xx_HAL_Driver/Src/stm32g4xx_hal_fdcan.c ****   }
1141:Drivers/STM32G4xx_HAL_Driver/Src/stm32g4xx_hal_fdcan.c **** 
1142:Drivers/STM32G4xx_HAL_Driver/Src/stm32g4xx_hal_fdcan.c ****   if (hfdcan->State == HAL_FDCAN_STATE_READY)
1143:Drivers/STM32G4xx_HAL_Driver/Src/stm32g4xx_hal_fdcan.c ****   {
1144:Drivers/STM32G4xx_HAL_Driver/Src/stm32g4xx_hal_fdcan.c ****     hfdcan->TxBufferAbortCallback = pCallback;
1145:Drivers/STM32G4xx_HAL_Driver/Src/stm32g4xx_hal_fdcan.c ****   }
1146:Drivers/STM32G4xx_HAL_Driver/Src/stm32g4xx_hal_fdcan.c ****   else
1147:Drivers/STM32G4xx_HAL_Driver/Src/stm32g4xx_hal_fdcan.c ****   {
1148:Drivers/STM32G4xx_HAL_Driver/Src/stm32g4xx_hal_fdcan.c ****     /* Update the error code */
1149:Drivers/STM32G4xx_HAL_Driver/Src/stm32g4xx_hal_fdcan.c ****     hfdcan->ErrorCode |= HAL_FDCAN_ERROR_INVALID_CALLBACK;
1150:Drivers/STM32G4xx_HAL_Driver/Src/stm32g4xx_hal_fdcan.c **** 
ARM GAS   			page 22


1151:Drivers/STM32G4xx_HAL_Driver/Src/stm32g4xx_hal_fdcan.c ****     /* Return error status */
1152:Drivers/STM32G4xx_HAL_Driver/Src/stm32g4xx_hal_fdcan.c ****     status =  HAL_ERROR;
1153:Drivers/STM32G4xx_HAL_Driver/Src/stm32g4xx_hal_fdcan.c ****   }
1154:Drivers/STM32G4xx_HAL_Driver/Src/stm32g4xx_hal_fdcan.c **** 
1155:Drivers/STM32G4xx_HAL_Driver/Src/stm32g4xx_hal_fdcan.c ****   return status;
1156:Drivers/STM32G4xx_HAL_Driver/Src/stm32g4xx_hal_fdcan.c **** }
1157:Drivers/STM32G4xx_HAL_Driver/Src/stm32g4xx_hal_fdcan.c **** 
1158:Drivers/STM32G4xx_HAL_Driver/Src/stm32g4xx_hal_fdcan.c **** /**
1159:Drivers/STM32G4xx_HAL_Driver/Src/stm32g4xx_hal_fdcan.c ****   * @brief  UnRegister the Tx Buffer Abort FDCAN Callback
1160:Drivers/STM32G4xx_HAL_Driver/Src/stm32g4xx_hal_fdcan.c ****   *         Tx Buffer Abort FDCAN Callback is redirected to
1161:Drivers/STM32G4xx_HAL_Driver/Src/stm32g4xx_hal_fdcan.c ****   *         the weak HAL_FDCAN_TxBufferAbortCallback() predefined callback
1162:Drivers/STM32G4xx_HAL_Driver/Src/stm32g4xx_hal_fdcan.c ****   * @param  hfdcan FDCAN handle
1163:Drivers/STM32G4xx_HAL_Driver/Src/stm32g4xx_hal_fdcan.c ****   * @retval HAL status
1164:Drivers/STM32G4xx_HAL_Driver/Src/stm32g4xx_hal_fdcan.c ****   */
1165:Drivers/STM32G4xx_HAL_Driver/Src/stm32g4xx_hal_fdcan.c **** HAL_StatusTypeDef HAL_FDCAN_UnRegisterTxBufferAbortCallback(FDCAN_HandleTypeDef *hfdcan)
1166:Drivers/STM32G4xx_HAL_Driver/Src/stm32g4xx_hal_fdcan.c **** {
1167:Drivers/STM32G4xx_HAL_Driver/Src/stm32g4xx_hal_fdcan.c ****   HAL_StatusTypeDef status = HAL_OK;
1168:Drivers/STM32G4xx_HAL_Driver/Src/stm32g4xx_hal_fdcan.c **** 
1169:Drivers/STM32G4xx_HAL_Driver/Src/stm32g4xx_hal_fdcan.c ****   if (hfdcan->State == HAL_FDCAN_STATE_READY)
1170:Drivers/STM32G4xx_HAL_Driver/Src/stm32g4xx_hal_fdcan.c ****   {
1171:Drivers/STM32G4xx_HAL_Driver/Src/stm32g4xx_hal_fdcan.c ****     hfdcan->TxBufferAbortCallback = HAL_FDCAN_TxBufferAbortCallback; /* Legacy weak TxBufferAbortCa
1172:Drivers/STM32G4xx_HAL_Driver/Src/stm32g4xx_hal_fdcan.c ****   }
1173:Drivers/STM32G4xx_HAL_Driver/Src/stm32g4xx_hal_fdcan.c ****   else
1174:Drivers/STM32G4xx_HAL_Driver/Src/stm32g4xx_hal_fdcan.c ****   {
1175:Drivers/STM32G4xx_HAL_Driver/Src/stm32g4xx_hal_fdcan.c ****     /* Update the error code */
1176:Drivers/STM32G4xx_HAL_Driver/Src/stm32g4xx_hal_fdcan.c ****     hfdcan->ErrorCode |= HAL_FDCAN_ERROR_INVALID_CALLBACK;
1177:Drivers/STM32G4xx_HAL_Driver/Src/stm32g4xx_hal_fdcan.c **** 
1178:Drivers/STM32G4xx_HAL_Driver/Src/stm32g4xx_hal_fdcan.c ****     /* Return error status */
1179:Drivers/STM32G4xx_HAL_Driver/Src/stm32g4xx_hal_fdcan.c ****     status =  HAL_ERROR;
1180:Drivers/STM32G4xx_HAL_Driver/Src/stm32g4xx_hal_fdcan.c ****   }
1181:Drivers/STM32G4xx_HAL_Driver/Src/stm32g4xx_hal_fdcan.c **** 
1182:Drivers/STM32G4xx_HAL_Driver/Src/stm32g4xx_hal_fdcan.c ****   return status;
1183:Drivers/STM32G4xx_HAL_Driver/Src/stm32g4xx_hal_fdcan.c **** }
1184:Drivers/STM32G4xx_HAL_Driver/Src/stm32g4xx_hal_fdcan.c **** 
1185:Drivers/STM32G4xx_HAL_Driver/Src/stm32g4xx_hal_fdcan.c **** /**
1186:Drivers/STM32G4xx_HAL_Driver/Src/stm32g4xx_hal_fdcan.c ****   * @brief  Register Error Status FDCAN Callback
1187:Drivers/STM32G4xx_HAL_Driver/Src/stm32g4xx_hal_fdcan.c ****   *         To be used instead of the weak HAL_FDCAN_ErrorStatusCallback() predefined callback
1188:Drivers/STM32G4xx_HAL_Driver/Src/stm32g4xx_hal_fdcan.c ****   * @param  hfdcan FDCAN handle
1189:Drivers/STM32G4xx_HAL_Driver/Src/stm32g4xx_hal_fdcan.c ****   * @param  pCallback pointer to the Error Status Callback function
1190:Drivers/STM32G4xx_HAL_Driver/Src/stm32g4xx_hal_fdcan.c ****   * @retval HAL status
1191:Drivers/STM32G4xx_HAL_Driver/Src/stm32g4xx_hal_fdcan.c ****   */
1192:Drivers/STM32G4xx_HAL_Driver/Src/stm32g4xx_hal_fdcan.c **** HAL_StatusTypeDef HAL_FDCAN_RegisterErrorStatusCallback(FDCAN_HandleTypeDef *hfdcan,
1193:Drivers/STM32G4xx_HAL_Driver/Src/stm32g4xx_hal_fdcan.c ****                                                         pFDCAN_ErrorStatusCallbackTypeDef pCallback
1194:Drivers/STM32G4xx_HAL_Driver/Src/stm32g4xx_hal_fdcan.c **** {
1195:Drivers/STM32G4xx_HAL_Driver/Src/stm32g4xx_hal_fdcan.c ****   HAL_StatusTypeDef status = HAL_OK;
1196:Drivers/STM32G4xx_HAL_Driver/Src/stm32g4xx_hal_fdcan.c **** 
1197:Drivers/STM32G4xx_HAL_Driver/Src/stm32g4xx_hal_fdcan.c ****   if (pCallback == NULL)
1198:Drivers/STM32G4xx_HAL_Driver/Src/stm32g4xx_hal_fdcan.c ****   {
1199:Drivers/STM32G4xx_HAL_Driver/Src/stm32g4xx_hal_fdcan.c ****     /* Update the error code */
1200:Drivers/STM32G4xx_HAL_Driver/Src/stm32g4xx_hal_fdcan.c ****     hfdcan->ErrorCode |= HAL_FDCAN_ERROR_INVALID_CALLBACK;
1201:Drivers/STM32G4xx_HAL_Driver/Src/stm32g4xx_hal_fdcan.c ****     return HAL_ERROR;
1202:Drivers/STM32G4xx_HAL_Driver/Src/stm32g4xx_hal_fdcan.c ****   }
1203:Drivers/STM32G4xx_HAL_Driver/Src/stm32g4xx_hal_fdcan.c **** 
1204:Drivers/STM32G4xx_HAL_Driver/Src/stm32g4xx_hal_fdcan.c ****   if (hfdcan->State == HAL_FDCAN_STATE_READY)
1205:Drivers/STM32G4xx_HAL_Driver/Src/stm32g4xx_hal_fdcan.c ****   {
1206:Drivers/STM32G4xx_HAL_Driver/Src/stm32g4xx_hal_fdcan.c ****     hfdcan->ErrorStatusCallback = pCallback;
1207:Drivers/STM32G4xx_HAL_Driver/Src/stm32g4xx_hal_fdcan.c ****   }
ARM GAS   			page 23


1208:Drivers/STM32G4xx_HAL_Driver/Src/stm32g4xx_hal_fdcan.c ****   else
1209:Drivers/STM32G4xx_HAL_Driver/Src/stm32g4xx_hal_fdcan.c ****   {
1210:Drivers/STM32G4xx_HAL_Driver/Src/stm32g4xx_hal_fdcan.c ****     /* Update the error code */
1211:Drivers/STM32G4xx_HAL_Driver/Src/stm32g4xx_hal_fdcan.c ****     hfdcan->ErrorCode |= HAL_FDCAN_ERROR_INVALID_CALLBACK;
1212:Drivers/STM32G4xx_HAL_Driver/Src/stm32g4xx_hal_fdcan.c **** 
1213:Drivers/STM32G4xx_HAL_Driver/Src/stm32g4xx_hal_fdcan.c ****     /* Return error status */
1214:Drivers/STM32G4xx_HAL_Driver/Src/stm32g4xx_hal_fdcan.c ****     status =  HAL_ERROR;
1215:Drivers/STM32G4xx_HAL_Driver/Src/stm32g4xx_hal_fdcan.c ****   }
1216:Drivers/STM32G4xx_HAL_Driver/Src/stm32g4xx_hal_fdcan.c **** 
1217:Drivers/STM32G4xx_HAL_Driver/Src/stm32g4xx_hal_fdcan.c ****   return status;
1218:Drivers/STM32G4xx_HAL_Driver/Src/stm32g4xx_hal_fdcan.c **** }
1219:Drivers/STM32G4xx_HAL_Driver/Src/stm32g4xx_hal_fdcan.c **** 
1220:Drivers/STM32G4xx_HAL_Driver/Src/stm32g4xx_hal_fdcan.c **** /**
1221:Drivers/STM32G4xx_HAL_Driver/Src/stm32g4xx_hal_fdcan.c ****   * @brief  UnRegister the Error Status FDCAN Callback
1222:Drivers/STM32G4xx_HAL_Driver/Src/stm32g4xx_hal_fdcan.c ****   *         Error Status FDCAN Callback is redirected to the weak HAL_FDCAN_ErrorStatusCallback() p
1223:Drivers/STM32G4xx_HAL_Driver/Src/stm32g4xx_hal_fdcan.c ****   * @param  hfdcan FDCAN handle
1224:Drivers/STM32G4xx_HAL_Driver/Src/stm32g4xx_hal_fdcan.c ****   * @retval HAL status
1225:Drivers/STM32G4xx_HAL_Driver/Src/stm32g4xx_hal_fdcan.c ****   */
1226:Drivers/STM32G4xx_HAL_Driver/Src/stm32g4xx_hal_fdcan.c **** HAL_StatusTypeDef HAL_FDCAN_UnRegisterErrorStatusCallback(FDCAN_HandleTypeDef *hfdcan)
1227:Drivers/STM32G4xx_HAL_Driver/Src/stm32g4xx_hal_fdcan.c **** {
1228:Drivers/STM32G4xx_HAL_Driver/Src/stm32g4xx_hal_fdcan.c ****   HAL_StatusTypeDef status = HAL_OK;
1229:Drivers/STM32G4xx_HAL_Driver/Src/stm32g4xx_hal_fdcan.c **** 
1230:Drivers/STM32G4xx_HAL_Driver/Src/stm32g4xx_hal_fdcan.c ****   if (hfdcan->State == HAL_FDCAN_STATE_READY)
1231:Drivers/STM32G4xx_HAL_Driver/Src/stm32g4xx_hal_fdcan.c ****   {
1232:Drivers/STM32G4xx_HAL_Driver/Src/stm32g4xx_hal_fdcan.c ****     hfdcan->ErrorStatusCallback = HAL_FDCAN_ErrorStatusCallback; /* Legacy weak ErrorStatusCallback
1233:Drivers/STM32G4xx_HAL_Driver/Src/stm32g4xx_hal_fdcan.c ****   }
1234:Drivers/STM32G4xx_HAL_Driver/Src/stm32g4xx_hal_fdcan.c ****   else
1235:Drivers/STM32G4xx_HAL_Driver/Src/stm32g4xx_hal_fdcan.c ****   {
1236:Drivers/STM32G4xx_HAL_Driver/Src/stm32g4xx_hal_fdcan.c ****     /* Update the error code */
1237:Drivers/STM32G4xx_HAL_Driver/Src/stm32g4xx_hal_fdcan.c ****     hfdcan->ErrorCode |= HAL_FDCAN_ERROR_INVALID_CALLBACK;
1238:Drivers/STM32G4xx_HAL_Driver/Src/stm32g4xx_hal_fdcan.c **** 
1239:Drivers/STM32G4xx_HAL_Driver/Src/stm32g4xx_hal_fdcan.c ****     /* Return error status */
1240:Drivers/STM32G4xx_HAL_Driver/Src/stm32g4xx_hal_fdcan.c ****     status =  HAL_ERROR;
1241:Drivers/STM32G4xx_HAL_Driver/Src/stm32g4xx_hal_fdcan.c ****   }
1242:Drivers/STM32G4xx_HAL_Driver/Src/stm32g4xx_hal_fdcan.c **** 
1243:Drivers/STM32G4xx_HAL_Driver/Src/stm32g4xx_hal_fdcan.c ****   return status;
1244:Drivers/STM32G4xx_HAL_Driver/Src/stm32g4xx_hal_fdcan.c **** }
1245:Drivers/STM32G4xx_HAL_Driver/Src/stm32g4xx_hal_fdcan.c **** 
1246:Drivers/STM32G4xx_HAL_Driver/Src/stm32g4xx_hal_fdcan.c **** #endif /* USE_HAL_FDCAN_REGISTER_CALLBACKS */
1247:Drivers/STM32G4xx_HAL_Driver/Src/stm32g4xx_hal_fdcan.c **** 
1248:Drivers/STM32G4xx_HAL_Driver/Src/stm32g4xx_hal_fdcan.c **** /**
1249:Drivers/STM32G4xx_HAL_Driver/Src/stm32g4xx_hal_fdcan.c ****   * @}
1250:Drivers/STM32G4xx_HAL_Driver/Src/stm32g4xx_hal_fdcan.c ****   */
1251:Drivers/STM32G4xx_HAL_Driver/Src/stm32g4xx_hal_fdcan.c **** 
1252:Drivers/STM32G4xx_HAL_Driver/Src/stm32g4xx_hal_fdcan.c **** /** @defgroup FDCAN_Exported_Functions_Group2 Configuration functions
1253:Drivers/STM32G4xx_HAL_Driver/Src/stm32g4xx_hal_fdcan.c ****   *  @brief    FDCAN Configuration functions.
1254:Drivers/STM32G4xx_HAL_Driver/Src/stm32g4xx_hal_fdcan.c ****   *
1255:Drivers/STM32G4xx_HAL_Driver/Src/stm32g4xx_hal_fdcan.c **** @verbatim
1256:Drivers/STM32G4xx_HAL_Driver/Src/stm32g4xx_hal_fdcan.c ****   ==============================================================================
1257:Drivers/STM32G4xx_HAL_Driver/Src/stm32g4xx_hal_fdcan.c ****               ##### Configuration functions #####
1258:Drivers/STM32G4xx_HAL_Driver/Src/stm32g4xx_hal_fdcan.c ****   ==============================================================================
1259:Drivers/STM32G4xx_HAL_Driver/Src/stm32g4xx_hal_fdcan.c ****     [..]  This section provides functions allowing to:
1260:Drivers/STM32G4xx_HAL_Driver/Src/stm32g4xx_hal_fdcan.c ****       (+) HAL_FDCAN_ConfigFilter                  : Configure the FDCAN reception filters
1261:Drivers/STM32G4xx_HAL_Driver/Src/stm32g4xx_hal_fdcan.c ****       (+) HAL_FDCAN_ConfigGlobalFilter            : Configure the FDCAN global filter
1262:Drivers/STM32G4xx_HAL_Driver/Src/stm32g4xx_hal_fdcan.c ****       (+) HAL_FDCAN_ConfigExtendedIdMask          : Configure the extended ID mask
1263:Drivers/STM32G4xx_HAL_Driver/Src/stm32g4xx_hal_fdcan.c ****       (+) HAL_FDCAN_ConfigRxFifoOverwrite         : Configure the Rx FIFO operation mode
1264:Drivers/STM32G4xx_HAL_Driver/Src/stm32g4xx_hal_fdcan.c ****       (+) HAL_FDCAN_ConfigRamWatchdog             : Configure the RAM watchdog
ARM GAS   			page 24


1265:Drivers/STM32G4xx_HAL_Driver/Src/stm32g4xx_hal_fdcan.c ****       (+) HAL_FDCAN_ConfigTimestampCounter        : Configure the timestamp counter
1266:Drivers/STM32G4xx_HAL_Driver/Src/stm32g4xx_hal_fdcan.c ****         (+) HAL_FDCAN_EnableTimestampCounter        : Enable the timestamp counter
1267:Drivers/STM32G4xx_HAL_Driver/Src/stm32g4xx_hal_fdcan.c ****         (+) HAL_FDCAN_DisableTimestampCounter       : Disable the timestamp counter
1268:Drivers/STM32G4xx_HAL_Driver/Src/stm32g4xx_hal_fdcan.c ****         (+) HAL_FDCAN_GetTimestampCounter           : Get the timestamp counter value
1269:Drivers/STM32G4xx_HAL_Driver/Src/stm32g4xx_hal_fdcan.c ****         (+) HAL_FDCAN_ResetTimestampCounter         : Reset the timestamp counter to zero
1270:Drivers/STM32G4xx_HAL_Driver/Src/stm32g4xx_hal_fdcan.c ****       (+) HAL_FDCAN_ConfigTimeoutCounter          : Configure the timeout counter
1271:Drivers/STM32G4xx_HAL_Driver/Src/stm32g4xx_hal_fdcan.c ****         (+) HAL_FDCAN_EnableTimeoutCounter          : Enable the timeout counter
1272:Drivers/STM32G4xx_HAL_Driver/Src/stm32g4xx_hal_fdcan.c ****         (+) HAL_FDCAN_DisableTimeoutCounter         : Disable the timeout counter
1273:Drivers/STM32G4xx_HAL_Driver/Src/stm32g4xx_hal_fdcan.c ****         (+) HAL_FDCAN_GetTimeoutCounter             : Get the timeout counter value
1274:Drivers/STM32G4xx_HAL_Driver/Src/stm32g4xx_hal_fdcan.c ****         (+) HAL_FDCAN_ResetTimeoutCounter           : Reset the timeout counter to its start value
1275:Drivers/STM32G4xx_HAL_Driver/Src/stm32g4xx_hal_fdcan.c ****       (+) HAL_FDCAN_ConfigTxDelayCompensation     : Configure the transmitter delay compensation
1276:Drivers/STM32G4xx_HAL_Driver/Src/stm32g4xx_hal_fdcan.c ****         (+) HAL_FDCAN_EnableTxDelayCompensation     : Enable the transmitter delay compensation
1277:Drivers/STM32G4xx_HAL_Driver/Src/stm32g4xx_hal_fdcan.c ****         (+) HAL_FDCAN_DisableTxDelayCompensation    : Disable the transmitter delay compensation
1278:Drivers/STM32G4xx_HAL_Driver/Src/stm32g4xx_hal_fdcan.c ****       (+) HAL_FDCAN_EnableISOMode                 : Enable ISO 11898-1 protocol mode
1279:Drivers/STM32G4xx_HAL_Driver/Src/stm32g4xx_hal_fdcan.c ****       (+) HAL_FDCAN_DisableISOMode                : Disable ISO 11898-1 protocol mode
1280:Drivers/STM32G4xx_HAL_Driver/Src/stm32g4xx_hal_fdcan.c ****       (+) HAL_FDCAN_EnableEdgeFiltering           : Enable edge filtering during bus integration
1281:Drivers/STM32G4xx_HAL_Driver/Src/stm32g4xx_hal_fdcan.c ****       (+) HAL_FDCAN_DisableEdgeFiltering          : Disable edge filtering during bus integration
1282:Drivers/STM32G4xx_HAL_Driver/Src/stm32g4xx_hal_fdcan.c **** 
1283:Drivers/STM32G4xx_HAL_Driver/Src/stm32g4xx_hal_fdcan.c **** @endverbatim
1284:Drivers/STM32G4xx_HAL_Driver/Src/stm32g4xx_hal_fdcan.c ****   * @{
1285:Drivers/STM32G4xx_HAL_Driver/Src/stm32g4xx_hal_fdcan.c ****   */
1286:Drivers/STM32G4xx_HAL_Driver/Src/stm32g4xx_hal_fdcan.c **** 
1287:Drivers/STM32G4xx_HAL_Driver/Src/stm32g4xx_hal_fdcan.c **** /**
1288:Drivers/STM32G4xx_HAL_Driver/Src/stm32g4xx_hal_fdcan.c ****   * @brief  Configure the FDCAN reception filter according to the specified
1289:Drivers/STM32G4xx_HAL_Driver/Src/stm32g4xx_hal_fdcan.c ****   *         parameters in the FDCAN_FilterTypeDef structure.
1290:Drivers/STM32G4xx_HAL_Driver/Src/stm32g4xx_hal_fdcan.c ****   * @param  hfdcan pointer to an FDCAN_HandleTypeDef structure that contains
1291:Drivers/STM32G4xx_HAL_Driver/Src/stm32g4xx_hal_fdcan.c ****   *         the configuration information for the specified FDCAN.
1292:Drivers/STM32G4xx_HAL_Driver/Src/stm32g4xx_hal_fdcan.c ****   * @param  sFilterConfig pointer to an FDCAN_FilterTypeDef structure that
1293:Drivers/STM32G4xx_HAL_Driver/Src/stm32g4xx_hal_fdcan.c ****   *         contains the filter configuration information
1294:Drivers/STM32G4xx_HAL_Driver/Src/stm32g4xx_hal_fdcan.c ****   * @retval HAL status
1295:Drivers/STM32G4xx_HAL_Driver/Src/stm32g4xx_hal_fdcan.c ****   */
1296:Drivers/STM32G4xx_HAL_Driver/Src/stm32g4xx_hal_fdcan.c **** HAL_StatusTypeDef HAL_FDCAN_ConfigFilter(FDCAN_HandleTypeDef *hfdcan, const FDCAN_FilterTypeDef *sF
1297:Drivers/STM32G4xx_HAL_Driver/Src/stm32g4xx_hal_fdcan.c **** {
1298:Drivers/STM32G4xx_HAL_Driver/Src/stm32g4xx_hal_fdcan.c ****   uint32_t FilterElementW1;
1299:Drivers/STM32G4xx_HAL_Driver/Src/stm32g4xx_hal_fdcan.c ****   uint32_t FilterElementW2;
1300:Drivers/STM32G4xx_HAL_Driver/Src/stm32g4xx_hal_fdcan.c ****   uint32_t *FilterAddress;
1301:Drivers/STM32G4xx_HAL_Driver/Src/stm32g4xx_hal_fdcan.c ****   HAL_FDCAN_StateTypeDef state = hfdcan->State;
1302:Drivers/STM32G4xx_HAL_Driver/Src/stm32g4xx_hal_fdcan.c **** 
1303:Drivers/STM32G4xx_HAL_Driver/Src/stm32g4xx_hal_fdcan.c ****   if ((state == HAL_FDCAN_STATE_READY) || (state == HAL_FDCAN_STATE_BUSY))
1304:Drivers/STM32G4xx_HAL_Driver/Src/stm32g4xx_hal_fdcan.c ****   {
1305:Drivers/STM32G4xx_HAL_Driver/Src/stm32g4xx_hal_fdcan.c ****     /* Check function parameters */
1306:Drivers/STM32G4xx_HAL_Driver/Src/stm32g4xx_hal_fdcan.c ****     assert_param(IS_FDCAN_ID_TYPE(sFilterConfig->IdType));
1307:Drivers/STM32G4xx_HAL_Driver/Src/stm32g4xx_hal_fdcan.c ****     assert_param(IS_FDCAN_FILTER_CFG(sFilterConfig->FilterConfig));
1308:Drivers/STM32G4xx_HAL_Driver/Src/stm32g4xx_hal_fdcan.c **** 
1309:Drivers/STM32G4xx_HAL_Driver/Src/stm32g4xx_hal_fdcan.c ****     if (sFilterConfig->IdType == FDCAN_STANDARD_ID)
1310:Drivers/STM32G4xx_HAL_Driver/Src/stm32g4xx_hal_fdcan.c ****     {
1311:Drivers/STM32G4xx_HAL_Driver/Src/stm32g4xx_hal_fdcan.c ****       /* Check function parameters */
1312:Drivers/STM32G4xx_HAL_Driver/Src/stm32g4xx_hal_fdcan.c ****       assert_param(IS_FDCAN_MAX_VALUE((sFilterConfig->FilterIndex + 1U), hfdcan->Init.StdFiltersNbr
1313:Drivers/STM32G4xx_HAL_Driver/Src/stm32g4xx_hal_fdcan.c ****       assert_param(IS_FDCAN_MAX_VALUE(sFilterConfig->FilterID1, 0x7FFU));
1314:Drivers/STM32G4xx_HAL_Driver/Src/stm32g4xx_hal_fdcan.c ****       assert_param(IS_FDCAN_MAX_VALUE(sFilterConfig->FilterID2, 0x7FFU));
1315:Drivers/STM32G4xx_HAL_Driver/Src/stm32g4xx_hal_fdcan.c ****       assert_param(IS_FDCAN_STD_FILTER_TYPE(sFilterConfig->FilterType));
1316:Drivers/STM32G4xx_HAL_Driver/Src/stm32g4xx_hal_fdcan.c **** 
1317:Drivers/STM32G4xx_HAL_Driver/Src/stm32g4xx_hal_fdcan.c ****       /* Build filter element */
1318:Drivers/STM32G4xx_HAL_Driver/Src/stm32g4xx_hal_fdcan.c ****       FilterElementW1 = ((sFilterConfig->FilterType << 30U)   |
1319:Drivers/STM32G4xx_HAL_Driver/Src/stm32g4xx_hal_fdcan.c ****                          (sFilterConfig->FilterConfig << 27U) |
1320:Drivers/STM32G4xx_HAL_Driver/Src/stm32g4xx_hal_fdcan.c ****                          (sFilterConfig->FilterID1 << 16U)    |
1321:Drivers/STM32G4xx_HAL_Driver/Src/stm32g4xx_hal_fdcan.c ****                          sFilterConfig->FilterID2);
ARM GAS   			page 25


1322:Drivers/STM32G4xx_HAL_Driver/Src/stm32g4xx_hal_fdcan.c **** 
1323:Drivers/STM32G4xx_HAL_Driver/Src/stm32g4xx_hal_fdcan.c ****       /* Calculate filter address */
1324:Drivers/STM32G4xx_HAL_Driver/Src/stm32g4xx_hal_fdcan.c ****       FilterAddress = (uint32_t *)(hfdcan->msgRam.StandardFilterSA + (sFilterConfig->FilterIndex * 
1325:Drivers/STM32G4xx_HAL_Driver/Src/stm32g4xx_hal_fdcan.c **** 
1326:Drivers/STM32G4xx_HAL_Driver/Src/stm32g4xx_hal_fdcan.c ****       /* Write filter element to the message RAM */
1327:Drivers/STM32G4xx_HAL_Driver/Src/stm32g4xx_hal_fdcan.c ****       *FilterAddress = FilterElementW1;
1328:Drivers/STM32G4xx_HAL_Driver/Src/stm32g4xx_hal_fdcan.c ****     }
1329:Drivers/STM32G4xx_HAL_Driver/Src/stm32g4xx_hal_fdcan.c ****     else /* sFilterConfig->IdType == FDCAN_EXTENDED_ID */
1330:Drivers/STM32G4xx_HAL_Driver/Src/stm32g4xx_hal_fdcan.c ****     {
1331:Drivers/STM32G4xx_HAL_Driver/Src/stm32g4xx_hal_fdcan.c ****       /* Check function parameters */
1332:Drivers/STM32G4xx_HAL_Driver/Src/stm32g4xx_hal_fdcan.c ****       assert_param(IS_FDCAN_MAX_VALUE((sFilterConfig->FilterIndex + 1U), hfdcan->Init.ExtFiltersNbr
1333:Drivers/STM32G4xx_HAL_Driver/Src/stm32g4xx_hal_fdcan.c ****       assert_param(IS_FDCAN_MAX_VALUE(sFilterConfig->FilterID1, 0x1FFFFFFFU));
1334:Drivers/STM32G4xx_HAL_Driver/Src/stm32g4xx_hal_fdcan.c ****       assert_param(IS_FDCAN_MAX_VALUE(sFilterConfig->FilterID2, 0x1FFFFFFFU));
1335:Drivers/STM32G4xx_HAL_Driver/Src/stm32g4xx_hal_fdcan.c ****       assert_param(IS_FDCAN_EXT_FILTER_TYPE(sFilterConfig->FilterType));
1336:Drivers/STM32G4xx_HAL_Driver/Src/stm32g4xx_hal_fdcan.c **** 
1337:Drivers/STM32G4xx_HAL_Driver/Src/stm32g4xx_hal_fdcan.c ****       /* Build first word of filter element */
1338:Drivers/STM32G4xx_HAL_Driver/Src/stm32g4xx_hal_fdcan.c ****       FilterElementW1 = ((sFilterConfig->FilterConfig << 29U) | sFilterConfig->FilterID1);
1339:Drivers/STM32G4xx_HAL_Driver/Src/stm32g4xx_hal_fdcan.c **** 
1340:Drivers/STM32G4xx_HAL_Driver/Src/stm32g4xx_hal_fdcan.c ****       /* Build second word of filter element */
1341:Drivers/STM32G4xx_HAL_Driver/Src/stm32g4xx_hal_fdcan.c ****       FilterElementW2 = ((sFilterConfig->FilterType << 30U) | sFilterConfig->FilterID2);
1342:Drivers/STM32G4xx_HAL_Driver/Src/stm32g4xx_hal_fdcan.c **** 
1343:Drivers/STM32G4xx_HAL_Driver/Src/stm32g4xx_hal_fdcan.c ****       /* Calculate filter address */
1344:Drivers/STM32G4xx_HAL_Driver/Src/stm32g4xx_hal_fdcan.c ****       FilterAddress = (uint32_t *)(hfdcan->msgRam.ExtendedFilterSA + (sFilterConfig->FilterIndex * 
1345:Drivers/STM32G4xx_HAL_Driver/Src/stm32g4xx_hal_fdcan.c **** 
1346:Drivers/STM32G4xx_HAL_Driver/Src/stm32g4xx_hal_fdcan.c ****       /* Write filter element to the message RAM */
1347:Drivers/STM32G4xx_HAL_Driver/Src/stm32g4xx_hal_fdcan.c ****       *FilterAddress = FilterElementW1;
1348:Drivers/STM32G4xx_HAL_Driver/Src/stm32g4xx_hal_fdcan.c ****       FilterAddress++;
1349:Drivers/STM32G4xx_HAL_Driver/Src/stm32g4xx_hal_fdcan.c ****       *FilterAddress = FilterElementW2;
1350:Drivers/STM32G4xx_HAL_Driver/Src/stm32g4xx_hal_fdcan.c ****     }
1351:Drivers/STM32G4xx_HAL_Driver/Src/stm32g4xx_hal_fdcan.c **** 
1352:Drivers/STM32G4xx_HAL_Driver/Src/stm32g4xx_hal_fdcan.c ****     /* Return function status */
1353:Drivers/STM32G4xx_HAL_Driver/Src/stm32g4xx_hal_fdcan.c ****     return HAL_OK;
1354:Drivers/STM32G4xx_HAL_Driver/Src/stm32g4xx_hal_fdcan.c ****   }
1355:Drivers/STM32G4xx_HAL_Driver/Src/stm32g4xx_hal_fdcan.c ****   else
1356:Drivers/STM32G4xx_HAL_Driver/Src/stm32g4xx_hal_fdcan.c ****   {
1357:Drivers/STM32G4xx_HAL_Driver/Src/stm32g4xx_hal_fdcan.c ****     /* Update error code */
1358:Drivers/STM32G4xx_HAL_Driver/Src/stm32g4xx_hal_fdcan.c ****     hfdcan->ErrorCode |= HAL_FDCAN_ERROR_NOT_INITIALIZED;
1359:Drivers/STM32G4xx_HAL_Driver/Src/stm32g4xx_hal_fdcan.c **** 
1360:Drivers/STM32G4xx_HAL_Driver/Src/stm32g4xx_hal_fdcan.c ****     return HAL_ERROR;
1361:Drivers/STM32G4xx_HAL_Driver/Src/stm32g4xx_hal_fdcan.c ****   }
1362:Drivers/STM32G4xx_HAL_Driver/Src/stm32g4xx_hal_fdcan.c **** }
1363:Drivers/STM32G4xx_HAL_Driver/Src/stm32g4xx_hal_fdcan.c **** 
1364:Drivers/STM32G4xx_HAL_Driver/Src/stm32g4xx_hal_fdcan.c **** /**
1365:Drivers/STM32G4xx_HAL_Driver/Src/stm32g4xx_hal_fdcan.c ****   * @brief  Configure the FDCAN global filter.
1366:Drivers/STM32G4xx_HAL_Driver/Src/stm32g4xx_hal_fdcan.c ****   * @param  hfdcan pointer to an FDCAN_HandleTypeDef structure that contains
1367:Drivers/STM32G4xx_HAL_Driver/Src/stm32g4xx_hal_fdcan.c ****   *         the configuration information for the specified FDCAN.
1368:Drivers/STM32G4xx_HAL_Driver/Src/stm32g4xx_hal_fdcan.c ****   * @param  NonMatchingStd Defines how received messages with 11-bit IDs that
1369:Drivers/STM32G4xx_HAL_Driver/Src/stm32g4xx_hal_fdcan.c ****   *         do not match any element of the filter list are treated.
1370:Drivers/STM32G4xx_HAL_Driver/Src/stm32g4xx_hal_fdcan.c ****   *         This parameter can be a value of @arg FDCAN_Non_Matching_Frames.
1371:Drivers/STM32G4xx_HAL_Driver/Src/stm32g4xx_hal_fdcan.c ****   * @param  NonMatchingExt Defines how received messages with 29-bit IDs that
1372:Drivers/STM32G4xx_HAL_Driver/Src/stm32g4xx_hal_fdcan.c ****   *         do not match any element of the filter list are treated.
1373:Drivers/STM32G4xx_HAL_Driver/Src/stm32g4xx_hal_fdcan.c ****   *         This parameter can be a value of @arg FDCAN_Non_Matching_Frames.
1374:Drivers/STM32G4xx_HAL_Driver/Src/stm32g4xx_hal_fdcan.c ****   * @param  RejectRemoteStd Filter or reject all the remote 11-bit IDs frames.
1375:Drivers/STM32G4xx_HAL_Driver/Src/stm32g4xx_hal_fdcan.c ****   *         This parameter can be a value of @arg FDCAN_Reject_Remote_Frames.
1376:Drivers/STM32G4xx_HAL_Driver/Src/stm32g4xx_hal_fdcan.c ****   * @param  RejectRemoteExt Filter or reject all the remote 29-bit IDs frames.
1377:Drivers/STM32G4xx_HAL_Driver/Src/stm32g4xx_hal_fdcan.c ****   *         This parameter can be a value of @arg FDCAN_Reject_Remote_Frames.
1378:Drivers/STM32G4xx_HAL_Driver/Src/stm32g4xx_hal_fdcan.c ****   * @retval HAL status
ARM GAS   			page 26


1379:Drivers/STM32G4xx_HAL_Driver/Src/stm32g4xx_hal_fdcan.c ****   */
1380:Drivers/STM32G4xx_HAL_Driver/Src/stm32g4xx_hal_fdcan.c **** HAL_StatusTypeDef HAL_FDCAN_ConfigGlobalFilter(FDCAN_HandleTypeDef *hfdcan,
1381:Drivers/STM32G4xx_HAL_Driver/Src/stm32g4xx_hal_fdcan.c ****                                                uint32_t NonMatchingStd,
1382:Drivers/STM32G4xx_HAL_Driver/Src/stm32g4xx_hal_fdcan.c ****                                                uint32_t NonMatchingExt,
1383:Drivers/STM32G4xx_HAL_Driver/Src/stm32g4xx_hal_fdcan.c ****                                                uint32_t RejectRemoteStd,
1384:Drivers/STM32G4xx_HAL_Driver/Src/stm32g4xx_hal_fdcan.c ****                                                uint32_t RejectRemoteExt)
1385:Drivers/STM32G4xx_HAL_Driver/Src/stm32g4xx_hal_fdcan.c **** {
1386:Drivers/STM32G4xx_HAL_Driver/Src/stm32g4xx_hal_fdcan.c ****   /* Check function parameters */
1387:Drivers/STM32G4xx_HAL_Driver/Src/stm32g4xx_hal_fdcan.c ****   assert_param(IS_FDCAN_NON_MATCHING(NonMatchingStd));
1388:Drivers/STM32G4xx_HAL_Driver/Src/stm32g4xx_hal_fdcan.c ****   assert_param(IS_FDCAN_NON_MATCHING(NonMatchingExt));
1389:Drivers/STM32G4xx_HAL_Driver/Src/stm32g4xx_hal_fdcan.c ****   assert_param(IS_FDCAN_REJECT_REMOTE(RejectRemoteStd));
1390:Drivers/STM32G4xx_HAL_Driver/Src/stm32g4xx_hal_fdcan.c ****   assert_param(IS_FDCAN_REJECT_REMOTE(RejectRemoteExt));
1391:Drivers/STM32G4xx_HAL_Driver/Src/stm32g4xx_hal_fdcan.c **** 
1392:Drivers/STM32G4xx_HAL_Driver/Src/stm32g4xx_hal_fdcan.c ****   if (hfdcan->State == HAL_FDCAN_STATE_READY)
1393:Drivers/STM32G4xx_HAL_Driver/Src/stm32g4xx_hal_fdcan.c ****   {
1394:Drivers/STM32G4xx_HAL_Driver/Src/stm32g4xx_hal_fdcan.c ****     /* Configure global filter */
1395:Drivers/STM32G4xx_HAL_Driver/Src/stm32g4xx_hal_fdcan.c ****     MODIFY_REG(hfdcan->Instance->RXGFC, (FDCAN_RXGFC_ANFS |
1396:Drivers/STM32G4xx_HAL_Driver/Src/stm32g4xx_hal_fdcan.c ****                                          FDCAN_RXGFC_ANFE |
1397:Drivers/STM32G4xx_HAL_Driver/Src/stm32g4xx_hal_fdcan.c ****                                          FDCAN_RXGFC_RRFS |
1398:Drivers/STM32G4xx_HAL_Driver/Src/stm32g4xx_hal_fdcan.c ****                                          FDCAN_RXGFC_RRFE),
1399:Drivers/STM32G4xx_HAL_Driver/Src/stm32g4xx_hal_fdcan.c ****                ((NonMatchingStd << FDCAN_RXGFC_ANFS_Pos)  |
1400:Drivers/STM32G4xx_HAL_Driver/Src/stm32g4xx_hal_fdcan.c ****                 (NonMatchingExt << FDCAN_RXGFC_ANFE_Pos)  |
1401:Drivers/STM32G4xx_HAL_Driver/Src/stm32g4xx_hal_fdcan.c ****                 (RejectRemoteStd << FDCAN_RXGFC_RRFS_Pos) |
1402:Drivers/STM32G4xx_HAL_Driver/Src/stm32g4xx_hal_fdcan.c ****                 (RejectRemoteExt << FDCAN_RXGFC_RRFE_Pos)));
1403:Drivers/STM32G4xx_HAL_Driver/Src/stm32g4xx_hal_fdcan.c **** 
1404:Drivers/STM32G4xx_HAL_Driver/Src/stm32g4xx_hal_fdcan.c ****     /* Return function status */
1405:Drivers/STM32G4xx_HAL_Driver/Src/stm32g4xx_hal_fdcan.c ****     return HAL_OK;
1406:Drivers/STM32G4xx_HAL_Driver/Src/stm32g4xx_hal_fdcan.c ****   }
1407:Drivers/STM32G4xx_HAL_Driver/Src/stm32g4xx_hal_fdcan.c ****   else
1408:Drivers/STM32G4xx_HAL_Driver/Src/stm32g4xx_hal_fdcan.c ****   {
1409:Drivers/STM32G4xx_HAL_Driver/Src/stm32g4xx_hal_fdcan.c ****     /* Update error code */
1410:Drivers/STM32G4xx_HAL_Driver/Src/stm32g4xx_hal_fdcan.c ****     hfdcan->ErrorCode |= HAL_FDCAN_ERROR_NOT_READY;
1411:Drivers/STM32G4xx_HAL_Driver/Src/stm32g4xx_hal_fdcan.c **** 
1412:Drivers/STM32G4xx_HAL_Driver/Src/stm32g4xx_hal_fdcan.c ****     return HAL_ERROR;
1413:Drivers/STM32G4xx_HAL_Driver/Src/stm32g4xx_hal_fdcan.c ****   }
1414:Drivers/STM32G4xx_HAL_Driver/Src/stm32g4xx_hal_fdcan.c **** }
1415:Drivers/STM32G4xx_HAL_Driver/Src/stm32g4xx_hal_fdcan.c **** 
1416:Drivers/STM32G4xx_HAL_Driver/Src/stm32g4xx_hal_fdcan.c **** /**
1417:Drivers/STM32G4xx_HAL_Driver/Src/stm32g4xx_hal_fdcan.c ****   * @brief  Configure the extended ID mask.
1418:Drivers/STM32G4xx_HAL_Driver/Src/stm32g4xx_hal_fdcan.c ****   * @param  hfdcan pointer to an FDCAN_HandleTypeDef structure that contains
1419:Drivers/STM32G4xx_HAL_Driver/Src/stm32g4xx_hal_fdcan.c ****   *         the configuration information for the specified FDCAN.
1420:Drivers/STM32G4xx_HAL_Driver/Src/stm32g4xx_hal_fdcan.c ****   * @param  Mask Extended ID Mask.
1421:Drivers/STM32G4xx_HAL_Driver/Src/stm32g4xx_hal_fdcan.c ****   *         This parameter must be a number between 0 and 0x1FFFFFFF.
1422:Drivers/STM32G4xx_HAL_Driver/Src/stm32g4xx_hal_fdcan.c ****   * @retval HAL status
1423:Drivers/STM32G4xx_HAL_Driver/Src/stm32g4xx_hal_fdcan.c ****   */
1424:Drivers/STM32G4xx_HAL_Driver/Src/stm32g4xx_hal_fdcan.c **** HAL_StatusTypeDef HAL_FDCAN_ConfigExtendedIdMask(FDCAN_HandleTypeDef *hfdcan, uint32_t Mask)
1425:Drivers/STM32G4xx_HAL_Driver/Src/stm32g4xx_hal_fdcan.c **** {
1426:Drivers/STM32G4xx_HAL_Driver/Src/stm32g4xx_hal_fdcan.c ****   /* Check function parameters */
1427:Drivers/STM32G4xx_HAL_Driver/Src/stm32g4xx_hal_fdcan.c ****   assert_param(IS_FDCAN_MAX_VALUE(Mask, 0x1FFFFFFFU));
1428:Drivers/STM32G4xx_HAL_Driver/Src/stm32g4xx_hal_fdcan.c **** 
1429:Drivers/STM32G4xx_HAL_Driver/Src/stm32g4xx_hal_fdcan.c ****   if (hfdcan->State == HAL_FDCAN_STATE_READY)
1430:Drivers/STM32G4xx_HAL_Driver/Src/stm32g4xx_hal_fdcan.c ****   {
1431:Drivers/STM32G4xx_HAL_Driver/Src/stm32g4xx_hal_fdcan.c ****     /* Configure the extended ID mask */
1432:Drivers/STM32G4xx_HAL_Driver/Src/stm32g4xx_hal_fdcan.c ****     hfdcan->Instance->XIDAM = Mask;
1433:Drivers/STM32G4xx_HAL_Driver/Src/stm32g4xx_hal_fdcan.c **** 
1434:Drivers/STM32G4xx_HAL_Driver/Src/stm32g4xx_hal_fdcan.c ****     /* Return function status */
1435:Drivers/STM32G4xx_HAL_Driver/Src/stm32g4xx_hal_fdcan.c ****     return HAL_OK;
ARM GAS   			page 27


1436:Drivers/STM32G4xx_HAL_Driver/Src/stm32g4xx_hal_fdcan.c ****   }
1437:Drivers/STM32G4xx_HAL_Driver/Src/stm32g4xx_hal_fdcan.c ****   else
1438:Drivers/STM32G4xx_HAL_Driver/Src/stm32g4xx_hal_fdcan.c ****   {
1439:Drivers/STM32G4xx_HAL_Driver/Src/stm32g4xx_hal_fdcan.c ****     /* Update error code */
1440:Drivers/STM32G4xx_HAL_Driver/Src/stm32g4xx_hal_fdcan.c ****     hfdcan->ErrorCode |= HAL_FDCAN_ERROR_NOT_READY;
1441:Drivers/STM32G4xx_HAL_Driver/Src/stm32g4xx_hal_fdcan.c **** 
1442:Drivers/STM32G4xx_HAL_Driver/Src/stm32g4xx_hal_fdcan.c ****     return HAL_ERROR;
1443:Drivers/STM32G4xx_HAL_Driver/Src/stm32g4xx_hal_fdcan.c ****   }
1444:Drivers/STM32G4xx_HAL_Driver/Src/stm32g4xx_hal_fdcan.c **** }
1445:Drivers/STM32G4xx_HAL_Driver/Src/stm32g4xx_hal_fdcan.c **** 
1446:Drivers/STM32G4xx_HAL_Driver/Src/stm32g4xx_hal_fdcan.c **** /**
1447:Drivers/STM32G4xx_HAL_Driver/Src/stm32g4xx_hal_fdcan.c ****   * @brief  Configure the Rx FIFO operation mode.
1448:Drivers/STM32G4xx_HAL_Driver/Src/stm32g4xx_hal_fdcan.c ****   * @param  hfdcan pointer to an FDCAN_HandleTypeDef structure that contains
1449:Drivers/STM32G4xx_HAL_Driver/Src/stm32g4xx_hal_fdcan.c ****   *         the configuration information for the specified FDCAN.
1450:Drivers/STM32G4xx_HAL_Driver/Src/stm32g4xx_hal_fdcan.c ****   * @param  RxFifo Rx FIFO.
1451:Drivers/STM32G4xx_HAL_Driver/Src/stm32g4xx_hal_fdcan.c ****   *         This parameter can be one of the following values:
1452:Drivers/STM32G4xx_HAL_Driver/Src/stm32g4xx_hal_fdcan.c ****   *           @arg FDCAN_RX_FIFO0: Rx FIFO 0
1453:Drivers/STM32G4xx_HAL_Driver/Src/stm32g4xx_hal_fdcan.c ****   *           @arg FDCAN_RX_FIFO1: Rx FIFO 1
1454:Drivers/STM32G4xx_HAL_Driver/Src/stm32g4xx_hal_fdcan.c ****   * @param  OperationMode operation mode.
1455:Drivers/STM32G4xx_HAL_Driver/Src/stm32g4xx_hal_fdcan.c ****   *         This parameter can be a value of @arg FDCAN_Rx_FIFO_operation_mode.
1456:Drivers/STM32G4xx_HAL_Driver/Src/stm32g4xx_hal_fdcan.c ****   * @retval HAL status
1457:Drivers/STM32G4xx_HAL_Driver/Src/stm32g4xx_hal_fdcan.c ****   */
1458:Drivers/STM32G4xx_HAL_Driver/Src/stm32g4xx_hal_fdcan.c **** HAL_StatusTypeDef HAL_FDCAN_ConfigRxFifoOverwrite(FDCAN_HandleTypeDef *hfdcan, uint32_t RxFifo, uin
1459:Drivers/STM32G4xx_HAL_Driver/Src/stm32g4xx_hal_fdcan.c **** {
1460:Drivers/STM32G4xx_HAL_Driver/Src/stm32g4xx_hal_fdcan.c ****   /* Check function parameters */
1461:Drivers/STM32G4xx_HAL_Driver/Src/stm32g4xx_hal_fdcan.c ****   assert_param(IS_FDCAN_RX_FIFO(RxFifo));
1462:Drivers/STM32G4xx_HAL_Driver/Src/stm32g4xx_hal_fdcan.c ****   assert_param(IS_FDCAN_RX_FIFO_MODE(OperationMode));
1463:Drivers/STM32G4xx_HAL_Driver/Src/stm32g4xx_hal_fdcan.c **** 
1464:Drivers/STM32G4xx_HAL_Driver/Src/stm32g4xx_hal_fdcan.c ****   if (hfdcan->State == HAL_FDCAN_STATE_READY)
1465:Drivers/STM32G4xx_HAL_Driver/Src/stm32g4xx_hal_fdcan.c ****   {
1466:Drivers/STM32G4xx_HAL_Driver/Src/stm32g4xx_hal_fdcan.c ****     if (RxFifo == FDCAN_RX_FIFO0)
1467:Drivers/STM32G4xx_HAL_Driver/Src/stm32g4xx_hal_fdcan.c ****     {
1468:Drivers/STM32G4xx_HAL_Driver/Src/stm32g4xx_hal_fdcan.c ****       /* Select FIFO 0 Operation Mode */
1469:Drivers/STM32G4xx_HAL_Driver/Src/stm32g4xx_hal_fdcan.c ****       MODIFY_REG(hfdcan->Instance->RXGFC, FDCAN_RXGFC_F0OM, (OperationMode << FDCAN_RXGFC_F0OM_Pos)
1470:Drivers/STM32G4xx_HAL_Driver/Src/stm32g4xx_hal_fdcan.c ****     }
1471:Drivers/STM32G4xx_HAL_Driver/Src/stm32g4xx_hal_fdcan.c ****     else /* RxFifo == FDCAN_RX_FIFO1 */
1472:Drivers/STM32G4xx_HAL_Driver/Src/stm32g4xx_hal_fdcan.c ****     {
1473:Drivers/STM32G4xx_HAL_Driver/Src/stm32g4xx_hal_fdcan.c ****       /* Select FIFO 1 Operation Mode */
1474:Drivers/STM32G4xx_HAL_Driver/Src/stm32g4xx_hal_fdcan.c ****       MODIFY_REG(hfdcan->Instance->RXGFC, FDCAN_RXGFC_F1OM, (OperationMode << FDCAN_RXGFC_F1OM_Pos)
1475:Drivers/STM32G4xx_HAL_Driver/Src/stm32g4xx_hal_fdcan.c ****     }
1476:Drivers/STM32G4xx_HAL_Driver/Src/stm32g4xx_hal_fdcan.c **** 
1477:Drivers/STM32G4xx_HAL_Driver/Src/stm32g4xx_hal_fdcan.c ****     /* Return function status */
1478:Drivers/STM32G4xx_HAL_Driver/Src/stm32g4xx_hal_fdcan.c ****     return HAL_OK;
1479:Drivers/STM32G4xx_HAL_Driver/Src/stm32g4xx_hal_fdcan.c ****   }
1480:Drivers/STM32G4xx_HAL_Driver/Src/stm32g4xx_hal_fdcan.c ****   else
1481:Drivers/STM32G4xx_HAL_Driver/Src/stm32g4xx_hal_fdcan.c ****   {
1482:Drivers/STM32G4xx_HAL_Driver/Src/stm32g4xx_hal_fdcan.c ****     /* Update error code */
1483:Drivers/STM32G4xx_HAL_Driver/Src/stm32g4xx_hal_fdcan.c ****     hfdcan->ErrorCode |= HAL_FDCAN_ERROR_NOT_READY;
1484:Drivers/STM32G4xx_HAL_Driver/Src/stm32g4xx_hal_fdcan.c **** 
1485:Drivers/STM32G4xx_HAL_Driver/Src/stm32g4xx_hal_fdcan.c ****     return HAL_ERROR;
1486:Drivers/STM32G4xx_HAL_Driver/Src/stm32g4xx_hal_fdcan.c ****   }
1487:Drivers/STM32G4xx_HAL_Driver/Src/stm32g4xx_hal_fdcan.c **** }
1488:Drivers/STM32G4xx_HAL_Driver/Src/stm32g4xx_hal_fdcan.c **** 
1489:Drivers/STM32G4xx_HAL_Driver/Src/stm32g4xx_hal_fdcan.c **** /**
1490:Drivers/STM32G4xx_HAL_Driver/Src/stm32g4xx_hal_fdcan.c ****   * @brief  Configure the RAM watchdog.
1491:Drivers/STM32G4xx_HAL_Driver/Src/stm32g4xx_hal_fdcan.c ****   * @param  hfdcan pointer to an FDCAN_HandleTypeDef structure that contains
1492:Drivers/STM32G4xx_HAL_Driver/Src/stm32g4xx_hal_fdcan.c ****   *         the configuration information for the specified FDCAN.
ARM GAS   			page 28


1493:Drivers/STM32G4xx_HAL_Driver/Src/stm32g4xx_hal_fdcan.c ****   * @param  CounterStartValue Start value of the Message RAM Watchdog Counter,
1494:Drivers/STM32G4xx_HAL_Driver/Src/stm32g4xx_hal_fdcan.c ****   *         This parameter must be a number between 0x00 and 0xFF,
1495:Drivers/STM32G4xx_HAL_Driver/Src/stm32g4xx_hal_fdcan.c ****   *         with the reset value of 0x00 the counter is disabled.
1496:Drivers/STM32G4xx_HAL_Driver/Src/stm32g4xx_hal_fdcan.c ****   * @retval HAL status
1497:Drivers/STM32G4xx_HAL_Driver/Src/stm32g4xx_hal_fdcan.c ****   */
1498:Drivers/STM32G4xx_HAL_Driver/Src/stm32g4xx_hal_fdcan.c **** HAL_StatusTypeDef HAL_FDCAN_ConfigRamWatchdog(FDCAN_HandleTypeDef *hfdcan, uint32_t CounterStartVal
1499:Drivers/STM32G4xx_HAL_Driver/Src/stm32g4xx_hal_fdcan.c **** {
1500:Drivers/STM32G4xx_HAL_Driver/Src/stm32g4xx_hal_fdcan.c ****   /* Check function parameters */
1501:Drivers/STM32G4xx_HAL_Driver/Src/stm32g4xx_hal_fdcan.c ****   assert_param(IS_FDCAN_MAX_VALUE(CounterStartValue, 0xFFU));
1502:Drivers/STM32G4xx_HAL_Driver/Src/stm32g4xx_hal_fdcan.c **** 
1503:Drivers/STM32G4xx_HAL_Driver/Src/stm32g4xx_hal_fdcan.c ****   if (hfdcan->State == HAL_FDCAN_STATE_READY)
1504:Drivers/STM32G4xx_HAL_Driver/Src/stm32g4xx_hal_fdcan.c ****   {
1505:Drivers/STM32G4xx_HAL_Driver/Src/stm32g4xx_hal_fdcan.c ****     /* Configure the RAM watchdog counter start value */
1506:Drivers/STM32G4xx_HAL_Driver/Src/stm32g4xx_hal_fdcan.c ****     MODIFY_REG(hfdcan->Instance->RWD, FDCAN_RWD_WDC, CounterStartValue);
1507:Drivers/STM32G4xx_HAL_Driver/Src/stm32g4xx_hal_fdcan.c **** 
1508:Drivers/STM32G4xx_HAL_Driver/Src/stm32g4xx_hal_fdcan.c ****     /* Return function status */
1509:Drivers/STM32G4xx_HAL_Driver/Src/stm32g4xx_hal_fdcan.c ****     return HAL_OK;
1510:Drivers/STM32G4xx_HAL_Driver/Src/stm32g4xx_hal_fdcan.c ****   }
1511:Drivers/STM32G4xx_HAL_Driver/Src/stm32g4xx_hal_fdcan.c ****   else
1512:Drivers/STM32G4xx_HAL_Driver/Src/stm32g4xx_hal_fdcan.c ****   {
1513:Drivers/STM32G4xx_HAL_Driver/Src/stm32g4xx_hal_fdcan.c ****     /* Update error code */
1514:Drivers/STM32G4xx_HAL_Driver/Src/stm32g4xx_hal_fdcan.c ****     hfdcan->ErrorCode |= HAL_FDCAN_ERROR_NOT_READY;
1515:Drivers/STM32G4xx_HAL_Driver/Src/stm32g4xx_hal_fdcan.c **** 
1516:Drivers/STM32G4xx_HAL_Driver/Src/stm32g4xx_hal_fdcan.c ****     return HAL_ERROR;
1517:Drivers/STM32G4xx_HAL_Driver/Src/stm32g4xx_hal_fdcan.c ****   }
1518:Drivers/STM32G4xx_HAL_Driver/Src/stm32g4xx_hal_fdcan.c **** }
1519:Drivers/STM32G4xx_HAL_Driver/Src/stm32g4xx_hal_fdcan.c **** 
1520:Drivers/STM32G4xx_HAL_Driver/Src/stm32g4xx_hal_fdcan.c **** /**
1521:Drivers/STM32G4xx_HAL_Driver/Src/stm32g4xx_hal_fdcan.c ****   * @brief  Configure the timestamp counter.
1522:Drivers/STM32G4xx_HAL_Driver/Src/stm32g4xx_hal_fdcan.c ****   * @param  hfdcan pointer to an FDCAN_HandleTypeDef structure that contains
1523:Drivers/STM32G4xx_HAL_Driver/Src/stm32g4xx_hal_fdcan.c ****   *         the configuration information for the specified FDCAN.
1524:Drivers/STM32G4xx_HAL_Driver/Src/stm32g4xx_hal_fdcan.c ****   * @param  TimestampPrescaler Timestamp Counter Prescaler.
1525:Drivers/STM32G4xx_HAL_Driver/Src/stm32g4xx_hal_fdcan.c ****   *         This parameter can be a value of @arg FDCAN_Timestamp_Prescaler.
1526:Drivers/STM32G4xx_HAL_Driver/Src/stm32g4xx_hal_fdcan.c ****   * @retval HAL status
1527:Drivers/STM32G4xx_HAL_Driver/Src/stm32g4xx_hal_fdcan.c ****   */
1528:Drivers/STM32G4xx_HAL_Driver/Src/stm32g4xx_hal_fdcan.c **** HAL_StatusTypeDef HAL_FDCAN_ConfigTimestampCounter(FDCAN_HandleTypeDef *hfdcan, uint32_t TimestampP
1529:Drivers/STM32G4xx_HAL_Driver/Src/stm32g4xx_hal_fdcan.c **** {
1530:Drivers/STM32G4xx_HAL_Driver/Src/stm32g4xx_hal_fdcan.c ****   /* Check function parameters */
1531:Drivers/STM32G4xx_HAL_Driver/Src/stm32g4xx_hal_fdcan.c ****   assert_param(IS_FDCAN_TIMESTAMP_PRESCALER(TimestampPrescaler));
1532:Drivers/STM32G4xx_HAL_Driver/Src/stm32g4xx_hal_fdcan.c **** 
1533:Drivers/STM32G4xx_HAL_Driver/Src/stm32g4xx_hal_fdcan.c ****   if (hfdcan->State == HAL_FDCAN_STATE_READY)
1534:Drivers/STM32G4xx_HAL_Driver/Src/stm32g4xx_hal_fdcan.c ****   {
1535:Drivers/STM32G4xx_HAL_Driver/Src/stm32g4xx_hal_fdcan.c ****     /* Configure prescaler */
1536:Drivers/STM32G4xx_HAL_Driver/Src/stm32g4xx_hal_fdcan.c ****     MODIFY_REG(hfdcan->Instance->TSCC, FDCAN_TSCC_TCP, TimestampPrescaler);
1537:Drivers/STM32G4xx_HAL_Driver/Src/stm32g4xx_hal_fdcan.c **** 
1538:Drivers/STM32G4xx_HAL_Driver/Src/stm32g4xx_hal_fdcan.c ****     /* Return function status */
1539:Drivers/STM32G4xx_HAL_Driver/Src/stm32g4xx_hal_fdcan.c ****     return HAL_OK;
1540:Drivers/STM32G4xx_HAL_Driver/Src/stm32g4xx_hal_fdcan.c ****   }
1541:Drivers/STM32G4xx_HAL_Driver/Src/stm32g4xx_hal_fdcan.c ****   else
1542:Drivers/STM32G4xx_HAL_Driver/Src/stm32g4xx_hal_fdcan.c ****   {
1543:Drivers/STM32G4xx_HAL_Driver/Src/stm32g4xx_hal_fdcan.c ****     /* Update error code */
1544:Drivers/STM32G4xx_HAL_Driver/Src/stm32g4xx_hal_fdcan.c ****     hfdcan->ErrorCode |= HAL_FDCAN_ERROR_NOT_READY;
1545:Drivers/STM32G4xx_HAL_Driver/Src/stm32g4xx_hal_fdcan.c **** 
1546:Drivers/STM32G4xx_HAL_Driver/Src/stm32g4xx_hal_fdcan.c ****     return HAL_ERROR;
1547:Drivers/STM32G4xx_HAL_Driver/Src/stm32g4xx_hal_fdcan.c ****   }
1548:Drivers/STM32G4xx_HAL_Driver/Src/stm32g4xx_hal_fdcan.c **** }
1549:Drivers/STM32G4xx_HAL_Driver/Src/stm32g4xx_hal_fdcan.c **** 
ARM GAS   			page 29


1550:Drivers/STM32G4xx_HAL_Driver/Src/stm32g4xx_hal_fdcan.c **** /**
1551:Drivers/STM32G4xx_HAL_Driver/Src/stm32g4xx_hal_fdcan.c ****   * @brief  Enable the timestamp counter.
1552:Drivers/STM32G4xx_HAL_Driver/Src/stm32g4xx_hal_fdcan.c ****   * @param  hfdcan pointer to an FDCAN_HandleTypeDef structure that contains
1553:Drivers/STM32G4xx_HAL_Driver/Src/stm32g4xx_hal_fdcan.c ****   *         the configuration information for the specified FDCAN.
1554:Drivers/STM32G4xx_HAL_Driver/Src/stm32g4xx_hal_fdcan.c ****   * @param  TimestampOperation Timestamp counter operation.
1555:Drivers/STM32G4xx_HAL_Driver/Src/stm32g4xx_hal_fdcan.c ****   *         This parameter can be a value of @arg FDCAN_Timestamp.
1556:Drivers/STM32G4xx_HAL_Driver/Src/stm32g4xx_hal_fdcan.c ****   * @retval HAL status
1557:Drivers/STM32G4xx_HAL_Driver/Src/stm32g4xx_hal_fdcan.c ****   */
1558:Drivers/STM32G4xx_HAL_Driver/Src/stm32g4xx_hal_fdcan.c **** HAL_StatusTypeDef HAL_FDCAN_EnableTimestampCounter(FDCAN_HandleTypeDef *hfdcan, uint32_t TimestampO
1559:Drivers/STM32G4xx_HAL_Driver/Src/stm32g4xx_hal_fdcan.c **** {
1560:Drivers/STM32G4xx_HAL_Driver/Src/stm32g4xx_hal_fdcan.c ****   /* Check function parameters */
1561:Drivers/STM32G4xx_HAL_Driver/Src/stm32g4xx_hal_fdcan.c ****   assert_param(IS_FDCAN_TIMESTAMP(TimestampOperation));
1562:Drivers/STM32G4xx_HAL_Driver/Src/stm32g4xx_hal_fdcan.c **** 
1563:Drivers/STM32G4xx_HAL_Driver/Src/stm32g4xx_hal_fdcan.c ****   if (hfdcan->State == HAL_FDCAN_STATE_READY)
1564:Drivers/STM32G4xx_HAL_Driver/Src/stm32g4xx_hal_fdcan.c ****   {
1565:Drivers/STM32G4xx_HAL_Driver/Src/stm32g4xx_hal_fdcan.c ****     /* Enable timestamp counter */
1566:Drivers/STM32G4xx_HAL_Driver/Src/stm32g4xx_hal_fdcan.c ****     MODIFY_REG(hfdcan->Instance->TSCC, FDCAN_TSCC_TSS, TimestampOperation);
1567:Drivers/STM32G4xx_HAL_Driver/Src/stm32g4xx_hal_fdcan.c **** 
1568:Drivers/STM32G4xx_HAL_Driver/Src/stm32g4xx_hal_fdcan.c ****     /* Return function status */
1569:Drivers/STM32G4xx_HAL_Driver/Src/stm32g4xx_hal_fdcan.c ****     return HAL_OK;
1570:Drivers/STM32G4xx_HAL_Driver/Src/stm32g4xx_hal_fdcan.c ****   }
1571:Drivers/STM32G4xx_HAL_Driver/Src/stm32g4xx_hal_fdcan.c ****   else
1572:Drivers/STM32G4xx_HAL_Driver/Src/stm32g4xx_hal_fdcan.c ****   {
1573:Drivers/STM32G4xx_HAL_Driver/Src/stm32g4xx_hal_fdcan.c ****     /* Update error code */
1574:Drivers/STM32G4xx_HAL_Driver/Src/stm32g4xx_hal_fdcan.c ****     hfdcan->ErrorCode |= HAL_FDCAN_ERROR_NOT_READY;
1575:Drivers/STM32G4xx_HAL_Driver/Src/stm32g4xx_hal_fdcan.c **** 
1576:Drivers/STM32G4xx_HAL_Driver/Src/stm32g4xx_hal_fdcan.c ****     return HAL_ERROR;
1577:Drivers/STM32G4xx_HAL_Driver/Src/stm32g4xx_hal_fdcan.c ****   }
1578:Drivers/STM32G4xx_HAL_Driver/Src/stm32g4xx_hal_fdcan.c **** }
1579:Drivers/STM32G4xx_HAL_Driver/Src/stm32g4xx_hal_fdcan.c **** 
1580:Drivers/STM32G4xx_HAL_Driver/Src/stm32g4xx_hal_fdcan.c **** /**
1581:Drivers/STM32G4xx_HAL_Driver/Src/stm32g4xx_hal_fdcan.c ****   * @brief  Disable the timestamp counter.
1582:Drivers/STM32G4xx_HAL_Driver/Src/stm32g4xx_hal_fdcan.c ****   * @param  hfdcan pointer to an FDCAN_HandleTypeDef structure that contains
1583:Drivers/STM32G4xx_HAL_Driver/Src/stm32g4xx_hal_fdcan.c ****   *         the configuration information for the specified FDCAN.
1584:Drivers/STM32G4xx_HAL_Driver/Src/stm32g4xx_hal_fdcan.c ****   * @retval HAL status
1585:Drivers/STM32G4xx_HAL_Driver/Src/stm32g4xx_hal_fdcan.c ****   */
1586:Drivers/STM32G4xx_HAL_Driver/Src/stm32g4xx_hal_fdcan.c **** HAL_StatusTypeDef HAL_FDCAN_DisableTimestampCounter(FDCAN_HandleTypeDef *hfdcan)
1587:Drivers/STM32G4xx_HAL_Driver/Src/stm32g4xx_hal_fdcan.c **** {
1588:Drivers/STM32G4xx_HAL_Driver/Src/stm32g4xx_hal_fdcan.c ****   if (hfdcan->State == HAL_FDCAN_STATE_READY)
1589:Drivers/STM32G4xx_HAL_Driver/Src/stm32g4xx_hal_fdcan.c ****   {
1590:Drivers/STM32G4xx_HAL_Driver/Src/stm32g4xx_hal_fdcan.c ****     /* Disable timestamp counter */
1591:Drivers/STM32G4xx_HAL_Driver/Src/stm32g4xx_hal_fdcan.c ****     CLEAR_BIT(hfdcan->Instance->TSCC, FDCAN_TSCC_TSS);
1592:Drivers/STM32G4xx_HAL_Driver/Src/stm32g4xx_hal_fdcan.c **** 
1593:Drivers/STM32G4xx_HAL_Driver/Src/stm32g4xx_hal_fdcan.c ****     /* Return function status */
1594:Drivers/STM32G4xx_HAL_Driver/Src/stm32g4xx_hal_fdcan.c ****     return HAL_OK;
1595:Drivers/STM32G4xx_HAL_Driver/Src/stm32g4xx_hal_fdcan.c ****   }
1596:Drivers/STM32G4xx_HAL_Driver/Src/stm32g4xx_hal_fdcan.c ****   else
1597:Drivers/STM32G4xx_HAL_Driver/Src/stm32g4xx_hal_fdcan.c ****   {
1598:Drivers/STM32G4xx_HAL_Driver/Src/stm32g4xx_hal_fdcan.c ****     /* Update error code */
1599:Drivers/STM32G4xx_HAL_Driver/Src/stm32g4xx_hal_fdcan.c ****     hfdcan->ErrorCode |= HAL_FDCAN_ERROR_NOT_READY;
1600:Drivers/STM32G4xx_HAL_Driver/Src/stm32g4xx_hal_fdcan.c **** 
1601:Drivers/STM32G4xx_HAL_Driver/Src/stm32g4xx_hal_fdcan.c ****     return HAL_ERROR;
1602:Drivers/STM32G4xx_HAL_Driver/Src/stm32g4xx_hal_fdcan.c ****   }
1603:Drivers/STM32G4xx_HAL_Driver/Src/stm32g4xx_hal_fdcan.c **** }
1604:Drivers/STM32G4xx_HAL_Driver/Src/stm32g4xx_hal_fdcan.c **** 
1605:Drivers/STM32G4xx_HAL_Driver/Src/stm32g4xx_hal_fdcan.c **** /**
1606:Drivers/STM32G4xx_HAL_Driver/Src/stm32g4xx_hal_fdcan.c ****   * @brief  Get the timestamp counter value.
ARM GAS   			page 30


1607:Drivers/STM32G4xx_HAL_Driver/Src/stm32g4xx_hal_fdcan.c ****   * @param  hfdcan pointer to an FDCAN_HandleTypeDef structure that contains
1608:Drivers/STM32G4xx_HAL_Driver/Src/stm32g4xx_hal_fdcan.c ****   *         the configuration information for the specified FDCAN.
1609:Drivers/STM32G4xx_HAL_Driver/Src/stm32g4xx_hal_fdcan.c ****   * @retval Timestamp counter value
1610:Drivers/STM32G4xx_HAL_Driver/Src/stm32g4xx_hal_fdcan.c ****   */
1611:Drivers/STM32G4xx_HAL_Driver/Src/stm32g4xx_hal_fdcan.c **** uint16_t HAL_FDCAN_GetTimestampCounter(const FDCAN_HandleTypeDef *hfdcan)
1612:Drivers/STM32G4xx_HAL_Driver/Src/stm32g4xx_hal_fdcan.c **** {
1613:Drivers/STM32G4xx_HAL_Driver/Src/stm32g4xx_hal_fdcan.c ****   return (uint16_t)(hfdcan->Instance->TSCV);
1614:Drivers/STM32G4xx_HAL_Driver/Src/stm32g4xx_hal_fdcan.c **** }
1615:Drivers/STM32G4xx_HAL_Driver/Src/stm32g4xx_hal_fdcan.c **** 
1616:Drivers/STM32G4xx_HAL_Driver/Src/stm32g4xx_hal_fdcan.c **** /**
1617:Drivers/STM32G4xx_HAL_Driver/Src/stm32g4xx_hal_fdcan.c ****   * @brief  Reset the timestamp counter to zero.
1618:Drivers/STM32G4xx_HAL_Driver/Src/stm32g4xx_hal_fdcan.c ****   * @param  hfdcan pointer to an FDCAN_HandleTypeDef structure that contains
1619:Drivers/STM32G4xx_HAL_Driver/Src/stm32g4xx_hal_fdcan.c ****   *         the configuration information for the specified FDCAN.
1620:Drivers/STM32G4xx_HAL_Driver/Src/stm32g4xx_hal_fdcan.c ****   * @retval HAL status
1621:Drivers/STM32G4xx_HAL_Driver/Src/stm32g4xx_hal_fdcan.c ****   */
1622:Drivers/STM32G4xx_HAL_Driver/Src/stm32g4xx_hal_fdcan.c **** HAL_StatusTypeDef HAL_FDCAN_ResetTimestampCounter(FDCAN_HandleTypeDef *hfdcan)
1623:Drivers/STM32G4xx_HAL_Driver/Src/stm32g4xx_hal_fdcan.c **** {
1624:Drivers/STM32G4xx_HAL_Driver/Src/stm32g4xx_hal_fdcan.c ****   if ((hfdcan->Instance->TSCC & FDCAN_TSCC_TSS) != FDCAN_TIMESTAMP_EXTERNAL)
1625:Drivers/STM32G4xx_HAL_Driver/Src/stm32g4xx_hal_fdcan.c ****   {
1626:Drivers/STM32G4xx_HAL_Driver/Src/stm32g4xx_hal_fdcan.c ****     /* Reset timestamp counter.
1627:Drivers/STM32G4xx_HAL_Driver/Src/stm32g4xx_hal_fdcan.c ****        Actually any write operation to TSCV clears the counter */
1628:Drivers/STM32G4xx_HAL_Driver/Src/stm32g4xx_hal_fdcan.c ****     CLEAR_REG(hfdcan->Instance->TSCV);
1629:Drivers/STM32G4xx_HAL_Driver/Src/stm32g4xx_hal_fdcan.c ****   }
1630:Drivers/STM32G4xx_HAL_Driver/Src/stm32g4xx_hal_fdcan.c ****   else
1631:Drivers/STM32G4xx_HAL_Driver/Src/stm32g4xx_hal_fdcan.c ****   {
1632:Drivers/STM32G4xx_HAL_Driver/Src/stm32g4xx_hal_fdcan.c ****     /* Update error code.
1633:Drivers/STM32G4xx_HAL_Driver/Src/stm32g4xx_hal_fdcan.c ****        Unable to reset external counter */
1634:Drivers/STM32G4xx_HAL_Driver/Src/stm32g4xx_hal_fdcan.c ****     hfdcan->ErrorCode |= HAL_FDCAN_ERROR_NOT_SUPPORTED;
1635:Drivers/STM32G4xx_HAL_Driver/Src/stm32g4xx_hal_fdcan.c **** 
1636:Drivers/STM32G4xx_HAL_Driver/Src/stm32g4xx_hal_fdcan.c ****     return HAL_ERROR;
1637:Drivers/STM32G4xx_HAL_Driver/Src/stm32g4xx_hal_fdcan.c ****   }
1638:Drivers/STM32G4xx_HAL_Driver/Src/stm32g4xx_hal_fdcan.c **** 
1639:Drivers/STM32G4xx_HAL_Driver/Src/stm32g4xx_hal_fdcan.c ****   /* Return function status */
1640:Drivers/STM32G4xx_HAL_Driver/Src/stm32g4xx_hal_fdcan.c ****   return HAL_OK;
1641:Drivers/STM32G4xx_HAL_Driver/Src/stm32g4xx_hal_fdcan.c **** }
1642:Drivers/STM32G4xx_HAL_Driver/Src/stm32g4xx_hal_fdcan.c **** 
1643:Drivers/STM32G4xx_HAL_Driver/Src/stm32g4xx_hal_fdcan.c **** /**
1644:Drivers/STM32G4xx_HAL_Driver/Src/stm32g4xx_hal_fdcan.c ****   * @brief  Configure the timeout counter.
1645:Drivers/STM32G4xx_HAL_Driver/Src/stm32g4xx_hal_fdcan.c ****   * @param  hfdcan pointer to an FDCAN_HandleTypeDef structure that contains
1646:Drivers/STM32G4xx_HAL_Driver/Src/stm32g4xx_hal_fdcan.c ****   *         the configuration information for the specified FDCAN.
1647:Drivers/STM32G4xx_HAL_Driver/Src/stm32g4xx_hal_fdcan.c ****   * @param  TimeoutOperation Timeout counter operation.
1648:Drivers/STM32G4xx_HAL_Driver/Src/stm32g4xx_hal_fdcan.c ****   *         This parameter can be a value of @arg FDCAN_Timeout_Operation.
1649:Drivers/STM32G4xx_HAL_Driver/Src/stm32g4xx_hal_fdcan.c ****   * @param  TimeoutPeriod Start value of the timeout down-counter.
1650:Drivers/STM32G4xx_HAL_Driver/Src/stm32g4xx_hal_fdcan.c ****   *         This parameter must be a number between 0x0000 and 0xFFFF
1651:Drivers/STM32G4xx_HAL_Driver/Src/stm32g4xx_hal_fdcan.c ****   * @retval HAL status
1652:Drivers/STM32G4xx_HAL_Driver/Src/stm32g4xx_hal_fdcan.c ****   */
1653:Drivers/STM32G4xx_HAL_Driver/Src/stm32g4xx_hal_fdcan.c **** HAL_StatusTypeDef HAL_FDCAN_ConfigTimeoutCounter(FDCAN_HandleTypeDef *hfdcan, uint32_t TimeoutOpera
1654:Drivers/STM32G4xx_HAL_Driver/Src/stm32g4xx_hal_fdcan.c ****                                                  uint32_t TimeoutPeriod)
1655:Drivers/STM32G4xx_HAL_Driver/Src/stm32g4xx_hal_fdcan.c **** {
1656:Drivers/STM32G4xx_HAL_Driver/Src/stm32g4xx_hal_fdcan.c ****   /* Check function parameters */
1657:Drivers/STM32G4xx_HAL_Driver/Src/stm32g4xx_hal_fdcan.c ****   assert_param(IS_FDCAN_TIMEOUT(TimeoutOperation));
1658:Drivers/STM32G4xx_HAL_Driver/Src/stm32g4xx_hal_fdcan.c ****   assert_param(IS_FDCAN_MAX_VALUE(TimeoutPeriod, 0xFFFFU));
1659:Drivers/STM32G4xx_HAL_Driver/Src/stm32g4xx_hal_fdcan.c **** 
1660:Drivers/STM32G4xx_HAL_Driver/Src/stm32g4xx_hal_fdcan.c ****   if (hfdcan->State == HAL_FDCAN_STATE_READY)
1661:Drivers/STM32G4xx_HAL_Driver/Src/stm32g4xx_hal_fdcan.c ****   {
1662:Drivers/STM32G4xx_HAL_Driver/Src/stm32g4xx_hal_fdcan.c ****     /* Select timeout operation and configure period */
1663:Drivers/STM32G4xx_HAL_Driver/Src/stm32g4xx_hal_fdcan.c ****     MODIFY_REG(hfdcan->Instance->TOCC,
ARM GAS   			page 31


1664:Drivers/STM32G4xx_HAL_Driver/Src/stm32g4xx_hal_fdcan.c ****                (FDCAN_TOCC_TOS | FDCAN_TOCC_TOP), (TimeoutOperation | (TimeoutPeriod << FDCAN_TOCC_
1665:Drivers/STM32G4xx_HAL_Driver/Src/stm32g4xx_hal_fdcan.c **** 
1666:Drivers/STM32G4xx_HAL_Driver/Src/stm32g4xx_hal_fdcan.c ****     /* Return function status */
1667:Drivers/STM32G4xx_HAL_Driver/Src/stm32g4xx_hal_fdcan.c ****     return HAL_OK;
1668:Drivers/STM32G4xx_HAL_Driver/Src/stm32g4xx_hal_fdcan.c ****   }
1669:Drivers/STM32G4xx_HAL_Driver/Src/stm32g4xx_hal_fdcan.c ****   else
1670:Drivers/STM32G4xx_HAL_Driver/Src/stm32g4xx_hal_fdcan.c ****   {
1671:Drivers/STM32G4xx_HAL_Driver/Src/stm32g4xx_hal_fdcan.c ****     /* Update error code */
1672:Drivers/STM32G4xx_HAL_Driver/Src/stm32g4xx_hal_fdcan.c ****     hfdcan->ErrorCode |= HAL_FDCAN_ERROR_NOT_READY;
1673:Drivers/STM32G4xx_HAL_Driver/Src/stm32g4xx_hal_fdcan.c **** 
1674:Drivers/STM32G4xx_HAL_Driver/Src/stm32g4xx_hal_fdcan.c ****     return HAL_ERROR;
1675:Drivers/STM32G4xx_HAL_Driver/Src/stm32g4xx_hal_fdcan.c ****   }
1676:Drivers/STM32G4xx_HAL_Driver/Src/stm32g4xx_hal_fdcan.c **** }
1677:Drivers/STM32G4xx_HAL_Driver/Src/stm32g4xx_hal_fdcan.c **** 
1678:Drivers/STM32G4xx_HAL_Driver/Src/stm32g4xx_hal_fdcan.c **** /**
1679:Drivers/STM32G4xx_HAL_Driver/Src/stm32g4xx_hal_fdcan.c ****   * @brief  Enable the timeout counter.
1680:Drivers/STM32G4xx_HAL_Driver/Src/stm32g4xx_hal_fdcan.c ****   * @param  hfdcan pointer to an FDCAN_HandleTypeDef structure that contains
1681:Drivers/STM32G4xx_HAL_Driver/Src/stm32g4xx_hal_fdcan.c ****   *         the configuration information for the specified FDCAN.
1682:Drivers/STM32G4xx_HAL_Driver/Src/stm32g4xx_hal_fdcan.c ****   * @retval HAL status
1683:Drivers/STM32G4xx_HAL_Driver/Src/stm32g4xx_hal_fdcan.c ****   */
1684:Drivers/STM32G4xx_HAL_Driver/Src/stm32g4xx_hal_fdcan.c **** HAL_StatusTypeDef HAL_FDCAN_EnableTimeoutCounter(FDCAN_HandleTypeDef *hfdcan)
1685:Drivers/STM32G4xx_HAL_Driver/Src/stm32g4xx_hal_fdcan.c **** {
1686:Drivers/STM32G4xx_HAL_Driver/Src/stm32g4xx_hal_fdcan.c ****   if (hfdcan->State == HAL_FDCAN_STATE_READY)
1687:Drivers/STM32G4xx_HAL_Driver/Src/stm32g4xx_hal_fdcan.c ****   {
1688:Drivers/STM32G4xx_HAL_Driver/Src/stm32g4xx_hal_fdcan.c ****     /* Enable timeout counter */
1689:Drivers/STM32G4xx_HAL_Driver/Src/stm32g4xx_hal_fdcan.c ****     SET_BIT(hfdcan->Instance->TOCC, FDCAN_TOCC_ETOC);
1690:Drivers/STM32G4xx_HAL_Driver/Src/stm32g4xx_hal_fdcan.c **** 
1691:Drivers/STM32G4xx_HAL_Driver/Src/stm32g4xx_hal_fdcan.c ****     /* Return function status */
1692:Drivers/STM32G4xx_HAL_Driver/Src/stm32g4xx_hal_fdcan.c ****     return HAL_OK;
1693:Drivers/STM32G4xx_HAL_Driver/Src/stm32g4xx_hal_fdcan.c ****   }
1694:Drivers/STM32G4xx_HAL_Driver/Src/stm32g4xx_hal_fdcan.c ****   else
1695:Drivers/STM32G4xx_HAL_Driver/Src/stm32g4xx_hal_fdcan.c ****   {
1696:Drivers/STM32G4xx_HAL_Driver/Src/stm32g4xx_hal_fdcan.c ****     /* Update error code */
1697:Drivers/STM32G4xx_HAL_Driver/Src/stm32g4xx_hal_fdcan.c ****     hfdcan->ErrorCode |= HAL_FDCAN_ERROR_NOT_READY;
1698:Drivers/STM32G4xx_HAL_Driver/Src/stm32g4xx_hal_fdcan.c **** 
1699:Drivers/STM32G4xx_HAL_Driver/Src/stm32g4xx_hal_fdcan.c ****     return HAL_ERROR;
1700:Drivers/STM32G4xx_HAL_Driver/Src/stm32g4xx_hal_fdcan.c ****   }
1701:Drivers/STM32G4xx_HAL_Driver/Src/stm32g4xx_hal_fdcan.c **** }
1702:Drivers/STM32G4xx_HAL_Driver/Src/stm32g4xx_hal_fdcan.c **** 
1703:Drivers/STM32G4xx_HAL_Driver/Src/stm32g4xx_hal_fdcan.c **** /**
1704:Drivers/STM32G4xx_HAL_Driver/Src/stm32g4xx_hal_fdcan.c ****   * @brief  Disable the timeout counter.
1705:Drivers/STM32G4xx_HAL_Driver/Src/stm32g4xx_hal_fdcan.c ****   * @param  hfdcan pointer to an FDCAN_HandleTypeDef structure that contains
1706:Drivers/STM32G4xx_HAL_Driver/Src/stm32g4xx_hal_fdcan.c ****   *         the configuration information for the specified FDCAN.
1707:Drivers/STM32G4xx_HAL_Driver/Src/stm32g4xx_hal_fdcan.c ****   * @retval HAL status
1708:Drivers/STM32G4xx_HAL_Driver/Src/stm32g4xx_hal_fdcan.c ****   */
1709:Drivers/STM32G4xx_HAL_Driver/Src/stm32g4xx_hal_fdcan.c **** HAL_StatusTypeDef HAL_FDCAN_DisableTimeoutCounter(FDCAN_HandleTypeDef *hfdcan)
1710:Drivers/STM32G4xx_HAL_Driver/Src/stm32g4xx_hal_fdcan.c **** {
1711:Drivers/STM32G4xx_HAL_Driver/Src/stm32g4xx_hal_fdcan.c ****   if (hfdcan->State == HAL_FDCAN_STATE_READY)
1712:Drivers/STM32G4xx_HAL_Driver/Src/stm32g4xx_hal_fdcan.c ****   {
1713:Drivers/STM32G4xx_HAL_Driver/Src/stm32g4xx_hal_fdcan.c ****     /* Disable timeout counter */
1714:Drivers/STM32G4xx_HAL_Driver/Src/stm32g4xx_hal_fdcan.c ****     CLEAR_BIT(hfdcan->Instance->TOCC, FDCAN_TOCC_ETOC);
1715:Drivers/STM32G4xx_HAL_Driver/Src/stm32g4xx_hal_fdcan.c **** 
1716:Drivers/STM32G4xx_HAL_Driver/Src/stm32g4xx_hal_fdcan.c ****     /* Return function status */
1717:Drivers/STM32G4xx_HAL_Driver/Src/stm32g4xx_hal_fdcan.c ****     return HAL_OK;
1718:Drivers/STM32G4xx_HAL_Driver/Src/stm32g4xx_hal_fdcan.c ****   }
1719:Drivers/STM32G4xx_HAL_Driver/Src/stm32g4xx_hal_fdcan.c ****   else
1720:Drivers/STM32G4xx_HAL_Driver/Src/stm32g4xx_hal_fdcan.c ****   {
ARM GAS   			page 32


1721:Drivers/STM32G4xx_HAL_Driver/Src/stm32g4xx_hal_fdcan.c ****     /* Update error code */
1722:Drivers/STM32G4xx_HAL_Driver/Src/stm32g4xx_hal_fdcan.c ****     hfdcan->ErrorCode |= HAL_FDCAN_ERROR_NOT_READY;
1723:Drivers/STM32G4xx_HAL_Driver/Src/stm32g4xx_hal_fdcan.c **** 
1724:Drivers/STM32G4xx_HAL_Driver/Src/stm32g4xx_hal_fdcan.c ****     return HAL_ERROR;
1725:Drivers/STM32G4xx_HAL_Driver/Src/stm32g4xx_hal_fdcan.c ****   }
1726:Drivers/STM32G4xx_HAL_Driver/Src/stm32g4xx_hal_fdcan.c **** }
1727:Drivers/STM32G4xx_HAL_Driver/Src/stm32g4xx_hal_fdcan.c **** 
1728:Drivers/STM32G4xx_HAL_Driver/Src/stm32g4xx_hal_fdcan.c **** /**
1729:Drivers/STM32G4xx_HAL_Driver/Src/stm32g4xx_hal_fdcan.c ****   * @brief  Get the timeout counter value.
1730:Drivers/STM32G4xx_HAL_Driver/Src/stm32g4xx_hal_fdcan.c ****   * @param  hfdcan pointer to an FDCAN_HandleTypeDef structure that contains
1731:Drivers/STM32G4xx_HAL_Driver/Src/stm32g4xx_hal_fdcan.c ****   *         the configuration information for the specified FDCAN.
1732:Drivers/STM32G4xx_HAL_Driver/Src/stm32g4xx_hal_fdcan.c ****   * @retval Timeout counter value
1733:Drivers/STM32G4xx_HAL_Driver/Src/stm32g4xx_hal_fdcan.c ****   */
1734:Drivers/STM32G4xx_HAL_Driver/Src/stm32g4xx_hal_fdcan.c **** uint16_t HAL_FDCAN_GetTimeoutCounter(const FDCAN_HandleTypeDef *hfdcan)
1735:Drivers/STM32G4xx_HAL_Driver/Src/stm32g4xx_hal_fdcan.c **** {
1736:Drivers/STM32G4xx_HAL_Driver/Src/stm32g4xx_hal_fdcan.c ****   return (uint16_t)(hfdcan->Instance->TOCV);
1737:Drivers/STM32G4xx_HAL_Driver/Src/stm32g4xx_hal_fdcan.c **** }
1738:Drivers/STM32G4xx_HAL_Driver/Src/stm32g4xx_hal_fdcan.c **** 
1739:Drivers/STM32G4xx_HAL_Driver/Src/stm32g4xx_hal_fdcan.c **** /**
1740:Drivers/STM32G4xx_HAL_Driver/Src/stm32g4xx_hal_fdcan.c ****   * @brief  Reset the timeout counter to its start value.
1741:Drivers/STM32G4xx_HAL_Driver/Src/stm32g4xx_hal_fdcan.c ****   * @param  hfdcan pointer to an FDCAN_HandleTypeDef structure that contains
1742:Drivers/STM32G4xx_HAL_Driver/Src/stm32g4xx_hal_fdcan.c ****   *         the configuration information for the specified FDCAN.
1743:Drivers/STM32G4xx_HAL_Driver/Src/stm32g4xx_hal_fdcan.c ****   * @retval HAL status
1744:Drivers/STM32G4xx_HAL_Driver/Src/stm32g4xx_hal_fdcan.c ****   */
1745:Drivers/STM32G4xx_HAL_Driver/Src/stm32g4xx_hal_fdcan.c **** HAL_StatusTypeDef HAL_FDCAN_ResetTimeoutCounter(FDCAN_HandleTypeDef *hfdcan)
1746:Drivers/STM32G4xx_HAL_Driver/Src/stm32g4xx_hal_fdcan.c **** {
1747:Drivers/STM32G4xx_HAL_Driver/Src/stm32g4xx_hal_fdcan.c ****   if ((hfdcan->Instance->TOCC & FDCAN_TOCC_TOS) == FDCAN_TIMEOUT_CONTINUOUS)
1748:Drivers/STM32G4xx_HAL_Driver/Src/stm32g4xx_hal_fdcan.c ****   {
1749:Drivers/STM32G4xx_HAL_Driver/Src/stm32g4xx_hal_fdcan.c ****     /* Reset timeout counter to start value */
1750:Drivers/STM32G4xx_HAL_Driver/Src/stm32g4xx_hal_fdcan.c ****     CLEAR_REG(hfdcan->Instance->TOCV);
1751:Drivers/STM32G4xx_HAL_Driver/Src/stm32g4xx_hal_fdcan.c **** 
1752:Drivers/STM32G4xx_HAL_Driver/Src/stm32g4xx_hal_fdcan.c ****     /* Return function status */
1753:Drivers/STM32G4xx_HAL_Driver/Src/stm32g4xx_hal_fdcan.c ****     return HAL_OK;
1754:Drivers/STM32G4xx_HAL_Driver/Src/stm32g4xx_hal_fdcan.c ****   }
1755:Drivers/STM32G4xx_HAL_Driver/Src/stm32g4xx_hal_fdcan.c ****   else
1756:Drivers/STM32G4xx_HAL_Driver/Src/stm32g4xx_hal_fdcan.c ****   {
1757:Drivers/STM32G4xx_HAL_Driver/Src/stm32g4xx_hal_fdcan.c ****     /* Update error code.
1758:Drivers/STM32G4xx_HAL_Driver/Src/stm32g4xx_hal_fdcan.c ****        Unable to reset counter: controlled only by FIFO empty state */
1759:Drivers/STM32G4xx_HAL_Driver/Src/stm32g4xx_hal_fdcan.c ****     hfdcan->ErrorCode |= HAL_FDCAN_ERROR_NOT_SUPPORTED;
1760:Drivers/STM32G4xx_HAL_Driver/Src/stm32g4xx_hal_fdcan.c **** 
1761:Drivers/STM32G4xx_HAL_Driver/Src/stm32g4xx_hal_fdcan.c ****     return HAL_ERROR;
1762:Drivers/STM32G4xx_HAL_Driver/Src/stm32g4xx_hal_fdcan.c ****   }
1763:Drivers/STM32G4xx_HAL_Driver/Src/stm32g4xx_hal_fdcan.c **** }
1764:Drivers/STM32G4xx_HAL_Driver/Src/stm32g4xx_hal_fdcan.c **** 
1765:Drivers/STM32G4xx_HAL_Driver/Src/stm32g4xx_hal_fdcan.c **** /**
1766:Drivers/STM32G4xx_HAL_Driver/Src/stm32g4xx_hal_fdcan.c ****   * @brief  Configure the transmitter delay compensation.
1767:Drivers/STM32G4xx_HAL_Driver/Src/stm32g4xx_hal_fdcan.c ****   * @param  hfdcan pointer to an FDCAN_HandleTypeDef structure that contains
1768:Drivers/STM32G4xx_HAL_Driver/Src/stm32g4xx_hal_fdcan.c ****   *         the configuration information for the specified FDCAN.
1769:Drivers/STM32G4xx_HAL_Driver/Src/stm32g4xx_hal_fdcan.c ****   * @param  TdcOffset Transmitter Delay Compensation Offset.
1770:Drivers/STM32G4xx_HAL_Driver/Src/stm32g4xx_hal_fdcan.c ****   *         This parameter must be a number between 0x00 and 0x7F.
1771:Drivers/STM32G4xx_HAL_Driver/Src/stm32g4xx_hal_fdcan.c ****   * @param  TdcFilter Transmitter Delay Compensation Filter Window Length.
1772:Drivers/STM32G4xx_HAL_Driver/Src/stm32g4xx_hal_fdcan.c ****   *         This parameter must be a number between 0x00 and 0x7F.
1773:Drivers/STM32G4xx_HAL_Driver/Src/stm32g4xx_hal_fdcan.c ****   * @retval HAL status
1774:Drivers/STM32G4xx_HAL_Driver/Src/stm32g4xx_hal_fdcan.c ****   */
1775:Drivers/STM32G4xx_HAL_Driver/Src/stm32g4xx_hal_fdcan.c **** HAL_StatusTypeDef HAL_FDCAN_ConfigTxDelayCompensation(FDCAN_HandleTypeDef *hfdcan, uint32_t TdcOffs
1776:Drivers/STM32G4xx_HAL_Driver/Src/stm32g4xx_hal_fdcan.c ****                                                       uint32_t TdcFilter)
1777:Drivers/STM32G4xx_HAL_Driver/Src/stm32g4xx_hal_fdcan.c **** {
ARM GAS   			page 33


1778:Drivers/STM32G4xx_HAL_Driver/Src/stm32g4xx_hal_fdcan.c ****   /* Check function parameters */
1779:Drivers/STM32G4xx_HAL_Driver/Src/stm32g4xx_hal_fdcan.c ****   assert_param(IS_FDCAN_MAX_VALUE(TdcOffset, 0x7FU));
1780:Drivers/STM32G4xx_HAL_Driver/Src/stm32g4xx_hal_fdcan.c ****   assert_param(IS_FDCAN_MAX_VALUE(TdcFilter, 0x7FU));
1781:Drivers/STM32G4xx_HAL_Driver/Src/stm32g4xx_hal_fdcan.c **** 
1782:Drivers/STM32G4xx_HAL_Driver/Src/stm32g4xx_hal_fdcan.c ****   if (hfdcan->State == HAL_FDCAN_STATE_READY)
1783:Drivers/STM32G4xx_HAL_Driver/Src/stm32g4xx_hal_fdcan.c ****   {
1784:Drivers/STM32G4xx_HAL_Driver/Src/stm32g4xx_hal_fdcan.c ****     /* Configure TDC offset and filter window */
1785:Drivers/STM32G4xx_HAL_Driver/Src/stm32g4xx_hal_fdcan.c ****     hfdcan->Instance->TDCR = ((TdcFilter << FDCAN_TDCR_TDCF_Pos) | (TdcOffset << FDCAN_TDCR_TDCO_Po
1786:Drivers/STM32G4xx_HAL_Driver/Src/stm32g4xx_hal_fdcan.c **** 
1787:Drivers/STM32G4xx_HAL_Driver/Src/stm32g4xx_hal_fdcan.c ****     /* Return function status */
1788:Drivers/STM32G4xx_HAL_Driver/Src/stm32g4xx_hal_fdcan.c ****     return HAL_OK;
1789:Drivers/STM32G4xx_HAL_Driver/Src/stm32g4xx_hal_fdcan.c ****   }
1790:Drivers/STM32G4xx_HAL_Driver/Src/stm32g4xx_hal_fdcan.c ****   else
1791:Drivers/STM32G4xx_HAL_Driver/Src/stm32g4xx_hal_fdcan.c ****   {
1792:Drivers/STM32G4xx_HAL_Driver/Src/stm32g4xx_hal_fdcan.c ****     /* Update error code */
1793:Drivers/STM32G4xx_HAL_Driver/Src/stm32g4xx_hal_fdcan.c ****     hfdcan->ErrorCode |= HAL_FDCAN_ERROR_NOT_READY;
1794:Drivers/STM32G4xx_HAL_Driver/Src/stm32g4xx_hal_fdcan.c **** 
1795:Drivers/STM32G4xx_HAL_Driver/Src/stm32g4xx_hal_fdcan.c ****     return HAL_ERROR;
1796:Drivers/STM32G4xx_HAL_Driver/Src/stm32g4xx_hal_fdcan.c ****   }
1797:Drivers/STM32G4xx_HAL_Driver/Src/stm32g4xx_hal_fdcan.c **** }
1798:Drivers/STM32G4xx_HAL_Driver/Src/stm32g4xx_hal_fdcan.c **** 
1799:Drivers/STM32G4xx_HAL_Driver/Src/stm32g4xx_hal_fdcan.c **** /**
1800:Drivers/STM32G4xx_HAL_Driver/Src/stm32g4xx_hal_fdcan.c ****   * @brief  Enable the transmitter delay compensation.
1801:Drivers/STM32G4xx_HAL_Driver/Src/stm32g4xx_hal_fdcan.c ****   * @param  hfdcan pointer to an FDCAN_HandleTypeDef structure that contains
1802:Drivers/STM32G4xx_HAL_Driver/Src/stm32g4xx_hal_fdcan.c ****   *         the configuration information for the specified FDCAN.
1803:Drivers/STM32G4xx_HAL_Driver/Src/stm32g4xx_hal_fdcan.c ****   * @retval HAL status
1804:Drivers/STM32G4xx_HAL_Driver/Src/stm32g4xx_hal_fdcan.c ****   */
1805:Drivers/STM32G4xx_HAL_Driver/Src/stm32g4xx_hal_fdcan.c **** HAL_StatusTypeDef HAL_FDCAN_EnableTxDelayCompensation(FDCAN_HandleTypeDef *hfdcan)
1806:Drivers/STM32G4xx_HAL_Driver/Src/stm32g4xx_hal_fdcan.c **** {
1807:Drivers/STM32G4xx_HAL_Driver/Src/stm32g4xx_hal_fdcan.c ****   if (hfdcan->State == HAL_FDCAN_STATE_READY)
1808:Drivers/STM32G4xx_HAL_Driver/Src/stm32g4xx_hal_fdcan.c ****   {
1809:Drivers/STM32G4xx_HAL_Driver/Src/stm32g4xx_hal_fdcan.c ****     /* Enable transmitter delay compensation */
1810:Drivers/STM32G4xx_HAL_Driver/Src/stm32g4xx_hal_fdcan.c ****     SET_BIT(hfdcan->Instance->DBTP, FDCAN_DBTP_TDC);
1811:Drivers/STM32G4xx_HAL_Driver/Src/stm32g4xx_hal_fdcan.c **** 
1812:Drivers/STM32G4xx_HAL_Driver/Src/stm32g4xx_hal_fdcan.c ****     /* Return function status */
1813:Drivers/STM32G4xx_HAL_Driver/Src/stm32g4xx_hal_fdcan.c ****     return HAL_OK;
1814:Drivers/STM32G4xx_HAL_Driver/Src/stm32g4xx_hal_fdcan.c ****   }
1815:Drivers/STM32G4xx_HAL_Driver/Src/stm32g4xx_hal_fdcan.c ****   else
1816:Drivers/STM32G4xx_HAL_Driver/Src/stm32g4xx_hal_fdcan.c ****   {
1817:Drivers/STM32G4xx_HAL_Driver/Src/stm32g4xx_hal_fdcan.c ****     /* Update error code */
1818:Drivers/STM32G4xx_HAL_Driver/Src/stm32g4xx_hal_fdcan.c ****     hfdcan->ErrorCode |= HAL_FDCAN_ERROR_NOT_READY;
1819:Drivers/STM32G4xx_HAL_Driver/Src/stm32g4xx_hal_fdcan.c **** 
1820:Drivers/STM32G4xx_HAL_Driver/Src/stm32g4xx_hal_fdcan.c ****     return HAL_ERROR;
1821:Drivers/STM32G4xx_HAL_Driver/Src/stm32g4xx_hal_fdcan.c ****   }
1822:Drivers/STM32G4xx_HAL_Driver/Src/stm32g4xx_hal_fdcan.c **** }
1823:Drivers/STM32G4xx_HAL_Driver/Src/stm32g4xx_hal_fdcan.c **** 
1824:Drivers/STM32G4xx_HAL_Driver/Src/stm32g4xx_hal_fdcan.c **** /**
1825:Drivers/STM32G4xx_HAL_Driver/Src/stm32g4xx_hal_fdcan.c ****   * @brief  Disable the transmitter delay compensation.
1826:Drivers/STM32G4xx_HAL_Driver/Src/stm32g4xx_hal_fdcan.c ****   * @param  hfdcan pointer to an FDCAN_HandleTypeDef structure that contains
1827:Drivers/STM32G4xx_HAL_Driver/Src/stm32g4xx_hal_fdcan.c ****   *         the configuration information for the specified FDCAN.
1828:Drivers/STM32G4xx_HAL_Driver/Src/stm32g4xx_hal_fdcan.c ****   * @retval HAL status
1829:Drivers/STM32G4xx_HAL_Driver/Src/stm32g4xx_hal_fdcan.c ****   */
1830:Drivers/STM32G4xx_HAL_Driver/Src/stm32g4xx_hal_fdcan.c **** HAL_StatusTypeDef HAL_FDCAN_DisableTxDelayCompensation(FDCAN_HandleTypeDef *hfdcan)
1831:Drivers/STM32G4xx_HAL_Driver/Src/stm32g4xx_hal_fdcan.c **** {
1832:Drivers/STM32G4xx_HAL_Driver/Src/stm32g4xx_hal_fdcan.c ****   if (hfdcan->State == HAL_FDCAN_STATE_READY)
1833:Drivers/STM32G4xx_HAL_Driver/Src/stm32g4xx_hal_fdcan.c ****   {
1834:Drivers/STM32G4xx_HAL_Driver/Src/stm32g4xx_hal_fdcan.c ****     /* Disable transmitter delay compensation */
ARM GAS   			page 34


1835:Drivers/STM32G4xx_HAL_Driver/Src/stm32g4xx_hal_fdcan.c ****     CLEAR_BIT(hfdcan->Instance->DBTP, FDCAN_DBTP_TDC);
1836:Drivers/STM32G4xx_HAL_Driver/Src/stm32g4xx_hal_fdcan.c **** 
1837:Drivers/STM32G4xx_HAL_Driver/Src/stm32g4xx_hal_fdcan.c ****     /* Return function status */
1838:Drivers/STM32G4xx_HAL_Driver/Src/stm32g4xx_hal_fdcan.c ****     return HAL_OK;
1839:Drivers/STM32G4xx_HAL_Driver/Src/stm32g4xx_hal_fdcan.c ****   }
1840:Drivers/STM32G4xx_HAL_Driver/Src/stm32g4xx_hal_fdcan.c ****   else
1841:Drivers/STM32G4xx_HAL_Driver/Src/stm32g4xx_hal_fdcan.c ****   {
1842:Drivers/STM32G4xx_HAL_Driver/Src/stm32g4xx_hal_fdcan.c ****     /* Update error code */
1843:Drivers/STM32G4xx_HAL_Driver/Src/stm32g4xx_hal_fdcan.c ****     hfdcan->ErrorCode |= HAL_FDCAN_ERROR_NOT_READY;
1844:Drivers/STM32G4xx_HAL_Driver/Src/stm32g4xx_hal_fdcan.c **** 
1845:Drivers/STM32G4xx_HAL_Driver/Src/stm32g4xx_hal_fdcan.c ****     return HAL_ERROR;
1846:Drivers/STM32G4xx_HAL_Driver/Src/stm32g4xx_hal_fdcan.c ****   }
1847:Drivers/STM32G4xx_HAL_Driver/Src/stm32g4xx_hal_fdcan.c **** }
1848:Drivers/STM32G4xx_HAL_Driver/Src/stm32g4xx_hal_fdcan.c **** 
1849:Drivers/STM32G4xx_HAL_Driver/Src/stm32g4xx_hal_fdcan.c **** /**
1850:Drivers/STM32G4xx_HAL_Driver/Src/stm32g4xx_hal_fdcan.c ****   * @brief  Enable ISO 11898-1 protocol mode.
1851:Drivers/STM32G4xx_HAL_Driver/Src/stm32g4xx_hal_fdcan.c ****   *         CAN FD frame format is according to ISO 11898-1 standard.
1852:Drivers/STM32G4xx_HAL_Driver/Src/stm32g4xx_hal_fdcan.c ****   * @param  hfdcan pointer to an FDCAN_HandleTypeDef structure that contains
1853:Drivers/STM32G4xx_HAL_Driver/Src/stm32g4xx_hal_fdcan.c ****   *         the configuration information for the specified FDCAN.
1854:Drivers/STM32G4xx_HAL_Driver/Src/stm32g4xx_hal_fdcan.c ****   * @retval HAL status
1855:Drivers/STM32G4xx_HAL_Driver/Src/stm32g4xx_hal_fdcan.c ****   */
1856:Drivers/STM32G4xx_HAL_Driver/Src/stm32g4xx_hal_fdcan.c **** HAL_StatusTypeDef HAL_FDCAN_EnableISOMode(FDCAN_HandleTypeDef *hfdcan)
1857:Drivers/STM32G4xx_HAL_Driver/Src/stm32g4xx_hal_fdcan.c **** {
1858:Drivers/STM32G4xx_HAL_Driver/Src/stm32g4xx_hal_fdcan.c ****   if (hfdcan->State == HAL_FDCAN_STATE_READY)
1859:Drivers/STM32G4xx_HAL_Driver/Src/stm32g4xx_hal_fdcan.c ****   {
1860:Drivers/STM32G4xx_HAL_Driver/Src/stm32g4xx_hal_fdcan.c ****     /* Disable Non ISO protocol mode */
1861:Drivers/STM32G4xx_HAL_Driver/Src/stm32g4xx_hal_fdcan.c ****     CLEAR_BIT(hfdcan->Instance->CCCR, FDCAN_CCCR_NISO);
1862:Drivers/STM32G4xx_HAL_Driver/Src/stm32g4xx_hal_fdcan.c **** 
1863:Drivers/STM32G4xx_HAL_Driver/Src/stm32g4xx_hal_fdcan.c ****     /* Return function status */
1864:Drivers/STM32G4xx_HAL_Driver/Src/stm32g4xx_hal_fdcan.c ****     return HAL_OK;
1865:Drivers/STM32G4xx_HAL_Driver/Src/stm32g4xx_hal_fdcan.c ****   }
1866:Drivers/STM32G4xx_HAL_Driver/Src/stm32g4xx_hal_fdcan.c ****   else
1867:Drivers/STM32G4xx_HAL_Driver/Src/stm32g4xx_hal_fdcan.c ****   {
1868:Drivers/STM32G4xx_HAL_Driver/Src/stm32g4xx_hal_fdcan.c ****     /* Update error code */
1869:Drivers/STM32G4xx_HAL_Driver/Src/stm32g4xx_hal_fdcan.c ****     hfdcan->ErrorCode |= HAL_FDCAN_ERROR_NOT_READY;
1870:Drivers/STM32G4xx_HAL_Driver/Src/stm32g4xx_hal_fdcan.c **** 
1871:Drivers/STM32G4xx_HAL_Driver/Src/stm32g4xx_hal_fdcan.c ****     return HAL_ERROR;
1872:Drivers/STM32G4xx_HAL_Driver/Src/stm32g4xx_hal_fdcan.c ****   }
1873:Drivers/STM32G4xx_HAL_Driver/Src/stm32g4xx_hal_fdcan.c **** }
1874:Drivers/STM32G4xx_HAL_Driver/Src/stm32g4xx_hal_fdcan.c **** 
1875:Drivers/STM32G4xx_HAL_Driver/Src/stm32g4xx_hal_fdcan.c **** /**
1876:Drivers/STM32G4xx_HAL_Driver/Src/stm32g4xx_hal_fdcan.c ****   * @brief  Disable ISO 11898-1 protocol mode.
1877:Drivers/STM32G4xx_HAL_Driver/Src/stm32g4xx_hal_fdcan.c ****   *         CAN FD frame format is according to Bosch CAN FD specification V1.0.
1878:Drivers/STM32G4xx_HAL_Driver/Src/stm32g4xx_hal_fdcan.c ****   * @param  hfdcan pointer to an FDCAN_HandleTypeDef structure that contains
1879:Drivers/STM32G4xx_HAL_Driver/Src/stm32g4xx_hal_fdcan.c ****   *         the configuration information for the specified FDCAN.
1880:Drivers/STM32G4xx_HAL_Driver/Src/stm32g4xx_hal_fdcan.c ****   * @retval HAL status
1881:Drivers/STM32G4xx_HAL_Driver/Src/stm32g4xx_hal_fdcan.c ****   */
1882:Drivers/STM32G4xx_HAL_Driver/Src/stm32g4xx_hal_fdcan.c **** HAL_StatusTypeDef HAL_FDCAN_DisableISOMode(FDCAN_HandleTypeDef *hfdcan)
1883:Drivers/STM32G4xx_HAL_Driver/Src/stm32g4xx_hal_fdcan.c **** {
1884:Drivers/STM32G4xx_HAL_Driver/Src/stm32g4xx_hal_fdcan.c ****   if (hfdcan->State == HAL_FDCAN_STATE_READY)
1885:Drivers/STM32G4xx_HAL_Driver/Src/stm32g4xx_hal_fdcan.c ****   {
1886:Drivers/STM32G4xx_HAL_Driver/Src/stm32g4xx_hal_fdcan.c ****     /* Enable Non ISO protocol mode */
1887:Drivers/STM32G4xx_HAL_Driver/Src/stm32g4xx_hal_fdcan.c ****     SET_BIT(hfdcan->Instance->CCCR, FDCAN_CCCR_NISO);
1888:Drivers/STM32G4xx_HAL_Driver/Src/stm32g4xx_hal_fdcan.c **** 
1889:Drivers/STM32G4xx_HAL_Driver/Src/stm32g4xx_hal_fdcan.c ****     /* Return function status */
1890:Drivers/STM32G4xx_HAL_Driver/Src/stm32g4xx_hal_fdcan.c ****     return HAL_OK;
1891:Drivers/STM32G4xx_HAL_Driver/Src/stm32g4xx_hal_fdcan.c ****   }
ARM GAS   			page 35


1892:Drivers/STM32G4xx_HAL_Driver/Src/stm32g4xx_hal_fdcan.c ****   else
1893:Drivers/STM32G4xx_HAL_Driver/Src/stm32g4xx_hal_fdcan.c ****   {
1894:Drivers/STM32G4xx_HAL_Driver/Src/stm32g4xx_hal_fdcan.c ****     /* Update error code */
1895:Drivers/STM32G4xx_HAL_Driver/Src/stm32g4xx_hal_fdcan.c ****     hfdcan->ErrorCode |= HAL_FDCAN_ERROR_NOT_READY;
1896:Drivers/STM32G4xx_HAL_Driver/Src/stm32g4xx_hal_fdcan.c **** 
1897:Drivers/STM32G4xx_HAL_Driver/Src/stm32g4xx_hal_fdcan.c ****     return HAL_ERROR;
1898:Drivers/STM32G4xx_HAL_Driver/Src/stm32g4xx_hal_fdcan.c ****   }
1899:Drivers/STM32G4xx_HAL_Driver/Src/stm32g4xx_hal_fdcan.c **** }
1900:Drivers/STM32G4xx_HAL_Driver/Src/stm32g4xx_hal_fdcan.c **** 
1901:Drivers/STM32G4xx_HAL_Driver/Src/stm32g4xx_hal_fdcan.c **** /**
1902:Drivers/STM32G4xx_HAL_Driver/Src/stm32g4xx_hal_fdcan.c ****   * @brief  Enable edge filtering during bus integration.
1903:Drivers/STM32G4xx_HAL_Driver/Src/stm32g4xx_hal_fdcan.c ****   *         Two consecutive dominant tq are required to detect an edge for hard synchronization.
1904:Drivers/STM32G4xx_HAL_Driver/Src/stm32g4xx_hal_fdcan.c ****   * @param  hfdcan pointer to an FDCAN_HandleTypeDef structure that contains
1905:Drivers/STM32G4xx_HAL_Driver/Src/stm32g4xx_hal_fdcan.c ****   *         the configuration information for the specified FDCAN.
1906:Drivers/STM32G4xx_HAL_Driver/Src/stm32g4xx_hal_fdcan.c ****   * @retval HAL status
1907:Drivers/STM32G4xx_HAL_Driver/Src/stm32g4xx_hal_fdcan.c ****   */
1908:Drivers/STM32G4xx_HAL_Driver/Src/stm32g4xx_hal_fdcan.c **** HAL_StatusTypeDef HAL_FDCAN_EnableEdgeFiltering(FDCAN_HandleTypeDef *hfdcan)
1909:Drivers/STM32G4xx_HAL_Driver/Src/stm32g4xx_hal_fdcan.c **** {
1910:Drivers/STM32G4xx_HAL_Driver/Src/stm32g4xx_hal_fdcan.c ****   if (hfdcan->State == HAL_FDCAN_STATE_READY)
1911:Drivers/STM32G4xx_HAL_Driver/Src/stm32g4xx_hal_fdcan.c ****   {
1912:Drivers/STM32G4xx_HAL_Driver/Src/stm32g4xx_hal_fdcan.c ****     /* Enable edge filtering */
1913:Drivers/STM32G4xx_HAL_Driver/Src/stm32g4xx_hal_fdcan.c ****     SET_BIT(hfdcan->Instance->CCCR, FDCAN_CCCR_EFBI);
1914:Drivers/STM32G4xx_HAL_Driver/Src/stm32g4xx_hal_fdcan.c **** 
1915:Drivers/STM32G4xx_HAL_Driver/Src/stm32g4xx_hal_fdcan.c ****     /* Return function status */
1916:Drivers/STM32G4xx_HAL_Driver/Src/stm32g4xx_hal_fdcan.c ****     return HAL_OK;
1917:Drivers/STM32G4xx_HAL_Driver/Src/stm32g4xx_hal_fdcan.c ****   }
1918:Drivers/STM32G4xx_HAL_Driver/Src/stm32g4xx_hal_fdcan.c ****   else
1919:Drivers/STM32G4xx_HAL_Driver/Src/stm32g4xx_hal_fdcan.c ****   {
1920:Drivers/STM32G4xx_HAL_Driver/Src/stm32g4xx_hal_fdcan.c ****     /* Update error code */
1921:Drivers/STM32G4xx_HAL_Driver/Src/stm32g4xx_hal_fdcan.c ****     hfdcan->ErrorCode |= HAL_FDCAN_ERROR_NOT_READY;
1922:Drivers/STM32G4xx_HAL_Driver/Src/stm32g4xx_hal_fdcan.c **** 
1923:Drivers/STM32G4xx_HAL_Driver/Src/stm32g4xx_hal_fdcan.c ****     return HAL_ERROR;
1924:Drivers/STM32G4xx_HAL_Driver/Src/stm32g4xx_hal_fdcan.c ****   }
1925:Drivers/STM32G4xx_HAL_Driver/Src/stm32g4xx_hal_fdcan.c **** }
1926:Drivers/STM32G4xx_HAL_Driver/Src/stm32g4xx_hal_fdcan.c **** 
1927:Drivers/STM32G4xx_HAL_Driver/Src/stm32g4xx_hal_fdcan.c **** /**
1928:Drivers/STM32G4xx_HAL_Driver/Src/stm32g4xx_hal_fdcan.c ****   * @brief  Disable edge filtering during bus integration.
1929:Drivers/STM32G4xx_HAL_Driver/Src/stm32g4xx_hal_fdcan.c ****   *         One dominant tq is required to detect an edge for hard synchronization.
1930:Drivers/STM32G4xx_HAL_Driver/Src/stm32g4xx_hal_fdcan.c ****   * @param  hfdcan pointer to an FDCAN_HandleTypeDef structure that contains
1931:Drivers/STM32G4xx_HAL_Driver/Src/stm32g4xx_hal_fdcan.c ****   *         the configuration information for the specified FDCAN.
1932:Drivers/STM32G4xx_HAL_Driver/Src/stm32g4xx_hal_fdcan.c ****   * @retval HAL status
1933:Drivers/STM32G4xx_HAL_Driver/Src/stm32g4xx_hal_fdcan.c ****   */
1934:Drivers/STM32G4xx_HAL_Driver/Src/stm32g4xx_hal_fdcan.c **** HAL_StatusTypeDef HAL_FDCAN_DisableEdgeFiltering(FDCAN_HandleTypeDef *hfdcan)
1935:Drivers/STM32G4xx_HAL_Driver/Src/stm32g4xx_hal_fdcan.c **** {
1936:Drivers/STM32G4xx_HAL_Driver/Src/stm32g4xx_hal_fdcan.c ****   if (hfdcan->State == HAL_FDCAN_STATE_READY)
1937:Drivers/STM32G4xx_HAL_Driver/Src/stm32g4xx_hal_fdcan.c ****   {
1938:Drivers/STM32G4xx_HAL_Driver/Src/stm32g4xx_hal_fdcan.c ****     /* Disable edge filtering */
1939:Drivers/STM32G4xx_HAL_Driver/Src/stm32g4xx_hal_fdcan.c ****     CLEAR_BIT(hfdcan->Instance->CCCR, FDCAN_CCCR_EFBI);
1940:Drivers/STM32G4xx_HAL_Driver/Src/stm32g4xx_hal_fdcan.c **** 
1941:Drivers/STM32G4xx_HAL_Driver/Src/stm32g4xx_hal_fdcan.c ****     /* Return function status */
1942:Drivers/STM32G4xx_HAL_Driver/Src/stm32g4xx_hal_fdcan.c ****     return HAL_OK;
1943:Drivers/STM32G4xx_HAL_Driver/Src/stm32g4xx_hal_fdcan.c ****   }
1944:Drivers/STM32G4xx_HAL_Driver/Src/stm32g4xx_hal_fdcan.c ****   else
1945:Drivers/STM32G4xx_HAL_Driver/Src/stm32g4xx_hal_fdcan.c ****   {
1946:Drivers/STM32G4xx_HAL_Driver/Src/stm32g4xx_hal_fdcan.c ****     /* Update error code */
1947:Drivers/STM32G4xx_HAL_Driver/Src/stm32g4xx_hal_fdcan.c ****     hfdcan->ErrorCode |= HAL_FDCAN_ERROR_NOT_READY;
1948:Drivers/STM32G4xx_HAL_Driver/Src/stm32g4xx_hal_fdcan.c **** 
ARM GAS   			page 36


1949:Drivers/STM32G4xx_HAL_Driver/Src/stm32g4xx_hal_fdcan.c ****     return HAL_ERROR;
1950:Drivers/STM32G4xx_HAL_Driver/Src/stm32g4xx_hal_fdcan.c ****   }
1951:Drivers/STM32G4xx_HAL_Driver/Src/stm32g4xx_hal_fdcan.c **** }
1952:Drivers/STM32G4xx_HAL_Driver/Src/stm32g4xx_hal_fdcan.c **** 
1953:Drivers/STM32G4xx_HAL_Driver/Src/stm32g4xx_hal_fdcan.c **** /**
1954:Drivers/STM32G4xx_HAL_Driver/Src/stm32g4xx_hal_fdcan.c ****   * @}
1955:Drivers/STM32G4xx_HAL_Driver/Src/stm32g4xx_hal_fdcan.c ****   */
1956:Drivers/STM32G4xx_HAL_Driver/Src/stm32g4xx_hal_fdcan.c **** 
1957:Drivers/STM32G4xx_HAL_Driver/Src/stm32g4xx_hal_fdcan.c **** /** @defgroup FDCAN_Exported_Functions_Group3 Control functions
1958:Drivers/STM32G4xx_HAL_Driver/Src/stm32g4xx_hal_fdcan.c ****   *  @brief    Control functions
1959:Drivers/STM32G4xx_HAL_Driver/Src/stm32g4xx_hal_fdcan.c ****   *
1960:Drivers/STM32G4xx_HAL_Driver/Src/stm32g4xx_hal_fdcan.c **** @verbatim
1961:Drivers/STM32G4xx_HAL_Driver/Src/stm32g4xx_hal_fdcan.c ****   ==============================================================================
1962:Drivers/STM32G4xx_HAL_Driver/Src/stm32g4xx_hal_fdcan.c ****                           ##### Control functions #####
1963:Drivers/STM32G4xx_HAL_Driver/Src/stm32g4xx_hal_fdcan.c ****   ==============================================================================
1964:Drivers/STM32G4xx_HAL_Driver/Src/stm32g4xx_hal_fdcan.c ****     [..]  This section provides functions allowing to:
1965:Drivers/STM32G4xx_HAL_Driver/Src/stm32g4xx_hal_fdcan.c ****       (+) HAL_FDCAN_Start                         : Start the FDCAN module
1966:Drivers/STM32G4xx_HAL_Driver/Src/stm32g4xx_hal_fdcan.c ****       (+) HAL_FDCAN_Stop                          : Stop the FDCAN module and enable access to conf
1967:Drivers/STM32G4xx_HAL_Driver/Src/stm32g4xx_hal_fdcan.c ****       (+) HAL_FDCAN_AddMessageToTxFifoQ           : Add a message to the Tx FIFO/Queue and activate
1968:Drivers/STM32G4xx_HAL_Driver/Src/stm32g4xx_hal_fdcan.c ****                                                     transmission request
1969:Drivers/STM32G4xx_HAL_Driver/Src/stm32g4xx_hal_fdcan.c ****       (+) HAL_FDCAN_GetLatestTxFifoQRequestBuffer : Get Tx buffer index of latest Tx FIFO/Queue req
1970:Drivers/STM32G4xx_HAL_Driver/Src/stm32g4xx_hal_fdcan.c ****       (+) HAL_FDCAN_AbortTxRequest                : Abort transmission request
1971:Drivers/STM32G4xx_HAL_Driver/Src/stm32g4xx_hal_fdcan.c ****       (+) HAL_FDCAN_GetRxMessage                  : Get an FDCAN frame from the Rx FIFO zone into t
1972:Drivers/STM32G4xx_HAL_Driver/Src/stm32g4xx_hal_fdcan.c ****       (+) HAL_FDCAN_GetTxEvent                    : Get an FDCAN Tx event from the Tx Event FIFO zo
1973:Drivers/STM32G4xx_HAL_Driver/Src/stm32g4xx_hal_fdcan.c ****                                                     into the message RAM
1974:Drivers/STM32G4xx_HAL_Driver/Src/stm32g4xx_hal_fdcan.c ****       (+) HAL_FDCAN_GetHighPriorityMessageStatus  : Get high priority message status
1975:Drivers/STM32G4xx_HAL_Driver/Src/stm32g4xx_hal_fdcan.c ****       (+) HAL_FDCAN_GetProtocolStatus             : Get protocol status
1976:Drivers/STM32G4xx_HAL_Driver/Src/stm32g4xx_hal_fdcan.c ****       (+) HAL_FDCAN_GetErrorCounters              : Get error counter values
1977:Drivers/STM32G4xx_HAL_Driver/Src/stm32g4xx_hal_fdcan.c ****       (+) HAL_FDCAN_IsTxBufferMessagePending      : Check if a transmission request is pending
1978:Drivers/STM32G4xx_HAL_Driver/Src/stm32g4xx_hal_fdcan.c ****                                                     on the selected Tx buffer
1979:Drivers/STM32G4xx_HAL_Driver/Src/stm32g4xx_hal_fdcan.c ****       (+) HAL_FDCAN_GetRxFifoFillLevel            : Return Rx FIFO fill level
1980:Drivers/STM32G4xx_HAL_Driver/Src/stm32g4xx_hal_fdcan.c ****       (+) HAL_FDCAN_GetTxFifoFreeLevel            : Return Tx FIFO free level
1981:Drivers/STM32G4xx_HAL_Driver/Src/stm32g4xx_hal_fdcan.c ****       (+) HAL_FDCAN_IsRestrictedOperationMode     : Check if the FDCAN peripheral entered Restricte
1982:Drivers/STM32G4xx_HAL_Driver/Src/stm32g4xx_hal_fdcan.c ****       (+) HAL_FDCAN_ExitRestrictedOperationMode   : Exit Restricted Operation Mode
1983:Drivers/STM32G4xx_HAL_Driver/Src/stm32g4xx_hal_fdcan.c **** 
1984:Drivers/STM32G4xx_HAL_Driver/Src/stm32g4xx_hal_fdcan.c **** @endverbatim
1985:Drivers/STM32G4xx_HAL_Driver/Src/stm32g4xx_hal_fdcan.c ****   * @{
1986:Drivers/STM32G4xx_HAL_Driver/Src/stm32g4xx_hal_fdcan.c ****   */
1987:Drivers/STM32G4xx_HAL_Driver/Src/stm32g4xx_hal_fdcan.c **** 
1988:Drivers/STM32G4xx_HAL_Driver/Src/stm32g4xx_hal_fdcan.c **** /**
1989:Drivers/STM32G4xx_HAL_Driver/Src/stm32g4xx_hal_fdcan.c ****   * @brief  Start the FDCAN module.
1990:Drivers/STM32G4xx_HAL_Driver/Src/stm32g4xx_hal_fdcan.c ****   * @param  hfdcan pointer to an FDCAN_HandleTypeDef structure that contains
1991:Drivers/STM32G4xx_HAL_Driver/Src/stm32g4xx_hal_fdcan.c ****   *         the configuration information for the specified FDCAN.
1992:Drivers/STM32G4xx_HAL_Driver/Src/stm32g4xx_hal_fdcan.c ****   * @retval HAL status
1993:Drivers/STM32G4xx_HAL_Driver/Src/stm32g4xx_hal_fdcan.c ****   */
1994:Drivers/STM32G4xx_HAL_Driver/Src/stm32g4xx_hal_fdcan.c **** HAL_StatusTypeDef HAL_FDCAN_Start(FDCAN_HandleTypeDef *hfdcan)
1995:Drivers/STM32G4xx_HAL_Driver/Src/stm32g4xx_hal_fdcan.c **** {
1996:Drivers/STM32G4xx_HAL_Driver/Src/stm32g4xx_hal_fdcan.c ****   if (hfdcan->State == HAL_FDCAN_STATE_READY)
1997:Drivers/STM32G4xx_HAL_Driver/Src/stm32g4xx_hal_fdcan.c ****   {
1998:Drivers/STM32G4xx_HAL_Driver/Src/stm32g4xx_hal_fdcan.c ****     /* Change FDCAN peripheral state */
1999:Drivers/STM32G4xx_HAL_Driver/Src/stm32g4xx_hal_fdcan.c ****     hfdcan->State = HAL_FDCAN_STATE_BUSY;
2000:Drivers/STM32G4xx_HAL_Driver/Src/stm32g4xx_hal_fdcan.c **** 
2001:Drivers/STM32G4xx_HAL_Driver/Src/stm32g4xx_hal_fdcan.c ****     /* Request leave initialisation */
2002:Drivers/STM32G4xx_HAL_Driver/Src/stm32g4xx_hal_fdcan.c ****     CLEAR_BIT(hfdcan->Instance->CCCR, FDCAN_CCCR_INIT);
2003:Drivers/STM32G4xx_HAL_Driver/Src/stm32g4xx_hal_fdcan.c **** 
2004:Drivers/STM32G4xx_HAL_Driver/Src/stm32g4xx_hal_fdcan.c ****     /* Reset the FDCAN ErrorCode */
2005:Drivers/STM32G4xx_HAL_Driver/Src/stm32g4xx_hal_fdcan.c ****     hfdcan->ErrorCode = HAL_FDCAN_ERROR_NONE;
ARM GAS   			page 37


2006:Drivers/STM32G4xx_HAL_Driver/Src/stm32g4xx_hal_fdcan.c **** 
2007:Drivers/STM32G4xx_HAL_Driver/Src/stm32g4xx_hal_fdcan.c ****     /* Return function status */
2008:Drivers/STM32G4xx_HAL_Driver/Src/stm32g4xx_hal_fdcan.c ****     return HAL_OK;
2009:Drivers/STM32G4xx_HAL_Driver/Src/stm32g4xx_hal_fdcan.c ****   }
2010:Drivers/STM32G4xx_HAL_Driver/Src/stm32g4xx_hal_fdcan.c ****   else
2011:Drivers/STM32G4xx_HAL_Driver/Src/stm32g4xx_hal_fdcan.c ****   {
2012:Drivers/STM32G4xx_HAL_Driver/Src/stm32g4xx_hal_fdcan.c ****     /* Update error code */
2013:Drivers/STM32G4xx_HAL_Driver/Src/stm32g4xx_hal_fdcan.c ****     hfdcan->ErrorCode |= HAL_FDCAN_ERROR_NOT_READY;
2014:Drivers/STM32G4xx_HAL_Driver/Src/stm32g4xx_hal_fdcan.c **** 
2015:Drivers/STM32G4xx_HAL_Driver/Src/stm32g4xx_hal_fdcan.c ****     return HAL_ERROR;
2016:Drivers/STM32G4xx_HAL_Driver/Src/stm32g4xx_hal_fdcan.c ****   }
2017:Drivers/STM32G4xx_HAL_Driver/Src/stm32g4xx_hal_fdcan.c **** }
2018:Drivers/STM32G4xx_HAL_Driver/Src/stm32g4xx_hal_fdcan.c **** 
2019:Drivers/STM32G4xx_HAL_Driver/Src/stm32g4xx_hal_fdcan.c **** /**
2020:Drivers/STM32G4xx_HAL_Driver/Src/stm32g4xx_hal_fdcan.c ****   * @brief  Stop the FDCAN module and enable access to configuration registers.
2021:Drivers/STM32G4xx_HAL_Driver/Src/stm32g4xx_hal_fdcan.c ****   * @param  hfdcan pointer to an FDCAN_HandleTypeDef structure that contains
2022:Drivers/STM32G4xx_HAL_Driver/Src/stm32g4xx_hal_fdcan.c ****   *         the configuration information for the specified FDCAN.
2023:Drivers/STM32G4xx_HAL_Driver/Src/stm32g4xx_hal_fdcan.c ****   * @retval HAL status
2024:Drivers/STM32G4xx_HAL_Driver/Src/stm32g4xx_hal_fdcan.c ****   */
2025:Drivers/STM32G4xx_HAL_Driver/Src/stm32g4xx_hal_fdcan.c **** HAL_StatusTypeDef HAL_FDCAN_Stop(FDCAN_HandleTypeDef *hfdcan)
2026:Drivers/STM32G4xx_HAL_Driver/Src/stm32g4xx_hal_fdcan.c **** {
2027:Drivers/STM32G4xx_HAL_Driver/Src/stm32g4xx_hal_fdcan.c ****   uint32_t Counter = 0U;
2028:Drivers/STM32G4xx_HAL_Driver/Src/stm32g4xx_hal_fdcan.c **** 
2029:Drivers/STM32G4xx_HAL_Driver/Src/stm32g4xx_hal_fdcan.c ****   if (hfdcan->State == HAL_FDCAN_STATE_BUSY)
2030:Drivers/STM32G4xx_HAL_Driver/Src/stm32g4xx_hal_fdcan.c ****   {
2031:Drivers/STM32G4xx_HAL_Driver/Src/stm32g4xx_hal_fdcan.c ****     /* Request initialisation */
2032:Drivers/STM32G4xx_HAL_Driver/Src/stm32g4xx_hal_fdcan.c ****     SET_BIT(hfdcan->Instance->CCCR, FDCAN_CCCR_INIT);
2033:Drivers/STM32G4xx_HAL_Driver/Src/stm32g4xx_hal_fdcan.c **** 
2034:Drivers/STM32G4xx_HAL_Driver/Src/stm32g4xx_hal_fdcan.c ****     /* Wait until the INIT bit into CCCR register is set */
2035:Drivers/STM32G4xx_HAL_Driver/Src/stm32g4xx_hal_fdcan.c ****     while ((hfdcan->Instance->CCCR & FDCAN_CCCR_INIT) == 0U)
2036:Drivers/STM32G4xx_HAL_Driver/Src/stm32g4xx_hal_fdcan.c ****     {
2037:Drivers/STM32G4xx_HAL_Driver/Src/stm32g4xx_hal_fdcan.c ****       /* Check for the Timeout */
2038:Drivers/STM32G4xx_HAL_Driver/Src/stm32g4xx_hal_fdcan.c ****       if (Counter > FDCAN_TIMEOUT_VALUE)
2039:Drivers/STM32G4xx_HAL_Driver/Src/stm32g4xx_hal_fdcan.c ****       {
2040:Drivers/STM32G4xx_HAL_Driver/Src/stm32g4xx_hal_fdcan.c ****         /* Update error code */
2041:Drivers/STM32G4xx_HAL_Driver/Src/stm32g4xx_hal_fdcan.c ****         hfdcan->ErrorCode |= HAL_FDCAN_ERROR_TIMEOUT;
2042:Drivers/STM32G4xx_HAL_Driver/Src/stm32g4xx_hal_fdcan.c **** 
2043:Drivers/STM32G4xx_HAL_Driver/Src/stm32g4xx_hal_fdcan.c ****         /* Change FDCAN state */
2044:Drivers/STM32G4xx_HAL_Driver/Src/stm32g4xx_hal_fdcan.c ****         hfdcan->State = HAL_FDCAN_STATE_ERROR;
2045:Drivers/STM32G4xx_HAL_Driver/Src/stm32g4xx_hal_fdcan.c **** 
2046:Drivers/STM32G4xx_HAL_Driver/Src/stm32g4xx_hal_fdcan.c ****         return HAL_ERROR;
2047:Drivers/STM32G4xx_HAL_Driver/Src/stm32g4xx_hal_fdcan.c ****       }
2048:Drivers/STM32G4xx_HAL_Driver/Src/stm32g4xx_hal_fdcan.c **** 
2049:Drivers/STM32G4xx_HAL_Driver/Src/stm32g4xx_hal_fdcan.c ****       /* Increment counter */
2050:Drivers/STM32G4xx_HAL_Driver/Src/stm32g4xx_hal_fdcan.c ****       Counter++;
2051:Drivers/STM32G4xx_HAL_Driver/Src/stm32g4xx_hal_fdcan.c ****     }
2052:Drivers/STM32G4xx_HAL_Driver/Src/stm32g4xx_hal_fdcan.c **** 
2053:Drivers/STM32G4xx_HAL_Driver/Src/stm32g4xx_hal_fdcan.c ****     /* Reset counter */
2054:Drivers/STM32G4xx_HAL_Driver/Src/stm32g4xx_hal_fdcan.c ****     Counter = 0U;
2055:Drivers/STM32G4xx_HAL_Driver/Src/stm32g4xx_hal_fdcan.c **** 
2056:Drivers/STM32G4xx_HAL_Driver/Src/stm32g4xx_hal_fdcan.c ****     /* Exit from Sleep mode */
2057:Drivers/STM32G4xx_HAL_Driver/Src/stm32g4xx_hal_fdcan.c ****     CLEAR_BIT(hfdcan->Instance->CCCR, FDCAN_CCCR_CSR);
2058:Drivers/STM32G4xx_HAL_Driver/Src/stm32g4xx_hal_fdcan.c **** 
2059:Drivers/STM32G4xx_HAL_Driver/Src/stm32g4xx_hal_fdcan.c ****     /* Wait until FDCAN exits sleep mode */
2060:Drivers/STM32G4xx_HAL_Driver/Src/stm32g4xx_hal_fdcan.c ****     while ((hfdcan->Instance->CCCR & FDCAN_CCCR_CSA) == FDCAN_CCCR_CSA)
2061:Drivers/STM32G4xx_HAL_Driver/Src/stm32g4xx_hal_fdcan.c ****     {
2062:Drivers/STM32G4xx_HAL_Driver/Src/stm32g4xx_hal_fdcan.c ****       /* Check for the Timeout */
ARM GAS   			page 38


2063:Drivers/STM32G4xx_HAL_Driver/Src/stm32g4xx_hal_fdcan.c ****       if (Counter > FDCAN_TIMEOUT_VALUE)
2064:Drivers/STM32G4xx_HAL_Driver/Src/stm32g4xx_hal_fdcan.c ****       {
2065:Drivers/STM32G4xx_HAL_Driver/Src/stm32g4xx_hal_fdcan.c ****         /* Update error code */
2066:Drivers/STM32G4xx_HAL_Driver/Src/stm32g4xx_hal_fdcan.c ****         hfdcan->ErrorCode |= HAL_FDCAN_ERROR_TIMEOUT;
2067:Drivers/STM32G4xx_HAL_Driver/Src/stm32g4xx_hal_fdcan.c **** 
2068:Drivers/STM32G4xx_HAL_Driver/Src/stm32g4xx_hal_fdcan.c ****         /* Change FDCAN state */
2069:Drivers/STM32G4xx_HAL_Driver/Src/stm32g4xx_hal_fdcan.c ****         hfdcan->State = HAL_FDCAN_STATE_ERROR;
2070:Drivers/STM32G4xx_HAL_Driver/Src/stm32g4xx_hal_fdcan.c **** 
2071:Drivers/STM32G4xx_HAL_Driver/Src/stm32g4xx_hal_fdcan.c ****         return HAL_ERROR;
2072:Drivers/STM32G4xx_HAL_Driver/Src/stm32g4xx_hal_fdcan.c ****       }
2073:Drivers/STM32G4xx_HAL_Driver/Src/stm32g4xx_hal_fdcan.c **** 
2074:Drivers/STM32G4xx_HAL_Driver/Src/stm32g4xx_hal_fdcan.c ****       /* Increment counter */
2075:Drivers/STM32G4xx_HAL_Driver/Src/stm32g4xx_hal_fdcan.c ****       Counter++;
2076:Drivers/STM32G4xx_HAL_Driver/Src/stm32g4xx_hal_fdcan.c ****     }
2077:Drivers/STM32G4xx_HAL_Driver/Src/stm32g4xx_hal_fdcan.c **** 
2078:Drivers/STM32G4xx_HAL_Driver/Src/stm32g4xx_hal_fdcan.c ****     /* Enable configuration change */
2079:Drivers/STM32G4xx_HAL_Driver/Src/stm32g4xx_hal_fdcan.c ****     SET_BIT(hfdcan->Instance->CCCR, FDCAN_CCCR_CCE);
2080:Drivers/STM32G4xx_HAL_Driver/Src/stm32g4xx_hal_fdcan.c **** 
2081:Drivers/STM32G4xx_HAL_Driver/Src/stm32g4xx_hal_fdcan.c ****     /* Reset Latest Tx FIFO/Queue Request Buffer Index */
2082:Drivers/STM32G4xx_HAL_Driver/Src/stm32g4xx_hal_fdcan.c ****     hfdcan->LatestTxFifoQRequest = 0U;
2083:Drivers/STM32G4xx_HAL_Driver/Src/stm32g4xx_hal_fdcan.c **** 
2084:Drivers/STM32G4xx_HAL_Driver/Src/stm32g4xx_hal_fdcan.c ****     /* Change FDCAN peripheral state */
2085:Drivers/STM32G4xx_HAL_Driver/Src/stm32g4xx_hal_fdcan.c ****     hfdcan->State = HAL_FDCAN_STATE_READY;
2086:Drivers/STM32G4xx_HAL_Driver/Src/stm32g4xx_hal_fdcan.c **** 
2087:Drivers/STM32G4xx_HAL_Driver/Src/stm32g4xx_hal_fdcan.c ****     /* Return function status */
2088:Drivers/STM32G4xx_HAL_Driver/Src/stm32g4xx_hal_fdcan.c ****     return HAL_OK;
2089:Drivers/STM32G4xx_HAL_Driver/Src/stm32g4xx_hal_fdcan.c ****   }
2090:Drivers/STM32G4xx_HAL_Driver/Src/stm32g4xx_hal_fdcan.c ****   else
2091:Drivers/STM32G4xx_HAL_Driver/Src/stm32g4xx_hal_fdcan.c ****   {
2092:Drivers/STM32G4xx_HAL_Driver/Src/stm32g4xx_hal_fdcan.c ****     /* Update error code */
2093:Drivers/STM32G4xx_HAL_Driver/Src/stm32g4xx_hal_fdcan.c ****     hfdcan->ErrorCode |= HAL_FDCAN_ERROR_NOT_STARTED;
2094:Drivers/STM32G4xx_HAL_Driver/Src/stm32g4xx_hal_fdcan.c **** 
2095:Drivers/STM32G4xx_HAL_Driver/Src/stm32g4xx_hal_fdcan.c ****     return HAL_ERROR;
2096:Drivers/STM32G4xx_HAL_Driver/Src/stm32g4xx_hal_fdcan.c ****   }
2097:Drivers/STM32G4xx_HAL_Driver/Src/stm32g4xx_hal_fdcan.c **** }
2098:Drivers/STM32G4xx_HAL_Driver/Src/stm32g4xx_hal_fdcan.c **** 
2099:Drivers/STM32G4xx_HAL_Driver/Src/stm32g4xx_hal_fdcan.c **** /**
2100:Drivers/STM32G4xx_HAL_Driver/Src/stm32g4xx_hal_fdcan.c ****   * @brief  Add a message to the Tx FIFO/Queue and activate the corresponding transmission request
2101:Drivers/STM32G4xx_HAL_Driver/Src/stm32g4xx_hal_fdcan.c ****   * @param  hfdcan pointer to an FDCAN_HandleTypeDef structure that contains
2102:Drivers/STM32G4xx_HAL_Driver/Src/stm32g4xx_hal_fdcan.c ****   *         the configuration information for the specified FDCAN.
2103:Drivers/STM32G4xx_HAL_Driver/Src/stm32g4xx_hal_fdcan.c ****   * @param  pTxHeader pointer to a FDCAN_TxHeaderTypeDef structure.
2104:Drivers/STM32G4xx_HAL_Driver/Src/stm32g4xx_hal_fdcan.c ****   * @param  pTxData pointer to a buffer containing the payload of the Tx frame.
2105:Drivers/STM32G4xx_HAL_Driver/Src/stm32g4xx_hal_fdcan.c ****   * @retval HAL status
2106:Drivers/STM32G4xx_HAL_Driver/Src/stm32g4xx_hal_fdcan.c ****   */
2107:Drivers/STM32G4xx_HAL_Driver/Src/stm32g4xx_hal_fdcan.c **** HAL_StatusTypeDef HAL_FDCAN_AddMessageToTxFifoQ(FDCAN_HandleTypeDef *hfdcan, const FDCAN_TxHeaderTy
2108:Drivers/STM32G4xx_HAL_Driver/Src/stm32g4xx_hal_fdcan.c ****                                                 const uint8_t *pTxData)
2109:Drivers/STM32G4xx_HAL_Driver/Src/stm32g4xx_hal_fdcan.c **** {
2110:Drivers/STM32G4xx_HAL_Driver/Src/stm32g4xx_hal_fdcan.c ****   uint32_t PutIndex;
2111:Drivers/STM32G4xx_HAL_Driver/Src/stm32g4xx_hal_fdcan.c **** 
2112:Drivers/STM32G4xx_HAL_Driver/Src/stm32g4xx_hal_fdcan.c ****   /* Check function parameters */
2113:Drivers/STM32G4xx_HAL_Driver/Src/stm32g4xx_hal_fdcan.c ****   assert_param(IS_FDCAN_ID_TYPE(pTxHeader->IdType));
2114:Drivers/STM32G4xx_HAL_Driver/Src/stm32g4xx_hal_fdcan.c ****   if (pTxHeader->IdType == FDCAN_STANDARD_ID)
2115:Drivers/STM32G4xx_HAL_Driver/Src/stm32g4xx_hal_fdcan.c ****   {
2116:Drivers/STM32G4xx_HAL_Driver/Src/stm32g4xx_hal_fdcan.c ****     assert_param(IS_FDCAN_MAX_VALUE(pTxHeader->Identifier, 0x7FFU));
2117:Drivers/STM32G4xx_HAL_Driver/Src/stm32g4xx_hal_fdcan.c ****   }
2118:Drivers/STM32G4xx_HAL_Driver/Src/stm32g4xx_hal_fdcan.c ****   else /* pTxHeader->IdType == FDCAN_EXTENDED_ID */
2119:Drivers/STM32G4xx_HAL_Driver/Src/stm32g4xx_hal_fdcan.c ****   {
ARM GAS   			page 39


2120:Drivers/STM32G4xx_HAL_Driver/Src/stm32g4xx_hal_fdcan.c ****     assert_param(IS_FDCAN_MAX_VALUE(pTxHeader->Identifier, 0x1FFFFFFFU));
2121:Drivers/STM32G4xx_HAL_Driver/Src/stm32g4xx_hal_fdcan.c ****   }
2122:Drivers/STM32G4xx_HAL_Driver/Src/stm32g4xx_hal_fdcan.c ****   assert_param(IS_FDCAN_FRAME_TYPE(pTxHeader->TxFrameType));
2123:Drivers/STM32G4xx_HAL_Driver/Src/stm32g4xx_hal_fdcan.c ****   assert_param(IS_FDCAN_DLC(pTxHeader->DataLength));
2124:Drivers/STM32G4xx_HAL_Driver/Src/stm32g4xx_hal_fdcan.c ****   assert_param(IS_FDCAN_ESI(pTxHeader->ErrorStateIndicator));
2125:Drivers/STM32G4xx_HAL_Driver/Src/stm32g4xx_hal_fdcan.c ****   assert_param(IS_FDCAN_BRS(pTxHeader->BitRateSwitch));
2126:Drivers/STM32G4xx_HAL_Driver/Src/stm32g4xx_hal_fdcan.c ****   assert_param(IS_FDCAN_FDF(pTxHeader->FDFormat));
2127:Drivers/STM32G4xx_HAL_Driver/Src/stm32g4xx_hal_fdcan.c ****   assert_param(IS_FDCAN_EFC(pTxHeader->TxEventFifoControl));
2128:Drivers/STM32G4xx_HAL_Driver/Src/stm32g4xx_hal_fdcan.c ****   assert_param(IS_FDCAN_MAX_VALUE(pTxHeader->MessageMarker, 0xFFU));
2129:Drivers/STM32G4xx_HAL_Driver/Src/stm32g4xx_hal_fdcan.c **** 
2130:Drivers/STM32G4xx_HAL_Driver/Src/stm32g4xx_hal_fdcan.c ****   if (hfdcan->State == HAL_FDCAN_STATE_BUSY)
2131:Drivers/STM32G4xx_HAL_Driver/Src/stm32g4xx_hal_fdcan.c ****   {
2132:Drivers/STM32G4xx_HAL_Driver/Src/stm32g4xx_hal_fdcan.c ****     /* Check that the Tx FIFO/Queue is not full */
2133:Drivers/STM32G4xx_HAL_Driver/Src/stm32g4xx_hal_fdcan.c ****     if ((hfdcan->Instance->TXFQS & FDCAN_TXFQS_TFQF) != 0U)
2134:Drivers/STM32G4xx_HAL_Driver/Src/stm32g4xx_hal_fdcan.c ****     {
2135:Drivers/STM32G4xx_HAL_Driver/Src/stm32g4xx_hal_fdcan.c ****       /* Update error code */
2136:Drivers/STM32G4xx_HAL_Driver/Src/stm32g4xx_hal_fdcan.c ****       hfdcan->ErrorCode |= HAL_FDCAN_ERROR_FIFO_FULL;
2137:Drivers/STM32G4xx_HAL_Driver/Src/stm32g4xx_hal_fdcan.c **** 
2138:Drivers/STM32G4xx_HAL_Driver/Src/stm32g4xx_hal_fdcan.c ****       return HAL_ERROR;
2139:Drivers/STM32G4xx_HAL_Driver/Src/stm32g4xx_hal_fdcan.c ****     }
2140:Drivers/STM32G4xx_HAL_Driver/Src/stm32g4xx_hal_fdcan.c ****     else
2141:Drivers/STM32G4xx_HAL_Driver/Src/stm32g4xx_hal_fdcan.c ****     {
2142:Drivers/STM32G4xx_HAL_Driver/Src/stm32g4xx_hal_fdcan.c ****       /* Retrieve the Tx FIFO PutIndex */
2143:Drivers/STM32G4xx_HAL_Driver/Src/stm32g4xx_hal_fdcan.c ****       PutIndex = ((hfdcan->Instance->TXFQS & FDCAN_TXFQS_TFQPI) >> FDCAN_TXFQS_TFQPI_Pos);
2144:Drivers/STM32G4xx_HAL_Driver/Src/stm32g4xx_hal_fdcan.c **** 
2145:Drivers/STM32G4xx_HAL_Driver/Src/stm32g4xx_hal_fdcan.c ****       /* Add the message to the Tx FIFO/Queue */
2146:Drivers/STM32G4xx_HAL_Driver/Src/stm32g4xx_hal_fdcan.c ****       FDCAN_CopyMessageToRAM(hfdcan, pTxHeader, pTxData, PutIndex);
2147:Drivers/STM32G4xx_HAL_Driver/Src/stm32g4xx_hal_fdcan.c **** 
2148:Drivers/STM32G4xx_HAL_Driver/Src/stm32g4xx_hal_fdcan.c ****       /* Activate the corresponding transmission request */
2149:Drivers/STM32G4xx_HAL_Driver/Src/stm32g4xx_hal_fdcan.c ****       hfdcan->Instance->TXBAR = ((uint32_t)1 << PutIndex);
2150:Drivers/STM32G4xx_HAL_Driver/Src/stm32g4xx_hal_fdcan.c **** 
2151:Drivers/STM32G4xx_HAL_Driver/Src/stm32g4xx_hal_fdcan.c ****       /* Store the Latest Tx FIFO/Queue Request Buffer Index */
2152:Drivers/STM32G4xx_HAL_Driver/Src/stm32g4xx_hal_fdcan.c ****       hfdcan->LatestTxFifoQRequest = ((uint32_t)1 << PutIndex);
2153:Drivers/STM32G4xx_HAL_Driver/Src/stm32g4xx_hal_fdcan.c ****     }
2154:Drivers/STM32G4xx_HAL_Driver/Src/stm32g4xx_hal_fdcan.c **** 
2155:Drivers/STM32G4xx_HAL_Driver/Src/stm32g4xx_hal_fdcan.c ****     /* Return function status */
2156:Drivers/STM32G4xx_HAL_Driver/Src/stm32g4xx_hal_fdcan.c ****     return HAL_OK;
2157:Drivers/STM32G4xx_HAL_Driver/Src/stm32g4xx_hal_fdcan.c ****   }
2158:Drivers/STM32G4xx_HAL_Driver/Src/stm32g4xx_hal_fdcan.c ****   else
2159:Drivers/STM32G4xx_HAL_Driver/Src/stm32g4xx_hal_fdcan.c ****   {
2160:Drivers/STM32G4xx_HAL_Driver/Src/stm32g4xx_hal_fdcan.c ****     /* Update error code */
2161:Drivers/STM32G4xx_HAL_Driver/Src/stm32g4xx_hal_fdcan.c ****     hfdcan->ErrorCode |= HAL_FDCAN_ERROR_NOT_STARTED;
2162:Drivers/STM32G4xx_HAL_Driver/Src/stm32g4xx_hal_fdcan.c **** 
2163:Drivers/STM32G4xx_HAL_Driver/Src/stm32g4xx_hal_fdcan.c ****     return HAL_ERROR;
2164:Drivers/STM32G4xx_HAL_Driver/Src/stm32g4xx_hal_fdcan.c ****   }
2165:Drivers/STM32G4xx_HAL_Driver/Src/stm32g4xx_hal_fdcan.c **** }
2166:Drivers/STM32G4xx_HAL_Driver/Src/stm32g4xx_hal_fdcan.c **** 
2167:Drivers/STM32G4xx_HAL_Driver/Src/stm32g4xx_hal_fdcan.c **** /**
2168:Drivers/STM32G4xx_HAL_Driver/Src/stm32g4xx_hal_fdcan.c ****   * @brief  Get Tx buffer index of latest Tx FIFO/Queue request
2169:Drivers/STM32G4xx_HAL_Driver/Src/stm32g4xx_hal_fdcan.c ****   * @param  hfdcan pointer to an FDCAN_HandleTypeDef structure that contains
2170:Drivers/STM32G4xx_HAL_Driver/Src/stm32g4xx_hal_fdcan.c ****   *         the configuration information for the specified FDCAN.
2171:Drivers/STM32G4xx_HAL_Driver/Src/stm32g4xx_hal_fdcan.c ****   * @retval Tx buffer index of last Tx FIFO/Queue request
2172:Drivers/STM32G4xx_HAL_Driver/Src/stm32g4xx_hal_fdcan.c ****   *          - Any value of @arg FDCAN_Tx_location if Tx request has been submitted.
2173:Drivers/STM32G4xx_HAL_Driver/Src/stm32g4xx_hal_fdcan.c ****   *          - 0 if no Tx FIFO/Queue request have been submitted.
2174:Drivers/STM32G4xx_HAL_Driver/Src/stm32g4xx_hal_fdcan.c ****   */
2175:Drivers/STM32G4xx_HAL_Driver/Src/stm32g4xx_hal_fdcan.c **** uint32_t HAL_FDCAN_GetLatestTxFifoQRequestBuffer(const FDCAN_HandleTypeDef *hfdcan)
2176:Drivers/STM32G4xx_HAL_Driver/Src/stm32g4xx_hal_fdcan.c **** {
ARM GAS   			page 40


2177:Drivers/STM32G4xx_HAL_Driver/Src/stm32g4xx_hal_fdcan.c ****   /* Return Last Tx FIFO/Queue Request Buffer */
2178:Drivers/STM32G4xx_HAL_Driver/Src/stm32g4xx_hal_fdcan.c ****   return hfdcan->LatestTxFifoQRequest;
2179:Drivers/STM32G4xx_HAL_Driver/Src/stm32g4xx_hal_fdcan.c **** }
2180:Drivers/STM32G4xx_HAL_Driver/Src/stm32g4xx_hal_fdcan.c **** 
2181:Drivers/STM32G4xx_HAL_Driver/Src/stm32g4xx_hal_fdcan.c **** /**
2182:Drivers/STM32G4xx_HAL_Driver/Src/stm32g4xx_hal_fdcan.c ****   * @brief  Abort transmission request
2183:Drivers/STM32G4xx_HAL_Driver/Src/stm32g4xx_hal_fdcan.c ****   * @param  hfdcan pointer to an FDCAN_HandleTypeDef structure that contains
2184:Drivers/STM32G4xx_HAL_Driver/Src/stm32g4xx_hal_fdcan.c ****   *         the configuration information for the specified FDCAN.
2185:Drivers/STM32G4xx_HAL_Driver/Src/stm32g4xx_hal_fdcan.c ****   * @param  BufferIndex buffer index.
2186:Drivers/STM32G4xx_HAL_Driver/Src/stm32g4xx_hal_fdcan.c ****   *         This parameter can be any combination of @arg FDCAN_Tx_location.
2187:Drivers/STM32G4xx_HAL_Driver/Src/stm32g4xx_hal_fdcan.c ****   * @retval HAL status
2188:Drivers/STM32G4xx_HAL_Driver/Src/stm32g4xx_hal_fdcan.c ****   */
2189:Drivers/STM32G4xx_HAL_Driver/Src/stm32g4xx_hal_fdcan.c **** HAL_StatusTypeDef HAL_FDCAN_AbortTxRequest(FDCAN_HandleTypeDef *hfdcan, uint32_t BufferIndex)
2190:Drivers/STM32G4xx_HAL_Driver/Src/stm32g4xx_hal_fdcan.c **** {
2191:Drivers/STM32G4xx_HAL_Driver/Src/stm32g4xx_hal_fdcan.c ****   /* Check function parameters */
2192:Drivers/STM32G4xx_HAL_Driver/Src/stm32g4xx_hal_fdcan.c ****   assert_param(IS_FDCAN_TX_LOCATION_LIST(BufferIndex));
2193:Drivers/STM32G4xx_HAL_Driver/Src/stm32g4xx_hal_fdcan.c **** 
2194:Drivers/STM32G4xx_HAL_Driver/Src/stm32g4xx_hal_fdcan.c ****   if (hfdcan->State == HAL_FDCAN_STATE_BUSY)
2195:Drivers/STM32G4xx_HAL_Driver/Src/stm32g4xx_hal_fdcan.c ****   {
2196:Drivers/STM32G4xx_HAL_Driver/Src/stm32g4xx_hal_fdcan.c ****     /* Add cancellation request */
2197:Drivers/STM32G4xx_HAL_Driver/Src/stm32g4xx_hal_fdcan.c ****     hfdcan->Instance->TXBCR = BufferIndex;
2198:Drivers/STM32G4xx_HAL_Driver/Src/stm32g4xx_hal_fdcan.c **** 
2199:Drivers/STM32G4xx_HAL_Driver/Src/stm32g4xx_hal_fdcan.c ****     /* Return function status */
2200:Drivers/STM32G4xx_HAL_Driver/Src/stm32g4xx_hal_fdcan.c ****     return HAL_OK;
2201:Drivers/STM32G4xx_HAL_Driver/Src/stm32g4xx_hal_fdcan.c ****   }
2202:Drivers/STM32G4xx_HAL_Driver/Src/stm32g4xx_hal_fdcan.c ****   else
2203:Drivers/STM32G4xx_HAL_Driver/Src/stm32g4xx_hal_fdcan.c ****   {
2204:Drivers/STM32G4xx_HAL_Driver/Src/stm32g4xx_hal_fdcan.c ****     /* Update error code */
2205:Drivers/STM32G4xx_HAL_Driver/Src/stm32g4xx_hal_fdcan.c ****     hfdcan->ErrorCode |= HAL_FDCAN_ERROR_NOT_STARTED;
2206:Drivers/STM32G4xx_HAL_Driver/Src/stm32g4xx_hal_fdcan.c **** 
2207:Drivers/STM32G4xx_HAL_Driver/Src/stm32g4xx_hal_fdcan.c ****     return HAL_ERROR;
2208:Drivers/STM32G4xx_HAL_Driver/Src/stm32g4xx_hal_fdcan.c ****   }
2209:Drivers/STM32G4xx_HAL_Driver/Src/stm32g4xx_hal_fdcan.c **** }
2210:Drivers/STM32G4xx_HAL_Driver/Src/stm32g4xx_hal_fdcan.c **** 
2211:Drivers/STM32G4xx_HAL_Driver/Src/stm32g4xx_hal_fdcan.c **** /**
2212:Drivers/STM32G4xx_HAL_Driver/Src/stm32g4xx_hal_fdcan.c ****   * @brief  Get an FDCAN frame from the Rx FIFO zone into the message RAM.
2213:Drivers/STM32G4xx_HAL_Driver/Src/stm32g4xx_hal_fdcan.c ****   * @param  hfdcan pointer to an FDCAN_HandleTypeDef structure that contains
2214:Drivers/STM32G4xx_HAL_Driver/Src/stm32g4xx_hal_fdcan.c ****   *         the configuration information for the specified FDCAN.
2215:Drivers/STM32G4xx_HAL_Driver/Src/stm32g4xx_hal_fdcan.c ****   * @param  RxLocation Location of the received message to be read.
2216:Drivers/STM32G4xx_HAL_Driver/Src/stm32g4xx_hal_fdcan.c ****   *         This parameter can be a value of @arg FDCAN_Rx_location.
2217:Drivers/STM32G4xx_HAL_Driver/Src/stm32g4xx_hal_fdcan.c ****   * @param  pRxHeader pointer to a FDCAN_RxHeaderTypeDef structure.
2218:Drivers/STM32G4xx_HAL_Driver/Src/stm32g4xx_hal_fdcan.c ****   * @param  pRxData pointer to a buffer where the payload of the Rx frame will be stored.
2219:Drivers/STM32G4xx_HAL_Driver/Src/stm32g4xx_hal_fdcan.c ****   * @retval HAL status
2220:Drivers/STM32G4xx_HAL_Driver/Src/stm32g4xx_hal_fdcan.c ****   */
2221:Drivers/STM32G4xx_HAL_Driver/Src/stm32g4xx_hal_fdcan.c **** HAL_StatusTypeDef HAL_FDCAN_GetRxMessage(FDCAN_HandleTypeDef *hfdcan, uint32_t RxLocation,
2222:Drivers/STM32G4xx_HAL_Driver/Src/stm32g4xx_hal_fdcan.c ****                                          FDCAN_RxHeaderTypeDef *pRxHeader, uint8_t *pRxData)
2223:Drivers/STM32G4xx_HAL_Driver/Src/stm32g4xx_hal_fdcan.c **** {
2224:Drivers/STM32G4xx_HAL_Driver/Src/stm32g4xx_hal_fdcan.c ****   uint32_t *RxAddress;
2225:Drivers/STM32G4xx_HAL_Driver/Src/stm32g4xx_hal_fdcan.c ****   uint8_t  *pData;
2226:Drivers/STM32G4xx_HAL_Driver/Src/stm32g4xx_hal_fdcan.c ****   uint32_t ByteCounter;
2227:Drivers/STM32G4xx_HAL_Driver/Src/stm32g4xx_hal_fdcan.c ****   uint32_t GetIndex = 0;
2228:Drivers/STM32G4xx_HAL_Driver/Src/stm32g4xx_hal_fdcan.c ****   HAL_FDCAN_StateTypeDef state = hfdcan->State;
2229:Drivers/STM32G4xx_HAL_Driver/Src/stm32g4xx_hal_fdcan.c **** 
2230:Drivers/STM32G4xx_HAL_Driver/Src/stm32g4xx_hal_fdcan.c ****   /* Check function parameters */
2231:Drivers/STM32G4xx_HAL_Driver/Src/stm32g4xx_hal_fdcan.c ****   assert_param(IS_FDCAN_RX_FIFO(RxLocation));
2232:Drivers/STM32G4xx_HAL_Driver/Src/stm32g4xx_hal_fdcan.c **** 
2233:Drivers/STM32G4xx_HAL_Driver/Src/stm32g4xx_hal_fdcan.c ****   if (state == HAL_FDCAN_STATE_BUSY)
ARM GAS   			page 41


2234:Drivers/STM32G4xx_HAL_Driver/Src/stm32g4xx_hal_fdcan.c ****   {
2235:Drivers/STM32G4xx_HAL_Driver/Src/stm32g4xx_hal_fdcan.c ****     if (RxLocation == FDCAN_RX_FIFO0) /* Rx element is assigned to the Rx FIFO 0 */
2236:Drivers/STM32G4xx_HAL_Driver/Src/stm32g4xx_hal_fdcan.c ****     {
2237:Drivers/STM32G4xx_HAL_Driver/Src/stm32g4xx_hal_fdcan.c ****       /* Check that the Rx FIFO 0 is not empty */
2238:Drivers/STM32G4xx_HAL_Driver/Src/stm32g4xx_hal_fdcan.c ****       if ((hfdcan->Instance->RXF0S & FDCAN_RXF0S_F0FL) == 0U)
2239:Drivers/STM32G4xx_HAL_Driver/Src/stm32g4xx_hal_fdcan.c ****       {
2240:Drivers/STM32G4xx_HAL_Driver/Src/stm32g4xx_hal_fdcan.c ****         /* Update error code */
2241:Drivers/STM32G4xx_HAL_Driver/Src/stm32g4xx_hal_fdcan.c ****         hfdcan->ErrorCode |= HAL_FDCAN_ERROR_FIFO_EMPTY;
2242:Drivers/STM32G4xx_HAL_Driver/Src/stm32g4xx_hal_fdcan.c **** 
2243:Drivers/STM32G4xx_HAL_Driver/Src/stm32g4xx_hal_fdcan.c ****         return HAL_ERROR;
2244:Drivers/STM32G4xx_HAL_Driver/Src/stm32g4xx_hal_fdcan.c ****       }
2245:Drivers/STM32G4xx_HAL_Driver/Src/stm32g4xx_hal_fdcan.c ****       else
2246:Drivers/STM32G4xx_HAL_Driver/Src/stm32g4xx_hal_fdcan.c ****       {
2247:Drivers/STM32G4xx_HAL_Driver/Src/stm32g4xx_hal_fdcan.c ****         /* Check that the Rx FIFO 0 is full & overwrite mode is on */
2248:Drivers/STM32G4xx_HAL_Driver/Src/stm32g4xx_hal_fdcan.c ****         if (((hfdcan->Instance->RXF0S & FDCAN_RXF0S_F0F) >> FDCAN_RXF0S_F0F_Pos) == 1U)
2249:Drivers/STM32G4xx_HAL_Driver/Src/stm32g4xx_hal_fdcan.c ****         {
2250:Drivers/STM32G4xx_HAL_Driver/Src/stm32g4xx_hal_fdcan.c ****           if (((hfdcan->Instance->RXGFC & FDCAN_RXGFC_F0OM) >> FDCAN_RXGFC_F0OM_Pos) == FDCAN_RX_FI
2251:Drivers/STM32G4xx_HAL_Driver/Src/stm32g4xx_hal_fdcan.c ****           {
2252:Drivers/STM32G4xx_HAL_Driver/Src/stm32g4xx_hal_fdcan.c ****             /* When overwrite status is on discard first message in FIFO */
2253:Drivers/STM32G4xx_HAL_Driver/Src/stm32g4xx_hal_fdcan.c ****             GetIndex = 1U;
2254:Drivers/STM32G4xx_HAL_Driver/Src/stm32g4xx_hal_fdcan.c ****           }
2255:Drivers/STM32G4xx_HAL_Driver/Src/stm32g4xx_hal_fdcan.c ****         }
2256:Drivers/STM32G4xx_HAL_Driver/Src/stm32g4xx_hal_fdcan.c **** 
2257:Drivers/STM32G4xx_HAL_Driver/Src/stm32g4xx_hal_fdcan.c ****         /* Calculate Rx FIFO 0 element index */
2258:Drivers/STM32G4xx_HAL_Driver/Src/stm32g4xx_hal_fdcan.c ****         GetIndex += ((hfdcan->Instance->RXF0S & FDCAN_RXF0S_F0GI) >> FDCAN_RXF0S_F0GI_Pos);
2259:Drivers/STM32G4xx_HAL_Driver/Src/stm32g4xx_hal_fdcan.c **** 
2260:Drivers/STM32G4xx_HAL_Driver/Src/stm32g4xx_hal_fdcan.c ****         /* Calculate Rx FIFO 0 element address */
2261:Drivers/STM32G4xx_HAL_Driver/Src/stm32g4xx_hal_fdcan.c ****         RxAddress = (uint32_t *)(hfdcan->msgRam.RxFIFO0SA + (GetIndex * SRAMCAN_RF0_SIZE));
2262:Drivers/STM32G4xx_HAL_Driver/Src/stm32g4xx_hal_fdcan.c ****       }
2263:Drivers/STM32G4xx_HAL_Driver/Src/stm32g4xx_hal_fdcan.c ****     }
2264:Drivers/STM32G4xx_HAL_Driver/Src/stm32g4xx_hal_fdcan.c ****     else /* Rx element is assigned to the Rx FIFO 1 */
2265:Drivers/STM32G4xx_HAL_Driver/Src/stm32g4xx_hal_fdcan.c ****     {
2266:Drivers/STM32G4xx_HAL_Driver/Src/stm32g4xx_hal_fdcan.c ****       /* Check that the Rx FIFO 1 is not empty */
2267:Drivers/STM32G4xx_HAL_Driver/Src/stm32g4xx_hal_fdcan.c ****       if ((hfdcan->Instance->RXF1S & FDCAN_RXF1S_F1FL) == 0U)
2268:Drivers/STM32G4xx_HAL_Driver/Src/stm32g4xx_hal_fdcan.c ****       {
2269:Drivers/STM32G4xx_HAL_Driver/Src/stm32g4xx_hal_fdcan.c ****         /* Update error code */
2270:Drivers/STM32G4xx_HAL_Driver/Src/stm32g4xx_hal_fdcan.c ****         hfdcan->ErrorCode |= HAL_FDCAN_ERROR_FIFO_EMPTY;
2271:Drivers/STM32G4xx_HAL_Driver/Src/stm32g4xx_hal_fdcan.c **** 
2272:Drivers/STM32G4xx_HAL_Driver/Src/stm32g4xx_hal_fdcan.c ****         return HAL_ERROR;
2273:Drivers/STM32G4xx_HAL_Driver/Src/stm32g4xx_hal_fdcan.c ****       }
2274:Drivers/STM32G4xx_HAL_Driver/Src/stm32g4xx_hal_fdcan.c ****       else
2275:Drivers/STM32G4xx_HAL_Driver/Src/stm32g4xx_hal_fdcan.c ****       {
2276:Drivers/STM32G4xx_HAL_Driver/Src/stm32g4xx_hal_fdcan.c ****         /* Check that the Rx FIFO 1 is full & overwrite mode is on */
2277:Drivers/STM32G4xx_HAL_Driver/Src/stm32g4xx_hal_fdcan.c ****         if (((hfdcan->Instance->RXF1S & FDCAN_RXF1S_F1F) >> FDCAN_RXF1S_F1F_Pos) == 1U)
2278:Drivers/STM32G4xx_HAL_Driver/Src/stm32g4xx_hal_fdcan.c ****         {
2279:Drivers/STM32G4xx_HAL_Driver/Src/stm32g4xx_hal_fdcan.c ****           if (((hfdcan->Instance->RXGFC & FDCAN_RXGFC_F1OM) >> FDCAN_RXGFC_F1OM_Pos) == FDCAN_RX_FI
2280:Drivers/STM32G4xx_HAL_Driver/Src/stm32g4xx_hal_fdcan.c ****           {
2281:Drivers/STM32G4xx_HAL_Driver/Src/stm32g4xx_hal_fdcan.c ****             /* When overwrite status is on discard first message in FIFO */
2282:Drivers/STM32G4xx_HAL_Driver/Src/stm32g4xx_hal_fdcan.c ****             GetIndex = 1U;
2283:Drivers/STM32G4xx_HAL_Driver/Src/stm32g4xx_hal_fdcan.c ****           }
2284:Drivers/STM32G4xx_HAL_Driver/Src/stm32g4xx_hal_fdcan.c ****         }
2285:Drivers/STM32G4xx_HAL_Driver/Src/stm32g4xx_hal_fdcan.c **** 
2286:Drivers/STM32G4xx_HAL_Driver/Src/stm32g4xx_hal_fdcan.c ****         /* Calculate Rx FIFO 1 element index */
2287:Drivers/STM32G4xx_HAL_Driver/Src/stm32g4xx_hal_fdcan.c ****         GetIndex += ((hfdcan->Instance->RXF1S & FDCAN_RXF1S_F1GI) >> FDCAN_RXF1S_F1GI_Pos);
2288:Drivers/STM32G4xx_HAL_Driver/Src/stm32g4xx_hal_fdcan.c ****         /* Calculate Rx FIFO 1 element address */
2289:Drivers/STM32G4xx_HAL_Driver/Src/stm32g4xx_hal_fdcan.c ****         RxAddress = (uint32_t *)(hfdcan->msgRam.RxFIFO1SA + (GetIndex * SRAMCAN_RF1_SIZE));
2290:Drivers/STM32G4xx_HAL_Driver/Src/stm32g4xx_hal_fdcan.c ****       }
ARM GAS   			page 42


2291:Drivers/STM32G4xx_HAL_Driver/Src/stm32g4xx_hal_fdcan.c ****     }
2292:Drivers/STM32G4xx_HAL_Driver/Src/stm32g4xx_hal_fdcan.c **** 
2293:Drivers/STM32G4xx_HAL_Driver/Src/stm32g4xx_hal_fdcan.c ****     /* Retrieve IdType */
2294:Drivers/STM32G4xx_HAL_Driver/Src/stm32g4xx_hal_fdcan.c ****     pRxHeader->IdType = *RxAddress & FDCAN_ELEMENT_MASK_XTD;
2295:Drivers/STM32G4xx_HAL_Driver/Src/stm32g4xx_hal_fdcan.c **** 
2296:Drivers/STM32G4xx_HAL_Driver/Src/stm32g4xx_hal_fdcan.c ****     /* Retrieve Identifier */
2297:Drivers/STM32G4xx_HAL_Driver/Src/stm32g4xx_hal_fdcan.c ****     if (pRxHeader->IdType == FDCAN_STANDARD_ID) /* Standard ID element */
2298:Drivers/STM32G4xx_HAL_Driver/Src/stm32g4xx_hal_fdcan.c ****     {
2299:Drivers/STM32G4xx_HAL_Driver/Src/stm32g4xx_hal_fdcan.c ****       pRxHeader->Identifier = ((*RxAddress & FDCAN_ELEMENT_MASK_STDID) >> 18U);
2300:Drivers/STM32G4xx_HAL_Driver/Src/stm32g4xx_hal_fdcan.c ****     }
2301:Drivers/STM32G4xx_HAL_Driver/Src/stm32g4xx_hal_fdcan.c ****     else /* Extended ID element */
2302:Drivers/STM32G4xx_HAL_Driver/Src/stm32g4xx_hal_fdcan.c ****     {
2303:Drivers/STM32G4xx_HAL_Driver/Src/stm32g4xx_hal_fdcan.c ****       pRxHeader->Identifier = (*RxAddress & FDCAN_ELEMENT_MASK_EXTID);
2304:Drivers/STM32G4xx_HAL_Driver/Src/stm32g4xx_hal_fdcan.c ****     }
2305:Drivers/STM32G4xx_HAL_Driver/Src/stm32g4xx_hal_fdcan.c **** 
2306:Drivers/STM32G4xx_HAL_Driver/Src/stm32g4xx_hal_fdcan.c ****     /* Retrieve RxFrameType */
2307:Drivers/STM32G4xx_HAL_Driver/Src/stm32g4xx_hal_fdcan.c ****     pRxHeader->RxFrameType = (*RxAddress & FDCAN_ELEMENT_MASK_RTR);
2308:Drivers/STM32G4xx_HAL_Driver/Src/stm32g4xx_hal_fdcan.c **** 
2309:Drivers/STM32G4xx_HAL_Driver/Src/stm32g4xx_hal_fdcan.c ****     /* Retrieve ErrorStateIndicator */
2310:Drivers/STM32G4xx_HAL_Driver/Src/stm32g4xx_hal_fdcan.c ****     pRxHeader->ErrorStateIndicator = (*RxAddress & FDCAN_ELEMENT_MASK_ESI);
2311:Drivers/STM32G4xx_HAL_Driver/Src/stm32g4xx_hal_fdcan.c **** 
2312:Drivers/STM32G4xx_HAL_Driver/Src/stm32g4xx_hal_fdcan.c ****     /* Increment RxAddress pointer to second word of Rx FIFO element */
2313:Drivers/STM32G4xx_HAL_Driver/Src/stm32g4xx_hal_fdcan.c ****     RxAddress++;
2314:Drivers/STM32G4xx_HAL_Driver/Src/stm32g4xx_hal_fdcan.c **** 
2315:Drivers/STM32G4xx_HAL_Driver/Src/stm32g4xx_hal_fdcan.c ****     /* Retrieve RxTimestamp */
2316:Drivers/STM32G4xx_HAL_Driver/Src/stm32g4xx_hal_fdcan.c ****     pRxHeader->RxTimestamp = (*RxAddress & FDCAN_ELEMENT_MASK_TS);
2317:Drivers/STM32G4xx_HAL_Driver/Src/stm32g4xx_hal_fdcan.c **** 
2318:Drivers/STM32G4xx_HAL_Driver/Src/stm32g4xx_hal_fdcan.c ****     /* Retrieve DataLength */
2319:Drivers/STM32G4xx_HAL_Driver/Src/stm32g4xx_hal_fdcan.c ****     pRxHeader->DataLength = ((*RxAddress & FDCAN_ELEMENT_MASK_DLC) >> 16U);
2320:Drivers/STM32G4xx_HAL_Driver/Src/stm32g4xx_hal_fdcan.c **** 
2321:Drivers/STM32G4xx_HAL_Driver/Src/stm32g4xx_hal_fdcan.c ****     /* Retrieve BitRateSwitch */
2322:Drivers/STM32G4xx_HAL_Driver/Src/stm32g4xx_hal_fdcan.c ****     pRxHeader->BitRateSwitch = (*RxAddress & FDCAN_ELEMENT_MASK_BRS);
2323:Drivers/STM32G4xx_HAL_Driver/Src/stm32g4xx_hal_fdcan.c **** 
2324:Drivers/STM32G4xx_HAL_Driver/Src/stm32g4xx_hal_fdcan.c ****     /* Retrieve FDFormat */
2325:Drivers/STM32G4xx_HAL_Driver/Src/stm32g4xx_hal_fdcan.c ****     pRxHeader->FDFormat = (*RxAddress & FDCAN_ELEMENT_MASK_FDF);
2326:Drivers/STM32G4xx_HAL_Driver/Src/stm32g4xx_hal_fdcan.c **** 
2327:Drivers/STM32G4xx_HAL_Driver/Src/stm32g4xx_hal_fdcan.c ****     /* Retrieve FilterIndex */
2328:Drivers/STM32G4xx_HAL_Driver/Src/stm32g4xx_hal_fdcan.c ****     pRxHeader->FilterIndex = ((*RxAddress & FDCAN_ELEMENT_MASK_FIDX) >> 24U);
2329:Drivers/STM32G4xx_HAL_Driver/Src/stm32g4xx_hal_fdcan.c **** 
2330:Drivers/STM32G4xx_HAL_Driver/Src/stm32g4xx_hal_fdcan.c ****     /* Retrieve NonMatchingFrame */
2331:Drivers/STM32G4xx_HAL_Driver/Src/stm32g4xx_hal_fdcan.c ****     pRxHeader->IsFilterMatchingFrame = ((*RxAddress & FDCAN_ELEMENT_MASK_ANMF) >> 31U);
2332:Drivers/STM32G4xx_HAL_Driver/Src/stm32g4xx_hal_fdcan.c **** 
2333:Drivers/STM32G4xx_HAL_Driver/Src/stm32g4xx_hal_fdcan.c ****     /* Increment RxAddress pointer to payload of Rx FIFO element */
2334:Drivers/STM32G4xx_HAL_Driver/Src/stm32g4xx_hal_fdcan.c ****     RxAddress++;
2335:Drivers/STM32G4xx_HAL_Driver/Src/stm32g4xx_hal_fdcan.c **** 
2336:Drivers/STM32G4xx_HAL_Driver/Src/stm32g4xx_hal_fdcan.c ****     /* Retrieve Rx payload */
2337:Drivers/STM32G4xx_HAL_Driver/Src/stm32g4xx_hal_fdcan.c ****     pData = (uint8_t *)RxAddress;
2338:Drivers/STM32G4xx_HAL_Driver/Src/stm32g4xx_hal_fdcan.c ****     for (ByteCounter = 0; ByteCounter < DLCtoBytes[pRxHeader->DataLength]; ByteCounter++)
2339:Drivers/STM32G4xx_HAL_Driver/Src/stm32g4xx_hal_fdcan.c ****     {
2340:Drivers/STM32G4xx_HAL_Driver/Src/stm32g4xx_hal_fdcan.c ****       pRxData[ByteCounter] = pData[ByteCounter];
2341:Drivers/STM32G4xx_HAL_Driver/Src/stm32g4xx_hal_fdcan.c ****     }
2342:Drivers/STM32G4xx_HAL_Driver/Src/stm32g4xx_hal_fdcan.c **** 
2343:Drivers/STM32G4xx_HAL_Driver/Src/stm32g4xx_hal_fdcan.c ****     if (RxLocation == FDCAN_RX_FIFO0) /* Rx element is assigned to the Rx FIFO 0 */
2344:Drivers/STM32G4xx_HAL_Driver/Src/stm32g4xx_hal_fdcan.c ****     {
2345:Drivers/STM32G4xx_HAL_Driver/Src/stm32g4xx_hal_fdcan.c ****       /* Acknowledge the Rx FIFO 0 that the oldest element is read so that it increments the GetInd
2346:Drivers/STM32G4xx_HAL_Driver/Src/stm32g4xx_hal_fdcan.c ****       hfdcan->Instance->RXF0A = GetIndex;
2347:Drivers/STM32G4xx_HAL_Driver/Src/stm32g4xx_hal_fdcan.c ****     }
ARM GAS   			page 43


2348:Drivers/STM32G4xx_HAL_Driver/Src/stm32g4xx_hal_fdcan.c ****     else /* Rx element is assigned to the Rx FIFO 1 */
2349:Drivers/STM32G4xx_HAL_Driver/Src/stm32g4xx_hal_fdcan.c ****     {
2350:Drivers/STM32G4xx_HAL_Driver/Src/stm32g4xx_hal_fdcan.c ****       /* Acknowledge the Rx FIFO 1 that the oldest element is read so that it increments the GetInd
2351:Drivers/STM32G4xx_HAL_Driver/Src/stm32g4xx_hal_fdcan.c ****       hfdcan->Instance->RXF1A = GetIndex;
2352:Drivers/STM32G4xx_HAL_Driver/Src/stm32g4xx_hal_fdcan.c ****     }
2353:Drivers/STM32G4xx_HAL_Driver/Src/stm32g4xx_hal_fdcan.c **** 
2354:Drivers/STM32G4xx_HAL_Driver/Src/stm32g4xx_hal_fdcan.c ****     /* Return function status */
2355:Drivers/STM32G4xx_HAL_Driver/Src/stm32g4xx_hal_fdcan.c ****     return HAL_OK;
2356:Drivers/STM32G4xx_HAL_Driver/Src/stm32g4xx_hal_fdcan.c ****   }
2357:Drivers/STM32G4xx_HAL_Driver/Src/stm32g4xx_hal_fdcan.c ****   else
2358:Drivers/STM32G4xx_HAL_Driver/Src/stm32g4xx_hal_fdcan.c ****   {
2359:Drivers/STM32G4xx_HAL_Driver/Src/stm32g4xx_hal_fdcan.c ****     /* Update error code */
2360:Drivers/STM32G4xx_HAL_Driver/Src/stm32g4xx_hal_fdcan.c ****     hfdcan->ErrorCode |= HAL_FDCAN_ERROR_NOT_STARTED;
2361:Drivers/STM32G4xx_HAL_Driver/Src/stm32g4xx_hal_fdcan.c **** 
2362:Drivers/STM32G4xx_HAL_Driver/Src/stm32g4xx_hal_fdcan.c ****     return HAL_ERROR;
2363:Drivers/STM32G4xx_HAL_Driver/Src/stm32g4xx_hal_fdcan.c ****   }
2364:Drivers/STM32G4xx_HAL_Driver/Src/stm32g4xx_hal_fdcan.c **** }
2365:Drivers/STM32G4xx_HAL_Driver/Src/stm32g4xx_hal_fdcan.c **** 
2366:Drivers/STM32G4xx_HAL_Driver/Src/stm32g4xx_hal_fdcan.c **** /**
2367:Drivers/STM32G4xx_HAL_Driver/Src/stm32g4xx_hal_fdcan.c ****   * @brief  Get an FDCAN Tx event from the Tx Event FIFO zone into the message RAM.
2368:Drivers/STM32G4xx_HAL_Driver/Src/stm32g4xx_hal_fdcan.c ****   * @param  hfdcan pointer to an FDCAN_HandleTypeDef structure that contains
2369:Drivers/STM32G4xx_HAL_Driver/Src/stm32g4xx_hal_fdcan.c ****   *         the configuration information for the specified FDCAN.
2370:Drivers/STM32G4xx_HAL_Driver/Src/stm32g4xx_hal_fdcan.c ****   * @param  pTxEvent pointer to a FDCAN_TxEventFifoTypeDef structure.
2371:Drivers/STM32G4xx_HAL_Driver/Src/stm32g4xx_hal_fdcan.c ****   * @retval HAL status
2372:Drivers/STM32G4xx_HAL_Driver/Src/stm32g4xx_hal_fdcan.c ****   */
2373:Drivers/STM32G4xx_HAL_Driver/Src/stm32g4xx_hal_fdcan.c **** HAL_StatusTypeDef HAL_FDCAN_GetTxEvent(FDCAN_HandleTypeDef *hfdcan, FDCAN_TxEventFifoTypeDef *pTxEv
2374:Drivers/STM32G4xx_HAL_Driver/Src/stm32g4xx_hal_fdcan.c **** {
2375:Drivers/STM32G4xx_HAL_Driver/Src/stm32g4xx_hal_fdcan.c ****   uint32_t *TxEventAddress;
2376:Drivers/STM32G4xx_HAL_Driver/Src/stm32g4xx_hal_fdcan.c ****   uint32_t GetIndex;
2377:Drivers/STM32G4xx_HAL_Driver/Src/stm32g4xx_hal_fdcan.c ****   HAL_FDCAN_StateTypeDef state = hfdcan->State;
2378:Drivers/STM32G4xx_HAL_Driver/Src/stm32g4xx_hal_fdcan.c **** 
2379:Drivers/STM32G4xx_HAL_Driver/Src/stm32g4xx_hal_fdcan.c ****   if (state == HAL_FDCAN_STATE_BUSY)
2380:Drivers/STM32G4xx_HAL_Driver/Src/stm32g4xx_hal_fdcan.c ****   {
2381:Drivers/STM32G4xx_HAL_Driver/Src/stm32g4xx_hal_fdcan.c ****     /* Check that the Tx event FIFO is not empty */
2382:Drivers/STM32G4xx_HAL_Driver/Src/stm32g4xx_hal_fdcan.c ****     if ((hfdcan->Instance->TXEFS & FDCAN_TXEFS_EFFL) == 0U)
2383:Drivers/STM32G4xx_HAL_Driver/Src/stm32g4xx_hal_fdcan.c ****     {
2384:Drivers/STM32G4xx_HAL_Driver/Src/stm32g4xx_hal_fdcan.c ****       /* Update error code */
2385:Drivers/STM32G4xx_HAL_Driver/Src/stm32g4xx_hal_fdcan.c ****       hfdcan->ErrorCode |= HAL_FDCAN_ERROR_FIFO_EMPTY;
2386:Drivers/STM32G4xx_HAL_Driver/Src/stm32g4xx_hal_fdcan.c **** 
2387:Drivers/STM32G4xx_HAL_Driver/Src/stm32g4xx_hal_fdcan.c ****       return HAL_ERROR;
2388:Drivers/STM32G4xx_HAL_Driver/Src/stm32g4xx_hal_fdcan.c ****     }
2389:Drivers/STM32G4xx_HAL_Driver/Src/stm32g4xx_hal_fdcan.c **** 
2390:Drivers/STM32G4xx_HAL_Driver/Src/stm32g4xx_hal_fdcan.c ****     /* Calculate Tx event FIFO element address */
2391:Drivers/STM32G4xx_HAL_Driver/Src/stm32g4xx_hal_fdcan.c ****     GetIndex = ((hfdcan->Instance->TXEFS & FDCAN_TXEFS_EFGI) >> FDCAN_TXEFS_EFGI_Pos);
2392:Drivers/STM32G4xx_HAL_Driver/Src/stm32g4xx_hal_fdcan.c ****     TxEventAddress = (uint32_t *)(hfdcan->msgRam.TxEventFIFOSA + (GetIndex * SRAMCAN_TEF_SIZE));
2393:Drivers/STM32G4xx_HAL_Driver/Src/stm32g4xx_hal_fdcan.c **** 
2394:Drivers/STM32G4xx_HAL_Driver/Src/stm32g4xx_hal_fdcan.c ****     /* Retrieve IdType */
2395:Drivers/STM32G4xx_HAL_Driver/Src/stm32g4xx_hal_fdcan.c ****     pTxEvent->IdType = *TxEventAddress & FDCAN_ELEMENT_MASK_XTD;
2396:Drivers/STM32G4xx_HAL_Driver/Src/stm32g4xx_hal_fdcan.c **** 
2397:Drivers/STM32G4xx_HAL_Driver/Src/stm32g4xx_hal_fdcan.c ****     /* Retrieve Identifier */
2398:Drivers/STM32G4xx_HAL_Driver/Src/stm32g4xx_hal_fdcan.c ****     if (pTxEvent->IdType == FDCAN_STANDARD_ID) /* Standard ID element */
2399:Drivers/STM32G4xx_HAL_Driver/Src/stm32g4xx_hal_fdcan.c ****     {
2400:Drivers/STM32G4xx_HAL_Driver/Src/stm32g4xx_hal_fdcan.c ****       pTxEvent->Identifier = ((*TxEventAddress & FDCAN_ELEMENT_MASK_STDID) >> 18U);
2401:Drivers/STM32G4xx_HAL_Driver/Src/stm32g4xx_hal_fdcan.c ****     }
2402:Drivers/STM32G4xx_HAL_Driver/Src/stm32g4xx_hal_fdcan.c ****     else /* Extended ID element */
2403:Drivers/STM32G4xx_HAL_Driver/Src/stm32g4xx_hal_fdcan.c ****     {
2404:Drivers/STM32G4xx_HAL_Driver/Src/stm32g4xx_hal_fdcan.c ****       pTxEvent->Identifier = (*TxEventAddress & FDCAN_ELEMENT_MASK_EXTID);
ARM GAS   			page 44


2405:Drivers/STM32G4xx_HAL_Driver/Src/stm32g4xx_hal_fdcan.c ****     }
2406:Drivers/STM32G4xx_HAL_Driver/Src/stm32g4xx_hal_fdcan.c **** 
2407:Drivers/STM32G4xx_HAL_Driver/Src/stm32g4xx_hal_fdcan.c ****     /* Retrieve TxFrameType */
2408:Drivers/STM32G4xx_HAL_Driver/Src/stm32g4xx_hal_fdcan.c ****     pTxEvent->TxFrameType = (*TxEventAddress & FDCAN_ELEMENT_MASK_RTR);
2409:Drivers/STM32G4xx_HAL_Driver/Src/stm32g4xx_hal_fdcan.c **** 
2410:Drivers/STM32G4xx_HAL_Driver/Src/stm32g4xx_hal_fdcan.c ****     /* Retrieve ErrorStateIndicator */
2411:Drivers/STM32G4xx_HAL_Driver/Src/stm32g4xx_hal_fdcan.c ****     pTxEvent->ErrorStateIndicator = (*TxEventAddress & FDCAN_ELEMENT_MASK_ESI);
2412:Drivers/STM32G4xx_HAL_Driver/Src/stm32g4xx_hal_fdcan.c **** 
2413:Drivers/STM32G4xx_HAL_Driver/Src/stm32g4xx_hal_fdcan.c ****     /* Increment TxEventAddress pointer to second word of Tx Event FIFO element */
2414:Drivers/STM32G4xx_HAL_Driver/Src/stm32g4xx_hal_fdcan.c ****     TxEventAddress++;
2415:Drivers/STM32G4xx_HAL_Driver/Src/stm32g4xx_hal_fdcan.c **** 
2416:Drivers/STM32G4xx_HAL_Driver/Src/stm32g4xx_hal_fdcan.c ****     /* Retrieve TxTimestamp */
2417:Drivers/STM32G4xx_HAL_Driver/Src/stm32g4xx_hal_fdcan.c ****     pTxEvent->TxTimestamp = (*TxEventAddress & FDCAN_ELEMENT_MASK_TS);
2418:Drivers/STM32G4xx_HAL_Driver/Src/stm32g4xx_hal_fdcan.c **** 
2419:Drivers/STM32G4xx_HAL_Driver/Src/stm32g4xx_hal_fdcan.c ****     /* Retrieve DataLength */
2420:Drivers/STM32G4xx_HAL_Driver/Src/stm32g4xx_hal_fdcan.c ****     pTxEvent->DataLength = ((*TxEventAddress & FDCAN_ELEMENT_MASK_DLC) >> 16U);
2421:Drivers/STM32G4xx_HAL_Driver/Src/stm32g4xx_hal_fdcan.c **** 
2422:Drivers/STM32G4xx_HAL_Driver/Src/stm32g4xx_hal_fdcan.c ****     /* Retrieve BitRateSwitch */
2423:Drivers/STM32G4xx_HAL_Driver/Src/stm32g4xx_hal_fdcan.c ****     pTxEvent->BitRateSwitch = (*TxEventAddress & FDCAN_ELEMENT_MASK_BRS);
2424:Drivers/STM32G4xx_HAL_Driver/Src/stm32g4xx_hal_fdcan.c **** 
2425:Drivers/STM32G4xx_HAL_Driver/Src/stm32g4xx_hal_fdcan.c ****     /* Retrieve FDFormat */
2426:Drivers/STM32G4xx_HAL_Driver/Src/stm32g4xx_hal_fdcan.c ****     pTxEvent->FDFormat = (*TxEventAddress & FDCAN_ELEMENT_MASK_FDF);
2427:Drivers/STM32G4xx_HAL_Driver/Src/stm32g4xx_hal_fdcan.c **** 
2428:Drivers/STM32G4xx_HAL_Driver/Src/stm32g4xx_hal_fdcan.c ****     /* Retrieve EventType */
2429:Drivers/STM32G4xx_HAL_Driver/Src/stm32g4xx_hal_fdcan.c ****     pTxEvent->EventType = (*TxEventAddress & FDCAN_ELEMENT_MASK_ET);
2430:Drivers/STM32G4xx_HAL_Driver/Src/stm32g4xx_hal_fdcan.c **** 
2431:Drivers/STM32G4xx_HAL_Driver/Src/stm32g4xx_hal_fdcan.c ****     /* Retrieve MessageMarker */
2432:Drivers/STM32G4xx_HAL_Driver/Src/stm32g4xx_hal_fdcan.c ****     pTxEvent->MessageMarker = ((*TxEventAddress & FDCAN_ELEMENT_MASK_MM) >> 24U);
2433:Drivers/STM32G4xx_HAL_Driver/Src/stm32g4xx_hal_fdcan.c **** 
2434:Drivers/STM32G4xx_HAL_Driver/Src/stm32g4xx_hal_fdcan.c ****     /* Acknowledge the Tx Event FIFO that the oldest element is read so that it increments the GetI
2435:Drivers/STM32G4xx_HAL_Driver/Src/stm32g4xx_hal_fdcan.c ****     hfdcan->Instance->TXEFA = GetIndex;
2436:Drivers/STM32G4xx_HAL_Driver/Src/stm32g4xx_hal_fdcan.c **** 
2437:Drivers/STM32G4xx_HAL_Driver/Src/stm32g4xx_hal_fdcan.c ****     /* Return function status */
2438:Drivers/STM32G4xx_HAL_Driver/Src/stm32g4xx_hal_fdcan.c ****     return HAL_OK;
2439:Drivers/STM32G4xx_HAL_Driver/Src/stm32g4xx_hal_fdcan.c ****   }
2440:Drivers/STM32G4xx_HAL_Driver/Src/stm32g4xx_hal_fdcan.c ****   else
2441:Drivers/STM32G4xx_HAL_Driver/Src/stm32g4xx_hal_fdcan.c ****   {
2442:Drivers/STM32G4xx_HAL_Driver/Src/stm32g4xx_hal_fdcan.c ****     /* Update error code */
2443:Drivers/STM32G4xx_HAL_Driver/Src/stm32g4xx_hal_fdcan.c ****     hfdcan->ErrorCode |= HAL_FDCAN_ERROR_NOT_STARTED;
2444:Drivers/STM32G4xx_HAL_Driver/Src/stm32g4xx_hal_fdcan.c **** 
2445:Drivers/STM32G4xx_HAL_Driver/Src/stm32g4xx_hal_fdcan.c ****     return HAL_ERROR;
2446:Drivers/STM32G4xx_HAL_Driver/Src/stm32g4xx_hal_fdcan.c ****   }
2447:Drivers/STM32G4xx_HAL_Driver/Src/stm32g4xx_hal_fdcan.c **** }
2448:Drivers/STM32G4xx_HAL_Driver/Src/stm32g4xx_hal_fdcan.c **** 
2449:Drivers/STM32G4xx_HAL_Driver/Src/stm32g4xx_hal_fdcan.c **** /**
2450:Drivers/STM32G4xx_HAL_Driver/Src/stm32g4xx_hal_fdcan.c ****   * @brief  Get high priority message status.
2451:Drivers/STM32G4xx_HAL_Driver/Src/stm32g4xx_hal_fdcan.c ****   * @param  hfdcan pointer to an FDCAN_HandleTypeDef structure that contains
2452:Drivers/STM32G4xx_HAL_Driver/Src/stm32g4xx_hal_fdcan.c ****   *         the configuration information for the specified FDCAN.
2453:Drivers/STM32G4xx_HAL_Driver/Src/stm32g4xx_hal_fdcan.c ****   * @param  HpMsgStatus pointer to an FDCAN_HpMsgStatusTypeDef structure.
2454:Drivers/STM32G4xx_HAL_Driver/Src/stm32g4xx_hal_fdcan.c ****   * @retval HAL status
2455:Drivers/STM32G4xx_HAL_Driver/Src/stm32g4xx_hal_fdcan.c ****   */
2456:Drivers/STM32G4xx_HAL_Driver/Src/stm32g4xx_hal_fdcan.c **** HAL_StatusTypeDef HAL_FDCAN_GetHighPriorityMessageStatus(const FDCAN_HandleTypeDef *hfdcan,
2457:Drivers/STM32G4xx_HAL_Driver/Src/stm32g4xx_hal_fdcan.c ****                                                          FDCAN_HpMsgStatusTypeDef *HpMsgStatus)
2458:Drivers/STM32G4xx_HAL_Driver/Src/stm32g4xx_hal_fdcan.c **** {
2459:Drivers/STM32G4xx_HAL_Driver/Src/stm32g4xx_hal_fdcan.c ****   HpMsgStatus->FilterList = ((hfdcan->Instance->HPMS & FDCAN_HPMS_FLST) >> FDCAN_HPMS_FLST_Pos);
2460:Drivers/STM32G4xx_HAL_Driver/Src/stm32g4xx_hal_fdcan.c ****   HpMsgStatus->FilterIndex = ((hfdcan->Instance->HPMS & FDCAN_HPMS_FIDX) >> FDCAN_HPMS_FIDX_Pos);
2461:Drivers/STM32G4xx_HAL_Driver/Src/stm32g4xx_hal_fdcan.c ****   HpMsgStatus->MessageStorage = (hfdcan->Instance->HPMS & FDCAN_HPMS_MSI);
ARM GAS   			page 45


2462:Drivers/STM32G4xx_HAL_Driver/Src/stm32g4xx_hal_fdcan.c ****   HpMsgStatus->MessageIndex = (hfdcan->Instance->HPMS & FDCAN_HPMS_BIDX);
2463:Drivers/STM32G4xx_HAL_Driver/Src/stm32g4xx_hal_fdcan.c **** 
2464:Drivers/STM32G4xx_HAL_Driver/Src/stm32g4xx_hal_fdcan.c ****   /* Return function status */
2465:Drivers/STM32G4xx_HAL_Driver/Src/stm32g4xx_hal_fdcan.c ****   return HAL_OK;
2466:Drivers/STM32G4xx_HAL_Driver/Src/stm32g4xx_hal_fdcan.c **** }
2467:Drivers/STM32G4xx_HAL_Driver/Src/stm32g4xx_hal_fdcan.c **** 
2468:Drivers/STM32G4xx_HAL_Driver/Src/stm32g4xx_hal_fdcan.c **** /**
2469:Drivers/STM32G4xx_HAL_Driver/Src/stm32g4xx_hal_fdcan.c ****   * @brief  Get protocol status.
2470:Drivers/STM32G4xx_HAL_Driver/Src/stm32g4xx_hal_fdcan.c ****   * @param  hfdcan pointer to an FDCAN_HandleTypeDef structure that contains
2471:Drivers/STM32G4xx_HAL_Driver/Src/stm32g4xx_hal_fdcan.c ****   *         the configuration information for the specified FDCAN.
2472:Drivers/STM32G4xx_HAL_Driver/Src/stm32g4xx_hal_fdcan.c ****   * @param  ProtocolStatus pointer to an FDCAN_ProtocolStatusTypeDef structure.
2473:Drivers/STM32G4xx_HAL_Driver/Src/stm32g4xx_hal_fdcan.c ****   * @retval HAL status
2474:Drivers/STM32G4xx_HAL_Driver/Src/stm32g4xx_hal_fdcan.c ****   */
2475:Drivers/STM32G4xx_HAL_Driver/Src/stm32g4xx_hal_fdcan.c **** HAL_StatusTypeDef HAL_FDCAN_GetProtocolStatus(const FDCAN_HandleTypeDef *hfdcan,
2476:Drivers/STM32G4xx_HAL_Driver/Src/stm32g4xx_hal_fdcan.c ****                                               FDCAN_ProtocolStatusTypeDef *ProtocolStatus)
2477:Drivers/STM32G4xx_HAL_Driver/Src/stm32g4xx_hal_fdcan.c **** {
2478:Drivers/STM32G4xx_HAL_Driver/Src/stm32g4xx_hal_fdcan.c ****   uint32_t StatusReg;
2479:Drivers/STM32G4xx_HAL_Driver/Src/stm32g4xx_hal_fdcan.c **** 
2480:Drivers/STM32G4xx_HAL_Driver/Src/stm32g4xx_hal_fdcan.c ****   /* Read the protocol status register */
2481:Drivers/STM32G4xx_HAL_Driver/Src/stm32g4xx_hal_fdcan.c ****   StatusReg = READ_REG(hfdcan->Instance->PSR);
2482:Drivers/STM32G4xx_HAL_Driver/Src/stm32g4xx_hal_fdcan.c **** 
2483:Drivers/STM32G4xx_HAL_Driver/Src/stm32g4xx_hal_fdcan.c ****   /* Fill the protocol status structure */
2484:Drivers/STM32G4xx_HAL_Driver/Src/stm32g4xx_hal_fdcan.c ****   ProtocolStatus->LastErrorCode = (StatusReg & FDCAN_PSR_LEC);
2485:Drivers/STM32G4xx_HAL_Driver/Src/stm32g4xx_hal_fdcan.c ****   ProtocolStatus->DataLastErrorCode = ((StatusReg & FDCAN_PSR_DLEC) >> FDCAN_PSR_DLEC_Pos);
2486:Drivers/STM32G4xx_HAL_Driver/Src/stm32g4xx_hal_fdcan.c ****   ProtocolStatus->Activity = (StatusReg & FDCAN_PSR_ACT);
2487:Drivers/STM32G4xx_HAL_Driver/Src/stm32g4xx_hal_fdcan.c ****   ProtocolStatus->ErrorPassive = ((StatusReg & FDCAN_PSR_EP) >> FDCAN_PSR_EP_Pos);
2488:Drivers/STM32G4xx_HAL_Driver/Src/stm32g4xx_hal_fdcan.c ****   ProtocolStatus->Warning = ((StatusReg & FDCAN_PSR_EW) >> FDCAN_PSR_EW_Pos);
2489:Drivers/STM32G4xx_HAL_Driver/Src/stm32g4xx_hal_fdcan.c ****   ProtocolStatus->BusOff = ((StatusReg & FDCAN_PSR_BO) >> FDCAN_PSR_BO_Pos);
2490:Drivers/STM32G4xx_HAL_Driver/Src/stm32g4xx_hal_fdcan.c ****   ProtocolStatus->RxESIflag = ((StatusReg & FDCAN_PSR_RESI) >> FDCAN_PSR_RESI_Pos);
2491:Drivers/STM32G4xx_HAL_Driver/Src/stm32g4xx_hal_fdcan.c ****   ProtocolStatus->RxBRSflag = ((StatusReg & FDCAN_PSR_RBRS) >> FDCAN_PSR_RBRS_Pos);
2492:Drivers/STM32G4xx_HAL_Driver/Src/stm32g4xx_hal_fdcan.c ****   ProtocolStatus->RxFDFflag = ((StatusReg & FDCAN_PSR_REDL) >> FDCAN_PSR_REDL_Pos);
2493:Drivers/STM32G4xx_HAL_Driver/Src/stm32g4xx_hal_fdcan.c ****   ProtocolStatus->ProtocolException = ((StatusReg & FDCAN_PSR_PXE) >> FDCAN_PSR_PXE_Pos);
2494:Drivers/STM32G4xx_HAL_Driver/Src/stm32g4xx_hal_fdcan.c ****   ProtocolStatus->TDCvalue = ((StatusReg & FDCAN_PSR_TDCV) >> FDCAN_PSR_TDCV_Pos);
2495:Drivers/STM32G4xx_HAL_Driver/Src/stm32g4xx_hal_fdcan.c **** 
2496:Drivers/STM32G4xx_HAL_Driver/Src/stm32g4xx_hal_fdcan.c ****   /* Return function status */
2497:Drivers/STM32G4xx_HAL_Driver/Src/stm32g4xx_hal_fdcan.c ****   return HAL_OK;
2498:Drivers/STM32G4xx_HAL_Driver/Src/stm32g4xx_hal_fdcan.c **** }
2499:Drivers/STM32G4xx_HAL_Driver/Src/stm32g4xx_hal_fdcan.c **** 
2500:Drivers/STM32G4xx_HAL_Driver/Src/stm32g4xx_hal_fdcan.c **** /**
2501:Drivers/STM32G4xx_HAL_Driver/Src/stm32g4xx_hal_fdcan.c ****   * @brief  Get error counter values.
2502:Drivers/STM32G4xx_HAL_Driver/Src/stm32g4xx_hal_fdcan.c ****   * @param  hfdcan pointer to an FDCAN_HandleTypeDef structure that contains
2503:Drivers/STM32G4xx_HAL_Driver/Src/stm32g4xx_hal_fdcan.c ****   *         the configuration information for the specified FDCAN.
2504:Drivers/STM32G4xx_HAL_Driver/Src/stm32g4xx_hal_fdcan.c ****   * @param  ErrorCounters pointer to an FDCAN_ErrorCountersTypeDef structure.
2505:Drivers/STM32G4xx_HAL_Driver/Src/stm32g4xx_hal_fdcan.c ****   * @retval HAL status
2506:Drivers/STM32G4xx_HAL_Driver/Src/stm32g4xx_hal_fdcan.c ****   */
2507:Drivers/STM32G4xx_HAL_Driver/Src/stm32g4xx_hal_fdcan.c **** HAL_StatusTypeDef HAL_FDCAN_GetErrorCounters(const FDCAN_HandleTypeDef *hfdcan,
2508:Drivers/STM32G4xx_HAL_Driver/Src/stm32g4xx_hal_fdcan.c ****                                              FDCAN_ErrorCountersTypeDef *ErrorCounters)
2509:Drivers/STM32G4xx_HAL_Driver/Src/stm32g4xx_hal_fdcan.c **** {
2510:Drivers/STM32G4xx_HAL_Driver/Src/stm32g4xx_hal_fdcan.c ****   uint32_t CountersReg;
2511:Drivers/STM32G4xx_HAL_Driver/Src/stm32g4xx_hal_fdcan.c **** 
2512:Drivers/STM32G4xx_HAL_Driver/Src/stm32g4xx_hal_fdcan.c ****   /* Read the error counters register */
2513:Drivers/STM32G4xx_HAL_Driver/Src/stm32g4xx_hal_fdcan.c ****   CountersReg = READ_REG(hfdcan->Instance->ECR);
2514:Drivers/STM32G4xx_HAL_Driver/Src/stm32g4xx_hal_fdcan.c **** 
2515:Drivers/STM32G4xx_HAL_Driver/Src/stm32g4xx_hal_fdcan.c ****   /* Fill the error counters structure */
2516:Drivers/STM32G4xx_HAL_Driver/Src/stm32g4xx_hal_fdcan.c ****   ErrorCounters->TxErrorCnt = ((CountersReg & FDCAN_ECR_TEC) >> FDCAN_ECR_TEC_Pos);
2517:Drivers/STM32G4xx_HAL_Driver/Src/stm32g4xx_hal_fdcan.c ****   ErrorCounters->RxErrorCnt = ((CountersReg & FDCAN_ECR_REC) >> FDCAN_ECR_REC_Pos);
2518:Drivers/STM32G4xx_HAL_Driver/Src/stm32g4xx_hal_fdcan.c ****   ErrorCounters->RxErrorPassive = ((CountersReg & FDCAN_ECR_RP) >> FDCAN_ECR_RP_Pos);
ARM GAS   			page 46


2519:Drivers/STM32G4xx_HAL_Driver/Src/stm32g4xx_hal_fdcan.c ****   ErrorCounters->ErrorLogging = ((CountersReg & FDCAN_ECR_CEL) >> FDCAN_ECR_CEL_Pos);
2520:Drivers/STM32G4xx_HAL_Driver/Src/stm32g4xx_hal_fdcan.c **** 
2521:Drivers/STM32G4xx_HAL_Driver/Src/stm32g4xx_hal_fdcan.c ****   /* Return function status */
2522:Drivers/STM32G4xx_HAL_Driver/Src/stm32g4xx_hal_fdcan.c ****   return HAL_OK;
2523:Drivers/STM32G4xx_HAL_Driver/Src/stm32g4xx_hal_fdcan.c **** }
2524:Drivers/STM32G4xx_HAL_Driver/Src/stm32g4xx_hal_fdcan.c **** 
2525:Drivers/STM32G4xx_HAL_Driver/Src/stm32g4xx_hal_fdcan.c **** /**
2526:Drivers/STM32G4xx_HAL_Driver/Src/stm32g4xx_hal_fdcan.c ****   * @brief  Check if a transmission request is pending on the selected Tx buffer.
2527:Drivers/STM32G4xx_HAL_Driver/Src/stm32g4xx_hal_fdcan.c ****   * @param  hfdcan pointer to an FDCAN_HandleTypeDef structure that contains
2528:Drivers/STM32G4xx_HAL_Driver/Src/stm32g4xx_hal_fdcan.c ****   *         the configuration information for the specified FDCAN.
2529:Drivers/STM32G4xx_HAL_Driver/Src/stm32g4xx_hal_fdcan.c ****   * @param  TxBufferIndex Tx buffer index.
2530:Drivers/STM32G4xx_HAL_Driver/Src/stm32g4xx_hal_fdcan.c ****   *         This parameter can be any combination of @arg FDCAN_Tx_location.
2531:Drivers/STM32G4xx_HAL_Driver/Src/stm32g4xx_hal_fdcan.c ****   * @retval Status
2532:Drivers/STM32G4xx_HAL_Driver/Src/stm32g4xx_hal_fdcan.c ****   *          - 0 : No pending transmission request on TxBufferIndex list.
2533:Drivers/STM32G4xx_HAL_Driver/Src/stm32g4xx_hal_fdcan.c ****   *          - 1 : Pending transmission request on TxBufferIndex.
2534:Drivers/STM32G4xx_HAL_Driver/Src/stm32g4xx_hal_fdcan.c ****   */
2535:Drivers/STM32G4xx_HAL_Driver/Src/stm32g4xx_hal_fdcan.c **** uint32_t HAL_FDCAN_IsTxBufferMessagePending(const FDCAN_HandleTypeDef *hfdcan, uint32_t TxBufferInd
2536:Drivers/STM32G4xx_HAL_Driver/Src/stm32g4xx_hal_fdcan.c **** {
2537:Drivers/STM32G4xx_HAL_Driver/Src/stm32g4xx_hal_fdcan.c ****   /* Check function parameters */
2538:Drivers/STM32G4xx_HAL_Driver/Src/stm32g4xx_hal_fdcan.c ****   assert_param(IS_FDCAN_TX_LOCATION_LIST(TxBufferIndex));
2539:Drivers/STM32G4xx_HAL_Driver/Src/stm32g4xx_hal_fdcan.c **** 
2540:Drivers/STM32G4xx_HAL_Driver/Src/stm32g4xx_hal_fdcan.c ****   /* Check pending transmission request on the selected buffer */
2541:Drivers/STM32G4xx_HAL_Driver/Src/stm32g4xx_hal_fdcan.c ****   if ((hfdcan->Instance->TXBRP & TxBufferIndex) == 0U)
2542:Drivers/STM32G4xx_HAL_Driver/Src/stm32g4xx_hal_fdcan.c ****   {
2543:Drivers/STM32G4xx_HAL_Driver/Src/stm32g4xx_hal_fdcan.c ****     return 0;
2544:Drivers/STM32G4xx_HAL_Driver/Src/stm32g4xx_hal_fdcan.c ****   }
2545:Drivers/STM32G4xx_HAL_Driver/Src/stm32g4xx_hal_fdcan.c ****   return 1;
2546:Drivers/STM32G4xx_HAL_Driver/Src/stm32g4xx_hal_fdcan.c **** }
2547:Drivers/STM32G4xx_HAL_Driver/Src/stm32g4xx_hal_fdcan.c **** 
2548:Drivers/STM32G4xx_HAL_Driver/Src/stm32g4xx_hal_fdcan.c **** /**
2549:Drivers/STM32G4xx_HAL_Driver/Src/stm32g4xx_hal_fdcan.c ****   * @brief  Return Rx FIFO fill level.
2550:Drivers/STM32G4xx_HAL_Driver/Src/stm32g4xx_hal_fdcan.c ****   * @param  hfdcan pointer to an FDCAN_HandleTypeDef structure that contains
2551:Drivers/STM32G4xx_HAL_Driver/Src/stm32g4xx_hal_fdcan.c ****   *         the configuration information for the specified FDCAN.
2552:Drivers/STM32G4xx_HAL_Driver/Src/stm32g4xx_hal_fdcan.c ****   * @param  RxFifo Rx FIFO.
2553:Drivers/STM32G4xx_HAL_Driver/Src/stm32g4xx_hal_fdcan.c ****   *         This parameter can be one of the following values:
2554:Drivers/STM32G4xx_HAL_Driver/Src/stm32g4xx_hal_fdcan.c ****   *           @arg FDCAN_RX_FIFO0: Rx FIFO 0
2555:Drivers/STM32G4xx_HAL_Driver/Src/stm32g4xx_hal_fdcan.c ****   *           @arg FDCAN_RX_FIFO1: Rx FIFO 1
2556:Drivers/STM32G4xx_HAL_Driver/Src/stm32g4xx_hal_fdcan.c ****   * @retval Rx FIFO fill level.
2557:Drivers/STM32G4xx_HAL_Driver/Src/stm32g4xx_hal_fdcan.c ****   */
2558:Drivers/STM32G4xx_HAL_Driver/Src/stm32g4xx_hal_fdcan.c **** uint32_t HAL_FDCAN_GetRxFifoFillLevel(const FDCAN_HandleTypeDef *hfdcan, uint32_t RxFifo)
2559:Drivers/STM32G4xx_HAL_Driver/Src/stm32g4xx_hal_fdcan.c **** {
2560:Drivers/STM32G4xx_HAL_Driver/Src/stm32g4xx_hal_fdcan.c ****   uint32_t FillLevel;
2561:Drivers/STM32G4xx_HAL_Driver/Src/stm32g4xx_hal_fdcan.c **** 
2562:Drivers/STM32G4xx_HAL_Driver/Src/stm32g4xx_hal_fdcan.c ****   /* Check function parameters */
2563:Drivers/STM32G4xx_HAL_Driver/Src/stm32g4xx_hal_fdcan.c ****   assert_param(IS_FDCAN_RX_FIFO(RxFifo));
2564:Drivers/STM32G4xx_HAL_Driver/Src/stm32g4xx_hal_fdcan.c **** 
2565:Drivers/STM32G4xx_HAL_Driver/Src/stm32g4xx_hal_fdcan.c ****   if (RxFifo == FDCAN_RX_FIFO0)
2566:Drivers/STM32G4xx_HAL_Driver/Src/stm32g4xx_hal_fdcan.c ****   {
2567:Drivers/STM32G4xx_HAL_Driver/Src/stm32g4xx_hal_fdcan.c ****     FillLevel = hfdcan->Instance->RXF0S & FDCAN_RXF0S_F0FL;
2568:Drivers/STM32G4xx_HAL_Driver/Src/stm32g4xx_hal_fdcan.c ****   }
2569:Drivers/STM32G4xx_HAL_Driver/Src/stm32g4xx_hal_fdcan.c ****   else /* RxFifo == FDCAN_RX_FIFO1 */
2570:Drivers/STM32G4xx_HAL_Driver/Src/stm32g4xx_hal_fdcan.c ****   {
2571:Drivers/STM32G4xx_HAL_Driver/Src/stm32g4xx_hal_fdcan.c ****     FillLevel = hfdcan->Instance->RXF1S & FDCAN_RXF1S_F1FL;
2572:Drivers/STM32G4xx_HAL_Driver/Src/stm32g4xx_hal_fdcan.c ****   }
2573:Drivers/STM32G4xx_HAL_Driver/Src/stm32g4xx_hal_fdcan.c **** 
2574:Drivers/STM32G4xx_HAL_Driver/Src/stm32g4xx_hal_fdcan.c ****   /* Return Rx FIFO fill level */
2575:Drivers/STM32G4xx_HAL_Driver/Src/stm32g4xx_hal_fdcan.c ****   return FillLevel;
ARM GAS   			page 47


2576:Drivers/STM32G4xx_HAL_Driver/Src/stm32g4xx_hal_fdcan.c **** }
2577:Drivers/STM32G4xx_HAL_Driver/Src/stm32g4xx_hal_fdcan.c **** 
2578:Drivers/STM32G4xx_HAL_Driver/Src/stm32g4xx_hal_fdcan.c **** /**
2579:Drivers/STM32G4xx_HAL_Driver/Src/stm32g4xx_hal_fdcan.c ****   * @brief  Return Tx FIFO free level: number of consecutive free Tx FIFO
2580:Drivers/STM32G4xx_HAL_Driver/Src/stm32g4xx_hal_fdcan.c ****   *         elements starting from Tx FIFO GetIndex.
2581:Drivers/STM32G4xx_HAL_Driver/Src/stm32g4xx_hal_fdcan.c ****   * @param  hfdcan pointer to an FDCAN_HandleTypeDef structure that contains
2582:Drivers/STM32G4xx_HAL_Driver/Src/stm32g4xx_hal_fdcan.c ****   *         the configuration information for the specified FDCAN.
2583:Drivers/STM32G4xx_HAL_Driver/Src/stm32g4xx_hal_fdcan.c ****   * @retval Tx FIFO free level.
2584:Drivers/STM32G4xx_HAL_Driver/Src/stm32g4xx_hal_fdcan.c ****   */
2585:Drivers/STM32G4xx_HAL_Driver/Src/stm32g4xx_hal_fdcan.c **** uint32_t HAL_FDCAN_GetTxFifoFreeLevel(const FDCAN_HandleTypeDef *hfdcan)
2586:Drivers/STM32G4xx_HAL_Driver/Src/stm32g4xx_hal_fdcan.c **** {
2587:Drivers/STM32G4xx_HAL_Driver/Src/stm32g4xx_hal_fdcan.c ****   uint32_t FreeLevel;
2588:Drivers/STM32G4xx_HAL_Driver/Src/stm32g4xx_hal_fdcan.c **** 
2589:Drivers/STM32G4xx_HAL_Driver/Src/stm32g4xx_hal_fdcan.c ****   FreeLevel = hfdcan->Instance->TXFQS & FDCAN_TXFQS_TFFL;
2590:Drivers/STM32G4xx_HAL_Driver/Src/stm32g4xx_hal_fdcan.c **** 
2591:Drivers/STM32G4xx_HAL_Driver/Src/stm32g4xx_hal_fdcan.c ****   /* Return Tx FIFO free level */
2592:Drivers/STM32G4xx_HAL_Driver/Src/stm32g4xx_hal_fdcan.c ****   return FreeLevel;
2593:Drivers/STM32G4xx_HAL_Driver/Src/stm32g4xx_hal_fdcan.c **** }
2594:Drivers/STM32G4xx_HAL_Driver/Src/stm32g4xx_hal_fdcan.c **** 
2595:Drivers/STM32G4xx_HAL_Driver/Src/stm32g4xx_hal_fdcan.c **** /**
2596:Drivers/STM32G4xx_HAL_Driver/Src/stm32g4xx_hal_fdcan.c ****   * @brief  Check if the FDCAN peripheral entered Restricted Operation Mode.
2597:Drivers/STM32G4xx_HAL_Driver/Src/stm32g4xx_hal_fdcan.c ****   * @param  hfdcan pointer to an FDCAN_HandleTypeDef structure that contains
2598:Drivers/STM32G4xx_HAL_Driver/Src/stm32g4xx_hal_fdcan.c ****   *         the configuration information for the specified FDCAN.
2599:Drivers/STM32G4xx_HAL_Driver/Src/stm32g4xx_hal_fdcan.c ****   * @retval Status
2600:Drivers/STM32G4xx_HAL_Driver/Src/stm32g4xx_hal_fdcan.c ****   *          - 0 : Normal FDCAN operation.
2601:Drivers/STM32G4xx_HAL_Driver/Src/stm32g4xx_hal_fdcan.c ****   *          - 1 : Restricted Operation Mode active.
2602:Drivers/STM32G4xx_HAL_Driver/Src/stm32g4xx_hal_fdcan.c ****   */
2603:Drivers/STM32G4xx_HAL_Driver/Src/stm32g4xx_hal_fdcan.c **** uint32_t HAL_FDCAN_IsRestrictedOperationMode(const FDCAN_HandleTypeDef *hfdcan)
2604:Drivers/STM32G4xx_HAL_Driver/Src/stm32g4xx_hal_fdcan.c **** {
2605:Drivers/STM32G4xx_HAL_Driver/Src/stm32g4xx_hal_fdcan.c ****   uint32_t OperationMode;
2606:Drivers/STM32G4xx_HAL_Driver/Src/stm32g4xx_hal_fdcan.c **** 
2607:Drivers/STM32G4xx_HAL_Driver/Src/stm32g4xx_hal_fdcan.c ****   /* Get Operation Mode */
2608:Drivers/STM32G4xx_HAL_Driver/Src/stm32g4xx_hal_fdcan.c ****   OperationMode = ((hfdcan->Instance->CCCR & FDCAN_CCCR_ASM) >> FDCAN_CCCR_ASM_Pos);
2609:Drivers/STM32G4xx_HAL_Driver/Src/stm32g4xx_hal_fdcan.c **** 
2610:Drivers/STM32G4xx_HAL_Driver/Src/stm32g4xx_hal_fdcan.c ****   return OperationMode;
2611:Drivers/STM32G4xx_HAL_Driver/Src/stm32g4xx_hal_fdcan.c **** }
2612:Drivers/STM32G4xx_HAL_Driver/Src/stm32g4xx_hal_fdcan.c **** 
2613:Drivers/STM32G4xx_HAL_Driver/Src/stm32g4xx_hal_fdcan.c **** /**
2614:Drivers/STM32G4xx_HAL_Driver/Src/stm32g4xx_hal_fdcan.c ****   * @brief  Exit Restricted Operation Mode.
2615:Drivers/STM32G4xx_HAL_Driver/Src/stm32g4xx_hal_fdcan.c ****   * @param  hfdcan pointer to an FDCAN_HandleTypeDef structure that contains
2616:Drivers/STM32G4xx_HAL_Driver/Src/stm32g4xx_hal_fdcan.c ****   *         the configuration information for the specified FDCAN.
2617:Drivers/STM32G4xx_HAL_Driver/Src/stm32g4xx_hal_fdcan.c ****   * @retval HAL status
2618:Drivers/STM32G4xx_HAL_Driver/Src/stm32g4xx_hal_fdcan.c ****   */
2619:Drivers/STM32G4xx_HAL_Driver/Src/stm32g4xx_hal_fdcan.c **** HAL_StatusTypeDef HAL_FDCAN_ExitRestrictedOperationMode(FDCAN_HandleTypeDef *hfdcan)
2620:Drivers/STM32G4xx_HAL_Driver/Src/stm32g4xx_hal_fdcan.c **** {
2621:Drivers/STM32G4xx_HAL_Driver/Src/stm32g4xx_hal_fdcan.c ****   HAL_FDCAN_StateTypeDef state = hfdcan->State;
2622:Drivers/STM32G4xx_HAL_Driver/Src/stm32g4xx_hal_fdcan.c **** 
2623:Drivers/STM32G4xx_HAL_Driver/Src/stm32g4xx_hal_fdcan.c ****   if ((state == HAL_FDCAN_STATE_READY) || (state == HAL_FDCAN_STATE_BUSY))
2624:Drivers/STM32G4xx_HAL_Driver/Src/stm32g4xx_hal_fdcan.c ****   {
2625:Drivers/STM32G4xx_HAL_Driver/Src/stm32g4xx_hal_fdcan.c ****     /* Exit Restricted Operation mode */
2626:Drivers/STM32G4xx_HAL_Driver/Src/stm32g4xx_hal_fdcan.c ****     CLEAR_BIT(hfdcan->Instance->CCCR, FDCAN_CCCR_ASM);
2627:Drivers/STM32G4xx_HAL_Driver/Src/stm32g4xx_hal_fdcan.c **** 
2628:Drivers/STM32G4xx_HAL_Driver/Src/stm32g4xx_hal_fdcan.c ****     /* Return function status */
2629:Drivers/STM32G4xx_HAL_Driver/Src/stm32g4xx_hal_fdcan.c ****     return HAL_OK;
2630:Drivers/STM32G4xx_HAL_Driver/Src/stm32g4xx_hal_fdcan.c ****   }
2631:Drivers/STM32G4xx_HAL_Driver/Src/stm32g4xx_hal_fdcan.c ****   else
2632:Drivers/STM32G4xx_HAL_Driver/Src/stm32g4xx_hal_fdcan.c ****   {
ARM GAS   			page 48


2633:Drivers/STM32G4xx_HAL_Driver/Src/stm32g4xx_hal_fdcan.c ****     /* Update error code */
2634:Drivers/STM32G4xx_HAL_Driver/Src/stm32g4xx_hal_fdcan.c ****     hfdcan->ErrorCode |= HAL_FDCAN_ERROR_NOT_INITIALIZED;
2635:Drivers/STM32G4xx_HAL_Driver/Src/stm32g4xx_hal_fdcan.c **** 
2636:Drivers/STM32G4xx_HAL_Driver/Src/stm32g4xx_hal_fdcan.c ****     return HAL_ERROR;
2637:Drivers/STM32G4xx_HAL_Driver/Src/stm32g4xx_hal_fdcan.c ****   }
2638:Drivers/STM32G4xx_HAL_Driver/Src/stm32g4xx_hal_fdcan.c **** }
2639:Drivers/STM32G4xx_HAL_Driver/Src/stm32g4xx_hal_fdcan.c **** 
2640:Drivers/STM32G4xx_HAL_Driver/Src/stm32g4xx_hal_fdcan.c **** /**
2641:Drivers/STM32G4xx_HAL_Driver/Src/stm32g4xx_hal_fdcan.c ****   * @}
2642:Drivers/STM32G4xx_HAL_Driver/Src/stm32g4xx_hal_fdcan.c ****   */
2643:Drivers/STM32G4xx_HAL_Driver/Src/stm32g4xx_hal_fdcan.c **** 
2644:Drivers/STM32G4xx_HAL_Driver/Src/stm32g4xx_hal_fdcan.c **** /** @defgroup FDCAN_Exported_Functions_Group4 Interrupts management
2645:Drivers/STM32G4xx_HAL_Driver/Src/stm32g4xx_hal_fdcan.c ****   *  @brief    Interrupts management
2646:Drivers/STM32G4xx_HAL_Driver/Src/stm32g4xx_hal_fdcan.c ****   *
2647:Drivers/STM32G4xx_HAL_Driver/Src/stm32g4xx_hal_fdcan.c **** @verbatim
2648:Drivers/STM32G4xx_HAL_Driver/Src/stm32g4xx_hal_fdcan.c ****   ==============================================================================
2649:Drivers/STM32G4xx_HAL_Driver/Src/stm32g4xx_hal_fdcan.c ****                        ##### Interrupts management #####
2650:Drivers/STM32G4xx_HAL_Driver/Src/stm32g4xx_hal_fdcan.c ****   ==============================================================================
2651:Drivers/STM32G4xx_HAL_Driver/Src/stm32g4xx_hal_fdcan.c ****     [..]  This section provides functions allowing to:
2652:Drivers/STM32G4xx_HAL_Driver/Src/stm32g4xx_hal_fdcan.c ****       (+) HAL_FDCAN_ConfigInterruptLines      : Assign interrupts to either Interrupt line 0 or 1
2653:Drivers/STM32G4xx_HAL_Driver/Src/stm32g4xx_hal_fdcan.c ****       (+) HAL_FDCAN_ActivateNotification      : Enable interrupts
2654:Drivers/STM32G4xx_HAL_Driver/Src/stm32g4xx_hal_fdcan.c ****       (+) HAL_FDCAN_DeactivateNotification    : Disable interrupts
2655:Drivers/STM32G4xx_HAL_Driver/Src/stm32g4xx_hal_fdcan.c ****       (+) HAL_FDCAN_IRQHandler                : Handles FDCAN interrupt request
2656:Drivers/STM32G4xx_HAL_Driver/Src/stm32g4xx_hal_fdcan.c **** 
2657:Drivers/STM32G4xx_HAL_Driver/Src/stm32g4xx_hal_fdcan.c **** @endverbatim
2658:Drivers/STM32G4xx_HAL_Driver/Src/stm32g4xx_hal_fdcan.c ****   * @{
2659:Drivers/STM32G4xx_HAL_Driver/Src/stm32g4xx_hal_fdcan.c ****   */
2660:Drivers/STM32G4xx_HAL_Driver/Src/stm32g4xx_hal_fdcan.c **** 
2661:Drivers/STM32G4xx_HAL_Driver/Src/stm32g4xx_hal_fdcan.c **** /**
2662:Drivers/STM32G4xx_HAL_Driver/Src/stm32g4xx_hal_fdcan.c ****   * @brief  Assign interrupts to either Interrupt line 0 or 1.
2663:Drivers/STM32G4xx_HAL_Driver/Src/stm32g4xx_hal_fdcan.c ****   * @param  hfdcan pointer to an FDCAN_HandleTypeDef structure that contains
2664:Drivers/STM32G4xx_HAL_Driver/Src/stm32g4xx_hal_fdcan.c ****   *         the configuration information for the specified FDCAN.
2665:Drivers/STM32G4xx_HAL_Driver/Src/stm32g4xx_hal_fdcan.c ****   * @param  ITList indicates which interrupts group will be assigned to the selected interrupt line
2666:Drivers/STM32G4xx_HAL_Driver/Src/stm32g4xx_hal_fdcan.c ****   *         This parameter can be any combination of @arg FDCAN_Interrupts_Group.
2667:Drivers/STM32G4xx_HAL_Driver/Src/stm32g4xx_hal_fdcan.c ****   * @param  InterruptLine Interrupt line.
2668:Drivers/STM32G4xx_HAL_Driver/Src/stm32g4xx_hal_fdcan.c ****   *         This parameter can be a value of @arg FDCAN_Interrupt_Line.
2669:Drivers/STM32G4xx_HAL_Driver/Src/stm32g4xx_hal_fdcan.c ****   * @retval HAL status
2670:Drivers/STM32G4xx_HAL_Driver/Src/stm32g4xx_hal_fdcan.c ****   */
2671:Drivers/STM32G4xx_HAL_Driver/Src/stm32g4xx_hal_fdcan.c **** HAL_StatusTypeDef HAL_FDCAN_ConfigInterruptLines(FDCAN_HandleTypeDef *hfdcan, uint32_t ITList, uint
2672:Drivers/STM32G4xx_HAL_Driver/Src/stm32g4xx_hal_fdcan.c **** {
2673:Drivers/STM32G4xx_HAL_Driver/Src/stm32g4xx_hal_fdcan.c ****   HAL_FDCAN_StateTypeDef state = hfdcan->State;
2674:Drivers/STM32G4xx_HAL_Driver/Src/stm32g4xx_hal_fdcan.c **** 
2675:Drivers/STM32G4xx_HAL_Driver/Src/stm32g4xx_hal_fdcan.c ****   /* Check function parameters */
2676:Drivers/STM32G4xx_HAL_Driver/Src/stm32g4xx_hal_fdcan.c ****   assert_param(IS_FDCAN_IT_GROUP(ITList));
2677:Drivers/STM32G4xx_HAL_Driver/Src/stm32g4xx_hal_fdcan.c ****   assert_param(IS_FDCAN_IT_LINE(InterruptLine));
2678:Drivers/STM32G4xx_HAL_Driver/Src/stm32g4xx_hal_fdcan.c **** 
2679:Drivers/STM32G4xx_HAL_Driver/Src/stm32g4xx_hal_fdcan.c ****   if ((state == HAL_FDCAN_STATE_READY) || (state == HAL_FDCAN_STATE_BUSY))
2680:Drivers/STM32G4xx_HAL_Driver/Src/stm32g4xx_hal_fdcan.c ****   {
2681:Drivers/STM32G4xx_HAL_Driver/Src/stm32g4xx_hal_fdcan.c ****     /* Assign list of interrupts to the selected line */
2682:Drivers/STM32G4xx_HAL_Driver/Src/stm32g4xx_hal_fdcan.c ****     if (InterruptLine == FDCAN_INTERRUPT_LINE0)
2683:Drivers/STM32G4xx_HAL_Driver/Src/stm32g4xx_hal_fdcan.c ****     {
2684:Drivers/STM32G4xx_HAL_Driver/Src/stm32g4xx_hal_fdcan.c ****       CLEAR_BIT(hfdcan->Instance->ILS, ITList);
2685:Drivers/STM32G4xx_HAL_Driver/Src/stm32g4xx_hal_fdcan.c ****     }
2686:Drivers/STM32G4xx_HAL_Driver/Src/stm32g4xx_hal_fdcan.c ****     else /* InterruptLine == FDCAN_INTERRUPT_LINE1 */
2687:Drivers/STM32G4xx_HAL_Driver/Src/stm32g4xx_hal_fdcan.c ****     {
2688:Drivers/STM32G4xx_HAL_Driver/Src/stm32g4xx_hal_fdcan.c ****       SET_BIT(hfdcan->Instance->ILS, ITList);
2689:Drivers/STM32G4xx_HAL_Driver/Src/stm32g4xx_hal_fdcan.c ****     }
ARM GAS   			page 49


2690:Drivers/STM32G4xx_HAL_Driver/Src/stm32g4xx_hal_fdcan.c **** 
2691:Drivers/STM32G4xx_HAL_Driver/Src/stm32g4xx_hal_fdcan.c ****     /* Return function status */
2692:Drivers/STM32G4xx_HAL_Driver/Src/stm32g4xx_hal_fdcan.c ****     return HAL_OK;
2693:Drivers/STM32G4xx_HAL_Driver/Src/stm32g4xx_hal_fdcan.c ****   }
2694:Drivers/STM32G4xx_HAL_Driver/Src/stm32g4xx_hal_fdcan.c ****   else
2695:Drivers/STM32G4xx_HAL_Driver/Src/stm32g4xx_hal_fdcan.c ****   {
2696:Drivers/STM32G4xx_HAL_Driver/Src/stm32g4xx_hal_fdcan.c ****     /* Update error code */
2697:Drivers/STM32G4xx_HAL_Driver/Src/stm32g4xx_hal_fdcan.c ****     hfdcan->ErrorCode |= HAL_FDCAN_ERROR_NOT_INITIALIZED;
2698:Drivers/STM32G4xx_HAL_Driver/Src/stm32g4xx_hal_fdcan.c **** 
2699:Drivers/STM32G4xx_HAL_Driver/Src/stm32g4xx_hal_fdcan.c ****     return HAL_ERROR;
2700:Drivers/STM32G4xx_HAL_Driver/Src/stm32g4xx_hal_fdcan.c ****   }
2701:Drivers/STM32G4xx_HAL_Driver/Src/stm32g4xx_hal_fdcan.c **** }
2702:Drivers/STM32G4xx_HAL_Driver/Src/stm32g4xx_hal_fdcan.c **** 
2703:Drivers/STM32G4xx_HAL_Driver/Src/stm32g4xx_hal_fdcan.c **** /**
2704:Drivers/STM32G4xx_HAL_Driver/Src/stm32g4xx_hal_fdcan.c ****   * @brief  Enable interrupts.
2705:Drivers/STM32G4xx_HAL_Driver/Src/stm32g4xx_hal_fdcan.c ****   * @param  hfdcan pointer to an FDCAN_HandleTypeDef structure that contains
2706:Drivers/STM32G4xx_HAL_Driver/Src/stm32g4xx_hal_fdcan.c ****   *         the configuration information for the specified FDCAN.
2707:Drivers/STM32G4xx_HAL_Driver/Src/stm32g4xx_hal_fdcan.c ****   * @param  ActiveITs indicates which interrupts will be enabled.
2708:Drivers/STM32G4xx_HAL_Driver/Src/stm32g4xx_hal_fdcan.c ****   *         This parameter can be any combination of @arg FDCAN_Interrupts.
2709:Drivers/STM32G4xx_HAL_Driver/Src/stm32g4xx_hal_fdcan.c ****   * @param  BufferIndexes Tx Buffer Indexes.
2710:Drivers/STM32G4xx_HAL_Driver/Src/stm32g4xx_hal_fdcan.c ****   *         This parameter can be any combination of @arg FDCAN_Tx_location.
2711:Drivers/STM32G4xx_HAL_Driver/Src/stm32g4xx_hal_fdcan.c ****   *         This parameter is ignored if ActiveITs does not include one of the following:
2712:Drivers/STM32G4xx_HAL_Driver/Src/stm32g4xx_hal_fdcan.c ****   *           - FDCAN_IT_TX_COMPLETE
2713:Drivers/STM32G4xx_HAL_Driver/Src/stm32g4xx_hal_fdcan.c ****   *           - FDCAN_IT_TX_ABORT_COMPLETE
2714:Drivers/STM32G4xx_HAL_Driver/Src/stm32g4xx_hal_fdcan.c ****   * @retval HAL status
2715:Drivers/STM32G4xx_HAL_Driver/Src/stm32g4xx_hal_fdcan.c ****   */
2716:Drivers/STM32G4xx_HAL_Driver/Src/stm32g4xx_hal_fdcan.c **** HAL_StatusTypeDef HAL_FDCAN_ActivateNotification(FDCAN_HandleTypeDef *hfdcan, uint32_t ActiveITs,
2717:Drivers/STM32G4xx_HAL_Driver/Src/stm32g4xx_hal_fdcan.c ****                                                  uint32_t BufferIndexes)
2718:Drivers/STM32G4xx_HAL_Driver/Src/stm32g4xx_hal_fdcan.c **** {
2719:Drivers/STM32G4xx_HAL_Driver/Src/stm32g4xx_hal_fdcan.c ****   HAL_FDCAN_StateTypeDef state = hfdcan->State;
2720:Drivers/STM32G4xx_HAL_Driver/Src/stm32g4xx_hal_fdcan.c ****   uint32_t ITs_lines_selection;
2721:Drivers/STM32G4xx_HAL_Driver/Src/stm32g4xx_hal_fdcan.c **** 
2722:Drivers/STM32G4xx_HAL_Driver/Src/stm32g4xx_hal_fdcan.c ****   /* Check function parameters */
2723:Drivers/STM32G4xx_HAL_Driver/Src/stm32g4xx_hal_fdcan.c ****   assert_param(IS_FDCAN_IT(ActiveITs));
2724:Drivers/STM32G4xx_HAL_Driver/Src/stm32g4xx_hal_fdcan.c ****   if ((ActiveITs & (FDCAN_IT_TX_COMPLETE | FDCAN_IT_TX_ABORT_COMPLETE)) != 0U)
2725:Drivers/STM32G4xx_HAL_Driver/Src/stm32g4xx_hal_fdcan.c ****   {
2726:Drivers/STM32G4xx_HAL_Driver/Src/stm32g4xx_hal_fdcan.c ****     assert_param(IS_FDCAN_TX_LOCATION_LIST(BufferIndexes));
2727:Drivers/STM32G4xx_HAL_Driver/Src/stm32g4xx_hal_fdcan.c ****   }
2728:Drivers/STM32G4xx_HAL_Driver/Src/stm32g4xx_hal_fdcan.c **** 
2729:Drivers/STM32G4xx_HAL_Driver/Src/stm32g4xx_hal_fdcan.c ****   if ((state == HAL_FDCAN_STATE_READY) || (state == HAL_FDCAN_STATE_BUSY))
2730:Drivers/STM32G4xx_HAL_Driver/Src/stm32g4xx_hal_fdcan.c ****   {
2731:Drivers/STM32G4xx_HAL_Driver/Src/stm32g4xx_hal_fdcan.c ****     /* Get interrupts line selection */
2732:Drivers/STM32G4xx_HAL_Driver/Src/stm32g4xx_hal_fdcan.c ****     ITs_lines_selection = hfdcan->Instance->ILS;
2733:Drivers/STM32G4xx_HAL_Driver/Src/stm32g4xx_hal_fdcan.c **** 
2734:Drivers/STM32G4xx_HAL_Driver/Src/stm32g4xx_hal_fdcan.c ****     /* Enable Interrupt lines */
2735:Drivers/STM32G4xx_HAL_Driver/Src/stm32g4xx_hal_fdcan.c ****     if ((((ActiveITs & FDCAN_IT_LIST_RX_FIFO0) != 0U)
2736:Drivers/STM32G4xx_HAL_Driver/Src/stm32g4xx_hal_fdcan.c ****          && (((ITs_lines_selection) & FDCAN_IT_GROUP_RX_FIFO0) == 0U)) || \
2737:Drivers/STM32G4xx_HAL_Driver/Src/stm32g4xx_hal_fdcan.c ****         (((ActiveITs & FDCAN_IT_LIST_RX_FIFO1)       != 0U)
2738:Drivers/STM32G4xx_HAL_Driver/Src/stm32g4xx_hal_fdcan.c ****          && (((ITs_lines_selection) & FDCAN_IT_GROUP_RX_FIFO1) == 0U)) || \
2739:Drivers/STM32G4xx_HAL_Driver/Src/stm32g4xx_hal_fdcan.c ****         (((ActiveITs & FDCAN_IT_LIST_SMSG)           != 0U)
2740:Drivers/STM32G4xx_HAL_Driver/Src/stm32g4xx_hal_fdcan.c ****          && (((ITs_lines_selection) & FDCAN_IT_GROUP_SMSG)     == 0U)) || \
2741:Drivers/STM32G4xx_HAL_Driver/Src/stm32g4xx_hal_fdcan.c ****         (((ActiveITs & FDCAN_IT_LIST_TX_FIFO_ERROR)  != 0U)
2742:Drivers/STM32G4xx_HAL_Driver/Src/stm32g4xx_hal_fdcan.c ****          && (((ITs_lines_selection) & FDCAN_IT_GROUP_TX_FIFO_ERROR)  == 0U)) || \
2743:Drivers/STM32G4xx_HAL_Driver/Src/stm32g4xx_hal_fdcan.c ****         (((ActiveITs & FDCAN_IT_LIST_MISC)           != 0U)
2744:Drivers/STM32G4xx_HAL_Driver/Src/stm32g4xx_hal_fdcan.c ****          && (((ITs_lines_selection) & FDCAN_IT_GROUP_MISC)           == 0U)) || \
2745:Drivers/STM32G4xx_HAL_Driver/Src/stm32g4xx_hal_fdcan.c ****         (((ActiveITs & FDCAN_IT_LIST_BIT_LINE_ERROR) != 0U)
2746:Drivers/STM32G4xx_HAL_Driver/Src/stm32g4xx_hal_fdcan.c ****          && (((ITs_lines_selection) & FDCAN_IT_GROUP_BIT_LINE_ERROR) == 0U)) || \
ARM GAS   			page 50


2747:Drivers/STM32G4xx_HAL_Driver/Src/stm32g4xx_hal_fdcan.c ****         (((ActiveITs & FDCAN_IT_LIST_PROTOCOL_ERROR) != 0U)
2748:Drivers/STM32G4xx_HAL_Driver/Src/stm32g4xx_hal_fdcan.c ****          && (((ITs_lines_selection) & FDCAN_IT_GROUP_PROTOCOL_ERROR) == 0U)))
2749:Drivers/STM32G4xx_HAL_Driver/Src/stm32g4xx_hal_fdcan.c ****     {
2750:Drivers/STM32G4xx_HAL_Driver/Src/stm32g4xx_hal_fdcan.c ****       /* Enable Interrupt line 0 */
2751:Drivers/STM32G4xx_HAL_Driver/Src/stm32g4xx_hal_fdcan.c ****       SET_BIT(hfdcan->Instance->ILE, FDCAN_INTERRUPT_LINE0);
2752:Drivers/STM32G4xx_HAL_Driver/Src/stm32g4xx_hal_fdcan.c ****     }
2753:Drivers/STM32G4xx_HAL_Driver/Src/stm32g4xx_hal_fdcan.c ****     if ((((ActiveITs & FDCAN_IT_LIST_RX_FIFO0)       != 0U)
2754:Drivers/STM32G4xx_HAL_Driver/Src/stm32g4xx_hal_fdcan.c ****          && (((ITs_lines_selection) & FDCAN_IT_GROUP_RX_FIFO0)      != 0U)) || \
2755:Drivers/STM32G4xx_HAL_Driver/Src/stm32g4xx_hal_fdcan.c ****         (((ActiveITs & FDCAN_IT_LIST_RX_FIFO1)       != 0U)
2756:Drivers/STM32G4xx_HAL_Driver/Src/stm32g4xx_hal_fdcan.c ****          && (((ITs_lines_selection) & FDCAN_IT_GROUP_RX_FIFO1)       != 0U)) || \
2757:Drivers/STM32G4xx_HAL_Driver/Src/stm32g4xx_hal_fdcan.c ****         (((ActiveITs & FDCAN_IT_LIST_SMSG)           != 0U)
2758:Drivers/STM32G4xx_HAL_Driver/Src/stm32g4xx_hal_fdcan.c ****          && (((ITs_lines_selection) & FDCAN_IT_GROUP_SMSG)           != 0U)) || \
2759:Drivers/STM32G4xx_HAL_Driver/Src/stm32g4xx_hal_fdcan.c ****         (((ActiveITs & FDCAN_IT_LIST_TX_FIFO_ERROR)  != 0U)
2760:Drivers/STM32G4xx_HAL_Driver/Src/stm32g4xx_hal_fdcan.c ****          && (((ITs_lines_selection) & FDCAN_IT_GROUP_TX_FIFO_ERROR)  != 0U)) || \
2761:Drivers/STM32G4xx_HAL_Driver/Src/stm32g4xx_hal_fdcan.c ****         (((ActiveITs & FDCAN_IT_LIST_MISC)           != 0U)
2762:Drivers/STM32G4xx_HAL_Driver/Src/stm32g4xx_hal_fdcan.c ****          && (((ITs_lines_selection) & FDCAN_IT_GROUP_MISC)           != 0U)) || \
2763:Drivers/STM32G4xx_HAL_Driver/Src/stm32g4xx_hal_fdcan.c ****         (((ActiveITs & FDCAN_IT_LIST_BIT_LINE_ERROR) != 0U)
2764:Drivers/STM32G4xx_HAL_Driver/Src/stm32g4xx_hal_fdcan.c ****          && (((ITs_lines_selection) & FDCAN_IT_GROUP_BIT_LINE_ERROR) != 0U)) || \
2765:Drivers/STM32G4xx_HAL_Driver/Src/stm32g4xx_hal_fdcan.c ****         (((ActiveITs & FDCAN_IT_LIST_PROTOCOL_ERROR) != 0U)
2766:Drivers/STM32G4xx_HAL_Driver/Src/stm32g4xx_hal_fdcan.c ****          && (((ITs_lines_selection) & FDCAN_IT_GROUP_PROTOCOL_ERROR) != 0U)))
2767:Drivers/STM32G4xx_HAL_Driver/Src/stm32g4xx_hal_fdcan.c ****     {
2768:Drivers/STM32G4xx_HAL_Driver/Src/stm32g4xx_hal_fdcan.c ****       /* Enable Interrupt line 1 */
2769:Drivers/STM32G4xx_HAL_Driver/Src/stm32g4xx_hal_fdcan.c ****       SET_BIT(hfdcan->Instance->ILE, FDCAN_INTERRUPT_LINE1);
2770:Drivers/STM32G4xx_HAL_Driver/Src/stm32g4xx_hal_fdcan.c ****     }
2771:Drivers/STM32G4xx_HAL_Driver/Src/stm32g4xx_hal_fdcan.c **** 
2772:Drivers/STM32G4xx_HAL_Driver/Src/stm32g4xx_hal_fdcan.c ****     if ((ActiveITs & FDCAN_IT_TX_COMPLETE) != 0U)
2773:Drivers/STM32G4xx_HAL_Driver/Src/stm32g4xx_hal_fdcan.c ****     {
2774:Drivers/STM32G4xx_HAL_Driver/Src/stm32g4xx_hal_fdcan.c ****       /* Enable Tx Buffer Transmission Interrupt to set TC flag in IR register,
2775:Drivers/STM32G4xx_HAL_Driver/Src/stm32g4xx_hal_fdcan.c ****          but interrupt will only occur if TC is enabled in IE register */
2776:Drivers/STM32G4xx_HAL_Driver/Src/stm32g4xx_hal_fdcan.c ****       SET_BIT(hfdcan->Instance->TXBTIE, BufferIndexes);
2777:Drivers/STM32G4xx_HAL_Driver/Src/stm32g4xx_hal_fdcan.c ****     }
2778:Drivers/STM32G4xx_HAL_Driver/Src/stm32g4xx_hal_fdcan.c **** 
2779:Drivers/STM32G4xx_HAL_Driver/Src/stm32g4xx_hal_fdcan.c ****     if ((ActiveITs & FDCAN_IT_TX_ABORT_COMPLETE) != 0U)
2780:Drivers/STM32G4xx_HAL_Driver/Src/stm32g4xx_hal_fdcan.c ****     {
2781:Drivers/STM32G4xx_HAL_Driver/Src/stm32g4xx_hal_fdcan.c ****       /* Enable Tx Buffer Cancellation Finished Interrupt to set TCF flag in IR register,
2782:Drivers/STM32G4xx_HAL_Driver/Src/stm32g4xx_hal_fdcan.c ****          but interrupt will only occur if TCF is enabled in IE register */
2783:Drivers/STM32G4xx_HAL_Driver/Src/stm32g4xx_hal_fdcan.c ****       SET_BIT(hfdcan->Instance->TXBCIE, BufferIndexes);
2784:Drivers/STM32G4xx_HAL_Driver/Src/stm32g4xx_hal_fdcan.c ****     }
2785:Drivers/STM32G4xx_HAL_Driver/Src/stm32g4xx_hal_fdcan.c **** 
2786:Drivers/STM32G4xx_HAL_Driver/Src/stm32g4xx_hal_fdcan.c ****     /* Enable the selected interrupts */
2787:Drivers/STM32G4xx_HAL_Driver/Src/stm32g4xx_hal_fdcan.c ****     __HAL_FDCAN_ENABLE_IT(hfdcan, ActiveITs);
2788:Drivers/STM32G4xx_HAL_Driver/Src/stm32g4xx_hal_fdcan.c **** 
2789:Drivers/STM32G4xx_HAL_Driver/Src/stm32g4xx_hal_fdcan.c ****     /* Return function status */
2790:Drivers/STM32G4xx_HAL_Driver/Src/stm32g4xx_hal_fdcan.c ****     return HAL_OK;
2791:Drivers/STM32G4xx_HAL_Driver/Src/stm32g4xx_hal_fdcan.c ****   }
2792:Drivers/STM32G4xx_HAL_Driver/Src/stm32g4xx_hal_fdcan.c ****   else
2793:Drivers/STM32G4xx_HAL_Driver/Src/stm32g4xx_hal_fdcan.c ****   {
2794:Drivers/STM32G4xx_HAL_Driver/Src/stm32g4xx_hal_fdcan.c ****     /* Update error code */
2795:Drivers/STM32G4xx_HAL_Driver/Src/stm32g4xx_hal_fdcan.c ****     hfdcan->ErrorCode |= HAL_FDCAN_ERROR_NOT_INITIALIZED;
2796:Drivers/STM32G4xx_HAL_Driver/Src/stm32g4xx_hal_fdcan.c **** 
2797:Drivers/STM32G4xx_HAL_Driver/Src/stm32g4xx_hal_fdcan.c ****     return HAL_ERROR;
2798:Drivers/STM32G4xx_HAL_Driver/Src/stm32g4xx_hal_fdcan.c ****   }
2799:Drivers/STM32G4xx_HAL_Driver/Src/stm32g4xx_hal_fdcan.c **** }
2800:Drivers/STM32G4xx_HAL_Driver/Src/stm32g4xx_hal_fdcan.c **** 
2801:Drivers/STM32G4xx_HAL_Driver/Src/stm32g4xx_hal_fdcan.c **** /**
2802:Drivers/STM32G4xx_HAL_Driver/Src/stm32g4xx_hal_fdcan.c ****   * @brief  Disable interrupts.
2803:Drivers/STM32G4xx_HAL_Driver/Src/stm32g4xx_hal_fdcan.c ****   * @param  hfdcan pointer to an FDCAN_HandleTypeDef structure that contains
ARM GAS   			page 51


2804:Drivers/STM32G4xx_HAL_Driver/Src/stm32g4xx_hal_fdcan.c ****   *         the configuration information for the specified FDCAN.
2805:Drivers/STM32G4xx_HAL_Driver/Src/stm32g4xx_hal_fdcan.c ****   * @param  InactiveITs indicates which interrupts will be disabled.
2806:Drivers/STM32G4xx_HAL_Driver/Src/stm32g4xx_hal_fdcan.c ****   *         This parameter can be any combination of @arg FDCAN_Interrupts.
2807:Drivers/STM32G4xx_HAL_Driver/Src/stm32g4xx_hal_fdcan.c ****   * @retval HAL status
2808:Drivers/STM32G4xx_HAL_Driver/Src/stm32g4xx_hal_fdcan.c ****   */
2809:Drivers/STM32G4xx_HAL_Driver/Src/stm32g4xx_hal_fdcan.c **** HAL_StatusTypeDef HAL_FDCAN_DeactivateNotification(FDCAN_HandleTypeDef *hfdcan, uint32_t InactiveIT
2810:Drivers/STM32G4xx_HAL_Driver/Src/stm32g4xx_hal_fdcan.c **** {
2811:Drivers/STM32G4xx_HAL_Driver/Src/stm32g4xx_hal_fdcan.c ****   HAL_FDCAN_StateTypeDef state = hfdcan->State;
2812:Drivers/STM32G4xx_HAL_Driver/Src/stm32g4xx_hal_fdcan.c ****   uint32_t ITs_enabled;
2813:Drivers/STM32G4xx_HAL_Driver/Src/stm32g4xx_hal_fdcan.c ****   uint32_t ITs_lines_selection;
2814:Drivers/STM32G4xx_HAL_Driver/Src/stm32g4xx_hal_fdcan.c **** 
2815:Drivers/STM32G4xx_HAL_Driver/Src/stm32g4xx_hal_fdcan.c ****   /* Check function parameters */
2816:Drivers/STM32G4xx_HAL_Driver/Src/stm32g4xx_hal_fdcan.c ****   assert_param(IS_FDCAN_IT(InactiveITs));
2817:Drivers/STM32G4xx_HAL_Driver/Src/stm32g4xx_hal_fdcan.c **** 
2818:Drivers/STM32G4xx_HAL_Driver/Src/stm32g4xx_hal_fdcan.c ****   if ((state == HAL_FDCAN_STATE_READY) || (state == HAL_FDCAN_STATE_BUSY))
2819:Drivers/STM32G4xx_HAL_Driver/Src/stm32g4xx_hal_fdcan.c ****   {
2820:Drivers/STM32G4xx_HAL_Driver/Src/stm32g4xx_hal_fdcan.c ****     /* Disable the selected interrupts */
2821:Drivers/STM32G4xx_HAL_Driver/Src/stm32g4xx_hal_fdcan.c ****     __HAL_FDCAN_DISABLE_IT(hfdcan, InactiveITs);
2822:Drivers/STM32G4xx_HAL_Driver/Src/stm32g4xx_hal_fdcan.c **** 
2823:Drivers/STM32G4xx_HAL_Driver/Src/stm32g4xx_hal_fdcan.c ****     if ((InactiveITs & FDCAN_IT_TX_COMPLETE) != 0U)
2824:Drivers/STM32G4xx_HAL_Driver/Src/stm32g4xx_hal_fdcan.c ****     {
2825:Drivers/STM32G4xx_HAL_Driver/Src/stm32g4xx_hal_fdcan.c ****       /* Disable Tx Buffer Transmission Interrupts */
2826:Drivers/STM32G4xx_HAL_Driver/Src/stm32g4xx_hal_fdcan.c ****       CLEAR_REG(hfdcan->Instance->TXBTIE);
2827:Drivers/STM32G4xx_HAL_Driver/Src/stm32g4xx_hal_fdcan.c ****     }
2828:Drivers/STM32G4xx_HAL_Driver/Src/stm32g4xx_hal_fdcan.c **** 
2829:Drivers/STM32G4xx_HAL_Driver/Src/stm32g4xx_hal_fdcan.c ****     if ((InactiveITs & FDCAN_IT_TX_ABORT_COMPLETE) != 0U)
2830:Drivers/STM32G4xx_HAL_Driver/Src/stm32g4xx_hal_fdcan.c ****     {
2831:Drivers/STM32G4xx_HAL_Driver/Src/stm32g4xx_hal_fdcan.c ****       /* Disable Tx Buffer Cancellation Finished Interrupt */
2832:Drivers/STM32G4xx_HAL_Driver/Src/stm32g4xx_hal_fdcan.c ****       CLEAR_REG(hfdcan->Instance->TXBCIE);
2833:Drivers/STM32G4xx_HAL_Driver/Src/stm32g4xx_hal_fdcan.c ****     }
2834:Drivers/STM32G4xx_HAL_Driver/Src/stm32g4xx_hal_fdcan.c **** 
2835:Drivers/STM32G4xx_HAL_Driver/Src/stm32g4xx_hal_fdcan.c ****     /* Get interrupts enabled and interrupts line selection */
2836:Drivers/STM32G4xx_HAL_Driver/Src/stm32g4xx_hal_fdcan.c ****     ITs_enabled = hfdcan->Instance->IE;
2837:Drivers/STM32G4xx_HAL_Driver/Src/stm32g4xx_hal_fdcan.c ****     ITs_lines_selection = hfdcan->Instance->ILS;
2838:Drivers/STM32G4xx_HAL_Driver/Src/stm32g4xx_hal_fdcan.c **** 
2839:Drivers/STM32G4xx_HAL_Driver/Src/stm32g4xx_hal_fdcan.c ****     /* Check if some interrupts are still enabled on interrupt line 0 */
2840:Drivers/STM32G4xx_HAL_Driver/Src/stm32g4xx_hal_fdcan.c ****     if ((((ITs_enabled & FDCAN_IT_LIST_RX_FIFO0)       != 0U)
2841:Drivers/STM32G4xx_HAL_Driver/Src/stm32g4xx_hal_fdcan.c ****          && (((ITs_lines_selection) & FDCAN_IT_GROUP_RX_FIFO0)       == 0U)) || \
2842:Drivers/STM32G4xx_HAL_Driver/Src/stm32g4xx_hal_fdcan.c ****         (((ITs_enabled & FDCAN_IT_LIST_RX_FIFO1)       != 0U)
2843:Drivers/STM32G4xx_HAL_Driver/Src/stm32g4xx_hal_fdcan.c ****          && (((ITs_lines_selection) & FDCAN_IT_GROUP_RX_FIFO1)       == 0U)) || \
2844:Drivers/STM32G4xx_HAL_Driver/Src/stm32g4xx_hal_fdcan.c ****         (((ITs_enabled & FDCAN_IT_LIST_SMSG)           != 0U)
2845:Drivers/STM32G4xx_HAL_Driver/Src/stm32g4xx_hal_fdcan.c ****          && (((ITs_lines_selection) & FDCAN_IT_GROUP_SMSG)           == 0U)) || \
2846:Drivers/STM32G4xx_HAL_Driver/Src/stm32g4xx_hal_fdcan.c ****         (((ITs_enabled & FDCAN_IT_LIST_TX_FIFO_ERROR)  != 0U)
2847:Drivers/STM32G4xx_HAL_Driver/Src/stm32g4xx_hal_fdcan.c ****          && (((ITs_lines_selection) & FDCAN_IT_GROUP_TX_FIFO_ERROR)  == 0U)) || \
2848:Drivers/STM32G4xx_HAL_Driver/Src/stm32g4xx_hal_fdcan.c ****         (((ITs_enabled & FDCAN_IT_LIST_MISC)           != 0U)
2849:Drivers/STM32G4xx_HAL_Driver/Src/stm32g4xx_hal_fdcan.c ****          && (((ITs_lines_selection) & FDCAN_IT_GROUP_MISC)           == 0U)) || \
2850:Drivers/STM32G4xx_HAL_Driver/Src/stm32g4xx_hal_fdcan.c ****         (((ITs_enabled & FDCAN_IT_LIST_BIT_LINE_ERROR) != 0U)
2851:Drivers/STM32G4xx_HAL_Driver/Src/stm32g4xx_hal_fdcan.c ****          && (((ITs_lines_selection) & FDCAN_IT_GROUP_BIT_LINE_ERROR) == 0U)) || \
2852:Drivers/STM32G4xx_HAL_Driver/Src/stm32g4xx_hal_fdcan.c ****         (((ITs_enabled & FDCAN_IT_LIST_PROTOCOL_ERROR) != 0U)
2853:Drivers/STM32G4xx_HAL_Driver/Src/stm32g4xx_hal_fdcan.c ****          && (((ITs_lines_selection) & FDCAN_IT_GROUP_PROTOCOL_ERROR) == 0U)))
2854:Drivers/STM32G4xx_HAL_Driver/Src/stm32g4xx_hal_fdcan.c ****     {
2855:Drivers/STM32G4xx_HAL_Driver/Src/stm32g4xx_hal_fdcan.c ****       /* Do nothing */
2856:Drivers/STM32G4xx_HAL_Driver/Src/stm32g4xx_hal_fdcan.c ****     }
2857:Drivers/STM32G4xx_HAL_Driver/Src/stm32g4xx_hal_fdcan.c ****     else /* no more interrupts enabled on interrupt line 0 */
2858:Drivers/STM32G4xx_HAL_Driver/Src/stm32g4xx_hal_fdcan.c ****     {
2859:Drivers/STM32G4xx_HAL_Driver/Src/stm32g4xx_hal_fdcan.c ****       /* Disable interrupt line 0 */
2860:Drivers/STM32G4xx_HAL_Driver/Src/stm32g4xx_hal_fdcan.c ****       CLEAR_BIT(hfdcan->Instance->ILE, FDCAN_INTERRUPT_LINE0);
ARM GAS   			page 52


2861:Drivers/STM32G4xx_HAL_Driver/Src/stm32g4xx_hal_fdcan.c ****     }
2862:Drivers/STM32G4xx_HAL_Driver/Src/stm32g4xx_hal_fdcan.c **** 
2863:Drivers/STM32G4xx_HAL_Driver/Src/stm32g4xx_hal_fdcan.c ****     /* Check if some interrupts are still enabled on interrupt line 1 */
2864:Drivers/STM32G4xx_HAL_Driver/Src/stm32g4xx_hal_fdcan.c ****     if ((((ITs_enabled & FDCAN_IT_LIST_RX_FIFO0)       != 0U)
2865:Drivers/STM32G4xx_HAL_Driver/Src/stm32g4xx_hal_fdcan.c ****          && (((ITs_lines_selection) & FDCAN_IT_GROUP_RX_FIFO0)       != 0U)) || \
2866:Drivers/STM32G4xx_HAL_Driver/Src/stm32g4xx_hal_fdcan.c ****         (((ITs_enabled & FDCAN_IT_LIST_RX_FIFO1)       != 0U)
2867:Drivers/STM32G4xx_HAL_Driver/Src/stm32g4xx_hal_fdcan.c ****          && (((ITs_lines_selection) & FDCAN_IT_GROUP_RX_FIFO1)       != 0U)) || \
2868:Drivers/STM32G4xx_HAL_Driver/Src/stm32g4xx_hal_fdcan.c ****         (((ITs_enabled & FDCAN_IT_LIST_SMSG)           != 0U)
2869:Drivers/STM32G4xx_HAL_Driver/Src/stm32g4xx_hal_fdcan.c ****          && (((ITs_lines_selection) & FDCAN_IT_GROUP_SMSG)           != 0U)) || \
2870:Drivers/STM32G4xx_HAL_Driver/Src/stm32g4xx_hal_fdcan.c ****         (((ITs_enabled & FDCAN_IT_LIST_TX_FIFO_ERROR)  != 0U)
2871:Drivers/STM32G4xx_HAL_Driver/Src/stm32g4xx_hal_fdcan.c ****          && (((ITs_lines_selection) & FDCAN_IT_GROUP_TX_FIFO_ERROR)  != 0U)) || \
2872:Drivers/STM32G4xx_HAL_Driver/Src/stm32g4xx_hal_fdcan.c ****         (((ITs_enabled & FDCAN_IT_LIST_MISC)           != 0U)
2873:Drivers/STM32G4xx_HAL_Driver/Src/stm32g4xx_hal_fdcan.c ****          && (((ITs_lines_selection) & FDCAN_IT_GROUP_MISC)           != 0U)) || \
2874:Drivers/STM32G4xx_HAL_Driver/Src/stm32g4xx_hal_fdcan.c ****         (((ITs_enabled & FDCAN_IT_LIST_BIT_LINE_ERROR) != 0U)
2875:Drivers/STM32G4xx_HAL_Driver/Src/stm32g4xx_hal_fdcan.c ****          && (((ITs_lines_selection) & FDCAN_IT_GROUP_BIT_LINE_ERROR) != 0U)) || \
2876:Drivers/STM32G4xx_HAL_Driver/Src/stm32g4xx_hal_fdcan.c ****         (((ITs_enabled & FDCAN_IT_LIST_PROTOCOL_ERROR) != 0U)
2877:Drivers/STM32G4xx_HAL_Driver/Src/stm32g4xx_hal_fdcan.c ****          && (((ITs_lines_selection) & FDCAN_IT_GROUP_PROTOCOL_ERROR) != 0U)))
2878:Drivers/STM32G4xx_HAL_Driver/Src/stm32g4xx_hal_fdcan.c ****     {
2879:Drivers/STM32G4xx_HAL_Driver/Src/stm32g4xx_hal_fdcan.c ****       /* Do nothing */
2880:Drivers/STM32G4xx_HAL_Driver/Src/stm32g4xx_hal_fdcan.c ****     }
2881:Drivers/STM32G4xx_HAL_Driver/Src/stm32g4xx_hal_fdcan.c ****     else /* no more interrupts enabled on interrupt line 1 */
2882:Drivers/STM32G4xx_HAL_Driver/Src/stm32g4xx_hal_fdcan.c ****     {
2883:Drivers/STM32G4xx_HAL_Driver/Src/stm32g4xx_hal_fdcan.c ****       /* Disable interrupt line 1 */
2884:Drivers/STM32G4xx_HAL_Driver/Src/stm32g4xx_hal_fdcan.c ****       CLEAR_BIT(hfdcan->Instance->ILE, FDCAN_INTERRUPT_LINE1);
2885:Drivers/STM32G4xx_HAL_Driver/Src/stm32g4xx_hal_fdcan.c ****     }
2886:Drivers/STM32G4xx_HAL_Driver/Src/stm32g4xx_hal_fdcan.c **** 
2887:Drivers/STM32G4xx_HAL_Driver/Src/stm32g4xx_hal_fdcan.c ****     /* Return function status */
2888:Drivers/STM32G4xx_HAL_Driver/Src/stm32g4xx_hal_fdcan.c ****     return HAL_OK;
2889:Drivers/STM32G4xx_HAL_Driver/Src/stm32g4xx_hal_fdcan.c ****   }
2890:Drivers/STM32G4xx_HAL_Driver/Src/stm32g4xx_hal_fdcan.c ****   else
2891:Drivers/STM32G4xx_HAL_Driver/Src/stm32g4xx_hal_fdcan.c ****   {
2892:Drivers/STM32G4xx_HAL_Driver/Src/stm32g4xx_hal_fdcan.c ****     /* Update error code */
2893:Drivers/STM32G4xx_HAL_Driver/Src/stm32g4xx_hal_fdcan.c ****     hfdcan->ErrorCode |= HAL_FDCAN_ERROR_NOT_INITIALIZED;
2894:Drivers/STM32G4xx_HAL_Driver/Src/stm32g4xx_hal_fdcan.c **** 
2895:Drivers/STM32G4xx_HAL_Driver/Src/stm32g4xx_hal_fdcan.c ****     return HAL_ERROR;
2896:Drivers/STM32G4xx_HAL_Driver/Src/stm32g4xx_hal_fdcan.c ****   }
2897:Drivers/STM32G4xx_HAL_Driver/Src/stm32g4xx_hal_fdcan.c **** }
2898:Drivers/STM32G4xx_HAL_Driver/Src/stm32g4xx_hal_fdcan.c **** 
2899:Drivers/STM32G4xx_HAL_Driver/Src/stm32g4xx_hal_fdcan.c **** /**
2900:Drivers/STM32G4xx_HAL_Driver/Src/stm32g4xx_hal_fdcan.c ****   * @brief  Handles FDCAN interrupt request.
2901:Drivers/STM32G4xx_HAL_Driver/Src/stm32g4xx_hal_fdcan.c ****   * @param  hfdcan pointer to an FDCAN_HandleTypeDef structure that contains
2902:Drivers/STM32G4xx_HAL_Driver/Src/stm32g4xx_hal_fdcan.c ****   *         the configuration information for the specified FDCAN.
2903:Drivers/STM32G4xx_HAL_Driver/Src/stm32g4xx_hal_fdcan.c ****   * @retval HAL status
2904:Drivers/STM32G4xx_HAL_Driver/Src/stm32g4xx_hal_fdcan.c ****   */
2905:Drivers/STM32G4xx_HAL_Driver/Src/stm32g4xx_hal_fdcan.c **** void HAL_FDCAN_IRQHandler(FDCAN_HandleTypeDef *hfdcan)
2906:Drivers/STM32G4xx_HAL_Driver/Src/stm32g4xx_hal_fdcan.c **** {
2907:Drivers/STM32G4xx_HAL_Driver/Src/stm32g4xx_hal_fdcan.c ****   uint32_t TxEventFifoITs;
2908:Drivers/STM32G4xx_HAL_Driver/Src/stm32g4xx_hal_fdcan.c ****   uint32_t RxFifo0ITs;
2909:Drivers/STM32G4xx_HAL_Driver/Src/stm32g4xx_hal_fdcan.c ****   uint32_t RxFifo1ITs;
2910:Drivers/STM32G4xx_HAL_Driver/Src/stm32g4xx_hal_fdcan.c ****   uint32_t Errors;
2911:Drivers/STM32G4xx_HAL_Driver/Src/stm32g4xx_hal_fdcan.c ****   uint32_t ErrorStatusITs;
2912:Drivers/STM32G4xx_HAL_Driver/Src/stm32g4xx_hal_fdcan.c ****   uint32_t TransmittedBuffers;
2913:Drivers/STM32G4xx_HAL_Driver/Src/stm32g4xx_hal_fdcan.c ****   uint32_t AbortedBuffers;
2914:Drivers/STM32G4xx_HAL_Driver/Src/stm32g4xx_hal_fdcan.c ****   uint32_t itsource;
2915:Drivers/STM32G4xx_HAL_Driver/Src/stm32g4xx_hal_fdcan.c ****   uint32_t itflag;
2916:Drivers/STM32G4xx_HAL_Driver/Src/stm32g4xx_hal_fdcan.c **** 
2917:Drivers/STM32G4xx_HAL_Driver/Src/stm32g4xx_hal_fdcan.c ****   TxEventFifoITs = hfdcan->Instance->IR & FDCAN_TX_EVENT_FIFO_MASK;
ARM GAS   			page 53


2918:Drivers/STM32G4xx_HAL_Driver/Src/stm32g4xx_hal_fdcan.c ****   TxEventFifoITs &= hfdcan->Instance->IE;
2919:Drivers/STM32G4xx_HAL_Driver/Src/stm32g4xx_hal_fdcan.c ****   RxFifo0ITs = hfdcan->Instance->IR & FDCAN_RX_FIFO0_MASK;
2920:Drivers/STM32G4xx_HAL_Driver/Src/stm32g4xx_hal_fdcan.c ****   RxFifo0ITs &= hfdcan->Instance->IE;
2921:Drivers/STM32G4xx_HAL_Driver/Src/stm32g4xx_hal_fdcan.c ****   RxFifo1ITs = hfdcan->Instance->IR & FDCAN_RX_FIFO1_MASK;
2922:Drivers/STM32G4xx_HAL_Driver/Src/stm32g4xx_hal_fdcan.c ****   RxFifo1ITs &= hfdcan->Instance->IE;
2923:Drivers/STM32G4xx_HAL_Driver/Src/stm32g4xx_hal_fdcan.c ****   Errors = hfdcan->Instance->IR & FDCAN_ERROR_MASK;
2924:Drivers/STM32G4xx_HAL_Driver/Src/stm32g4xx_hal_fdcan.c ****   Errors &= hfdcan->Instance->IE;
2925:Drivers/STM32G4xx_HAL_Driver/Src/stm32g4xx_hal_fdcan.c ****   ErrorStatusITs = hfdcan->Instance->IR & FDCAN_ERROR_STATUS_MASK;
2926:Drivers/STM32G4xx_HAL_Driver/Src/stm32g4xx_hal_fdcan.c ****   ErrorStatusITs &= hfdcan->Instance->IE;
2927:Drivers/STM32G4xx_HAL_Driver/Src/stm32g4xx_hal_fdcan.c ****   itsource = hfdcan->Instance->IE;
2928:Drivers/STM32G4xx_HAL_Driver/Src/stm32g4xx_hal_fdcan.c ****   itflag = hfdcan->Instance->IR;
2929:Drivers/STM32G4xx_HAL_Driver/Src/stm32g4xx_hal_fdcan.c **** 
2930:Drivers/STM32G4xx_HAL_Driver/Src/stm32g4xx_hal_fdcan.c ****   /* High Priority Message interrupt management *******************************/
2931:Drivers/STM32G4xx_HAL_Driver/Src/stm32g4xx_hal_fdcan.c ****   if (FDCAN_CHECK_FLAG(itflag, FDCAN_FLAG_RX_HIGH_PRIORITY_MSG) != RESET)
2932:Drivers/STM32G4xx_HAL_Driver/Src/stm32g4xx_hal_fdcan.c ****   {
2933:Drivers/STM32G4xx_HAL_Driver/Src/stm32g4xx_hal_fdcan.c ****     if (FDCAN_CHECK_IT_SOURCE(itsource, FDCAN_IT_RX_HIGH_PRIORITY_MSG) != RESET)
2934:Drivers/STM32G4xx_HAL_Driver/Src/stm32g4xx_hal_fdcan.c ****     {
2935:Drivers/STM32G4xx_HAL_Driver/Src/stm32g4xx_hal_fdcan.c ****       /* Clear the High Priority Message flag */
2936:Drivers/STM32G4xx_HAL_Driver/Src/stm32g4xx_hal_fdcan.c ****       __HAL_FDCAN_CLEAR_FLAG(hfdcan, FDCAN_FLAG_RX_HIGH_PRIORITY_MSG);
2937:Drivers/STM32G4xx_HAL_Driver/Src/stm32g4xx_hal_fdcan.c **** 
2938:Drivers/STM32G4xx_HAL_Driver/Src/stm32g4xx_hal_fdcan.c **** #if USE_HAL_FDCAN_REGISTER_CALLBACKS == 1
2939:Drivers/STM32G4xx_HAL_Driver/Src/stm32g4xx_hal_fdcan.c ****       /* Call registered callback*/
2940:Drivers/STM32G4xx_HAL_Driver/Src/stm32g4xx_hal_fdcan.c ****       hfdcan->HighPriorityMessageCallback(hfdcan);
2941:Drivers/STM32G4xx_HAL_Driver/Src/stm32g4xx_hal_fdcan.c **** #else
2942:Drivers/STM32G4xx_HAL_Driver/Src/stm32g4xx_hal_fdcan.c ****       /* High Priority Message Callback */
2943:Drivers/STM32G4xx_HAL_Driver/Src/stm32g4xx_hal_fdcan.c ****       HAL_FDCAN_HighPriorityMessageCallback(hfdcan);
2944:Drivers/STM32G4xx_HAL_Driver/Src/stm32g4xx_hal_fdcan.c **** #endif /* USE_HAL_FDCAN_REGISTER_CALLBACKS */
2945:Drivers/STM32G4xx_HAL_Driver/Src/stm32g4xx_hal_fdcan.c ****     }
2946:Drivers/STM32G4xx_HAL_Driver/Src/stm32g4xx_hal_fdcan.c ****   }
2947:Drivers/STM32G4xx_HAL_Driver/Src/stm32g4xx_hal_fdcan.c **** 
2948:Drivers/STM32G4xx_HAL_Driver/Src/stm32g4xx_hal_fdcan.c ****   /* Transmission Abort interrupt management **********************************/
2949:Drivers/STM32G4xx_HAL_Driver/Src/stm32g4xx_hal_fdcan.c ****   if (FDCAN_CHECK_FLAG(itflag, FDCAN_FLAG_TX_ABORT_COMPLETE) != RESET)
2950:Drivers/STM32G4xx_HAL_Driver/Src/stm32g4xx_hal_fdcan.c ****   {
2951:Drivers/STM32G4xx_HAL_Driver/Src/stm32g4xx_hal_fdcan.c ****     if (FDCAN_CHECK_IT_SOURCE(itsource, FDCAN_IT_TX_ABORT_COMPLETE) != RESET)
2952:Drivers/STM32G4xx_HAL_Driver/Src/stm32g4xx_hal_fdcan.c ****     {
2953:Drivers/STM32G4xx_HAL_Driver/Src/stm32g4xx_hal_fdcan.c ****       /* List of aborted monitored buffers */
2954:Drivers/STM32G4xx_HAL_Driver/Src/stm32g4xx_hal_fdcan.c ****       AbortedBuffers = hfdcan->Instance->TXBCF;
2955:Drivers/STM32G4xx_HAL_Driver/Src/stm32g4xx_hal_fdcan.c ****       AbortedBuffers &= hfdcan->Instance->TXBCIE;
2956:Drivers/STM32G4xx_HAL_Driver/Src/stm32g4xx_hal_fdcan.c **** 
2957:Drivers/STM32G4xx_HAL_Driver/Src/stm32g4xx_hal_fdcan.c ****       /* Clear the Transmission Cancellation flag */
2958:Drivers/STM32G4xx_HAL_Driver/Src/stm32g4xx_hal_fdcan.c ****       __HAL_FDCAN_CLEAR_FLAG(hfdcan, FDCAN_FLAG_TX_ABORT_COMPLETE);
2959:Drivers/STM32G4xx_HAL_Driver/Src/stm32g4xx_hal_fdcan.c **** 
2960:Drivers/STM32G4xx_HAL_Driver/Src/stm32g4xx_hal_fdcan.c **** #if USE_HAL_FDCAN_REGISTER_CALLBACKS == 1
2961:Drivers/STM32G4xx_HAL_Driver/Src/stm32g4xx_hal_fdcan.c ****       /* Call registered callback*/
2962:Drivers/STM32G4xx_HAL_Driver/Src/stm32g4xx_hal_fdcan.c ****       hfdcan->TxBufferAbortCallback(hfdcan, AbortedBuffers);
2963:Drivers/STM32G4xx_HAL_Driver/Src/stm32g4xx_hal_fdcan.c **** #else
2964:Drivers/STM32G4xx_HAL_Driver/Src/stm32g4xx_hal_fdcan.c ****       /* Transmission Cancellation Callback */
2965:Drivers/STM32G4xx_HAL_Driver/Src/stm32g4xx_hal_fdcan.c ****       HAL_FDCAN_TxBufferAbortCallback(hfdcan, AbortedBuffers);
2966:Drivers/STM32G4xx_HAL_Driver/Src/stm32g4xx_hal_fdcan.c **** #endif /* USE_HAL_FDCAN_REGISTER_CALLBACKS */
2967:Drivers/STM32G4xx_HAL_Driver/Src/stm32g4xx_hal_fdcan.c ****     }
2968:Drivers/STM32G4xx_HAL_Driver/Src/stm32g4xx_hal_fdcan.c ****   }
2969:Drivers/STM32G4xx_HAL_Driver/Src/stm32g4xx_hal_fdcan.c **** 
2970:Drivers/STM32G4xx_HAL_Driver/Src/stm32g4xx_hal_fdcan.c ****   /* Tx event FIFO interrupts management **************************************/
2971:Drivers/STM32G4xx_HAL_Driver/Src/stm32g4xx_hal_fdcan.c ****   if (TxEventFifoITs != 0U)
2972:Drivers/STM32G4xx_HAL_Driver/Src/stm32g4xx_hal_fdcan.c ****   {
2973:Drivers/STM32G4xx_HAL_Driver/Src/stm32g4xx_hal_fdcan.c ****     /* Clear the Tx Event FIFO flags */
2974:Drivers/STM32G4xx_HAL_Driver/Src/stm32g4xx_hal_fdcan.c ****     __HAL_FDCAN_CLEAR_FLAG(hfdcan, TxEventFifoITs);
ARM GAS   			page 54


2975:Drivers/STM32G4xx_HAL_Driver/Src/stm32g4xx_hal_fdcan.c **** 
2976:Drivers/STM32G4xx_HAL_Driver/Src/stm32g4xx_hal_fdcan.c **** #if USE_HAL_FDCAN_REGISTER_CALLBACKS == 1
2977:Drivers/STM32G4xx_HAL_Driver/Src/stm32g4xx_hal_fdcan.c ****     /* Call registered callback*/
2978:Drivers/STM32G4xx_HAL_Driver/Src/stm32g4xx_hal_fdcan.c ****     hfdcan->TxEventFifoCallback(hfdcan, TxEventFifoITs);
2979:Drivers/STM32G4xx_HAL_Driver/Src/stm32g4xx_hal_fdcan.c **** #else
2980:Drivers/STM32G4xx_HAL_Driver/Src/stm32g4xx_hal_fdcan.c ****     /* Tx Event FIFO Callback */
2981:Drivers/STM32G4xx_HAL_Driver/Src/stm32g4xx_hal_fdcan.c ****     HAL_FDCAN_TxEventFifoCallback(hfdcan, TxEventFifoITs);
2982:Drivers/STM32G4xx_HAL_Driver/Src/stm32g4xx_hal_fdcan.c **** #endif /* USE_HAL_FDCAN_REGISTER_CALLBACKS */
2983:Drivers/STM32G4xx_HAL_Driver/Src/stm32g4xx_hal_fdcan.c ****   }
2984:Drivers/STM32G4xx_HAL_Driver/Src/stm32g4xx_hal_fdcan.c **** 
2985:Drivers/STM32G4xx_HAL_Driver/Src/stm32g4xx_hal_fdcan.c ****   /* Rx FIFO 0 interrupts management ******************************************/
2986:Drivers/STM32G4xx_HAL_Driver/Src/stm32g4xx_hal_fdcan.c ****   if (RxFifo0ITs != 0U)
2987:Drivers/STM32G4xx_HAL_Driver/Src/stm32g4xx_hal_fdcan.c ****   {
2988:Drivers/STM32G4xx_HAL_Driver/Src/stm32g4xx_hal_fdcan.c ****     /* Clear the Rx FIFO 0 flags */
2989:Drivers/STM32G4xx_HAL_Driver/Src/stm32g4xx_hal_fdcan.c ****     __HAL_FDCAN_CLEAR_FLAG(hfdcan, RxFifo0ITs);
2990:Drivers/STM32G4xx_HAL_Driver/Src/stm32g4xx_hal_fdcan.c **** 
2991:Drivers/STM32G4xx_HAL_Driver/Src/stm32g4xx_hal_fdcan.c **** #if USE_HAL_FDCAN_REGISTER_CALLBACKS == 1
2992:Drivers/STM32G4xx_HAL_Driver/Src/stm32g4xx_hal_fdcan.c ****     /* Call registered callback*/
2993:Drivers/STM32G4xx_HAL_Driver/Src/stm32g4xx_hal_fdcan.c ****     hfdcan->RxFifo0Callback(hfdcan, RxFifo0ITs);
2994:Drivers/STM32G4xx_HAL_Driver/Src/stm32g4xx_hal_fdcan.c **** #else
2995:Drivers/STM32G4xx_HAL_Driver/Src/stm32g4xx_hal_fdcan.c ****     /* Rx FIFO 0 Callback */
2996:Drivers/STM32G4xx_HAL_Driver/Src/stm32g4xx_hal_fdcan.c ****     HAL_FDCAN_RxFifo0Callback(hfdcan, RxFifo0ITs);
2997:Drivers/STM32G4xx_HAL_Driver/Src/stm32g4xx_hal_fdcan.c **** #endif /* USE_HAL_FDCAN_REGISTER_CALLBACKS */
2998:Drivers/STM32G4xx_HAL_Driver/Src/stm32g4xx_hal_fdcan.c ****   }
2999:Drivers/STM32G4xx_HAL_Driver/Src/stm32g4xx_hal_fdcan.c **** 
3000:Drivers/STM32G4xx_HAL_Driver/Src/stm32g4xx_hal_fdcan.c ****   /* Rx FIFO 1 interrupts management ******************************************/
3001:Drivers/STM32G4xx_HAL_Driver/Src/stm32g4xx_hal_fdcan.c ****   if (RxFifo1ITs != 0U)
3002:Drivers/STM32G4xx_HAL_Driver/Src/stm32g4xx_hal_fdcan.c ****   {
3003:Drivers/STM32G4xx_HAL_Driver/Src/stm32g4xx_hal_fdcan.c ****     /* Clear the Rx FIFO 1 flags */
3004:Drivers/STM32G4xx_HAL_Driver/Src/stm32g4xx_hal_fdcan.c ****     __HAL_FDCAN_CLEAR_FLAG(hfdcan, RxFifo1ITs);
3005:Drivers/STM32G4xx_HAL_Driver/Src/stm32g4xx_hal_fdcan.c **** 
3006:Drivers/STM32G4xx_HAL_Driver/Src/stm32g4xx_hal_fdcan.c **** #if USE_HAL_FDCAN_REGISTER_CALLBACKS == 1
3007:Drivers/STM32G4xx_HAL_Driver/Src/stm32g4xx_hal_fdcan.c ****     /* Call registered callback*/
3008:Drivers/STM32G4xx_HAL_Driver/Src/stm32g4xx_hal_fdcan.c ****     hfdcan->RxFifo1Callback(hfdcan, RxFifo1ITs);
3009:Drivers/STM32G4xx_HAL_Driver/Src/stm32g4xx_hal_fdcan.c **** #else
3010:Drivers/STM32G4xx_HAL_Driver/Src/stm32g4xx_hal_fdcan.c ****     /* Rx FIFO 1 Callback */
3011:Drivers/STM32G4xx_HAL_Driver/Src/stm32g4xx_hal_fdcan.c ****     HAL_FDCAN_RxFifo1Callback(hfdcan, RxFifo1ITs);
3012:Drivers/STM32G4xx_HAL_Driver/Src/stm32g4xx_hal_fdcan.c **** #endif /* USE_HAL_FDCAN_REGISTER_CALLBACKS */
3013:Drivers/STM32G4xx_HAL_Driver/Src/stm32g4xx_hal_fdcan.c ****   }
3014:Drivers/STM32G4xx_HAL_Driver/Src/stm32g4xx_hal_fdcan.c **** 
3015:Drivers/STM32G4xx_HAL_Driver/Src/stm32g4xx_hal_fdcan.c ****   /* Tx FIFO empty interrupt management ***************************************/
3016:Drivers/STM32G4xx_HAL_Driver/Src/stm32g4xx_hal_fdcan.c ****   if (FDCAN_CHECK_FLAG(itflag, FDCAN_FLAG_TX_FIFO_EMPTY) != RESET)
3017:Drivers/STM32G4xx_HAL_Driver/Src/stm32g4xx_hal_fdcan.c ****   {
3018:Drivers/STM32G4xx_HAL_Driver/Src/stm32g4xx_hal_fdcan.c ****     if (FDCAN_CHECK_IT_SOURCE(itsource, FDCAN_IT_TX_FIFO_EMPTY) != RESET)
3019:Drivers/STM32G4xx_HAL_Driver/Src/stm32g4xx_hal_fdcan.c ****     {
3020:Drivers/STM32G4xx_HAL_Driver/Src/stm32g4xx_hal_fdcan.c ****       /* Clear the Tx FIFO empty flag */
3021:Drivers/STM32G4xx_HAL_Driver/Src/stm32g4xx_hal_fdcan.c ****       __HAL_FDCAN_CLEAR_FLAG(hfdcan, FDCAN_FLAG_TX_FIFO_EMPTY);
3022:Drivers/STM32G4xx_HAL_Driver/Src/stm32g4xx_hal_fdcan.c **** 
3023:Drivers/STM32G4xx_HAL_Driver/Src/stm32g4xx_hal_fdcan.c **** #if USE_HAL_FDCAN_REGISTER_CALLBACKS == 1
3024:Drivers/STM32G4xx_HAL_Driver/Src/stm32g4xx_hal_fdcan.c ****       /* Call registered callback*/
3025:Drivers/STM32G4xx_HAL_Driver/Src/stm32g4xx_hal_fdcan.c ****       hfdcan->TxFifoEmptyCallback(hfdcan);
3026:Drivers/STM32G4xx_HAL_Driver/Src/stm32g4xx_hal_fdcan.c **** #else
3027:Drivers/STM32G4xx_HAL_Driver/Src/stm32g4xx_hal_fdcan.c ****       /* Tx FIFO empty Callback */
3028:Drivers/STM32G4xx_HAL_Driver/Src/stm32g4xx_hal_fdcan.c ****       HAL_FDCAN_TxFifoEmptyCallback(hfdcan);
3029:Drivers/STM32G4xx_HAL_Driver/Src/stm32g4xx_hal_fdcan.c **** #endif /* USE_HAL_FDCAN_REGISTER_CALLBACKS */
3030:Drivers/STM32G4xx_HAL_Driver/Src/stm32g4xx_hal_fdcan.c ****     }
3031:Drivers/STM32G4xx_HAL_Driver/Src/stm32g4xx_hal_fdcan.c ****   }
ARM GAS   			page 55


3032:Drivers/STM32G4xx_HAL_Driver/Src/stm32g4xx_hal_fdcan.c **** 
3033:Drivers/STM32G4xx_HAL_Driver/Src/stm32g4xx_hal_fdcan.c ****   /* Transmission Complete interrupt management *******************************/
3034:Drivers/STM32G4xx_HAL_Driver/Src/stm32g4xx_hal_fdcan.c ****   if (FDCAN_CHECK_FLAG(itflag, FDCAN_FLAG_TX_COMPLETE) != RESET)
3035:Drivers/STM32G4xx_HAL_Driver/Src/stm32g4xx_hal_fdcan.c ****   {
3036:Drivers/STM32G4xx_HAL_Driver/Src/stm32g4xx_hal_fdcan.c ****     if (FDCAN_CHECK_IT_SOURCE(itsource, FDCAN_IT_TX_COMPLETE) != RESET)
3037:Drivers/STM32G4xx_HAL_Driver/Src/stm32g4xx_hal_fdcan.c ****     {
3038:Drivers/STM32G4xx_HAL_Driver/Src/stm32g4xx_hal_fdcan.c ****       /* List of transmitted monitored buffers */
3039:Drivers/STM32G4xx_HAL_Driver/Src/stm32g4xx_hal_fdcan.c ****       TransmittedBuffers = hfdcan->Instance->TXBTO;
3040:Drivers/STM32G4xx_HAL_Driver/Src/stm32g4xx_hal_fdcan.c ****       TransmittedBuffers &= hfdcan->Instance->TXBTIE;
3041:Drivers/STM32G4xx_HAL_Driver/Src/stm32g4xx_hal_fdcan.c **** 
3042:Drivers/STM32G4xx_HAL_Driver/Src/stm32g4xx_hal_fdcan.c ****       /* Clear the Transmission Complete flag */
3043:Drivers/STM32G4xx_HAL_Driver/Src/stm32g4xx_hal_fdcan.c ****       __HAL_FDCAN_CLEAR_FLAG(hfdcan, FDCAN_FLAG_TX_COMPLETE);
3044:Drivers/STM32G4xx_HAL_Driver/Src/stm32g4xx_hal_fdcan.c **** 
3045:Drivers/STM32G4xx_HAL_Driver/Src/stm32g4xx_hal_fdcan.c **** #if USE_HAL_FDCAN_REGISTER_CALLBACKS == 1
3046:Drivers/STM32G4xx_HAL_Driver/Src/stm32g4xx_hal_fdcan.c ****       /* Call registered callback*/
3047:Drivers/STM32G4xx_HAL_Driver/Src/stm32g4xx_hal_fdcan.c ****       hfdcan->TxBufferCompleteCallback(hfdcan, TransmittedBuffers);
3048:Drivers/STM32G4xx_HAL_Driver/Src/stm32g4xx_hal_fdcan.c **** #else
3049:Drivers/STM32G4xx_HAL_Driver/Src/stm32g4xx_hal_fdcan.c ****       /* Transmission Complete Callback */
3050:Drivers/STM32G4xx_HAL_Driver/Src/stm32g4xx_hal_fdcan.c ****       HAL_FDCAN_TxBufferCompleteCallback(hfdcan, TransmittedBuffers);
3051:Drivers/STM32G4xx_HAL_Driver/Src/stm32g4xx_hal_fdcan.c **** #endif /* USE_HAL_FDCAN_REGISTER_CALLBACKS */
3052:Drivers/STM32G4xx_HAL_Driver/Src/stm32g4xx_hal_fdcan.c ****     }
3053:Drivers/STM32G4xx_HAL_Driver/Src/stm32g4xx_hal_fdcan.c ****   }
3054:Drivers/STM32G4xx_HAL_Driver/Src/stm32g4xx_hal_fdcan.c **** 
3055:Drivers/STM32G4xx_HAL_Driver/Src/stm32g4xx_hal_fdcan.c ****   /* Timestamp Wraparound interrupt management ********************************/
3056:Drivers/STM32G4xx_HAL_Driver/Src/stm32g4xx_hal_fdcan.c ****   if (FDCAN_CHECK_FLAG(itflag, FDCAN_FLAG_TIMESTAMP_WRAPAROUND) != RESET)
3057:Drivers/STM32G4xx_HAL_Driver/Src/stm32g4xx_hal_fdcan.c ****   {
3058:Drivers/STM32G4xx_HAL_Driver/Src/stm32g4xx_hal_fdcan.c ****     if (FDCAN_CHECK_IT_SOURCE(itsource, FDCAN_IT_TIMESTAMP_WRAPAROUND) != RESET)
3059:Drivers/STM32G4xx_HAL_Driver/Src/stm32g4xx_hal_fdcan.c ****     {
3060:Drivers/STM32G4xx_HAL_Driver/Src/stm32g4xx_hal_fdcan.c ****       /* Clear the Timestamp Wraparound flag */
3061:Drivers/STM32G4xx_HAL_Driver/Src/stm32g4xx_hal_fdcan.c ****       __HAL_FDCAN_CLEAR_FLAG(hfdcan, FDCAN_FLAG_TIMESTAMP_WRAPAROUND);
3062:Drivers/STM32G4xx_HAL_Driver/Src/stm32g4xx_hal_fdcan.c **** 
3063:Drivers/STM32G4xx_HAL_Driver/Src/stm32g4xx_hal_fdcan.c **** #if USE_HAL_FDCAN_REGISTER_CALLBACKS == 1
3064:Drivers/STM32G4xx_HAL_Driver/Src/stm32g4xx_hal_fdcan.c ****       /* Call registered callback*/
3065:Drivers/STM32G4xx_HAL_Driver/Src/stm32g4xx_hal_fdcan.c ****       hfdcan->TimestampWraparoundCallback(hfdcan);
3066:Drivers/STM32G4xx_HAL_Driver/Src/stm32g4xx_hal_fdcan.c **** #else
3067:Drivers/STM32G4xx_HAL_Driver/Src/stm32g4xx_hal_fdcan.c ****       /* Timestamp Wraparound Callback */
3068:Drivers/STM32G4xx_HAL_Driver/Src/stm32g4xx_hal_fdcan.c ****       HAL_FDCAN_TimestampWraparoundCallback(hfdcan);
3069:Drivers/STM32G4xx_HAL_Driver/Src/stm32g4xx_hal_fdcan.c **** #endif /* USE_HAL_FDCAN_REGISTER_CALLBACKS */
3070:Drivers/STM32G4xx_HAL_Driver/Src/stm32g4xx_hal_fdcan.c ****     }
3071:Drivers/STM32G4xx_HAL_Driver/Src/stm32g4xx_hal_fdcan.c ****   }
3072:Drivers/STM32G4xx_HAL_Driver/Src/stm32g4xx_hal_fdcan.c **** 
3073:Drivers/STM32G4xx_HAL_Driver/Src/stm32g4xx_hal_fdcan.c ****   /* Timeout Occurred interrupt management ************************************/
3074:Drivers/STM32G4xx_HAL_Driver/Src/stm32g4xx_hal_fdcan.c ****   if (FDCAN_CHECK_FLAG(itflag, FDCAN_FLAG_TIMEOUT_OCCURRED) != RESET)
3075:Drivers/STM32G4xx_HAL_Driver/Src/stm32g4xx_hal_fdcan.c ****   {
3076:Drivers/STM32G4xx_HAL_Driver/Src/stm32g4xx_hal_fdcan.c ****     if (FDCAN_CHECK_IT_SOURCE(itsource, FDCAN_IT_TIMEOUT_OCCURRED) != RESET)
3077:Drivers/STM32G4xx_HAL_Driver/Src/stm32g4xx_hal_fdcan.c ****     {
3078:Drivers/STM32G4xx_HAL_Driver/Src/stm32g4xx_hal_fdcan.c ****       /* Clear the Timeout Occurred flag */
3079:Drivers/STM32G4xx_HAL_Driver/Src/stm32g4xx_hal_fdcan.c ****       __HAL_FDCAN_CLEAR_FLAG(hfdcan, FDCAN_FLAG_TIMEOUT_OCCURRED);
3080:Drivers/STM32G4xx_HAL_Driver/Src/stm32g4xx_hal_fdcan.c **** 
3081:Drivers/STM32G4xx_HAL_Driver/Src/stm32g4xx_hal_fdcan.c **** #if USE_HAL_FDCAN_REGISTER_CALLBACKS == 1
3082:Drivers/STM32G4xx_HAL_Driver/Src/stm32g4xx_hal_fdcan.c ****       /* Call registered callback*/
3083:Drivers/STM32G4xx_HAL_Driver/Src/stm32g4xx_hal_fdcan.c ****       hfdcan->TimeoutOccurredCallback(hfdcan);
3084:Drivers/STM32G4xx_HAL_Driver/Src/stm32g4xx_hal_fdcan.c **** #else
3085:Drivers/STM32G4xx_HAL_Driver/Src/stm32g4xx_hal_fdcan.c ****       /* Timeout Occurred Callback */
3086:Drivers/STM32G4xx_HAL_Driver/Src/stm32g4xx_hal_fdcan.c ****       HAL_FDCAN_TimeoutOccurredCallback(hfdcan);
3087:Drivers/STM32G4xx_HAL_Driver/Src/stm32g4xx_hal_fdcan.c **** #endif /* USE_HAL_FDCAN_REGISTER_CALLBACKS */
3088:Drivers/STM32G4xx_HAL_Driver/Src/stm32g4xx_hal_fdcan.c ****     }
ARM GAS   			page 56


3089:Drivers/STM32G4xx_HAL_Driver/Src/stm32g4xx_hal_fdcan.c ****   }
3090:Drivers/STM32G4xx_HAL_Driver/Src/stm32g4xx_hal_fdcan.c **** 
3091:Drivers/STM32G4xx_HAL_Driver/Src/stm32g4xx_hal_fdcan.c ****   /* Message RAM access failure interrupt management **************************/
3092:Drivers/STM32G4xx_HAL_Driver/Src/stm32g4xx_hal_fdcan.c ****   if (FDCAN_CHECK_FLAG(itflag, FDCAN_FLAG_RAM_ACCESS_FAILURE) != RESET)
3093:Drivers/STM32G4xx_HAL_Driver/Src/stm32g4xx_hal_fdcan.c ****   {
3094:Drivers/STM32G4xx_HAL_Driver/Src/stm32g4xx_hal_fdcan.c ****     if (FDCAN_CHECK_IT_SOURCE(itsource, FDCAN_IT_RAM_ACCESS_FAILURE) != RESET)
3095:Drivers/STM32G4xx_HAL_Driver/Src/stm32g4xx_hal_fdcan.c ****     {
3096:Drivers/STM32G4xx_HAL_Driver/Src/stm32g4xx_hal_fdcan.c ****       /* Clear the Message RAM access failure flag */
3097:Drivers/STM32G4xx_HAL_Driver/Src/stm32g4xx_hal_fdcan.c ****       __HAL_FDCAN_CLEAR_FLAG(hfdcan, FDCAN_FLAG_RAM_ACCESS_FAILURE);
3098:Drivers/STM32G4xx_HAL_Driver/Src/stm32g4xx_hal_fdcan.c **** 
3099:Drivers/STM32G4xx_HAL_Driver/Src/stm32g4xx_hal_fdcan.c ****       /* Update error code */
3100:Drivers/STM32G4xx_HAL_Driver/Src/stm32g4xx_hal_fdcan.c ****       hfdcan->ErrorCode |= HAL_FDCAN_ERROR_RAM_ACCESS;
3101:Drivers/STM32G4xx_HAL_Driver/Src/stm32g4xx_hal_fdcan.c ****     }
3102:Drivers/STM32G4xx_HAL_Driver/Src/stm32g4xx_hal_fdcan.c ****   }
3103:Drivers/STM32G4xx_HAL_Driver/Src/stm32g4xx_hal_fdcan.c **** 
3104:Drivers/STM32G4xx_HAL_Driver/Src/stm32g4xx_hal_fdcan.c ****   /* Error Status interrupts management ***************************************/
3105:Drivers/STM32G4xx_HAL_Driver/Src/stm32g4xx_hal_fdcan.c ****   if (ErrorStatusITs != 0U)
3106:Drivers/STM32G4xx_HAL_Driver/Src/stm32g4xx_hal_fdcan.c ****   {
3107:Drivers/STM32G4xx_HAL_Driver/Src/stm32g4xx_hal_fdcan.c ****     /* Clear the Error flags */
3108:Drivers/STM32G4xx_HAL_Driver/Src/stm32g4xx_hal_fdcan.c ****     __HAL_FDCAN_CLEAR_FLAG(hfdcan, ErrorStatusITs);
3109:Drivers/STM32G4xx_HAL_Driver/Src/stm32g4xx_hal_fdcan.c **** 
3110:Drivers/STM32G4xx_HAL_Driver/Src/stm32g4xx_hal_fdcan.c **** #if USE_HAL_FDCAN_REGISTER_CALLBACKS == 1
3111:Drivers/STM32G4xx_HAL_Driver/Src/stm32g4xx_hal_fdcan.c ****     /* Call registered callback*/
3112:Drivers/STM32G4xx_HAL_Driver/Src/stm32g4xx_hal_fdcan.c ****     hfdcan->ErrorStatusCallback(hfdcan, ErrorStatusITs);
3113:Drivers/STM32G4xx_HAL_Driver/Src/stm32g4xx_hal_fdcan.c **** #else
3114:Drivers/STM32G4xx_HAL_Driver/Src/stm32g4xx_hal_fdcan.c ****     /* Error Status Callback */
3115:Drivers/STM32G4xx_HAL_Driver/Src/stm32g4xx_hal_fdcan.c ****     HAL_FDCAN_ErrorStatusCallback(hfdcan, ErrorStatusITs);
3116:Drivers/STM32G4xx_HAL_Driver/Src/stm32g4xx_hal_fdcan.c **** #endif /* USE_HAL_FDCAN_REGISTER_CALLBACKS */
3117:Drivers/STM32G4xx_HAL_Driver/Src/stm32g4xx_hal_fdcan.c ****   }
3118:Drivers/STM32G4xx_HAL_Driver/Src/stm32g4xx_hal_fdcan.c **** 
3119:Drivers/STM32G4xx_HAL_Driver/Src/stm32g4xx_hal_fdcan.c ****   /* Error interrupts management **********************************************/
3120:Drivers/STM32G4xx_HAL_Driver/Src/stm32g4xx_hal_fdcan.c ****   if (Errors != 0U)
3121:Drivers/STM32G4xx_HAL_Driver/Src/stm32g4xx_hal_fdcan.c ****   {
3122:Drivers/STM32G4xx_HAL_Driver/Src/stm32g4xx_hal_fdcan.c ****     /* Clear the Error flags */
3123:Drivers/STM32G4xx_HAL_Driver/Src/stm32g4xx_hal_fdcan.c ****     __HAL_FDCAN_CLEAR_FLAG(hfdcan, Errors);
3124:Drivers/STM32G4xx_HAL_Driver/Src/stm32g4xx_hal_fdcan.c **** 
3125:Drivers/STM32G4xx_HAL_Driver/Src/stm32g4xx_hal_fdcan.c ****     /* Update error code */
3126:Drivers/STM32G4xx_HAL_Driver/Src/stm32g4xx_hal_fdcan.c ****     hfdcan->ErrorCode |= Errors;
3127:Drivers/STM32G4xx_HAL_Driver/Src/stm32g4xx_hal_fdcan.c ****   }
3128:Drivers/STM32G4xx_HAL_Driver/Src/stm32g4xx_hal_fdcan.c **** 
3129:Drivers/STM32G4xx_HAL_Driver/Src/stm32g4xx_hal_fdcan.c ****   if (hfdcan->ErrorCode != HAL_FDCAN_ERROR_NONE)
3130:Drivers/STM32G4xx_HAL_Driver/Src/stm32g4xx_hal_fdcan.c ****   {
3131:Drivers/STM32G4xx_HAL_Driver/Src/stm32g4xx_hal_fdcan.c **** #if USE_HAL_FDCAN_REGISTER_CALLBACKS == 1
3132:Drivers/STM32G4xx_HAL_Driver/Src/stm32g4xx_hal_fdcan.c ****     /* Call registered callback*/
3133:Drivers/STM32G4xx_HAL_Driver/Src/stm32g4xx_hal_fdcan.c ****     hfdcan->ErrorCallback(hfdcan);
3134:Drivers/STM32G4xx_HAL_Driver/Src/stm32g4xx_hal_fdcan.c **** #else
3135:Drivers/STM32G4xx_HAL_Driver/Src/stm32g4xx_hal_fdcan.c ****     /* Error Callback */
3136:Drivers/STM32G4xx_HAL_Driver/Src/stm32g4xx_hal_fdcan.c ****     HAL_FDCAN_ErrorCallback(hfdcan);
3137:Drivers/STM32G4xx_HAL_Driver/Src/stm32g4xx_hal_fdcan.c **** #endif /* USE_HAL_FDCAN_REGISTER_CALLBACKS */
3138:Drivers/STM32G4xx_HAL_Driver/Src/stm32g4xx_hal_fdcan.c ****   }
3139:Drivers/STM32G4xx_HAL_Driver/Src/stm32g4xx_hal_fdcan.c **** }
3140:Drivers/STM32G4xx_HAL_Driver/Src/stm32g4xx_hal_fdcan.c **** 
3141:Drivers/STM32G4xx_HAL_Driver/Src/stm32g4xx_hal_fdcan.c **** /**
3142:Drivers/STM32G4xx_HAL_Driver/Src/stm32g4xx_hal_fdcan.c ****   * @}
3143:Drivers/STM32G4xx_HAL_Driver/Src/stm32g4xx_hal_fdcan.c ****   */
3144:Drivers/STM32G4xx_HAL_Driver/Src/stm32g4xx_hal_fdcan.c **** 
3145:Drivers/STM32G4xx_HAL_Driver/Src/stm32g4xx_hal_fdcan.c **** /** @defgroup FDCAN_Exported_Functions_Group5 Callback functions
ARM GAS   			page 57


3146:Drivers/STM32G4xx_HAL_Driver/Src/stm32g4xx_hal_fdcan.c ****   *  @brief   FDCAN Callback functions
3147:Drivers/STM32G4xx_HAL_Driver/Src/stm32g4xx_hal_fdcan.c ****   *
3148:Drivers/STM32G4xx_HAL_Driver/Src/stm32g4xx_hal_fdcan.c **** @verbatim
3149:Drivers/STM32G4xx_HAL_Driver/Src/stm32g4xx_hal_fdcan.c ****   ==============================================================================
3150:Drivers/STM32G4xx_HAL_Driver/Src/stm32g4xx_hal_fdcan.c ****                           ##### Callback functions #####
3151:Drivers/STM32G4xx_HAL_Driver/Src/stm32g4xx_hal_fdcan.c ****   ==============================================================================
3152:Drivers/STM32G4xx_HAL_Driver/Src/stm32g4xx_hal_fdcan.c ****     [..]
3153:Drivers/STM32G4xx_HAL_Driver/Src/stm32g4xx_hal_fdcan.c ****     This subsection provides the following callback functions:
3154:Drivers/STM32G4xx_HAL_Driver/Src/stm32g4xx_hal_fdcan.c ****       (+) HAL_FDCAN_TxEventFifoCallback
3155:Drivers/STM32G4xx_HAL_Driver/Src/stm32g4xx_hal_fdcan.c ****       (+) HAL_FDCAN_RxFifo0Callback
3156:Drivers/STM32G4xx_HAL_Driver/Src/stm32g4xx_hal_fdcan.c ****       (+) HAL_FDCAN_RxFifo1Callback
3157:Drivers/STM32G4xx_HAL_Driver/Src/stm32g4xx_hal_fdcan.c ****       (+) HAL_FDCAN_TxFifoEmptyCallback
3158:Drivers/STM32G4xx_HAL_Driver/Src/stm32g4xx_hal_fdcan.c ****       (+) HAL_FDCAN_TxBufferCompleteCallback
3159:Drivers/STM32G4xx_HAL_Driver/Src/stm32g4xx_hal_fdcan.c ****       (+) HAL_FDCAN_TxBufferAbortCallback
3160:Drivers/STM32G4xx_HAL_Driver/Src/stm32g4xx_hal_fdcan.c ****       (+) HAL_FDCAN_HighPriorityMessageCallback
3161:Drivers/STM32G4xx_HAL_Driver/Src/stm32g4xx_hal_fdcan.c ****       (+) HAL_FDCAN_TimestampWraparoundCallback
3162:Drivers/STM32G4xx_HAL_Driver/Src/stm32g4xx_hal_fdcan.c ****       (+) HAL_FDCAN_TimeoutOccurredCallback
3163:Drivers/STM32G4xx_HAL_Driver/Src/stm32g4xx_hal_fdcan.c ****       (+) HAL_FDCAN_ErrorCallback
3164:Drivers/STM32G4xx_HAL_Driver/Src/stm32g4xx_hal_fdcan.c ****       (+) HAL_FDCAN_ErrorStatusCallback
3165:Drivers/STM32G4xx_HAL_Driver/Src/stm32g4xx_hal_fdcan.c **** 
3166:Drivers/STM32G4xx_HAL_Driver/Src/stm32g4xx_hal_fdcan.c **** @endverbatim
3167:Drivers/STM32G4xx_HAL_Driver/Src/stm32g4xx_hal_fdcan.c ****   * @{
3168:Drivers/STM32G4xx_HAL_Driver/Src/stm32g4xx_hal_fdcan.c ****   */
3169:Drivers/STM32G4xx_HAL_Driver/Src/stm32g4xx_hal_fdcan.c **** 
3170:Drivers/STM32G4xx_HAL_Driver/Src/stm32g4xx_hal_fdcan.c **** /**
3171:Drivers/STM32G4xx_HAL_Driver/Src/stm32g4xx_hal_fdcan.c ****   * @brief  Tx Event callback.
3172:Drivers/STM32G4xx_HAL_Driver/Src/stm32g4xx_hal_fdcan.c ****   * @param  hfdcan pointer to an FDCAN_HandleTypeDef structure that contains
3173:Drivers/STM32G4xx_HAL_Driver/Src/stm32g4xx_hal_fdcan.c ****   *         the configuration information for the specified FDCAN.
3174:Drivers/STM32G4xx_HAL_Driver/Src/stm32g4xx_hal_fdcan.c ****   * @param  TxEventFifoITs indicates which Tx Event FIFO interrupts are signaled.
3175:Drivers/STM32G4xx_HAL_Driver/Src/stm32g4xx_hal_fdcan.c ****   *         This parameter can be any combination of @arg FDCAN_Tx_Event_Fifo_Interrupts.
3176:Drivers/STM32G4xx_HAL_Driver/Src/stm32g4xx_hal_fdcan.c ****   * @retval None
3177:Drivers/STM32G4xx_HAL_Driver/Src/stm32g4xx_hal_fdcan.c ****   */
3178:Drivers/STM32G4xx_HAL_Driver/Src/stm32g4xx_hal_fdcan.c **** __weak void HAL_FDCAN_TxEventFifoCallback(FDCAN_HandleTypeDef *hfdcan, uint32_t TxEventFifoITs)
3179:Drivers/STM32G4xx_HAL_Driver/Src/stm32g4xx_hal_fdcan.c **** {
  51              	 .loc 1 3179 1 is_stmt 1 view-0
  52              	 .cfi_startproc
  53              	 
  54              	 
  55              	 
3180:Drivers/STM32G4xx_HAL_Driver/Src/stm32g4xx_hal_fdcan.c ****   /* Prevent unused argument(s) compilation warning */
3181:Drivers/STM32G4xx_HAL_Driver/Src/stm32g4xx_hal_fdcan.c ****   UNUSED(hfdcan);
  56              	 .loc 1 3181 3 view .LVU4
3182:Drivers/STM32G4xx_HAL_Driver/Src/stm32g4xx_hal_fdcan.c ****   UNUSED(TxEventFifoITs);
  57              	 .loc 1 3182 3 view .LVU5
3183:Drivers/STM32G4xx_HAL_Driver/Src/stm32g4xx_hal_fdcan.c **** 
3184:Drivers/STM32G4xx_HAL_Driver/Src/stm32g4xx_hal_fdcan.c ****   /* NOTE: This function Should not be modified, when the callback is needed,
3185:Drivers/STM32G4xx_HAL_Driver/Src/stm32g4xx_hal_fdcan.c ****             the HAL_FDCAN_TxEventFifoCallback could be implemented in the user file
3186:Drivers/STM32G4xx_HAL_Driver/Src/stm32g4xx_hal_fdcan.c ****    */
3187:Drivers/STM32G4xx_HAL_Driver/Src/stm32g4xx_hal_fdcan.c **** }
  58              	 .loc 1 3187 1 is_stmt 0 view .LVU6
  59 0000 7047     	 bx lr
  60              	 .cfi_endproc
  61              	.LFE422:
  63 0002 00BF     	 .section .text.HAL_FDCAN_RxFifo0Callback,"ax",%progbits
  64              	 .align 1
  65              	 .p2align 2,,3
  66              	 .weak HAL_FDCAN_RxFifo0Callback
ARM GAS   			page 58


  67              	 .syntax unified
  68              	 .thumb
  69              	 .thumb_func
  71              	HAL_FDCAN_RxFifo0Callback:
  72              	.LFB450:
  73              	 .cfi_startproc
3188:Drivers/STM32G4xx_HAL_Driver/Src/stm32g4xx_hal_fdcan.c **** 
3189:Drivers/STM32G4xx_HAL_Driver/Src/stm32g4xx_hal_fdcan.c **** /**
3190:Drivers/STM32G4xx_HAL_Driver/Src/stm32g4xx_hal_fdcan.c ****   * @brief  Rx FIFO 0 callback.
3191:Drivers/STM32G4xx_HAL_Driver/Src/stm32g4xx_hal_fdcan.c ****   * @param  hfdcan pointer to an FDCAN_HandleTypeDef structure that contains
3192:Drivers/STM32G4xx_HAL_Driver/Src/stm32g4xx_hal_fdcan.c ****   *         the configuration information for the specified FDCAN.
3193:Drivers/STM32G4xx_HAL_Driver/Src/stm32g4xx_hal_fdcan.c ****   * @param  RxFifo0ITs indicates which Rx FIFO 0 interrupts are signaled.
3194:Drivers/STM32G4xx_HAL_Driver/Src/stm32g4xx_hal_fdcan.c ****   *         This parameter can be any combination of @arg FDCAN_Rx_Fifo0_Interrupts.
3195:Drivers/STM32G4xx_HAL_Driver/Src/stm32g4xx_hal_fdcan.c ****   * @retval None
3196:Drivers/STM32G4xx_HAL_Driver/Src/stm32g4xx_hal_fdcan.c ****   */
3197:Drivers/STM32G4xx_HAL_Driver/Src/stm32g4xx_hal_fdcan.c **** __weak void HAL_FDCAN_RxFifo0Callback(FDCAN_HandleTypeDef *hfdcan, uint32_t RxFifo0ITs)
  74              	 .loc 1 3197 13 is_stmt 1 view-0
  75              	 
  76              	 
  77              	 
  78 0000 7047     	 bx lr
  79              	 .cfi_endproc
  80              	.LFE450:
  82 0002 00BF     	 .section .text.HAL_FDCAN_RxFifo1Callback,"ax",%progbits
  83              	 .align 1
  84              	 .p2align 2,,3
  85              	 .weak HAL_FDCAN_RxFifo1Callback
  86              	 .syntax unified
  87              	 .thumb
  88              	 .thumb_func
  90              	HAL_FDCAN_RxFifo1Callback:
  91              	.LFB452:
  92              	 .cfi_startproc
3198:Drivers/STM32G4xx_HAL_Driver/Src/stm32g4xx_hal_fdcan.c **** {
3199:Drivers/STM32G4xx_HAL_Driver/Src/stm32g4xx_hal_fdcan.c ****   /* Prevent unused argument(s) compilation warning */
3200:Drivers/STM32G4xx_HAL_Driver/Src/stm32g4xx_hal_fdcan.c ****   UNUSED(hfdcan);
3201:Drivers/STM32G4xx_HAL_Driver/Src/stm32g4xx_hal_fdcan.c ****   UNUSED(RxFifo0ITs);
3202:Drivers/STM32G4xx_HAL_Driver/Src/stm32g4xx_hal_fdcan.c **** 
3203:Drivers/STM32G4xx_HAL_Driver/Src/stm32g4xx_hal_fdcan.c ****   /* NOTE: This function Should not be modified, when the callback is needed,
3204:Drivers/STM32G4xx_HAL_Driver/Src/stm32g4xx_hal_fdcan.c ****             the HAL_FDCAN_RxFifo0Callback could be implemented in the user file
3205:Drivers/STM32G4xx_HAL_Driver/Src/stm32g4xx_hal_fdcan.c ****    */
3206:Drivers/STM32G4xx_HAL_Driver/Src/stm32g4xx_hal_fdcan.c **** }
3207:Drivers/STM32G4xx_HAL_Driver/Src/stm32g4xx_hal_fdcan.c **** 
3208:Drivers/STM32G4xx_HAL_Driver/Src/stm32g4xx_hal_fdcan.c **** /**
3209:Drivers/STM32G4xx_HAL_Driver/Src/stm32g4xx_hal_fdcan.c ****   * @brief  Rx FIFO 1 callback.
3210:Drivers/STM32G4xx_HAL_Driver/Src/stm32g4xx_hal_fdcan.c ****   * @param  hfdcan pointer to an FDCAN_HandleTypeDef structure that contains
3211:Drivers/STM32G4xx_HAL_Driver/Src/stm32g4xx_hal_fdcan.c ****   *         the configuration information for the specified FDCAN.
3212:Drivers/STM32G4xx_HAL_Driver/Src/stm32g4xx_hal_fdcan.c ****   * @param  RxFifo1ITs indicates which Rx FIFO 1 interrupts are signaled.
3213:Drivers/STM32G4xx_HAL_Driver/Src/stm32g4xx_hal_fdcan.c ****   *         This parameter can be any combination of @arg FDCAN_Rx_Fifo1_Interrupts.
3214:Drivers/STM32G4xx_HAL_Driver/Src/stm32g4xx_hal_fdcan.c ****   * @retval None
3215:Drivers/STM32G4xx_HAL_Driver/Src/stm32g4xx_hal_fdcan.c ****   */
3216:Drivers/STM32G4xx_HAL_Driver/Src/stm32g4xx_hal_fdcan.c **** __weak void HAL_FDCAN_RxFifo1Callback(FDCAN_HandleTypeDef *hfdcan, uint32_t RxFifo1ITs)
  93              	 .loc 1 3216 13 view-0
  94              	 
  95              	 
  96              	 
  97 0000 7047     	 bx lr
ARM GAS   			page 59


  98              	 .cfi_endproc
  99              	.LFE452:
 101 0002 00BF     	 .section .text.HAL_FDCAN_TxBufferCompleteCallback,"ax",%progbits
 102              	 .align 1
 103              	 .p2align 2,,3
 104              	 .weak HAL_FDCAN_TxBufferCompleteCallback
 105              	 .syntax unified
 106              	 .thumb
 107              	 .thumb_func
 109              	HAL_FDCAN_TxBufferCompleteCallback:
 110              	.LFB454:
 111              	 .cfi_startproc
3217:Drivers/STM32G4xx_HAL_Driver/Src/stm32g4xx_hal_fdcan.c **** {
3218:Drivers/STM32G4xx_HAL_Driver/Src/stm32g4xx_hal_fdcan.c ****   /* Prevent unused argument(s) compilation warning */
3219:Drivers/STM32G4xx_HAL_Driver/Src/stm32g4xx_hal_fdcan.c ****   UNUSED(hfdcan);
3220:Drivers/STM32G4xx_HAL_Driver/Src/stm32g4xx_hal_fdcan.c ****   UNUSED(RxFifo1ITs);
3221:Drivers/STM32G4xx_HAL_Driver/Src/stm32g4xx_hal_fdcan.c **** 
3222:Drivers/STM32G4xx_HAL_Driver/Src/stm32g4xx_hal_fdcan.c ****   /* NOTE: This function Should not be modified, when the callback is needed,
3223:Drivers/STM32G4xx_HAL_Driver/Src/stm32g4xx_hal_fdcan.c ****             the HAL_FDCAN_RxFifo1Callback could be implemented in the user file
3224:Drivers/STM32G4xx_HAL_Driver/Src/stm32g4xx_hal_fdcan.c ****    */
3225:Drivers/STM32G4xx_HAL_Driver/Src/stm32g4xx_hal_fdcan.c **** }
3226:Drivers/STM32G4xx_HAL_Driver/Src/stm32g4xx_hal_fdcan.c **** 
3227:Drivers/STM32G4xx_HAL_Driver/Src/stm32g4xx_hal_fdcan.c **** /**
3228:Drivers/STM32G4xx_HAL_Driver/Src/stm32g4xx_hal_fdcan.c ****   * @brief  Tx FIFO Empty callback.
3229:Drivers/STM32G4xx_HAL_Driver/Src/stm32g4xx_hal_fdcan.c ****   * @param  hfdcan pointer to an FDCAN_HandleTypeDef structure that contains
3230:Drivers/STM32G4xx_HAL_Driver/Src/stm32g4xx_hal_fdcan.c ****   *         the configuration information for the specified FDCAN.
3231:Drivers/STM32G4xx_HAL_Driver/Src/stm32g4xx_hal_fdcan.c ****   * @retval None
3232:Drivers/STM32G4xx_HAL_Driver/Src/stm32g4xx_hal_fdcan.c ****   */
3233:Drivers/STM32G4xx_HAL_Driver/Src/stm32g4xx_hal_fdcan.c **** __weak void HAL_FDCAN_TxFifoEmptyCallback(FDCAN_HandleTypeDef *hfdcan)
3234:Drivers/STM32G4xx_HAL_Driver/Src/stm32g4xx_hal_fdcan.c **** {
3235:Drivers/STM32G4xx_HAL_Driver/Src/stm32g4xx_hal_fdcan.c ****   /* Prevent unused argument(s) compilation warning */
3236:Drivers/STM32G4xx_HAL_Driver/Src/stm32g4xx_hal_fdcan.c ****   UNUSED(hfdcan);
3237:Drivers/STM32G4xx_HAL_Driver/Src/stm32g4xx_hal_fdcan.c **** 
3238:Drivers/STM32G4xx_HAL_Driver/Src/stm32g4xx_hal_fdcan.c ****   /* NOTE: This function Should not be modified, when the callback is needed,
3239:Drivers/STM32G4xx_HAL_Driver/Src/stm32g4xx_hal_fdcan.c ****             the HAL_FDCAN_TxFifoEmptyCallback could be implemented in the user file
3240:Drivers/STM32G4xx_HAL_Driver/Src/stm32g4xx_hal_fdcan.c ****    */
3241:Drivers/STM32G4xx_HAL_Driver/Src/stm32g4xx_hal_fdcan.c **** }
3242:Drivers/STM32G4xx_HAL_Driver/Src/stm32g4xx_hal_fdcan.c **** 
3243:Drivers/STM32G4xx_HAL_Driver/Src/stm32g4xx_hal_fdcan.c **** /**
3244:Drivers/STM32G4xx_HAL_Driver/Src/stm32g4xx_hal_fdcan.c ****   * @brief  Transmission Complete callback.
3245:Drivers/STM32G4xx_HAL_Driver/Src/stm32g4xx_hal_fdcan.c ****   * @param  hfdcan pointer to an FDCAN_HandleTypeDef structure that contains
3246:Drivers/STM32G4xx_HAL_Driver/Src/stm32g4xx_hal_fdcan.c ****   *         the configuration information for the specified FDCAN.
3247:Drivers/STM32G4xx_HAL_Driver/Src/stm32g4xx_hal_fdcan.c ****   * @param  BufferIndexes Indexes of the transmitted buffers.
3248:Drivers/STM32G4xx_HAL_Driver/Src/stm32g4xx_hal_fdcan.c ****   *         This parameter can be any combination of @arg FDCAN_Tx_location.
3249:Drivers/STM32G4xx_HAL_Driver/Src/stm32g4xx_hal_fdcan.c ****   * @retval None
3250:Drivers/STM32G4xx_HAL_Driver/Src/stm32g4xx_hal_fdcan.c ****   */
3251:Drivers/STM32G4xx_HAL_Driver/Src/stm32g4xx_hal_fdcan.c **** __weak void HAL_FDCAN_TxBufferCompleteCallback(FDCAN_HandleTypeDef *hfdcan, uint32_t BufferIndexes)
 112              	 .loc 1 3251 13 view-0
 113              	 
 114              	 
 115              	 
 116 0000 7047     	 bx lr
 117              	 .cfi_endproc
 118              	.LFE454:
 120 0002 00BF     	 .section .text.HAL_FDCAN_TxBufferAbortCallback,"ax",%progbits
 121              	 .align 1
 122              	 .p2align 2,,3
ARM GAS   			page 60


 123              	 .weak HAL_FDCAN_TxBufferAbortCallback
 124              	 .syntax unified
 125              	 .thumb
 126              	 .thumb_func
 128              	HAL_FDCAN_TxBufferAbortCallback:
 129              	.LFB456:
 130              	 .cfi_startproc
3252:Drivers/STM32G4xx_HAL_Driver/Src/stm32g4xx_hal_fdcan.c **** {
3253:Drivers/STM32G4xx_HAL_Driver/Src/stm32g4xx_hal_fdcan.c ****   /* Prevent unused argument(s) compilation warning */
3254:Drivers/STM32G4xx_HAL_Driver/Src/stm32g4xx_hal_fdcan.c ****   UNUSED(hfdcan);
3255:Drivers/STM32G4xx_HAL_Driver/Src/stm32g4xx_hal_fdcan.c ****   UNUSED(BufferIndexes);
3256:Drivers/STM32G4xx_HAL_Driver/Src/stm32g4xx_hal_fdcan.c **** 
3257:Drivers/STM32G4xx_HAL_Driver/Src/stm32g4xx_hal_fdcan.c ****   /* NOTE: This function Should not be modified, when the callback is needed,
3258:Drivers/STM32G4xx_HAL_Driver/Src/stm32g4xx_hal_fdcan.c ****             the HAL_FDCAN_TxBufferCompleteCallback could be implemented in the user file
3259:Drivers/STM32G4xx_HAL_Driver/Src/stm32g4xx_hal_fdcan.c ****    */
3260:Drivers/STM32G4xx_HAL_Driver/Src/stm32g4xx_hal_fdcan.c **** }
3261:Drivers/STM32G4xx_HAL_Driver/Src/stm32g4xx_hal_fdcan.c **** 
3262:Drivers/STM32G4xx_HAL_Driver/Src/stm32g4xx_hal_fdcan.c **** /**
3263:Drivers/STM32G4xx_HAL_Driver/Src/stm32g4xx_hal_fdcan.c ****   * @brief  Transmission Cancellation callback.
3264:Drivers/STM32G4xx_HAL_Driver/Src/stm32g4xx_hal_fdcan.c ****   * @param  hfdcan pointer to an FDCAN_HandleTypeDef structure that contains
3265:Drivers/STM32G4xx_HAL_Driver/Src/stm32g4xx_hal_fdcan.c ****   *         the configuration information for the specified FDCAN.
3266:Drivers/STM32G4xx_HAL_Driver/Src/stm32g4xx_hal_fdcan.c ****   * @param  BufferIndexes Indexes of the aborted buffers.
3267:Drivers/STM32G4xx_HAL_Driver/Src/stm32g4xx_hal_fdcan.c ****   *         This parameter can be any combination of @arg FDCAN_Tx_location.
3268:Drivers/STM32G4xx_HAL_Driver/Src/stm32g4xx_hal_fdcan.c ****   * @retval None
3269:Drivers/STM32G4xx_HAL_Driver/Src/stm32g4xx_hal_fdcan.c ****   */
3270:Drivers/STM32G4xx_HAL_Driver/Src/stm32g4xx_hal_fdcan.c **** __weak void HAL_FDCAN_TxBufferAbortCallback(FDCAN_HandleTypeDef *hfdcan, uint32_t BufferIndexes)
 131              	 .loc 1 3270 13 view-0
 132              	 
 133              	 
 134              	 
 135 0000 7047     	 bx lr
 136              	 .cfi_endproc
 137              	.LFE456:
 139 0002 00BF     	 .section .text.HAL_FDCAN_ErrorStatusCallback,"ax",%progbits
 140              	 .align 1
 141              	 .p2align 2,,3
 142              	 .weak HAL_FDCAN_ErrorStatusCallback
 143              	 .syntax unified
 144              	 .thumb
 145              	 .thumb_func
 147              	HAL_FDCAN_ErrorStatusCallback:
 148              	.LFB458:
 149              	 .cfi_startproc
3271:Drivers/STM32G4xx_HAL_Driver/Src/stm32g4xx_hal_fdcan.c **** {
3272:Drivers/STM32G4xx_HAL_Driver/Src/stm32g4xx_hal_fdcan.c ****   /* Prevent unused argument(s) compilation warning */
3273:Drivers/STM32G4xx_HAL_Driver/Src/stm32g4xx_hal_fdcan.c ****   UNUSED(hfdcan);
3274:Drivers/STM32G4xx_HAL_Driver/Src/stm32g4xx_hal_fdcan.c ****   UNUSED(BufferIndexes);
3275:Drivers/STM32G4xx_HAL_Driver/Src/stm32g4xx_hal_fdcan.c **** 
3276:Drivers/STM32G4xx_HAL_Driver/Src/stm32g4xx_hal_fdcan.c ****   /* NOTE: This function Should not be modified, when the callback is needed,
3277:Drivers/STM32G4xx_HAL_Driver/Src/stm32g4xx_hal_fdcan.c ****             the HAL_FDCAN_TxBufferAbortCallback could be implemented in the user file
3278:Drivers/STM32G4xx_HAL_Driver/Src/stm32g4xx_hal_fdcan.c ****    */
3279:Drivers/STM32G4xx_HAL_Driver/Src/stm32g4xx_hal_fdcan.c **** }
3280:Drivers/STM32G4xx_HAL_Driver/Src/stm32g4xx_hal_fdcan.c **** 
3281:Drivers/STM32G4xx_HAL_Driver/Src/stm32g4xx_hal_fdcan.c **** /**
3282:Drivers/STM32G4xx_HAL_Driver/Src/stm32g4xx_hal_fdcan.c ****   * @brief  Timestamp Wraparound callback.
3283:Drivers/STM32G4xx_HAL_Driver/Src/stm32g4xx_hal_fdcan.c ****   * @param  hfdcan pointer to an FDCAN_HandleTypeDef structure that contains
3284:Drivers/STM32G4xx_HAL_Driver/Src/stm32g4xx_hal_fdcan.c ****   *         the configuration information for the specified FDCAN.
ARM GAS   			page 61


3285:Drivers/STM32G4xx_HAL_Driver/Src/stm32g4xx_hal_fdcan.c ****   * @retval None
3286:Drivers/STM32G4xx_HAL_Driver/Src/stm32g4xx_hal_fdcan.c ****   */
3287:Drivers/STM32G4xx_HAL_Driver/Src/stm32g4xx_hal_fdcan.c **** __weak void HAL_FDCAN_TimestampWraparoundCallback(FDCAN_HandleTypeDef *hfdcan)
3288:Drivers/STM32G4xx_HAL_Driver/Src/stm32g4xx_hal_fdcan.c **** {
3289:Drivers/STM32G4xx_HAL_Driver/Src/stm32g4xx_hal_fdcan.c ****   /* Prevent unused argument(s) compilation warning */
3290:Drivers/STM32G4xx_HAL_Driver/Src/stm32g4xx_hal_fdcan.c ****   UNUSED(hfdcan);
3291:Drivers/STM32G4xx_HAL_Driver/Src/stm32g4xx_hal_fdcan.c **** 
3292:Drivers/STM32G4xx_HAL_Driver/Src/stm32g4xx_hal_fdcan.c ****   /* NOTE: This function Should not be modified, when the callback is needed,
3293:Drivers/STM32G4xx_HAL_Driver/Src/stm32g4xx_hal_fdcan.c ****             the HAL_FDCAN_TimestampWraparoundCallback could be implemented in the user file
3294:Drivers/STM32G4xx_HAL_Driver/Src/stm32g4xx_hal_fdcan.c ****    */
3295:Drivers/STM32G4xx_HAL_Driver/Src/stm32g4xx_hal_fdcan.c **** }
3296:Drivers/STM32G4xx_HAL_Driver/Src/stm32g4xx_hal_fdcan.c **** 
3297:Drivers/STM32G4xx_HAL_Driver/Src/stm32g4xx_hal_fdcan.c **** /**
3298:Drivers/STM32G4xx_HAL_Driver/Src/stm32g4xx_hal_fdcan.c ****   * @brief  Timeout Occurred callback.
3299:Drivers/STM32G4xx_HAL_Driver/Src/stm32g4xx_hal_fdcan.c ****   * @param  hfdcan pointer to an FDCAN_HandleTypeDef structure that contains
3300:Drivers/STM32G4xx_HAL_Driver/Src/stm32g4xx_hal_fdcan.c ****   *         the configuration information for the specified FDCAN.
3301:Drivers/STM32G4xx_HAL_Driver/Src/stm32g4xx_hal_fdcan.c ****   * @retval None
3302:Drivers/STM32G4xx_HAL_Driver/Src/stm32g4xx_hal_fdcan.c ****   */
3303:Drivers/STM32G4xx_HAL_Driver/Src/stm32g4xx_hal_fdcan.c **** __weak void HAL_FDCAN_TimeoutOccurredCallback(FDCAN_HandleTypeDef *hfdcan)
3304:Drivers/STM32G4xx_HAL_Driver/Src/stm32g4xx_hal_fdcan.c **** {
3305:Drivers/STM32G4xx_HAL_Driver/Src/stm32g4xx_hal_fdcan.c ****   /* Prevent unused argument(s) compilation warning */
3306:Drivers/STM32G4xx_HAL_Driver/Src/stm32g4xx_hal_fdcan.c ****   UNUSED(hfdcan);
3307:Drivers/STM32G4xx_HAL_Driver/Src/stm32g4xx_hal_fdcan.c **** 
3308:Drivers/STM32G4xx_HAL_Driver/Src/stm32g4xx_hal_fdcan.c ****   /* NOTE: This function Should not be modified, when the callback is needed,
3309:Drivers/STM32G4xx_HAL_Driver/Src/stm32g4xx_hal_fdcan.c ****             the HAL_FDCAN_TimeoutOccurredCallback could be implemented in the user file
3310:Drivers/STM32G4xx_HAL_Driver/Src/stm32g4xx_hal_fdcan.c ****    */
3311:Drivers/STM32G4xx_HAL_Driver/Src/stm32g4xx_hal_fdcan.c **** }
3312:Drivers/STM32G4xx_HAL_Driver/Src/stm32g4xx_hal_fdcan.c **** 
3313:Drivers/STM32G4xx_HAL_Driver/Src/stm32g4xx_hal_fdcan.c **** /**
3314:Drivers/STM32G4xx_HAL_Driver/Src/stm32g4xx_hal_fdcan.c ****   * @brief  High Priority Message callback.
3315:Drivers/STM32G4xx_HAL_Driver/Src/stm32g4xx_hal_fdcan.c ****   * @param  hfdcan pointer to an FDCAN_HandleTypeDef structure that contains
3316:Drivers/STM32G4xx_HAL_Driver/Src/stm32g4xx_hal_fdcan.c ****   *         the configuration information for the specified FDCAN.
3317:Drivers/STM32G4xx_HAL_Driver/Src/stm32g4xx_hal_fdcan.c ****   * @retval None
3318:Drivers/STM32G4xx_HAL_Driver/Src/stm32g4xx_hal_fdcan.c ****   */
3319:Drivers/STM32G4xx_HAL_Driver/Src/stm32g4xx_hal_fdcan.c **** __weak void HAL_FDCAN_HighPriorityMessageCallback(FDCAN_HandleTypeDef *hfdcan)
3320:Drivers/STM32G4xx_HAL_Driver/Src/stm32g4xx_hal_fdcan.c **** {
3321:Drivers/STM32G4xx_HAL_Driver/Src/stm32g4xx_hal_fdcan.c ****   /* Prevent unused argument(s) compilation warning */
3322:Drivers/STM32G4xx_HAL_Driver/Src/stm32g4xx_hal_fdcan.c ****   UNUSED(hfdcan);
3323:Drivers/STM32G4xx_HAL_Driver/Src/stm32g4xx_hal_fdcan.c **** 
3324:Drivers/STM32G4xx_HAL_Driver/Src/stm32g4xx_hal_fdcan.c ****   /* NOTE: This function Should not be modified, when the callback is needed,
3325:Drivers/STM32G4xx_HAL_Driver/Src/stm32g4xx_hal_fdcan.c ****             the HAL_FDCAN_HighPriorityMessageCallback could be implemented in the user file
3326:Drivers/STM32G4xx_HAL_Driver/Src/stm32g4xx_hal_fdcan.c ****    */
3327:Drivers/STM32G4xx_HAL_Driver/Src/stm32g4xx_hal_fdcan.c **** }
3328:Drivers/STM32G4xx_HAL_Driver/Src/stm32g4xx_hal_fdcan.c **** 
3329:Drivers/STM32G4xx_HAL_Driver/Src/stm32g4xx_hal_fdcan.c **** /**
3330:Drivers/STM32G4xx_HAL_Driver/Src/stm32g4xx_hal_fdcan.c ****   * @brief  Error callback.
3331:Drivers/STM32G4xx_HAL_Driver/Src/stm32g4xx_hal_fdcan.c ****   * @param  hfdcan pointer to an FDCAN_HandleTypeDef structure that contains
3332:Drivers/STM32G4xx_HAL_Driver/Src/stm32g4xx_hal_fdcan.c ****   *         the configuration information for the specified FDCAN.
3333:Drivers/STM32G4xx_HAL_Driver/Src/stm32g4xx_hal_fdcan.c ****   * @retval None
3334:Drivers/STM32G4xx_HAL_Driver/Src/stm32g4xx_hal_fdcan.c ****   */
3335:Drivers/STM32G4xx_HAL_Driver/Src/stm32g4xx_hal_fdcan.c **** __weak void HAL_FDCAN_ErrorCallback(FDCAN_HandleTypeDef *hfdcan)
3336:Drivers/STM32G4xx_HAL_Driver/Src/stm32g4xx_hal_fdcan.c **** {
3337:Drivers/STM32G4xx_HAL_Driver/Src/stm32g4xx_hal_fdcan.c ****   /* Prevent unused argument(s) compilation warning */
3338:Drivers/STM32G4xx_HAL_Driver/Src/stm32g4xx_hal_fdcan.c ****   UNUSED(hfdcan);
3339:Drivers/STM32G4xx_HAL_Driver/Src/stm32g4xx_hal_fdcan.c **** 
3340:Drivers/STM32G4xx_HAL_Driver/Src/stm32g4xx_hal_fdcan.c ****   /* NOTE: This function Should not be modified, when the callback is needed,
3341:Drivers/STM32G4xx_HAL_Driver/Src/stm32g4xx_hal_fdcan.c ****             the HAL_FDCAN_ErrorCallback could be implemented in the user file
ARM GAS   			page 62


3342:Drivers/STM32G4xx_HAL_Driver/Src/stm32g4xx_hal_fdcan.c ****    */
3343:Drivers/STM32G4xx_HAL_Driver/Src/stm32g4xx_hal_fdcan.c **** }
3344:Drivers/STM32G4xx_HAL_Driver/Src/stm32g4xx_hal_fdcan.c **** 
3345:Drivers/STM32G4xx_HAL_Driver/Src/stm32g4xx_hal_fdcan.c **** /**
3346:Drivers/STM32G4xx_HAL_Driver/Src/stm32g4xx_hal_fdcan.c ****   * @brief  Error status callback.
3347:Drivers/STM32G4xx_HAL_Driver/Src/stm32g4xx_hal_fdcan.c ****   * @param  hfdcan pointer to an FDCAN_HandleTypeDef structure that contains
3348:Drivers/STM32G4xx_HAL_Driver/Src/stm32g4xx_hal_fdcan.c ****   *         the configuration information for the specified FDCAN.
3349:Drivers/STM32G4xx_HAL_Driver/Src/stm32g4xx_hal_fdcan.c ****   * @param  ErrorStatusITs indicates which Error Status interrupts are signaled.
3350:Drivers/STM32G4xx_HAL_Driver/Src/stm32g4xx_hal_fdcan.c ****   *         This parameter can be any combination of @arg FDCAN_Error_Status_Interrupts.
3351:Drivers/STM32G4xx_HAL_Driver/Src/stm32g4xx_hal_fdcan.c ****   * @retval None
3352:Drivers/STM32G4xx_HAL_Driver/Src/stm32g4xx_hal_fdcan.c ****   */
3353:Drivers/STM32G4xx_HAL_Driver/Src/stm32g4xx_hal_fdcan.c **** __weak void HAL_FDCAN_ErrorStatusCallback(FDCAN_HandleTypeDef *hfdcan, uint32_t ErrorStatusITs)
 150              	 .loc 1 3353 13 view-0
 151              	 
 152              	 
 153              	 
 154 0000 7047     	 bx lr
 155              	 .cfi_endproc
 156              	.LFE458:
 158 0002 00BF     	 .section .text.HAL_FDCAN_MspDeInit,"ax",%progbits
 159              	 .align 1
 160              	 .p2align 2,,3
 161              	 .weak HAL_FDCAN_MspDeInit
 162              	 .syntax unified
 163              	 .thumb
 164              	 .thumb_func
 166              	HAL_FDCAN_MspDeInit:
 167              	.LFB438:
 168              	 .cfi_startproc
 597:Drivers/STM32G4xx_HAL_Driver/Src/stm32g4xx_hal_fdcan.c **** {
 169              	 .loc 1 597 13 view-0
 170              	 
 171              	 
 172              	 
 173 0000 7047     	 bx lr
 174              	 .cfi_endproc
 175              	.LFE438:
 177 0002 00BF     	 .section .text.HAL_FDCAN_TxFifoEmptyCallback,"ax",%progbits
 178              	 .align 1
 179              	 .p2align 2,,3
 180              	 .weak HAL_FDCAN_TxFifoEmptyCallback
 181              	 .syntax unified
 182              	 .thumb
 183              	 .thumb_func
 185              	HAL_FDCAN_TxFifoEmptyCallback:
 186              	.LFB440:
 187              	 .cfi_startproc
3233:Drivers/STM32G4xx_HAL_Driver/Src/stm32g4xx_hal_fdcan.c **** {
 188              	 .loc 1 3233 13 view-0
 189              	 
 190              	 
 191              	 
 192 0000 7047     	 bx lr
 193              	 .cfi_endproc
 194              	.LFE440:
 196 0002 00BF     	 .section .text.HAL_FDCAN_HighPriorityMessageCallback,"ax",%progbits
 197              	 .align 1
ARM GAS   			page 63


 198              	 .p2align 2,,3
 199              	 .weak HAL_FDCAN_HighPriorityMessageCallback
 200              	 .syntax unified
 201              	 .thumb
 202              	 .thumb_func
 204              	HAL_FDCAN_HighPriorityMessageCallback:
 205              	.LFB442:
 206              	 .cfi_startproc
3319:Drivers/STM32G4xx_HAL_Driver/Src/stm32g4xx_hal_fdcan.c **** {
 207              	 .loc 1 3319 13 view-0
 208              	 
 209              	 
 210              	 
 211 0000 7047     	 bx lr
 212              	 .cfi_endproc
 213              	.LFE442:
 215 0002 00BF     	 .section .text.HAL_FDCAN_TimestampWraparoundCallback,"ax",%progbits
 216              	 .align 1
 217              	 .p2align 2,,3
 218              	 .weak HAL_FDCAN_TimestampWraparoundCallback
 219              	 .syntax unified
 220              	 .thumb
 221              	 .thumb_func
 223              	HAL_FDCAN_TimestampWraparoundCallback:
 224              	.LFB444:
 225              	 .cfi_startproc
3287:Drivers/STM32G4xx_HAL_Driver/Src/stm32g4xx_hal_fdcan.c **** {
 226              	 .loc 1 3287 13 view-0
 227              	 
 228              	 
 229              	 
 230 0000 7047     	 bx lr
 231              	 .cfi_endproc
 232              	.LFE444:
 234 0002 00BF     	 .section .text.HAL_FDCAN_TimeoutOccurredCallback,"ax",%progbits
 235              	 .align 1
 236              	 .p2align 2,,3
 237              	 .weak HAL_FDCAN_TimeoutOccurredCallback
 238              	 .syntax unified
 239              	 .thumb
 240              	 .thumb_func
 242              	HAL_FDCAN_TimeoutOccurredCallback:
 243              	.LFB446:
 244              	 .cfi_startproc
3303:Drivers/STM32G4xx_HAL_Driver/Src/stm32g4xx_hal_fdcan.c **** {
 245              	 .loc 1 3303 13 view-0
 246              	 
 247              	 
 248              	 
 249 0000 7047     	 bx lr
 250              	 .cfi_endproc
 251              	.LFE446:
 253 0002 00BF     	 .section .text.HAL_FDCAN_ErrorCallback,"ax",%progbits
 254              	 .align 1
 255              	 .p2align 2,,3
 256              	 .weak HAL_FDCAN_ErrorCallback
 257              	 .syntax unified
ARM GAS   			page 64


 258              	 .thumb
 259              	 .thumb_func
 261              	HAL_FDCAN_ErrorCallback:
 262              	.LFB448:
 263              	 .cfi_startproc
3335:Drivers/STM32G4xx_HAL_Driver/Src/stm32g4xx_hal_fdcan.c **** {
 264              	 .loc 1 3335 13 view-0
 265              	 
 266              	 
 267              	 
 268 0000 7047     	 bx lr
 269              	 .cfi_endproc
 270              	.LFE448:
 272 0002 00BF     	 .section .text.HAL_FDCAN_Init,"ax",%progbits
 273              	 .align 1
 274              	 .p2align 2,,3
 275              	 .global HAL_FDCAN_Init
 276              	 .syntax unified
 277              	 .thumb
 278              	 .thumb_func
 280              	HAL_FDCAN_Init:
 281              	.LVL2:
 282              	.LFB361:
 294:Drivers/STM32G4xx_HAL_Driver/Src/stm32g4xx_hal_fdcan.c ****   uint32_t tickstart;
 283              	 .loc 1 294 1 view-0
 284              	 .cfi_startproc
 285              	 
 286              	 
 295:Drivers/STM32G4xx_HAL_Driver/Src/stm32g4xx_hal_fdcan.c **** 
 287              	 .loc 1 295 3 view .LVU19
 298:Drivers/STM32G4xx_HAL_Driver/Src/stm32g4xx_hal_fdcan.c ****   {
 288              	 .loc 1 298 3 view .LVU20
 298:Drivers/STM32G4xx_HAL_Driver/Src/stm32g4xx_hal_fdcan.c ****   {
 289              	 .loc 1 298 6 is_stmt 0 view .LVU21
 290 0000 0028     	 cmp r0,#0
 291 0002 00F02381 	 beq .L53
 304:Drivers/STM32G4xx_HAL_Driver/Src/stm32g4xx_hal_fdcan.c ****   if (hfdcan->Instance == FDCAN1)
 292              	 .loc 1 304 3 is_stmt 1 view .LVU22
 305:Drivers/STM32G4xx_HAL_Driver/Src/stm32g4xx_hal_fdcan.c ****   {
 293              	 .loc 1 305 3 view .LVU23
 307:Drivers/STM32G4xx_HAL_Driver/Src/stm32g4xx_hal_fdcan.c ****   }
 294              	 .loc 1 307 5 view .LVU24
 309:Drivers/STM32G4xx_HAL_Driver/Src/stm32g4xx_hal_fdcan.c ****   assert_param(IS_FDCAN_MODE(hfdcan->Init.Mode));
 295              	 .loc 1 309 3 view .LVU25
 310:Drivers/STM32G4xx_HAL_Driver/Src/stm32g4xx_hal_fdcan.c ****   assert_param(IS_FUNCTIONAL_STATE(hfdcan->Init.AutoRetransmission));
 296              	 .loc 1 310 3 view .LVU26
 311:Drivers/STM32G4xx_HAL_Driver/Src/stm32g4xx_hal_fdcan.c ****   assert_param(IS_FUNCTIONAL_STATE(hfdcan->Init.TransmitPause));
 297              	 .loc 1 311 3 view .LVU27
 312:Drivers/STM32G4xx_HAL_Driver/Src/stm32g4xx_hal_fdcan.c ****   assert_param(IS_FUNCTIONAL_STATE(hfdcan->Init.ProtocolException));
 298              	 .loc 1 312 3 view .LVU28
 313:Drivers/STM32G4xx_HAL_Driver/Src/stm32g4xx_hal_fdcan.c ****   assert_param(IS_FDCAN_NOMINAL_PRESCALER(hfdcan->Init.NominalPrescaler));
 299              	 .loc 1 313 3 view .LVU29
 314:Drivers/STM32G4xx_HAL_Driver/Src/stm32g4xx_hal_fdcan.c ****   assert_param(IS_FDCAN_NOMINAL_SJW(hfdcan->Init.NominalSyncJumpWidth));
 300              	 .loc 1 314 3 view .LVU30
 315:Drivers/STM32G4xx_HAL_Driver/Src/stm32g4xx_hal_fdcan.c ****   assert_param(IS_FDCAN_NOMINAL_TSEG1(hfdcan->Init.NominalTimeSeg1));
 301              	 .loc 1 315 3 view .LVU31
 316:Drivers/STM32G4xx_HAL_Driver/Src/stm32g4xx_hal_fdcan.c ****   assert_param(IS_FDCAN_NOMINAL_TSEG2(hfdcan->Init.NominalTimeSeg2));
ARM GAS   			page 65


 302              	 .loc 1 316 3 view .LVU32
 317:Drivers/STM32G4xx_HAL_Driver/Src/stm32g4xx_hal_fdcan.c ****   if (hfdcan->Init.FrameFormat == FDCAN_FRAME_FD_BRS)
 303              	 .loc 1 317 3 view .LVU33
 318:Drivers/STM32G4xx_HAL_Driver/Src/stm32g4xx_hal_fdcan.c ****   {
 304              	 .loc 1 318 3 view .LVU34
 320:Drivers/STM32G4xx_HAL_Driver/Src/stm32g4xx_hal_fdcan.c ****     assert_param(IS_FDCAN_DATA_SJW(hfdcan->Init.DataSyncJumpWidth));
 305              	 .loc 1 320 5 view .LVU35
 321:Drivers/STM32G4xx_HAL_Driver/Src/stm32g4xx_hal_fdcan.c ****     assert_param(IS_FDCAN_DATA_TSEG1(hfdcan->Init.DataTimeSeg1));
 306              	 .loc 1 321 5 view .LVU36
 322:Drivers/STM32G4xx_HAL_Driver/Src/stm32g4xx_hal_fdcan.c ****     assert_param(IS_FDCAN_DATA_TSEG2(hfdcan->Init.DataTimeSeg2));
 307              	 .loc 1 322 5 view .LVU37
 323:Drivers/STM32G4xx_HAL_Driver/Src/stm32g4xx_hal_fdcan.c ****   }
 308              	 .loc 1 323 5 view .LVU38
 325:Drivers/STM32G4xx_HAL_Driver/Src/stm32g4xx_hal_fdcan.c ****   assert_param(IS_FDCAN_MAX_VALUE(hfdcan->Init.ExtFiltersNbr, SRAMCAN_FLE_NBR));
 309              	 .loc 1 325 3 view .LVU39
 326:Drivers/STM32G4xx_HAL_Driver/Src/stm32g4xx_hal_fdcan.c ****   assert_param(IS_FDCAN_TX_FIFO_QUEUE_MODE(hfdcan->Init.TxFifoQueueMode));
 310              	 .loc 1 326 3 view .LVU40
 327:Drivers/STM32G4xx_HAL_Driver/Src/stm32g4xx_hal_fdcan.c **** 
 311              	 .loc 1 327 3 view .LVU41
 330:Drivers/STM32G4xx_HAL_Driver/Src/stm32g4xx_hal_fdcan.c ****   {
 312              	 .loc 1 330 3 view .LVU42
 294:Drivers/STM32G4xx_HAL_Driver/Src/stm32g4xx_hal_fdcan.c ****   uint32_t tickstart;
 313              	 .loc 1 294 1 is_stmt 0 view .LVU43
 314 0006 2DE9F041 	 push {r4,r5,r6,r7,r8,lr}
 315              	 .cfi_def_cfa_offset 24
 316              	 .cfi_offset 4,-24
 317              	 .cfi_offset 5,-20
 318              	 .cfi_offset 6,-16
 319              	 .cfi_offset 7,-12
 320              	 .cfi_offset 8,-8
 321              	 .cfi_offset 14,-4
 330:Drivers/STM32G4xx_HAL_Driver/Src/stm32g4xx_hal_fdcan.c ****   {
 322              	 .loc 1 330 13 view .LVU44
 323 000a 90F85C30 	 ldrb r3,[r0,#92]
 324 000e 0446     	 mov r4,r0
 330:Drivers/STM32G4xx_HAL_Driver/Src/stm32g4xx_hal_fdcan.c ****   {
 325              	 .loc 1 330 6 view .LVU45
 326 0010 03F0FF02 	 and r2,r3,#255
 327 0014 002B     	 cmp r3,#0
 328 0016 74D0     	 beq .L58
 329              	.LVL3:
 330              	.L17:
 368:Drivers/STM32G4xx_HAL_Driver/Src/stm32g4xx_hal_fdcan.c **** 
 331              	 .loc 1 368 3 is_stmt 1 view .LVU46
 332 0018 2268     	 ldr r2,[r4]
 333 001a 9369     	 ldr r3,[r2,#24]
 334 001c 23F01003 	 bic r3,r3,#16
 335 0020 9361     	 str r3,[r2,#24]
 371:Drivers/STM32G4xx_HAL_Driver/Src/stm32g4xx_hal_fdcan.c **** 
 336              	 .loc 1 371 3 view .LVU47
 371:Drivers/STM32G4xx_HAL_Driver/Src/stm32g4xx_hal_fdcan.c **** 
 337              	 .loc 1 371 15 is_stmt 0 view .LVU48
 338 0022 FFF7FEFF 	 bl HAL_GetTick
 339              	.LVL4:
 340 0026 0546     	 mov r5,r0
 341              	.LVL5:
 374:Drivers/STM32G4xx_HAL_Driver/Src/stm32g4xx_hal_fdcan.c ****   {
ARM GAS   			page 66


 342              	 .loc 1 374 3 is_stmt 1 view .LVU49
 374:Drivers/STM32G4xx_HAL_Driver/Src/stm32g4xx_hal_fdcan.c ****   {
 343              	 .loc 1 374 9 is_stmt 0 view .LVU50
 344 0028 04E0     	 b .L19
 345              	.LVL6:
 346              	.L21:
 376:Drivers/STM32G4xx_HAL_Driver/Src/stm32g4xx_hal_fdcan.c ****     {
 347              	 .loc 1 376 10 view .LVU51
 348 002a FFF7FEFF 	 bl HAL_GetTick
 349              	.LVL7:
 376:Drivers/STM32G4xx_HAL_Driver/Src/stm32g4xx_hal_fdcan.c ****     {
 350              	 .loc 1 376 24 discriminator 1 view .LVU52
 351 002e 401B     	 subs r0,r0,r5
 376:Drivers/STM32G4xx_HAL_Driver/Src/stm32g4xx_hal_fdcan.c ****     {
 352              	 .loc 1 376 8 discriminator 1 view .LVU53
 353 0030 0A28     	 cmp r0,#10
 354 0032 5CD8     	 bhi .L56
 355              	.L19:
 376:Drivers/STM32G4xx_HAL_Driver/Src/stm32g4xx_hal_fdcan.c ****     {
 356              	 .loc 1 376 5 is_stmt 1 view .LVU54
 374:Drivers/STM32G4xx_HAL_Driver/Src/stm32g4xx_hal_fdcan.c ****   {
 357              	 .loc 1 374 52 view .LVU55
 374:Drivers/STM32G4xx_HAL_Driver/Src/stm32g4xx_hal_fdcan.c ****   {
 358              	 .loc 1 374 17 is_stmt 0 view .LVU56
 359 0034 2368     	 ldr r3,[r4]
 374:Drivers/STM32G4xx_HAL_Driver/Src/stm32g4xx_hal_fdcan.c ****   {
 360              	 .loc 1 374 27 view .LVU57
 361 0036 9A69     	 ldr r2,[r3,#24]
 374:Drivers/STM32G4xx_HAL_Driver/Src/stm32g4xx_hal_fdcan.c ****   {
 362              	 .loc 1 374 52 view .LVU58
 363 0038 1207     	 lsls r2,r2,#28
 364 003a F6D4     	 bmi .L21
 389:Drivers/STM32G4xx_HAL_Driver/Src/stm32g4xx_hal_fdcan.c **** 
 365              	 .loc 1 389 3 is_stmt 1 view .LVU59
 366 003c 9A69     	 ldr r2,[r3,#24]
 367 003e 42F00102 	 orr r2,r2,#1
 368 0042 9A61     	 str r2,[r3,#24]
 392:Drivers/STM32G4xx_HAL_Driver/Src/stm32g4xx_hal_fdcan.c **** 
 369              	 .loc 1 392 3 view .LVU60
 392:Drivers/STM32G4xx_HAL_Driver/Src/stm32g4xx_hal_fdcan.c **** 
 370              	 .loc 1 392 15 is_stmt 0 view .LVU61
 371 0044 FFF7FEFF 	 bl HAL_GetTick
 372              	.LVL8:
 373 0048 0546     	 mov r5,r0
 374              	.LVL9:
 395:Drivers/STM32G4xx_HAL_Driver/Src/stm32g4xx_hal_fdcan.c ****   {
 375              	 .loc 1 395 3 is_stmt 1 view .LVU62
 395:Drivers/STM32G4xx_HAL_Driver/Src/stm32g4xx_hal_fdcan.c ****   {
 376              	 .loc 1 395 9 is_stmt 0 view .LVU63
 377 004a 04E0     	 b .L22
 378              	.LVL10:
 379              	.L23:
 398:Drivers/STM32G4xx_HAL_Driver/Src/stm32g4xx_hal_fdcan.c ****     {
 380              	 .loc 1 398 10 view .LVU64
 381 004c FFF7FEFF 	 bl HAL_GetTick
 382              	.LVL11:
 398:Drivers/STM32G4xx_HAL_Driver/Src/stm32g4xx_hal_fdcan.c ****     {
ARM GAS   			page 67


 383              	 .loc 1 398 24 discriminator 1 view .LVU65
 384 0050 401B     	 subs r0,r0,r5
 398:Drivers/STM32G4xx_HAL_Driver/Src/stm32g4xx_hal_fdcan.c ****     {
 385              	 .loc 1 398 8 discriminator 1 view .LVU66
 386 0052 0A28     	 cmp r0,#10
 387 0054 4BD8     	 bhi .L56
 388              	.L22:
 398:Drivers/STM32G4xx_HAL_Driver/Src/stm32g4xx_hal_fdcan.c ****     {
 389              	 .loc 1 398 5 is_stmt 1 view .LVU67
 395:Drivers/STM32G4xx_HAL_Driver/Src/stm32g4xx_hal_fdcan.c ****   {
 390              	 .loc 1 395 53 view .LVU68
 395:Drivers/STM32G4xx_HAL_Driver/Src/stm32g4xx_hal_fdcan.c ****   {
 391              	 .loc 1 395 17 is_stmt 0 view .LVU69
 392 0056 2268     	 ldr r2,[r4]
 395:Drivers/STM32G4xx_HAL_Driver/Src/stm32g4xx_hal_fdcan.c ****   {
 393              	 .loc 1 395 27 view .LVU70
 394 0058 9369     	 ldr r3,[r2,#24]
 395:Drivers/STM32G4xx_HAL_Driver/Src/stm32g4xx_hal_fdcan.c ****   {
 395              	 .loc 1 395 53 view .LVU71
 396 005a DB07     	 lsls r3,r3,#31
 397 005c F6D5     	 bpl .L23
 411:Drivers/STM32G4xx_HAL_Driver/Src/stm32g4xx_hal_fdcan.c **** 
 398              	 .loc 1 411 3 is_stmt 1 view .LVU72
 399 005e 9369     	 ldr r3,[r2,#24]
 414:Drivers/STM32G4xx_HAL_Driver/Src/stm32g4xx_hal_fdcan.c ****   {
 400              	 .loc 1 414 6 is_stmt 0 view .LVU73
 401 0060 8849     	 ldr r1,.L62
 411:Drivers/STM32G4xx_HAL_Driver/Src/stm32g4xx_hal_fdcan.c **** 
 402              	 .loc 1 411 3 view .LVU74
 403 0062 43F00203 	 orr r3,r3,#2
 414:Drivers/STM32G4xx_HAL_Driver/Src/stm32g4xx_hal_fdcan.c ****   {
 404              	 .loc 1 414 6 view .LVU75
 405 0066 8A42     	 cmp r2,r1
 411:Drivers/STM32G4xx_HAL_Driver/Src/stm32g4xx_hal_fdcan.c **** 
 406              	 .loc 1 411 3 view .LVU76
 407 0068 9361     	 str r3,[r2,#24]
 414:Drivers/STM32G4xx_HAL_Driver/Src/stm32g4xx_hal_fdcan.c ****   {
 408              	 .loc 1 414 3 is_stmt 1 view .LVU77
 414:Drivers/STM32G4xx_HAL_Driver/Src/stm32g4xx_hal_fdcan.c ****   {
 409              	 .loc 1 414 6 is_stmt 0 view .LVU78
 410 006a 00F0E680 	 beq .L59
 411              	.L24:
 421:Drivers/STM32G4xx_HAL_Driver/Src/stm32g4xx_hal_fdcan.c ****   {
 412              	 .loc 1 421 3 is_stmt 1 view .LVU79
 421:Drivers/STM32G4xx_HAL_Driver/Src/stm32g4xx_hal_fdcan.c ****   {
 413              	 .loc 1 421 6 is_stmt 0 view .LVU80
 414 006e 237C     	 ldrb r3,[r4,#16]
 415 0070 012B     	 cmp r3,#1
 423:Drivers/STM32G4xx_HAL_Driver/Src/stm32g4xx_hal_fdcan.c ****   }
 416              	 .loc 1 423 5 view .LVU81
 417 0072 9369     	 ldr r3,[r2,#24]
 423:Drivers/STM32G4xx_HAL_Driver/Src/stm32g4xx_hal_fdcan.c ****   }
 418              	 .loc 1 423 5 is_stmt 1 view .LVU82
 419 0074 0CBF     	 ite eq
 420 0076 23F04003 	 biceq r3,r3,#64
 427:Drivers/STM32G4xx_HAL_Driver/Src/stm32g4xx_hal_fdcan.c ****   }
 421              	 .loc 1 427 5 view .LVU83
ARM GAS   			page 68


 422 007a 43F04003 	 orrne r3,r3,#64
 423 007e 9361     	 str r3,[r2,#24]
 431:Drivers/STM32G4xx_HAL_Driver/Src/stm32g4xx_hal_fdcan.c ****   {
 424              	 .loc 1 431 3 view .LVU84
 431:Drivers/STM32G4xx_HAL_Driver/Src/stm32g4xx_hal_fdcan.c ****   {
 425              	 .loc 1 431 6 is_stmt 0 view .LVU85
 426 0080 637C     	 ldrb r3,[r4,#17]
 427 0082 012B     	 cmp r3,#1
 433:Drivers/STM32G4xx_HAL_Driver/Src/stm32g4xx_hal_fdcan.c ****   }
 428              	 .loc 1 433 5 view .LVU86
 429 0084 9369     	 ldr r3,[r2,#24]
 433:Drivers/STM32G4xx_HAL_Driver/Src/stm32g4xx_hal_fdcan.c ****   }
 430              	 .loc 1 433 5 is_stmt 1 view .LVU87
 431 0086 0CBF     	 ite eq
 432 0088 43F48043 	 orreq r3,r3,#16384
 437:Drivers/STM32G4xx_HAL_Driver/Src/stm32g4xx_hal_fdcan.c ****   }
 433              	 .loc 1 437 5 view .LVU88
 434 008c 23F48043 	 bicne r3,r3,#16384
 435 0090 9361     	 str r3,[r2,#24]
 441:Drivers/STM32G4xx_HAL_Driver/Src/stm32g4xx_hal_fdcan.c ****   {
 436              	 .loc 1 441 3 view .LVU89
 441:Drivers/STM32G4xx_HAL_Driver/Src/stm32g4xx_hal_fdcan.c ****   {
 437              	 .loc 1 441 6 is_stmt 0 view .LVU90
 438 0092 A37C     	 ldrb r3,[r4,#18]
 439 0094 012B     	 cmp r3,#1
 443:Drivers/STM32G4xx_HAL_Driver/Src/stm32g4xx_hal_fdcan.c ****   }
 440              	 .loc 1 443 5 view .LVU91
 441 0096 9369     	 ldr r3,[r2,#24]
 443:Drivers/STM32G4xx_HAL_Driver/Src/stm32g4xx_hal_fdcan.c ****   }
 442              	 .loc 1 443 5 is_stmt 1 view .LVU92
 443 0098 0CBF     	 ite eq
 444 009a 23F48053 	 biceq r3,r3,#4096
 447:Drivers/STM32G4xx_HAL_Driver/Src/stm32g4xx_hal_fdcan.c ****   }
 445              	 .loc 1 447 5 view .LVU93
 446 009e 43F48053 	 orrne r3,r3,#4096
 447 00a2 9361     	 str r3,[r2,#24]
 451:Drivers/STM32G4xx_HAL_Driver/Src/stm32g4xx_hal_fdcan.c **** 
 448              	 .loc 1 451 3 view .LVU94
 449 00a4 9369     	 ldr r3,[r2,#24]
 450 00a6 A068     	 ldr r0,[r4,#8]
 465:Drivers/STM32G4xx_HAL_Driver/Src/stm32g4xx_hal_fdcan.c ****   {
 451              	 .loc 1 465 19 is_stmt 0 view .LVU95
 452 00a8 E168     	 ldr r1,[r4,#12]
 451:Drivers/STM32G4xx_HAL_Driver/Src/stm32g4xx_hal_fdcan.c **** 
 453              	 .loc 1 451 3 view .LVU96
 454 00aa 23F44073 	 bic r3,r3,#768
 455 00ae 0343     	 orrs r3,r3,r0
 456 00b0 9361     	 str r3,[r2,#24]
 454:Drivers/STM32G4xx_HAL_Driver/Src/stm32g4xx_hal_fdcan.c ****   CLEAR_BIT(hfdcan->Instance->TEST, FDCAN_TEST_LBCK);
 457              	 .loc 1 454 3 is_stmt 1 view .LVU97
 458 00b2 9369     	 ldr r3,[r2,#24]
 459 00b4 23F0A403 	 bic r3,r3,#164
 460 00b8 9361     	 str r3,[r2,#24]
 455:Drivers/STM32G4xx_HAL_Driver/Src/stm32g4xx_hal_fdcan.c **** 
 461              	 .loc 1 455 3 view .LVU98
 462 00ba 1369     	 ldr r3,[r2,#16]
 465:Drivers/STM32G4xx_HAL_Driver/Src/stm32g4xx_hal_fdcan.c ****   {
ARM GAS   			page 69


 463              	 .loc 1 465 6 is_stmt 0 view .LVU99
 464 00bc 0129     	 cmp r1,#1
 455:Drivers/STM32G4xx_HAL_Driver/Src/stm32g4xx_hal_fdcan.c **** 
 465              	 .loc 1 455 3 view .LVU100
 466 00be 23F01003 	 bic r3,r3,#16
 467 00c2 1361     	 str r3,[r2,#16]
 465:Drivers/STM32G4xx_HAL_Driver/Src/stm32g4xx_hal_fdcan.c ****   {
 468              	 .loc 1 465 3 is_stmt 1 view .LVU101
 465:Drivers/STM32G4xx_HAL_Driver/Src/stm32g4xx_hal_fdcan.c ****   {
 469              	 .loc 1 465 6 is_stmt 0 view .LVU102
 470 00c4 3DD0     	 beq .L60
 470:Drivers/STM32G4xx_HAL_Driver/Src/stm32g4xx_hal_fdcan.c ****   {
 471              	 .loc 1 470 8 is_stmt 1 view .LVU103
 470:Drivers/STM32G4xx_HAL_Driver/Src/stm32g4xx_hal_fdcan.c ****   {
 472              	 .loc 1 470 11 is_stmt 0 view .LVU104
 473 00c6 0029     	 cmp r1,#0
 474 00c8 3FD0     	 beq .L32
 472:Drivers/STM32G4xx_HAL_Driver/Src/stm32g4xx_hal_fdcan.c ****     {
 475              	 .loc 1 472 5 is_stmt 1 view .LVU105
 472:Drivers/STM32G4xx_HAL_Driver/Src/stm32g4xx_hal_fdcan.c ****     {
 476              	 .loc 1 472 8 is_stmt 0 view .LVU106
 477 00ca 0229     	 cmp r1,#2
 475:Drivers/STM32G4xx_HAL_Driver/Src/stm32g4xx_hal_fdcan.c **** 
 478              	 .loc 1 475 7 view .LVU107
 479 00cc 9369     	 ldr r3,[r2,#24]
 472:Drivers/STM32G4xx_HAL_Driver/Src/stm32g4xx_hal_fdcan.c ****     {
 480              	 .loc 1 472 8 view .LVU108
 481 00ce 00F0D580 	 beq .L34
 475:Drivers/STM32G4xx_HAL_Driver/Src/stm32g4xx_hal_fdcan.c **** 
 482              	 .loc 1 475 7 is_stmt 1 view .LVU109
 483 00d2 43F08003 	 orr r3,r3,#128
 484 00d6 9361     	 str r3,[r2,#24]
 478:Drivers/STM32G4xx_HAL_Driver/Src/stm32g4xx_hal_fdcan.c **** 
 485              	 .loc 1 478 7 view .LVU110
 486 00d8 1369     	 ldr r3,[r2,#16]
 480:Drivers/STM32G4xx_HAL_Driver/Src/stm32g4xx_hal_fdcan.c ****       {
 487              	 .loc 1 480 10 is_stmt 0 view .LVU111
 488 00da 0329     	 cmp r1,#3
 478:Drivers/STM32G4xx_HAL_Driver/Src/stm32g4xx_hal_fdcan.c **** 
 489              	 .loc 1 478 7 view .LVU112
 490 00dc 43F01003 	 orr r3,r3,#16
 491 00e0 1361     	 str r3,[r2,#16]
 480:Drivers/STM32G4xx_HAL_Driver/Src/stm32g4xx_hal_fdcan.c ****       {
 492              	 .loc 1 480 7 is_stmt 1 view .LVU113
 480:Drivers/STM32G4xx_HAL_Driver/Src/stm32g4xx_hal_fdcan.c ****       {
 493              	 .loc 1 480 10 is_stmt 0 view .LVU114
 494 00e2 32D1     	 bne .L32
 482:Drivers/STM32G4xx_HAL_Driver/Src/stm32g4xx_hal_fdcan.c ****       }
 495              	 .loc 1 482 9 is_stmt 1 view .LVU115
 496 00e4 9369     	 ldr r3,[r2,#24]
 497 00e6 43F02003 	 orr r3,r3,#32
 498 00ea 9361     	 str r3,[r2,#24]
 499 00ec 2DE0     	 b .L32
 500              	.L56:
 379:Drivers/STM32G4xx_HAL_Driver/Src/stm32g4xx_hal_fdcan.c **** 
 501              	 .loc 1 379 7 view .LVU116
 379:Drivers/STM32G4xx_HAL_Driver/Src/stm32g4xx_hal_fdcan.c **** 
ARM GAS   			page 70


 502              	 .loc 1 379 13 is_stmt 0 view .LVU117
 503 00ee 236E     	 ldr r3,[r4,#96]
 382:Drivers/STM32G4xx_HAL_Driver/Src/stm32g4xx_hal_fdcan.c **** 
 504              	 .loc 1 382 21 view .LVU118
 505 00f0 0322     	 movs r2,#3
 379:Drivers/STM32G4xx_HAL_Driver/Src/stm32g4xx_hal_fdcan.c **** 
 506              	 .loc 1 379 25 view .LVU119
 507 00f2 43F00103 	 orr r3,r3,#1
 508 00f6 2366     	 str r3,[r4,#96]
 382:Drivers/STM32G4xx_HAL_Driver/Src/stm32g4xx_hal_fdcan.c **** 
 509              	 .loc 1 382 7 is_stmt 1 view .LVU120
 382:Drivers/STM32G4xx_HAL_Driver/Src/stm32g4xx_hal_fdcan.c **** 
 510              	 .loc 1 382 21 is_stmt 0 view .LVU121
 511 00f8 84F85C20 	 strb r2,[r4,#92]
 384:Drivers/STM32G4xx_HAL_Driver/Src/stm32g4xx_hal_fdcan.c ****     }
 512              	 .loc 1 384 7 is_stmt 1 view .LVU122
 300:Drivers/STM32G4xx_HAL_Driver/Src/stm32g4xx_hal_fdcan.c ****   }
 513              	 .loc 1 300 12 is_stmt 0 view .LVU123
 514 00fc 0120     	 movs r0,#1
 528:Drivers/STM32G4xx_HAL_Driver/Src/stm32g4xx_hal_fdcan.c **** 
 515              	 .loc 1 528 1 view .LVU124
 516 00fe BDE8F081 	 pop {r4,r5,r6,r7,r8,pc}
 517              	.LVL12:
 518              	.L58:
 333:Drivers/STM32G4xx_HAL_Driver/Src/stm32g4xx_hal_fdcan.c **** 
 519              	 .loc 1 333 5 is_stmt 1 view .LVU125
 348:Drivers/STM32G4xx_HAL_Driver/Src/stm32g4xx_hal_fdcan.c ****     {
 520              	 .loc 1 348 15 is_stmt 0 view .LVU126
 521 0102 D0F89030 	 ldr r3,[r0,#144]
 337:Drivers/STM32G4xx_HAL_Driver/Src/stm32g4xx_hal_fdcan.c ****     hfdcan->RxFifo1Callback             = HAL_FDCAN_RxFifo1Callback;             /* RxFifo1Callback
 522              	 .loc 1 337 41 view .LVU127
 523 0106 6049     	 ldr r1,.L62+4
 333:Drivers/STM32G4xx_HAL_Driver/Src/stm32g4xx_hal_fdcan.c **** 
 524              	 .loc 1 333 18 view .LVU128
 525 0108 84F85D20 	 strb r2,[r4,#93]
 336:Drivers/STM32G4xx_HAL_Driver/Src/stm32g4xx_hal_fdcan.c ****     hfdcan->RxFifo0Callback             = HAL_FDCAN_RxFifo0Callback;             /* RxFifo0Callback
 526              	 .loc 1 336 5 is_stmt 1 view .LVU129
 338:Drivers/STM32G4xx_HAL_Driver/Src/stm32g4xx_hal_fdcan.c ****     hfdcan->TxFifoEmptyCallback         = HAL_FDCAN_TxFifoEmptyCallback;         /* TxFifoEmptyCall
 527              	 .loc 1 338 41 is_stmt 0 view .LVU130
 528 010c 5F4A     	 ldr r2,.L62+8
 336:Drivers/STM32G4xx_HAL_Driver/Src/stm32g4xx_hal_fdcan.c ****     hfdcan->RxFifo0Callback             = HAL_FDCAN_RxFifo0Callback;             /* RxFifo0Callback
 529              	 .loc 1 336 41 view .LVU131
 530 010e 6048     	 ldr r0,.L62+12
 531              	.LVL13:
 336:Drivers/STM32G4xx_HAL_Driver/Src/stm32g4xx_hal_fdcan.c ****     hfdcan->RxFifo0Callback             = HAL_FDCAN_RxFifo0Callback;             /* RxFifo0Callback
 532              	 .loc 1 336 41 view .LVU132
 533 0110 6066     	 str r0,[r4,#100]
 337:Drivers/STM32G4xx_HAL_Driver/Src/stm32g4xx_hal_fdcan.c ****     hfdcan->RxFifo1Callback             = HAL_FDCAN_RxFifo1Callback;             /* RxFifo1Callback
 534              	 .loc 1 337 5 is_stmt 1 view .LVU133
 338:Drivers/STM32G4xx_HAL_Driver/Src/stm32g4xx_hal_fdcan.c ****     hfdcan->TxFifoEmptyCallback         = HAL_FDCAN_TxFifoEmptyCallback;         /* TxFifoEmptyCall
 535              	 .loc 1 338 41 is_stmt 0 view .LVU134
 536 0112 C4E91A12 	 strd r1,r2,[r4,#104]
 339:Drivers/STM32G4xx_HAL_Driver/Src/stm32g4xx_hal_fdcan.c ****     hfdcan->TxBufferCompleteCallback    = HAL_FDCAN_TxBufferCompleteCallback;    /* TxBufferComplet
 537              	 .loc 1 339 5 is_stmt 1 view .LVU135
 339:Drivers/STM32G4xx_HAL_Driver/Src/stm32g4xx_hal_fdcan.c ****     hfdcan->TxBufferCompleteCallback    = HAL_FDCAN_TxBufferCompleteCallback;    /* TxBufferComplet
 538              	 .loc 1 339 41 is_stmt 0 view .LVU136
 539 0116 5F48     	 ldr r0,.L62+16
ARM GAS   			page 71


 340:Drivers/STM32G4xx_HAL_Driver/Src/stm32g4xx_hal_fdcan.c ****     hfdcan->TxBufferAbortCallback       = HAL_FDCAN_TxBufferAbortCallback;       /* TxBufferAbortCa
 540              	 .loc 1 340 41 view .LVU137
 541 0118 5F4A     	 ldr r2,.L62+20
 341:Drivers/STM32G4xx_HAL_Driver/Src/stm32g4xx_hal_fdcan.c ****     hfdcan->HighPriorityMessageCallback = HAL_FDCAN_HighPriorityMessageCallback; /* HighPriorityMes
 542              	 .loc 1 341 41 view .LVU138
 543 011a 6049     	 ldr r1,.L62+24
 340:Drivers/STM32G4xx_HAL_Driver/Src/stm32g4xx_hal_fdcan.c ****     hfdcan->TxBufferAbortCallback       = HAL_FDCAN_TxBufferAbortCallback;       /* TxBufferAbortCa
 544              	 .loc 1 340 41 view .LVU139
 545 011c C4E91C02 	 strd r0,r2,[r4,#112]
 341:Drivers/STM32G4xx_HAL_Driver/Src/stm32g4xx_hal_fdcan.c ****     hfdcan->HighPriorityMessageCallback = HAL_FDCAN_HighPriorityMessageCallback; /* HighPriorityMes
 546              	 .loc 1 341 5 is_stmt 1 view .LVU140
 342:Drivers/STM32G4xx_HAL_Driver/Src/stm32g4xx_hal_fdcan.c ****     hfdcan->TimestampWraparoundCallback = HAL_FDCAN_TimestampWraparoundCallback; /* TimestampWrapar
 547              	 .loc 1 342 41 is_stmt 0 view .LVU141
 548 0120 5F4A     	 ldr r2,.L62+28
 343:Drivers/STM32G4xx_HAL_Driver/Src/stm32g4xx_hal_fdcan.c ****     hfdcan->TimeoutOccurredCallback     = HAL_FDCAN_TimeoutOccurredCallback;     /* TimeoutOccurred
 549              	 .loc 1 343 41 view .LVU142
 550 0122 6048     	 ldr r0,.L62+32
 342:Drivers/STM32G4xx_HAL_Driver/Src/stm32g4xx_hal_fdcan.c ****     hfdcan->TimestampWraparoundCallback = HAL_FDCAN_TimestampWraparoundCallback; /* TimestampWrapar
 551              	 .loc 1 342 41 view .LVU143
 552 0124 C4E91E12 	 strd r1,r2,[r4,#120]
 343:Drivers/STM32G4xx_HAL_Driver/Src/stm32g4xx_hal_fdcan.c ****     hfdcan->TimeoutOccurredCallback     = HAL_FDCAN_TimeoutOccurredCallback;     /* TimeoutOccurred
 553              	 .loc 1 343 5 is_stmt 1 view .LVU144
 344:Drivers/STM32G4xx_HAL_Driver/Src/stm32g4xx_hal_fdcan.c ****     hfdcan->ErrorCallback               = HAL_FDCAN_ErrorCallback;               /* ErrorCallback  
 554              	 .loc 1 344 41 is_stmt 0 view .LVU145
 555 0128 5F4A     	 ldr r2,.L62+36
 345:Drivers/STM32G4xx_HAL_Driver/Src/stm32g4xx_hal_fdcan.c ****     hfdcan->ErrorStatusCallback         = HAL_FDCAN_ErrorStatusCallback;         /* ErrorStatusCall
 556              	 .loc 1 345 41 view .LVU146
 557 012a 6049     	 ldr r1,.L62+40
 344:Drivers/STM32G4xx_HAL_Driver/Src/stm32g4xx_hal_fdcan.c ****     hfdcan->ErrorCallback               = HAL_FDCAN_ErrorCallback;               /* ErrorCallback  
 558              	 .loc 1 344 41 view .LVU147
 559 012c C4E92002 	 strd r0,r2,[r4,#128]
 345:Drivers/STM32G4xx_HAL_Driver/Src/stm32g4xx_hal_fdcan.c ****     hfdcan->ErrorStatusCallback         = HAL_FDCAN_ErrorStatusCallback;         /* ErrorStatusCall
 560              	 .loc 1 345 5 is_stmt 1 view .LVU148
 346:Drivers/STM32G4xx_HAL_Driver/Src/stm32g4xx_hal_fdcan.c **** 
 561              	 .loc 1 346 41 is_stmt 0 view .LVU149
 562 0130 5F4A     	 ldr r2,.L62+44
 563 0132 C4E92212 	 strd r1,r2,[r4,#136]
 348:Drivers/STM32G4xx_HAL_Driver/Src/stm32g4xx_hal_fdcan.c ****     {
 564              	 .loc 1 348 5 is_stmt 1 view .LVU150
 348:Drivers/STM32G4xx_HAL_Driver/Src/stm32g4xx_hal_fdcan.c ****     {
 565              	 .loc 1 348 8 is_stmt 0 view .LVU151
 566 0136 002B     	 cmp r3,#0
 567 0138 00F08480 	 beq .L61
 568              	.L18:
 354:Drivers/STM32G4xx_HAL_Driver/Src/stm32g4xx_hal_fdcan.c ****   }
 569              	 .loc 1 354 5 is_stmt 1 view .LVU152
 570 013c 2046     	 mov r0,r4
 571 013e 9847     	 blx r3
 572              	.LVL14:
 573 0140 6AE7     	 b .L17
 574              	.LVL15:
 575              	.L60:
 468:Drivers/STM32G4xx_HAL_Driver/Src/stm32g4xx_hal_fdcan.c ****   }
 576              	 .loc 1 468 5 view .LVU153
 577 0142 9369     	 ldr r3,[r2,#24]
 578 0144 43F00403 	 orr r3,r3,#4
 579 0148 9361     	 str r3,[r2,#24]
ARM GAS   			page 72


 580              	.L32:
 494:Drivers/STM32G4xx_HAL_Driver/Src/stm32g4xx_hal_fdcan.c **** 
 581              	 .loc 1 494 3 view .LVU154
 497:Drivers/STM32G4xx_HAL_Driver/Src/stm32g4xx_hal_fdcan.c ****                             (((uint32_t)hfdcan->Init.NominalTimeSeg1 - 1U) << FDCAN_NBTP_NTSEG1_Pos
 582              	 .loc 1 497 3 view .LVU155
 497:Drivers/STM32G4xx_HAL_Driver/Src/stm32g4xx_hal_fdcan.c ****                             (((uint32_t)hfdcan->Init.NominalTimeSeg1 - 1U) << FDCAN_NBTP_NTSEG1_Pos
 583              	 .loc 1 497 75 is_stmt 0 view .LVU156
 584 014a D4E90613 	 ldrd r1,r3,[r4,#24]
 498:Drivers/STM32G4xx_HAL_Driver/Src/stm32g4xx_hal_fdcan.c ****                             (((uint32_t)hfdcan->Init.NominalTimeSeg2 - 1U) << FDCAN_NBTP_NTSEG2_Pos
 585              	 .loc 1 498 70 view .LVU157
 586 014e 013B     	 subs r3,r3,#1
 497:Drivers/STM32G4xx_HAL_Driver/Src/stm32g4xx_hal_fdcan.c ****                             (((uint32_t)hfdcan->Init.NominalTimeSeg1 - 1U) << FDCAN_NBTP_NTSEG1_Pos
 587              	 .loc 1 497 75 view .LVU158
 588 0150 0139     	 subs r1,r1,#1
 498:Drivers/STM32G4xx_HAL_Driver/Src/stm32g4xx_hal_fdcan.c ****                             (((uint32_t)hfdcan->Init.NominalTimeSeg2 - 1U) << FDCAN_NBTP_NTSEG2_Pos
 589              	 .loc 1 498 76 view .LVU159
 590 0152 1B02     	 lsls r3,r3,#8
 497:Drivers/STM32G4xx_HAL_Driver/Src/stm32g4xx_hal_fdcan.c ****                             (((uint32_t)hfdcan->Init.NominalTimeSeg1 - 1U) << FDCAN_NBTP_NTSEG1_Pos
 591              	 .loc 1 497 105 view .LVU160
 592 0154 43EA4163 	 orr r3,r3,r1,lsl#25
 499:Drivers/STM32G4xx_HAL_Driver/Src/stm32g4xx_hal_fdcan.c ****                             (((uint32_t)hfdcan->Init.NominalPrescaler - 1U) << FDCAN_NBTP_NBRP_Pos)
 593              	 .loc 1 499 76 view .LVU161
 594 0158 216A     	 ldr r1,[r4,#32]
 595 015a 0139     	 subs r1,r1,#1
 498:Drivers/STM32G4xx_HAL_Driver/Src/stm32g4xx_hal_fdcan.c ****                             (((uint32_t)hfdcan->Init.NominalTimeSeg2 - 1U) << FDCAN_NBTP_NTSEG2_Pos
 596              	 .loc 1 498 105 view .LVU162
 597 015c 0B43     	 orrs r3,r3,r1
 500:Drivers/STM32G4xx_HAL_Driver/Src/stm32g4xx_hal_fdcan.c **** 
 598              	 .loc 1 500 71 view .LVU163
 599 015e 6169     	 ldr r1,[r4,#20]
 600 0160 0139     	 subs r1,r1,#1
 499:Drivers/STM32G4xx_HAL_Driver/Src/stm32g4xx_hal_fdcan.c ****                             (((uint32_t)hfdcan->Init.NominalPrescaler - 1U) << FDCAN_NBTP_NBRP_Pos)
 601              	 .loc 1 499 105 view .LVU164
 602 0162 43EA0143 	 orr r3,r3,r1,lsl#16
 503:Drivers/STM32G4xx_HAL_Driver/Src/stm32g4xx_hal_fdcan.c ****   {
 603              	 .loc 1 503 6 view .LVU165
 604 0166 B0F5407F 	 cmp r0,#768
 497:Drivers/STM32G4xx_HAL_Driver/Src/stm32g4xx_hal_fdcan.c ****                             (((uint32_t)hfdcan->Init.NominalTimeSeg1 - 1U) << FDCAN_NBTP_NTSEG1_Pos
 605              	 .loc 1 497 26 view .LVU166
 606 016a D361     	 str r3,[r2,#28]
 503:Drivers/STM32G4xx_HAL_Driver/Src/stm32g4xx_hal_fdcan.c ****   {
 607              	 .loc 1 503 3 is_stmt 1 view .LVU167
 503:Drivers/STM32G4xx_HAL_Driver/Src/stm32g4xx_hal_fdcan.c ****   {
 608              	 .loc 1 503 6 is_stmt 0 view .LVU168
 609 016c 0ED1     	 bne .L36
 505:Drivers/STM32G4xx_HAL_Driver/Src/stm32g4xx_hal_fdcan.c ****                               (((uint32_t)hfdcan->Init.DataTimeSeg1 - 1U) << FDCAN_DBTP_DTSEG1_Pos)
 610              	 .loc 1 505 5 is_stmt 1 view .LVU169
 506:Drivers/STM32G4xx_HAL_Driver/Src/stm32g4xx_hal_fdcan.c ****                               (((uint32_t)hfdcan->Init.DataTimeSeg2 - 1U) << FDCAN_DBTP_DTSEG2_Pos)
 611              	 .loc 1 506 69 is_stmt 0 view .LVU170
 612 016e D4E90B03 	 ldrd r0,r3,[r4,#44]
 505:Drivers/STM32G4xx_HAL_Driver/Src/stm32g4xx_hal_fdcan.c ****                               (((uint32_t)hfdcan->Init.DataTimeSeg1 - 1U) << FDCAN_DBTP_DTSEG1_Pos)
 613              	 .loc 1 505 80 view .LVU171
 614 0172 A16A     	 ldr r1,[r4,#40]
 507:Drivers/STM32G4xx_HAL_Driver/Src/stm32g4xx_hal_fdcan.c ****                               (((uint32_t)hfdcan->Init.DataPrescaler - 1U) << FDCAN_DBTP_DBRP_Pos))
 615              	 .loc 1 507 69 view .LVU172
 616 0174 013B     	 subs r3,r3,#1
 506:Drivers/STM32G4xx_HAL_Driver/Src/stm32g4xx_hal_fdcan.c ****                               (((uint32_t)hfdcan->Init.DataTimeSeg2 - 1U) << FDCAN_DBTP_DTSEG2_Pos)
ARM GAS   			page 73


 617              	 .loc 1 506 69 view .LVU173
 618 0176 0138     	 subs r0,r0,#1
 507:Drivers/STM32G4xx_HAL_Driver/Src/stm32g4xx_hal_fdcan.c ****                               (((uint32_t)hfdcan->Init.DataPrescaler - 1U) << FDCAN_DBTP_DBRP_Pos))
 619              	 .loc 1 507 75 view .LVU174
 620 0178 1B01     	 lsls r3,r3,#4
 505:Drivers/STM32G4xx_HAL_Driver/Src/stm32g4xx_hal_fdcan.c ****                               (((uint32_t)hfdcan->Init.DataTimeSeg1 - 1U) << FDCAN_DBTP_DTSEG1_Pos)
 621              	 .loc 1 505 80 view .LVU175
 622 017a 0139     	 subs r1,r1,#1
 506:Drivers/STM32G4xx_HAL_Driver/Src/stm32g4xx_hal_fdcan.c ****                               (((uint32_t)hfdcan->Init.DataTimeSeg2 - 1U) << FDCAN_DBTP_DTSEG2_Pos)
 623              	 .loc 1 506 105 view .LVU176
 624 017c 43EA0023 	 orr r3,r3,r0,lsl#8
 625 0180 0B43     	 orrs r3,r3,r1
 508:Drivers/STM32G4xx_HAL_Driver/Src/stm32g4xx_hal_fdcan.c ****   }
 626              	 .loc 1 508 70 view .LVU177
 627 0182 616A     	 ldr r1,[r4,#36]
 628 0184 0139     	 subs r1,r1,#1
 507:Drivers/STM32G4xx_HAL_Driver/Src/stm32g4xx_hal_fdcan.c ****                               (((uint32_t)hfdcan->Init.DataPrescaler - 1U) << FDCAN_DBTP_DBRP_Pos))
 629              	 .loc 1 507 105 view .LVU178
 630 0186 43EA0143 	 orr r3,r3,r1,lsl#16
 505:Drivers/STM32G4xx_HAL_Driver/Src/stm32g4xx_hal_fdcan.c ****                               (((uint32_t)hfdcan->Init.DataTimeSeg1 - 1U) << FDCAN_DBTP_DTSEG1_Pos)
 631              	 .loc 1 505 28 view .LVU179
 632 018a D360     	 str r3,[r2,#12]
 633              	.L36:
 512:Drivers/STM32G4xx_HAL_Driver/Src/stm32g4xx_hal_fdcan.c **** 
 634              	 .loc 1 512 3 is_stmt 1 view .LVU180
 635 018c D2F8C030 	 ldr r3,[r2,#192]
 636 0190 E06B     	 ldr r0,[r4,#60]
 637              	.LBB4:
 638              	.LBB5:
3354:Drivers/STM32G4xx_HAL_Driver/Src/stm32g4xx_hal_fdcan.c **** {
3355:Drivers/STM32G4xx_HAL_Driver/Src/stm32g4xx_hal_fdcan.c ****   /* Prevent unused argument(s) compilation warning */
3356:Drivers/STM32G4xx_HAL_Driver/Src/stm32g4xx_hal_fdcan.c ****   UNUSED(hfdcan);
3357:Drivers/STM32G4xx_HAL_Driver/Src/stm32g4xx_hal_fdcan.c ****   UNUSED(ErrorStatusITs);
3358:Drivers/STM32G4xx_HAL_Driver/Src/stm32g4xx_hal_fdcan.c **** 
3359:Drivers/STM32G4xx_HAL_Driver/Src/stm32g4xx_hal_fdcan.c ****   /* NOTE: This function Should not be modified, when the callback is needed,
3360:Drivers/STM32G4xx_HAL_Driver/Src/stm32g4xx_hal_fdcan.c ****             the HAL_FDCAN_ErrorStatusCallback could be implemented in the user file
3361:Drivers/STM32G4xx_HAL_Driver/Src/stm32g4xx_hal_fdcan.c ****    */
3362:Drivers/STM32G4xx_HAL_Driver/Src/stm32g4xx_hal_fdcan.c **** }
3363:Drivers/STM32G4xx_HAL_Driver/Src/stm32g4xx_hal_fdcan.c **** 
3364:Drivers/STM32G4xx_HAL_Driver/Src/stm32g4xx_hal_fdcan.c **** /**
3365:Drivers/STM32G4xx_HAL_Driver/Src/stm32g4xx_hal_fdcan.c ****   * @}
3366:Drivers/STM32G4xx_HAL_Driver/Src/stm32g4xx_hal_fdcan.c ****   */
3367:Drivers/STM32G4xx_HAL_Driver/Src/stm32g4xx_hal_fdcan.c **** 
3368:Drivers/STM32G4xx_HAL_Driver/Src/stm32g4xx_hal_fdcan.c **** /** @defgroup FDCAN_Exported_Functions_Group6 Peripheral State functions
3369:Drivers/STM32G4xx_HAL_Driver/Src/stm32g4xx_hal_fdcan.c ****   *  @brief   FDCAN Peripheral State functions
3370:Drivers/STM32G4xx_HAL_Driver/Src/stm32g4xx_hal_fdcan.c ****   *
3371:Drivers/STM32G4xx_HAL_Driver/Src/stm32g4xx_hal_fdcan.c **** @verbatim
3372:Drivers/STM32G4xx_HAL_Driver/Src/stm32g4xx_hal_fdcan.c ****   ==============================================================================
3373:Drivers/STM32G4xx_HAL_Driver/Src/stm32g4xx_hal_fdcan.c ****                       ##### Peripheral State functions #####
3374:Drivers/STM32G4xx_HAL_Driver/Src/stm32g4xx_hal_fdcan.c ****   ==============================================================================
3375:Drivers/STM32G4xx_HAL_Driver/Src/stm32g4xx_hal_fdcan.c ****     [..]
3376:Drivers/STM32G4xx_HAL_Driver/Src/stm32g4xx_hal_fdcan.c ****     This subsection provides functions allowing to :
3377:Drivers/STM32G4xx_HAL_Driver/Src/stm32g4xx_hal_fdcan.c ****       (+) HAL_FDCAN_GetState()  : Return the FDCAN state.
3378:Drivers/STM32G4xx_HAL_Driver/Src/stm32g4xx_hal_fdcan.c ****       (+) HAL_FDCAN_GetError()  : Return the FDCAN error code if any.
3379:Drivers/STM32G4xx_HAL_Driver/Src/stm32g4xx_hal_fdcan.c **** 
3380:Drivers/STM32G4xx_HAL_Driver/Src/stm32g4xx_hal_fdcan.c **** @endverbatim
3381:Drivers/STM32G4xx_HAL_Driver/Src/stm32g4xx_hal_fdcan.c ****   * @{
ARM GAS   			page 74


3382:Drivers/STM32G4xx_HAL_Driver/Src/stm32g4xx_hal_fdcan.c ****   */
3383:Drivers/STM32G4xx_HAL_Driver/Src/stm32g4xx_hal_fdcan.c **** /**
3384:Drivers/STM32G4xx_HAL_Driver/Src/stm32g4xx_hal_fdcan.c ****   * @brief  Return the FDCAN state
3385:Drivers/STM32G4xx_HAL_Driver/Src/stm32g4xx_hal_fdcan.c ****   * @param  hfdcan pointer to an FDCAN_HandleTypeDef structure that contains
3386:Drivers/STM32G4xx_HAL_Driver/Src/stm32g4xx_hal_fdcan.c ****   *         the configuration information for the specified FDCAN.
3387:Drivers/STM32G4xx_HAL_Driver/Src/stm32g4xx_hal_fdcan.c ****   * @retval HAL state
3388:Drivers/STM32G4xx_HAL_Driver/Src/stm32g4xx_hal_fdcan.c ****   */
3389:Drivers/STM32G4xx_HAL_Driver/Src/stm32g4xx_hal_fdcan.c **** HAL_FDCAN_StateTypeDef HAL_FDCAN_GetState(const FDCAN_HandleTypeDef *hfdcan)
3390:Drivers/STM32G4xx_HAL_Driver/Src/stm32g4xx_hal_fdcan.c **** {
3391:Drivers/STM32G4xx_HAL_Driver/Src/stm32g4xx_hal_fdcan.c ****   /* Return FDCAN state */
3392:Drivers/STM32G4xx_HAL_Driver/Src/stm32g4xx_hal_fdcan.c ****   return hfdcan->State;
3393:Drivers/STM32G4xx_HAL_Driver/Src/stm32g4xx_hal_fdcan.c **** }
3394:Drivers/STM32G4xx_HAL_Driver/Src/stm32g4xx_hal_fdcan.c **** 
3395:Drivers/STM32G4xx_HAL_Driver/Src/stm32g4xx_hal_fdcan.c **** /**
3396:Drivers/STM32G4xx_HAL_Driver/Src/stm32g4xx_hal_fdcan.c ****   * @brief  Return the FDCAN error code
3397:Drivers/STM32G4xx_HAL_Driver/Src/stm32g4xx_hal_fdcan.c ****   * @param  hfdcan pointer to an FDCAN_HandleTypeDef structure that contains
3398:Drivers/STM32G4xx_HAL_Driver/Src/stm32g4xx_hal_fdcan.c ****   *         the configuration information for the specified FDCAN.
3399:Drivers/STM32G4xx_HAL_Driver/Src/stm32g4xx_hal_fdcan.c ****   * @retval FDCAN Error Code
3400:Drivers/STM32G4xx_HAL_Driver/Src/stm32g4xx_hal_fdcan.c ****   */
3401:Drivers/STM32G4xx_HAL_Driver/Src/stm32g4xx_hal_fdcan.c **** uint32_t HAL_FDCAN_GetError(const FDCAN_HandleTypeDef *hfdcan)
3402:Drivers/STM32G4xx_HAL_Driver/Src/stm32g4xx_hal_fdcan.c **** {
3403:Drivers/STM32G4xx_HAL_Driver/Src/stm32g4xx_hal_fdcan.c ****   /* Return FDCAN error code */
3404:Drivers/STM32G4xx_HAL_Driver/Src/stm32g4xx_hal_fdcan.c ****   return hfdcan->ErrorCode;
3405:Drivers/STM32G4xx_HAL_Driver/Src/stm32g4xx_hal_fdcan.c **** }
3406:Drivers/STM32G4xx_HAL_Driver/Src/stm32g4xx_hal_fdcan.c **** 
3407:Drivers/STM32G4xx_HAL_Driver/Src/stm32g4xx_hal_fdcan.c **** /**
3408:Drivers/STM32G4xx_HAL_Driver/Src/stm32g4xx_hal_fdcan.c ****   * @}
3409:Drivers/STM32G4xx_HAL_Driver/Src/stm32g4xx_hal_fdcan.c ****   */
3410:Drivers/STM32G4xx_HAL_Driver/Src/stm32g4xx_hal_fdcan.c **** 
3411:Drivers/STM32G4xx_HAL_Driver/Src/stm32g4xx_hal_fdcan.c **** /**
3412:Drivers/STM32G4xx_HAL_Driver/Src/stm32g4xx_hal_fdcan.c ****   * @}
3413:Drivers/STM32G4xx_HAL_Driver/Src/stm32g4xx_hal_fdcan.c ****   */
3414:Drivers/STM32G4xx_HAL_Driver/Src/stm32g4xx_hal_fdcan.c **** 
3415:Drivers/STM32G4xx_HAL_Driver/Src/stm32g4xx_hal_fdcan.c **** /** @defgroup FDCAN_Private_Functions FDCAN Private Functions
3416:Drivers/STM32G4xx_HAL_Driver/Src/stm32g4xx_hal_fdcan.c ****   * @{
3417:Drivers/STM32G4xx_HAL_Driver/Src/stm32g4xx_hal_fdcan.c ****   */
3418:Drivers/STM32G4xx_HAL_Driver/Src/stm32g4xx_hal_fdcan.c **** 
3419:Drivers/STM32G4xx_HAL_Driver/Src/stm32g4xx_hal_fdcan.c **** /**
3420:Drivers/STM32G4xx_HAL_Driver/Src/stm32g4xx_hal_fdcan.c ****   * @brief  Calculate each RAM block start address and size
3421:Drivers/STM32G4xx_HAL_Driver/Src/stm32g4xx_hal_fdcan.c ****   * @param  hfdcan pointer to an FDCAN_HandleTypeDef structure that contains
3422:Drivers/STM32G4xx_HAL_Driver/Src/stm32g4xx_hal_fdcan.c ****   *         the configuration information for the specified FDCAN.
3423:Drivers/STM32G4xx_HAL_Driver/Src/stm32g4xx_hal_fdcan.c ****   * @retval none
3424:Drivers/STM32G4xx_HAL_Driver/Src/stm32g4xx_hal_fdcan.c ****  */
3425:Drivers/STM32G4xx_HAL_Driver/Src/stm32g4xx_hal_fdcan.c **** static void FDCAN_CalcultateRamBlockAddresses(FDCAN_HandleTypeDef *hfdcan)
3426:Drivers/STM32G4xx_HAL_Driver/Src/stm32g4xx_hal_fdcan.c **** {
3427:Drivers/STM32G4xx_HAL_Driver/Src/stm32g4xx_hal_fdcan.c ****   uint32_t RAMcounter;
3428:Drivers/STM32G4xx_HAL_Driver/Src/stm32g4xx_hal_fdcan.c ****   uint32_t SramCanInstanceBase = SRAMCAN_BASE;
3429:Drivers/STM32G4xx_HAL_Driver/Src/stm32g4xx_hal_fdcan.c **** #if defined(FDCAN2)
3430:Drivers/STM32G4xx_HAL_Driver/Src/stm32g4xx_hal_fdcan.c **** 
3431:Drivers/STM32G4xx_HAL_Driver/Src/stm32g4xx_hal_fdcan.c ****   if (hfdcan->Instance == FDCAN2)
 639              	 .loc 1 3431 6 is_stmt 0 view .LVU181
 640 0192 4849     	 ldr r1,.L62+48
 641              	.LBE5:
 642              	.LBE4:
 512:Drivers/STM32G4xx_HAL_Driver/Src/stm32g4xx_hal_fdcan.c **** 
 643              	 .loc 1 512 3 view .LVU182
 644 0194 0343     	 orrs r3,r3,r0
ARM GAS   			page 75


 645              	.LBB10:
 646              	.LBB6:
 647              	 .loc 1 3431 6 view .LVU183
 648 0196 8A42     	 cmp r2,r1
 649              	.LBE6:
 650              	.LBE10:
 512:Drivers/STM32G4xx_HAL_Driver/Src/stm32g4xx_hal_fdcan.c **** 
 651              	 .loc 1 512 3 view .LVU184
 652 0198 C2F8C030 	 str r3,[r2,#192]
 515:Drivers/STM32G4xx_HAL_Driver/Src/stm32g4xx_hal_fdcan.c **** 
 653              	 .loc 1 515 3 is_stmt 1 view .LVU185
 654              	.LVL16:
 655              	.LBB11:
 656              	.LBI4:
3425:Drivers/STM32G4xx_HAL_Driver/Src/stm32g4xx_hal_fdcan.c **** {
 657              	 .loc 1 3425 13 view .LVU186
 658              	.LBB7:
3427:Drivers/STM32G4xx_HAL_Driver/Src/stm32g4xx_hal_fdcan.c ****   uint32_t SramCanInstanceBase = SRAMCAN_BASE;
 659              	 .loc 1 3427 3 view .LVU187
3428:Drivers/STM32G4xx_HAL_Driver/Src/stm32g4xx_hal_fdcan.c **** #if defined(FDCAN2)
 660              	 .loc 1 3428 3 view .LVU188
 661              	 .loc 1 3431 3 view .LVU189
 662              	 .loc 1 3431 6 is_stmt 0 view .LVU190
 663 019c 63D0     	 beq .L41
3432:Drivers/STM32G4xx_HAL_Driver/Src/stm32g4xx_hal_fdcan.c ****   {
3433:Drivers/STM32G4xx_HAL_Driver/Src/stm32g4xx_hal_fdcan.c ****     SramCanInstanceBase += SRAMCAN_SIZE;
3434:Drivers/STM32G4xx_HAL_Driver/Src/stm32g4xx_hal_fdcan.c ****   }
3435:Drivers/STM32G4xx_HAL_Driver/Src/stm32g4xx_hal_fdcan.c **** #endif /* FDCAN2 */
3436:Drivers/STM32G4xx_HAL_Driver/Src/stm32g4xx_hal_fdcan.c **** #if defined(FDCAN3)
3437:Drivers/STM32G4xx_HAL_Driver/Src/stm32g4xx_hal_fdcan.c ****   if (hfdcan->Instance == FDCAN3)
 664              	 .loc 1 3437 3 is_stmt 1 view .LVU191
 665              	 .loc 1 3437 6 is_stmt 0 view .LVU192
 666 019e 464B     	 ldr r3,.L62+52
 667 01a0 9A42     	 cmp r2,r3
 668 01a2 55D0     	 beq .L42
 669 01a4 01F57D51 	 add r1,r1,#16192
 670 01a8 DFF83C81 	 ldr r8,.L62+100
 671 01ac 434E     	 ldr r6,.L62+56
 672 01ae 444F     	 ldr r7,.L62+60
 673 01b0 DFF838C1 	 ldr ip,.L62+104
 674 01b4 DFF838E1 	 ldr lr,.L62+108
 675 01b8 1031     	 adds r1,r1,#16
 676 01ba 03F56053 	 add r3,r3,#14336
 677              	.L37:
 678              	.LVL17:
3438:Drivers/STM32G4xx_HAL_Driver/Src/stm32g4xx_hal_fdcan.c ****   {
3439:Drivers/STM32G4xx_HAL_Driver/Src/stm32g4xx_hal_fdcan.c ****     SramCanInstanceBase += SRAMCAN_SIZE * 2U;
3440:Drivers/STM32G4xx_HAL_Driver/Src/stm32g4xx_hal_fdcan.c ****   }
3441:Drivers/STM32G4xx_HAL_Driver/Src/stm32g4xx_hal_fdcan.c **** #endif /* FDCAN3 */
3442:Drivers/STM32G4xx_HAL_Driver/Src/stm32g4xx_hal_fdcan.c **** 
3443:Drivers/STM32G4xx_HAL_Driver/Src/stm32g4xx_hal_fdcan.c ****   /* Standard filter list start address */
3444:Drivers/STM32G4xx_HAL_Driver/Src/stm32g4xx_hal_fdcan.c ****   hfdcan->msgRam.StandardFilterSA = SramCanInstanceBase + SRAMCAN_FLSSA;
 679              	 .loc 1 3444 3 is_stmt 1 view .LVU193
3445:Drivers/STM32G4xx_HAL_Driver/Src/stm32g4xx_hal_fdcan.c **** 
3446:Drivers/STM32G4xx_HAL_Driver/Src/stm32g4xx_hal_fdcan.c ****   /* Standard filter elements number */
3447:Drivers/STM32G4xx_HAL_Driver/Src/stm32g4xx_hal_fdcan.c ****   MODIFY_REG(hfdcan->Instance->RXGFC, FDCAN_RXGFC_LSS, (hfdcan->Init.StdFiltersNbr << FDCAN_RXGFC_L
 680              	 .loc 1 3447 3 is_stmt 0 view .LVU194
ARM GAS   			page 76


 681 01be D2F88000 	 ldr r0,[r2,#128]
 682 01c2 656B     	 ldr r5,[r4,#52]
 683              	.LVL18:
3444:Drivers/STM32G4xx_HAL_Driver/Src/stm32g4xx_hal_fdcan.c **** 
 684              	 .loc 1 3444 35 view .LVU195
 685 01c4 2364     	 str r3,[r4,#64]
 686              	 .loc 1 3447 3 is_stmt 1 view .LVU196
 687 01c6 20F4F810 	 bic r0,r0,#2031616
 688 01ca 40EA0540 	 orr r0,r0,r5,lsl#16
 689 01ce C2F88000 	 str r0,[r2,#128]
3448:Drivers/STM32G4xx_HAL_Driver/Src/stm32g4xx_hal_fdcan.c **** 
3449:Drivers/STM32G4xx_HAL_Driver/Src/stm32g4xx_hal_fdcan.c ****   /* Extended filter list start address */
3450:Drivers/STM32G4xx_HAL_Driver/Src/stm32g4xx_hal_fdcan.c ****   hfdcan->msgRam.ExtendedFilterSA = SramCanInstanceBase + SRAMCAN_FLESA;
 690              	 .loc 1 3450 3 view .LVU197
3451:Drivers/STM32G4xx_HAL_Driver/Src/stm32g4xx_hal_fdcan.c **** 
3452:Drivers/STM32G4xx_HAL_Driver/Src/stm32g4xx_hal_fdcan.c ****   /* Extended filter elements number */
3453:Drivers/STM32G4xx_HAL_Driver/Src/stm32g4xx_hal_fdcan.c ****   MODIFY_REG(hfdcan->Instance->RXGFC, FDCAN_RXGFC_LSE, (hfdcan->Init.ExtFiltersNbr << FDCAN_RXGFC_L
 691              	 .loc 1 3453 3 is_stmt 0 view .LVU198
 692 01d2 D2F88000 	 ldr r0,[r2,#128]
 693 01d6 A56B     	 ldr r5,[r4,#56]
3450:Drivers/STM32G4xx_HAL_Driver/Src/stm32g4xx_hal_fdcan.c **** 
 694              	 .loc 1 3450 35 view .LVU199
 695 01d8 C4F844E0 	 str lr,[r4,#68]
 696              	 .loc 1 3453 3 is_stmt 1 view .LVU200
 697 01dc 20F07060 	 bic r0,r0,#251658240
 698 01e0 40EA0560 	 orr r0,r0,r5,lsl#24
 699 01e4 C2F88000 	 str r0,[r2,#128]
3454:Drivers/STM32G4xx_HAL_Driver/Src/stm32g4xx_hal_fdcan.c **** 
3455:Drivers/STM32G4xx_HAL_Driver/Src/stm32g4xx_hal_fdcan.c ****   /* Rx FIFO 0 start address */
3456:Drivers/STM32G4xx_HAL_Driver/Src/stm32g4xx_hal_fdcan.c ****   hfdcan->msgRam.RxFIFO0SA = SramCanInstanceBase + SRAMCAN_RF0SA;
 700              	 .loc 1 3456 3 view .LVU201
 701 01e8 581C     	 adds r0,r3,#1
 702 01ea 4A1E     	 subs r2,r1,#1
 703 01ec 8842     	 cmp r0,r1
 704 01ee A2EB0302 	 sub r2,r2,r3
3457:Drivers/STM32G4xx_HAL_Driver/Src/stm32g4xx_hal_fdcan.c **** 
3458:Drivers/STM32G4xx_HAL_Driver/Src/stm32g4xx_hal_fdcan.c ****   /* Rx FIFO 1 start address */
3459:Drivers/STM32G4xx_HAL_Driver/Src/stm32g4xx_hal_fdcan.c ****   hfdcan->msgRam.RxFIFO1SA = SramCanInstanceBase + SRAMCAN_RF1SA;
 705              	 .loc 1 3459 28 is_stmt 0 view .LVU202
 706 01f2 C4E912C7 	 strd ip,r7,[r4,#72]
3460:Drivers/STM32G4xx_HAL_Driver/Src/stm32g4xx_hal_fdcan.c **** 
3461:Drivers/STM32G4xx_HAL_Driver/Src/stm32g4xx_hal_fdcan.c ****   /* Tx event FIFO start address */
3462:Drivers/STM32G4xx_HAL_Driver/Src/stm32g4xx_hal_fdcan.c ****   hfdcan->msgRam.TxEventFIFOSA = SramCanInstanceBase + SRAMCAN_TEFSA;
 707              	 .loc 1 3462 3 is_stmt 1 view .LVU203
 708              	 .loc 1 3462 32 is_stmt 0 view .LVU204
 709 01f6 2665     	 str r6,[r4,#80]
3463:Drivers/STM32G4xx_HAL_Driver/Src/stm32g4xx_hal_fdcan.c **** 
3464:Drivers/STM32G4xx_HAL_Driver/Src/stm32g4xx_hal_fdcan.c ****   /* Tx FIFO/queue start address */
3465:Drivers/STM32G4xx_HAL_Driver/Src/stm32g4xx_hal_fdcan.c ****   hfdcan->msgRam.TxFIFOQSA = SramCanInstanceBase + SRAMCAN_TFQSA;
 710              	 .loc 1 3465 3 is_stmt 1 view .LVU205
 711              	 .loc 1 3465 28 is_stmt 0 view .LVU206
 712 01f8 C4F85480 	 str r8,[r4,#84]
3466:Drivers/STM32G4xx_HAL_Driver/Src/stm32g4xx_hal_fdcan.c **** 
3467:Drivers/STM32G4xx_HAL_Driver/Src/stm32g4xx_hal_fdcan.c ****   /* Flush the allocated Message RAM area */
3468:Drivers/STM32G4xx_HAL_Driver/Src/stm32g4xx_hal_fdcan.c ****   for (RAMcounter = SramCanInstanceBase; RAMcounter < (SramCanInstanceBase + SRAMCAN_SIZE); RAMcoun
 713              	 .loc 1 3468 3 is_stmt 1 view .LVU207
 714              	.LVL19:
ARM GAS   			page 77


 715              	 .loc 1 3468 53 discriminator 1 view .LVU208
3469:Drivers/STM32G4xx_HAL_Driver/Src/stm32g4xx_hal_fdcan.c ****   {
3470:Drivers/STM32G4xx_HAL_Driver/Src/stm32g4xx_hal_fdcan.c ****     *(uint32_t *)(RAMcounter) = 0x00000000U;
 716              	 .loc 1 3470 31 is_stmt 0 view .LVU209
 717 01fc 88BF     	 it hi
 718 01fe 0022     	 movhi r2,#0
 719 0200 12D8     	 bhi .L38
 720 0202 9208     	 lsrs r2,r2,#2
 721 0204 0132     	 adds r2,r2,#1
 722 0206 5208     	 lsrs r2,r2,#1
 723 0208 03EBC202 	 add r2,r3,r2,lsl#3
 724 020c 0020     	 movs r0,#0
 725 020e 0021     	 movs r1,#0
 726              	.LVL20:
 727              	.L39:
 728              	 .loc 1 3470 5 is_stmt 1 view .LVU210
 729              	 .loc 1 3470 31 is_stmt 0 view .LVU211
 730 0210 E3E80201 	 strd r0,[r3],#8
3468:Drivers/STM32G4xx_HAL_Driver/Src/stm32g4xx_hal_fdcan.c ****   {
 731              	 .loc 1 3468 104 is_stmt 1 discriminator 3 view .LVU212
3468:Drivers/STM32G4xx_HAL_Driver/Src/stm32g4xx_hal_fdcan.c ****   {
 732              	 .loc 1 3468 53 discriminator 1 view .LVU213
 733 0214 9A42     	 cmp r2,r3
 734 0216 FBD1     	 bne .L39
 735              	.L40:
 736              	.LVL21:
3468:Drivers/STM32G4xx_HAL_Driver/Src/stm32g4xx_hal_fdcan.c ****   {
 737              	 .loc 1 3468 53 is_stmt 0 discriminator 1 view .LVU214
 738              	.LBE7:
 739              	.LBE11:
 518:Drivers/STM32G4xx_HAL_Driver/Src/stm32g4xx_hal_fdcan.c **** 
 740              	 .loc 1 518 3 is_stmt 1 view .LVU215
 518:Drivers/STM32G4xx_HAL_Driver/Src/stm32g4xx_hal_fdcan.c **** 
 741              	 .loc 1 518 32 is_stmt 0 view .LVU216
 742 0218 0020     	 movs r0,#0
 524:Drivers/STM32G4xx_HAL_Driver/Src/stm32g4xx_hal_fdcan.c **** 
 743              	 .loc 1 524 17 view .LVU217
 744 021a 0123     	 movs r3,#1
 521:Drivers/STM32G4xx_HAL_Driver/Src/stm32g4xx_hal_fdcan.c **** 
 745              	 .loc 1 521 21 view .LVU218
 746 021c 2066     	 str r0,[r4,#96]
 524:Drivers/STM32G4xx_HAL_Driver/Src/stm32g4xx_hal_fdcan.c **** 
 747              	 .loc 1 524 17 view .LVU219
 748 021e 84F85C30 	 strb r3,[r4,#92]
 518:Drivers/STM32G4xx_HAL_Driver/Src/stm32g4xx_hal_fdcan.c **** 
 749              	 .loc 1 518 32 view .LVU220
 750 0222 A065     	 str r0,[r4,#88]
 521:Drivers/STM32G4xx_HAL_Driver/Src/stm32g4xx_hal_fdcan.c **** 
 751              	 .loc 1 521 3 is_stmt 1 view .LVU221
 524:Drivers/STM32G4xx_HAL_Driver/Src/stm32g4xx_hal_fdcan.c **** 
 752              	 .loc 1 524 3 view .LVU222
 527:Drivers/STM32G4xx_HAL_Driver/Src/stm32g4xx_hal_fdcan.c **** }
 753              	 .loc 1 527 3 view .LVU223
 528:Drivers/STM32G4xx_HAL_Driver/Src/stm32g4xx_hal_fdcan.c **** 
 754              	 .loc 1 528 1 is_stmt 0 view .LVU224
 755 0224 BDE8F081 	 pop {r4,r5,r6,r7,r8,pc}
 756              	.LVL22:
ARM GAS   			page 78


 757              	.L38:
 758              	.LBB12:
 759              	.LBB8:
 760              	 .loc 1 3470 5 is_stmt 1 view .LVU225
 761              	 .loc 1 3470 31 is_stmt 0 view .LVU226
 762 0228 43F8042B 	 str r2,[r3],#4
 763              	.LVL23:
3468:Drivers/STM32G4xx_HAL_Driver/Src/stm32g4xx_hal_fdcan.c ****   {
 764              	 .loc 1 3468 104 is_stmt 1 discriminator 3 view .LVU227
3468:Drivers/STM32G4xx_HAL_Driver/Src/stm32g4xx_hal_fdcan.c ****   {
 765              	 .loc 1 3468 53 discriminator 1 view .LVU228
 766 022c 8B42     	 cmp r3,r1
 767 022e F3D2     	 bcs .L40
 768              	 .loc 1 3470 5 view .LVU229
 769              	 .loc 1 3470 31 is_stmt 0 view .LVU230
 770 0230 43F8042B 	 str r2,[r3],#4
 771              	.LVL24:
3468:Drivers/STM32G4xx_HAL_Driver/Src/stm32g4xx_hal_fdcan.c ****   {
 772              	 .loc 1 3468 104 is_stmt 1 discriminator 3 view .LVU231
3468:Drivers/STM32G4xx_HAL_Driver/Src/stm32g4xx_hal_fdcan.c ****   {
 773              	 .loc 1 3468 53 discriminator 1 view .LVU232
 774 0234 8B42     	 cmp r3,r1
 775 0236 F7D3     	 bcc .L38
 776 0238 EEE7     	 b .L40
 777              	.LVL25:
 778              	.L59:
3468:Drivers/STM32G4xx_HAL_Driver/Src/stm32g4xx_hal_fdcan.c ****   {
 779              	 .loc 1 3468 53 is_stmt 0 discriminator 1 view .LVU233
 780              	.LBE8:
 781              	.LBE12:
 417:Drivers/STM32G4xx_HAL_Driver/Src/stm32g4xx_hal_fdcan.c ****   }
 782              	 .loc 1 417 5 is_stmt 1 view .LVU234
 417:Drivers/STM32G4xx_HAL_Driver/Src/stm32g4xx_hal_fdcan.c ****   }
 783              	 .loc 1 417 25 is_stmt 0 view .LVU235
 784 023a 224B     	 ldr r3,.L62+64
 417:Drivers/STM32G4xx_HAL_Driver/Src/stm32g4xx_hal_fdcan.c ****   }
 785              	 .loc 1 417 39 view .LVU236
 786 023c 6168     	 ldr r1,[r4,#4]
 417:Drivers/STM32G4xx_HAL_Driver/Src/stm32g4xx_hal_fdcan.c ****   }
 787              	 .loc 1 417 25 view .LVU237
 788 023e C3F80015 	 str r1,[r3,#1280]
 789 0242 14E7     	 b .L24
 790              	.LVL26:
 791              	.L61:
 350:Drivers/STM32G4xx_HAL_Driver/Src/stm32g4xx_hal_fdcan.c ****     }
 792              	 .loc 1 350 7 is_stmt 1 view .LVU238
 350:Drivers/STM32G4xx_HAL_Driver/Src/stm32g4xx_hal_fdcan.c ****     }
 793              	 .loc 1 350 31 is_stmt 0 view .LVU239
 794 0244 204B     	 ldr r3,.L62+68
 795 0246 C4F89030 	 str r3,[r4,#144]
 796 024a 77E7     	 b .L18
 797              	.LVL27:
 798              	.L53:
 799              	 .cfi_def_cfa_offset 0
 800              	 .cfi_restore 4
 801              	 .cfi_restore 5
 802              	 .cfi_restore 6
ARM GAS   			page 79


 803              	 .cfi_restore 7
 804              	 .cfi_restore 8
 805              	 .cfi_restore 14
 300:Drivers/STM32G4xx_HAL_Driver/Src/stm32g4xx_hal_fdcan.c ****   }
 806              	 .loc 1 300 12 view .LVU240
 807 024c 0120     	 movs r0,#1
 808              	.LVL28:
 528:Drivers/STM32G4xx_HAL_Driver/Src/stm32g4xx_hal_fdcan.c **** 
 809              	 .loc 1 528 1 view .LVU241
 810 024e 7047     	 bx lr
 811              	.LVL29:
 812              	.L42:
 813              	 .cfi_def_cfa_offset 24
 814              	 .cfi_offset 4,-24
 815              	 .cfi_offset 5,-20
 816              	 .cfi_offset 6,-16
 817              	 .cfi_offset 7,-12
 818              	 .cfi_offset 8,-8
 819              	 .cfi_offset 14,-4
 820              	.LBB13:
 821              	.LBB9:
 528:Drivers/STM32G4xx_HAL_Driver/Src/stm32g4xx_hal_fdcan.c **** 
 822              	 .loc 1 528 1 view .LVU242
 823 0250 1E49     	 ldr r1,.L62+72
 824 0252 DFF8A080 	 ldr r8,.L62+112
 825 0256 1E4E     	 ldr r6,.L62+76
 826 0258 1E4F     	 ldr r7,.L62+80
 827 025a DFF89CC0 	 ldr ip,.L62+116
 828 025e DFF89CE0 	 ldr lr,.L62+120
3439:Drivers/STM32G4xx_HAL_Driver/Src/stm32g4xx_hal_fdcan.c ****   }
 829              	 .loc 1 3439 25 view .LVU243
 830 0262 1D4B     	 ldr r3,.L62+84
 831 0264 ABE7     	 b .L37
 832              	.L41:
 833 0266 1C49     	 ldr r1,.L62+84
 834 0268 DFF89480 	 ldr r8,.L62+124
 835 026c 1B4E     	 ldr r6,.L62+88
 836 026e 1C4F     	 ldr r7,.L62+92
 837 0270 DFF890C0 	 ldr ip,.L62+128
 838 0274 DFF890E0 	 ldr lr,.L62+132
3433:Drivers/STM32G4xx_HAL_Driver/Src/stm32g4xx_hal_fdcan.c ****   }
 839              	 .loc 1 3433 25 view .LVU244
 840 0278 1A4B     	 ldr r3,.L62+96
 841 027a A0E7     	 b .L37
 842              	.LVL30:
 843              	.L34:
3433:Drivers/STM32G4xx_HAL_Driver/Src/stm32g4xx_hal_fdcan.c ****   }
 844              	 .loc 1 3433 25 view .LVU245
 845              	.LBE9:
 846              	.LBE13:
 488:Drivers/STM32G4xx_HAL_Driver/Src/stm32g4xx_hal_fdcan.c ****     }
 847              	 .loc 1 488 7 is_stmt 1 view .LVU246
 848 027c 43F02003 	 orr r3,r3,#32
 849 0280 9361     	 str r3,[r2,#24]
 850 0282 62E7     	 b .L32
 851              	.L63:
 852              	 .align 2
ARM GAS   			page 80


 853              	.L62:
 854 0284 00640040 	 .word 1073767424
 855 0288 00000000 	 .word HAL_FDCAN_RxFifo0Callback
 856 028c 00000000 	 .word HAL_FDCAN_RxFifo1Callback
 857 0290 00000000 	 .word HAL_FDCAN_TxEventFifoCallback
 858 0294 00000000 	 .word HAL_FDCAN_TxFifoEmptyCallback
 859 0298 00000000 	 .word HAL_FDCAN_TxBufferCompleteCallback
 860 029c 00000000 	 .word HAL_FDCAN_TxBufferAbortCallback
 861 02a0 00000000 	 .word HAL_FDCAN_HighPriorityMessageCallback
 862 02a4 00000000 	 .word HAL_FDCAN_TimestampWraparoundCallback
 863 02a8 00000000 	 .word HAL_FDCAN_TimeoutOccurredCallback
 864 02ac 00000000 	 .word HAL_FDCAN_ErrorCallback
 865 02b0 00000000 	 .word HAL_FDCAN_ErrorStatusCallback
 866 02b4 00680040 	 .word 1073768448
 867 02b8 006C0040 	 .word 1073769472
 868 02bc 60A60040 	 .word 1073784416
 869 02c0 88A50040 	 .word 1073784200
 870 02c4 00600040 	 .word 1073766400
 871 02c8 00000000 	 .word HAL_FDCAN_MspInit
 872 02cc F0AD0040 	 .word 1073786352
 873 02d0 00AD0040 	 .word 1073786112
 874 02d4 28AC0040 	 .word 1073785896
 875 02d8 A0AA0040 	 .word 1073785504
 876 02dc B0A90040 	 .word 1073785264
 877 02e0 D8A80040 	 .word 1073785048
 878 02e4 50A70040 	 .word 1073784656
 879 02e8 78A60040 	 .word 1073784440
 880 02ec B0A40040 	 .word 1073783984
 881 02f0 70A40040 	 .word 1073783920
 882 02f4 18AD0040 	 .word 1073786136
 883 02f8 50AB0040 	 .word 1073785680
 884 02fc 10AB0040 	 .word 1073785616
 885 0300 C8A90040 	 .word 1073785288
 886 0304 00A80040 	 .word 1073784832
 887 0308 C0A70040 	 .word 1073784768
 888              	 .cfi_endproc
 889              	.LFE361:
 891              	 .section .text.HAL_FDCAN_DeInit,"ax",%progbits
 892              	 .align 1
 893              	 .p2align 2,,3
 894              	 .global HAL_FDCAN_DeInit
 895              	 .syntax unified
 896              	 .thumb
 897              	 .thumb_func
 899              	HAL_FDCAN_DeInit:
 900              	.LVL31:
 901              	.LFB362:
 537:Drivers/STM32G4xx_HAL_Driver/Src/stm32g4xx_hal_fdcan.c ****   /* Check FDCAN handle */
 902              	 .loc 1 537 1 view-0
 903              	 .cfi_startproc
 904              	 
 905              	 
 539:Drivers/STM32G4xx_HAL_Driver/Src/stm32g4xx_hal_fdcan.c ****   {
 906              	 .loc 1 539 3 view .LVU248
 539:Drivers/STM32G4xx_HAL_Driver/Src/stm32g4xx_hal_fdcan.c ****   {
 907              	 .loc 1 539 6 is_stmt 0 view .LVU249
 908 0000 0028     	 cmp r0,#0
ARM GAS   			page 81


 909 0002 49D0     	 beq .L75
 545:Drivers/STM32G4xx_HAL_Driver/Src/stm32g4xx_hal_fdcan.c **** 
 910              	 .loc 1 545 3 is_stmt 1 view .LVU250
 548:Drivers/STM32G4xx_HAL_Driver/Src/stm32g4xx_hal_fdcan.c **** 
 911              	 .loc 1 548 3 view .LVU251
 912              	.LVL32:
 913              	.LBB16:
 914              	.LBI16:
2025:Drivers/STM32G4xx_HAL_Driver/Src/stm32g4xx_hal_fdcan.c **** {
 915              	 .loc 1 2025 19 view .LVU252
 916              	.LBB17:
2027:Drivers/STM32G4xx_HAL_Driver/Src/stm32g4xx_hal_fdcan.c **** 
 917              	 .loc 1 2027 3 view .LVU253
2029:Drivers/STM32G4xx_HAL_Driver/Src/stm32g4xx_hal_fdcan.c ****   {
 918              	 .loc 1 2029 3 view .LVU254
 919              	.LBE17:
 920              	.LBE16:
 537:Drivers/STM32G4xx_HAL_Driver/Src/stm32g4xx_hal_fdcan.c ****   /* Check FDCAN handle */
 921              	 .loc 1 537 1 is_stmt 0 view .LVU255
 922 0004 10B5     	 push {r4,lr}
 923              	 .cfi_def_cfa_offset 8
 924              	 .cfi_offset 4,-8
 925              	 .cfi_offset 14,-4
 926              	.LBB20:
 927              	.LBB18:
2029:Drivers/STM32G4xx_HAL_Driver/Src/stm32g4xx_hal_fdcan.c ****   {
 928              	 .loc 1 2029 13 view .LVU256
 929 0006 90F85C20 	 ldrb r2,[r0,#92]
2032:Drivers/STM32G4xx_HAL_Driver/Src/stm32g4xx_hal_fdcan.c **** 
 930              	 .loc 1 2032 5 view .LVU257
 931 000a 0368     	 ldr r3,[r0]
2029:Drivers/STM32G4xx_HAL_Driver/Src/stm32g4xx_hal_fdcan.c ****   {
 932              	 .loc 1 2029 6 view .LVU258
 933 000c 022A     	 cmp r2,#2
 934 000e 0446     	 mov r4,r0
 935 0010 2FD1     	 bne .L66
2032:Drivers/STM32G4xx_HAL_Driver/Src/stm32g4xx_hal_fdcan.c **** 
 936              	 .loc 1 2032 5 is_stmt 1 view .LVU259
 937 0012 9A69     	 ldr r2,[r3,#24]
 938 0014 42F00102 	 orr r2,r2,#1
 939 0018 9A61     	 str r2,[r3,#24]
2035:Drivers/STM32G4xx_HAL_Driver/Src/stm32g4xx_hal_fdcan.c ****     {
 940              	 .loc 1 2035 5 view .LVU260
2035:Drivers/STM32G4xx_HAL_Driver/Src/stm32g4xx_hal_fdcan.c ****     {
 941              	 .loc 1 2035 55 view .LVU261
2035:Drivers/STM32G4xx_HAL_Driver/Src/stm32g4xx_hal_fdcan.c ****     {
 942              	 .loc 1 2035 29 is_stmt 0 view .LVU262
 943 001a 9A69     	 ldr r2,[r3,#24]
2035:Drivers/STM32G4xx_HAL_Driver/Src/stm32g4xx_hal_fdcan.c ****     {
 944              	 .loc 1 2035 55 view .LVU263
 945 001c D007     	 lsls r0,r2,#31
 946              	.LVL33:
2035:Drivers/STM32G4xx_HAL_Driver/Src/stm32g4xx_hal_fdcan.c ****     {
 947              	 .loc 1 2035 55 view .LVU264
 948 001e 41D4     	 bmi .L68
 949              	.LVL34:
2050:Drivers/STM32G4xx_HAL_Driver/Src/stm32g4xx_hal_fdcan.c ****     }
ARM GAS   			page 82


 950              	 .loc 1 2050 7 is_stmt 1 view .LVU265
2035:Drivers/STM32G4xx_HAL_Driver/Src/stm32g4xx_hal_fdcan.c ****     {
 951              	 .loc 1 2035 55 view .LVU266
2035:Drivers/STM32G4xx_HAL_Driver/Src/stm32g4xx_hal_fdcan.c ****     {
 952              	 .loc 1 2035 29 is_stmt 0 view .LVU267
 953 0020 9A69     	 ldr r2,[r3,#24]
2035:Drivers/STM32G4xx_HAL_Driver/Src/stm32g4xx_hal_fdcan.c ****     {
 954              	 .loc 1 2035 55 view .LVU268
 955 0022 D107     	 lsls r1,r2,#31
 956 0024 3ED4     	 bmi .L68
2038:Drivers/STM32G4xx_HAL_Driver/Src/stm32g4xx_hal_fdcan.c ****       {
 957              	 .loc 1 2038 7 is_stmt 1 view .LVU269
2050:Drivers/STM32G4xx_HAL_Driver/Src/stm32g4xx_hal_fdcan.c ****     }
 958              	 .loc 1 2050 7 view .LVU270
2035:Drivers/STM32G4xx_HAL_Driver/Src/stm32g4xx_hal_fdcan.c ****     {
 959              	 .loc 1 2035 55 view .LVU271
2035:Drivers/STM32G4xx_HAL_Driver/Src/stm32g4xx_hal_fdcan.c ****     {
 960              	 .loc 1 2035 29 is_stmt 0 view .LVU272
 961 0026 9A69     	 ldr r2,[r3,#24]
2035:Drivers/STM32G4xx_HAL_Driver/Src/stm32g4xx_hal_fdcan.c ****     {
 962              	 .loc 1 2035 55 view .LVU273
 963 0028 D207     	 lsls r2,r2,#31
 964 002a 3BD4     	 bmi .L68
2038:Drivers/STM32G4xx_HAL_Driver/Src/stm32g4xx_hal_fdcan.c ****       {
 965              	 .loc 1 2038 7 is_stmt 1 view .LVU274
2050:Drivers/STM32G4xx_HAL_Driver/Src/stm32g4xx_hal_fdcan.c ****     }
 966              	 .loc 1 2050 7 view .LVU275
2035:Drivers/STM32G4xx_HAL_Driver/Src/stm32g4xx_hal_fdcan.c ****     {
 967              	 .loc 1 2035 55 view .LVU276
2035:Drivers/STM32G4xx_HAL_Driver/Src/stm32g4xx_hal_fdcan.c ****     {
 968              	 .loc 1 2035 29 is_stmt 0 view .LVU277
 969 002c 9A69     	 ldr r2,[r3,#24]
2035:Drivers/STM32G4xx_HAL_Driver/Src/stm32g4xx_hal_fdcan.c ****     {
 970              	 .loc 1 2035 55 view .LVU278
 971 002e D007     	 lsls r0,r2,#31
 972 0030 38D4     	 bmi .L68
2038:Drivers/STM32G4xx_HAL_Driver/Src/stm32g4xx_hal_fdcan.c ****       {
 973              	 .loc 1 2038 7 is_stmt 1 view .LVU279
2050:Drivers/STM32G4xx_HAL_Driver/Src/stm32g4xx_hal_fdcan.c ****     }
 974              	 .loc 1 2050 7 view .LVU280
2035:Drivers/STM32G4xx_HAL_Driver/Src/stm32g4xx_hal_fdcan.c ****     {
 975              	 .loc 1 2035 55 view .LVU281
2035:Drivers/STM32G4xx_HAL_Driver/Src/stm32g4xx_hal_fdcan.c ****     {
 976              	 .loc 1 2035 29 is_stmt 0 view .LVU282
 977 0032 9A69     	 ldr r2,[r3,#24]
2035:Drivers/STM32G4xx_HAL_Driver/Src/stm32g4xx_hal_fdcan.c ****     {
 978              	 .loc 1 2035 55 view .LVU283
 979 0034 D107     	 lsls r1,r2,#31
 980 0036 35D4     	 bmi .L68
2038:Drivers/STM32G4xx_HAL_Driver/Src/stm32g4xx_hal_fdcan.c ****       {
 981              	 .loc 1 2038 7 is_stmt 1 view .LVU284
2050:Drivers/STM32G4xx_HAL_Driver/Src/stm32g4xx_hal_fdcan.c ****     }
 982              	 .loc 1 2050 7 view .LVU285
2035:Drivers/STM32G4xx_HAL_Driver/Src/stm32g4xx_hal_fdcan.c ****     {
 983              	 .loc 1 2035 55 view .LVU286
2035:Drivers/STM32G4xx_HAL_Driver/Src/stm32g4xx_hal_fdcan.c ****     {
 984              	 .loc 1 2035 29 is_stmt 0 view .LVU287
ARM GAS   			page 83


 985 0038 9A69     	 ldr r2,[r3,#24]
2035:Drivers/STM32G4xx_HAL_Driver/Src/stm32g4xx_hal_fdcan.c ****     {
 986              	 .loc 1 2035 55 view .LVU288
 987 003a D207     	 lsls r2,r2,#31
 988 003c 32D4     	 bmi .L68
2038:Drivers/STM32G4xx_HAL_Driver/Src/stm32g4xx_hal_fdcan.c ****       {
 989              	 .loc 1 2038 7 is_stmt 1 view .LVU289
2050:Drivers/STM32G4xx_HAL_Driver/Src/stm32g4xx_hal_fdcan.c ****     }
 990              	 .loc 1 2050 7 view .LVU290
2035:Drivers/STM32G4xx_HAL_Driver/Src/stm32g4xx_hal_fdcan.c ****     {
 991              	 .loc 1 2035 55 view .LVU291
2035:Drivers/STM32G4xx_HAL_Driver/Src/stm32g4xx_hal_fdcan.c ****     {
 992              	 .loc 1 2035 29 is_stmt 0 view .LVU292
 993 003e 9A69     	 ldr r2,[r3,#24]
2035:Drivers/STM32G4xx_HAL_Driver/Src/stm32g4xx_hal_fdcan.c ****     {
 994              	 .loc 1 2035 55 view .LVU293
 995 0040 D007     	 lsls r0,r2,#31
 996 0042 2FD4     	 bmi .L68
2038:Drivers/STM32G4xx_HAL_Driver/Src/stm32g4xx_hal_fdcan.c ****       {
 997              	 .loc 1 2038 7 is_stmt 1 view .LVU294
2050:Drivers/STM32G4xx_HAL_Driver/Src/stm32g4xx_hal_fdcan.c ****     }
 998              	 .loc 1 2050 7 view .LVU295
2035:Drivers/STM32G4xx_HAL_Driver/Src/stm32g4xx_hal_fdcan.c ****     {
 999              	 .loc 1 2035 55 view .LVU296
2035:Drivers/STM32G4xx_HAL_Driver/Src/stm32g4xx_hal_fdcan.c ****     {
 1000              	 .loc 1 2035 29 is_stmt 0 view .LVU297
 1001 0044 9A69     	 ldr r2,[r3,#24]
2035:Drivers/STM32G4xx_HAL_Driver/Src/stm32g4xx_hal_fdcan.c ****     {
 1002              	 .loc 1 2035 55 view .LVU298
 1003 0046 D107     	 lsls r1,r2,#31
 1004 0048 2CD4     	 bmi .L68
2038:Drivers/STM32G4xx_HAL_Driver/Src/stm32g4xx_hal_fdcan.c ****       {
 1005              	 .loc 1 2038 7 is_stmt 1 view .LVU299
2050:Drivers/STM32G4xx_HAL_Driver/Src/stm32g4xx_hal_fdcan.c ****     }
 1006              	 .loc 1 2050 7 view .LVU300
2035:Drivers/STM32G4xx_HAL_Driver/Src/stm32g4xx_hal_fdcan.c ****     {
 1007              	 .loc 1 2035 55 view .LVU301
2035:Drivers/STM32G4xx_HAL_Driver/Src/stm32g4xx_hal_fdcan.c ****     {
 1008              	 .loc 1 2035 29 is_stmt 0 view .LVU302
 1009 004a 9A69     	 ldr r2,[r3,#24]
2035:Drivers/STM32G4xx_HAL_Driver/Src/stm32g4xx_hal_fdcan.c ****     {
 1010              	 .loc 1 2035 55 view .LVU303
 1011 004c D207     	 lsls r2,r2,#31
 1012 004e 29D4     	 bmi .L68
2038:Drivers/STM32G4xx_HAL_Driver/Src/stm32g4xx_hal_fdcan.c ****       {
 1013              	 .loc 1 2038 7 is_stmt 1 view .LVU304
2050:Drivers/STM32G4xx_HAL_Driver/Src/stm32g4xx_hal_fdcan.c ****     }
 1014              	 .loc 1 2050 7 view .LVU305
2035:Drivers/STM32G4xx_HAL_Driver/Src/stm32g4xx_hal_fdcan.c ****     {
 1015              	 .loc 1 2035 55 view .LVU306
2035:Drivers/STM32G4xx_HAL_Driver/Src/stm32g4xx_hal_fdcan.c ****     {
 1016              	 .loc 1 2035 29 is_stmt 0 view .LVU307
 1017 0050 9A69     	 ldr r2,[r3,#24]
2035:Drivers/STM32G4xx_HAL_Driver/Src/stm32g4xx_hal_fdcan.c ****     {
 1018              	 .loc 1 2035 55 view .LVU308
 1019 0052 D007     	 lsls r0,r2,#31
 1020 0054 26D4     	 bmi .L68
ARM GAS   			page 84


2038:Drivers/STM32G4xx_HAL_Driver/Src/stm32g4xx_hal_fdcan.c ****       {
 1021              	 .loc 1 2038 7 is_stmt 1 view .LVU309
2050:Drivers/STM32G4xx_HAL_Driver/Src/stm32g4xx_hal_fdcan.c ****     }
 1022              	 .loc 1 2050 7 view .LVU310
2035:Drivers/STM32G4xx_HAL_Driver/Src/stm32g4xx_hal_fdcan.c ****     {
 1023              	 .loc 1 2035 55 view .LVU311
2035:Drivers/STM32G4xx_HAL_Driver/Src/stm32g4xx_hal_fdcan.c ****     {
 1024              	 .loc 1 2035 29 is_stmt 0 view .LVU312
 1025 0056 9A69     	 ldr r2,[r3,#24]
2035:Drivers/STM32G4xx_HAL_Driver/Src/stm32g4xx_hal_fdcan.c ****     {
 1026              	 .loc 1 2035 55 view .LVU313
 1027 0058 D107     	 lsls r1,r2,#31
 1028 005a 23D4     	 bmi .L68
2038:Drivers/STM32G4xx_HAL_Driver/Src/stm32g4xx_hal_fdcan.c ****       {
 1029              	 .loc 1 2038 7 is_stmt 1 view .LVU314
2050:Drivers/STM32G4xx_HAL_Driver/Src/stm32g4xx_hal_fdcan.c ****     }
 1030              	 .loc 1 2050 7 view .LVU315
2035:Drivers/STM32G4xx_HAL_Driver/Src/stm32g4xx_hal_fdcan.c ****     {
 1031              	 .loc 1 2035 55 view .LVU316
2035:Drivers/STM32G4xx_HAL_Driver/Src/stm32g4xx_hal_fdcan.c ****     {
 1032              	 .loc 1 2035 29 is_stmt 0 view .LVU317
 1033 005c 9A69     	 ldr r2,[r3,#24]
2035:Drivers/STM32G4xx_HAL_Driver/Src/stm32g4xx_hal_fdcan.c ****     {
 1034              	 .loc 1 2035 55 view .LVU318
 1035 005e D207     	 lsls r2,r2,#31
 1036 0060 20D4     	 bmi .L68
 1037              	.L73:
2063:Drivers/STM32G4xx_HAL_Driver/Src/stm32g4xx_hal_fdcan.c ****       {
 1038              	 .loc 1 2063 7 is_stmt 1 view .LVU319
2066:Drivers/STM32G4xx_HAL_Driver/Src/stm32g4xx_hal_fdcan.c **** 
 1039              	 .loc 1 2066 9 view .LVU320
2066:Drivers/STM32G4xx_HAL_Driver/Src/stm32g4xx_hal_fdcan.c **** 
 1040              	 .loc 1 2066 15 is_stmt 0 view .LVU321
 1041 0062 226E     	 ldr r2,[r4,#96]
2069:Drivers/STM32G4xx_HAL_Driver/Src/stm32g4xx_hal_fdcan.c **** 
 1042              	 .loc 1 2069 23 view .LVU322
 1043 0064 0321     	 movs r1,#3
2066:Drivers/STM32G4xx_HAL_Driver/Src/stm32g4xx_hal_fdcan.c **** 
 1044              	 .loc 1 2066 27 view .LVU323
 1045 0066 42F00102 	 orr r2,r2,#1
 1046 006a 2266     	 str r2,[r4,#96]
2069:Drivers/STM32G4xx_HAL_Driver/Src/stm32g4xx_hal_fdcan.c **** 
 1047              	 .loc 1 2069 9 is_stmt 1 view .LVU324
2069:Drivers/STM32G4xx_HAL_Driver/Src/stm32g4xx_hal_fdcan.c **** 
 1048              	 .loc 1 2069 23 is_stmt 0 view .LVU325
 1049 006c 84F85C10 	 strb r1,[r4,#92]
2071:Drivers/STM32G4xx_HAL_Driver/Src/stm32g4xx_hal_fdcan.c ****       }
 1050              	 .loc 1 2071 9 is_stmt 1 view .LVU326
2071:Drivers/STM32G4xx_HAL_Driver/Src/stm32g4xx_hal_fdcan.c ****       }
 1051              	 .loc 1 2071 16 is_stmt 0 view .LVU327
 1052 0070 03E0     	 b .L69
 1053              	.LVL35:
 1054              	.L66:
2093:Drivers/STM32G4xx_HAL_Driver/Src/stm32g4xx_hal_fdcan.c **** 
 1055              	 .loc 1 2093 5 is_stmt 1 view .LVU328
2093:Drivers/STM32G4xx_HAL_Driver/Src/stm32g4xx_hal_fdcan.c **** 
 1056              	 .loc 1 2093 11 is_stmt 0 view .LVU329
ARM GAS   			page 85


 1057 0072 026E     	 ldr r2,[r0,#96]
2093:Drivers/STM32G4xx_HAL_Driver/Src/stm32g4xx_hal_fdcan.c **** 
 1058              	 .loc 1 2093 23 view .LVU330
 1059 0074 42F00802 	 orr r2,r2,#8
 1060 0078 0266     	 str r2,[r0,#96]
2095:Drivers/STM32G4xx_HAL_Driver/Src/stm32g4xx_hal_fdcan.c ****   }
 1061              	 .loc 1 2095 5 is_stmt 1 view .LVU331
 1062              	.LVL36:
 1063              	.L69:
2095:Drivers/STM32G4xx_HAL_Driver/Src/stm32g4xx_hal_fdcan.c ****   }
 1064              	 .loc 1 2095 5 is_stmt 0 view .LVU332
 1065              	.LBE18:
 1066              	.LBE20:
 551:Drivers/STM32G4xx_HAL_Driver/Src/stm32g4xx_hal_fdcan.c **** 
 1067              	 .loc 1 551 3 is_stmt 1 view .LVU333
 1068 007a D96D     	 ldr r1,[r3,#92]
 554:Drivers/STM32G4xx_HAL_Driver/Src/stm32g4xx_hal_fdcan.c ****   {
 1069              	 .loc 1 554 13 is_stmt 0 view .LVU334
 1070 007c D4F89420 	 ldr r2,[r4,#148]
 551:Drivers/STM32G4xx_HAL_Driver/Src/stm32g4xx_hal_fdcan.c **** 
 1071              	 .loc 1 551 3 view .LVU335
 1072 0080 21F00301 	 bic r1,r1,#3
 1073 0084 D965     	 str r1,[r3,#92]
 554:Drivers/STM32G4xx_HAL_Driver/Src/stm32g4xx_hal_fdcan.c ****   {
 1074              	 .loc 1 554 3 is_stmt 1 view .LVU336
 554:Drivers/STM32G4xx_HAL_Driver/Src/stm32g4xx_hal_fdcan.c ****   {
 1075              	 .loc 1 554 6 is_stmt 0 view .LVU337
 1076 0086 4AB1     	 cbz r2,.L110
 1077              	.L74:
 560:Drivers/STM32G4xx_HAL_Driver/Src/stm32g4xx_hal_fdcan.c **** #else
 1078              	 .loc 1 560 3 is_stmt 1 view .LVU338
 1079 0088 2046     	 mov r0,r4
 1080 008a 9047     	 blx r2
 1081              	.LVL37:
 567:Drivers/STM32G4xx_HAL_Driver/Src/stm32g4xx_hal_fdcan.c **** 
 1082              	 .loc 1 567 3 view .LVU339
 567:Drivers/STM32G4xx_HAL_Driver/Src/stm32g4xx_hal_fdcan.c **** 
 1083              	 .loc 1 567 21 is_stmt 0 view .LVU340
 1084 008c 0023     	 movs r3,#0
 1085 008e 2366     	 str r3,[r4,#96]
 570:Drivers/STM32G4xx_HAL_Driver/Src/stm32g4xx_hal_fdcan.c **** 
 1086              	 .loc 1 570 3 is_stmt 1 view .LVU341
 570:Drivers/STM32G4xx_HAL_Driver/Src/stm32g4xx_hal_fdcan.c **** 
 1087              	 .loc 1 570 17 is_stmt 0 view .LVU342
 1088 0090 84F85C30 	 strb r3,[r4,#92]
 573:Drivers/STM32G4xx_HAL_Driver/Src/stm32g4xx_hal_fdcan.c **** }
 1089              	 .loc 1 573 3 is_stmt 1 view .LVU343
 573:Drivers/STM32G4xx_HAL_Driver/Src/stm32g4xx_hal_fdcan.c **** }
 1090              	 .loc 1 573 10 is_stmt 0 view .LVU344
 1091 0094 1846     	 mov r0,r3
 574:Drivers/STM32G4xx_HAL_Driver/Src/stm32g4xx_hal_fdcan.c **** 
 1092              	 .loc 1 574 1 view .LVU345
 1093 0096 10BD     	 pop {r4,pc}
 1094              	.LVL38:
 1095              	.L75:
 1096              	 .cfi_def_cfa_offset 0
 1097              	 .cfi_restore 4
ARM GAS   			page 86


 1098              	 .cfi_restore 14
 541:Drivers/STM32G4xx_HAL_Driver/Src/stm32g4xx_hal_fdcan.c ****   }
 1099              	 .loc 1 541 12 view .LVU346
 1100 0098 0120     	 movs r0,#1
 1101              	.LVL39:
 574:Drivers/STM32G4xx_HAL_Driver/Src/stm32g4xx_hal_fdcan.c **** 
 1102              	 .loc 1 574 1 view .LVU347
 1103 009a 7047     	 bx lr
 1104              	.LVL40:
 1105              	.L110:
 1106              	 .cfi_def_cfa_offset 8
 1107              	 .cfi_offset 4,-8
 1108              	 .cfi_offset 14,-4
 556:Drivers/STM32G4xx_HAL_Driver/Src/stm32g4xx_hal_fdcan.c ****   }
 1109              	 .loc 1 556 5 is_stmt 1 view .LVU348
 556:Drivers/STM32G4xx_HAL_Driver/Src/stm32g4xx_hal_fdcan.c ****   }
 1110              	 .loc 1 556 31 is_stmt 0 view .LVU349
 1111 009c 1A4A     	 ldr r2,.L111
 1112 009e C4F89420 	 str r2,[r4,#148]
 1113 00a2 F1E7     	 b .L74
 1114              	.LVL41:
 1115              	.L68:
 1116              	.LBB21:
 1117              	.LBB19:
2054:Drivers/STM32G4xx_HAL_Driver/Src/stm32g4xx_hal_fdcan.c **** 
 1118              	 .loc 1 2054 5 is_stmt 1 view .LVU350
2057:Drivers/STM32G4xx_HAL_Driver/Src/stm32g4xx_hal_fdcan.c **** 
 1119              	 .loc 1 2057 5 view .LVU351
 1120 00a4 9A69     	 ldr r2,[r3,#24]
 1121 00a6 22F01002 	 bic r2,r2,#16
 1122 00aa 9A61     	 str r2,[r3,#24]
2060:Drivers/STM32G4xx_HAL_Driver/Src/stm32g4xx_hal_fdcan.c ****     {
 1123              	 .loc 1 2060 5 view .LVU352
2060:Drivers/STM32G4xx_HAL_Driver/Src/stm32g4xx_hal_fdcan.c ****     {
 1124              	 .loc 1 2060 54 view .LVU353
2060:Drivers/STM32G4xx_HAL_Driver/Src/stm32g4xx_hal_fdcan.c ****     {
 1125              	 .loc 1 2060 29 is_stmt 0 view .LVU354
 1126 00ac 9A69     	 ldr r2,[r3,#24]
2060:Drivers/STM32G4xx_HAL_Driver/Src/stm32g4xx_hal_fdcan.c ****     {
 1127              	 .loc 1 2060 54 view .LVU355
 1128 00ae 1007     	 lsls r0,r2,#28
 1129 00b0 20D5     	 bpl .L72
 1130              	.LVL42:
2075:Drivers/STM32G4xx_HAL_Driver/Src/stm32g4xx_hal_fdcan.c ****     }
 1131              	 .loc 1 2075 7 is_stmt 1 view .LVU356
2060:Drivers/STM32G4xx_HAL_Driver/Src/stm32g4xx_hal_fdcan.c ****     {
 1132              	 .loc 1 2060 54 view .LVU357
2060:Drivers/STM32G4xx_HAL_Driver/Src/stm32g4xx_hal_fdcan.c ****     {
 1133              	 .loc 1 2060 29 is_stmt 0 view .LVU358
 1134 00b2 9A69     	 ldr r2,[r3,#24]
2060:Drivers/STM32G4xx_HAL_Driver/Src/stm32g4xx_hal_fdcan.c ****     {
 1135              	 .loc 1 2060 54 view .LVU359
 1136 00b4 1107     	 lsls r1,r2,#28
 1137 00b6 1DD5     	 bpl .L72
2063:Drivers/STM32G4xx_HAL_Driver/Src/stm32g4xx_hal_fdcan.c ****       {
 1138              	 .loc 1 2063 7 is_stmt 1 view .LVU360
2075:Drivers/STM32G4xx_HAL_Driver/Src/stm32g4xx_hal_fdcan.c ****     }
ARM GAS   			page 87


 1139              	 .loc 1 2075 7 view .LVU361
2060:Drivers/STM32G4xx_HAL_Driver/Src/stm32g4xx_hal_fdcan.c ****     {
 1140              	 .loc 1 2060 54 view .LVU362
2060:Drivers/STM32G4xx_HAL_Driver/Src/stm32g4xx_hal_fdcan.c ****     {
 1141              	 .loc 1 2060 29 is_stmt 0 view .LVU363
 1142 00b8 9A69     	 ldr r2,[r3,#24]
2060:Drivers/STM32G4xx_HAL_Driver/Src/stm32g4xx_hal_fdcan.c ****     {
 1143              	 .loc 1 2060 54 view .LVU364
 1144 00ba 1207     	 lsls r2,r2,#28
 1145 00bc 1AD5     	 bpl .L72
2063:Drivers/STM32G4xx_HAL_Driver/Src/stm32g4xx_hal_fdcan.c ****       {
 1146              	 .loc 1 2063 7 is_stmt 1 view .LVU365
2075:Drivers/STM32G4xx_HAL_Driver/Src/stm32g4xx_hal_fdcan.c ****     }
 1147              	 .loc 1 2075 7 view .LVU366
2060:Drivers/STM32G4xx_HAL_Driver/Src/stm32g4xx_hal_fdcan.c ****     {
 1148              	 .loc 1 2060 54 view .LVU367
2060:Drivers/STM32G4xx_HAL_Driver/Src/stm32g4xx_hal_fdcan.c ****     {
 1149              	 .loc 1 2060 29 is_stmt 0 view .LVU368
 1150 00be 9A69     	 ldr r2,[r3,#24]
2060:Drivers/STM32G4xx_HAL_Driver/Src/stm32g4xx_hal_fdcan.c ****     {
 1151              	 .loc 1 2060 54 view .LVU369
 1152 00c0 1007     	 lsls r0,r2,#28
 1153 00c2 17D5     	 bpl .L72
2063:Drivers/STM32G4xx_HAL_Driver/Src/stm32g4xx_hal_fdcan.c ****       {
 1154              	 .loc 1 2063 7 is_stmt 1 view .LVU370
2075:Drivers/STM32G4xx_HAL_Driver/Src/stm32g4xx_hal_fdcan.c ****     }
 1155              	 .loc 1 2075 7 view .LVU371
2060:Drivers/STM32G4xx_HAL_Driver/Src/stm32g4xx_hal_fdcan.c ****     {
 1156              	 .loc 1 2060 54 view .LVU372
2060:Drivers/STM32G4xx_HAL_Driver/Src/stm32g4xx_hal_fdcan.c ****     {
 1157              	 .loc 1 2060 29 is_stmt 0 view .LVU373
 1158 00c4 9A69     	 ldr r2,[r3,#24]
2060:Drivers/STM32G4xx_HAL_Driver/Src/stm32g4xx_hal_fdcan.c ****     {
 1159              	 .loc 1 2060 54 view .LVU374
 1160 00c6 1107     	 lsls r1,r2,#28
 1161 00c8 14D5     	 bpl .L72
2063:Drivers/STM32G4xx_HAL_Driver/Src/stm32g4xx_hal_fdcan.c ****       {
 1162              	 .loc 1 2063 7 is_stmt 1 view .LVU375
2075:Drivers/STM32G4xx_HAL_Driver/Src/stm32g4xx_hal_fdcan.c ****     }
 1163              	 .loc 1 2075 7 view .LVU376
2060:Drivers/STM32G4xx_HAL_Driver/Src/stm32g4xx_hal_fdcan.c ****     {
 1164              	 .loc 1 2060 54 view .LVU377
2060:Drivers/STM32G4xx_HAL_Driver/Src/stm32g4xx_hal_fdcan.c ****     {
 1165              	 .loc 1 2060 29 is_stmt 0 view .LVU378
 1166 00ca 9A69     	 ldr r2,[r3,#24]
2060:Drivers/STM32G4xx_HAL_Driver/Src/stm32g4xx_hal_fdcan.c ****     {
 1167              	 .loc 1 2060 54 view .LVU379
 1168 00cc 1207     	 lsls r2,r2,#28
 1169 00ce 11D5     	 bpl .L72
2063:Drivers/STM32G4xx_HAL_Driver/Src/stm32g4xx_hal_fdcan.c ****       {
 1170              	 .loc 1 2063 7 is_stmt 1 view .LVU380
2075:Drivers/STM32G4xx_HAL_Driver/Src/stm32g4xx_hal_fdcan.c ****     }
 1171              	 .loc 1 2075 7 view .LVU381
2060:Drivers/STM32G4xx_HAL_Driver/Src/stm32g4xx_hal_fdcan.c ****     {
 1172              	 .loc 1 2060 54 view .LVU382
2060:Drivers/STM32G4xx_HAL_Driver/Src/stm32g4xx_hal_fdcan.c ****     {
 1173              	 .loc 1 2060 29 is_stmt 0 view .LVU383
ARM GAS   			page 88


 1174 00d0 9A69     	 ldr r2,[r3,#24]
2060:Drivers/STM32G4xx_HAL_Driver/Src/stm32g4xx_hal_fdcan.c ****     {
 1175              	 .loc 1 2060 54 view .LVU384
 1176 00d2 1007     	 lsls r0,r2,#28
 1177 00d4 0ED5     	 bpl .L72
2063:Drivers/STM32G4xx_HAL_Driver/Src/stm32g4xx_hal_fdcan.c ****       {
 1178              	 .loc 1 2063 7 is_stmt 1 view .LVU385
2075:Drivers/STM32G4xx_HAL_Driver/Src/stm32g4xx_hal_fdcan.c ****     }
 1179              	 .loc 1 2075 7 view .LVU386
2060:Drivers/STM32G4xx_HAL_Driver/Src/stm32g4xx_hal_fdcan.c ****     {
 1180              	 .loc 1 2060 54 view .LVU387
2060:Drivers/STM32G4xx_HAL_Driver/Src/stm32g4xx_hal_fdcan.c ****     {
 1181              	 .loc 1 2060 29 is_stmt 0 view .LVU388
 1182 00d6 9A69     	 ldr r2,[r3,#24]
2060:Drivers/STM32G4xx_HAL_Driver/Src/stm32g4xx_hal_fdcan.c ****     {
 1183              	 .loc 1 2060 54 view .LVU389
 1184 00d8 1107     	 lsls r1,r2,#28
 1185 00da 0BD5     	 bpl .L72
2063:Drivers/STM32G4xx_HAL_Driver/Src/stm32g4xx_hal_fdcan.c ****       {
 1186              	 .loc 1 2063 7 is_stmt 1 view .LVU390
2075:Drivers/STM32G4xx_HAL_Driver/Src/stm32g4xx_hal_fdcan.c ****     }
 1187              	 .loc 1 2075 7 view .LVU391
2060:Drivers/STM32G4xx_HAL_Driver/Src/stm32g4xx_hal_fdcan.c ****     {
 1188              	 .loc 1 2060 54 view .LVU392
2060:Drivers/STM32G4xx_HAL_Driver/Src/stm32g4xx_hal_fdcan.c ****     {
 1189              	 .loc 1 2060 29 is_stmt 0 view .LVU393
 1190 00dc 9A69     	 ldr r2,[r3,#24]
2060:Drivers/STM32G4xx_HAL_Driver/Src/stm32g4xx_hal_fdcan.c ****     {
 1191              	 .loc 1 2060 54 view .LVU394
 1192 00de 1207     	 lsls r2,r2,#28
 1193 00e0 08D5     	 bpl .L72
2063:Drivers/STM32G4xx_HAL_Driver/Src/stm32g4xx_hal_fdcan.c ****       {
 1194              	 .loc 1 2063 7 is_stmt 1 view .LVU395
2075:Drivers/STM32G4xx_HAL_Driver/Src/stm32g4xx_hal_fdcan.c ****     }
 1195              	 .loc 1 2075 7 view .LVU396
2060:Drivers/STM32G4xx_HAL_Driver/Src/stm32g4xx_hal_fdcan.c ****     {
 1196              	 .loc 1 2060 54 view .LVU397
2060:Drivers/STM32G4xx_HAL_Driver/Src/stm32g4xx_hal_fdcan.c ****     {
 1197              	 .loc 1 2060 29 is_stmt 0 view .LVU398
 1198 00e2 9A69     	 ldr r2,[r3,#24]
2060:Drivers/STM32G4xx_HAL_Driver/Src/stm32g4xx_hal_fdcan.c ****     {
 1199              	 .loc 1 2060 54 view .LVU399
 1200 00e4 1007     	 lsls r0,r2,#28
 1201 00e6 05D5     	 bpl .L72
2063:Drivers/STM32G4xx_HAL_Driver/Src/stm32g4xx_hal_fdcan.c ****       {
 1202              	 .loc 1 2063 7 is_stmt 1 view .LVU400
2075:Drivers/STM32G4xx_HAL_Driver/Src/stm32g4xx_hal_fdcan.c ****     }
 1203              	 .loc 1 2075 7 view .LVU401
2060:Drivers/STM32G4xx_HAL_Driver/Src/stm32g4xx_hal_fdcan.c ****     {
 1204              	 .loc 1 2060 54 view .LVU402
2060:Drivers/STM32G4xx_HAL_Driver/Src/stm32g4xx_hal_fdcan.c ****     {
 1205              	 .loc 1 2060 29 is_stmt 0 view .LVU403
 1206 00e8 9A69     	 ldr r2,[r3,#24]
2060:Drivers/STM32G4xx_HAL_Driver/Src/stm32g4xx_hal_fdcan.c ****     {
 1207              	 .loc 1 2060 54 view .LVU404
 1208 00ea 1107     	 lsls r1,r2,#28
 1209 00ec 02D5     	 bpl .L72
ARM GAS   			page 89


2063:Drivers/STM32G4xx_HAL_Driver/Src/stm32g4xx_hal_fdcan.c ****       {
 1210              	 .loc 1 2063 7 is_stmt 1 view .LVU405
2075:Drivers/STM32G4xx_HAL_Driver/Src/stm32g4xx_hal_fdcan.c ****     }
 1211              	 .loc 1 2075 7 view .LVU406
2060:Drivers/STM32G4xx_HAL_Driver/Src/stm32g4xx_hal_fdcan.c ****     {
 1212              	 .loc 1 2060 54 view .LVU407
2060:Drivers/STM32G4xx_HAL_Driver/Src/stm32g4xx_hal_fdcan.c ****     {
 1213              	 .loc 1 2060 29 is_stmt 0 view .LVU408
 1214 00ee 9A69     	 ldr r2,[r3,#24]
2060:Drivers/STM32G4xx_HAL_Driver/Src/stm32g4xx_hal_fdcan.c ****     {
 1215              	 .loc 1 2060 54 view .LVU409
 1216 00f0 1207     	 lsls r2,r2,#28
 1217 00f2 B6D4     	 bmi .L73
 1218              	.L72:
2079:Drivers/STM32G4xx_HAL_Driver/Src/stm32g4xx_hal_fdcan.c **** 
 1219              	 .loc 1 2079 5 is_stmt 1 view .LVU410
 1220 00f4 9A69     	 ldr r2,[r3,#24]
2082:Drivers/STM32G4xx_HAL_Driver/Src/stm32g4xx_hal_fdcan.c **** 
 1221              	 .loc 1 2082 34 is_stmt 0 view .LVU411
 1222 00f6 0020     	 movs r0,#0
2079:Drivers/STM32G4xx_HAL_Driver/Src/stm32g4xx_hal_fdcan.c **** 
 1223              	 .loc 1 2079 5 view .LVU412
 1224 00f8 42F00202 	 orr r2,r2,#2
2085:Drivers/STM32G4xx_HAL_Driver/Src/stm32g4xx_hal_fdcan.c **** 
 1225              	 .loc 1 2085 19 view .LVU413
 1226 00fc 0121     	 movs r1,#1
2079:Drivers/STM32G4xx_HAL_Driver/Src/stm32g4xx_hal_fdcan.c **** 
 1227              	 .loc 1 2079 5 view .LVU414
 1228 00fe 9A61     	 str r2,[r3,#24]
2082:Drivers/STM32G4xx_HAL_Driver/Src/stm32g4xx_hal_fdcan.c **** 
 1229              	 .loc 1 2082 5 is_stmt 1 view .LVU415
2082:Drivers/STM32G4xx_HAL_Driver/Src/stm32g4xx_hal_fdcan.c **** 
 1230              	 .loc 1 2082 34 is_stmt 0 view .LVU416
 1231 0100 A065     	 str r0,[r4,#88]
2085:Drivers/STM32G4xx_HAL_Driver/Src/stm32g4xx_hal_fdcan.c **** 
 1232              	 .loc 1 2085 5 is_stmt 1 view .LVU417
2085:Drivers/STM32G4xx_HAL_Driver/Src/stm32g4xx_hal_fdcan.c **** 
 1233              	 .loc 1 2085 19 is_stmt 0 view .LVU418
 1234 0102 84F85C10 	 strb r1,[r4,#92]
2088:Drivers/STM32G4xx_HAL_Driver/Src/stm32g4xx_hal_fdcan.c ****   }
 1235              	 .loc 1 2088 5 is_stmt 1 view .LVU419
2088:Drivers/STM32G4xx_HAL_Driver/Src/stm32g4xx_hal_fdcan.c ****   }
 1236              	 .loc 1 2088 12 is_stmt 0 view .LVU420
 1237 0106 B8E7     	 b .L69
 1238              	.L112:
 1239              	 .align 2
 1240              	.L111:
 1241 0108 00000000 	 .word HAL_FDCAN_MspDeInit
 1242              	.LBE19:
 1243              	.LBE21:
 1244              	 .cfi_endproc
 1245              	.LFE362:
 1247              	 .section .text.HAL_FDCAN_EnterPowerDownMode,"ax",%progbits
 1248              	 .align 1
 1249              	 .p2align 2,,3
 1250              	 .global HAL_FDCAN_EnterPowerDownMode
 1251              	 .syntax unified
ARM GAS   			page 90


 1252              	 .thumb
 1253              	 .thumb_func
 1255              	HAL_FDCAN_EnterPowerDownMode:
 1256              	.LVL43:
 1257              	.LFB365:
 613:Drivers/STM32G4xx_HAL_Driver/Src/stm32g4xx_hal_fdcan.c ****   uint32_t tickstart;
 1258              	 .loc 1 613 1 is_stmt 1 view-0
 1259              	 .cfi_startproc
 1260              	 
 1261              	 
 614:Drivers/STM32G4xx_HAL_Driver/Src/stm32g4xx_hal_fdcan.c **** 
 1262              	 .loc 1 614 3 view .LVU422
 617:Drivers/STM32G4xx_HAL_Driver/Src/stm32g4xx_hal_fdcan.c **** 
 1263              	 .loc 1 617 3 view .LVU423
 1264 0000 0268     	 ldr r2,[r0]
 613:Drivers/STM32G4xx_HAL_Driver/Src/stm32g4xx_hal_fdcan.c ****   uint32_t tickstart;
 1265              	 .loc 1 613 1 is_stmt 0 view .LVU424
 1266 0002 38B5     	 push {r3,r4,r5,lr}
 1267              	 .cfi_def_cfa_offset 16
 1268              	 .cfi_offset 3,-16
 1269              	 .cfi_offset 4,-12
 1270              	 .cfi_offset 5,-8
 1271              	 .cfi_offset 14,-4
 617:Drivers/STM32G4xx_HAL_Driver/Src/stm32g4xx_hal_fdcan.c **** 
 1272              	 .loc 1 617 3 view .LVU425
 1273 0004 9369     	 ldr r3,[r2,#24]
 1274 0006 43F01003 	 orr r3,r3,#16
 1275 000a 9361     	 str r3,[r2,#24]
 620:Drivers/STM32G4xx_HAL_Driver/Src/stm32g4xx_hal_fdcan.c **** 
 1276              	 .loc 1 620 3 is_stmt 1 view .LVU426
 613:Drivers/STM32G4xx_HAL_Driver/Src/stm32g4xx_hal_fdcan.c ****   uint32_t tickstart;
 1277              	 .loc 1 613 1 is_stmt 0 view .LVU427
 1278 000c 0446     	 mov r4,r0
 620:Drivers/STM32G4xx_HAL_Driver/Src/stm32g4xx_hal_fdcan.c **** 
 1279              	 .loc 1 620 15 view .LVU428
 1280 000e FFF7FEFF 	 bl HAL_GetTick
 1281              	.LVL44:
 620:Drivers/STM32G4xx_HAL_Driver/Src/stm32g4xx_hal_fdcan.c **** 
 1282              	 .loc 1 620 15 view .LVU429
 1283 0012 0546     	 mov r5,r0
 1284              	.LVL45:
 623:Drivers/STM32G4xx_HAL_Driver/Src/stm32g4xx_hal_fdcan.c ****   {
 1285              	 .loc 1 623 3 is_stmt 1 view .LVU430
 623:Drivers/STM32G4xx_HAL_Driver/Src/stm32g4xx_hal_fdcan.c ****   {
 1286              	 .loc 1 623 9 is_stmt 0 view .LVU431
 1287 0014 04E0     	 b .L114
 1288              	.LVL46:
 1289              	.L116:
 625:Drivers/STM32G4xx_HAL_Driver/Src/stm32g4xx_hal_fdcan.c ****     {
 1290              	 .loc 1 625 10 view .LVU432
 1291 0016 FFF7FEFF 	 bl HAL_GetTick
 1292              	.LVL47:
 625:Drivers/STM32G4xx_HAL_Driver/Src/stm32g4xx_hal_fdcan.c ****     {
 1293              	 .loc 1 625 24 discriminator 1 view .LVU433
 1294 001a 401B     	 subs r0,r0,r5
 625:Drivers/STM32G4xx_HAL_Driver/Src/stm32g4xx_hal_fdcan.c ****     {
 1295              	 .loc 1 625 8 discriminator 1 view .LVU434
ARM GAS   			page 91


 1296 001c 0A28     	 cmp r0,#10
 1297 001e 05D8     	 bhi .L119
 1298              	.L114:
 625:Drivers/STM32G4xx_HAL_Driver/Src/stm32g4xx_hal_fdcan.c ****     {
 1299              	 .loc 1 625 5 is_stmt 1 view .LVU435
 623:Drivers/STM32G4xx_HAL_Driver/Src/stm32g4xx_hal_fdcan.c ****   {
 1300              	 .loc 1 623 52 view .LVU436
 623:Drivers/STM32G4xx_HAL_Driver/Src/stm32g4xx_hal_fdcan.c ****   {
 1301              	 .loc 1 623 17 is_stmt 0 view .LVU437
 1302 0020 2368     	 ldr r3,[r4]
 623:Drivers/STM32G4xx_HAL_Driver/Src/stm32g4xx_hal_fdcan.c ****   {
 1303              	 .loc 1 623 27 view .LVU438
 1304 0022 9B69     	 ldr r3,[r3,#24]
 623:Drivers/STM32G4xx_HAL_Driver/Src/stm32g4xx_hal_fdcan.c ****   {
 1305              	 .loc 1 623 52 view .LVU439
 1306 0024 1B07     	 lsls r3,r3,#28
 1307 0026 F6D5     	 bpl .L116
 638:Drivers/STM32G4xx_HAL_Driver/Src/stm32g4xx_hal_fdcan.c **** }
 1308              	 .loc 1 638 10 view .LVU440
 1309 0028 0020     	 movs r0,#0
 639:Drivers/STM32G4xx_HAL_Driver/Src/stm32g4xx_hal_fdcan.c **** 
 1310              	 .loc 1 639 1 view .LVU441
 1311 002a 38BD     	 pop {r3,r4,r5,pc}
 1312              	.LVL48:
 1313              	.L119:
 628:Drivers/STM32G4xx_HAL_Driver/Src/stm32g4xx_hal_fdcan.c **** 
 1314              	 .loc 1 628 7 is_stmt 1 view .LVU442
 628:Drivers/STM32G4xx_HAL_Driver/Src/stm32g4xx_hal_fdcan.c **** 
 1315              	 .loc 1 628 13 is_stmt 0 view .LVU443
 1316 002c 236E     	 ldr r3,[r4,#96]
 631:Drivers/STM32G4xx_HAL_Driver/Src/stm32g4xx_hal_fdcan.c **** 
 1317              	 .loc 1 631 21 view .LVU444
 1318 002e 0322     	 movs r2,#3
 628:Drivers/STM32G4xx_HAL_Driver/Src/stm32g4xx_hal_fdcan.c **** 
 1319              	 .loc 1 628 25 view .LVU445
 1320 0030 43F00103 	 orr r3,r3,#1
 1321 0034 2366     	 str r3,[r4,#96]
 631:Drivers/STM32G4xx_HAL_Driver/Src/stm32g4xx_hal_fdcan.c **** 
 1322              	 .loc 1 631 7 is_stmt 1 view .LVU446
 631:Drivers/STM32G4xx_HAL_Driver/Src/stm32g4xx_hal_fdcan.c **** 
 1323              	 .loc 1 631 21 is_stmt 0 view .LVU447
 1324 0036 84F85C20 	 strb r2,[r4,#92]
 633:Drivers/STM32G4xx_HAL_Driver/Src/stm32g4xx_hal_fdcan.c ****     }
 1325              	 .loc 1 633 7 is_stmt 1 view .LVU448
 633:Drivers/STM32G4xx_HAL_Driver/Src/stm32g4xx_hal_fdcan.c ****     }
 1326              	 .loc 1 633 14 is_stmt 0 view .LVU449
 1327 003a 0120     	 movs r0,#1
 639:Drivers/STM32G4xx_HAL_Driver/Src/stm32g4xx_hal_fdcan.c **** 
 1328              	 .loc 1 639 1 view .LVU450
 1329 003c 38BD     	 pop {r3,r4,r5,pc}
 639:Drivers/STM32G4xx_HAL_Driver/Src/stm32g4xx_hal_fdcan.c **** 
 1330              	 .loc 1 639 1 view .LVU451
 1331              	 .cfi_endproc
 1332              	.LFE365:
 1334 003e 00BF     	 .section .text.HAL_FDCAN_ExitPowerDownMode,"ax",%progbits
 1335              	 .align 1
 1336              	 .p2align 2,,3
ARM GAS   			page 92


 1337              	 .global HAL_FDCAN_ExitPowerDownMode
 1338              	 .syntax unified
 1339              	 .thumb
 1340              	 .thumb_func
 1342              	HAL_FDCAN_ExitPowerDownMode:
 1343              	.LVL49:
 1344              	.LFB366:
 648:Drivers/STM32G4xx_HAL_Driver/Src/stm32g4xx_hal_fdcan.c ****   uint32_t tickstart;
 1345              	 .loc 1 648 1 is_stmt 1 view-0
 1346              	 .cfi_startproc
 1347              	 
 1348              	 
 649:Drivers/STM32G4xx_HAL_Driver/Src/stm32g4xx_hal_fdcan.c **** 
 1349              	 .loc 1 649 3 view .LVU453
 652:Drivers/STM32G4xx_HAL_Driver/Src/stm32g4xx_hal_fdcan.c **** 
 1350              	 .loc 1 652 3 view .LVU454
 1351 0000 0268     	 ldr r2,[r0]
 648:Drivers/STM32G4xx_HAL_Driver/Src/stm32g4xx_hal_fdcan.c ****   uint32_t tickstart;
 1352              	 .loc 1 648 1 is_stmt 0 view .LVU455
 1353 0002 38B5     	 push {r3,r4,r5,lr}
 1354              	 .cfi_def_cfa_offset 16
 1355              	 .cfi_offset 3,-16
 1356              	 .cfi_offset 4,-12
 1357              	 .cfi_offset 5,-8
 1358              	 .cfi_offset 14,-4
 652:Drivers/STM32G4xx_HAL_Driver/Src/stm32g4xx_hal_fdcan.c **** 
 1359              	 .loc 1 652 3 view .LVU456
 1360 0004 9369     	 ldr r3,[r2,#24]
 1361 0006 23F01003 	 bic r3,r3,#16
 1362 000a 9361     	 str r3,[r2,#24]
 655:Drivers/STM32G4xx_HAL_Driver/Src/stm32g4xx_hal_fdcan.c **** 
 1363              	 .loc 1 655 3 is_stmt 1 view .LVU457
 648:Drivers/STM32G4xx_HAL_Driver/Src/stm32g4xx_hal_fdcan.c ****   uint32_t tickstart;
 1364              	 .loc 1 648 1 is_stmt 0 view .LVU458
 1365 000c 0446     	 mov r4,r0
 655:Drivers/STM32G4xx_HAL_Driver/Src/stm32g4xx_hal_fdcan.c **** 
 1366              	 .loc 1 655 15 view .LVU459
 1367 000e FFF7FEFF 	 bl HAL_GetTick
 1368              	.LVL50:
 655:Drivers/STM32G4xx_HAL_Driver/Src/stm32g4xx_hal_fdcan.c **** 
 1369              	 .loc 1 655 15 view .LVU460
 1370 0012 0546     	 mov r5,r0
 1371              	.LVL51:
 658:Drivers/STM32G4xx_HAL_Driver/Src/stm32g4xx_hal_fdcan.c ****   {
 1372              	 .loc 1 658 3 is_stmt 1 view .LVU461
 658:Drivers/STM32G4xx_HAL_Driver/Src/stm32g4xx_hal_fdcan.c ****   {
 1373              	 .loc 1 658 9 is_stmt 0 view .LVU462
 1374 0014 04E0     	 b .L121
 1375              	.LVL52:
 1376              	.L123:
 660:Drivers/STM32G4xx_HAL_Driver/Src/stm32g4xx_hal_fdcan.c ****     {
 1377              	 .loc 1 660 10 view .LVU463
 1378 0016 FFF7FEFF 	 bl HAL_GetTick
 1379              	.LVL53:
 660:Drivers/STM32G4xx_HAL_Driver/Src/stm32g4xx_hal_fdcan.c ****     {
 1380              	 .loc 1 660 24 discriminator 1 view .LVU464
 1381 001a 401B     	 subs r0,r0,r5
ARM GAS   			page 93


 660:Drivers/STM32G4xx_HAL_Driver/Src/stm32g4xx_hal_fdcan.c ****     {
 1382              	 .loc 1 660 8 discriminator 1 view .LVU465
 1383 001c 0A28     	 cmp r0,#10
 1384 001e 0AD8     	 bhi .L126
 1385              	.L121:
 660:Drivers/STM32G4xx_HAL_Driver/Src/stm32g4xx_hal_fdcan.c ****     {
 1386              	 .loc 1 660 5 is_stmt 1 view .LVU466
 658:Drivers/STM32G4xx_HAL_Driver/Src/stm32g4xx_hal_fdcan.c ****   {
 1387              	 .loc 1 658 52 view .LVU467
 658:Drivers/STM32G4xx_HAL_Driver/Src/stm32g4xx_hal_fdcan.c ****   {
 1388              	 .loc 1 658 17 is_stmt 0 view .LVU468
 1389 0020 2268     	 ldr r2,[r4]
 658:Drivers/STM32G4xx_HAL_Driver/Src/stm32g4xx_hal_fdcan.c ****   {
 1390              	 .loc 1 658 27 view .LVU469
 1391 0022 9369     	 ldr r3,[r2,#24]
 658:Drivers/STM32G4xx_HAL_Driver/Src/stm32g4xx_hal_fdcan.c ****   {
 1392              	 .loc 1 658 52 view .LVU470
 1393 0024 13F00803 	 ands r3,r3,#8
 1394 0028 F5D1     	 bne .L123
 673:Drivers/STM32G4xx_HAL_Driver/Src/stm32g4xx_hal_fdcan.c **** 
 1395              	 .loc 1 673 3 is_stmt 1 view .LVU471
 1396 002a 9169     	 ldr r1,[r2,#24]
 1397 002c 21F00101 	 bic r1,r1,#1
 676:Drivers/STM32G4xx_HAL_Driver/Src/stm32g4xx_hal_fdcan.c **** }
 1398              	 .loc 1 676 10 is_stmt 0 view .LVU472
 1399 0030 1846     	 mov r0,r3
 673:Drivers/STM32G4xx_HAL_Driver/Src/stm32g4xx_hal_fdcan.c **** 
 1400              	 .loc 1 673 3 view .LVU473
 1401 0032 9161     	 str r1,[r2,#24]
 676:Drivers/STM32G4xx_HAL_Driver/Src/stm32g4xx_hal_fdcan.c **** }
 1402              	 .loc 1 676 3 is_stmt 1 view .LVU474
 677:Drivers/STM32G4xx_HAL_Driver/Src/stm32g4xx_hal_fdcan.c **** 
 1403              	 .loc 1 677 1 is_stmt 0 view .LVU475
 1404 0034 38BD     	 pop {r3,r4,r5,pc}
 1405              	.LVL54:
 1406              	.L126:
 663:Drivers/STM32G4xx_HAL_Driver/Src/stm32g4xx_hal_fdcan.c **** 
 1407              	 .loc 1 663 7 is_stmt 1 view .LVU476
 663:Drivers/STM32G4xx_HAL_Driver/Src/stm32g4xx_hal_fdcan.c **** 
 1408              	 .loc 1 663 13 is_stmt 0 view .LVU477
 1409 0036 236E     	 ldr r3,[r4,#96]
 666:Drivers/STM32G4xx_HAL_Driver/Src/stm32g4xx_hal_fdcan.c **** 
 1410              	 .loc 1 666 21 view .LVU478
 1411 0038 0322     	 movs r2,#3
 663:Drivers/STM32G4xx_HAL_Driver/Src/stm32g4xx_hal_fdcan.c **** 
 1412              	 .loc 1 663 25 view .LVU479
 1413 003a 43F00103 	 orr r3,r3,#1
 1414 003e 2366     	 str r3,[r4,#96]
 666:Drivers/STM32G4xx_HAL_Driver/Src/stm32g4xx_hal_fdcan.c **** 
 1415              	 .loc 1 666 7 is_stmt 1 view .LVU480
 666:Drivers/STM32G4xx_HAL_Driver/Src/stm32g4xx_hal_fdcan.c **** 
 1416              	 .loc 1 666 21 is_stmt 0 view .LVU481
 1417 0040 84F85C20 	 strb r2,[r4,#92]
 668:Drivers/STM32G4xx_HAL_Driver/Src/stm32g4xx_hal_fdcan.c ****     }
 1418              	 .loc 1 668 7 is_stmt 1 view .LVU482
 668:Drivers/STM32G4xx_HAL_Driver/Src/stm32g4xx_hal_fdcan.c ****     }
 1419              	 .loc 1 668 14 is_stmt 0 view .LVU483
ARM GAS   			page 94


 1420 0044 0120     	 movs r0,#1
 677:Drivers/STM32G4xx_HAL_Driver/Src/stm32g4xx_hal_fdcan.c **** 
 1421              	 .loc 1 677 1 view .LVU484
 1422 0046 38BD     	 pop {r3,r4,r5,pc}
 677:Drivers/STM32G4xx_HAL_Driver/Src/stm32g4xx_hal_fdcan.c **** 
 1423              	 .loc 1 677 1 view .LVU485
 1424              	 .cfi_endproc
 1425              	.LFE366:
 1427              	 .section .text.HAL_FDCAN_RegisterCallback,"ax",%progbits
 1428              	 .align 1
 1429              	 .p2align 2,,3
 1430              	 .global HAL_FDCAN_RegisterCallback
 1431              	 .syntax unified
 1432              	 .thumb
 1433              	 .thumb_func
 1435              	HAL_FDCAN_RegisterCallback:
 1436              	.LVL55:
 1437              	.LFB367:
 699:Drivers/STM32G4xx_HAL_Driver/Src/stm32g4xx_hal_fdcan.c ****   HAL_StatusTypeDef status = HAL_OK;
 1438              	 .loc 1 699 1 is_stmt 1 view-0
 1439              	 .cfi_startproc
 1440              	 
 1441              	 
 1442              	 
 700:Drivers/STM32G4xx_HAL_Driver/Src/stm32g4xx_hal_fdcan.c **** 
 1443              	 .loc 1 700 3 view .LVU487
 702:Drivers/STM32G4xx_HAL_Driver/Src/stm32g4xx_hal_fdcan.c ****   {
 1444              	 .loc 1 702 3 view .LVU488
 702:Drivers/STM32G4xx_HAL_Driver/Src/stm32g4xx_hal_fdcan.c ****   {
 1445              	 .loc 1 702 6 is_stmt 0 view .LVU489
 1446 0000 72B1     	 cbz r2,.L151
 710:Drivers/STM32G4xx_HAL_Driver/Src/stm32g4xx_hal_fdcan.c ****   {
 1447              	 .loc 1 710 3 is_stmt 1 view .LVU490
 710:Drivers/STM32G4xx_HAL_Driver/Src/stm32g4xx_hal_fdcan.c ****   {
 1448              	 .loc 1 710 13 is_stmt 0 view .LVU491
 1449 0002 90F85C30 	 ldrb r3,[r0,#92]
 710:Drivers/STM32G4xx_HAL_Driver/Src/stm32g4xx_hal_fdcan.c ****   {
 1450              	 .loc 1 710 6 view .LVU492
 1451 0006 012B     	 cmp r3,#1
 1452 0008 10D0     	 beq .L152
 751:Drivers/STM32G4xx_HAL_Driver/Src/stm32g4xx_hal_fdcan.c ****   {
 1453              	 .loc 1 751 8 is_stmt 1 view .LVU493
 751:Drivers/STM32G4xx_HAL_Driver/Src/stm32g4xx_hal_fdcan.c ****   {
 1454              	 .loc 1 751 18 is_stmt 0 view .LVU494
 1455 000a 90F85C30 	 ldrb r3,[r0,#92]
 751:Drivers/STM32G4xx_HAL_Driver/Src/stm32g4xx_hal_fdcan.c ****   {
 1456              	 .loc 1 751 11 view .LVU495
 1457 000e 3BB9     	 cbnz r3,.L151
 753:Drivers/STM32G4xx_HAL_Driver/Src/stm32g4xx_hal_fdcan.c ****     {
 1458              	 .loc 1 753 5 is_stmt 1 view .LVU496
 1459 0010 0529     	 cmp r1,#5
 1460 0012 1FD0     	 beq .L134
 1461 0014 0629     	 cmp r1,#6
 1462 0016 03D1     	 bne .L151
 1463              	.L132:
 739:Drivers/STM32G4xx_HAL_Driver/Src/stm32g4xx_hal_fdcan.c ****         break;
 1464              	 .loc 1 739 9 view .LVU497
ARM GAS   			page 95


 739:Drivers/STM32G4xx_HAL_Driver/Src/stm32g4xx_hal_fdcan.c ****         break;
 1465              	 .loc 1 739 35 is_stmt 0 view .LVU498
 1466 0018 C0F89420 	 str r2,[r0,#148]
 740:Drivers/STM32G4xx_HAL_Driver/Src/stm32g4xx_hal_fdcan.c **** 
 1467              	 .loc 1 740 9 is_stmt 1 view .LVU499
 1468              	.L140:
 700:Drivers/STM32G4xx_HAL_Driver/Src/stm32g4xx_hal_fdcan.c **** 
 1469              	 .loc 1 700 21 is_stmt 0 view .LVU500
 1470 001c 0020     	 movs r0,#0
 1471              	.LVL56:
 700:Drivers/STM32G4xx_HAL_Driver/Src/stm32g4xx_hal_fdcan.c **** 
 1472              	 .loc 1 700 21 view .LVU501
 1473 001e 7047     	 bx lr
 1474              	.LVL57:
 1475              	.L151:
 765:Drivers/STM32G4xx_HAL_Driver/Src/stm32g4xx_hal_fdcan.c **** 
 1476              	 .loc 1 765 9 is_stmt 1 view .LVU502
 765:Drivers/STM32G4xx_HAL_Driver/Src/stm32g4xx_hal_fdcan.c **** 
 1477              	 .loc 1 765 15 is_stmt 0 view .LVU503
 1478 0020 036E     	 ldr r3,[r0,#96]
 765:Drivers/STM32G4xx_HAL_Driver/Src/stm32g4xx_hal_fdcan.c **** 
 1479              	 .loc 1 765 27 view .LVU504
 1480 0022 43F48073 	 orr r3,r3,#256
 1481 0026 0366     	 str r3,[r0,#96]
 768:Drivers/STM32G4xx_HAL_Driver/Src/stm32g4xx_hal_fdcan.c ****         break;
 1482              	 .loc 1 768 9 is_stmt 1 view .LVU505
 1483              	.LVL58:
 769:Drivers/STM32G4xx_HAL_Driver/Src/stm32g4xx_hal_fdcan.c ****     }
 1484              	 .loc 1 769 9 view .LVU506
 707:Drivers/STM32G4xx_HAL_Driver/Src/stm32g4xx_hal_fdcan.c ****   }
 1485              	 .loc 1 707 12 is_stmt 0 view .LVU507
 1486 0028 0120     	 movs r0,#1
 1487              	.LVL59:
 782:Drivers/STM32G4xx_HAL_Driver/Src/stm32g4xx_hal_fdcan.c **** 
 1488              	 .loc 1 782 1 view .LVU508
 1489 002a 7047     	 bx lr
 1490              	.LVL60:
 1491              	.L152:
 712:Drivers/STM32G4xx_HAL_Driver/Src/stm32g4xx_hal_fdcan.c ****     {
 1492              	 .loc 1 712 5 is_stmt 1 view .LVU509
 1493 002c 0629     	 cmp r1,#6
 1494 002e F7D8     	 bhi .L151
 1495 0030 01A3     	 adr r3,.L133
 1496 0032 53F821F0 	 ldr pc,[r3,r1,lsl#2]
 1497 0036 00BF     	 .p2align 2
 1498              	.L133:
 1499 0038 5D000000 	 .word .L139+1
 1500 003c 61000000 	 .word .L138+1
 1501 0040 65000000 	 .word .L137+1
 1502 0044 6B000000 	 .word .L136+1
 1503 0048 71000000 	 .word .L135+1
 1504 004c 55000000 	 .word .L134+1
 1505 0050 19000000 	 .word .L132+1
 1506              	 .p2align 1
 1507              	.L134:
 735:Drivers/STM32G4xx_HAL_Driver/Src/stm32g4xx_hal_fdcan.c ****         break;
 1508              	 .loc 1 735 9 view .LVU510
ARM GAS   			page 96


 735:Drivers/STM32G4xx_HAL_Driver/Src/stm32g4xx_hal_fdcan.c ****         break;
 1509              	 .loc 1 735 33 is_stmt 0 view .LVU511
 1510 0054 C0F89020 	 str r2,[r0,#144]
 736:Drivers/STM32G4xx_HAL_Driver/Src/stm32g4xx_hal_fdcan.c **** 
 1511              	 .loc 1 736 9 is_stmt 1 view .LVU512
 700:Drivers/STM32G4xx_HAL_Driver/Src/stm32g4xx_hal_fdcan.c **** 
 1512              	 .loc 1 700 21 is_stmt 0 view .LVU513
 1513 0058 0020     	 movs r0,#0
 1514              	.LVL61:
 700:Drivers/STM32G4xx_HAL_Driver/Src/stm32g4xx_hal_fdcan.c **** 
 1515              	 .loc 1 700 21 view .LVU514
 1516 005a 7047     	 bx lr
 1517              	.LVL62:
 1518              	.L139:
 715:Drivers/STM32G4xx_HAL_Driver/Src/stm32g4xx_hal_fdcan.c ****         break;
 1519              	 .loc 1 715 9 is_stmt 1 view .LVU515
 715:Drivers/STM32G4xx_HAL_Driver/Src/stm32g4xx_hal_fdcan.c ****         break;
 1520              	 .loc 1 715 37 is_stmt 0 view .LVU516
 1521 005c 0267     	 str r2,[r0,#112]
 716:Drivers/STM32G4xx_HAL_Driver/Src/stm32g4xx_hal_fdcan.c **** 
 1522              	 .loc 1 716 9 is_stmt 1 view .LVU517
 1523 005e DDE7     	 b .L140
 1524              	.L138:
 719:Drivers/STM32G4xx_HAL_Driver/Src/stm32g4xx_hal_fdcan.c ****         break;
 1525              	 .loc 1 719 9 view .LVU518
 719:Drivers/STM32G4xx_HAL_Driver/Src/stm32g4xx_hal_fdcan.c ****         break;
 1526              	 .loc 1 719 45 is_stmt 0 view .LVU519
 1527 0060 C267     	 str r2,[r0,#124]
 720:Drivers/STM32G4xx_HAL_Driver/Src/stm32g4xx_hal_fdcan.c **** 
 1528              	 .loc 1 720 9 is_stmt 1 view .LVU520
 1529 0062 DBE7     	 b .L140
 1530              	.L137:
 723:Drivers/STM32G4xx_HAL_Driver/Src/stm32g4xx_hal_fdcan.c ****         break;
 1531              	 .loc 1 723 9 view .LVU521
 723:Drivers/STM32G4xx_HAL_Driver/Src/stm32g4xx_hal_fdcan.c ****         break;
 1532              	 .loc 1 723 45 is_stmt 0 view .LVU522
 1533 0064 C0F88020 	 str r2,[r0,#128]
 724:Drivers/STM32G4xx_HAL_Driver/Src/stm32g4xx_hal_fdcan.c **** 
 1534              	 .loc 1 724 9 is_stmt 1 view .LVU523
 1535 0068 D8E7     	 b .L140
 1536              	.L136:
 727:Drivers/STM32G4xx_HAL_Driver/Src/stm32g4xx_hal_fdcan.c ****         break;
 1537              	 .loc 1 727 9 view .LVU524
 727:Drivers/STM32G4xx_HAL_Driver/Src/stm32g4xx_hal_fdcan.c ****         break;
 1538              	 .loc 1 727 41 is_stmt 0 view .LVU525
 1539 006a C0F88420 	 str r2,[r0,#132]
 728:Drivers/STM32G4xx_HAL_Driver/Src/stm32g4xx_hal_fdcan.c **** 
 1540              	 .loc 1 728 9 is_stmt 1 view .LVU526
 1541 006e D5E7     	 b .L140
 1542              	.L135:
 731:Drivers/STM32G4xx_HAL_Driver/Src/stm32g4xx_hal_fdcan.c ****         break;
 1543              	 .loc 1 731 9 view .LVU527
 731:Drivers/STM32G4xx_HAL_Driver/Src/stm32g4xx_hal_fdcan.c ****         break;
 1544              	 .loc 1 731 31 is_stmt 0 view .LVU528
 1545 0070 C0F88820 	 str r2,[r0,#136]
 732:Drivers/STM32G4xx_HAL_Driver/Src/stm32g4xx_hal_fdcan.c **** 
 1546              	 .loc 1 732 9 is_stmt 1 view .LVU529
ARM GAS   			page 97


 1547 0074 D2E7     	 b .L140
 1548              	 .cfi_endproc
 1549              	.LFE367:
 1551              	 .section .text.HAL_FDCAN_UnRegisterCallback,"ax",%progbits
 1552              	 .align 1
 1553              	 .p2align 2,,3
 1554              	 .global HAL_FDCAN_UnRegisterCallback
 1555              	 .syntax unified
 1556              	 .thumb
 1557              	 .thumb_func
 1559              	HAL_FDCAN_UnRegisterCallback:
 1560              	.LVL63:
 1561              	.LFB368:
 801:Drivers/STM32G4xx_HAL_Driver/Src/stm32g4xx_hal_fdcan.c ****   HAL_StatusTypeDef status = HAL_OK;
 1562              	 .loc 1 801 1 view-0
 1563              	 .cfi_startproc
 1564              	 
 1565              	 
 1566              	 
 802:Drivers/STM32G4xx_HAL_Driver/Src/stm32g4xx_hal_fdcan.c **** 
 1567              	 .loc 1 802 3 view .LVU531
 804:Drivers/STM32G4xx_HAL_Driver/Src/stm32g4xx_hal_fdcan.c ****   {
 1568              	 .loc 1 804 3 view .LVU532
 804:Drivers/STM32G4xx_HAL_Driver/Src/stm32g4xx_hal_fdcan.c ****   {
 1569              	 .loc 1 804 13 is_stmt 0 view .LVU533
 1570 0000 90F85C30 	 ldrb r3,[r0,#92]
 804:Drivers/STM32G4xx_HAL_Driver/Src/stm32g4xx_hal_fdcan.c ****   {
 1571              	 .loc 1 804 6 view .LVU534
 1572 0004 012B     	 cmp r3,#1
 1573 0006 11D0     	 beq .L176
 845:Drivers/STM32G4xx_HAL_Driver/Src/stm32g4xx_hal_fdcan.c ****   {
 1574              	 .loc 1 845 8 is_stmt 1 view .LVU535
 845:Drivers/STM32G4xx_HAL_Driver/Src/stm32g4xx_hal_fdcan.c ****   {
 1575              	 .loc 1 845 18 is_stmt 0 view .LVU536
 1576 0008 90F85C30 	 ldrb r3,[r0,#92]
 845:Drivers/STM32G4xx_HAL_Driver/Src/stm32g4xx_hal_fdcan.c ****   {
 1577              	 .loc 1 845 11 view .LVU537
 1578 000c 43B9     	 cbnz r3,.L155
 847:Drivers/STM32G4xx_HAL_Driver/Src/stm32g4xx_hal_fdcan.c ****     {
 1579              	 .loc 1 847 5 is_stmt 1 view .LVU538
 1580 000e 0529     	 cmp r1,#5
 1581 0010 20D0     	 beq .L158
 1582 0012 0629     	 cmp r1,#6
 1583 0014 04D1     	 bne .L155
 1584              	.L156:
 833:Drivers/STM32G4xx_HAL_Driver/Src/stm32g4xx_hal_fdcan.c ****         break;
 1585              	 .loc 1 833 9 view .LVU539
 833:Drivers/STM32G4xx_HAL_Driver/Src/stm32g4xx_hal_fdcan.c ****         break;
 1586              	 .loc 1 833 35 is_stmt 0 view .LVU540
 1587 0016 1B4B     	 ldr r3,.L177
 1588 0018 C0F89430 	 str r3,[r0,#148]
 834:Drivers/STM32G4xx_HAL_Driver/Src/stm32g4xx_hal_fdcan.c **** 
 1589              	 .loc 1 834 9 is_stmt 1 view .LVU541
 1590              	.L164:
 802:Drivers/STM32G4xx_HAL_Driver/Src/stm32g4xx_hal_fdcan.c **** 
 1591              	 .loc 1 802 21 is_stmt 0 view .LVU542
 1592 001c 0020     	 movs r0,#0
ARM GAS   			page 98


 1593              	.LVL64:
 802:Drivers/STM32G4xx_HAL_Driver/Src/stm32g4xx_hal_fdcan.c **** 
 1594              	 .loc 1 802 21 view .LVU543
 1595 001e 7047     	 bx lr
 1596              	.LVL65:
 1597              	.L155:
 838:Drivers/STM32G4xx_HAL_Driver/Src/stm32g4xx_hal_fdcan.c **** 
 1598              	 .loc 1 838 9 is_stmt 1 view .LVU544
 838:Drivers/STM32G4xx_HAL_Driver/Src/stm32g4xx_hal_fdcan.c **** 
 1599              	 .loc 1 838 15 is_stmt 0 view .LVU545
 1600 0020 036E     	 ldr r3,[r0,#96]
 838:Drivers/STM32G4xx_HAL_Driver/Src/stm32g4xx_hal_fdcan.c **** 
 1601              	 .loc 1 838 27 view .LVU546
 1602 0022 43F48073 	 orr r3,r3,#256
 1603 0026 0366     	 str r3,[r0,#96]
 841:Drivers/STM32G4xx_HAL_Driver/Src/stm32g4xx_hal_fdcan.c ****         break;
 1604              	 .loc 1 841 9 is_stmt 1 view .LVU547
 1605              	.LVL66:
 842:Drivers/STM32G4xx_HAL_Driver/Src/stm32g4xx_hal_fdcan.c ****     }
 1606              	 .loc 1 842 9 view .LVU548
 872:Drivers/STM32G4xx_HAL_Driver/Src/stm32g4xx_hal_fdcan.c ****   }
 1607              	 .loc 1 872 12 is_stmt 0 view .LVU549
 1608 0028 0120     	 movs r0,#1
 1609              	.LVL67:
 875:Drivers/STM32G4xx_HAL_Driver/Src/stm32g4xx_hal_fdcan.c **** }
 1610              	 .loc 1 875 3 is_stmt 1 view .LVU550
 876:Drivers/STM32G4xx_HAL_Driver/Src/stm32g4xx_hal_fdcan.c **** 
 1611              	 .loc 1 876 1 is_stmt 0 view .LVU551
 1612 002a 7047     	 bx lr
 1613              	.LVL68:
 1614              	.L176:
 806:Drivers/STM32G4xx_HAL_Driver/Src/stm32g4xx_hal_fdcan.c ****     {
 1615              	 .loc 1 806 5 is_stmt 1 view .LVU552
 1616 002c 0629     	 cmp r1,#6
 1617 002e F7D8     	 bhi .L155
 1618 0030 01A3     	 adr r3,.L157
 1619 0032 53F821F0 	 ldr pc,[r3,r1,lsl#2]
 1620 0036 00BF     	 .p2align 2
 1621              	.L157:
 1622 0038 67000000 	 .word .L163+1
 1623 003c 6D000000 	 .word .L162+1
 1624 0040 73000000 	 .word .L161+1
 1625 0044 7B000000 	 .word .L160+1
 1626 0048 5F000000 	 .word .L159+1
 1627 004c 55000000 	 .word .L158+1
 1628 0050 17000000 	 .word .L156+1
 1629              	 .p2align 1
 1630              	.L158:
 829:Drivers/STM32G4xx_HAL_Driver/Src/stm32g4xx_hal_fdcan.c ****         break;
 1631              	 .loc 1 829 9 view .LVU553
 829:Drivers/STM32G4xx_HAL_Driver/Src/stm32g4xx_hal_fdcan.c ****         break;
 1632              	 .loc 1 829 33 is_stmt 0 view .LVU554
 1633 0054 0C4B     	 ldr r3,.L177+4
 1634 0056 C0F89030 	 str r3,[r0,#144]
 830:Drivers/STM32G4xx_HAL_Driver/Src/stm32g4xx_hal_fdcan.c **** 
 1635              	 .loc 1 830 9 is_stmt 1 view .LVU555
 802:Drivers/STM32G4xx_HAL_Driver/Src/stm32g4xx_hal_fdcan.c **** 
ARM GAS   			page 99


 1636              	 .loc 1 802 21 is_stmt 0 view .LVU556
 1637 005a 0020     	 movs r0,#0
 1638              	.LVL69:
 802:Drivers/STM32G4xx_HAL_Driver/Src/stm32g4xx_hal_fdcan.c **** 
 1639              	 .loc 1 802 21 view .LVU557
 1640 005c 7047     	 bx lr
 1641              	.LVL70:
 1642              	.L159:
 825:Drivers/STM32G4xx_HAL_Driver/Src/stm32g4xx_hal_fdcan.c ****         break;
 1643              	 .loc 1 825 9 is_stmt 1 view .LVU558
 825:Drivers/STM32G4xx_HAL_Driver/Src/stm32g4xx_hal_fdcan.c ****         break;
 1644              	 .loc 1 825 31 is_stmt 0 view .LVU559
 1645 005e 0B4B     	 ldr r3,.L177+8
 1646 0060 C0F88830 	 str r3,[r0,#136]
 826:Drivers/STM32G4xx_HAL_Driver/Src/stm32g4xx_hal_fdcan.c **** 
 1647              	 .loc 1 826 9 is_stmt 1 view .LVU560
 1648 0064 DAE7     	 b .L164
 1649              	.L163:
 809:Drivers/STM32G4xx_HAL_Driver/Src/stm32g4xx_hal_fdcan.c ****         break;
 1650              	 .loc 1 809 9 view .LVU561
 809:Drivers/STM32G4xx_HAL_Driver/Src/stm32g4xx_hal_fdcan.c ****         break;
 1651              	 .loc 1 809 37 is_stmt 0 view .LVU562
 1652 0066 0A4B     	 ldr r3,.L177+12
 1653 0068 0367     	 str r3,[r0,#112]
 810:Drivers/STM32G4xx_HAL_Driver/Src/stm32g4xx_hal_fdcan.c **** 
 1654              	 .loc 1 810 9 is_stmt 1 view .LVU563
 1655 006a D7E7     	 b .L164
 1656              	.L162:
 813:Drivers/STM32G4xx_HAL_Driver/Src/stm32g4xx_hal_fdcan.c ****         break;
 1657              	 .loc 1 813 9 view .LVU564
 813:Drivers/STM32G4xx_HAL_Driver/Src/stm32g4xx_hal_fdcan.c ****         break;
 1658              	 .loc 1 813 45 is_stmt 0 view .LVU565
 1659 006c 094B     	 ldr r3,.L177+16
 1660 006e C367     	 str r3,[r0,#124]
 814:Drivers/STM32G4xx_HAL_Driver/Src/stm32g4xx_hal_fdcan.c **** 
 1661              	 .loc 1 814 9 is_stmt 1 view .LVU566
 1662 0070 D4E7     	 b .L164
 1663              	.L161:
 817:Drivers/STM32G4xx_HAL_Driver/Src/stm32g4xx_hal_fdcan.c ****         break;
 1664              	 .loc 1 817 9 view .LVU567
 817:Drivers/STM32G4xx_HAL_Driver/Src/stm32g4xx_hal_fdcan.c ****         break;
 1665              	 .loc 1 817 45 is_stmt 0 view .LVU568
 1666 0072 094B     	 ldr r3,.L177+20
 1667 0074 C0F88030 	 str r3,[r0,#128]
 818:Drivers/STM32G4xx_HAL_Driver/Src/stm32g4xx_hal_fdcan.c **** 
 1668              	 .loc 1 818 9 is_stmt 1 view .LVU569
 1669 0078 D0E7     	 b .L164
 1670              	.L160:
 821:Drivers/STM32G4xx_HAL_Driver/Src/stm32g4xx_hal_fdcan.c ****         break;
 1671              	 .loc 1 821 9 view .LVU570
 821:Drivers/STM32G4xx_HAL_Driver/Src/stm32g4xx_hal_fdcan.c ****         break;
 1672              	 .loc 1 821 41 is_stmt 0 view .LVU571
 1673 007a 084B     	 ldr r3,.L177+24
 1674 007c C0F88430 	 str r3,[r0,#132]
 822:Drivers/STM32G4xx_HAL_Driver/Src/stm32g4xx_hal_fdcan.c **** 
 1675              	 .loc 1 822 9 is_stmt 1 view .LVU572
 1676 0080 CCE7     	 b .L164
ARM GAS   			page 100


 1677              	.L178:
 1678 0082 00BF     	 .align 2
 1679              	.L177:
 1680 0084 00000000 	 .word HAL_FDCAN_MspDeInit
 1681 0088 00000000 	 .word HAL_FDCAN_MspInit
 1682 008c 00000000 	 .word HAL_FDCAN_ErrorCallback
 1683 0090 00000000 	 .word HAL_FDCAN_TxFifoEmptyCallback
 1684 0094 00000000 	 .word HAL_FDCAN_HighPriorityMessageCallback
 1685 0098 00000000 	 .word HAL_FDCAN_TimestampWraparoundCallback
 1686 009c 00000000 	 .word HAL_FDCAN_TimeoutOccurredCallback
 1687              	 .cfi_endproc
 1688              	.LFE368:
 1690              	 .section .text.HAL_FDCAN_RegisterTxEventFifoCallback,"ax",%progbits
 1691              	 .align 1
 1692              	 .p2align 2,,3
 1693              	 .global HAL_FDCAN_RegisterTxEventFifoCallback
 1694              	 .syntax unified
 1695              	 .thumb
 1696              	 .thumb_func
 1698              	HAL_FDCAN_RegisterTxEventFifoCallback:
 1699              	.LVL71:
 1700              	.LFB369:
 887:Drivers/STM32G4xx_HAL_Driver/Src/stm32g4xx_hal_fdcan.c ****   HAL_StatusTypeDef status = HAL_OK;
 1701              	 .loc 1 887 1 view-0
 1702              	 .cfi_startproc
 1703              	 
 1704              	 
 1705              	 
 888:Drivers/STM32G4xx_HAL_Driver/Src/stm32g4xx_hal_fdcan.c **** 
 1706              	 .loc 1 888 3 view .LVU574
 890:Drivers/STM32G4xx_HAL_Driver/Src/stm32g4xx_hal_fdcan.c ****   {
 1707              	 .loc 1 890 3 view .LVU575
 890:Drivers/STM32G4xx_HAL_Driver/Src/stm32g4xx_hal_fdcan.c ****   {
 1708              	 .loc 1 890 6 is_stmt 0 view .LVU576
 1709 0000 19B1     	 cbz r1,.L182
 897:Drivers/STM32G4xx_HAL_Driver/Src/stm32g4xx_hal_fdcan.c ****   {
 1710              	 .loc 1 897 3 is_stmt 1 view .LVU577
 897:Drivers/STM32G4xx_HAL_Driver/Src/stm32g4xx_hal_fdcan.c ****   {
 1711              	 .loc 1 897 13 is_stmt 0 view .LVU578
 1712 0002 90F85C30 	 ldrb r3,[r0,#92]
 897:Drivers/STM32G4xx_HAL_Driver/Src/stm32g4xx_hal_fdcan.c ****   {
 1713              	 .loc 1 897 6 view .LVU579
 1714 0006 012B     	 cmp r3,#1
 1715 0008 05D0     	 beq .L184
 1716              	.L182:
 904:Drivers/STM32G4xx_HAL_Driver/Src/stm32g4xx_hal_fdcan.c **** 
 1717              	 .loc 1 904 5 is_stmt 1 view .LVU580
 904:Drivers/STM32G4xx_HAL_Driver/Src/stm32g4xx_hal_fdcan.c **** 
 1718              	 .loc 1 904 11 is_stmt 0 view .LVU581
 1719 000a 036E     	 ldr r3,[r0,#96]
 904:Drivers/STM32G4xx_HAL_Driver/Src/stm32g4xx_hal_fdcan.c **** 
 1720              	 .loc 1 904 23 view .LVU582
 1721 000c 43F48073 	 orr r3,r3,#256
 1722 0010 0366     	 str r3,[r0,#96]
 907:Drivers/STM32G4xx_HAL_Driver/Src/stm32g4xx_hal_fdcan.c ****   }
 1723              	 .loc 1 907 5 is_stmt 1 view .LVU583
 1724              	.LVL72:
ARM GAS   			page 101


 894:Drivers/STM32G4xx_HAL_Driver/Src/stm32g4xx_hal_fdcan.c ****   }
 1725              	 .loc 1 894 12 is_stmt 0 view .LVU584
 1726 0012 0120     	 movs r0,#1
 1727              	.LVL73:
 911:Drivers/STM32G4xx_HAL_Driver/Src/stm32g4xx_hal_fdcan.c **** 
 1728              	 .loc 1 911 1 view .LVU585
 1729 0014 7047     	 bx lr
 1730              	.LVL74:
 1731              	.L184:
 899:Drivers/STM32G4xx_HAL_Driver/Src/stm32g4xx_hal_fdcan.c ****   }
 1732              	 .loc 1 899 5 is_stmt 1 view .LVU586
 899:Drivers/STM32G4xx_HAL_Driver/Src/stm32g4xx_hal_fdcan.c ****   }
 1733              	 .loc 1 899 33 is_stmt 0 view .LVU587
 1734 0016 4166     	 str r1,[r0,#100]
 888:Drivers/STM32G4xx_HAL_Driver/Src/stm32g4xx_hal_fdcan.c **** 
 1735              	 .loc 1 888 21 view .LVU588
 1736 0018 0020     	 movs r0,#0
 1737              	.LVL75:
 888:Drivers/STM32G4xx_HAL_Driver/Src/stm32g4xx_hal_fdcan.c **** 
 1738              	 .loc 1 888 21 view .LVU589
 1739 001a 7047     	 bx lr
 1740              	 .cfi_endproc
 1741              	.LFE369:
 1743              	 .section .text.HAL_FDCAN_UnRegisterTxEventFifoCallback,"ax",%progbits
 1744              	 .align 1
 1745              	 .p2align 2,,3
 1746              	 .global HAL_FDCAN_UnRegisterTxEventFifoCallback
 1747              	 .syntax unified
 1748              	 .thumb
 1749              	 .thumb_func
 1751              	HAL_FDCAN_UnRegisterTxEventFifoCallback:
 1752              	.LVL76:
 1753              	.LFB370:
 920:Drivers/STM32G4xx_HAL_Driver/Src/stm32g4xx_hal_fdcan.c ****   HAL_StatusTypeDef status = HAL_OK;
 1754              	 .loc 1 920 1 is_stmt 1 view-0
 1755              	 .cfi_startproc
 1756              	 
 1757              	 
 1758              	 
 921:Drivers/STM32G4xx_HAL_Driver/Src/stm32g4xx_hal_fdcan.c **** 
 1759              	 .loc 1 921 3 view .LVU591
 923:Drivers/STM32G4xx_HAL_Driver/Src/stm32g4xx_hal_fdcan.c ****   {
 1760              	 .loc 1 923 3 view .LVU592
 923:Drivers/STM32G4xx_HAL_Driver/Src/stm32g4xx_hal_fdcan.c ****   {
 1761              	 .loc 1 923 13 is_stmt 0 view .LVU593
 1762 0000 90F85C20 	 ldrb r2,[r0,#92]
 923:Drivers/STM32G4xx_HAL_Driver/Src/stm32g4xx_hal_fdcan.c ****   {
 1763              	 .loc 1 923 6 view .LVU594
 1764 0004 012A     	 cmp r2,#1
 920:Drivers/STM32G4xx_HAL_Driver/Src/stm32g4xx_hal_fdcan.c ****   HAL_StatusTypeDef status = HAL_OK;
 1765              	 .loc 1 920 1 view .LVU595
 1766 0006 0346     	 mov r3,r0
 923:Drivers/STM32G4xx_HAL_Driver/Src/stm32g4xx_hal_fdcan.c ****   {
 1767              	 .loc 1 923 6 view .LVU596
 1768 0008 05D0     	 beq .L188
 930:Drivers/STM32G4xx_HAL_Driver/Src/stm32g4xx_hal_fdcan.c **** 
 1769              	 .loc 1 930 5 is_stmt 1 view .LVU597
ARM GAS   			page 102


 930:Drivers/STM32G4xx_HAL_Driver/Src/stm32g4xx_hal_fdcan.c **** 
 1770              	 .loc 1 930 11 is_stmt 0 view .LVU598
 1771 000a 026E     	 ldr r2,[r0,#96]
 930:Drivers/STM32G4xx_HAL_Driver/Src/stm32g4xx_hal_fdcan.c **** 
 1772              	 .loc 1 930 23 view .LVU599
 1773 000c 42F48072 	 orr r2,r2,#256
 933:Drivers/STM32G4xx_HAL_Driver/Src/stm32g4xx_hal_fdcan.c ****   }
 1774              	 .loc 1 933 12 view .LVU600
 1775 0010 0120     	 movs r0,#1
 1776              	.LVL77:
 930:Drivers/STM32G4xx_HAL_Driver/Src/stm32g4xx_hal_fdcan.c **** 
 1777              	 .loc 1 930 23 view .LVU601
 1778 0012 1A66     	 str r2,[r3,#96]
 933:Drivers/STM32G4xx_HAL_Driver/Src/stm32g4xx_hal_fdcan.c ****   }
 1779              	 .loc 1 933 5 is_stmt 1 view .LVU602
 1780              	.LVL78:
 936:Drivers/STM32G4xx_HAL_Driver/Src/stm32g4xx_hal_fdcan.c **** }
 1781              	 .loc 1 936 3 view .LVU603
 937:Drivers/STM32G4xx_HAL_Driver/Src/stm32g4xx_hal_fdcan.c **** 
 1782              	 .loc 1 937 1 is_stmt 0 view .LVU604
 1783 0014 7047     	 bx lr
 1784              	.LVL79:
 1785              	.L188:
 925:Drivers/STM32G4xx_HAL_Driver/Src/stm32g4xx_hal_fdcan.c ****   }
 1786              	 .loc 1 925 5 is_stmt 1 view .LVU605
 925:Drivers/STM32G4xx_HAL_Driver/Src/stm32g4xx_hal_fdcan.c ****   }
 1787              	 .loc 1 925 33 is_stmt 0 view .LVU606
 1788 0016 024A     	 ldr r2,.L189
 1789 0018 4266     	 str r2,[r0,#100]
 921:Drivers/STM32G4xx_HAL_Driver/Src/stm32g4xx_hal_fdcan.c **** 
 1790              	 .loc 1 921 21 view .LVU607
 1791 001a 0020     	 movs r0,#0
 1792              	.LVL80:
 921:Drivers/STM32G4xx_HAL_Driver/Src/stm32g4xx_hal_fdcan.c **** 
 1793              	 .loc 1 921 21 view .LVU608
 1794 001c 7047     	 bx lr
 1795              	.L190:
 1796 001e 00BF     	 .align 2
 1797              	.L189:
 1798 0020 00000000 	 .word HAL_FDCAN_TxEventFifoCallback
 1799              	 .cfi_endproc
 1800              	.LFE370:
 1802              	 .section .text.HAL_FDCAN_RegisterRxFifo0Callback,"ax",%progbits
 1803              	 .align 1
 1804              	 .p2align 2,,3
 1805              	 .global HAL_FDCAN_RegisterRxFifo0Callback
 1806              	 .syntax unified
 1807              	 .thumb
 1808              	 .thumb_func
 1810              	HAL_FDCAN_RegisterRxFifo0Callback:
 1811              	.LVL81:
 1812              	.LFB371:
 948:Drivers/STM32G4xx_HAL_Driver/Src/stm32g4xx_hal_fdcan.c ****   HAL_StatusTypeDef status = HAL_OK;
 1813              	 .loc 1 948 1 is_stmt 1 view-0
 1814              	 .cfi_startproc
 1815              	 
 1816              	 
ARM GAS   			page 103


 1817              	 
 949:Drivers/STM32G4xx_HAL_Driver/Src/stm32g4xx_hal_fdcan.c **** 
 1818              	 .loc 1 949 3 view .LVU610
 951:Drivers/STM32G4xx_HAL_Driver/Src/stm32g4xx_hal_fdcan.c ****   {
 1819              	 .loc 1 951 3 view .LVU611
 951:Drivers/STM32G4xx_HAL_Driver/Src/stm32g4xx_hal_fdcan.c ****   {
 1820              	 .loc 1 951 6 is_stmt 0 view .LVU612
 1821 0000 19B1     	 cbz r1,.L194
 958:Drivers/STM32G4xx_HAL_Driver/Src/stm32g4xx_hal_fdcan.c ****   {
 1822              	 .loc 1 958 3 is_stmt 1 view .LVU613
 958:Drivers/STM32G4xx_HAL_Driver/Src/stm32g4xx_hal_fdcan.c ****   {
 1823              	 .loc 1 958 13 is_stmt 0 view .LVU614
 1824 0002 90F85C30 	 ldrb r3,[r0,#92]
 958:Drivers/STM32G4xx_HAL_Driver/Src/stm32g4xx_hal_fdcan.c ****   {
 1825              	 .loc 1 958 6 view .LVU615
 1826 0006 012B     	 cmp r3,#1
 1827 0008 05D0     	 beq .L196
 1828              	.L194:
 965:Drivers/STM32G4xx_HAL_Driver/Src/stm32g4xx_hal_fdcan.c **** 
 1829              	 .loc 1 965 5 is_stmt 1 view .LVU616
 965:Drivers/STM32G4xx_HAL_Driver/Src/stm32g4xx_hal_fdcan.c **** 
 1830              	 .loc 1 965 11 is_stmt 0 view .LVU617
 1831 000a 036E     	 ldr r3,[r0,#96]
 965:Drivers/STM32G4xx_HAL_Driver/Src/stm32g4xx_hal_fdcan.c **** 
 1832              	 .loc 1 965 23 view .LVU618
 1833 000c 43F48073 	 orr r3,r3,#256
 1834 0010 0366     	 str r3,[r0,#96]
 968:Drivers/STM32G4xx_HAL_Driver/Src/stm32g4xx_hal_fdcan.c ****   }
 1835              	 .loc 1 968 5 is_stmt 1 view .LVU619
 1836              	.LVL82:
 955:Drivers/STM32G4xx_HAL_Driver/Src/stm32g4xx_hal_fdcan.c ****   }
 1837              	 .loc 1 955 12 is_stmt 0 view .LVU620
 1838 0012 0120     	 movs r0,#1
 1839              	.LVL83:
 972:Drivers/STM32G4xx_HAL_Driver/Src/stm32g4xx_hal_fdcan.c **** 
 1840              	 .loc 1 972 1 view .LVU621
 1841 0014 7047     	 bx lr
 1842              	.LVL84:
 1843              	.L196:
 960:Drivers/STM32G4xx_HAL_Driver/Src/stm32g4xx_hal_fdcan.c ****   }
 1844              	 .loc 1 960 5 is_stmt 1 view .LVU622
 960:Drivers/STM32G4xx_HAL_Driver/Src/stm32g4xx_hal_fdcan.c ****   }
 1845              	 .loc 1 960 29 is_stmt 0 view .LVU623
 1846 0016 8166     	 str r1,[r0,#104]
 949:Drivers/STM32G4xx_HAL_Driver/Src/stm32g4xx_hal_fdcan.c **** 
 1847              	 .loc 1 949 21 view .LVU624
 1848 0018 0020     	 movs r0,#0
 1849              	.LVL85:
 949:Drivers/STM32G4xx_HAL_Driver/Src/stm32g4xx_hal_fdcan.c **** 
 1850              	 .loc 1 949 21 view .LVU625
 1851 001a 7047     	 bx lr
 1852              	 .cfi_endproc
 1853              	.LFE371:
 1855              	 .section .text.HAL_FDCAN_UnRegisterRxFifo0Callback,"ax",%progbits
 1856              	 .align 1
 1857              	 .p2align 2,,3
 1858              	 .global HAL_FDCAN_UnRegisterRxFifo0Callback
ARM GAS   			page 104


 1859              	 .syntax unified
 1860              	 .thumb
 1861              	 .thumb_func
 1863              	HAL_FDCAN_UnRegisterRxFifo0Callback:
 1864              	.LVL86:
 1865              	.LFB372:
 981:Drivers/STM32G4xx_HAL_Driver/Src/stm32g4xx_hal_fdcan.c ****   HAL_StatusTypeDef status = HAL_OK;
 1866              	 .loc 1 981 1 is_stmt 1 view-0
 1867              	 .cfi_startproc
 1868              	 
 1869              	 
 1870              	 
 982:Drivers/STM32G4xx_HAL_Driver/Src/stm32g4xx_hal_fdcan.c **** 
 1871              	 .loc 1 982 3 view .LVU627
 984:Drivers/STM32G4xx_HAL_Driver/Src/stm32g4xx_hal_fdcan.c ****   {
 1872              	 .loc 1 984 3 view .LVU628
 984:Drivers/STM32G4xx_HAL_Driver/Src/stm32g4xx_hal_fdcan.c ****   {
 1873              	 .loc 1 984 13 is_stmt 0 view .LVU629
 1874 0000 90F85C20 	 ldrb r2,[r0,#92]
 984:Drivers/STM32G4xx_HAL_Driver/Src/stm32g4xx_hal_fdcan.c ****   {
 1875              	 .loc 1 984 6 view .LVU630
 1876 0004 012A     	 cmp r2,#1
 981:Drivers/STM32G4xx_HAL_Driver/Src/stm32g4xx_hal_fdcan.c ****   HAL_StatusTypeDef status = HAL_OK;
 1877              	 .loc 1 981 1 view .LVU631
 1878 0006 0346     	 mov r3,r0
 984:Drivers/STM32G4xx_HAL_Driver/Src/stm32g4xx_hal_fdcan.c ****   {
 1879              	 .loc 1 984 6 view .LVU632
 1880 0008 05D0     	 beq .L200
 991:Drivers/STM32G4xx_HAL_Driver/Src/stm32g4xx_hal_fdcan.c **** 
 1881              	 .loc 1 991 5 is_stmt 1 view .LVU633
 991:Drivers/STM32G4xx_HAL_Driver/Src/stm32g4xx_hal_fdcan.c **** 
 1882              	 .loc 1 991 11 is_stmt 0 view .LVU634
 1883 000a 026E     	 ldr r2,[r0,#96]
 991:Drivers/STM32G4xx_HAL_Driver/Src/stm32g4xx_hal_fdcan.c **** 
 1884              	 .loc 1 991 23 view .LVU635
 1885 000c 42F48072 	 orr r2,r2,#256
 994:Drivers/STM32G4xx_HAL_Driver/Src/stm32g4xx_hal_fdcan.c ****   }
 1886              	 .loc 1 994 12 view .LVU636
 1887 0010 0120     	 movs r0,#1
 1888              	.LVL87:
 991:Drivers/STM32G4xx_HAL_Driver/Src/stm32g4xx_hal_fdcan.c **** 
 1889              	 .loc 1 991 23 view .LVU637
 1890 0012 1A66     	 str r2,[r3,#96]
 994:Drivers/STM32G4xx_HAL_Driver/Src/stm32g4xx_hal_fdcan.c ****   }
 1891              	 .loc 1 994 5 is_stmt 1 view .LVU638
 1892              	.LVL88:
 997:Drivers/STM32G4xx_HAL_Driver/Src/stm32g4xx_hal_fdcan.c **** }
 1893              	 .loc 1 997 3 view .LVU639
 998:Drivers/STM32G4xx_HAL_Driver/Src/stm32g4xx_hal_fdcan.c **** 
 1894              	 .loc 1 998 1 is_stmt 0 view .LVU640
 1895 0014 7047     	 bx lr
 1896              	.LVL89:
 1897              	.L200:
 986:Drivers/STM32G4xx_HAL_Driver/Src/stm32g4xx_hal_fdcan.c ****   }
 1898              	 .loc 1 986 5 is_stmt 1 view .LVU641
 986:Drivers/STM32G4xx_HAL_Driver/Src/stm32g4xx_hal_fdcan.c ****   }
 1899              	 .loc 1 986 29 is_stmt 0 view .LVU642
ARM GAS   			page 105


 1900 0016 024A     	 ldr r2,.L201
 1901 0018 8266     	 str r2,[r0,#104]
 982:Drivers/STM32G4xx_HAL_Driver/Src/stm32g4xx_hal_fdcan.c **** 
 1902              	 .loc 1 982 21 view .LVU643
 1903 001a 0020     	 movs r0,#0
 1904              	.LVL90:
 982:Drivers/STM32G4xx_HAL_Driver/Src/stm32g4xx_hal_fdcan.c **** 
 1905              	 .loc 1 982 21 view .LVU644
 1906 001c 7047     	 bx lr
 1907              	.L202:
 1908 001e 00BF     	 .align 2
 1909              	.L201:
 1910 0020 00000000 	 .word HAL_FDCAN_RxFifo0Callback
 1911              	 .cfi_endproc
 1912              	.LFE372:
 1914              	 .section .text.HAL_FDCAN_RegisterRxFifo1Callback,"ax",%progbits
 1915              	 .align 1
 1916              	 .p2align 2,,3
 1917              	 .global HAL_FDCAN_RegisterRxFifo1Callback
 1918              	 .syntax unified
 1919              	 .thumb
 1920              	 .thumb_func
 1922              	HAL_FDCAN_RegisterRxFifo1Callback:
 1923              	.LVL91:
 1924              	.LFB373:
1009:Drivers/STM32G4xx_HAL_Driver/Src/stm32g4xx_hal_fdcan.c ****   HAL_StatusTypeDef status = HAL_OK;
 1925              	 .loc 1 1009 1 is_stmt 1 view-0
 1926              	 .cfi_startproc
 1927              	 
 1928              	 
 1929              	 
1010:Drivers/STM32G4xx_HAL_Driver/Src/stm32g4xx_hal_fdcan.c **** 
 1930              	 .loc 1 1010 3 view .LVU646
1012:Drivers/STM32G4xx_HAL_Driver/Src/stm32g4xx_hal_fdcan.c ****   {
 1931              	 .loc 1 1012 3 view .LVU647
1012:Drivers/STM32G4xx_HAL_Driver/Src/stm32g4xx_hal_fdcan.c ****   {
 1932              	 .loc 1 1012 6 is_stmt 0 view .LVU648
 1933 0000 19B1     	 cbz r1,.L206
1019:Drivers/STM32G4xx_HAL_Driver/Src/stm32g4xx_hal_fdcan.c ****   {
 1934              	 .loc 1 1019 3 is_stmt 1 view .LVU649
1019:Drivers/STM32G4xx_HAL_Driver/Src/stm32g4xx_hal_fdcan.c ****   {
 1935              	 .loc 1 1019 13 is_stmt 0 view .LVU650
 1936 0002 90F85C30 	 ldrb r3,[r0,#92]
1019:Drivers/STM32G4xx_HAL_Driver/Src/stm32g4xx_hal_fdcan.c ****   {
 1937              	 .loc 1 1019 6 view .LVU651
 1938 0006 012B     	 cmp r3,#1
 1939 0008 05D0     	 beq .L208
 1940              	.L206:
1026:Drivers/STM32G4xx_HAL_Driver/Src/stm32g4xx_hal_fdcan.c **** 
 1941              	 .loc 1 1026 5 is_stmt 1 view .LVU652
1026:Drivers/STM32G4xx_HAL_Driver/Src/stm32g4xx_hal_fdcan.c **** 
 1942              	 .loc 1 1026 11 is_stmt 0 view .LVU653
 1943 000a 036E     	 ldr r3,[r0,#96]
1026:Drivers/STM32G4xx_HAL_Driver/Src/stm32g4xx_hal_fdcan.c **** 
 1944              	 .loc 1 1026 23 view .LVU654
 1945 000c 43F48073 	 orr r3,r3,#256
 1946 0010 0366     	 str r3,[r0,#96]
ARM GAS   			page 106


1029:Drivers/STM32G4xx_HAL_Driver/Src/stm32g4xx_hal_fdcan.c ****   }
 1947              	 .loc 1 1029 5 is_stmt 1 view .LVU655
 1948              	.LVL92:
1016:Drivers/STM32G4xx_HAL_Driver/Src/stm32g4xx_hal_fdcan.c ****   }
 1949              	 .loc 1 1016 12 is_stmt 0 view .LVU656
 1950 0012 0120     	 movs r0,#1
 1951              	.LVL93:
1033:Drivers/STM32G4xx_HAL_Driver/Src/stm32g4xx_hal_fdcan.c **** 
 1952              	 .loc 1 1033 1 view .LVU657
 1953 0014 7047     	 bx lr
 1954              	.LVL94:
 1955              	.L208:
1021:Drivers/STM32G4xx_HAL_Driver/Src/stm32g4xx_hal_fdcan.c ****   }
 1956              	 .loc 1 1021 5 is_stmt 1 view .LVU658
1021:Drivers/STM32G4xx_HAL_Driver/Src/stm32g4xx_hal_fdcan.c ****   }
 1957              	 .loc 1 1021 29 is_stmt 0 view .LVU659
 1958 0016 C166     	 str r1,[r0,#108]
1010:Drivers/STM32G4xx_HAL_Driver/Src/stm32g4xx_hal_fdcan.c **** 
 1959              	 .loc 1 1010 21 view .LVU660
 1960 0018 0020     	 movs r0,#0
 1961              	.LVL95:
1010:Drivers/STM32G4xx_HAL_Driver/Src/stm32g4xx_hal_fdcan.c **** 
 1962              	 .loc 1 1010 21 view .LVU661
 1963 001a 7047     	 bx lr
 1964              	 .cfi_endproc
 1965              	.LFE373:
 1967              	 .section .text.HAL_FDCAN_UnRegisterRxFifo1Callback,"ax",%progbits
 1968              	 .align 1
 1969              	 .p2align 2,,3
 1970              	 .global HAL_FDCAN_UnRegisterRxFifo1Callback
 1971              	 .syntax unified
 1972              	 .thumb
 1973              	 .thumb_func
 1975              	HAL_FDCAN_UnRegisterRxFifo1Callback:
 1976              	.LVL96:
 1977              	.LFB374:
1042:Drivers/STM32G4xx_HAL_Driver/Src/stm32g4xx_hal_fdcan.c ****   HAL_StatusTypeDef status = HAL_OK;
 1978              	 .loc 1 1042 1 is_stmt 1 view-0
 1979              	 .cfi_startproc
 1980              	 
 1981              	 
 1982              	 
1043:Drivers/STM32G4xx_HAL_Driver/Src/stm32g4xx_hal_fdcan.c **** 
 1983              	 .loc 1 1043 3 view .LVU663
1045:Drivers/STM32G4xx_HAL_Driver/Src/stm32g4xx_hal_fdcan.c ****   {
 1984              	 .loc 1 1045 3 view .LVU664
1045:Drivers/STM32G4xx_HAL_Driver/Src/stm32g4xx_hal_fdcan.c ****   {
 1985              	 .loc 1 1045 13 is_stmt 0 view .LVU665
 1986 0000 90F85C20 	 ldrb r2,[r0,#92]
1045:Drivers/STM32G4xx_HAL_Driver/Src/stm32g4xx_hal_fdcan.c ****   {
 1987              	 .loc 1 1045 6 view .LVU666
 1988 0004 012A     	 cmp r2,#1
1042:Drivers/STM32G4xx_HAL_Driver/Src/stm32g4xx_hal_fdcan.c ****   HAL_StatusTypeDef status = HAL_OK;
 1989              	 .loc 1 1042 1 view .LVU667
 1990 0006 0346     	 mov r3,r0
1045:Drivers/STM32G4xx_HAL_Driver/Src/stm32g4xx_hal_fdcan.c ****   {
 1991              	 .loc 1 1045 6 view .LVU668
ARM GAS   			page 107


 1992 0008 05D0     	 beq .L212
1052:Drivers/STM32G4xx_HAL_Driver/Src/stm32g4xx_hal_fdcan.c **** 
 1993              	 .loc 1 1052 5 is_stmt 1 view .LVU669
1052:Drivers/STM32G4xx_HAL_Driver/Src/stm32g4xx_hal_fdcan.c **** 
 1994              	 .loc 1 1052 11 is_stmt 0 view .LVU670
 1995 000a 026E     	 ldr r2,[r0,#96]
1052:Drivers/STM32G4xx_HAL_Driver/Src/stm32g4xx_hal_fdcan.c **** 
 1996              	 .loc 1 1052 23 view .LVU671
 1997 000c 42F48072 	 orr r2,r2,#256
1055:Drivers/STM32G4xx_HAL_Driver/Src/stm32g4xx_hal_fdcan.c ****   }
 1998              	 .loc 1 1055 12 view .LVU672
 1999 0010 0120     	 movs r0,#1
 2000              	.LVL97:
1052:Drivers/STM32G4xx_HAL_Driver/Src/stm32g4xx_hal_fdcan.c **** 
 2001              	 .loc 1 1052 23 view .LVU673
 2002 0012 1A66     	 str r2,[r3,#96]
1055:Drivers/STM32G4xx_HAL_Driver/Src/stm32g4xx_hal_fdcan.c ****   }
 2003              	 .loc 1 1055 5 is_stmt 1 view .LVU674
 2004              	.LVL98:
1058:Drivers/STM32G4xx_HAL_Driver/Src/stm32g4xx_hal_fdcan.c **** }
 2005              	 .loc 1 1058 3 view .LVU675
1059:Drivers/STM32G4xx_HAL_Driver/Src/stm32g4xx_hal_fdcan.c **** 
 2006              	 .loc 1 1059 1 is_stmt 0 view .LVU676
 2007 0014 7047     	 bx lr
 2008              	.LVL99:
 2009              	.L212:
1047:Drivers/STM32G4xx_HAL_Driver/Src/stm32g4xx_hal_fdcan.c ****   }
 2010              	 .loc 1 1047 5 is_stmt 1 view .LVU677
1047:Drivers/STM32G4xx_HAL_Driver/Src/stm32g4xx_hal_fdcan.c ****   }
 2011              	 .loc 1 1047 29 is_stmt 0 view .LVU678
 2012 0016 024A     	 ldr r2,.L213
 2013 0018 C266     	 str r2,[r0,#108]
1043:Drivers/STM32G4xx_HAL_Driver/Src/stm32g4xx_hal_fdcan.c **** 
 2014              	 .loc 1 1043 21 view .LVU679
 2015 001a 0020     	 movs r0,#0
 2016              	.LVL100:
1043:Drivers/STM32G4xx_HAL_Driver/Src/stm32g4xx_hal_fdcan.c **** 
 2017              	 .loc 1 1043 21 view .LVU680
 2018 001c 7047     	 bx lr
 2019              	.L214:
 2020 001e 00BF     	 .align 2
 2021              	.L213:
 2022 0020 00000000 	 .word HAL_FDCAN_RxFifo1Callback
 2023              	 .cfi_endproc
 2024              	.LFE374:
 2026              	 .section .text.HAL_FDCAN_RegisterTxBufferCompleteCallback,"ax",%progbits
 2027              	 .align 1
 2028              	 .p2align 2,,3
 2029              	 .global HAL_FDCAN_RegisterTxBufferCompleteCallback
 2030              	 .syntax unified
 2031              	 .thumb
 2032              	 .thumb_func
 2034              	HAL_FDCAN_RegisterTxBufferCompleteCallback:
 2035              	.LVL101:
 2036              	.LFB375:
1070:Drivers/STM32G4xx_HAL_Driver/Src/stm32g4xx_hal_fdcan.c ****   HAL_StatusTypeDef status = HAL_OK;
 2037              	 .loc 1 1070 1 is_stmt 1 view-0
ARM GAS   			page 108


 2038              	 .cfi_startproc
 2039              	 
 2040              	 
 2041              	 
1071:Drivers/STM32G4xx_HAL_Driver/Src/stm32g4xx_hal_fdcan.c **** 
 2042              	 .loc 1 1071 3 view .LVU682
1073:Drivers/STM32G4xx_HAL_Driver/Src/stm32g4xx_hal_fdcan.c ****   {
 2043              	 .loc 1 1073 3 view .LVU683
1073:Drivers/STM32G4xx_HAL_Driver/Src/stm32g4xx_hal_fdcan.c ****   {
 2044              	 .loc 1 1073 6 is_stmt 0 view .LVU684
 2045 0000 19B1     	 cbz r1,.L218
1080:Drivers/STM32G4xx_HAL_Driver/Src/stm32g4xx_hal_fdcan.c ****   {
 2046              	 .loc 1 1080 3 is_stmt 1 view .LVU685
1080:Drivers/STM32G4xx_HAL_Driver/Src/stm32g4xx_hal_fdcan.c ****   {
 2047              	 .loc 1 1080 13 is_stmt 0 view .LVU686
 2048 0002 90F85C30 	 ldrb r3,[r0,#92]
1080:Drivers/STM32G4xx_HAL_Driver/Src/stm32g4xx_hal_fdcan.c ****   {
 2049              	 .loc 1 1080 6 view .LVU687
 2050 0006 012B     	 cmp r3,#1
 2051 0008 05D0     	 beq .L220
 2052              	.L218:
1087:Drivers/STM32G4xx_HAL_Driver/Src/stm32g4xx_hal_fdcan.c **** 
 2053              	 .loc 1 1087 5 is_stmt 1 view .LVU688
1087:Drivers/STM32G4xx_HAL_Driver/Src/stm32g4xx_hal_fdcan.c **** 
 2054              	 .loc 1 1087 11 is_stmt 0 view .LVU689
 2055 000a 036E     	 ldr r3,[r0,#96]
1087:Drivers/STM32G4xx_HAL_Driver/Src/stm32g4xx_hal_fdcan.c **** 
 2056              	 .loc 1 1087 23 view .LVU690
 2057 000c 43F48073 	 orr r3,r3,#256
 2058 0010 0366     	 str r3,[r0,#96]
1090:Drivers/STM32G4xx_HAL_Driver/Src/stm32g4xx_hal_fdcan.c ****   }
 2059              	 .loc 1 1090 5 is_stmt 1 view .LVU691
 2060              	.LVL102:
1077:Drivers/STM32G4xx_HAL_Driver/Src/stm32g4xx_hal_fdcan.c ****   }
 2061              	 .loc 1 1077 12 is_stmt 0 view .LVU692
 2062 0012 0120     	 movs r0,#1
 2063              	.LVL103:
1094:Drivers/STM32G4xx_HAL_Driver/Src/stm32g4xx_hal_fdcan.c **** 
 2064              	 .loc 1 1094 1 view .LVU693
 2065 0014 7047     	 bx lr
 2066              	.LVL104:
 2067              	.L220:
1082:Drivers/STM32G4xx_HAL_Driver/Src/stm32g4xx_hal_fdcan.c ****   }
 2068              	 .loc 1 1082 5 is_stmt 1 view .LVU694
1082:Drivers/STM32G4xx_HAL_Driver/Src/stm32g4xx_hal_fdcan.c ****   }
 2069              	 .loc 1 1082 38 is_stmt 0 view .LVU695
 2070 0016 4167     	 str r1,[r0,#116]
1071:Drivers/STM32G4xx_HAL_Driver/Src/stm32g4xx_hal_fdcan.c **** 
 2071              	 .loc 1 1071 21 view .LVU696
 2072 0018 0020     	 movs r0,#0
 2073              	.LVL105:
1071:Drivers/STM32G4xx_HAL_Driver/Src/stm32g4xx_hal_fdcan.c **** 
 2074              	 .loc 1 1071 21 view .LVU697
 2075 001a 7047     	 bx lr
 2076              	 .cfi_endproc
 2077              	.LFE375:
 2079              	 .section .text.HAL_FDCAN_UnRegisterTxBufferCompleteCallback,"ax",%progbits
ARM GAS   			page 109


 2080              	 .align 1
 2081              	 .p2align 2,,3
 2082              	 .global HAL_FDCAN_UnRegisterTxBufferCompleteCallback
 2083              	 .syntax unified
 2084              	 .thumb
 2085              	 .thumb_func
 2087              	HAL_FDCAN_UnRegisterTxBufferCompleteCallback:
 2088              	.LVL106:
 2089              	.LFB376:
1104:Drivers/STM32G4xx_HAL_Driver/Src/stm32g4xx_hal_fdcan.c ****   HAL_StatusTypeDef status = HAL_OK;
 2090              	 .loc 1 1104 1 is_stmt 1 view-0
 2091              	 .cfi_startproc
 2092              	 
 2093              	 
 2094              	 
1105:Drivers/STM32G4xx_HAL_Driver/Src/stm32g4xx_hal_fdcan.c **** 
 2095              	 .loc 1 1105 3 view .LVU699
1107:Drivers/STM32G4xx_HAL_Driver/Src/stm32g4xx_hal_fdcan.c ****   {
 2096              	 .loc 1 1107 3 view .LVU700
1107:Drivers/STM32G4xx_HAL_Driver/Src/stm32g4xx_hal_fdcan.c ****   {
 2097              	 .loc 1 1107 13 is_stmt 0 view .LVU701
 2098 0000 90F85C20 	 ldrb r2,[r0,#92]
1107:Drivers/STM32G4xx_HAL_Driver/Src/stm32g4xx_hal_fdcan.c ****   {
 2099              	 .loc 1 1107 6 view .LVU702
 2100 0004 012A     	 cmp r2,#1
1104:Drivers/STM32G4xx_HAL_Driver/Src/stm32g4xx_hal_fdcan.c ****   HAL_StatusTypeDef status = HAL_OK;
 2101              	 .loc 1 1104 1 view .LVU703
 2102 0006 0346     	 mov r3,r0
1107:Drivers/STM32G4xx_HAL_Driver/Src/stm32g4xx_hal_fdcan.c ****   {
 2103              	 .loc 1 1107 6 view .LVU704
 2104 0008 05D0     	 beq .L224
1114:Drivers/STM32G4xx_HAL_Driver/Src/stm32g4xx_hal_fdcan.c **** 
 2105              	 .loc 1 1114 5 is_stmt 1 view .LVU705
1114:Drivers/STM32G4xx_HAL_Driver/Src/stm32g4xx_hal_fdcan.c **** 
 2106              	 .loc 1 1114 11 is_stmt 0 view .LVU706
 2107 000a 026E     	 ldr r2,[r0,#96]
1114:Drivers/STM32G4xx_HAL_Driver/Src/stm32g4xx_hal_fdcan.c **** 
 2108              	 .loc 1 1114 23 view .LVU707
 2109 000c 42F48072 	 orr r2,r2,#256
1117:Drivers/STM32G4xx_HAL_Driver/Src/stm32g4xx_hal_fdcan.c ****   }
 2110              	 .loc 1 1117 12 view .LVU708
 2111 0010 0120     	 movs r0,#1
 2112              	.LVL107:
1114:Drivers/STM32G4xx_HAL_Driver/Src/stm32g4xx_hal_fdcan.c **** 
 2113              	 .loc 1 1114 23 view .LVU709
 2114 0012 1A66     	 str r2,[r3,#96]
1117:Drivers/STM32G4xx_HAL_Driver/Src/stm32g4xx_hal_fdcan.c ****   }
 2115              	 .loc 1 1117 5 is_stmt 1 view .LVU710
 2116              	.LVL108:
1120:Drivers/STM32G4xx_HAL_Driver/Src/stm32g4xx_hal_fdcan.c **** }
 2117              	 .loc 1 1120 3 view .LVU711
1121:Drivers/STM32G4xx_HAL_Driver/Src/stm32g4xx_hal_fdcan.c **** 
 2118              	 .loc 1 1121 1 is_stmt 0 view .LVU712
 2119 0014 7047     	 bx lr
 2120              	.LVL109:
 2121              	.L224:
1109:Drivers/STM32G4xx_HAL_Driver/Src/stm32g4xx_hal_fdcan.c ****   }
ARM GAS   			page 110


 2122              	 .loc 1 1109 5 is_stmt 1 view .LVU713
1109:Drivers/STM32G4xx_HAL_Driver/Src/stm32g4xx_hal_fdcan.c ****   }
 2123              	 .loc 1 1109 38 is_stmt 0 view .LVU714
 2124 0016 024A     	 ldr r2,.L225
 2125 0018 4267     	 str r2,[r0,#116]
1105:Drivers/STM32G4xx_HAL_Driver/Src/stm32g4xx_hal_fdcan.c **** 
 2126              	 .loc 1 1105 21 view .LVU715
 2127 001a 0020     	 movs r0,#0
 2128              	.LVL110:
1105:Drivers/STM32G4xx_HAL_Driver/Src/stm32g4xx_hal_fdcan.c **** 
 2129              	 .loc 1 1105 21 view .LVU716
 2130 001c 7047     	 bx lr
 2131              	.L226:
 2132 001e 00BF     	 .align 2
 2133              	.L225:
 2134 0020 00000000 	 .word HAL_FDCAN_TxBufferCompleteCallback
 2135              	 .cfi_endproc
 2136              	.LFE376:
 2138              	 .section .text.HAL_FDCAN_RegisterTxBufferAbortCallback,"ax",%progbits
 2139              	 .align 1
 2140              	 .p2align 2,,3
 2141              	 .global HAL_FDCAN_RegisterTxBufferAbortCallback
 2142              	 .syntax unified
 2143              	 .thumb
 2144              	 .thumb_func
 2146              	HAL_FDCAN_RegisterTxBufferAbortCallback:
 2147              	.LVL111:
 2148              	.LFB377:
1132:Drivers/STM32G4xx_HAL_Driver/Src/stm32g4xx_hal_fdcan.c ****   HAL_StatusTypeDef status = HAL_OK;
 2149              	 .loc 1 1132 1 is_stmt 1 view-0
 2150              	 .cfi_startproc
 2151              	 
 2152              	 
 2153              	 
1133:Drivers/STM32G4xx_HAL_Driver/Src/stm32g4xx_hal_fdcan.c **** 
 2154              	 .loc 1 1133 3 view .LVU718
1135:Drivers/STM32G4xx_HAL_Driver/Src/stm32g4xx_hal_fdcan.c ****   {
 2155              	 .loc 1 1135 3 view .LVU719
1135:Drivers/STM32G4xx_HAL_Driver/Src/stm32g4xx_hal_fdcan.c ****   {
 2156              	 .loc 1 1135 6 is_stmt 0 view .LVU720
 2157 0000 19B1     	 cbz r1,.L230
1142:Drivers/STM32G4xx_HAL_Driver/Src/stm32g4xx_hal_fdcan.c ****   {
 2158              	 .loc 1 1142 3 is_stmt 1 view .LVU721
1142:Drivers/STM32G4xx_HAL_Driver/Src/stm32g4xx_hal_fdcan.c ****   {
 2159              	 .loc 1 1142 13 is_stmt 0 view .LVU722
 2160 0002 90F85C30 	 ldrb r3,[r0,#92]
1142:Drivers/STM32G4xx_HAL_Driver/Src/stm32g4xx_hal_fdcan.c ****   {
 2161              	 .loc 1 1142 6 view .LVU723
 2162 0006 012B     	 cmp r3,#1
 2163 0008 05D0     	 beq .L232
 2164              	.L230:
1149:Drivers/STM32G4xx_HAL_Driver/Src/stm32g4xx_hal_fdcan.c **** 
 2165              	 .loc 1 1149 5 is_stmt 1 view .LVU724
1149:Drivers/STM32G4xx_HAL_Driver/Src/stm32g4xx_hal_fdcan.c **** 
 2166              	 .loc 1 1149 11 is_stmt 0 view .LVU725
 2167 000a 036E     	 ldr r3,[r0,#96]
1149:Drivers/STM32G4xx_HAL_Driver/Src/stm32g4xx_hal_fdcan.c **** 
ARM GAS   			page 111


 2168              	 .loc 1 1149 23 view .LVU726
 2169 000c 43F48073 	 orr r3,r3,#256
 2170 0010 0366     	 str r3,[r0,#96]
1152:Drivers/STM32G4xx_HAL_Driver/Src/stm32g4xx_hal_fdcan.c ****   }
 2171              	 .loc 1 1152 5 is_stmt 1 view .LVU727
 2172              	.LVL112:
1139:Drivers/STM32G4xx_HAL_Driver/Src/stm32g4xx_hal_fdcan.c ****   }
 2173              	 .loc 1 1139 12 is_stmt 0 view .LVU728
 2174 0012 0120     	 movs r0,#1
 2175              	.LVL113:
1156:Drivers/STM32G4xx_HAL_Driver/Src/stm32g4xx_hal_fdcan.c **** 
 2176              	 .loc 1 1156 1 view .LVU729
 2177 0014 7047     	 bx lr
 2178              	.LVL114:
 2179              	.L232:
1144:Drivers/STM32G4xx_HAL_Driver/Src/stm32g4xx_hal_fdcan.c ****   }
 2180              	 .loc 1 1144 5 is_stmt 1 view .LVU730
1144:Drivers/STM32G4xx_HAL_Driver/Src/stm32g4xx_hal_fdcan.c ****   }
 2181              	 .loc 1 1144 35 is_stmt 0 view .LVU731
 2182 0016 8167     	 str r1,[r0,#120]
1133:Drivers/STM32G4xx_HAL_Driver/Src/stm32g4xx_hal_fdcan.c **** 
 2183              	 .loc 1 1133 21 view .LVU732
 2184 0018 0020     	 movs r0,#0
 2185              	.LVL115:
1133:Drivers/STM32G4xx_HAL_Driver/Src/stm32g4xx_hal_fdcan.c **** 
 2186              	 .loc 1 1133 21 view .LVU733
 2187 001a 7047     	 bx lr
 2188              	 .cfi_endproc
 2189              	.LFE377:
 2191              	 .section .text.HAL_FDCAN_UnRegisterTxBufferAbortCallback,"ax",%progbits
 2192              	 .align 1
 2193              	 .p2align 2,,3
 2194              	 .global HAL_FDCAN_UnRegisterTxBufferAbortCallback
 2195              	 .syntax unified
 2196              	 .thumb
 2197              	 .thumb_func
 2199              	HAL_FDCAN_UnRegisterTxBufferAbortCallback:
 2200              	.LVL116:
 2201              	.LFB378:
1166:Drivers/STM32G4xx_HAL_Driver/Src/stm32g4xx_hal_fdcan.c ****   HAL_StatusTypeDef status = HAL_OK;
 2202              	 .loc 1 1166 1 is_stmt 1 view-0
 2203              	 .cfi_startproc
 2204              	 
 2205              	 
 2206              	 
1167:Drivers/STM32G4xx_HAL_Driver/Src/stm32g4xx_hal_fdcan.c **** 
 2207              	 .loc 1 1167 3 view .LVU735
1169:Drivers/STM32G4xx_HAL_Driver/Src/stm32g4xx_hal_fdcan.c ****   {
 2208              	 .loc 1 1169 3 view .LVU736
1169:Drivers/STM32G4xx_HAL_Driver/Src/stm32g4xx_hal_fdcan.c ****   {
 2209              	 .loc 1 1169 13 is_stmt 0 view .LVU737
 2210 0000 90F85C20 	 ldrb r2,[r0,#92]
1169:Drivers/STM32G4xx_HAL_Driver/Src/stm32g4xx_hal_fdcan.c ****   {
 2211              	 .loc 1 1169 6 view .LVU738
 2212 0004 012A     	 cmp r2,#1
1166:Drivers/STM32G4xx_HAL_Driver/Src/stm32g4xx_hal_fdcan.c ****   HAL_StatusTypeDef status = HAL_OK;
 2213              	 .loc 1 1166 1 view .LVU739
ARM GAS   			page 112


 2214 0006 0346     	 mov r3,r0
1169:Drivers/STM32G4xx_HAL_Driver/Src/stm32g4xx_hal_fdcan.c ****   {
 2215              	 .loc 1 1169 6 view .LVU740
 2216 0008 05D0     	 beq .L236
1176:Drivers/STM32G4xx_HAL_Driver/Src/stm32g4xx_hal_fdcan.c **** 
 2217              	 .loc 1 1176 5 is_stmt 1 view .LVU741
1176:Drivers/STM32G4xx_HAL_Driver/Src/stm32g4xx_hal_fdcan.c **** 
 2218              	 .loc 1 1176 11 is_stmt 0 view .LVU742
 2219 000a 026E     	 ldr r2,[r0,#96]
1176:Drivers/STM32G4xx_HAL_Driver/Src/stm32g4xx_hal_fdcan.c **** 
 2220              	 .loc 1 1176 23 view .LVU743
 2221 000c 42F48072 	 orr r2,r2,#256
1179:Drivers/STM32G4xx_HAL_Driver/Src/stm32g4xx_hal_fdcan.c ****   }
 2222              	 .loc 1 1179 12 view .LVU744
 2223 0010 0120     	 movs r0,#1
 2224              	.LVL117:
1176:Drivers/STM32G4xx_HAL_Driver/Src/stm32g4xx_hal_fdcan.c **** 
 2225              	 .loc 1 1176 23 view .LVU745
 2226 0012 1A66     	 str r2,[r3,#96]
1179:Drivers/STM32G4xx_HAL_Driver/Src/stm32g4xx_hal_fdcan.c ****   }
 2227              	 .loc 1 1179 5 is_stmt 1 view .LVU746
 2228              	.LVL118:
1182:Drivers/STM32G4xx_HAL_Driver/Src/stm32g4xx_hal_fdcan.c **** }
 2229              	 .loc 1 1182 3 view .LVU747
1183:Drivers/STM32G4xx_HAL_Driver/Src/stm32g4xx_hal_fdcan.c **** 
 2230              	 .loc 1 1183 1 is_stmt 0 view .LVU748
 2231 0014 7047     	 bx lr
 2232              	.LVL119:
 2233              	.L236:
1171:Drivers/STM32G4xx_HAL_Driver/Src/stm32g4xx_hal_fdcan.c ****   }
 2234              	 .loc 1 1171 5 is_stmt 1 view .LVU749
1171:Drivers/STM32G4xx_HAL_Driver/Src/stm32g4xx_hal_fdcan.c ****   }
 2235              	 .loc 1 1171 35 is_stmt 0 view .LVU750
 2236 0016 024A     	 ldr r2,.L237
 2237 0018 8267     	 str r2,[r0,#120]
1167:Drivers/STM32G4xx_HAL_Driver/Src/stm32g4xx_hal_fdcan.c **** 
 2238              	 .loc 1 1167 21 view .LVU751
 2239 001a 0020     	 movs r0,#0
 2240              	.LVL120:
1167:Drivers/STM32G4xx_HAL_Driver/Src/stm32g4xx_hal_fdcan.c **** 
 2241              	 .loc 1 1167 21 view .LVU752
 2242 001c 7047     	 bx lr
 2243              	.L238:
 2244 001e 00BF     	 .align 2
 2245              	.L237:
 2246 0020 00000000 	 .word HAL_FDCAN_TxBufferAbortCallback
 2247              	 .cfi_endproc
 2248              	.LFE378:
 2250              	 .section .text.HAL_FDCAN_RegisterErrorStatusCallback,"ax",%progbits
 2251              	 .align 1
 2252              	 .p2align 2,,3
 2253              	 .global HAL_FDCAN_RegisterErrorStatusCallback
 2254              	 .syntax unified
 2255              	 .thumb
 2256              	 .thumb_func
 2258              	HAL_FDCAN_RegisterErrorStatusCallback:
 2259              	.LVL121:
ARM GAS   			page 113


 2260              	.LFB379:
1194:Drivers/STM32G4xx_HAL_Driver/Src/stm32g4xx_hal_fdcan.c ****   HAL_StatusTypeDef status = HAL_OK;
 2261              	 .loc 1 1194 1 is_stmt 1 view-0
 2262              	 .cfi_startproc
 2263              	 
 2264              	 
 2265              	 
1195:Drivers/STM32G4xx_HAL_Driver/Src/stm32g4xx_hal_fdcan.c **** 
 2266              	 .loc 1 1195 3 view .LVU754
1197:Drivers/STM32G4xx_HAL_Driver/Src/stm32g4xx_hal_fdcan.c ****   {
 2267              	 .loc 1 1197 3 view .LVU755
1197:Drivers/STM32G4xx_HAL_Driver/Src/stm32g4xx_hal_fdcan.c ****   {
 2268              	 .loc 1 1197 6 is_stmt 0 view .LVU756
 2269 0000 19B1     	 cbz r1,.L242
1204:Drivers/STM32G4xx_HAL_Driver/Src/stm32g4xx_hal_fdcan.c ****   {
 2270              	 .loc 1 1204 3 is_stmt 1 view .LVU757
1204:Drivers/STM32G4xx_HAL_Driver/Src/stm32g4xx_hal_fdcan.c ****   {
 2271              	 .loc 1 1204 13 is_stmt 0 view .LVU758
 2272 0002 90F85C30 	 ldrb r3,[r0,#92]
1204:Drivers/STM32G4xx_HAL_Driver/Src/stm32g4xx_hal_fdcan.c ****   {
 2273              	 .loc 1 1204 6 view .LVU759
 2274 0006 012B     	 cmp r3,#1
 2275 0008 05D0     	 beq .L244
 2276              	.L242:
1211:Drivers/STM32G4xx_HAL_Driver/Src/stm32g4xx_hal_fdcan.c **** 
 2277              	 .loc 1 1211 5 is_stmt 1 view .LVU760
1211:Drivers/STM32G4xx_HAL_Driver/Src/stm32g4xx_hal_fdcan.c **** 
 2278              	 .loc 1 1211 11 is_stmt 0 view .LVU761
 2279 000a 036E     	 ldr r3,[r0,#96]
1211:Drivers/STM32G4xx_HAL_Driver/Src/stm32g4xx_hal_fdcan.c **** 
 2280              	 .loc 1 1211 23 view .LVU762
 2281 000c 43F48073 	 orr r3,r3,#256
 2282 0010 0366     	 str r3,[r0,#96]
1214:Drivers/STM32G4xx_HAL_Driver/Src/stm32g4xx_hal_fdcan.c ****   }
 2283              	 .loc 1 1214 5 is_stmt 1 view .LVU763
 2284              	.LVL122:
1201:Drivers/STM32G4xx_HAL_Driver/Src/stm32g4xx_hal_fdcan.c ****   }
 2285              	 .loc 1 1201 12 is_stmt 0 view .LVU764
 2286 0012 0120     	 movs r0,#1
 2287              	.LVL123:
1218:Drivers/STM32G4xx_HAL_Driver/Src/stm32g4xx_hal_fdcan.c **** 
 2288              	 .loc 1 1218 1 view .LVU765
 2289 0014 7047     	 bx lr
 2290              	.LVL124:
 2291              	.L244:
1206:Drivers/STM32G4xx_HAL_Driver/Src/stm32g4xx_hal_fdcan.c ****   }
 2292              	 .loc 1 1206 5 is_stmt 1 view .LVU766
1206:Drivers/STM32G4xx_HAL_Driver/Src/stm32g4xx_hal_fdcan.c ****   }
 2293              	 .loc 1 1206 33 is_stmt 0 view .LVU767
 2294 0016 C0F88C10 	 str r1,[r0,#140]
1195:Drivers/STM32G4xx_HAL_Driver/Src/stm32g4xx_hal_fdcan.c **** 
 2295              	 .loc 1 1195 21 view .LVU768
 2296 001a 0020     	 movs r0,#0
 2297              	.LVL125:
1195:Drivers/STM32G4xx_HAL_Driver/Src/stm32g4xx_hal_fdcan.c **** 
 2298              	 .loc 1 1195 21 view .LVU769
 2299 001c 7047     	 bx lr
ARM GAS   			page 114


 2300              	 .cfi_endproc
 2301              	.LFE379:
 2303 001e 00BF     	 .section .text.HAL_FDCAN_UnRegisterErrorStatusCallback,"ax",%progbits
 2304              	 .align 1
 2305              	 .p2align 2,,3
 2306              	 .global HAL_FDCAN_UnRegisterErrorStatusCallback
 2307              	 .syntax unified
 2308              	 .thumb
 2309              	 .thumb_func
 2311              	HAL_FDCAN_UnRegisterErrorStatusCallback:
 2312              	.LVL126:
 2313              	.LFB380:
1227:Drivers/STM32G4xx_HAL_Driver/Src/stm32g4xx_hal_fdcan.c ****   HAL_StatusTypeDef status = HAL_OK;
 2314              	 .loc 1 1227 1 is_stmt 1 view-0
 2315              	 .cfi_startproc
 2316              	 
 2317              	 
 2318              	 
1228:Drivers/STM32G4xx_HAL_Driver/Src/stm32g4xx_hal_fdcan.c **** 
 2319              	 .loc 1 1228 3 view .LVU771
1230:Drivers/STM32G4xx_HAL_Driver/Src/stm32g4xx_hal_fdcan.c ****   {
 2320              	 .loc 1 1230 3 view .LVU772
1230:Drivers/STM32G4xx_HAL_Driver/Src/stm32g4xx_hal_fdcan.c ****   {
 2321              	 .loc 1 1230 13 is_stmt 0 view .LVU773
 2322 0000 90F85C20 	 ldrb r2,[r0,#92]
1230:Drivers/STM32G4xx_HAL_Driver/Src/stm32g4xx_hal_fdcan.c ****   {
 2323              	 .loc 1 1230 6 view .LVU774
 2324 0004 012A     	 cmp r2,#1
1227:Drivers/STM32G4xx_HAL_Driver/Src/stm32g4xx_hal_fdcan.c ****   HAL_StatusTypeDef status = HAL_OK;
 2325              	 .loc 1 1227 1 view .LVU775
 2326 0006 0346     	 mov r3,r0
1230:Drivers/STM32G4xx_HAL_Driver/Src/stm32g4xx_hal_fdcan.c ****   {
 2327              	 .loc 1 1230 6 view .LVU776
 2328 0008 05D0     	 beq .L248
1237:Drivers/STM32G4xx_HAL_Driver/Src/stm32g4xx_hal_fdcan.c **** 
 2329              	 .loc 1 1237 5 is_stmt 1 view .LVU777
1237:Drivers/STM32G4xx_HAL_Driver/Src/stm32g4xx_hal_fdcan.c **** 
 2330              	 .loc 1 1237 11 is_stmt 0 view .LVU778
 2331 000a 026E     	 ldr r2,[r0,#96]
1237:Drivers/STM32G4xx_HAL_Driver/Src/stm32g4xx_hal_fdcan.c **** 
 2332              	 .loc 1 1237 23 view .LVU779
 2333 000c 42F48072 	 orr r2,r2,#256
1240:Drivers/STM32G4xx_HAL_Driver/Src/stm32g4xx_hal_fdcan.c ****   }
 2334              	 .loc 1 1240 12 view .LVU780
 2335 0010 0120     	 movs r0,#1
 2336              	.LVL127:
1237:Drivers/STM32G4xx_HAL_Driver/Src/stm32g4xx_hal_fdcan.c **** 
 2337              	 .loc 1 1237 23 view .LVU781
 2338 0012 1A66     	 str r2,[r3,#96]
1240:Drivers/STM32G4xx_HAL_Driver/Src/stm32g4xx_hal_fdcan.c ****   }
 2339              	 .loc 1 1240 5 is_stmt 1 view .LVU782
 2340              	.LVL128:
1243:Drivers/STM32G4xx_HAL_Driver/Src/stm32g4xx_hal_fdcan.c **** }
 2341              	 .loc 1 1243 3 view .LVU783
1244:Drivers/STM32G4xx_HAL_Driver/Src/stm32g4xx_hal_fdcan.c **** 
 2342              	 .loc 1 1244 1 is_stmt 0 view .LVU784
 2343 0014 7047     	 bx lr
ARM GAS   			page 115


 2344              	.LVL129:
 2345              	.L248:
1232:Drivers/STM32G4xx_HAL_Driver/Src/stm32g4xx_hal_fdcan.c ****   }
 2346              	 .loc 1 1232 5 is_stmt 1 view .LVU785
1232:Drivers/STM32G4xx_HAL_Driver/Src/stm32g4xx_hal_fdcan.c ****   }
 2347              	 .loc 1 1232 33 is_stmt 0 view .LVU786
 2348 0016 024A     	 ldr r2,.L249
 2349 0018 C0F88C20 	 str r2,[r0,#140]
1228:Drivers/STM32G4xx_HAL_Driver/Src/stm32g4xx_hal_fdcan.c **** 
 2350              	 .loc 1 1228 21 view .LVU787
 2351 001c 0020     	 movs r0,#0
 2352              	.LVL130:
1228:Drivers/STM32G4xx_HAL_Driver/Src/stm32g4xx_hal_fdcan.c **** 
 2353              	 .loc 1 1228 21 view .LVU788
 2354 001e 7047     	 bx lr
 2355              	.L250:
 2356              	 .align 2
 2357              	.L249:
 2358 0020 00000000 	 .word HAL_FDCAN_ErrorStatusCallback
 2359              	 .cfi_endproc
 2360              	.LFE380:
 2362              	 .section .text.HAL_FDCAN_ConfigFilter,"ax",%progbits
 2363              	 .align 1
 2364              	 .p2align 2,,3
 2365              	 .global HAL_FDCAN_ConfigFilter
 2366              	 .syntax unified
 2367              	 .thumb
 2368              	 .thumb_func
 2370              	HAL_FDCAN_ConfigFilter:
 2371              	.LVL131:
 2372              	.LFB381:
1297:Drivers/STM32G4xx_HAL_Driver/Src/stm32g4xx_hal_fdcan.c ****   uint32_t FilterElementW1;
 2373              	 .loc 1 1297 1 is_stmt 1 view-0
 2374              	 .cfi_startproc
 2375              	 
 2376              	 
 2377              	 
1298:Drivers/STM32G4xx_HAL_Driver/Src/stm32g4xx_hal_fdcan.c ****   uint32_t FilterElementW2;
 2378              	 .loc 1 1298 3 view .LVU790
1299:Drivers/STM32G4xx_HAL_Driver/Src/stm32g4xx_hal_fdcan.c ****   uint32_t *FilterAddress;
 2379              	 .loc 1 1299 3 view .LVU791
1300:Drivers/STM32G4xx_HAL_Driver/Src/stm32g4xx_hal_fdcan.c ****   HAL_FDCAN_StateTypeDef state = hfdcan->State;
 2380              	 .loc 1 1300 3 view .LVU792
1301:Drivers/STM32G4xx_HAL_Driver/Src/stm32g4xx_hal_fdcan.c **** 
 2381              	 .loc 1 1301 3 view .LVU793
1301:Drivers/STM32G4xx_HAL_Driver/Src/stm32g4xx_hal_fdcan.c **** 
 2382              	 .loc 1 1301 26 is_stmt 0 view .LVU794
 2383 0000 90F85C20 	 ldrb r2,[r0,#92]
 2384              	.LVL132:
1303:Drivers/STM32G4xx_HAL_Driver/Src/stm32g4xx_hal_fdcan.c ****   {
 2385              	 .loc 1 1303 3 is_stmt 1 view .LVU795
1303:Drivers/STM32G4xx_HAL_Driver/Src/stm32g4xx_hal_fdcan.c ****   {
 2386              	 .loc 1 1303 6 is_stmt 0 view .LVU796
 2387 0004 013A     	 subs r2,r2,#1
 2388              	.LVL133:
1303:Drivers/STM32G4xx_HAL_Driver/Src/stm32g4xx_hal_fdcan.c ****   {
 2389              	 .loc 1 1303 6 view .LVU797
ARM GAS   			page 116


 2390 0006 012A     	 cmp r2,#1
1297:Drivers/STM32G4xx_HAL_Driver/Src/stm32g4xx_hal_fdcan.c ****   uint32_t FilterElementW1;
 2391              	 .loc 1 1297 1 view .LVU798
 2392 0008 0346     	 mov r3,r0
1303:Drivers/STM32G4xx_HAL_Driver/Src/stm32g4xx_hal_fdcan.c ****   {
 2393              	 .loc 1 1303 6 view .LVU799
 2394 000a 05D9     	 bls .L260
1358:Drivers/STM32G4xx_HAL_Driver/Src/stm32g4xx_hal_fdcan.c **** 
 2395              	 .loc 1 1358 5 is_stmt 1 view .LVU800
1358:Drivers/STM32G4xx_HAL_Driver/Src/stm32g4xx_hal_fdcan.c **** 
 2396              	 .loc 1 1358 11 is_stmt 0 view .LVU801
 2397 000c 026E     	 ldr r2,[r0,#96]
 2398              	.LVL134:
1358:Drivers/STM32G4xx_HAL_Driver/Src/stm32g4xx_hal_fdcan.c **** 
 2399              	 .loc 1 1358 23 view .LVU802
 2400 000e 42F00202 	 orr r2,r2,#2
1360:Drivers/STM32G4xx_HAL_Driver/Src/stm32g4xx_hal_fdcan.c ****   }
 2401              	 .loc 1 1360 12 view .LVU803
 2402 0012 0120     	 movs r0,#1
 2403              	.LVL135:
1358:Drivers/STM32G4xx_HAL_Driver/Src/stm32g4xx_hal_fdcan.c **** 
 2404              	 .loc 1 1358 23 view .LVU804
 2405 0014 1A66     	 str r2,[r3,#96]
1360:Drivers/STM32G4xx_HAL_Driver/Src/stm32g4xx_hal_fdcan.c ****   }
 2406              	 .loc 1 1360 5 is_stmt 1 view .LVU805
1362:Drivers/STM32G4xx_HAL_Driver/Src/stm32g4xx_hal_fdcan.c **** 
 2407              	 .loc 1 1362 1 is_stmt 0 view .LVU806
 2408 0016 7047     	 bx lr
 2409              	.LVL136:
 2410              	.L260:
1306:Drivers/STM32G4xx_HAL_Driver/Src/stm32g4xx_hal_fdcan.c ****     assert_param(IS_FDCAN_FILTER_CFG(sFilterConfig->FilterConfig));
 2411              	 .loc 1 1306 5 is_stmt 1 view .LVU807
1307:Drivers/STM32G4xx_HAL_Driver/Src/stm32g4xx_hal_fdcan.c **** 
 2412              	 .loc 1 1307 5 view .LVU808
1309:Drivers/STM32G4xx_HAL_Driver/Src/stm32g4xx_hal_fdcan.c ****     {
 2413              	 .loc 1 1309 5 view .LVU809
1297:Drivers/STM32G4xx_HAL_Driver/Src/stm32g4xx_hal_fdcan.c ****   uint32_t FilterElementW1;
 2414              	 .loc 1 1297 1 is_stmt 0 view .LVU810
 2415 0018 70B4     	 push {r4,r5,r6}
 2416              	 .cfi_def_cfa_offset 12
 2417              	 .cfi_offset 4,-12
 2418              	 .cfi_offset 5,-8
 2419              	 .cfi_offset 6,-4
1318:Drivers/STM32G4xx_HAL_Driver/Src/stm32g4xx_hal_fdcan.c ****                          (sFilterConfig->FilterConfig << 27U) |
 2420              	 .loc 1 1318 53 view .LVU811
 2421 001a 8A68     	 ldr r2,[r1,#8]
 2422              	.LVL137:
1321:Drivers/STM32G4xx_HAL_Driver/Src/stm32g4xx_hal_fdcan.c **** 
 2423              	 .loc 1 1321 39 view .LVU812
 2424 001c 4869     	 ldr r0,[r1,#20]
 2425              	.LVL138:
1320:Drivers/STM32G4xx_HAL_Driver/Src/stm32g4xx_hal_fdcan.c ****                          sFilterConfig->FilterID2);
 2426              	 .loc 1 1320 40 view .LVU813
 2427 001e D1E90354 	 ldrd r5,r4,[r1,#12]
1324:Drivers/STM32G4xx_HAL_Driver/Src/stm32g4xx_hal_fdcan.c **** 
 2428              	 .loc 1 1324 84 view .LVU814
 2429 0022 D1E90061 	 ldrd r6,r1,[r1]
ARM GAS   			page 117


 2430              	.LVL139:
1318:Drivers/STM32G4xx_HAL_Driver/Src/stm32g4xx_hal_fdcan.c ****                          (sFilterConfig->FilterConfig << 27U) |
 2431              	 .loc 1 1318 53 view .LVU815
 2432 0026 9207     	 lsls r2,r2,#30
1309:Drivers/STM32G4xx_HAL_Driver/Src/stm32g4xx_hal_fdcan.c ****     {
 2433              	 .loc 1 1309 8 view .LVU816
 2434 0028 56B9     	 cbnz r6,.L253
1312:Drivers/STM32G4xx_HAL_Driver/Src/stm32g4xx_hal_fdcan.c ****       assert_param(IS_FDCAN_MAX_VALUE(sFilterConfig->FilterID1, 0x7FFU));
 2435              	 .loc 1 1312 7 is_stmt 1 view .LVU817
1313:Drivers/STM32G4xx_HAL_Driver/Src/stm32g4xx_hal_fdcan.c ****       assert_param(IS_FDCAN_MAX_VALUE(sFilterConfig->FilterID2, 0x7FFU));
 2436              	 .loc 1 1313 7 view .LVU818
1314:Drivers/STM32G4xx_HAL_Driver/Src/stm32g4xx_hal_fdcan.c ****       assert_param(IS_FDCAN_STD_FILTER_TYPE(sFilterConfig->FilterType));
 2437              	 .loc 1 1314 7 view .LVU819
1315:Drivers/STM32G4xx_HAL_Driver/Src/stm32g4xx_hal_fdcan.c **** 
 2438              	 .loc 1 1315 7 view .LVU820
1318:Drivers/STM32G4xx_HAL_Driver/Src/stm32g4xx_hal_fdcan.c ****                          (sFilterConfig->FilterConfig << 27U) |
 2439              	 .loc 1 1318 7 view .LVU821
 2440              	.LVL140:
1324:Drivers/STM32G4xx_HAL_Driver/Src/stm32g4xx_hal_fdcan.c **** 
 2441              	 .loc 1 1324 7 view .LVU822
1327:Drivers/STM32G4xx_HAL_Driver/Src/stm32g4xx_hal_fdcan.c ****     }
 2442              	 .loc 1 1327 7 view .LVU823
1318:Drivers/STM32G4xx_HAL_Driver/Src/stm32g4xx_hal_fdcan.c ****                          (sFilterConfig->FilterConfig << 27U) |
 2443              	 .loc 1 1318 63 is_stmt 0 view .LVU824
 2444 002a 42EAC562 	 orr r2,r2,r5,lsl#27
 2445              	.LVL141:
1318:Drivers/STM32G4xx_HAL_Driver/Src/stm32g4xx_hal_fdcan.c ****                          (sFilterConfig->FilterConfig << 27U) |
 2446              	 .loc 1 1318 23 view .LVU825
 2447 002e 0243     	 orrs r2,r2,r0
1327:Drivers/STM32G4xx_HAL_Driver/Src/stm32g4xx_hal_fdcan.c ****     }
 2448              	 .loc 1 1327 22 view .LVU826
 2449 0030 1B6C     	 ldr r3,[r3,#64]
 2450              	.LVL142:
1318:Drivers/STM32G4xx_HAL_Driver/Src/stm32g4xx_hal_fdcan.c ****                          (sFilterConfig->FilterConfig << 27U) |
 2451              	 .loc 1 1318 23 view .LVU827
 2452 0032 42EA0442 	 orr r2,r2,r4,lsl#16
1353:Drivers/STM32G4xx_HAL_Driver/Src/stm32g4xx_hal_fdcan.c ****   }
 2453              	 .loc 1 1353 12 view .LVU828
 2454 0036 0020     	 movs r0,#0
 2455              	.LVL143:
1362:Drivers/STM32G4xx_HAL_Driver/Src/stm32g4xx_hal_fdcan.c **** 
 2456              	 .loc 1 1362 1 view .LVU829
 2457 0038 70BC     	 pop {r4,r5,r6}
 2458              	 .cfi_remember_state
 2459              	 .cfi_restore 6
 2460              	 .cfi_restore 5
 2461              	 .cfi_restore 4
 2462              	 .cfi_def_cfa_offset 0
 2463              	.LVL144:
1327:Drivers/STM32G4xx_HAL_Driver/Src/stm32g4xx_hal_fdcan.c ****     }
 2464              	 .loc 1 1327 22 view .LVU830
 2465 003a 43F82120 	 str r2,[r3,r1,lsl#2]
 2466              	.LVL145:
1362:Drivers/STM32G4xx_HAL_Driver/Src/stm32g4xx_hal_fdcan.c **** 
 2467              	 .loc 1 1362 1 view .LVU831
 2468 003e 7047     	 bx lr
 2469              	.LVL146:
ARM GAS   			page 118


 2470              	.L253:
 2471              	 .cfi_restore_state
1332:Drivers/STM32G4xx_HAL_Driver/Src/stm32g4xx_hal_fdcan.c ****       assert_param(IS_FDCAN_MAX_VALUE(sFilterConfig->FilterID1, 0x1FFFFFFFU));
 2472              	 .loc 1 1332 7 is_stmt 1 view .LVU832
1333:Drivers/STM32G4xx_HAL_Driver/Src/stm32g4xx_hal_fdcan.c ****       assert_param(IS_FDCAN_MAX_VALUE(sFilterConfig->FilterID2, 0x1FFFFFFFU));
 2473              	 .loc 1 1333 7 view .LVU833
1334:Drivers/STM32G4xx_HAL_Driver/Src/stm32g4xx_hal_fdcan.c ****       assert_param(IS_FDCAN_EXT_FILTER_TYPE(sFilterConfig->FilterType));
 2474              	 .loc 1 1334 7 view .LVU834
1335:Drivers/STM32G4xx_HAL_Driver/Src/stm32g4xx_hal_fdcan.c **** 
 2475              	 .loc 1 1335 7 view .LVU835
1338:Drivers/STM32G4xx_HAL_Driver/Src/stm32g4xx_hal_fdcan.c **** 
 2476              	 .loc 1 1338 7 view .LVU836
1341:Drivers/STM32G4xx_HAL_Driver/Src/stm32g4xx_hal_fdcan.c **** 
 2477              	 .loc 1 1341 7 view .LVU837
1344:Drivers/STM32G4xx_HAL_Driver/Src/stm32g4xx_hal_fdcan.c **** 
 2478              	 .loc 1 1344 7 view .LVU838
1344:Drivers/STM32G4xx_HAL_Driver/Src/stm32g4xx_hal_fdcan.c **** 
 2479              	 .loc 1 1344 68 is_stmt 0 view .LVU839
 2480 0040 5B6C     	 ldr r3,[r3,#68]
 2481              	.LVL147:
1338:Drivers/STM32G4xx_HAL_Driver/Src/stm32g4xx_hal_fdcan.c **** 
 2482              	 .loc 1 1338 23 view .LVU840
 2483 0042 44EA4574 	 orr r4,r4,r5,lsl#29
 2484              	.LVL148:
1347:Drivers/STM32G4xx_HAL_Driver/Src/stm32g4xx_hal_fdcan.c ****       FilterAddress++;
 2485              	 .loc 1 1347 22 view .LVU841
 2486 0046 43F83140 	 str r4,[r3,r1,lsl#3]
1344:Drivers/STM32G4xx_HAL_Driver/Src/stm32g4xx_hal_fdcan.c **** 
 2487              	 .loc 1 1344 68 view .LVU842
 2488 004a 03EBC103 	 add r3,r3,r1,lsl#3
 2489              	.LVL149:
1347:Drivers/STM32G4xx_HAL_Driver/Src/stm32g4xx_hal_fdcan.c ****       FilterAddress++;
 2490              	 .loc 1 1347 7 is_stmt 1 view .LVU843
1348:Drivers/STM32G4xx_HAL_Driver/Src/stm32g4xx_hal_fdcan.c ****       *FilterAddress = FilterElementW2;
 2491              	 .loc 1 1348 7 view .LVU844
1349:Drivers/STM32G4xx_HAL_Driver/Src/stm32g4xx_hal_fdcan.c ****     }
 2492              	 .loc 1 1349 7 view .LVU845
1341:Drivers/STM32G4xx_HAL_Driver/Src/stm32g4xx_hal_fdcan.c **** 
 2493              	 .loc 1 1341 23 is_stmt 0 view .LVU846
 2494 004e 1043     	 orrs r0,r0,r2
 2495              	.LVL150:
1349:Drivers/STM32G4xx_HAL_Driver/Src/stm32g4xx_hal_fdcan.c ****     }
 2496              	 .loc 1 1349 22 view .LVU847
 2497 0050 5860     	 str r0,[r3,#4]
1362:Drivers/STM32G4xx_HAL_Driver/Src/stm32g4xx_hal_fdcan.c **** 
 2498              	 .loc 1 1362 1 view .LVU848
 2499 0052 70BC     	 pop {r4,r5,r6}
 2500              	 .cfi_restore 6
 2501              	 .cfi_restore 5
 2502              	 .cfi_restore 4
 2503              	 .cfi_def_cfa_offset 0
 2504              	.LVL151:
1353:Drivers/STM32G4xx_HAL_Driver/Src/stm32g4xx_hal_fdcan.c ****   }
 2505              	 .loc 1 1353 12 view .LVU849
 2506 0054 0020     	 movs r0,#0
 2507              	.LVL152:
1362:Drivers/STM32G4xx_HAL_Driver/Src/stm32g4xx_hal_fdcan.c **** 
ARM GAS   			page 119


 2508              	 .loc 1 1362 1 view .LVU850
 2509 0056 7047     	 bx lr
 2510              	 .cfi_endproc
 2511              	.LFE381:
 2513              	 .section .text.HAL_FDCAN_ConfigGlobalFilter,"ax",%progbits
 2514              	 .align 1
 2515              	 .p2align 2,,3
 2516              	 .global HAL_FDCAN_ConfigGlobalFilter
 2517              	 .syntax unified
 2518              	 .thumb
 2519              	 .thumb_func
 2521              	HAL_FDCAN_ConfigGlobalFilter:
 2522              	.LVL153:
 2523              	.LFB382:
1385:Drivers/STM32G4xx_HAL_Driver/Src/stm32g4xx_hal_fdcan.c ****   /* Check function parameters */
 2524              	 .loc 1 1385 1 is_stmt 1 view-0
 2525              	 .cfi_startproc
 2526              	 
 2527              	 
 2528              	 
1387:Drivers/STM32G4xx_HAL_Driver/Src/stm32g4xx_hal_fdcan.c ****   assert_param(IS_FDCAN_NON_MATCHING(NonMatchingExt));
 2529              	 .loc 1 1387 3 view .LVU852
1388:Drivers/STM32G4xx_HAL_Driver/Src/stm32g4xx_hal_fdcan.c ****   assert_param(IS_FDCAN_REJECT_REMOTE(RejectRemoteStd));
 2530              	 .loc 1 1388 3 view .LVU853
1389:Drivers/STM32G4xx_HAL_Driver/Src/stm32g4xx_hal_fdcan.c ****   assert_param(IS_FDCAN_REJECT_REMOTE(RejectRemoteExt));
 2531              	 .loc 1 1389 3 view .LVU854
1390:Drivers/STM32G4xx_HAL_Driver/Src/stm32g4xx_hal_fdcan.c **** 
 2532              	 .loc 1 1390 3 view .LVU855
1392:Drivers/STM32G4xx_HAL_Driver/Src/stm32g4xx_hal_fdcan.c ****   {
 2533              	 .loc 1 1392 3 view .LVU856
1385:Drivers/STM32G4xx_HAL_Driver/Src/stm32g4xx_hal_fdcan.c ****   /* Check function parameters */
 2534              	 .loc 1 1385 1 is_stmt 0 view .LVU857
 2535 0000 8446     	 mov ip,r0
1392:Drivers/STM32G4xx_HAL_Driver/Src/stm32g4xx_hal_fdcan.c ****   {
 2536              	 .loc 1 1392 13 view .LVU858
 2537 0002 90F85C00 	 ldrb r0,[r0,#92]
 2538              	.LVL154:
1392:Drivers/STM32G4xx_HAL_Driver/Src/stm32g4xx_hal_fdcan.c ****   {
 2539              	 .loc 1 1392 6 view .LVU859
 2540 0006 0128     	 cmp r0,#1
 2541 0008 07D0     	 beq .L268
1410:Drivers/STM32G4xx_HAL_Driver/Src/stm32g4xx_hal_fdcan.c **** 
 2542              	 .loc 1 1410 5 is_stmt 1 view .LVU860
1410:Drivers/STM32G4xx_HAL_Driver/Src/stm32g4xx_hal_fdcan.c **** 
 2543              	 .loc 1 1410 11 is_stmt 0 view .LVU861
 2544 000a DCF86030 	 ldr r3,[ip,#96]
 2545              	.LVL155:
1410:Drivers/STM32G4xx_HAL_Driver/Src/stm32g4xx_hal_fdcan.c **** 
 2546              	 .loc 1 1410 23 view .LVU862
 2547 000e 43F00403 	 orr r3,r3,#4
1412:Drivers/STM32G4xx_HAL_Driver/Src/stm32g4xx_hal_fdcan.c ****   }
 2548              	 .loc 1 1412 12 view .LVU863
 2549 0012 0120     	 movs r0,#1
1410:Drivers/STM32G4xx_HAL_Driver/Src/stm32g4xx_hal_fdcan.c **** 
 2550              	 .loc 1 1410 23 view .LVU864
 2551 0014 CCF86030 	 str r3,[ip,#96]
1412:Drivers/STM32G4xx_HAL_Driver/Src/stm32g4xx_hal_fdcan.c ****   }
ARM GAS   			page 120


 2552              	 .loc 1 1412 5 is_stmt 1 view .LVU865
1414:Drivers/STM32G4xx_HAL_Driver/Src/stm32g4xx_hal_fdcan.c **** 
 2553              	 .loc 1 1414 1 is_stmt 0 view .LVU866
 2554 0018 7047     	 bx lr
 2555              	.LVL156:
 2556              	.L268:
1395:Drivers/STM32G4xx_HAL_Driver/Src/stm32g4xx_hal_fdcan.c ****                                          FDCAN_RXGFC_ANFE |
 2557              	 .loc 1 1395 5 is_stmt 1 view .LVU867
1385:Drivers/STM32G4xx_HAL_Driver/Src/stm32g4xx_hal_fdcan.c ****   /* Check function parameters */
 2558              	 .loc 1 1385 1 is_stmt 0 view .LVU868
 2559 001a 10B4     	 push {r4}
 2560              	 .cfi_def_cfa_offset 4
 2561              	 .cfi_offset 4,-4
1395:Drivers/STM32G4xx_HAL_Driver/Src/stm32g4xx_hal_fdcan.c ****                                          FDCAN_RXGFC_ANFE |
 2562              	 .loc 1 1395 5 view .LVU869
 2563 001c 0198     	 ldr r0,[sp,#4]
 2564 001e DCF80040 	 ldr r4,[ip]
 2565 0022 40EA4303 	 orr r3,r0,r3,lsl#1
 2566              	.LVL157:
1395:Drivers/STM32G4xx_HAL_Driver/Src/stm32g4xx_hal_fdcan.c ****                                          FDCAN_RXGFC_ANFE |
 2567              	 .loc 1 1395 5 view .LVU870
 2568 0026 D4F88000 	 ldr r0,[r4,#128]
 2569 002a 43EA8202 	 orr r2,r3,r2,lsl#2
 2570              	.LVL158:
1395:Drivers/STM32G4xx_HAL_Driver/Src/stm32g4xx_hal_fdcan.c ****                                          FDCAN_RXGFC_ANFE |
 2571              	 .loc 1 1395 5 view .LVU871
 2572 002e 42EA0111 	 orr r1,r2,r1,lsl#4
 2573              	.LVL159:
1395:Drivers/STM32G4xx_HAL_Driver/Src/stm32g4xx_hal_fdcan.c ****                                          FDCAN_RXGFC_ANFE |
 2574              	 .loc 1 1395 5 view .LVU872
 2575 0032 20F03F03 	 bic r3,r0,#63
 2576 0036 0B43     	 orrs r3,r3,r1
 2577 0038 C4F88030 	 str r3,[r4,#128]
1405:Drivers/STM32G4xx_HAL_Driver/Src/stm32g4xx_hal_fdcan.c ****   }
 2578              	 .loc 1 1405 5 is_stmt 1 view .LVU873
1405:Drivers/STM32G4xx_HAL_Driver/Src/stm32g4xx_hal_fdcan.c ****   }
 2579              	 .loc 1 1405 12 is_stmt 0 view .LVU874
 2580 003c 0020     	 movs r0,#0
1414:Drivers/STM32G4xx_HAL_Driver/Src/stm32g4xx_hal_fdcan.c **** 
 2581              	 .loc 1 1414 1 view .LVU875
 2582 003e 5DF8044B 	 ldr r4,[sp],#4
 2583              	 .cfi_restore 4
 2584              	 .cfi_def_cfa_offset 0
 2585              	.LVL160:
1414:Drivers/STM32G4xx_HAL_Driver/Src/stm32g4xx_hal_fdcan.c **** 
 2586              	 .loc 1 1414 1 view .LVU876
 2587 0042 7047     	 bx lr
 2588              	 .cfi_endproc
 2589              	.LFE382:
 2591              	 .section .text.HAL_FDCAN_ConfigExtendedIdMask,"ax",%progbits
 2592              	 .align 1
 2593              	 .p2align 2,,3
 2594              	 .global HAL_FDCAN_ConfigExtendedIdMask
 2595              	 .syntax unified
 2596              	 .thumb
 2597              	 .thumb_func
 2599              	HAL_FDCAN_ConfigExtendedIdMask:
ARM GAS   			page 121


 2600              	.LVL161:
 2601              	.LFB383:
1425:Drivers/STM32G4xx_HAL_Driver/Src/stm32g4xx_hal_fdcan.c ****   /* Check function parameters */
 2602              	 .loc 1 1425 1 is_stmt 1 view-0
 2603              	 .cfi_startproc
 2604              	 
 2605              	 
 2606              	 
1427:Drivers/STM32G4xx_HAL_Driver/Src/stm32g4xx_hal_fdcan.c **** 
 2607              	 .loc 1 1427 3 view .LVU878
1429:Drivers/STM32G4xx_HAL_Driver/Src/stm32g4xx_hal_fdcan.c ****   {
 2608              	 .loc 1 1429 3 view .LVU879
1429:Drivers/STM32G4xx_HAL_Driver/Src/stm32g4xx_hal_fdcan.c ****   {
 2609              	 .loc 1 1429 13 is_stmt 0 view .LVU880
 2610 0000 90F85C20 	 ldrb r2,[r0,#92]
1429:Drivers/STM32G4xx_HAL_Driver/Src/stm32g4xx_hal_fdcan.c ****   {
 2611              	 .loc 1 1429 6 view .LVU881
 2612 0004 012A     	 cmp r2,#1
1425:Drivers/STM32G4xx_HAL_Driver/Src/stm32g4xx_hal_fdcan.c ****   /* Check function parameters */
 2613              	 .loc 1 1425 1 view .LVU882
 2614 0006 0346     	 mov r3,r0
1429:Drivers/STM32G4xx_HAL_Driver/Src/stm32g4xx_hal_fdcan.c ****   {
 2615              	 .loc 1 1429 6 view .LVU883
 2616 0008 05D0     	 beq .L272
1440:Drivers/STM32G4xx_HAL_Driver/Src/stm32g4xx_hal_fdcan.c **** 
 2617              	 .loc 1 1440 5 is_stmt 1 view .LVU884
1440:Drivers/STM32G4xx_HAL_Driver/Src/stm32g4xx_hal_fdcan.c **** 
 2618              	 .loc 1 1440 11 is_stmt 0 view .LVU885
 2619 000a 026E     	 ldr r2,[r0,#96]
1440:Drivers/STM32G4xx_HAL_Driver/Src/stm32g4xx_hal_fdcan.c **** 
 2620              	 .loc 1 1440 23 view .LVU886
 2621 000c 42F00402 	 orr r2,r2,#4
1442:Drivers/STM32G4xx_HAL_Driver/Src/stm32g4xx_hal_fdcan.c ****   }
 2622              	 .loc 1 1442 12 view .LVU887
 2623 0010 0120     	 movs r0,#1
 2624              	.LVL162:
1440:Drivers/STM32G4xx_HAL_Driver/Src/stm32g4xx_hal_fdcan.c **** 
 2625              	 .loc 1 1440 23 view .LVU888
 2626 0012 1A66     	 str r2,[r3,#96]
1442:Drivers/STM32G4xx_HAL_Driver/Src/stm32g4xx_hal_fdcan.c ****   }
 2627              	 .loc 1 1442 5 is_stmt 1 view .LVU889
1444:Drivers/STM32G4xx_HAL_Driver/Src/stm32g4xx_hal_fdcan.c **** 
 2628              	 .loc 1 1444 1 is_stmt 0 view .LVU890
 2629 0014 7047     	 bx lr
 2630              	.LVL163:
 2631              	.L272:
1432:Drivers/STM32G4xx_HAL_Driver/Src/stm32g4xx_hal_fdcan.c **** 
 2632              	 .loc 1 1432 5 is_stmt 1 view .LVU891
1432:Drivers/STM32G4xx_HAL_Driver/Src/stm32g4xx_hal_fdcan.c **** 
 2633              	 .loc 1 1432 11 is_stmt 0 view .LVU892
 2634 0016 0368     	 ldr r3,[r0]
1435:Drivers/STM32G4xx_HAL_Driver/Src/stm32g4xx_hal_fdcan.c ****   }
 2635              	 .loc 1 1435 12 view .LVU893
 2636 0018 0020     	 movs r0,#0
 2637              	.LVL164:
1432:Drivers/STM32G4xx_HAL_Driver/Src/stm32g4xx_hal_fdcan.c **** 
 2638              	 .loc 1 1432 29 view .LVU894
ARM GAS   			page 122


 2639 001a C3F88410 	 str r1,[r3,#132]
1435:Drivers/STM32G4xx_HAL_Driver/Src/stm32g4xx_hal_fdcan.c ****   }
 2640              	 .loc 1 1435 5 is_stmt 1 view .LVU895
1435:Drivers/STM32G4xx_HAL_Driver/Src/stm32g4xx_hal_fdcan.c ****   }
 2641              	 .loc 1 1435 12 is_stmt 0 view .LVU896
 2642 001e 7047     	 bx lr
 2643              	 .cfi_endproc
 2644              	.LFE383:
 2646              	 .section .text.HAL_FDCAN_ConfigRxFifoOverwrite,"ax",%progbits
 2647              	 .align 1
 2648              	 .p2align 2,,3
 2649              	 .global HAL_FDCAN_ConfigRxFifoOverwrite
 2650              	 .syntax unified
 2651              	 .thumb
 2652              	 .thumb_func
 2654              	HAL_FDCAN_ConfigRxFifoOverwrite:
 2655              	.LVL165:
 2656              	.LFB384:
1459:Drivers/STM32G4xx_HAL_Driver/Src/stm32g4xx_hal_fdcan.c ****   /* Check function parameters */
 2657              	 .loc 1 1459 1 is_stmt 1 view-0
 2658              	 .cfi_startproc
 2659              	 
 2660              	 
 2661              	 
1461:Drivers/STM32G4xx_HAL_Driver/Src/stm32g4xx_hal_fdcan.c ****   assert_param(IS_FDCAN_RX_FIFO_MODE(OperationMode));
 2662              	 .loc 1 1461 3 view .LVU898
1462:Drivers/STM32G4xx_HAL_Driver/Src/stm32g4xx_hal_fdcan.c **** 
 2663              	 .loc 1 1462 3 view .LVU899
1464:Drivers/STM32G4xx_HAL_Driver/Src/stm32g4xx_hal_fdcan.c ****   {
 2664              	 .loc 1 1464 3 view .LVU900
1459:Drivers/STM32G4xx_HAL_Driver/Src/stm32g4xx_hal_fdcan.c ****   /* Check function parameters */
 2665              	 .loc 1 1459 1 is_stmt 0 view .LVU901
 2666 0000 0346     	 mov r3,r0
1464:Drivers/STM32G4xx_HAL_Driver/Src/stm32g4xx_hal_fdcan.c ****   {
 2667              	 .loc 1 1464 13 view .LVU902
 2668 0002 90F85C00 	 ldrb r0,[r0,#92]
 2669              	.LVL166:
1464:Drivers/STM32G4xx_HAL_Driver/Src/stm32g4xx_hal_fdcan.c ****   {
 2670              	 .loc 1 1464 6 view .LVU903
 2671 0006 0128     	 cmp r0,#1
 2672 0008 05D0     	 beq .L278
1483:Drivers/STM32G4xx_HAL_Driver/Src/stm32g4xx_hal_fdcan.c **** 
 2673              	 .loc 1 1483 5 is_stmt 1 view .LVU904
1483:Drivers/STM32G4xx_HAL_Driver/Src/stm32g4xx_hal_fdcan.c **** 
 2674              	 .loc 1 1483 11 is_stmt 0 view .LVU905
 2675 000a 1A6E     	 ldr r2,[r3,#96]
 2676              	.LVL167:
1483:Drivers/STM32G4xx_HAL_Driver/Src/stm32g4xx_hal_fdcan.c **** 
 2677              	 .loc 1 1483 23 view .LVU906
 2678 000c 42F00402 	 orr r2,r2,#4
1485:Drivers/STM32G4xx_HAL_Driver/Src/stm32g4xx_hal_fdcan.c ****   }
 2679              	 .loc 1 1485 12 view .LVU907
 2680 0010 0120     	 movs r0,#1
1483:Drivers/STM32G4xx_HAL_Driver/Src/stm32g4xx_hal_fdcan.c **** 
 2681              	 .loc 1 1483 23 view .LVU908
 2682 0012 1A66     	 str r2,[r3,#96]
1485:Drivers/STM32G4xx_HAL_Driver/Src/stm32g4xx_hal_fdcan.c ****   }
ARM GAS   			page 123


 2683              	 .loc 1 1485 5 is_stmt 1 view .LVU909
1487:Drivers/STM32G4xx_HAL_Driver/Src/stm32g4xx_hal_fdcan.c **** 
 2684              	 .loc 1 1487 1 is_stmt 0 view .LVU910
 2685 0014 7047     	 bx lr
 2686              	.LVL168:
 2687              	.L278:
1466:Drivers/STM32G4xx_HAL_Driver/Src/stm32g4xx_hal_fdcan.c ****     {
 2688              	 .loc 1 1466 5 is_stmt 1 view .LVU911
1469:Drivers/STM32G4xx_HAL_Driver/Src/stm32g4xx_hal_fdcan.c ****     }
 2689              	 .loc 1 1469 7 view .LVU912
1474:Drivers/STM32G4xx_HAL_Driver/Src/stm32g4xx_hal_fdcan.c ****     }
 2690              	 .loc 1 1474 7 view .LVU913
1469:Drivers/STM32G4xx_HAL_Driver/Src/stm32g4xx_hal_fdcan.c ****     }
 2691              	 .loc 1 1469 7 is_stmt 0 view .LVU914
 2692 0016 1868     	 ldr r0,[r3]
 2693 0018 D0F88030 	 ldr r3,[r0,#128]
 2694              	.LVL169:
1466:Drivers/STM32G4xx_HAL_Driver/Src/stm32g4xx_hal_fdcan.c ****     {
 2695              	 .loc 1 1466 8 view .LVU915
 2696 001c 4029     	 cmp r1,#64
1469:Drivers/STM32G4xx_HAL_Driver/Src/stm32g4xx_hal_fdcan.c ****     }
 2697              	 .loc 1 1469 7 view .LVU916
 2698 001e 0BBF     	 itete eq
 2699 0020 23F40073 	 biceq r3,r3,#512
1474:Drivers/STM32G4xx_HAL_Driver/Src/stm32g4xx_hal_fdcan.c ****     }
 2700              	 .loc 1 1474 7 view .LVU917
 2701 0024 23F48073 	 bicne r3,r3,#256
1469:Drivers/STM32G4xx_HAL_Driver/Src/stm32g4xx_hal_fdcan.c ****     }
 2702              	 .loc 1 1469 7 view .LVU918
 2703 0028 43EA4223 	 orreq r3,r3,r2,lsl#9
1474:Drivers/STM32G4xx_HAL_Driver/Src/stm32g4xx_hal_fdcan.c ****     }
 2704              	 .loc 1 1474 7 view .LVU919
 2705 002c 43EA0223 	 orrne r3,r3,r2,lsl#8
 2706 0030 C0F88030 	 str r3,[r0,#128]
1478:Drivers/STM32G4xx_HAL_Driver/Src/stm32g4xx_hal_fdcan.c ****   }
 2707              	 .loc 1 1478 12 view .LVU920
 2708 0034 0020     	 movs r0,#0
 2709 0036 7047     	 bx lr
 2710              	 .cfi_endproc
 2711              	.LFE384:
 2713              	 .section .text.HAL_FDCAN_ConfigRamWatchdog,"ax",%progbits
 2714              	 .align 1
 2715              	 .p2align 2,,3
 2716              	 .global HAL_FDCAN_ConfigRamWatchdog
 2717              	 .syntax unified
 2718              	 .thumb
 2719              	 .thumb_func
 2721              	HAL_FDCAN_ConfigRamWatchdog:
 2722              	.LVL170:
 2723              	.LFB385:
1499:Drivers/STM32G4xx_HAL_Driver/Src/stm32g4xx_hal_fdcan.c ****   /* Check function parameters */
 2724              	 .loc 1 1499 1 is_stmt 1 view-0
 2725              	 .cfi_startproc
 2726              	 
 2727              	 
 2728              	 
1501:Drivers/STM32G4xx_HAL_Driver/Src/stm32g4xx_hal_fdcan.c **** 
ARM GAS   			page 124


 2729              	 .loc 1 1501 3 view .LVU922
1503:Drivers/STM32G4xx_HAL_Driver/Src/stm32g4xx_hal_fdcan.c ****   {
 2730              	 .loc 1 1503 3 view .LVU923
1503:Drivers/STM32G4xx_HAL_Driver/Src/stm32g4xx_hal_fdcan.c ****   {
 2731              	 .loc 1 1503 13 is_stmt 0 view .LVU924
 2732 0000 90F85C20 	 ldrb r2,[r0,#92]
1503:Drivers/STM32G4xx_HAL_Driver/Src/stm32g4xx_hal_fdcan.c ****   {
 2733              	 .loc 1 1503 6 view .LVU925
 2734 0004 012A     	 cmp r2,#1
1499:Drivers/STM32G4xx_HAL_Driver/Src/stm32g4xx_hal_fdcan.c ****   /* Check function parameters */
 2735              	 .loc 1 1499 1 view .LVU926
 2736 0006 0346     	 mov r3,r0
1503:Drivers/STM32G4xx_HAL_Driver/Src/stm32g4xx_hal_fdcan.c ****   {
 2737              	 .loc 1 1503 6 view .LVU927
 2738 0008 05D0     	 beq .L282
1514:Drivers/STM32G4xx_HAL_Driver/Src/stm32g4xx_hal_fdcan.c **** 
 2739              	 .loc 1 1514 5 is_stmt 1 view .LVU928
1514:Drivers/STM32G4xx_HAL_Driver/Src/stm32g4xx_hal_fdcan.c **** 
 2740              	 .loc 1 1514 11 is_stmt 0 view .LVU929
 2741 000a 026E     	 ldr r2,[r0,#96]
1514:Drivers/STM32G4xx_HAL_Driver/Src/stm32g4xx_hal_fdcan.c **** 
 2742              	 .loc 1 1514 23 view .LVU930
 2743 000c 42F00402 	 orr r2,r2,#4
1516:Drivers/STM32G4xx_HAL_Driver/Src/stm32g4xx_hal_fdcan.c ****   }
 2744              	 .loc 1 1516 12 view .LVU931
 2745 0010 0120     	 movs r0,#1
 2746              	.LVL171:
1514:Drivers/STM32G4xx_HAL_Driver/Src/stm32g4xx_hal_fdcan.c **** 
 2747              	 .loc 1 1514 23 view .LVU932
 2748 0012 1A66     	 str r2,[r3,#96]
1516:Drivers/STM32G4xx_HAL_Driver/Src/stm32g4xx_hal_fdcan.c ****   }
 2749              	 .loc 1 1516 5 is_stmt 1 view .LVU933
1518:Drivers/STM32G4xx_HAL_Driver/Src/stm32g4xx_hal_fdcan.c **** 
 2750              	 .loc 1 1518 1 is_stmt 0 view .LVU934
 2751 0014 7047     	 bx lr
 2752              	.LVL172:
 2753              	.L282:
1506:Drivers/STM32G4xx_HAL_Driver/Src/stm32g4xx_hal_fdcan.c **** 
 2754              	 .loc 1 1506 5 is_stmt 1 view .LVU935
 2755 0016 0268     	 ldr r2,[r0]
 2756 0018 5369     	 ldr r3,[r2,#20]
 2757 001a 23F0FF03 	 bic r3,r3,#255
 2758 001e 0B43     	 orrs r3,r3,r1
1509:Drivers/STM32G4xx_HAL_Driver/Src/stm32g4xx_hal_fdcan.c ****   }
 2759              	 .loc 1 1509 12 is_stmt 0 view .LVU936
 2760 0020 0020     	 movs r0,#0
 2761              	.LVL173:
1506:Drivers/STM32G4xx_HAL_Driver/Src/stm32g4xx_hal_fdcan.c **** 
 2762              	 .loc 1 1506 5 view .LVU937
 2763 0022 5361     	 str r3,[r2,#20]
1509:Drivers/STM32G4xx_HAL_Driver/Src/stm32g4xx_hal_fdcan.c ****   }
 2764              	 .loc 1 1509 5 is_stmt 1 view .LVU938
1509:Drivers/STM32G4xx_HAL_Driver/Src/stm32g4xx_hal_fdcan.c ****   }
 2765              	 .loc 1 1509 12 is_stmt 0 view .LVU939
 2766 0024 7047     	 bx lr
 2767              	 .cfi_endproc
 2768              	.LFE385:
ARM GAS   			page 125


 2770 0026 00BF     	 .section .text.HAL_FDCAN_ConfigTimestampCounter,"ax",%progbits
 2771              	 .align 1
 2772              	 .p2align 2,,3
 2773              	 .global HAL_FDCAN_ConfigTimestampCounter
 2774              	 .syntax unified
 2775              	 .thumb
 2776              	 .thumb_func
 2778              	HAL_FDCAN_ConfigTimestampCounter:
 2779              	.LVL174:
 2780              	.LFB386:
1529:Drivers/STM32G4xx_HAL_Driver/Src/stm32g4xx_hal_fdcan.c ****   /* Check function parameters */
 2781              	 .loc 1 1529 1 is_stmt 1 view-0
 2782              	 .cfi_startproc
 2783              	 
 2784              	 
 2785              	 
1531:Drivers/STM32G4xx_HAL_Driver/Src/stm32g4xx_hal_fdcan.c **** 
 2786              	 .loc 1 1531 3 view .LVU941
1533:Drivers/STM32G4xx_HAL_Driver/Src/stm32g4xx_hal_fdcan.c ****   {
 2787              	 .loc 1 1533 3 view .LVU942
1533:Drivers/STM32G4xx_HAL_Driver/Src/stm32g4xx_hal_fdcan.c ****   {
 2788              	 .loc 1 1533 13 is_stmt 0 view .LVU943
 2789 0000 90F85C20 	 ldrb r2,[r0,#92]
1533:Drivers/STM32G4xx_HAL_Driver/Src/stm32g4xx_hal_fdcan.c ****   {
 2790              	 .loc 1 1533 6 view .LVU944
 2791 0004 012A     	 cmp r2,#1
1529:Drivers/STM32G4xx_HAL_Driver/Src/stm32g4xx_hal_fdcan.c ****   /* Check function parameters */
 2792              	 .loc 1 1529 1 view .LVU945
 2793 0006 0346     	 mov r3,r0
1533:Drivers/STM32G4xx_HAL_Driver/Src/stm32g4xx_hal_fdcan.c ****   {
 2794              	 .loc 1 1533 6 view .LVU946
 2795 0008 05D0     	 beq .L286
1544:Drivers/STM32G4xx_HAL_Driver/Src/stm32g4xx_hal_fdcan.c **** 
 2796              	 .loc 1 1544 5 is_stmt 1 view .LVU947
1544:Drivers/STM32G4xx_HAL_Driver/Src/stm32g4xx_hal_fdcan.c **** 
 2797              	 .loc 1 1544 11 is_stmt 0 view .LVU948
 2798 000a 026E     	 ldr r2,[r0,#96]
1544:Drivers/STM32G4xx_HAL_Driver/Src/stm32g4xx_hal_fdcan.c **** 
 2799              	 .loc 1 1544 23 view .LVU949
 2800 000c 42F00402 	 orr r2,r2,#4
1546:Drivers/STM32G4xx_HAL_Driver/Src/stm32g4xx_hal_fdcan.c ****   }
 2801              	 .loc 1 1546 12 view .LVU950
 2802 0010 0120     	 movs r0,#1
 2803              	.LVL175:
1544:Drivers/STM32G4xx_HAL_Driver/Src/stm32g4xx_hal_fdcan.c **** 
 2804              	 .loc 1 1544 23 view .LVU951
 2805 0012 1A66     	 str r2,[r3,#96]
1546:Drivers/STM32G4xx_HAL_Driver/Src/stm32g4xx_hal_fdcan.c ****   }
 2806              	 .loc 1 1546 5 is_stmt 1 view .LVU952
1548:Drivers/STM32G4xx_HAL_Driver/Src/stm32g4xx_hal_fdcan.c **** 
 2807              	 .loc 1 1548 1 is_stmt 0 view .LVU953
 2808 0014 7047     	 bx lr
 2809              	.LVL176:
 2810              	.L286:
1536:Drivers/STM32G4xx_HAL_Driver/Src/stm32g4xx_hal_fdcan.c **** 
 2811              	 .loc 1 1536 5 is_stmt 1 view .LVU954
 2812 0016 0268     	 ldr r2,[r0]
ARM GAS   			page 126


 2813 0018 136A     	 ldr r3,[r2,#32]
 2814 001a 23F47023 	 bic r3,r3,#983040
 2815 001e 0B43     	 orrs r3,r3,r1
1539:Drivers/STM32G4xx_HAL_Driver/Src/stm32g4xx_hal_fdcan.c ****   }
 2816              	 .loc 1 1539 12 is_stmt 0 view .LVU955
 2817 0020 0020     	 movs r0,#0
 2818              	.LVL177:
1536:Drivers/STM32G4xx_HAL_Driver/Src/stm32g4xx_hal_fdcan.c **** 
 2819              	 .loc 1 1536 5 view .LVU956
 2820 0022 1362     	 str r3,[r2,#32]
1539:Drivers/STM32G4xx_HAL_Driver/Src/stm32g4xx_hal_fdcan.c ****   }
 2821              	 .loc 1 1539 5 is_stmt 1 view .LVU957
1539:Drivers/STM32G4xx_HAL_Driver/Src/stm32g4xx_hal_fdcan.c ****   }
 2822              	 .loc 1 1539 12 is_stmt 0 view .LVU958
 2823 0024 7047     	 bx lr
 2824              	 .cfi_endproc
 2825              	.LFE386:
 2827 0026 00BF     	 .section .text.HAL_FDCAN_EnableTimestampCounter,"ax",%progbits
 2828              	 .align 1
 2829              	 .p2align 2,,3
 2830              	 .global HAL_FDCAN_EnableTimestampCounter
 2831              	 .syntax unified
 2832              	 .thumb
 2833              	 .thumb_func
 2835              	HAL_FDCAN_EnableTimestampCounter:
 2836              	.LVL178:
 2837              	.LFB387:
1559:Drivers/STM32G4xx_HAL_Driver/Src/stm32g4xx_hal_fdcan.c ****   /* Check function parameters */
 2838              	 .loc 1 1559 1 is_stmt 1 view-0
 2839              	 .cfi_startproc
 2840              	 
 2841              	 
 2842              	 
1561:Drivers/STM32G4xx_HAL_Driver/Src/stm32g4xx_hal_fdcan.c **** 
 2843              	 .loc 1 1561 3 view .LVU960
1563:Drivers/STM32G4xx_HAL_Driver/Src/stm32g4xx_hal_fdcan.c ****   {
 2844              	 .loc 1 1563 3 view .LVU961
1563:Drivers/STM32G4xx_HAL_Driver/Src/stm32g4xx_hal_fdcan.c ****   {
 2845              	 .loc 1 1563 13 is_stmt 0 view .LVU962
 2846 0000 90F85C20 	 ldrb r2,[r0,#92]
1563:Drivers/STM32G4xx_HAL_Driver/Src/stm32g4xx_hal_fdcan.c ****   {
 2847              	 .loc 1 1563 6 view .LVU963
 2848 0004 012A     	 cmp r2,#1
1559:Drivers/STM32G4xx_HAL_Driver/Src/stm32g4xx_hal_fdcan.c ****   /* Check function parameters */
 2849              	 .loc 1 1559 1 view .LVU964
 2850 0006 0346     	 mov r3,r0
1563:Drivers/STM32G4xx_HAL_Driver/Src/stm32g4xx_hal_fdcan.c ****   {
 2851              	 .loc 1 1563 6 view .LVU965
 2852 0008 05D0     	 beq .L290
1574:Drivers/STM32G4xx_HAL_Driver/Src/stm32g4xx_hal_fdcan.c **** 
 2853              	 .loc 1 1574 5 is_stmt 1 view .LVU966
1574:Drivers/STM32G4xx_HAL_Driver/Src/stm32g4xx_hal_fdcan.c **** 
 2854              	 .loc 1 1574 11 is_stmt 0 view .LVU967
 2855 000a 026E     	 ldr r2,[r0,#96]
1574:Drivers/STM32G4xx_HAL_Driver/Src/stm32g4xx_hal_fdcan.c **** 
 2856              	 .loc 1 1574 23 view .LVU968
 2857 000c 42F00402 	 orr r2,r2,#4
ARM GAS   			page 127


1576:Drivers/STM32G4xx_HAL_Driver/Src/stm32g4xx_hal_fdcan.c ****   }
 2858              	 .loc 1 1576 12 view .LVU969
 2859 0010 0120     	 movs r0,#1
 2860              	.LVL179:
1574:Drivers/STM32G4xx_HAL_Driver/Src/stm32g4xx_hal_fdcan.c **** 
 2861              	 .loc 1 1574 23 view .LVU970
 2862 0012 1A66     	 str r2,[r3,#96]
1576:Drivers/STM32G4xx_HAL_Driver/Src/stm32g4xx_hal_fdcan.c ****   }
 2863              	 .loc 1 1576 5 is_stmt 1 view .LVU971
1578:Drivers/STM32G4xx_HAL_Driver/Src/stm32g4xx_hal_fdcan.c **** 
 2864              	 .loc 1 1578 1 is_stmt 0 view .LVU972
 2865 0014 7047     	 bx lr
 2866              	.LVL180:
 2867              	.L290:
1566:Drivers/STM32G4xx_HAL_Driver/Src/stm32g4xx_hal_fdcan.c **** 
 2868              	 .loc 1 1566 5 is_stmt 1 view .LVU973
 2869 0016 0268     	 ldr r2,[r0]
 2870 0018 136A     	 ldr r3,[r2,#32]
 2871 001a 23F00303 	 bic r3,r3,#3
 2872 001e 0B43     	 orrs r3,r3,r1
1569:Drivers/STM32G4xx_HAL_Driver/Src/stm32g4xx_hal_fdcan.c ****   }
 2873              	 .loc 1 1569 12 is_stmt 0 view .LVU974
 2874 0020 0020     	 movs r0,#0
 2875              	.LVL181:
1566:Drivers/STM32G4xx_HAL_Driver/Src/stm32g4xx_hal_fdcan.c **** 
 2876              	 .loc 1 1566 5 view .LVU975
 2877 0022 1362     	 str r3,[r2,#32]
1569:Drivers/STM32G4xx_HAL_Driver/Src/stm32g4xx_hal_fdcan.c ****   }
 2878              	 .loc 1 1569 5 is_stmt 1 view .LVU976
1569:Drivers/STM32G4xx_HAL_Driver/Src/stm32g4xx_hal_fdcan.c ****   }
 2879              	 .loc 1 1569 12 is_stmt 0 view .LVU977
 2880 0024 7047     	 bx lr
 2881              	 .cfi_endproc
 2882              	.LFE387:
 2884 0026 00BF     	 .section .text.HAL_FDCAN_DisableTimestampCounter,"ax",%progbits
 2885              	 .align 1
 2886              	 .p2align 2,,3
 2887              	 .global HAL_FDCAN_DisableTimestampCounter
 2888              	 .syntax unified
 2889              	 .thumb
 2890              	 .thumb_func
 2892              	HAL_FDCAN_DisableTimestampCounter:
 2893              	.LVL182:
 2894              	.LFB388:
1587:Drivers/STM32G4xx_HAL_Driver/Src/stm32g4xx_hal_fdcan.c ****   if (hfdcan->State == HAL_FDCAN_STATE_READY)
 2895              	 .loc 1 1587 1 is_stmt 1 view-0
 2896              	 .cfi_startproc
 2897              	 
 2898              	 
 2899              	 
1588:Drivers/STM32G4xx_HAL_Driver/Src/stm32g4xx_hal_fdcan.c ****   {
 2900              	 .loc 1 1588 3 view .LVU979
1588:Drivers/STM32G4xx_HAL_Driver/Src/stm32g4xx_hal_fdcan.c ****   {
 2901              	 .loc 1 1588 13 is_stmt 0 view .LVU980
 2902 0000 90F85C20 	 ldrb r2,[r0,#92]
1588:Drivers/STM32G4xx_HAL_Driver/Src/stm32g4xx_hal_fdcan.c ****   {
 2903              	 .loc 1 1588 6 view .LVU981
ARM GAS   			page 128


 2904 0004 012A     	 cmp r2,#1
1587:Drivers/STM32G4xx_HAL_Driver/Src/stm32g4xx_hal_fdcan.c ****   if (hfdcan->State == HAL_FDCAN_STATE_READY)
 2905              	 .loc 1 1587 1 view .LVU982
 2906 0006 0346     	 mov r3,r0
1588:Drivers/STM32G4xx_HAL_Driver/Src/stm32g4xx_hal_fdcan.c ****   {
 2907              	 .loc 1 1588 6 view .LVU983
 2908 0008 05D0     	 beq .L294
1599:Drivers/STM32G4xx_HAL_Driver/Src/stm32g4xx_hal_fdcan.c **** 
 2909              	 .loc 1 1599 5 is_stmt 1 view .LVU984
1599:Drivers/STM32G4xx_HAL_Driver/Src/stm32g4xx_hal_fdcan.c **** 
 2910              	 .loc 1 1599 11 is_stmt 0 view .LVU985
 2911 000a 026E     	 ldr r2,[r0,#96]
1599:Drivers/STM32G4xx_HAL_Driver/Src/stm32g4xx_hal_fdcan.c **** 
 2912              	 .loc 1 1599 23 view .LVU986
 2913 000c 42F00402 	 orr r2,r2,#4
1601:Drivers/STM32G4xx_HAL_Driver/Src/stm32g4xx_hal_fdcan.c ****   }
 2914              	 .loc 1 1601 12 view .LVU987
 2915 0010 0120     	 movs r0,#1
 2916              	.LVL183:
1599:Drivers/STM32G4xx_HAL_Driver/Src/stm32g4xx_hal_fdcan.c **** 
 2917              	 .loc 1 1599 23 view .LVU988
 2918 0012 1A66     	 str r2,[r3,#96]
1601:Drivers/STM32G4xx_HAL_Driver/Src/stm32g4xx_hal_fdcan.c ****   }
 2919              	 .loc 1 1601 5 is_stmt 1 view .LVU989
1603:Drivers/STM32G4xx_HAL_Driver/Src/stm32g4xx_hal_fdcan.c **** 
 2920              	 .loc 1 1603 1 is_stmt 0 view .LVU990
 2921 0014 7047     	 bx lr
 2922              	.LVL184:
 2923              	.L294:
1591:Drivers/STM32G4xx_HAL_Driver/Src/stm32g4xx_hal_fdcan.c **** 
 2924              	 .loc 1 1591 5 is_stmt 1 view .LVU991
 2925 0016 0268     	 ldr r2,[r0]
 2926 0018 136A     	 ldr r3,[r2,#32]
 2927 001a 23F00303 	 bic r3,r3,#3
1594:Drivers/STM32G4xx_HAL_Driver/Src/stm32g4xx_hal_fdcan.c ****   }
 2928              	 .loc 1 1594 12 is_stmt 0 view .LVU992
 2929 001e 0020     	 movs r0,#0
 2930              	.LVL185:
1591:Drivers/STM32G4xx_HAL_Driver/Src/stm32g4xx_hal_fdcan.c **** 
 2931              	 .loc 1 1591 5 view .LVU993
 2932 0020 1362     	 str r3,[r2,#32]
1594:Drivers/STM32G4xx_HAL_Driver/Src/stm32g4xx_hal_fdcan.c ****   }
 2933              	 .loc 1 1594 5 is_stmt 1 view .LVU994
1594:Drivers/STM32G4xx_HAL_Driver/Src/stm32g4xx_hal_fdcan.c ****   }
 2934              	 .loc 1 1594 12 is_stmt 0 view .LVU995
 2935 0022 7047     	 bx lr
 2936              	 .cfi_endproc
 2937              	.LFE388:
 2939              	 .section .text.HAL_FDCAN_GetTimestampCounter,"ax",%progbits
 2940              	 .align 1
 2941              	 .p2align 2,,3
 2942              	 .global HAL_FDCAN_GetTimestampCounter
 2943              	 .syntax unified
 2944              	 .thumb
 2945              	 .thumb_func
 2947              	HAL_FDCAN_GetTimestampCounter:
 2948              	.LVL186:
ARM GAS   			page 129


 2949              	.LFB389:
1612:Drivers/STM32G4xx_HAL_Driver/Src/stm32g4xx_hal_fdcan.c ****   return (uint16_t)(hfdcan->Instance->TSCV);
 2950              	 .loc 1 1612 1 is_stmt 1 view-0
 2951              	 .cfi_startproc
 2952              	 
 2953              	 
 2954              	 
1613:Drivers/STM32G4xx_HAL_Driver/Src/stm32g4xx_hal_fdcan.c **** }
 2955              	 .loc 1 1613 3 view .LVU997
1613:Drivers/STM32G4xx_HAL_Driver/Src/stm32g4xx_hal_fdcan.c **** }
 2956              	 .loc 1 1613 27 is_stmt 0 view .LVU998
 2957 0000 0368     	 ldr r3,[r0]
1613:Drivers/STM32G4xx_HAL_Driver/Src/stm32g4xx_hal_fdcan.c **** }
 2958              	 .loc 1 1613 37 view .LVU999
 2959 0002 586A     	 ldr r0,[r3,#36]
 2960              	.LVL187:
1614:Drivers/STM32G4xx_HAL_Driver/Src/stm32g4xx_hal_fdcan.c **** 
 2961              	 .loc 1 1614 1 view .LVU1000
 2962 0004 80B2     	 uxth r0,r0
 2963 0006 7047     	 bx lr
 2964              	 .cfi_endproc
 2965              	.LFE389:
 2967              	 .section .text.HAL_FDCAN_ResetTimestampCounter,"ax",%progbits
 2968              	 .align 1
 2969              	 .p2align 2,,3
 2970              	 .global HAL_FDCAN_ResetTimestampCounter
 2971              	 .syntax unified
 2972              	 .thumb
 2973              	 .thumb_func
 2975              	HAL_FDCAN_ResetTimestampCounter:
 2976              	.LVL188:
 2977              	.LFB390:
1623:Drivers/STM32G4xx_HAL_Driver/Src/stm32g4xx_hal_fdcan.c ****   if ((hfdcan->Instance->TSCC & FDCAN_TSCC_TSS) != FDCAN_TIMESTAMP_EXTERNAL)
 2978              	 .loc 1 1623 1 is_stmt 1 view-0
 2979              	 .cfi_startproc
 2980              	 
 2981              	 
 2982              	 
1624:Drivers/STM32G4xx_HAL_Driver/Src/stm32g4xx_hal_fdcan.c ****   {
 2983              	 .loc 1 1624 3 view .LVU1002
1624:Drivers/STM32G4xx_HAL_Driver/Src/stm32g4xx_hal_fdcan.c ****   {
 2984              	 .loc 1 1624 14 is_stmt 0 view .LVU1003
 2985 0000 0168     	 ldr r1,[r0]
1624:Drivers/STM32G4xx_HAL_Driver/Src/stm32g4xx_hal_fdcan.c ****   {
 2986              	 .loc 1 1624 24 view .LVU1004
 2987 0002 0A6A     	 ldr r2,[r1,#32]
1624:Drivers/STM32G4xx_HAL_Driver/Src/stm32g4xx_hal_fdcan.c ****   {
 2988              	 .loc 1 1624 31 view .LVU1005
 2989 0004 02F00302 	 and r2,r2,#3
1624:Drivers/STM32G4xx_HAL_Driver/Src/stm32g4xx_hal_fdcan.c ****   {
 2990              	 .loc 1 1624 6 view .LVU1006
 2991 0008 022A     	 cmp r2,#2
1623:Drivers/STM32G4xx_HAL_Driver/Src/stm32g4xx_hal_fdcan.c ****   if ((hfdcan->Instance->TSCC & FDCAN_TSCC_TSS) != FDCAN_TIMESTAMP_EXTERNAL)
 2992              	 .loc 1 1623 1 view .LVU1007
 2993 000a 0346     	 mov r3,r0
1624:Drivers/STM32G4xx_HAL_Driver/Src/stm32g4xx_hal_fdcan.c ****   {
 2994              	 .loc 1 1624 6 view .LVU1008
ARM GAS   			page 130


 2995 000c 02D0     	 beq .L297
1628:Drivers/STM32G4xx_HAL_Driver/Src/stm32g4xx_hal_fdcan.c ****   }
 2996              	 .loc 1 1628 5 is_stmt 1 view .LVU1009
 2997 000e 0020     	 movs r0,#0
 2998              	.LVL189:
1628:Drivers/STM32G4xx_HAL_Driver/Src/stm32g4xx_hal_fdcan.c ****   }
 2999              	 .loc 1 1628 5 is_stmt 0 view .LVU1010
 3000 0010 4862     	 str r0,[r1,#36]
1640:Drivers/STM32G4xx_HAL_Driver/Src/stm32g4xx_hal_fdcan.c **** }
 3001              	 .loc 1 1640 3 is_stmt 1 view .LVU1011
1640:Drivers/STM32G4xx_HAL_Driver/Src/stm32g4xx_hal_fdcan.c **** }
 3002              	 .loc 1 1640 10 is_stmt 0 view .LVU1012
 3003 0012 7047     	 bx lr
 3004              	.LVL190:
 3005              	.L297:
1634:Drivers/STM32G4xx_HAL_Driver/Src/stm32g4xx_hal_fdcan.c **** 
 3006              	 .loc 1 1634 5 is_stmt 1 view .LVU1013
1634:Drivers/STM32G4xx_HAL_Driver/Src/stm32g4xx_hal_fdcan.c **** 
 3007              	 .loc 1 1634 11 is_stmt 0 view .LVU1014
 3008 0014 026E     	 ldr r2,[r0,#96]
1634:Drivers/STM32G4xx_HAL_Driver/Src/stm32g4xx_hal_fdcan.c **** 
 3009              	 .loc 1 1634 23 view .LVU1015
 3010 0016 42F01002 	 orr r2,r2,#16
1636:Drivers/STM32G4xx_HAL_Driver/Src/stm32g4xx_hal_fdcan.c ****   }
 3011              	 .loc 1 1636 12 view .LVU1016
 3012 001a 0120     	 movs r0,#1
 3013              	.LVL191:
1634:Drivers/STM32G4xx_HAL_Driver/Src/stm32g4xx_hal_fdcan.c **** 
 3014              	 .loc 1 1634 23 view .LVU1017
 3015 001c 1A66     	 str r2,[r3,#96]
1636:Drivers/STM32G4xx_HAL_Driver/Src/stm32g4xx_hal_fdcan.c ****   }
 3016              	 .loc 1 1636 5 is_stmt 1 view .LVU1018
1641:Drivers/STM32G4xx_HAL_Driver/Src/stm32g4xx_hal_fdcan.c **** 
 3017              	 .loc 1 1641 1 is_stmt 0 view .LVU1019
 3018 001e 7047     	 bx lr
 3019              	 .cfi_endproc
 3020              	.LFE390:
 3022              	 .section .text.HAL_FDCAN_ConfigTimeoutCounter,"ax",%progbits
 3023              	 .align 1
 3024              	 .p2align 2,,3
 3025              	 .global HAL_FDCAN_ConfigTimeoutCounter
 3026              	 .syntax unified
 3027              	 .thumb
 3028              	 .thumb_func
 3030              	HAL_FDCAN_ConfigTimeoutCounter:
 3031              	.LVL192:
 3032              	.LFB391:
1655:Drivers/STM32G4xx_HAL_Driver/Src/stm32g4xx_hal_fdcan.c ****   /* Check function parameters */
 3033              	 .loc 1 1655 1 is_stmt 1 view-0
 3034              	 .cfi_startproc
 3035              	 
 3036              	 
 3037              	 
1657:Drivers/STM32G4xx_HAL_Driver/Src/stm32g4xx_hal_fdcan.c ****   assert_param(IS_FDCAN_MAX_VALUE(TimeoutPeriod, 0xFFFFU));
 3038              	 .loc 1 1657 3 view .LVU1021
1658:Drivers/STM32G4xx_HAL_Driver/Src/stm32g4xx_hal_fdcan.c **** 
 3039              	 .loc 1 1658 3 view .LVU1022
ARM GAS   			page 131


1660:Drivers/STM32G4xx_HAL_Driver/Src/stm32g4xx_hal_fdcan.c ****   {
 3040              	 .loc 1 1660 3 view .LVU1023
1655:Drivers/STM32G4xx_HAL_Driver/Src/stm32g4xx_hal_fdcan.c ****   /* Check function parameters */
 3041              	 .loc 1 1655 1 is_stmt 0 view .LVU1024
 3042 0000 0346     	 mov r3,r0
1660:Drivers/STM32G4xx_HAL_Driver/Src/stm32g4xx_hal_fdcan.c ****   {
 3043              	 .loc 1 1660 13 view .LVU1025
 3044 0002 90F85C00 	 ldrb r0,[r0,#92]
 3045              	.LVL193:
1660:Drivers/STM32G4xx_HAL_Driver/Src/stm32g4xx_hal_fdcan.c ****   {
 3046              	 .loc 1 1660 6 view .LVU1026
 3047 0006 0128     	 cmp r0,#1
 3048 0008 05D0     	 beq .L302
1672:Drivers/STM32G4xx_HAL_Driver/Src/stm32g4xx_hal_fdcan.c **** 
 3049              	 .loc 1 1672 5 is_stmt 1 view .LVU1027
1672:Drivers/STM32G4xx_HAL_Driver/Src/stm32g4xx_hal_fdcan.c **** 
 3050              	 .loc 1 1672 11 is_stmt 0 view .LVU1028
 3051 000a 1A6E     	 ldr r2,[r3,#96]
 3052              	.LVL194:
1672:Drivers/STM32G4xx_HAL_Driver/Src/stm32g4xx_hal_fdcan.c **** 
 3053              	 .loc 1 1672 23 view .LVU1029
 3054 000c 42F00402 	 orr r2,r2,#4
1674:Drivers/STM32G4xx_HAL_Driver/Src/stm32g4xx_hal_fdcan.c ****   }
 3055              	 .loc 1 1674 12 view .LVU1030
 3056 0010 0120     	 movs r0,#1
1672:Drivers/STM32G4xx_HAL_Driver/Src/stm32g4xx_hal_fdcan.c **** 
 3057              	 .loc 1 1672 23 view .LVU1031
 3058 0012 1A66     	 str r2,[r3,#96]
1674:Drivers/STM32G4xx_HAL_Driver/Src/stm32g4xx_hal_fdcan.c ****   }
 3059              	 .loc 1 1674 5 is_stmt 1 view .LVU1032
1676:Drivers/STM32G4xx_HAL_Driver/Src/stm32g4xx_hal_fdcan.c **** 
 3060              	 .loc 1 1676 1 is_stmt 0 view .LVU1033
 3061 0014 7047     	 bx lr
 3062              	.LVL195:
 3063              	.L302:
1663:Drivers/STM32G4xx_HAL_Driver/Src/stm32g4xx_hal_fdcan.c ****                (FDCAN_TOCC_TOS | FDCAN_TOCC_TOP), (TimeoutOperation | (TimeoutPeriod << FDCAN_TOCC_
 3064              	 .loc 1 1663 5 is_stmt 1 view .LVU1034
 3065 0016 1868     	 ldr r0,[r3]
 3066 0018 836A     	 ldr r3,[r0,#40]
 3067              	.LVL196:
1663:Drivers/STM32G4xx_HAL_Driver/Src/stm32g4xx_hal_fdcan.c ****                (FDCAN_TOCC_TOS | FDCAN_TOCC_TOP), (TimeoutOperation | (TimeoutPeriod << FDCAN_TOCC_
 3068              	 .loc 1 1663 5 is_stmt 0 view .LVU1035
 3069 001a 4FF6F97C 	 movw ip,#65529
 3070 001e 41EA0241 	 orr r1,r1,r2,lsl#16
 3071              	.LVL197:
1663:Drivers/STM32G4xx_HAL_Driver/Src/stm32g4xx_hal_fdcan.c ****                (FDCAN_TOCC_TOS | FDCAN_TOCC_TOP), (TimeoutOperation | (TimeoutPeriod << FDCAN_TOCC_
 3072              	 .loc 1 1663 5 view .LVU1036
 3073 0022 03EA0C03 	 and r3,r3,ip
 3074 0026 1943     	 orrs r1,r1,r3
 3075 0028 8162     	 str r1,[r0,#40]
1667:Drivers/STM32G4xx_HAL_Driver/Src/stm32g4xx_hal_fdcan.c ****   }
 3076              	 .loc 1 1667 5 is_stmt 1 view .LVU1037
1667:Drivers/STM32G4xx_HAL_Driver/Src/stm32g4xx_hal_fdcan.c ****   }
 3077              	 .loc 1 1667 12 is_stmt 0 view .LVU1038
 3078 002a 0020     	 movs r0,#0
 3079 002c 7047     	 bx lr
 3080              	 .cfi_endproc
ARM GAS   			page 132


 3081              	.LFE391:
 3083 002e 00BF     	 .section .text.HAL_FDCAN_EnableTimeoutCounter,"ax",%progbits
 3084              	 .align 1
 3085              	 .p2align 2,,3
 3086              	 .global HAL_FDCAN_EnableTimeoutCounter
 3087              	 .syntax unified
 3088              	 .thumb
 3089              	 .thumb_func
 3091              	HAL_FDCAN_EnableTimeoutCounter:
 3092              	.LVL198:
 3093              	.LFB392:
1685:Drivers/STM32G4xx_HAL_Driver/Src/stm32g4xx_hal_fdcan.c ****   if (hfdcan->State == HAL_FDCAN_STATE_READY)
 3094              	 .loc 1 1685 1 is_stmt 1 view-0
 3095              	 .cfi_startproc
 3096              	 
 3097              	 
 3098              	 
1686:Drivers/STM32G4xx_HAL_Driver/Src/stm32g4xx_hal_fdcan.c ****   {
 3099              	 .loc 1 1686 3 view .LVU1040
1686:Drivers/STM32G4xx_HAL_Driver/Src/stm32g4xx_hal_fdcan.c ****   {
 3100              	 .loc 1 1686 13 is_stmt 0 view .LVU1041
 3101 0000 90F85C20 	 ldrb r2,[r0,#92]
1686:Drivers/STM32G4xx_HAL_Driver/Src/stm32g4xx_hal_fdcan.c ****   {
 3102              	 .loc 1 1686 6 view .LVU1042
 3103 0004 012A     	 cmp r2,#1
1685:Drivers/STM32G4xx_HAL_Driver/Src/stm32g4xx_hal_fdcan.c ****   if (hfdcan->State == HAL_FDCAN_STATE_READY)
 3104              	 .loc 1 1685 1 view .LVU1043
 3105 0006 0346     	 mov r3,r0
1686:Drivers/STM32G4xx_HAL_Driver/Src/stm32g4xx_hal_fdcan.c ****   {
 3106              	 .loc 1 1686 6 view .LVU1044
 3107 0008 05D0     	 beq .L306
1697:Drivers/STM32G4xx_HAL_Driver/Src/stm32g4xx_hal_fdcan.c **** 
 3108              	 .loc 1 1697 5 is_stmt 1 view .LVU1045
1697:Drivers/STM32G4xx_HAL_Driver/Src/stm32g4xx_hal_fdcan.c **** 
 3109              	 .loc 1 1697 11 is_stmt 0 view .LVU1046
 3110 000a 026E     	 ldr r2,[r0,#96]
1697:Drivers/STM32G4xx_HAL_Driver/Src/stm32g4xx_hal_fdcan.c **** 
 3111              	 .loc 1 1697 23 view .LVU1047
 3112 000c 42F00402 	 orr r2,r2,#4
1699:Drivers/STM32G4xx_HAL_Driver/Src/stm32g4xx_hal_fdcan.c ****   }
 3113              	 .loc 1 1699 12 view .LVU1048
 3114 0010 0120     	 movs r0,#1
 3115              	.LVL199:
1697:Drivers/STM32G4xx_HAL_Driver/Src/stm32g4xx_hal_fdcan.c **** 
 3116              	 .loc 1 1697 23 view .LVU1049
 3117 0012 1A66     	 str r2,[r3,#96]
1699:Drivers/STM32G4xx_HAL_Driver/Src/stm32g4xx_hal_fdcan.c ****   }
 3118              	 .loc 1 1699 5 is_stmt 1 view .LVU1050
1701:Drivers/STM32G4xx_HAL_Driver/Src/stm32g4xx_hal_fdcan.c **** 
 3119              	 .loc 1 1701 1 is_stmt 0 view .LVU1051
 3120 0014 7047     	 bx lr
 3121              	.LVL200:
 3122              	.L306:
1689:Drivers/STM32G4xx_HAL_Driver/Src/stm32g4xx_hal_fdcan.c **** 
 3123              	 .loc 1 1689 5 is_stmt 1 view .LVU1052
 3124 0016 0268     	 ldr r2,[r0]
 3125 0018 936A     	 ldr r3,[r2,#40]
ARM GAS   			page 133


 3126 001a 43F00103 	 orr r3,r3,#1
1692:Drivers/STM32G4xx_HAL_Driver/Src/stm32g4xx_hal_fdcan.c ****   }
 3127              	 .loc 1 1692 12 is_stmt 0 view .LVU1053
 3128 001e 0020     	 movs r0,#0
 3129              	.LVL201:
1689:Drivers/STM32G4xx_HAL_Driver/Src/stm32g4xx_hal_fdcan.c **** 
 3130              	 .loc 1 1689 5 view .LVU1054
 3131 0020 9362     	 str r3,[r2,#40]
1692:Drivers/STM32G4xx_HAL_Driver/Src/stm32g4xx_hal_fdcan.c ****   }
 3132              	 .loc 1 1692 5 is_stmt 1 view .LVU1055
1692:Drivers/STM32G4xx_HAL_Driver/Src/stm32g4xx_hal_fdcan.c ****   }
 3133              	 .loc 1 1692 12 is_stmt 0 view .LVU1056
 3134 0022 7047     	 bx lr
 3135              	 .cfi_endproc
 3136              	.LFE392:
 3138              	 .section .text.HAL_FDCAN_DisableTimeoutCounter,"ax",%progbits
 3139              	 .align 1
 3140              	 .p2align 2,,3
 3141              	 .global HAL_FDCAN_DisableTimeoutCounter
 3142              	 .syntax unified
 3143              	 .thumb
 3144              	 .thumb_func
 3146              	HAL_FDCAN_DisableTimeoutCounter:
 3147              	.LVL202:
 3148              	.LFB393:
1710:Drivers/STM32G4xx_HAL_Driver/Src/stm32g4xx_hal_fdcan.c ****   if (hfdcan->State == HAL_FDCAN_STATE_READY)
 3149              	 .loc 1 1710 1 is_stmt 1 view-0
 3150              	 .cfi_startproc
 3151              	 
 3152              	 
 3153              	 
1711:Drivers/STM32G4xx_HAL_Driver/Src/stm32g4xx_hal_fdcan.c ****   {
 3154              	 .loc 1 1711 3 view .LVU1058
1711:Drivers/STM32G4xx_HAL_Driver/Src/stm32g4xx_hal_fdcan.c ****   {
 3155              	 .loc 1 1711 13 is_stmt 0 view .LVU1059
 3156 0000 90F85C20 	 ldrb r2,[r0,#92]
1711:Drivers/STM32G4xx_HAL_Driver/Src/stm32g4xx_hal_fdcan.c ****   {
 3157              	 .loc 1 1711 6 view .LVU1060
 3158 0004 012A     	 cmp r2,#1
1710:Drivers/STM32G4xx_HAL_Driver/Src/stm32g4xx_hal_fdcan.c ****   if (hfdcan->State == HAL_FDCAN_STATE_READY)
 3159              	 .loc 1 1710 1 view .LVU1061
 3160 0006 0346     	 mov r3,r0
1711:Drivers/STM32G4xx_HAL_Driver/Src/stm32g4xx_hal_fdcan.c ****   {
 3161              	 .loc 1 1711 6 view .LVU1062
 3162 0008 05D0     	 beq .L310
1722:Drivers/STM32G4xx_HAL_Driver/Src/stm32g4xx_hal_fdcan.c **** 
 3163              	 .loc 1 1722 5 is_stmt 1 view .LVU1063
1722:Drivers/STM32G4xx_HAL_Driver/Src/stm32g4xx_hal_fdcan.c **** 
 3164              	 .loc 1 1722 11 is_stmt 0 view .LVU1064
 3165 000a 026E     	 ldr r2,[r0,#96]
1722:Drivers/STM32G4xx_HAL_Driver/Src/stm32g4xx_hal_fdcan.c **** 
 3166              	 .loc 1 1722 23 view .LVU1065
 3167 000c 42F00402 	 orr r2,r2,#4
1724:Drivers/STM32G4xx_HAL_Driver/Src/stm32g4xx_hal_fdcan.c ****   }
 3168              	 .loc 1 1724 12 view .LVU1066
 3169 0010 0120     	 movs r0,#1
 3170              	.LVL203:
ARM GAS   			page 134


1722:Drivers/STM32G4xx_HAL_Driver/Src/stm32g4xx_hal_fdcan.c **** 
 3171              	 .loc 1 1722 23 view .LVU1067
 3172 0012 1A66     	 str r2,[r3,#96]
1724:Drivers/STM32G4xx_HAL_Driver/Src/stm32g4xx_hal_fdcan.c ****   }
 3173              	 .loc 1 1724 5 is_stmt 1 view .LVU1068
1726:Drivers/STM32G4xx_HAL_Driver/Src/stm32g4xx_hal_fdcan.c **** 
 3174              	 .loc 1 1726 1 is_stmt 0 view .LVU1069
 3175 0014 7047     	 bx lr
 3176              	.LVL204:
 3177              	.L310:
1714:Drivers/STM32G4xx_HAL_Driver/Src/stm32g4xx_hal_fdcan.c **** 
 3178              	 .loc 1 1714 5 is_stmt 1 view .LVU1070
 3179 0016 0268     	 ldr r2,[r0]
 3180 0018 936A     	 ldr r3,[r2,#40]
 3181 001a 23F00103 	 bic r3,r3,#1
1717:Drivers/STM32G4xx_HAL_Driver/Src/stm32g4xx_hal_fdcan.c ****   }
 3182              	 .loc 1 1717 12 is_stmt 0 view .LVU1071
 3183 001e 0020     	 movs r0,#0
 3184              	.LVL205:
1714:Drivers/STM32G4xx_HAL_Driver/Src/stm32g4xx_hal_fdcan.c **** 
 3185              	 .loc 1 1714 5 view .LVU1072
 3186 0020 9362     	 str r3,[r2,#40]
1717:Drivers/STM32G4xx_HAL_Driver/Src/stm32g4xx_hal_fdcan.c ****   }
 3187              	 .loc 1 1717 5 is_stmt 1 view .LVU1073
1717:Drivers/STM32G4xx_HAL_Driver/Src/stm32g4xx_hal_fdcan.c ****   }
 3188              	 .loc 1 1717 12 is_stmt 0 view .LVU1074
 3189 0022 7047     	 bx lr
 3190              	 .cfi_endproc
 3191              	.LFE393:
 3193              	 .section .text.HAL_FDCAN_GetTimeoutCounter,"ax",%progbits
 3194              	 .align 1
 3195              	 .p2align 2,,3
 3196              	 .global HAL_FDCAN_GetTimeoutCounter
 3197              	 .syntax unified
 3198              	 .thumb
 3199              	 .thumb_func
 3201              	HAL_FDCAN_GetTimeoutCounter:
 3202              	.LVL206:
 3203              	.LFB394:
1735:Drivers/STM32G4xx_HAL_Driver/Src/stm32g4xx_hal_fdcan.c ****   return (uint16_t)(hfdcan->Instance->TOCV);
 3204              	 .loc 1 1735 1 is_stmt 1 view-0
 3205              	 .cfi_startproc
 3206              	 
 3207              	 
 3208              	 
1736:Drivers/STM32G4xx_HAL_Driver/Src/stm32g4xx_hal_fdcan.c **** }
 3209              	 .loc 1 1736 3 view .LVU1076
1736:Drivers/STM32G4xx_HAL_Driver/Src/stm32g4xx_hal_fdcan.c **** }
 3210              	 .loc 1 1736 27 is_stmt 0 view .LVU1077
 3211 0000 0368     	 ldr r3,[r0]
1736:Drivers/STM32G4xx_HAL_Driver/Src/stm32g4xx_hal_fdcan.c **** }
 3212              	 .loc 1 1736 37 view .LVU1078
 3213 0002 D86A     	 ldr r0,[r3,#44]
 3214              	.LVL207:
1737:Drivers/STM32G4xx_HAL_Driver/Src/stm32g4xx_hal_fdcan.c **** 
 3215              	 .loc 1 1737 1 view .LVU1079
 3216 0004 80B2     	 uxth r0,r0
ARM GAS   			page 135


 3217 0006 7047     	 bx lr
 3218              	 .cfi_endproc
 3219              	.LFE394:
 3221              	 .section .text.HAL_FDCAN_ResetTimeoutCounter,"ax",%progbits
 3222              	 .align 1
 3223              	 .p2align 2,,3
 3224              	 .global HAL_FDCAN_ResetTimeoutCounter
 3225              	 .syntax unified
 3226              	 .thumb
 3227              	 .thumb_func
 3229              	HAL_FDCAN_ResetTimeoutCounter:
 3230              	.LVL208:
 3231              	.LFB395:
1746:Drivers/STM32G4xx_HAL_Driver/Src/stm32g4xx_hal_fdcan.c ****   if ((hfdcan->Instance->TOCC & FDCAN_TOCC_TOS) == FDCAN_TIMEOUT_CONTINUOUS)
 3232              	 .loc 1 1746 1 is_stmt 1 view-0
 3233              	 .cfi_startproc
 3234              	 
 3235              	 
 3236              	 
1747:Drivers/STM32G4xx_HAL_Driver/Src/stm32g4xx_hal_fdcan.c ****   {
 3237              	 .loc 1 1747 3 view .LVU1081
1747:Drivers/STM32G4xx_HAL_Driver/Src/stm32g4xx_hal_fdcan.c ****   {
 3238              	 .loc 1 1747 14 is_stmt 0 view .LVU1082
 3239 0000 0168     	 ldr r1,[r0]
1746:Drivers/STM32G4xx_HAL_Driver/Src/stm32g4xx_hal_fdcan.c ****   if ((hfdcan->Instance->TOCC & FDCAN_TOCC_TOS) == FDCAN_TIMEOUT_CONTINUOUS)
 3240              	 .loc 1 1746 1 view .LVU1083
 3241 0002 0246     	 mov r2,r0
1747:Drivers/STM32G4xx_HAL_Driver/Src/stm32g4xx_hal_fdcan.c ****   {
 3242              	 .loc 1 1747 24 view .LVU1084
 3243 0004 886A     	 ldr r0,[r1,#40]
 3244              	.LVL209:
1747:Drivers/STM32G4xx_HAL_Driver/Src/stm32g4xx_hal_fdcan.c ****   {
 3245              	 .loc 1 1747 6 view .LVU1085
 3246 0006 10F00600 	 ands r0,r0,#6
 3247 000a 01D1     	 bne .L313
1750:Drivers/STM32G4xx_HAL_Driver/Src/stm32g4xx_hal_fdcan.c **** 
 3248              	 .loc 1 1750 5 is_stmt 1 view .LVU1086
 3249 000c C862     	 str r0,[r1,#44]
1753:Drivers/STM32G4xx_HAL_Driver/Src/stm32g4xx_hal_fdcan.c ****   }
 3250              	 .loc 1 1753 5 view .LVU1087
1753:Drivers/STM32G4xx_HAL_Driver/Src/stm32g4xx_hal_fdcan.c ****   }
 3251              	 .loc 1 1753 12 is_stmt 0 view .LVU1088
 3252 000e 7047     	 bx lr
 3253              	.L313:
1759:Drivers/STM32G4xx_HAL_Driver/Src/stm32g4xx_hal_fdcan.c **** 
 3254              	 .loc 1 1759 5 is_stmt 1 view .LVU1089
1759:Drivers/STM32G4xx_HAL_Driver/Src/stm32g4xx_hal_fdcan.c **** 
 3255              	 .loc 1 1759 11 is_stmt 0 view .LVU1090
 3256 0010 136E     	 ldr r3,[r2,#96]
1759:Drivers/STM32G4xx_HAL_Driver/Src/stm32g4xx_hal_fdcan.c **** 
 3257              	 .loc 1 1759 23 view .LVU1091
 3258 0012 43F01003 	 orr r3,r3,#16
1761:Drivers/STM32G4xx_HAL_Driver/Src/stm32g4xx_hal_fdcan.c ****   }
 3259              	 .loc 1 1761 12 view .LVU1092
 3260 0016 0120     	 movs r0,#1
1759:Drivers/STM32G4xx_HAL_Driver/Src/stm32g4xx_hal_fdcan.c **** 
 3261              	 .loc 1 1759 23 view .LVU1093
ARM GAS   			page 136


 3262 0018 1366     	 str r3,[r2,#96]
1761:Drivers/STM32G4xx_HAL_Driver/Src/stm32g4xx_hal_fdcan.c ****   }
 3263              	 .loc 1 1761 5 is_stmt 1 view .LVU1094
1763:Drivers/STM32G4xx_HAL_Driver/Src/stm32g4xx_hal_fdcan.c **** 
 3264              	 .loc 1 1763 1 is_stmt 0 view .LVU1095
 3265 001a 7047     	 bx lr
 3266              	 .cfi_endproc
 3267              	.LFE395:
 3269              	 .section .text.HAL_FDCAN_ConfigTxDelayCompensation,"ax",%progbits
 3270              	 .align 1
 3271              	 .p2align 2,,3
 3272              	 .global HAL_FDCAN_ConfigTxDelayCompensation
 3273              	 .syntax unified
 3274              	 .thumb
 3275              	 .thumb_func
 3277              	HAL_FDCAN_ConfigTxDelayCompensation:
 3278              	.LVL210:
 3279              	.LFB396:
1777:Drivers/STM32G4xx_HAL_Driver/Src/stm32g4xx_hal_fdcan.c ****   /* Check function parameters */
 3280              	 .loc 1 1777 1 is_stmt 1 view-0
 3281              	 .cfi_startproc
 3282              	 
 3283              	 
 3284              	 
1779:Drivers/STM32G4xx_HAL_Driver/Src/stm32g4xx_hal_fdcan.c ****   assert_param(IS_FDCAN_MAX_VALUE(TdcFilter, 0x7FU));
 3285              	 .loc 1 1779 3 view .LVU1097
1780:Drivers/STM32G4xx_HAL_Driver/Src/stm32g4xx_hal_fdcan.c **** 
 3286              	 .loc 1 1780 3 view .LVU1098
1782:Drivers/STM32G4xx_HAL_Driver/Src/stm32g4xx_hal_fdcan.c ****   {
 3287              	 .loc 1 1782 3 view .LVU1099
1777:Drivers/STM32G4xx_HAL_Driver/Src/stm32g4xx_hal_fdcan.c ****   /* Check function parameters */
 3288              	 .loc 1 1777 1 is_stmt 0 view .LVU1100
 3289 0000 0346     	 mov r3,r0
1782:Drivers/STM32G4xx_HAL_Driver/Src/stm32g4xx_hal_fdcan.c ****   {
 3290              	 .loc 1 1782 13 view .LVU1101
 3291 0002 90F85C00 	 ldrb r0,[r0,#92]
 3292              	.LVL211:
1782:Drivers/STM32G4xx_HAL_Driver/Src/stm32g4xx_hal_fdcan.c ****   {
 3293              	 .loc 1 1782 6 view .LVU1102
 3294 0006 0128     	 cmp r0,#1
 3295 0008 05D0     	 beq .L318
1793:Drivers/STM32G4xx_HAL_Driver/Src/stm32g4xx_hal_fdcan.c **** 
 3296              	 .loc 1 1793 5 is_stmt 1 view .LVU1103
1793:Drivers/STM32G4xx_HAL_Driver/Src/stm32g4xx_hal_fdcan.c **** 
 3297              	 .loc 1 1793 11 is_stmt 0 view .LVU1104
 3298 000a 1A6E     	 ldr r2,[r3,#96]
 3299              	.LVL212:
1793:Drivers/STM32G4xx_HAL_Driver/Src/stm32g4xx_hal_fdcan.c **** 
 3300              	 .loc 1 1793 23 view .LVU1105
 3301 000c 42F00402 	 orr r2,r2,#4
1795:Drivers/STM32G4xx_HAL_Driver/Src/stm32g4xx_hal_fdcan.c ****   }
 3302              	 .loc 1 1795 12 view .LVU1106
 3303 0010 0120     	 movs r0,#1
1793:Drivers/STM32G4xx_HAL_Driver/Src/stm32g4xx_hal_fdcan.c **** 
 3304              	 .loc 1 1793 23 view .LVU1107
 3305 0012 1A66     	 str r2,[r3,#96]
1795:Drivers/STM32G4xx_HAL_Driver/Src/stm32g4xx_hal_fdcan.c ****   }
ARM GAS   			page 137


 3306              	 .loc 1 1795 5 is_stmt 1 view .LVU1108
1797:Drivers/STM32G4xx_HAL_Driver/Src/stm32g4xx_hal_fdcan.c **** 
 3307              	 .loc 1 1797 1 is_stmt 0 view .LVU1109
 3308 0014 7047     	 bx lr
 3309              	.LVL213:
 3310              	.L318:
1785:Drivers/STM32G4xx_HAL_Driver/Src/stm32g4xx_hal_fdcan.c **** 
 3311              	 .loc 1 1785 5 is_stmt 1 view .LVU1110
1785:Drivers/STM32G4xx_HAL_Driver/Src/stm32g4xx_hal_fdcan.c **** 
 3312              	 .loc 1 1785 11 is_stmt 0 view .LVU1111
 3313 0016 1B68     	 ldr r3,[r3]
 3314              	.LVL214:
1785:Drivers/STM32G4xx_HAL_Driver/Src/stm32g4xx_hal_fdcan.c **** 
 3315              	 .loc 1 1785 66 view .LVU1112
 3316 0018 42EA0122 	 orr r2,r2,r1,lsl#8
 3317              	.LVL215:
1785:Drivers/STM32G4xx_HAL_Driver/Src/stm32g4xx_hal_fdcan.c **** 
 3318              	 .loc 1 1785 28 view .LVU1113
 3319 001c 9A64     	 str r2,[r3,#72]
1788:Drivers/STM32G4xx_HAL_Driver/Src/stm32g4xx_hal_fdcan.c ****   }
 3320              	 .loc 1 1788 5 is_stmt 1 view .LVU1114
1788:Drivers/STM32G4xx_HAL_Driver/Src/stm32g4xx_hal_fdcan.c ****   }
 3321              	 .loc 1 1788 12 is_stmt 0 view .LVU1115
 3322 001e 0020     	 movs r0,#0
 3323 0020 7047     	 bx lr
 3324              	 .cfi_endproc
 3325              	.LFE396:
 3327 0022 00BF     	 .section .text.HAL_FDCAN_EnableTxDelayCompensation,"ax",%progbits
 3328              	 .align 1
 3329              	 .p2align 2,,3
 3330              	 .global HAL_FDCAN_EnableTxDelayCompensation
 3331              	 .syntax unified
 3332              	 .thumb
 3333              	 .thumb_func
 3335              	HAL_FDCAN_EnableTxDelayCompensation:
 3336              	.LVL216:
 3337              	.LFB397:
1806:Drivers/STM32G4xx_HAL_Driver/Src/stm32g4xx_hal_fdcan.c ****   if (hfdcan->State == HAL_FDCAN_STATE_READY)
 3338              	 .loc 1 1806 1 is_stmt 1 view-0
 3339              	 .cfi_startproc
 3340              	 
 3341              	 
 3342              	 
1807:Drivers/STM32G4xx_HAL_Driver/Src/stm32g4xx_hal_fdcan.c ****   {
 3343              	 .loc 1 1807 3 view .LVU1117
1807:Drivers/STM32G4xx_HAL_Driver/Src/stm32g4xx_hal_fdcan.c ****   {
 3344              	 .loc 1 1807 13 is_stmt 0 view .LVU1118
 3345 0000 90F85C20 	 ldrb r2,[r0,#92]
1807:Drivers/STM32G4xx_HAL_Driver/Src/stm32g4xx_hal_fdcan.c ****   {
 3346              	 .loc 1 1807 6 view .LVU1119
 3347 0004 012A     	 cmp r2,#1
1806:Drivers/STM32G4xx_HAL_Driver/Src/stm32g4xx_hal_fdcan.c ****   if (hfdcan->State == HAL_FDCAN_STATE_READY)
 3348              	 .loc 1 1806 1 view .LVU1120
 3349 0006 0346     	 mov r3,r0
1807:Drivers/STM32G4xx_HAL_Driver/Src/stm32g4xx_hal_fdcan.c ****   {
 3350              	 .loc 1 1807 6 view .LVU1121
 3351 0008 05D0     	 beq .L322
ARM GAS   			page 138


1818:Drivers/STM32G4xx_HAL_Driver/Src/stm32g4xx_hal_fdcan.c **** 
 3352              	 .loc 1 1818 5 is_stmt 1 view .LVU1122
1818:Drivers/STM32G4xx_HAL_Driver/Src/stm32g4xx_hal_fdcan.c **** 
 3353              	 .loc 1 1818 11 is_stmt 0 view .LVU1123
 3354 000a 026E     	 ldr r2,[r0,#96]
1818:Drivers/STM32G4xx_HAL_Driver/Src/stm32g4xx_hal_fdcan.c **** 
 3355              	 .loc 1 1818 23 view .LVU1124
 3356 000c 42F00402 	 orr r2,r2,#4
1820:Drivers/STM32G4xx_HAL_Driver/Src/stm32g4xx_hal_fdcan.c ****   }
 3357              	 .loc 1 1820 12 view .LVU1125
 3358 0010 0120     	 movs r0,#1
 3359              	.LVL217:
1818:Drivers/STM32G4xx_HAL_Driver/Src/stm32g4xx_hal_fdcan.c **** 
 3360              	 .loc 1 1818 23 view .LVU1126
 3361 0012 1A66     	 str r2,[r3,#96]
1820:Drivers/STM32G4xx_HAL_Driver/Src/stm32g4xx_hal_fdcan.c ****   }
 3362              	 .loc 1 1820 5 is_stmt 1 view .LVU1127
1822:Drivers/STM32G4xx_HAL_Driver/Src/stm32g4xx_hal_fdcan.c **** 
 3363              	 .loc 1 1822 1 is_stmt 0 view .LVU1128
 3364 0014 7047     	 bx lr
 3365              	.LVL218:
 3366              	.L322:
1810:Drivers/STM32G4xx_HAL_Driver/Src/stm32g4xx_hal_fdcan.c **** 
 3367              	 .loc 1 1810 5 is_stmt 1 view .LVU1129
 3368 0016 0268     	 ldr r2,[r0]
 3369 0018 D368     	 ldr r3,[r2,#12]
 3370 001a 43F40003 	 orr r3,r3,#8388608
1813:Drivers/STM32G4xx_HAL_Driver/Src/stm32g4xx_hal_fdcan.c ****   }
 3371              	 .loc 1 1813 12 is_stmt 0 view .LVU1130
 3372 001e 0020     	 movs r0,#0
 3373              	.LVL219:
1810:Drivers/STM32G4xx_HAL_Driver/Src/stm32g4xx_hal_fdcan.c **** 
 3374              	 .loc 1 1810 5 view .LVU1131
 3375 0020 D360     	 str r3,[r2,#12]
1813:Drivers/STM32G4xx_HAL_Driver/Src/stm32g4xx_hal_fdcan.c ****   }
 3376              	 .loc 1 1813 5 is_stmt 1 view .LVU1132
1813:Drivers/STM32G4xx_HAL_Driver/Src/stm32g4xx_hal_fdcan.c ****   }
 3377              	 .loc 1 1813 12 is_stmt 0 view .LVU1133
 3378 0022 7047     	 bx lr
 3379              	 .cfi_endproc
 3380              	.LFE397:
 3382              	 .section .text.HAL_FDCAN_DisableTxDelayCompensation,"ax",%progbits
 3383              	 .align 1
 3384              	 .p2align 2,,3
 3385              	 .global HAL_FDCAN_DisableTxDelayCompensation
 3386              	 .syntax unified
 3387              	 .thumb
 3388              	 .thumb_func
 3390              	HAL_FDCAN_DisableTxDelayCompensation:
 3391              	.LVL220:
 3392              	.LFB398:
1831:Drivers/STM32G4xx_HAL_Driver/Src/stm32g4xx_hal_fdcan.c ****   if (hfdcan->State == HAL_FDCAN_STATE_READY)
 3393              	 .loc 1 1831 1 is_stmt 1 view-0
 3394              	 .cfi_startproc
 3395              	 
 3396              	 
 3397              	 
ARM GAS   			page 139


1832:Drivers/STM32G4xx_HAL_Driver/Src/stm32g4xx_hal_fdcan.c ****   {
 3398              	 .loc 1 1832 3 view .LVU1135
1832:Drivers/STM32G4xx_HAL_Driver/Src/stm32g4xx_hal_fdcan.c ****   {
 3399              	 .loc 1 1832 13 is_stmt 0 view .LVU1136
 3400 0000 90F85C20 	 ldrb r2,[r0,#92]
1832:Drivers/STM32G4xx_HAL_Driver/Src/stm32g4xx_hal_fdcan.c ****   {
 3401              	 .loc 1 1832 6 view .LVU1137
 3402 0004 012A     	 cmp r2,#1
1831:Drivers/STM32G4xx_HAL_Driver/Src/stm32g4xx_hal_fdcan.c ****   if (hfdcan->State == HAL_FDCAN_STATE_READY)
 3403              	 .loc 1 1831 1 view .LVU1138
 3404 0006 0346     	 mov r3,r0
1832:Drivers/STM32G4xx_HAL_Driver/Src/stm32g4xx_hal_fdcan.c ****   {
 3405              	 .loc 1 1832 6 view .LVU1139
 3406 0008 05D0     	 beq .L326
1843:Drivers/STM32G4xx_HAL_Driver/Src/stm32g4xx_hal_fdcan.c **** 
 3407              	 .loc 1 1843 5 is_stmt 1 view .LVU1140
1843:Drivers/STM32G4xx_HAL_Driver/Src/stm32g4xx_hal_fdcan.c **** 
 3408              	 .loc 1 1843 11 is_stmt 0 view .LVU1141
 3409 000a 026E     	 ldr r2,[r0,#96]
1843:Drivers/STM32G4xx_HAL_Driver/Src/stm32g4xx_hal_fdcan.c **** 
 3410              	 .loc 1 1843 23 view .LVU1142
 3411 000c 42F00402 	 orr r2,r2,#4
1845:Drivers/STM32G4xx_HAL_Driver/Src/stm32g4xx_hal_fdcan.c ****   }
 3412              	 .loc 1 1845 12 view .LVU1143
 3413 0010 0120     	 movs r0,#1
 3414              	.LVL221:
1843:Drivers/STM32G4xx_HAL_Driver/Src/stm32g4xx_hal_fdcan.c **** 
 3415              	 .loc 1 1843 23 view .LVU1144
 3416 0012 1A66     	 str r2,[r3,#96]
1845:Drivers/STM32G4xx_HAL_Driver/Src/stm32g4xx_hal_fdcan.c ****   }
 3417              	 .loc 1 1845 5 is_stmt 1 view .LVU1145
1847:Drivers/STM32G4xx_HAL_Driver/Src/stm32g4xx_hal_fdcan.c **** 
 3418              	 .loc 1 1847 1 is_stmt 0 view .LVU1146
 3419 0014 7047     	 bx lr
 3420              	.LVL222:
 3421              	.L326:
1835:Drivers/STM32G4xx_HAL_Driver/Src/stm32g4xx_hal_fdcan.c **** 
 3422              	 .loc 1 1835 5 is_stmt 1 view .LVU1147
 3423 0016 0268     	 ldr r2,[r0]
 3424 0018 D368     	 ldr r3,[r2,#12]
 3425 001a 23F40003 	 bic r3,r3,#8388608
1838:Drivers/STM32G4xx_HAL_Driver/Src/stm32g4xx_hal_fdcan.c ****   }
 3426              	 .loc 1 1838 12 is_stmt 0 view .LVU1148
 3427 001e 0020     	 movs r0,#0
 3428              	.LVL223:
1835:Drivers/STM32G4xx_HAL_Driver/Src/stm32g4xx_hal_fdcan.c **** 
 3429              	 .loc 1 1835 5 view .LVU1149
 3430 0020 D360     	 str r3,[r2,#12]
1838:Drivers/STM32G4xx_HAL_Driver/Src/stm32g4xx_hal_fdcan.c ****   }
 3431              	 .loc 1 1838 5 is_stmt 1 view .LVU1150
1838:Drivers/STM32G4xx_HAL_Driver/Src/stm32g4xx_hal_fdcan.c ****   }
 3432              	 .loc 1 1838 12 is_stmt 0 view .LVU1151
 3433 0022 7047     	 bx lr
 3434              	 .cfi_endproc
 3435              	.LFE398:
 3437              	 .section .text.HAL_FDCAN_EnableISOMode,"ax",%progbits
 3438              	 .align 1
ARM GAS   			page 140


 3439              	 .p2align 2,,3
 3440              	 .global HAL_FDCAN_EnableISOMode
 3441              	 .syntax unified
 3442              	 .thumb
 3443              	 .thumb_func
 3445              	HAL_FDCAN_EnableISOMode:
 3446              	.LVL224:
 3447              	.LFB399:
1857:Drivers/STM32G4xx_HAL_Driver/Src/stm32g4xx_hal_fdcan.c ****   if (hfdcan->State == HAL_FDCAN_STATE_READY)
 3448              	 .loc 1 1857 1 is_stmt 1 view-0
 3449              	 .cfi_startproc
 3450              	 
 3451              	 
 3452              	 
1858:Drivers/STM32G4xx_HAL_Driver/Src/stm32g4xx_hal_fdcan.c ****   {
 3453              	 .loc 1 1858 3 view .LVU1153
1858:Drivers/STM32G4xx_HAL_Driver/Src/stm32g4xx_hal_fdcan.c ****   {
 3454              	 .loc 1 1858 13 is_stmt 0 view .LVU1154
 3455 0000 90F85C20 	 ldrb r2,[r0,#92]
1858:Drivers/STM32G4xx_HAL_Driver/Src/stm32g4xx_hal_fdcan.c ****   {
 3456              	 .loc 1 1858 6 view .LVU1155
 3457 0004 012A     	 cmp r2,#1
1857:Drivers/STM32G4xx_HAL_Driver/Src/stm32g4xx_hal_fdcan.c ****   if (hfdcan->State == HAL_FDCAN_STATE_READY)
 3458              	 .loc 1 1857 1 view .LVU1156
 3459 0006 0346     	 mov r3,r0
1858:Drivers/STM32G4xx_HAL_Driver/Src/stm32g4xx_hal_fdcan.c ****   {
 3460              	 .loc 1 1858 6 view .LVU1157
 3461 0008 05D0     	 beq .L330
1869:Drivers/STM32G4xx_HAL_Driver/Src/stm32g4xx_hal_fdcan.c **** 
 3462              	 .loc 1 1869 5 is_stmt 1 view .LVU1158
1869:Drivers/STM32G4xx_HAL_Driver/Src/stm32g4xx_hal_fdcan.c **** 
 3463              	 .loc 1 1869 11 is_stmt 0 view .LVU1159
 3464 000a 026E     	 ldr r2,[r0,#96]
1869:Drivers/STM32G4xx_HAL_Driver/Src/stm32g4xx_hal_fdcan.c **** 
 3465              	 .loc 1 1869 23 view .LVU1160
 3466 000c 42F00402 	 orr r2,r2,#4
1871:Drivers/STM32G4xx_HAL_Driver/Src/stm32g4xx_hal_fdcan.c ****   }
 3467              	 .loc 1 1871 12 view .LVU1161
 3468 0010 0120     	 movs r0,#1
 3469              	.LVL225:
1869:Drivers/STM32G4xx_HAL_Driver/Src/stm32g4xx_hal_fdcan.c **** 
 3470              	 .loc 1 1869 23 view .LVU1162
 3471 0012 1A66     	 str r2,[r3,#96]
1871:Drivers/STM32G4xx_HAL_Driver/Src/stm32g4xx_hal_fdcan.c ****   }
 3472              	 .loc 1 1871 5 is_stmt 1 view .LVU1163
1873:Drivers/STM32G4xx_HAL_Driver/Src/stm32g4xx_hal_fdcan.c **** 
 3473              	 .loc 1 1873 1 is_stmt 0 view .LVU1164
 3474 0014 7047     	 bx lr
 3475              	.LVL226:
 3476              	.L330:
1861:Drivers/STM32G4xx_HAL_Driver/Src/stm32g4xx_hal_fdcan.c **** 
 3477              	 .loc 1 1861 5 is_stmt 1 view .LVU1165
 3478 0016 0268     	 ldr r2,[r0]
 3479 0018 9369     	 ldr r3,[r2,#24]
 3480 001a 23F40043 	 bic r3,r3,#32768
1864:Drivers/STM32G4xx_HAL_Driver/Src/stm32g4xx_hal_fdcan.c ****   }
 3481              	 .loc 1 1864 12 is_stmt 0 view .LVU1166
ARM GAS   			page 141


 3482 001e 0020     	 movs r0,#0
 3483              	.LVL227:
1861:Drivers/STM32G4xx_HAL_Driver/Src/stm32g4xx_hal_fdcan.c **** 
 3484              	 .loc 1 1861 5 view .LVU1167
 3485 0020 9361     	 str r3,[r2,#24]
1864:Drivers/STM32G4xx_HAL_Driver/Src/stm32g4xx_hal_fdcan.c ****   }
 3486              	 .loc 1 1864 5 is_stmt 1 view .LVU1168
1864:Drivers/STM32G4xx_HAL_Driver/Src/stm32g4xx_hal_fdcan.c ****   }
 3487              	 .loc 1 1864 12 is_stmt 0 view .LVU1169
 3488 0022 7047     	 bx lr
 3489              	 .cfi_endproc
 3490              	.LFE399:
 3492              	 .section .text.HAL_FDCAN_DisableISOMode,"ax",%progbits
 3493              	 .align 1
 3494              	 .p2align 2,,3
 3495              	 .global HAL_FDCAN_DisableISOMode
 3496              	 .syntax unified
 3497              	 .thumb
 3498              	 .thumb_func
 3500              	HAL_FDCAN_DisableISOMode:
 3501              	.LVL228:
 3502              	.LFB400:
1883:Drivers/STM32G4xx_HAL_Driver/Src/stm32g4xx_hal_fdcan.c ****   if (hfdcan->State == HAL_FDCAN_STATE_READY)
 3503              	 .loc 1 1883 1 is_stmt 1 view-0
 3504              	 .cfi_startproc
 3505              	 
 3506              	 
 3507              	 
1884:Drivers/STM32G4xx_HAL_Driver/Src/stm32g4xx_hal_fdcan.c ****   {
 3508              	 .loc 1 1884 3 view .LVU1171
1884:Drivers/STM32G4xx_HAL_Driver/Src/stm32g4xx_hal_fdcan.c ****   {
 3509              	 .loc 1 1884 13 is_stmt 0 view .LVU1172
 3510 0000 90F85C20 	 ldrb r2,[r0,#92]
1884:Drivers/STM32G4xx_HAL_Driver/Src/stm32g4xx_hal_fdcan.c ****   {
 3511              	 .loc 1 1884 6 view .LVU1173
 3512 0004 012A     	 cmp r2,#1
1883:Drivers/STM32G4xx_HAL_Driver/Src/stm32g4xx_hal_fdcan.c ****   if (hfdcan->State == HAL_FDCAN_STATE_READY)
 3513              	 .loc 1 1883 1 view .LVU1174
 3514 0006 0346     	 mov r3,r0
1884:Drivers/STM32G4xx_HAL_Driver/Src/stm32g4xx_hal_fdcan.c ****   {
 3515              	 .loc 1 1884 6 view .LVU1175
 3516 0008 05D0     	 beq .L334
1895:Drivers/STM32G4xx_HAL_Driver/Src/stm32g4xx_hal_fdcan.c **** 
 3517              	 .loc 1 1895 5 is_stmt 1 view .LVU1176
1895:Drivers/STM32G4xx_HAL_Driver/Src/stm32g4xx_hal_fdcan.c **** 
 3518              	 .loc 1 1895 11 is_stmt 0 view .LVU1177
 3519 000a 026E     	 ldr r2,[r0,#96]
1895:Drivers/STM32G4xx_HAL_Driver/Src/stm32g4xx_hal_fdcan.c **** 
 3520              	 .loc 1 1895 23 view .LVU1178
 3521 000c 42F00402 	 orr r2,r2,#4
1897:Drivers/STM32G4xx_HAL_Driver/Src/stm32g4xx_hal_fdcan.c ****   }
 3522              	 .loc 1 1897 12 view .LVU1179
 3523 0010 0120     	 movs r0,#1
 3524              	.LVL229:
1895:Drivers/STM32G4xx_HAL_Driver/Src/stm32g4xx_hal_fdcan.c **** 
 3525              	 .loc 1 1895 23 view .LVU1180
 3526 0012 1A66     	 str r2,[r3,#96]
ARM GAS   			page 142


1897:Drivers/STM32G4xx_HAL_Driver/Src/stm32g4xx_hal_fdcan.c ****   }
 3527              	 .loc 1 1897 5 is_stmt 1 view .LVU1181
1899:Drivers/STM32G4xx_HAL_Driver/Src/stm32g4xx_hal_fdcan.c **** 
 3528              	 .loc 1 1899 1 is_stmt 0 view .LVU1182
 3529 0014 7047     	 bx lr
 3530              	.LVL230:
 3531              	.L334:
1887:Drivers/STM32G4xx_HAL_Driver/Src/stm32g4xx_hal_fdcan.c **** 
 3532              	 .loc 1 1887 5 is_stmt 1 view .LVU1183
 3533 0016 0268     	 ldr r2,[r0]
 3534 0018 9369     	 ldr r3,[r2,#24]
 3535 001a 43F40043 	 orr r3,r3,#32768
1890:Drivers/STM32G4xx_HAL_Driver/Src/stm32g4xx_hal_fdcan.c ****   }
 3536              	 .loc 1 1890 12 is_stmt 0 view .LVU1184
 3537 001e 0020     	 movs r0,#0
 3538              	.LVL231:
1887:Drivers/STM32G4xx_HAL_Driver/Src/stm32g4xx_hal_fdcan.c **** 
 3539              	 .loc 1 1887 5 view .LVU1185
 3540 0020 9361     	 str r3,[r2,#24]
1890:Drivers/STM32G4xx_HAL_Driver/Src/stm32g4xx_hal_fdcan.c ****   }
 3541              	 .loc 1 1890 5 is_stmt 1 view .LVU1186
1890:Drivers/STM32G4xx_HAL_Driver/Src/stm32g4xx_hal_fdcan.c ****   }
 3542              	 .loc 1 1890 12 is_stmt 0 view .LVU1187
 3543 0022 7047     	 bx lr
 3544              	 .cfi_endproc
 3545              	.LFE400:
 3547              	 .section .text.HAL_FDCAN_EnableEdgeFiltering,"ax",%progbits
 3548              	 .align 1
 3549              	 .p2align 2,,3
 3550              	 .global HAL_FDCAN_EnableEdgeFiltering
 3551              	 .syntax unified
 3552              	 .thumb
 3553              	 .thumb_func
 3555              	HAL_FDCAN_EnableEdgeFiltering:
 3556              	.LVL232:
 3557              	.LFB401:
1909:Drivers/STM32G4xx_HAL_Driver/Src/stm32g4xx_hal_fdcan.c ****   if (hfdcan->State == HAL_FDCAN_STATE_READY)
 3558              	 .loc 1 1909 1 is_stmt 1 view-0
 3559              	 .cfi_startproc
 3560              	 
 3561              	 
 3562              	 
1910:Drivers/STM32G4xx_HAL_Driver/Src/stm32g4xx_hal_fdcan.c ****   {
 3563              	 .loc 1 1910 3 view .LVU1189
1910:Drivers/STM32G4xx_HAL_Driver/Src/stm32g4xx_hal_fdcan.c ****   {
 3564              	 .loc 1 1910 13 is_stmt 0 view .LVU1190
 3565 0000 90F85C20 	 ldrb r2,[r0,#92]
1910:Drivers/STM32G4xx_HAL_Driver/Src/stm32g4xx_hal_fdcan.c ****   {
 3566              	 .loc 1 1910 6 view .LVU1191
 3567 0004 012A     	 cmp r2,#1
1909:Drivers/STM32G4xx_HAL_Driver/Src/stm32g4xx_hal_fdcan.c ****   if (hfdcan->State == HAL_FDCAN_STATE_READY)
 3568              	 .loc 1 1909 1 view .LVU1192
 3569 0006 0346     	 mov r3,r0
1910:Drivers/STM32G4xx_HAL_Driver/Src/stm32g4xx_hal_fdcan.c ****   {
 3570              	 .loc 1 1910 6 view .LVU1193
 3571 0008 05D0     	 beq .L338
1921:Drivers/STM32G4xx_HAL_Driver/Src/stm32g4xx_hal_fdcan.c **** 
ARM GAS   			page 143


 3572              	 .loc 1 1921 5 is_stmt 1 view .LVU1194
1921:Drivers/STM32G4xx_HAL_Driver/Src/stm32g4xx_hal_fdcan.c **** 
 3573              	 .loc 1 1921 11 is_stmt 0 view .LVU1195
 3574 000a 026E     	 ldr r2,[r0,#96]
1921:Drivers/STM32G4xx_HAL_Driver/Src/stm32g4xx_hal_fdcan.c **** 
 3575              	 .loc 1 1921 23 view .LVU1196
 3576 000c 42F00402 	 orr r2,r2,#4
1923:Drivers/STM32G4xx_HAL_Driver/Src/stm32g4xx_hal_fdcan.c ****   }
 3577              	 .loc 1 1923 12 view .LVU1197
 3578 0010 0120     	 movs r0,#1
 3579              	.LVL233:
1921:Drivers/STM32G4xx_HAL_Driver/Src/stm32g4xx_hal_fdcan.c **** 
 3580              	 .loc 1 1921 23 view .LVU1198
 3581 0012 1A66     	 str r2,[r3,#96]
1923:Drivers/STM32G4xx_HAL_Driver/Src/stm32g4xx_hal_fdcan.c ****   }
 3582              	 .loc 1 1923 5 is_stmt 1 view .LVU1199
1925:Drivers/STM32G4xx_HAL_Driver/Src/stm32g4xx_hal_fdcan.c **** 
 3583              	 .loc 1 1925 1 is_stmt 0 view .LVU1200
 3584 0014 7047     	 bx lr
 3585              	.LVL234:
 3586              	.L338:
1913:Drivers/STM32G4xx_HAL_Driver/Src/stm32g4xx_hal_fdcan.c **** 
 3587              	 .loc 1 1913 5 is_stmt 1 view .LVU1201
 3588 0016 0268     	 ldr r2,[r0]
 3589 0018 9369     	 ldr r3,[r2,#24]
 3590 001a 43F40053 	 orr r3,r3,#8192
1916:Drivers/STM32G4xx_HAL_Driver/Src/stm32g4xx_hal_fdcan.c ****   }
 3591              	 .loc 1 1916 12 is_stmt 0 view .LVU1202
 3592 001e 0020     	 movs r0,#0
 3593              	.LVL235:
1913:Drivers/STM32G4xx_HAL_Driver/Src/stm32g4xx_hal_fdcan.c **** 
 3594              	 .loc 1 1913 5 view .LVU1203
 3595 0020 9361     	 str r3,[r2,#24]
1916:Drivers/STM32G4xx_HAL_Driver/Src/stm32g4xx_hal_fdcan.c ****   }
 3596              	 .loc 1 1916 5 is_stmt 1 view .LVU1204
1916:Drivers/STM32G4xx_HAL_Driver/Src/stm32g4xx_hal_fdcan.c ****   }
 3597              	 .loc 1 1916 12 is_stmt 0 view .LVU1205
 3598 0022 7047     	 bx lr
 3599              	 .cfi_endproc
 3600              	.LFE401:
 3602              	 .section .text.HAL_FDCAN_DisableEdgeFiltering,"ax",%progbits
 3603              	 .align 1
 3604              	 .p2align 2,,3
 3605              	 .global HAL_FDCAN_DisableEdgeFiltering
 3606              	 .syntax unified
 3607              	 .thumb
 3608              	 .thumb_func
 3610              	HAL_FDCAN_DisableEdgeFiltering:
 3611              	.LVL236:
 3612              	.LFB402:
1935:Drivers/STM32G4xx_HAL_Driver/Src/stm32g4xx_hal_fdcan.c ****   if (hfdcan->State == HAL_FDCAN_STATE_READY)
 3613              	 .loc 1 1935 1 is_stmt 1 view-0
 3614              	 .cfi_startproc
 3615              	 
 3616              	 
 3617              	 
1936:Drivers/STM32G4xx_HAL_Driver/Src/stm32g4xx_hal_fdcan.c ****   {
ARM GAS   			page 144


 3618              	 .loc 1 1936 3 view .LVU1207
1936:Drivers/STM32G4xx_HAL_Driver/Src/stm32g4xx_hal_fdcan.c ****   {
 3619              	 .loc 1 1936 13 is_stmt 0 view .LVU1208
 3620 0000 90F85C20 	 ldrb r2,[r0,#92]
1936:Drivers/STM32G4xx_HAL_Driver/Src/stm32g4xx_hal_fdcan.c ****   {
 3621              	 .loc 1 1936 6 view .LVU1209
 3622 0004 012A     	 cmp r2,#1
1935:Drivers/STM32G4xx_HAL_Driver/Src/stm32g4xx_hal_fdcan.c ****   if (hfdcan->State == HAL_FDCAN_STATE_READY)
 3623              	 .loc 1 1935 1 view .LVU1210
 3624 0006 0346     	 mov r3,r0
1936:Drivers/STM32G4xx_HAL_Driver/Src/stm32g4xx_hal_fdcan.c ****   {
 3625              	 .loc 1 1936 6 view .LVU1211
 3626 0008 05D0     	 beq .L342
1947:Drivers/STM32G4xx_HAL_Driver/Src/stm32g4xx_hal_fdcan.c **** 
 3627              	 .loc 1 1947 5 is_stmt 1 view .LVU1212
1947:Drivers/STM32G4xx_HAL_Driver/Src/stm32g4xx_hal_fdcan.c **** 
 3628              	 .loc 1 1947 11 is_stmt 0 view .LVU1213
 3629 000a 026E     	 ldr r2,[r0,#96]
1947:Drivers/STM32G4xx_HAL_Driver/Src/stm32g4xx_hal_fdcan.c **** 
 3630              	 .loc 1 1947 23 view .LVU1214
 3631 000c 42F00402 	 orr r2,r2,#4
1949:Drivers/STM32G4xx_HAL_Driver/Src/stm32g4xx_hal_fdcan.c ****   }
 3632              	 .loc 1 1949 12 view .LVU1215
 3633 0010 0120     	 movs r0,#1
 3634              	.LVL237:
1947:Drivers/STM32G4xx_HAL_Driver/Src/stm32g4xx_hal_fdcan.c **** 
 3635              	 .loc 1 1947 23 view .LVU1216
 3636 0012 1A66     	 str r2,[r3,#96]
1949:Drivers/STM32G4xx_HAL_Driver/Src/stm32g4xx_hal_fdcan.c ****   }
 3637              	 .loc 1 1949 5 is_stmt 1 view .LVU1217
1951:Drivers/STM32G4xx_HAL_Driver/Src/stm32g4xx_hal_fdcan.c **** 
 3638              	 .loc 1 1951 1 is_stmt 0 view .LVU1218
 3639 0014 7047     	 bx lr
 3640              	.LVL238:
 3641              	.L342:
1939:Drivers/STM32G4xx_HAL_Driver/Src/stm32g4xx_hal_fdcan.c **** 
 3642              	 .loc 1 1939 5 is_stmt 1 view .LVU1219
 3643 0016 0268     	 ldr r2,[r0]
 3644 0018 9369     	 ldr r3,[r2,#24]
 3645 001a 23F40053 	 bic r3,r3,#8192
1942:Drivers/STM32G4xx_HAL_Driver/Src/stm32g4xx_hal_fdcan.c ****   }
 3646              	 .loc 1 1942 12 is_stmt 0 view .LVU1220
 3647 001e 0020     	 movs r0,#0
 3648              	.LVL239:
1939:Drivers/STM32G4xx_HAL_Driver/Src/stm32g4xx_hal_fdcan.c **** 
 3649              	 .loc 1 1939 5 view .LVU1221
 3650 0020 9361     	 str r3,[r2,#24]
1942:Drivers/STM32G4xx_HAL_Driver/Src/stm32g4xx_hal_fdcan.c ****   }
 3651              	 .loc 1 1942 5 is_stmt 1 view .LVU1222
1942:Drivers/STM32G4xx_HAL_Driver/Src/stm32g4xx_hal_fdcan.c ****   }
 3652              	 .loc 1 1942 12 is_stmt 0 view .LVU1223
 3653 0022 7047     	 bx lr
 3654              	 .cfi_endproc
 3655              	.LFE402:
 3657              	 .section .text.HAL_FDCAN_Start,"ax",%progbits
 3658              	 .align 1
 3659              	 .p2align 2,,3
ARM GAS   			page 145


 3660              	 .global HAL_FDCAN_Start
 3661              	 .syntax unified
 3662              	 .thumb
 3663              	 .thumb_func
 3665              	HAL_FDCAN_Start:
 3666              	.LVL240:
 3667              	.LFB403:
1995:Drivers/STM32G4xx_HAL_Driver/Src/stm32g4xx_hal_fdcan.c ****   if (hfdcan->State == HAL_FDCAN_STATE_READY)
 3668              	 .loc 1 1995 1 is_stmt 1 view-0
 3669              	 .cfi_startproc
 3670              	 
 3671              	 
 3672              	 
1996:Drivers/STM32G4xx_HAL_Driver/Src/stm32g4xx_hal_fdcan.c ****   {
 3673              	 .loc 1 1996 3 view .LVU1225
1996:Drivers/STM32G4xx_HAL_Driver/Src/stm32g4xx_hal_fdcan.c ****   {
 3674              	 .loc 1 1996 13 is_stmt 0 view .LVU1226
 3675 0000 90F85C20 	 ldrb r2,[r0,#92]
1996:Drivers/STM32G4xx_HAL_Driver/Src/stm32g4xx_hal_fdcan.c ****   {
 3676              	 .loc 1 1996 6 view .LVU1227
 3677 0004 012A     	 cmp r2,#1
1995:Drivers/STM32G4xx_HAL_Driver/Src/stm32g4xx_hal_fdcan.c ****   if (hfdcan->State == HAL_FDCAN_STATE_READY)
 3678              	 .loc 1 1995 1 view .LVU1228
 3679 0006 0346     	 mov r3,r0
1996:Drivers/STM32G4xx_HAL_Driver/Src/stm32g4xx_hal_fdcan.c ****   {
 3680              	 .loc 1 1996 6 view .LVU1229
 3681 0008 05D0     	 beq .L346
2013:Drivers/STM32G4xx_HAL_Driver/Src/stm32g4xx_hal_fdcan.c **** 
 3682              	 .loc 1 2013 5 is_stmt 1 view .LVU1230
2013:Drivers/STM32G4xx_HAL_Driver/Src/stm32g4xx_hal_fdcan.c **** 
 3683              	 .loc 1 2013 11 is_stmt 0 view .LVU1231
 3684 000a 026E     	 ldr r2,[r0,#96]
2013:Drivers/STM32G4xx_HAL_Driver/Src/stm32g4xx_hal_fdcan.c **** 
 3685              	 .loc 1 2013 23 view .LVU1232
 3686 000c 42F00402 	 orr r2,r2,#4
2015:Drivers/STM32G4xx_HAL_Driver/Src/stm32g4xx_hal_fdcan.c ****   }
 3687              	 .loc 1 2015 12 view .LVU1233
 3688 0010 0120     	 movs r0,#1
 3689              	.LVL241:
2013:Drivers/STM32G4xx_HAL_Driver/Src/stm32g4xx_hal_fdcan.c **** 
 3690              	 .loc 1 2013 23 view .LVU1234
 3691 0012 1A66     	 str r2,[r3,#96]
2015:Drivers/STM32G4xx_HAL_Driver/Src/stm32g4xx_hal_fdcan.c ****   }
 3692              	 .loc 1 2015 5 is_stmt 1 view .LVU1235
2017:Drivers/STM32G4xx_HAL_Driver/Src/stm32g4xx_hal_fdcan.c **** 
 3693              	 .loc 1 2017 1 is_stmt 0 view .LVU1236
 3694 0014 7047     	 bx lr
 3695              	.LVL242:
 3696              	.L346:
1999:Drivers/STM32G4xx_HAL_Driver/Src/stm32g4xx_hal_fdcan.c **** 
 3697              	 .loc 1 1999 5 is_stmt 1 view .LVU1237
2002:Drivers/STM32G4xx_HAL_Driver/Src/stm32g4xx_hal_fdcan.c **** 
 3698              	 .loc 1 2002 5 is_stmt 0 view .LVU1238
 3699 0016 0068     	 ldr r0,[r0]
 3700              	.LVL243:
1999:Drivers/STM32G4xx_HAL_Driver/Src/stm32g4xx_hal_fdcan.c **** 
 3701              	 .loc 1 1999 19 view .LVU1239
ARM GAS   			page 146


 3702 0018 0222     	 movs r2,#2
 3703 001a 83F85C20 	 strb r2,[r3,#92]
2002:Drivers/STM32G4xx_HAL_Driver/Src/stm32g4xx_hal_fdcan.c **** 
 3704              	 .loc 1 2002 5 is_stmt 1 view .LVU1240
 3705 001e 8269     	 ldr r2,[r0,#24]
2005:Drivers/STM32G4xx_HAL_Driver/Src/stm32g4xx_hal_fdcan.c **** 
 3706              	 .loc 1 2005 23 is_stmt 0 view .LVU1241
 3707 0020 0021     	 movs r1,#0
2002:Drivers/STM32G4xx_HAL_Driver/Src/stm32g4xx_hal_fdcan.c **** 
 3708              	 .loc 1 2002 5 view .LVU1242
 3709 0022 22F00102 	 bic r2,r2,#1
 3710 0026 8261     	 str r2,[r0,#24]
2005:Drivers/STM32G4xx_HAL_Driver/Src/stm32g4xx_hal_fdcan.c **** 
 3711              	 .loc 1 2005 5 is_stmt 1 view .LVU1243
2008:Drivers/STM32G4xx_HAL_Driver/Src/stm32g4xx_hal_fdcan.c ****   }
 3712              	 .loc 1 2008 12 is_stmt 0 view .LVU1244
 3713 0028 0846     	 mov r0,r1
2005:Drivers/STM32G4xx_HAL_Driver/Src/stm32g4xx_hal_fdcan.c **** 
 3714              	 .loc 1 2005 23 view .LVU1245
 3715 002a 1966     	 str r1,[r3,#96]
2008:Drivers/STM32G4xx_HAL_Driver/Src/stm32g4xx_hal_fdcan.c ****   }
 3716              	 .loc 1 2008 5 is_stmt 1 view .LVU1246
2008:Drivers/STM32G4xx_HAL_Driver/Src/stm32g4xx_hal_fdcan.c ****   }
 3717              	 .loc 1 2008 12 is_stmt 0 view .LVU1247
 3718 002c 7047     	 bx lr
 3719              	 .cfi_endproc
 3720              	.LFE403:
 3722 002e 00BF     	 .section .text.HAL_FDCAN_Stop,"ax",%progbits
 3723              	 .align 1
 3724              	 .p2align 2,,3
 3725              	 .global HAL_FDCAN_Stop
 3726              	 .syntax unified
 3727              	 .thumb
 3728              	 .thumb_func
 3730              	HAL_FDCAN_Stop:
 3731              	.LVL244:
 3732              	.LFB404:
2026:Drivers/STM32G4xx_HAL_Driver/Src/stm32g4xx_hal_fdcan.c ****   uint32_t Counter = 0U;
 3733              	 .loc 1 2026 1 is_stmt 1 view-0
 3734              	 .cfi_startproc
 3735              	 
 3736              	 
 3737              	 
2027:Drivers/STM32G4xx_HAL_Driver/Src/stm32g4xx_hal_fdcan.c **** 
 3738              	 .loc 1 2027 3 view .LVU1249
2029:Drivers/STM32G4xx_HAL_Driver/Src/stm32g4xx_hal_fdcan.c ****   {
 3739              	 .loc 1 2029 3 view .LVU1250
2029:Drivers/STM32G4xx_HAL_Driver/Src/stm32g4xx_hal_fdcan.c ****   {
 3740              	 .loc 1 2029 13 is_stmt 0 view .LVU1251
 3741 0000 90F85C30 	 ldrb r3,[r0,#92]
2029:Drivers/STM32G4xx_HAL_Driver/Src/stm32g4xx_hal_fdcan.c ****   {
 3742              	 .loc 1 2029 6 view .LVU1252
 3743 0004 022B     	 cmp r3,#2
 3744 0006 31D1     	 bne .L348
2032:Drivers/STM32G4xx_HAL_Driver/Src/stm32g4xx_hal_fdcan.c **** 
 3745              	 .loc 1 2032 5 is_stmt 1 view .LVU1253
 3746 0008 0368     	 ldr r3,[r0]
ARM GAS   			page 147


 3747 000a 9A69     	 ldr r2,[r3,#24]
 3748 000c 42F00102 	 orr r2,r2,#1
 3749 0010 9A61     	 str r2,[r3,#24]
2035:Drivers/STM32G4xx_HAL_Driver/Src/stm32g4xx_hal_fdcan.c ****     {
 3750              	 .loc 1 2035 5 view .LVU1254
2035:Drivers/STM32G4xx_HAL_Driver/Src/stm32g4xx_hal_fdcan.c ****     {
 3751              	 .loc 1 2035 55 view .LVU1255
2035:Drivers/STM32G4xx_HAL_Driver/Src/stm32g4xx_hal_fdcan.c ****     {
 3752              	 .loc 1 2035 29 is_stmt 0 view .LVU1256
 3753 0012 9A69     	 ldr r2,[r3,#24]
2035:Drivers/STM32G4xx_HAL_Driver/Src/stm32g4xx_hal_fdcan.c ****     {
 3754              	 .loc 1 2035 55 view .LVU1257
 3755 0014 D107     	 lsls r1,r2,#31
 3756 0016 2FD4     	 bmi .L350
 3757              	.LVL245:
2050:Drivers/STM32G4xx_HAL_Driver/Src/stm32g4xx_hal_fdcan.c ****     }
 3758              	 .loc 1 2050 7 is_stmt 1 view .LVU1258
2035:Drivers/STM32G4xx_HAL_Driver/Src/stm32g4xx_hal_fdcan.c ****     {
 3759              	 .loc 1 2035 55 view .LVU1259
2035:Drivers/STM32G4xx_HAL_Driver/Src/stm32g4xx_hal_fdcan.c ****     {
 3760              	 .loc 1 2035 29 is_stmt 0 view .LVU1260
 3761 0018 9A69     	 ldr r2,[r3,#24]
2035:Drivers/STM32G4xx_HAL_Driver/Src/stm32g4xx_hal_fdcan.c ****     {
 3762              	 .loc 1 2035 55 view .LVU1261
 3763 001a D207     	 lsls r2,r2,#31
 3764 001c 2CD4     	 bmi .L350
2038:Drivers/STM32G4xx_HAL_Driver/Src/stm32g4xx_hal_fdcan.c ****       {
 3765              	 .loc 1 2038 7 is_stmt 1 view .LVU1262
2050:Drivers/STM32G4xx_HAL_Driver/Src/stm32g4xx_hal_fdcan.c ****     }
 3766              	 .loc 1 2050 7 view .LVU1263
2035:Drivers/STM32G4xx_HAL_Driver/Src/stm32g4xx_hal_fdcan.c ****     {
 3767              	 .loc 1 2035 55 view .LVU1264
2035:Drivers/STM32G4xx_HAL_Driver/Src/stm32g4xx_hal_fdcan.c ****     {
 3768              	 .loc 1 2035 29 is_stmt 0 view .LVU1265
 3769 001e 9A69     	 ldr r2,[r3,#24]
2035:Drivers/STM32G4xx_HAL_Driver/Src/stm32g4xx_hal_fdcan.c ****     {
 3770              	 .loc 1 2035 55 view .LVU1266
 3771 0020 D107     	 lsls r1,r2,#31
 3772 0022 29D4     	 bmi .L350
2038:Drivers/STM32G4xx_HAL_Driver/Src/stm32g4xx_hal_fdcan.c ****       {
 3773              	 .loc 1 2038 7 is_stmt 1 view .LVU1267
2050:Drivers/STM32G4xx_HAL_Driver/Src/stm32g4xx_hal_fdcan.c ****     }
 3774              	 .loc 1 2050 7 view .LVU1268
2035:Drivers/STM32G4xx_HAL_Driver/Src/stm32g4xx_hal_fdcan.c ****     {
 3775              	 .loc 1 2035 55 view .LVU1269
2035:Drivers/STM32G4xx_HAL_Driver/Src/stm32g4xx_hal_fdcan.c ****     {
 3776              	 .loc 1 2035 29 is_stmt 0 view .LVU1270
 3777 0024 9A69     	 ldr r2,[r3,#24]
2035:Drivers/STM32G4xx_HAL_Driver/Src/stm32g4xx_hal_fdcan.c ****     {
 3778              	 .loc 1 2035 55 view .LVU1271
 3779 0026 D207     	 lsls r2,r2,#31
 3780 0028 26D4     	 bmi .L350
2038:Drivers/STM32G4xx_HAL_Driver/Src/stm32g4xx_hal_fdcan.c ****       {
 3781              	 .loc 1 2038 7 is_stmt 1 view .LVU1272
2050:Drivers/STM32G4xx_HAL_Driver/Src/stm32g4xx_hal_fdcan.c ****     }
 3782              	 .loc 1 2050 7 view .LVU1273
2035:Drivers/STM32G4xx_HAL_Driver/Src/stm32g4xx_hal_fdcan.c ****     {
ARM GAS   			page 148


 3783              	 .loc 1 2035 55 view .LVU1274
2035:Drivers/STM32G4xx_HAL_Driver/Src/stm32g4xx_hal_fdcan.c ****     {
 3784              	 .loc 1 2035 29 is_stmt 0 view .LVU1275
 3785 002a 9A69     	 ldr r2,[r3,#24]
2035:Drivers/STM32G4xx_HAL_Driver/Src/stm32g4xx_hal_fdcan.c ****     {
 3786              	 .loc 1 2035 55 view .LVU1276
 3787 002c D107     	 lsls r1,r2,#31
 3788 002e 23D4     	 bmi .L350
2038:Drivers/STM32G4xx_HAL_Driver/Src/stm32g4xx_hal_fdcan.c ****       {
 3789              	 .loc 1 2038 7 is_stmt 1 view .LVU1277
2050:Drivers/STM32G4xx_HAL_Driver/Src/stm32g4xx_hal_fdcan.c ****     }
 3790              	 .loc 1 2050 7 view .LVU1278
2035:Drivers/STM32G4xx_HAL_Driver/Src/stm32g4xx_hal_fdcan.c ****     {
 3791              	 .loc 1 2035 55 view .LVU1279
2035:Drivers/STM32G4xx_HAL_Driver/Src/stm32g4xx_hal_fdcan.c ****     {
 3792              	 .loc 1 2035 29 is_stmt 0 view .LVU1280
 3793 0030 9A69     	 ldr r2,[r3,#24]
2035:Drivers/STM32G4xx_HAL_Driver/Src/stm32g4xx_hal_fdcan.c ****     {
 3794              	 .loc 1 2035 55 view .LVU1281
 3795 0032 D207     	 lsls r2,r2,#31
 3796 0034 20D4     	 bmi .L350
2038:Drivers/STM32G4xx_HAL_Driver/Src/stm32g4xx_hal_fdcan.c ****       {
 3797              	 .loc 1 2038 7 is_stmt 1 view .LVU1282
2050:Drivers/STM32G4xx_HAL_Driver/Src/stm32g4xx_hal_fdcan.c ****     }
 3798              	 .loc 1 2050 7 view .LVU1283
2035:Drivers/STM32G4xx_HAL_Driver/Src/stm32g4xx_hal_fdcan.c ****     {
 3799              	 .loc 1 2035 55 view .LVU1284
2035:Drivers/STM32G4xx_HAL_Driver/Src/stm32g4xx_hal_fdcan.c ****     {
 3800              	 .loc 1 2035 29 is_stmt 0 view .LVU1285
 3801 0036 9A69     	 ldr r2,[r3,#24]
2035:Drivers/STM32G4xx_HAL_Driver/Src/stm32g4xx_hal_fdcan.c ****     {
 3802              	 .loc 1 2035 55 view .LVU1286
 3803 0038 D107     	 lsls r1,r2,#31
 3804 003a 1DD4     	 bmi .L350
2038:Drivers/STM32G4xx_HAL_Driver/Src/stm32g4xx_hal_fdcan.c ****       {
 3805              	 .loc 1 2038 7 is_stmt 1 view .LVU1287
2050:Drivers/STM32G4xx_HAL_Driver/Src/stm32g4xx_hal_fdcan.c ****     }
 3806              	 .loc 1 2050 7 view .LVU1288
2035:Drivers/STM32G4xx_HAL_Driver/Src/stm32g4xx_hal_fdcan.c ****     {
 3807              	 .loc 1 2035 55 view .LVU1289
2035:Drivers/STM32G4xx_HAL_Driver/Src/stm32g4xx_hal_fdcan.c ****     {
 3808              	 .loc 1 2035 29 is_stmt 0 view .LVU1290
 3809 003c 9A69     	 ldr r2,[r3,#24]
2035:Drivers/STM32G4xx_HAL_Driver/Src/stm32g4xx_hal_fdcan.c ****     {
 3810              	 .loc 1 2035 55 view .LVU1291
 3811 003e D207     	 lsls r2,r2,#31
 3812 0040 1AD4     	 bmi .L350
2038:Drivers/STM32G4xx_HAL_Driver/Src/stm32g4xx_hal_fdcan.c ****       {
 3813              	 .loc 1 2038 7 is_stmt 1 view .LVU1292
2050:Drivers/STM32G4xx_HAL_Driver/Src/stm32g4xx_hal_fdcan.c ****     }
 3814              	 .loc 1 2050 7 view .LVU1293
2035:Drivers/STM32G4xx_HAL_Driver/Src/stm32g4xx_hal_fdcan.c ****     {
 3815              	 .loc 1 2035 55 view .LVU1294
2035:Drivers/STM32G4xx_HAL_Driver/Src/stm32g4xx_hal_fdcan.c ****     {
 3816              	 .loc 1 2035 29 is_stmt 0 view .LVU1295
 3817 0042 9A69     	 ldr r2,[r3,#24]
2035:Drivers/STM32G4xx_HAL_Driver/Src/stm32g4xx_hal_fdcan.c ****     {
ARM GAS   			page 149


 3818              	 .loc 1 2035 55 view .LVU1296
 3819 0044 D107     	 lsls r1,r2,#31
 3820 0046 17D4     	 bmi .L350
2038:Drivers/STM32G4xx_HAL_Driver/Src/stm32g4xx_hal_fdcan.c ****       {
 3821              	 .loc 1 2038 7 is_stmt 1 view .LVU1297
2050:Drivers/STM32G4xx_HAL_Driver/Src/stm32g4xx_hal_fdcan.c ****     }
 3822              	 .loc 1 2050 7 view .LVU1298
2035:Drivers/STM32G4xx_HAL_Driver/Src/stm32g4xx_hal_fdcan.c ****     {
 3823              	 .loc 1 2035 55 view .LVU1299
2035:Drivers/STM32G4xx_HAL_Driver/Src/stm32g4xx_hal_fdcan.c ****     {
 3824              	 .loc 1 2035 29 is_stmt 0 view .LVU1300
 3825 0048 9A69     	 ldr r2,[r3,#24]
2035:Drivers/STM32G4xx_HAL_Driver/Src/stm32g4xx_hal_fdcan.c ****     {
 3826              	 .loc 1 2035 55 view .LVU1301
 3827 004a D207     	 lsls r2,r2,#31
 3828 004c 14D4     	 bmi .L350
2038:Drivers/STM32G4xx_HAL_Driver/Src/stm32g4xx_hal_fdcan.c ****       {
 3829              	 .loc 1 2038 7 is_stmt 1 view .LVU1302
2050:Drivers/STM32G4xx_HAL_Driver/Src/stm32g4xx_hal_fdcan.c ****     }
 3830              	 .loc 1 2050 7 view .LVU1303
2035:Drivers/STM32G4xx_HAL_Driver/Src/stm32g4xx_hal_fdcan.c ****     {
 3831              	 .loc 1 2035 55 view .LVU1304
2035:Drivers/STM32G4xx_HAL_Driver/Src/stm32g4xx_hal_fdcan.c ****     {
 3832              	 .loc 1 2035 29 is_stmt 0 view .LVU1305
 3833 004e 9A69     	 ldr r2,[r3,#24]
2035:Drivers/STM32G4xx_HAL_Driver/Src/stm32g4xx_hal_fdcan.c ****     {
 3834              	 .loc 1 2035 55 view .LVU1306
 3835 0050 D107     	 lsls r1,r2,#31
 3836 0052 11D4     	 bmi .L350
2038:Drivers/STM32G4xx_HAL_Driver/Src/stm32g4xx_hal_fdcan.c ****       {
 3837              	 .loc 1 2038 7 is_stmt 1 view .LVU1307
2050:Drivers/STM32G4xx_HAL_Driver/Src/stm32g4xx_hal_fdcan.c ****     }
 3838              	 .loc 1 2050 7 view .LVU1308
2035:Drivers/STM32G4xx_HAL_Driver/Src/stm32g4xx_hal_fdcan.c ****     {
 3839              	 .loc 1 2035 55 view .LVU1309
2035:Drivers/STM32G4xx_HAL_Driver/Src/stm32g4xx_hal_fdcan.c ****     {
 3840              	 .loc 1 2035 29 is_stmt 0 view .LVU1310
 3841 0054 9A69     	 ldr r2,[r3,#24]
2035:Drivers/STM32G4xx_HAL_Driver/Src/stm32g4xx_hal_fdcan.c ****     {
 3842              	 .loc 1 2035 55 view .LVU1311
 3843 0056 D207     	 lsls r2,r2,#31
 3844 0058 0ED4     	 bmi .L350
 3845              	.L356:
2063:Drivers/STM32G4xx_HAL_Driver/Src/stm32g4xx_hal_fdcan.c ****       {
 3846              	 .loc 1 2063 7 is_stmt 1 view .LVU1312
2066:Drivers/STM32G4xx_HAL_Driver/Src/stm32g4xx_hal_fdcan.c **** 
 3847              	 .loc 1 2066 9 view .LVU1313
2066:Drivers/STM32G4xx_HAL_Driver/Src/stm32g4xx_hal_fdcan.c **** 
 3848              	 .loc 1 2066 15 is_stmt 0 view .LVU1314
 3849 005a 036E     	 ldr r3,[r0,#96]
2069:Drivers/STM32G4xx_HAL_Driver/Src/stm32g4xx_hal_fdcan.c **** 
 3850              	 .loc 1 2069 23 view .LVU1315
 3851 005c 0322     	 movs r2,#3
2066:Drivers/STM32G4xx_HAL_Driver/Src/stm32g4xx_hal_fdcan.c **** 
 3852              	 .loc 1 2066 27 view .LVU1316
 3853 005e 43F00103 	 orr r3,r3,#1
 3854 0062 0366     	 str r3,[r0,#96]
ARM GAS   			page 150


2069:Drivers/STM32G4xx_HAL_Driver/Src/stm32g4xx_hal_fdcan.c **** 
 3855              	 .loc 1 2069 9 is_stmt 1 view .LVU1317
2069:Drivers/STM32G4xx_HAL_Driver/Src/stm32g4xx_hal_fdcan.c **** 
 3856              	 .loc 1 2069 23 is_stmt 0 view .LVU1318
 3857 0064 80F85C20 	 strb r2,[r0,#92]
2071:Drivers/STM32G4xx_HAL_Driver/Src/stm32g4xx_hal_fdcan.c ****       }
 3858              	 .loc 1 2071 9 is_stmt 1 view .LVU1319
2046:Drivers/STM32G4xx_HAL_Driver/Src/stm32g4xx_hal_fdcan.c ****       }
 3859              	 .loc 1 2046 16 is_stmt 0 view .LVU1320
 3860 0068 0120     	 movs r0,#1
 3861              	.LVL246:
2046:Drivers/STM32G4xx_HAL_Driver/Src/stm32g4xx_hal_fdcan.c ****       }
 3862              	 .loc 1 2046 16 view .LVU1321
 3863 006a 7047     	 bx lr
 3864              	.LVL247:
 3865              	.L348:
2093:Drivers/STM32G4xx_HAL_Driver/Src/stm32g4xx_hal_fdcan.c **** 
 3866              	 .loc 1 2093 5 is_stmt 1 view .LVU1322
2093:Drivers/STM32G4xx_HAL_Driver/Src/stm32g4xx_hal_fdcan.c **** 
 3867              	 .loc 1 2093 11 is_stmt 0 view .LVU1323
 3868 006c 036E     	 ldr r3,[r0,#96]
2093:Drivers/STM32G4xx_HAL_Driver/Src/stm32g4xx_hal_fdcan.c **** 
 3869              	 .loc 1 2093 23 view .LVU1324
 3870 006e 43F00803 	 orr r3,r3,#8
 3871 0072 0366     	 str r3,[r0,#96]
2095:Drivers/STM32G4xx_HAL_Driver/Src/stm32g4xx_hal_fdcan.c ****   }
 3872              	 .loc 1 2095 5 is_stmt 1 view .LVU1325
2046:Drivers/STM32G4xx_HAL_Driver/Src/stm32g4xx_hal_fdcan.c ****       }
 3873              	 .loc 1 2046 16 is_stmt 0 view .LVU1326
 3874 0074 0120     	 movs r0,#1
 3875              	.LVL248:
2046:Drivers/STM32G4xx_HAL_Driver/Src/stm32g4xx_hal_fdcan.c ****       }
 3876              	 .loc 1 2046 16 view .LVU1327
 3877 0076 7047     	 bx lr
 3878              	.LVL249:
 3879              	.L350:
2054:Drivers/STM32G4xx_HAL_Driver/Src/stm32g4xx_hal_fdcan.c **** 
 3880              	 .loc 1 2054 5 is_stmt 1 view .LVU1328
2057:Drivers/STM32G4xx_HAL_Driver/Src/stm32g4xx_hal_fdcan.c **** 
 3881              	 .loc 1 2057 5 view .LVU1329
 3882 0078 9A69     	 ldr r2,[r3,#24]
 3883 007a 22F01002 	 bic r2,r2,#16
 3884 007e 9A61     	 str r2,[r3,#24]
2060:Drivers/STM32G4xx_HAL_Driver/Src/stm32g4xx_hal_fdcan.c ****     {
 3885              	 .loc 1 2060 5 view .LVU1330
2060:Drivers/STM32G4xx_HAL_Driver/Src/stm32g4xx_hal_fdcan.c ****     {
 3886              	 .loc 1 2060 54 view .LVU1331
2060:Drivers/STM32G4xx_HAL_Driver/Src/stm32g4xx_hal_fdcan.c ****     {
 3887              	 .loc 1 2060 29 is_stmt 0 view .LVU1332
 3888 0080 9A69     	 ldr r2,[r3,#24]
2060:Drivers/STM32G4xx_HAL_Driver/Src/stm32g4xx_hal_fdcan.c ****     {
 3889              	 .loc 1 2060 54 view .LVU1333
 3890 0082 1107     	 lsls r1,r2,#28
 3891 0084 20D5     	 bpl .L354
 3892              	.LVL250:
2075:Drivers/STM32G4xx_HAL_Driver/Src/stm32g4xx_hal_fdcan.c ****     }
 3893              	 .loc 1 2075 7 is_stmt 1 view .LVU1334
ARM GAS   			page 151


2060:Drivers/STM32G4xx_HAL_Driver/Src/stm32g4xx_hal_fdcan.c ****     {
 3894              	 .loc 1 2060 54 view .LVU1335
2060:Drivers/STM32G4xx_HAL_Driver/Src/stm32g4xx_hal_fdcan.c ****     {
 3895              	 .loc 1 2060 29 is_stmt 0 view .LVU1336
 3896 0086 9A69     	 ldr r2,[r3,#24]
2060:Drivers/STM32G4xx_HAL_Driver/Src/stm32g4xx_hal_fdcan.c ****     {
 3897              	 .loc 1 2060 54 view .LVU1337
 3898 0088 1207     	 lsls r2,r2,#28
 3899 008a 1DD5     	 bpl .L354
2063:Drivers/STM32G4xx_HAL_Driver/Src/stm32g4xx_hal_fdcan.c ****       {
 3900              	 .loc 1 2063 7 is_stmt 1 view .LVU1338
2075:Drivers/STM32G4xx_HAL_Driver/Src/stm32g4xx_hal_fdcan.c ****     }
 3901              	 .loc 1 2075 7 view .LVU1339
2060:Drivers/STM32G4xx_HAL_Driver/Src/stm32g4xx_hal_fdcan.c ****     {
 3902              	 .loc 1 2060 54 view .LVU1340
2060:Drivers/STM32G4xx_HAL_Driver/Src/stm32g4xx_hal_fdcan.c ****     {
 3903              	 .loc 1 2060 29 is_stmt 0 view .LVU1341
 3904 008c 9A69     	 ldr r2,[r3,#24]
2060:Drivers/STM32G4xx_HAL_Driver/Src/stm32g4xx_hal_fdcan.c ****     {
 3905              	 .loc 1 2060 54 view .LVU1342
 3906 008e 1107     	 lsls r1,r2,#28
 3907 0090 1AD5     	 bpl .L354
2063:Drivers/STM32G4xx_HAL_Driver/Src/stm32g4xx_hal_fdcan.c ****       {
 3908              	 .loc 1 2063 7 is_stmt 1 view .LVU1343
2075:Drivers/STM32G4xx_HAL_Driver/Src/stm32g4xx_hal_fdcan.c ****     }
 3909              	 .loc 1 2075 7 view .LVU1344
2060:Drivers/STM32G4xx_HAL_Driver/Src/stm32g4xx_hal_fdcan.c ****     {
 3910              	 .loc 1 2060 54 view .LVU1345
2060:Drivers/STM32G4xx_HAL_Driver/Src/stm32g4xx_hal_fdcan.c ****     {
 3911              	 .loc 1 2060 29 is_stmt 0 view .LVU1346
 3912 0092 9A69     	 ldr r2,[r3,#24]
2060:Drivers/STM32G4xx_HAL_Driver/Src/stm32g4xx_hal_fdcan.c ****     {
 3913              	 .loc 1 2060 54 view .LVU1347
 3914 0094 1207     	 lsls r2,r2,#28
 3915 0096 17D5     	 bpl .L354
2063:Drivers/STM32G4xx_HAL_Driver/Src/stm32g4xx_hal_fdcan.c ****       {
 3916              	 .loc 1 2063 7 is_stmt 1 view .LVU1348
2075:Drivers/STM32G4xx_HAL_Driver/Src/stm32g4xx_hal_fdcan.c ****     }
 3917              	 .loc 1 2075 7 view .LVU1349
2060:Drivers/STM32G4xx_HAL_Driver/Src/stm32g4xx_hal_fdcan.c ****     {
 3918              	 .loc 1 2060 54 view .LVU1350
2060:Drivers/STM32G4xx_HAL_Driver/Src/stm32g4xx_hal_fdcan.c ****     {
 3919              	 .loc 1 2060 29 is_stmt 0 view .LVU1351
 3920 0098 9A69     	 ldr r2,[r3,#24]
2060:Drivers/STM32G4xx_HAL_Driver/Src/stm32g4xx_hal_fdcan.c ****     {
 3921              	 .loc 1 2060 54 view .LVU1352
 3922 009a 1107     	 lsls r1,r2,#28
 3923 009c 14D5     	 bpl .L354
2063:Drivers/STM32G4xx_HAL_Driver/Src/stm32g4xx_hal_fdcan.c ****       {
 3924              	 .loc 1 2063 7 is_stmt 1 view .LVU1353
2075:Drivers/STM32G4xx_HAL_Driver/Src/stm32g4xx_hal_fdcan.c ****     }
 3925              	 .loc 1 2075 7 view .LVU1354
2060:Drivers/STM32G4xx_HAL_Driver/Src/stm32g4xx_hal_fdcan.c ****     {
 3926              	 .loc 1 2060 54 view .LVU1355
2060:Drivers/STM32G4xx_HAL_Driver/Src/stm32g4xx_hal_fdcan.c ****     {
 3927              	 .loc 1 2060 29 is_stmt 0 view .LVU1356
 3928 009e 9A69     	 ldr r2,[r3,#24]
ARM GAS   			page 152


2060:Drivers/STM32G4xx_HAL_Driver/Src/stm32g4xx_hal_fdcan.c ****     {
 3929              	 .loc 1 2060 54 view .LVU1357
 3930 00a0 1207     	 lsls r2,r2,#28
 3931 00a2 11D5     	 bpl .L354
2063:Drivers/STM32G4xx_HAL_Driver/Src/stm32g4xx_hal_fdcan.c ****       {
 3932              	 .loc 1 2063 7 is_stmt 1 view .LVU1358
2075:Drivers/STM32G4xx_HAL_Driver/Src/stm32g4xx_hal_fdcan.c ****     }
 3933              	 .loc 1 2075 7 view .LVU1359
2060:Drivers/STM32G4xx_HAL_Driver/Src/stm32g4xx_hal_fdcan.c ****     {
 3934              	 .loc 1 2060 54 view .LVU1360
2060:Drivers/STM32G4xx_HAL_Driver/Src/stm32g4xx_hal_fdcan.c ****     {
 3935              	 .loc 1 2060 29 is_stmt 0 view .LVU1361
 3936 00a4 9A69     	 ldr r2,[r3,#24]
2060:Drivers/STM32G4xx_HAL_Driver/Src/stm32g4xx_hal_fdcan.c ****     {
 3937              	 .loc 1 2060 54 view .LVU1362
 3938 00a6 1107     	 lsls r1,r2,#28
 3939 00a8 0ED5     	 bpl .L354
2063:Drivers/STM32G4xx_HAL_Driver/Src/stm32g4xx_hal_fdcan.c ****       {
 3940              	 .loc 1 2063 7 is_stmt 1 view .LVU1363
2075:Drivers/STM32G4xx_HAL_Driver/Src/stm32g4xx_hal_fdcan.c ****     }
 3941              	 .loc 1 2075 7 view .LVU1364
2060:Drivers/STM32G4xx_HAL_Driver/Src/stm32g4xx_hal_fdcan.c ****     {
 3942              	 .loc 1 2060 54 view .LVU1365
2060:Drivers/STM32G4xx_HAL_Driver/Src/stm32g4xx_hal_fdcan.c ****     {
 3943              	 .loc 1 2060 29 is_stmt 0 view .LVU1366
 3944 00aa 9A69     	 ldr r2,[r3,#24]
2060:Drivers/STM32G4xx_HAL_Driver/Src/stm32g4xx_hal_fdcan.c ****     {
 3945              	 .loc 1 2060 54 view .LVU1367
 3946 00ac 1207     	 lsls r2,r2,#28
 3947 00ae 0BD5     	 bpl .L354
2063:Drivers/STM32G4xx_HAL_Driver/Src/stm32g4xx_hal_fdcan.c ****       {
 3948              	 .loc 1 2063 7 is_stmt 1 view .LVU1368
2075:Drivers/STM32G4xx_HAL_Driver/Src/stm32g4xx_hal_fdcan.c ****     }
 3949              	 .loc 1 2075 7 view .LVU1369
2060:Drivers/STM32G4xx_HAL_Driver/Src/stm32g4xx_hal_fdcan.c ****     {
 3950              	 .loc 1 2060 54 view .LVU1370
2060:Drivers/STM32G4xx_HAL_Driver/Src/stm32g4xx_hal_fdcan.c ****     {
 3951              	 .loc 1 2060 29 is_stmt 0 view .LVU1371
 3952 00b0 9A69     	 ldr r2,[r3,#24]
2060:Drivers/STM32G4xx_HAL_Driver/Src/stm32g4xx_hal_fdcan.c ****     {
 3953              	 .loc 1 2060 54 view .LVU1372
 3954 00b2 1107     	 lsls r1,r2,#28
 3955 00b4 08D5     	 bpl .L354
2063:Drivers/STM32G4xx_HAL_Driver/Src/stm32g4xx_hal_fdcan.c ****       {
 3956              	 .loc 1 2063 7 is_stmt 1 view .LVU1373
2075:Drivers/STM32G4xx_HAL_Driver/Src/stm32g4xx_hal_fdcan.c ****     }
 3957              	 .loc 1 2075 7 view .LVU1374
2060:Drivers/STM32G4xx_HAL_Driver/Src/stm32g4xx_hal_fdcan.c ****     {
 3958              	 .loc 1 2060 54 view .LVU1375
2060:Drivers/STM32G4xx_HAL_Driver/Src/stm32g4xx_hal_fdcan.c ****     {
 3959              	 .loc 1 2060 29 is_stmt 0 view .LVU1376
 3960 00b6 9A69     	 ldr r2,[r3,#24]
2060:Drivers/STM32G4xx_HAL_Driver/Src/stm32g4xx_hal_fdcan.c ****     {
 3961              	 .loc 1 2060 54 view .LVU1377
 3962 00b8 1207     	 lsls r2,r2,#28
 3963 00ba 05D5     	 bpl .L354
2063:Drivers/STM32G4xx_HAL_Driver/Src/stm32g4xx_hal_fdcan.c ****       {
ARM GAS   			page 153


 3964              	 .loc 1 2063 7 is_stmt 1 view .LVU1378
2075:Drivers/STM32G4xx_HAL_Driver/Src/stm32g4xx_hal_fdcan.c ****     }
 3965              	 .loc 1 2075 7 view .LVU1379
2060:Drivers/STM32G4xx_HAL_Driver/Src/stm32g4xx_hal_fdcan.c ****     {
 3966              	 .loc 1 2060 54 view .LVU1380
2060:Drivers/STM32G4xx_HAL_Driver/Src/stm32g4xx_hal_fdcan.c ****     {
 3967              	 .loc 1 2060 29 is_stmt 0 view .LVU1381
 3968 00bc 9A69     	 ldr r2,[r3,#24]
2060:Drivers/STM32G4xx_HAL_Driver/Src/stm32g4xx_hal_fdcan.c ****     {
 3969              	 .loc 1 2060 54 view .LVU1382
 3970 00be 1107     	 lsls r1,r2,#28
 3971 00c0 02D5     	 bpl .L354
2063:Drivers/STM32G4xx_HAL_Driver/Src/stm32g4xx_hal_fdcan.c ****       {
 3972              	 .loc 1 2063 7 is_stmt 1 view .LVU1383
2075:Drivers/STM32G4xx_HAL_Driver/Src/stm32g4xx_hal_fdcan.c ****     }
 3973              	 .loc 1 2075 7 view .LVU1384
2060:Drivers/STM32G4xx_HAL_Driver/Src/stm32g4xx_hal_fdcan.c ****     {
 3974              	 .loc 1 2060 54 view .LVU1385
2060:Drivers/STM32G4xx_HAL_Driver/Src/stm32g4xx_hal_fdcan.c ****     {
 3975              	 .loc 1 2060 29 is_stmt 0 view .LVU1386
 3976 00c2 9A69     	 ldr r2,[r3,#24]
2060:Drivers/STM32G4xx_HAL_Driver/Src/stm32g4xx_hal_fdcan.c ****     {
 3977              	 .loc 1 2060 54 view .LVU1387
 3978 00c4 1207     	 lsls r2,r2,#28
 3979 00c6 C8D4     	 bmi .L356
 3980              	.L354:
2079:Drivers/STM32G4xx_HAL_Driver/Src/stm32g4xx_hal_fdcan.c **** 
 3981              	 .loc 1 2079 5 is_stmt 1 view .LVU1388
 3982 00c8 9969     	 ldr r1,[r3,#24]
2082:Drivers/STM32G4xx_HAL_Driver/Src/stm32g4xx_hal_fdcan.c **** 
 3983              	 .loc 1 2082 34 is_stmt 0 view .LVU1389
 3984 00ca 0022     	 movs r2,#0
2079:Drivers/STM32G4xx_HAL_Driver/Src/stm32g4xx_hal_fdcan.c **** 
 3985              	 .loc 1 2079 5 view .LVU1390
 3986 00cc 41F00201 	 orr r1,r1,#2
2085:Drivers/STM32G4xx_HAL_Driver/Src/stm32g4xx_hal_fdcan.c **** 
 3987              	 .loc 1 2085 19 view .LVU1391
 3988 00d0 4FF0010C 	 mov ip,#1
2079:Drivers/STM32G4xx_HAL_Driver/Src/stm32g4xx_hal_fdcan.c **** 
 3989              	 .loc 1 2079 5 view .LVU1392
 3990 00d4 9961     	 str r1,[r3,#24]
2082:Drivers/STM32G4xx_HAL_Driver/Src/stm32g4xx_hal_fdcan.c **** 
 3991              	 .loc 1 2082 5 is_stmt 1 view .LVU1393
2082:Drivers/STM32G4xx_HAL_Driver/Src/stm32g4xx_hal_fdcan.c **** 
 3992              	 .loc 1 2082 34 is_stmt 0 view .LVU1394
 3993 00d6 8265     	 str r2,[r0,#88]
2085:Drivers/STM32G4xx_HAL_Driver/Src/stm32g4xx_hal_fdcan.c **** 
 3994              	 .loc 1 2085 5 is_stmt 1 view .LVU1395
2085:Drivers/STM32G4xx_HAL_Driver/Src/stm32g4xx_hal_fdcan.c **** 
 3995              	 .loc 1 2085 19 is_stmt 0 view .LVU1396
 3996 00d8 80F85CC0 	 strb ip,[r0,#92]
2088:Drivers/STM32G4xx_HAL_Driver/Src/stm32g4xx_hal_fdcan.c ****   }
 3997              	 .loc 1 2088 5 is_stmt 1 view .LVU1397
2088:Drivers/STM32G4xx_HAL_Driver/Src/stm32g4xx_hal_fdcan.c ****   }
 3998              	 .loc 1 2088 12 is_stmt 0 view .LVU1398
 3999 00dc 1046     	 mov r0,r2
 4000              	.LVL251:
ARM GAS   			page 154


2097:Drivers/STM32G4xx_HAL_Driver/Src/stm32g4xx_hal_fdcan.c **** 
 4001              	 .loc 1 2097 1 view .LVU1399
 4002 00de 7047     	 bx lr
 4003              	 .cfi_endproc
 4004              	.LFE404:
 4006              	 .section .text.HAL_FDCAN_AddMessageToTxFifoQ,"ax",%progbits
 4007              	 .align 1
 4008              	 .p2align 2,,3
 4009              	 .global HAL_FDCAN_AddMessageToTxFifoQ
 4010              	 .syntax unified
 4011              	 .thumb
 4012              	 .thumb_func
 4014              	HAL_FDCAN_AddMessageToTxFifoQ:
 4015              	.LVL252:
 4016              	.LFB405:
2109:Drivers/STM32G4xx_HAL_Driver/Src/stm32g4xx_hal_fdcan.c ****   uint32_t PutIndex;
 4017              	 .loc 1 2109 1 is_stmt 1 view-0
 4018              	 .cfi_startproc
 4019              	 
 4020              	 
2110:Drivers/STM32G4xx_HAL_Driver/Src/stm32g4xx_hal_fdcan.c **** 
 4021              	 .loc 1 2110 3 view .LVU1401
2113:Drivers/STM32G4xx_HAL_Driver/Src/stm32g4xx_hal_fdcan.c ****   if (pTxHeader->IdType == FDCAN_STANDARD_ID)
 4022              	 .loc 1 2113 3 view .LVU1402
2114:Drivers/STM32G4xx_HAL_Driver/Src/stm32g4xx_hal_fdcan.c ****   {
 4023              	 .loc 1 2114 3 view .LVU1403
2116:Drivers/STM32G4xx_HAL_Driver/Src/stm32g4xx_hal_fdcan.c ****   }
 4024              	 .loc 1 2116 5 view .LVU1404
2120:Drivers/STM32G4xx_HAL_Driver/Src/stm32g4xx_hal_fdcan.c ****   }
 4025              	 .loc 1 2120 5 view .LVU1405
2122:Drivers/STM32G4xx_HAL_Driver/Src/stm32g4xx_hal_fdcan.c ****   assert_param(IS_FDCAN_DLC(pTxHeader->DataLength));
 4026              	 .loc 1 2122 3 view .LVU1406
2123:Drivers/STM32G4xx_HAL_Driver/Src/stm32g4xx_hal_fdcan.c ****   assert_param(IS_FDCAN_ESI(pTxHeader->ErrorStateIndicator));
 4027              	 .loc 1 2123 3 view .LVU1407
2124:Drivers/STM32G4xx_HAL_Driver/Src/stm32g4xx_hal_fdcan.c ****   assert_param(IS_FDCAN_BRS(pTxHeader->BitRateSwitch));
 4028              	 .loc 1 2124 3 view .LVU1408
2125:Drivers/STM32G4xx_HAL_Driver/Src/stm32g4xx_hal_fdcan.c ****   assert_param(IS_FDCAN_FDF(pTxHeader->FDFormat));
 4029              	 .loc 1 2125 3 view .LVU1409
2126:Drivers/STM32G4xx_HAL_Driver/Src/stm32g4xx_hal_fdcan.c ****   assert_param(IS_FDCAN_EFC(pTxHeader->TxEventFifoControl));
 4030              	 .loc 1 2126 3 view .LVU1410
2127:Drivers/STM32G4xx_HAL_Driver/Src/stm32g4xx_hal_fdcan.c ****   assert_param(IS_FDCAN_MAX_VALUE(pTxHeader->MessageMarker, 0xFFU));
 4031              	 .loc 1 2127 3 view .LVU1411
2128:Drivers/STM32G4xx_HAL_Driver/Src/stm32g4xx_hal_fdcan.c **** 
 4032              	 .loc 1 2128 3 view .LVU1412
2130:Drivers/STM32G4xx_HAL_Driver/Src/stm32g4xx_hal_fdcan.c ****   {
 4033              	 .loc 1 2130 3 view .LVU1413
2109:Drivers/STM32G4xx_HAL_Driver/Src/stm32g4xx_hal_fdcan.c ****   uint32_t PutIndex;
 4034              	 .loc 1 2109 1 is_stmt 0 view .LVU1414
 4035 0000 F0B5     	 push {r4,r5,r6,r7,lr}
 4036              	 .cfi_def_cfa_offset 20
 4037              	 .cfi_offset 4,-20
 4038              	 .cfi_offset 5,-16
 4039              	 .cfi_offset 6,-12
 4040              	 .cfi_offset 7,-8
 4041              	 .cfi_offset 14,-4
2130:Drivers/STM32G4xx_HAL_Driver/Src/stm32g4xx_hal_fdcan.c ****   {
 4042              	 .loc 1 2130 13 view .LVU1415
ARM GAS   			page 155


 4043 0002 90F85C30 	 ldrb r3,[r0,#92]
2130:Drivers/STM32G4xx_HAL_Driver/Src/stm32g4xx_hal_fdcan.c ****   {
 4044              	 .loc 1 2130 6 view .LVU1416
 4045 0006 022B     	 cmp r3,#2
2109:Drivers/STM32G4xx_HAL_Driver/Src/stm32g4xx_hal_fdcan.c ****   uint32_t PutIndex;
 4046              	 .loc 1 2109 1 view .LVU1417
 4047 0008 8646     	 mov lr,r0
2130:Drivers/STM32G4xx_HAL_Driver/Src/stm32g4xx_hal_fdcan.c ****   {
 4048              	 .loc 1 2130 6 view .LVU1418
 4049 000a 0BD1     	 bne .L388
2133:Drivers/STM32G4xx_HAL_Driver/Src/stm32g4xx_hal_fdcan.c ****     {
 4050              	 .loc 1 2133 5 is_stmt 1 view .LVU1419
2133:Drivers/STM32G4xx_HAL_Driver/Src/stm32g4xx_hal_fdcan.c ****     {
 4051              	 .loc 1 2133 16 is_stmt 0 view .LVU1420
 4052 000c 0568     	 ldr r5,[r0]
2133:Drivers/STM32G4xx_HAL_Driver/Src/stm32g4xx_hal_fdcan.c ****     {
 4053              	 .loc 1 2133 26 view .LVU1421
 4054 000e D5F8C430 	 ldr r3,[r5,#196]
2133:Drivers/STM32G4xx_HAL_Driver/Src/stm32g4xx_hal_fdcan.c ****     {
 4055              	 .loc 1 2133 8 view .LVU1422
 4056 0012 13F4001C 	 ands ip,r3,#2097152
 4057 0016 0BD0     	 beq .L389
2136:Drivers/STM32G4xx_HAL_Driver/Src/stm32g4xx_hal_fdcan.c **** 
 4058              	 .loc 1 2136 7 is_stmt 1 view .LVU1423
2136:Drivers/STM32G4xx_HAL_Driver/Src/stm32g4xx_hal_fdcan.c **** 
 4059              	 .loc 1 2136 13 is_stmt 0 view .LVU1424
 4060 0018 036E     	 ldr r3,[r0,#96]
2136:Drivers/STM32G4xx_HAL_Driver/Src/stm32g4xx_hal_fdcan.c **** 
 4061              	 .loc 1 2136 25 view .LVU1425
 4062 001a 43F40073 	 orr r3,r3,#512
 4063 001e 0366     	 str r3,[r0,#96]
2138:Drivers/STM32G4xx_HAL_Driver/Src/stm32g4xx_hal_fdcan.c ****     }
 4064              	 .loc 1 2138 7 is_stmt 1 view .LVU1426
2138:Drivers/STM32G4xx_HAL_Driver/Src/stm32g4xx_hal_fdcan.c ****     }
 4065              	 .loc 1 2138 14 is_stmt 0 view .LVU1427
 4066 0020 0120     	 movs r0,#1
 4067              	.LVL253:
2165:Drivers/STM32G4xx_HAL_Driver/Src/stm32g4xx_hal_fdcan.c **** 
 4068              	 .loc 1 2165 1 view .LVU1428
 4069 0022 F0BD     	 pop {r4,r5,r6,r7,pc}
 4070              	.LVL254:
 4071              	.L388:
2161:Drivers/STM32G4xx_HAL_Driver/Src/stm32g4xx_hal_fdcan.c **** 
 4072              	 .loc 1 2161 5 is_stmt 1 view .LVU1429
2161:Drivers/STM32G4xx_HAL_Driver/Src/stm32g4xx_hal_fdcan.c **** 
 4073              	 .loc 1 2161 11 is_stmt 0 view .LVU1430
 4074 0024 036E     	 ldr r3,[r0,#96]
2161:Drivers/STM32G4xx_HAL_Driver/Src/stm32g4xx_hal_fdcan.c **** 
 4075              	 .loc 1 2161 23 view .LVU1431
 4076 0026 43F00803 	 orr r3,r3,#8
 4077 002a 0366     	 str r3,[r0,#96]
2163:Drivers/STM32G4xx_HAL_Driver/Src/stm32g4xx_hal_fdcan.c ****   }
 4078              	 .loc 1 2163 5 is_stmt 1 view .LVU1432
2138:Drivers/STM32G4xx_HAL_Driver/Src/stm32g4xx_hal_fdcan.c ****     }
 4079              	 .loc 1 2138 14 is_stmt 0 view .LVU1433
 4080 002c 0120     	 movs r0,#1
 4081              	.LVL255:
ARM GAS   			page 156


2165:Drivers/STM32G4xx_HAL_Driver/Src/stm32g4xx_hal_fdcan.c **** 
 4082              	 .loc 1 2165 1 view .LVU1434
 4083 002e F0BD     	 pop {r4,r5,r6,r7,pc}
 4084              	.LVL256:
 4085              	.L389:
2143:Drivers/STM32G4xx_HAL_Driver/Src/stm32g4xx_hal_fdcan.c **** 
 4086              	 .loc 1 2143 7 is_stmt 1 view .LVU1435
2143:Drivers/STM32G4xx_HAL_Driver/Src/stm32g4xx_hal_fdcan.c **** 
 4087              	 .loc 1 2143 36 is_stmt 0 view .LVU1436
 4088 0030 D5F8C460 	 ldr r6,[r5,#196]
 4089              	.LBB24:
 4090              	.LBB25:
3471:Drivers/STM32G4xx_HAL_Driver/Src/stm32g4xx_hal_fdcan.c ****   }
3472:Drivers/STM32G4xx_HAL_Driver/Src/stm32g4xx_hal_fdcan.c **** }
3473:Drivers/STM32G4xx_HAL_Driver/Src/stm32g4xx_hal_fdcan.c **** 
3474:Drivers/STM32G4xx_HAL_Driver/Src/stm32g4xx_hal_fdcan.c **** /**
3475:Drivers/STM32G4xx_HAL_Driver/Src/stm32g4xx_hal_fdcan.c ****   * @brief  Copy Tx message to the message RAM.
3476:Drivers/STM32G4xx_HAL_Driver/Src/stm32g4xx_hal_fdcan.c ****   * @param  hfdcan pointer to an FDCAN_HandleTypeDef structure that contains
3477:Drivers/STM32G4xx_HAL_Driver/Src/stm32g4xx_hal_fdcan.c ****   *         the configuration information for the specified FDCAN.
3478:Drivers/STM32G4xx_HAL_Driver/Src/stm32g4xx_hal_fdcan.c ****   * @param  pTxHeader pointer to a FDCAN_TxHeaderTypeDef structure.
3479:Drivers/STM32G4xx_HAL_Driver/Src/stm32g4xx_hal_fdcan.c ****   * @param  pTxData pointer to a buffer containing the payload of the Tx frame.
3480:Drivers/STM32G4xx_HAL_Driver/Src/stm32g4xx_hal_fdcan.c ****   * @param  BufferIndex index of the buffer to be configured.
3481:Drivers/STM32G4xx_HAL_Driver/Src/stm32g4xx_hal_fdcan.c ****   * @retval none
3482:Drivers/STM32G4xx_HAL_Driver/Src/stm32g4xx_hal_fdcan.c ****  */
3483:Drivers/STM32G4xx_HAL_Driver/Src/stm32g4xx_hal_fdcan.c **** static void FDCAN_CopyMessageToRAM(const FDCAN_HandleTypeDef *hfdcan, const FDCAN_TxHeaderTypeDef *
3484:Drivers/STM32G4xx_HAL_Driver/Src/stm32g4xx_hal_fdcan.c ****                                    const uint8_t *pTxData, uint32_t BufferIndex)
3485:Drivers/STM32G4xx_HAL_Driver/Src/stm32g4xx_hal_fdcan.c **** {
3486:Drivers/STM32G4xx_HAL_Driver/Src/stm32g4xx_hal_fdcan.c ****   uint32_t TxElementW1;
3487:Drivers/STM32G4xx_HAL_Driver/Src/stm32g4xx_hal_fdcan.c ****   uint32_t TxElementW2;
3488:Drivers/STM32G4xx_HAL_Driver/Src/stm32g4xx_hal_fdcan.c ****   uint32_t *TxAddress;
3489:Drivers/STM32G4xx_HAL_Driver/Src/stm32g4xx_hal_fdcan.c ****   uint32_t ByteCounter;
3490:Drivers/STM32G4xx_HAL_Driver/Src/stm32g4xx_hal_fdcan.c **** 
3491:Drivers/STM32G4xx_HAL_Driver/Src/stm32g4xx_hal_fdcan.c ****   /* Build first word of Tx header element */
3492:Drivers/STM32G4xx_HAL_Driver/Src/stm32g4xx_hal_fdcan.c ****   if (pTxHeader->IdType == FDCAN_STANDARD_ID)
 4091              	 .loc 1 3492 6 view .LVU1437
 4092 0034 4B68     	 ldr r3,[r1,#4]
3493:Drivers/STM32G4xx_HAL_Driver/Src/stm32g4xx_hal_fdcan.c ****   {
3494:Drivers/STM32G4xx_HAL_Driver/Src/stm32g4xx_hal_fdcan.c ****     TxElementW1 = (pTxHeader->ErrorStateIndicator |
 4093              	 .loc 1 3494 29 view .LVU1438
 4094 0036 0F69     	 ldr r7,[r1,#16]
3495:Drivers/STM32G4xx_HAL_Driver/Src/stm32g4xx_hal_fdcan.c ****                    FDCAN_STANDARD_ID |
3496:Drivers/STM32G4xx_HAL_Driver/Src/stm32g4xx_hal_fdcan.c ****                    pTxHeader->TxFrameType |
 4095              	 .loc 1 3496 29 view .LVU1439
 4096 0038 8868     	 ldr r0,[r1,#8]
 4097              	.LVL257:
3497:Drivers/STM32G4xx_HAL_Driver/Src/stm32g4xx_hal_fdcan.c ****                    (pTxHeader->Identifier << 18U));
 4098              	 .loc 1 3497 30 view .LVU1440
 4099 003a 0C68     	 ldr r4,[r1]
 4100              	.LBE25:
 4101              	.LBE24:
2143:Drivers/STM32G4xx_HAL_Driver/Src/stm32g4xx_hal_fdcan.c **** 
 4102              	 .loc 1 2143 16 view .LVU1441
 4103 003c C6F30146 	 ubfx r6,r6,#16,#2
 4104              	.LVL258:
2146:Drivers/STM32G4xx_HAL_Driver/Src/stm32g4xx_hal_fdcan.c **** 
 4105              	 .loc 1 2146 7 is_stmt 1 view .LVU1442
 4106              	.LBB28:
ARM GAS   			page 157


 4107              	.LBI24:
3483:Drivers/STM32G4xx_HAL_Driver/Src/stm32g4xx_hal_fdcan.c ****                                    const uint8_t *pTxData, uint32_t BufferIndex)
 4108              	 .loc 1 3483 13 view .LVU1443
 4109              	.LBB26:
3486:Drivers/STM32G4xx_HAL_Driver/Src/stm32g4xx_hal_fdcan.c ****   uint32_t TxElementW2;
 4110              	 .loc 1 3486 3 view .LVU1444
3487:Drivers/STM32G4xx_HAL_Driver/Src/stm32g4xx_hal_fdcan.c ****   uint32_t *TxAddress;
 4111              	 .loc 1 3487 3 view .LVU1445
3488:Drivers/STM32G4xx_HAL_Driver/Src/stm32g4xx_hal_fdcan.c ****   uint32_t ByteCounter;
 4112              	 .loc 1 3488 3 view .LVU1446
3489:Drivers/STM32G4xx_HAL_Driver/Src/stm32g4xx_hal_fdcan.c **** 
 4113              	 .loc 1 3489 3 view .LVU1447
3492:Drivers/STM32G4xx_HAL_Driver/Src/stm32g4xx_hal_fdcan.c ****   {
 4114              	 .loc 1 3492 3 view .LVU1448
3492:Drivers/STM32G4xx_HAL_Driver/Src/stm32g4xx_hal_fdcan.c ****   {
 4115              	 .loc 1 3492 6 is_stmt 0 view .LVU1449
 4116 0040 002B     	 cmp r3,#0
 4117 0042 37D1     	 bne .L391
3494:Drivers/STM32G4xx_HAL_Driver/Src/stm32g4xx_hal_fdcan.c ****                    FDCAN_STANDARD_ID |
 4118              	 .loc 1 3494 5 is_stmt 1 view .LVU1450
3495:Drivers/STM32G4xx_HAL_Driver/Src/stm32g4xx_hal_fdcan.c ****                    pTxHeader->TxFrameType |
 4119              	 .loc 1 3495 38 is_stmt 0 view .LVU1451
 4120 0044 0743     	 orrs r7,r7,r0
3494:Drivers/STM32G4xx_HAL_Driver/Src/stm32g4xx_hal_fdcan.c ****                    FDCAN_STANDARD_ID |
 4121              	 .loc 1 3494 17 view .LVU1452
 4122 0046 47EA8447 	 orr r7,r7,r4,lsl#18
 4123              	.LVL259:
 4124              	.L392:
3498:Drivers/STM32G4xx_HAL_Driver/Src/stm32g4xx_hal_fdcan.c ****   }
3499:Drivers/STM32G4xx_HAL_Driver/Src/stm32g4xx_hal_fdcan.c ****   else /* pTxHeader->IdType == FDCAN_EXTENDED_ID */
3500:Drivers/STM32G4xx_HAL_Driver/Src/stm32g4xx_hal_fdcan.c ****   {
3501:Drivers/STM32G4xx_HAL_Driver/Src/stm32g4xx_hal_fdcan.c ****     TxElementW1 = (pTxHeader->ErrorStateIndicator |
3502:Drivers/STM32G4xx_HAL_Driver/Src/stm32g4xx_hal_fdcan.c ****                    FDCAN_EXTENDED_ID |
3503:Drivers/STM32G4xx_HAL_Driver/Src/stm32g4xx_hal_fdcan.c ****                    pTxHeader->TxFrameType |
3504:Drivers/STM32G4xx_HAL_Driver/Src/stm32g4xx_hal_fdcan.c ****                    pTxHeader->Identifier);
3505:Drivers/STM32G4xx_HAL_Driver/Src/stm32g4xx_hal_fdcan.c ****   }
3506:Drivers/STM32G4xx_HAL_Driver/Src/stm32g4xx_hal_fdcan.c **** 
3507:Drivers/STM32G4xx_HAL_Driver/Src/stm32g4xx_hal_fdcan.c ****   /* Build second word of Tx header element */
3508:Drivers/STM32G4xx_HAL_Driver/Src/stm32g4xx_hal_fdcan.c ****   TxElementW2 = ((pTxHeader->MessageMarker << 24U) |
 4125              	 .loc 1 3508 3 is_stmt 1 view .LVU1453
3509:Drivers/STM32G4xx_HAL_Driver/Src/stm32g4xx_hal_fdcan.c ****                  pTxHeader->TxEventFifoControl |
3510:Drivers/STM32G4xx_HAL_Driver/Src/stm32g4xx_hal_fdcan.c ****                  pTxHeader->FDFormat |
 4126              	 .loc 1 3510 38 is_stmt 0 view .LVU1454
 4127 004a D1E90603 	 ldrd r0,r3,[r1,#24]
 4128 004e 0343     	 orrs r3,r3,r0
 4129 0050 4869     	 ldr r0,[r1,#20]
3511:Drivers/STM32G4xx_HAL_Driver/Src/stm32g4xx_hal_fdcan.c ****                  pTxHeader->BitRateSwitch |
3512:Drivers/STM32G4xx_HAL_Driver/Src/stm32g4xx_hal_fdcan.c ****                  (pTxHeader->DataLength << 16U));
 4130              	 .loc 1 3512 41 view .LVU1455
 4131 0052 CC68     	 ldr r4,[r1,#12]
3510:Drivers/STM32G4xx_HAL_Driver/Src/stm32g4xx_hal_fdcan.c ****                  pTxHeader->BitRateSwitch |
 4132              	 .loc 1 3510 38 view .LVU1456
 4133 0054 0343     	 orrs r3,r3,r0
3508:Drivers/STM32G4xx_HAL_Driver/Src/stm32g4xx_hal_fdcan.c ****                  pTxHeader->TxEventFifoControl |
 4134              	 .loc 1 3508 44 view .LVU1457
 4135 0056 086A     	 ldr r0,[r1,#32]
3510:Drivers/STM32G4xx_HAL_Driver/Src/stm32g4xx_hal_fdcan.c ****                  pTxHeader->BitRateSwitch |
ARM GAS   			page 158


 4136              	 .loc 1 3510 38 view .LVU1458
 4137 0058 43EA0063 	 orr r3,r3,r0,lsl#24
3508:Drivers/STM32G4xx_HAL_Driver/Src/stm32g4xx_hal_fdcan.c ****                  pTxHeader->TxEventFifoControl |
 4138              	 .loc 1 3508 15 view .LVU1459
 4139 005c 43EA0443 	 orr r3,r3,r4,lsl#16
 4140              	.LVL260:
3513:Drivers/STM32G4xx_HAL_Driver/Src/stm32g4xx_hal_fdcan.c **** 
3514:Drivers/STM32G4xx_HAL_Driver/Src/stm32g4xx_hal_fdcan.c ****   /* Calculate Tx element address */
3515:Drivers/STM32G4xx_HAL_Driver/Src/stm32g4xx_hal_fdcan.c ****   TxAddress = (uint32_t *)(hfdcan->msgRam.TxFIFOQSA + (BufferIndex * SRAMCAN_TFQ_SIZE));
 4141              	 .loc 1 3515 3 is_stmt 1 view .LVU1460
 4142              	 .loc 1 3515 53 is_stmt 0 view .LVU1461
 4143 0060 DEF85400 	 ldr r0,[lr,#84]
 4144              	 .loc 1 3515 68 view .LVU1462
 4145 0064 06EBC604 	 add r4,r6,r6,lsl#3
3516:Drivers/STM32G4xx_HAL_Driver/Src/stm32g4xx_hal_fdcan.c **** 
3517:Drivers/STM32G4xx_HAL_Driver/Src/stm32g4xx_hal_fdcan.c ****   /* Write Tx element header to the message RAM */
3518:Drivers/STM32G4xx_HAL_Driver/Src/stm32g4xx_hal_fdcan.c ****   *TxAddress = TxElementW1;
 4146              	 .loc 1 3518 14 view .LVU1463
 4147 0068 40F83470 	 str r7,[r0,r4,lsl#3]
3515:Drivers/STM32G4xx_HAL_Driver/Src/stm32g4xx_hal_fdcan.c **** 
 4148              	 .loc 1 3515 53 view .LVU1464
 4149 006c 00EBC400 	 add r0,r0,r4,lsl#3
 4150              	.LVL261:
 4151              	 .loc 1 3518 3 is_stmt 1 view .LVU1465
3519:Drivers/STM32G4xx_HAL_Driver/Src/stm32g4xx_hal_fdcan.c ****   TxAddress++;
 4152              	 .loc 1 3519 3 view .LVU1466
3520:Drivers/STM32G4xx_HAL_Driver/Src/stm32g4xx_hal_fdcan.c ****   *TxAddress = TxElementW2;
 4153              	 .loc 1 3520 3 view .LVU1467
3521:Drivers/STM32G4xx_HAL_Driver/Src/stm32g4xx_hal_fdcan.c ****   TxAddress++;
3522:Drivers/STM32G4xx_HAL_Driver/Src/stm32g4xx_hal_fdcan.c **** 
3523:Drivers/STM32G4xx_HAL_Driver/Src/stm32g4xx_hal_fdcan.c ****   /* Write Tx payload to the message RAM */
3524:Drivers/STM32G4xx_HAL_Driver/Src/stm32g4xx_hal_fdcan.c ****   for (ByteCounter = 0; ByteCounter < DLCtoBytes[pTxHeader->DataLength]; ByteCounter += 4U)
 4154              	 .loc 1 3524 49 is_stmt 0 discriminator 1 view .LVU1468
 4155 0070 134C     	 ldr r4,.L399
3520:Drivers/STM32G4xx_HAL_Driver/Src/stm32g4xx_hal_fdcan.c ****   *TxAddress = TxElementW2;
 4156              	 .loc 1 3520 14 view .LVU1469
 4157 0072 4360     	 str r3,[r0,#4]
3521:Drivers/STM32G4xx_HAL_Driver/Src/stm32g4xx_hal_fdcan.c ****   TxAddress++;
 4158              	 .loc 1 3521 3 is_stmt 1 view .LVU1470
 4159              	.LVL262:
 4160              	 .loc 1 3524 3 view .LVU1471
 4161              	 .loc 1 3524 37 discriminator 1 view .LVU1472
 4162              	 .loc 1 3524 49 is_stmt 0 discriminator 1 view .LVU1473
 4163 0074 CB68     	 ldr r3,[r1,#12]
 4164              	.LVL263:
 4165              	 .loc 1 3524 37 discriminator 1 view .LVU1474
 4166 0076 E35C     	 ldrb r3,[r4,r3]
 4167 0078 A3B1     	 cbz r3,.L396
 4168              	.LVL264:
 4169              	.L395:
3525:Drivers/STM32G4xx_HAL_Driver/Src/stm32g4xx_hal_fdcan.c ****   {
3526:Drivers/STM32G4xx_HAL_Driver/Src/stm32g4xx_hal_fdcan.c ****     *TxAddress = (((uint32_t)pTxData[ByteCounter + 3U] << 24U) |
 4170              	 .loc 1 3526 5 is_stmt 1 view .LVU1475
3527:Drivers/STM32G4xx_HAL_Driver/Src/stm32g4xx_hal_fdcan.c ****                   ((uint32_t)pTxData[ByteCounter + 2U] << 16U) |
 4171              	 .loc 1 3527 20 is_stmt 0 view .LVU1476
 4172 007a 9378     	 ldrb r3,[r2,#2]
3526:Drivers/STM32G4xx_HAL_Driver/Src/stm32g4xx_hal_fdcan.c ****                   ((uint32_t)pTxData[ByteCounter + 2U] << 16U) |
ARM GAS   			page 159


 4173              	 .loc 1 3526 20 view .LVU1477
 4174 007c D778     	 ldrb r7,[r2,#3]
 4175              	 .loc 1 3527 56 view .LVU1478
 4176 007e 1B04     	 lsls r3,r3,#16
3526:Drivers/STM32G4xx_HAL_Driver/Src/stm32g4xx_hal_fdcan.c ****                   ((uint32_t)pTxData[ByteCounter + 2U] << 16U) |
 4177              	 .loc 1 3526 64 view .LVU1479
 4178 0080 43EA0763 	 orr r3,r3,r7,lsl#24
3528:Drivers/STM32G4xx_HAL_Driver/Src/stm32g4xx_hal_fdcan.c ****                   ((uint32_t)pTxData[ByteCounter + 1U] << 8U)  |
3529:Drivers/STM32G4xx_HAL_Driver/Src/stm32g4xx_hal_fdcan.c ****                   (uint32_t)pTxData[ByteCounter]);
 4179              	 .loc 1 3529 19 view .LVU1480
 4180 0084 1778     	 ldrb r7,[r2]
3528:Drivers/STM32G4xx_HAL_Driver/Src/stm32g4xx_hal_fdcan.c ****                   ((uint32_t)pTxData[ByteCounter + 1U] << 8U)  |
 4181              	 .loc 1 3528 64 view .LVU1481
 4182 0086 3B43     	 orrs r3,r3,r7
3528:Drivers/STM32G4xx_HAL_Driver/Src/stm32g4xx_hal_fdcan.c ****                   ((uint32_t)pTxData[ByteCounter + 1U] << 8U)  |
 4183              	 .loc 1 3528 20 view .LVU1482
 4184 0088 5778     	 ldrb r7,[r2,#1]
3528:Drivers/STM32G4xx_HAL_Driver/Src/stm32g4xx_hal_fdcan.c ****                   ((uint32_t)pTxData[ByteCounter + 1U] << 8U)  |
 4185              	 .loc 1 3528 64 view .LVU1483
 4186 008a 43EA0723 	 orr r3,r3,r7,lsl#8
3526:Drivers/STM32G4xx_HAL_Driver/Src/stm32g4xx_hal_fdcan.c ****                   ((uint32_t)pTxData[ByteCounter + 2U] << 16U) |
 4187              	 .loc 1 3526 16 view .LVU1484
 4188 008e 0CEB0007 	 add r7,ip,r0
3524:Drivers/STM32G4xx_HAL_Driver/Src/stm32g4xx_hal_fdcan.c ****   {
 4189              	 .loc 1 3524 86 discriminator 3 view .LVU1485
 4190 0092 0CF1040C 	 add ip,ip,#4
 4191              	.LVL265:
3526:Drivers/STM32G4xx_HAL_Driver/Src/stm32g4xx_hal_fdcan.c ****                   ((uint32_t)pTxData[ByteCounter + 2U] << 16U) |
 4192              	 .loc 1 3526 16 view .LVU1486
 4193 0096 BB60     	 str r3,[r7,#8]
3530:Drivers/STM32G4xx_HAL_Driver/Src/stm32g4xx_hal_fdcan.c ****     TxAddress++;
 4194              	 .loc 1 3530 5 is_stmt 1 view .LVU1487
 4195              	.LVL266:
3524:Drivers/STM32G4xx_HAL_Driver/Src/stm32g4xx_hal_fdcan.c ****   {
 4196              	 .loc 1 3524 86 discriminator 3 view .LVU1488
3524:Drivers/STM32G4xx_HAL_Driver/Src/stm32g4xx_hal_fdcan.c ****   {
 4197              	 .loc 1 3524 37 discriminator 1 view .LVU1489
3524:Drivers/STM32G4xx_HAL_Driver/Src/stm32g4xx_hal_fdcan.c ****   {
 4198              	 .loc 1 3524 49 is_stmt 0 discriminator 1 view .LVU1490
 4199 0098 CB68     	 ldr r3,[r1,#12]
 4200 009a E35C     	 ldrb r3,[r4,r3]
3524:Drivers/STM32G4xx_HAL_Driver/Src/stm32g4xx_hal_fdcan.c ****   {
 4201              	 .loc 1 3524 37 discriminator 1 view .LVU1491
 4202 009c 9C45     	 cmp ip,r3
 4203 009e 02F10402 	 add r2,r2,#4
 4204 00a2 EAD3     	 bcc .L395
 4205              	.LVL267:
 4206              	.L396:
3524:Drivers/STM32G4xx_HAL_Driver/Src/stm32g4xx_hal_fdcan.c ****   {
 4207              	 .loc 1 3524 37 discriminator 1 view .LVU1492
 4208              	.LBE26:
 4209              	.LBE28:
2149:Drivers/STM32G4xx_HAL_Driver/Src/stm32g4xx_hal_fdcan.c **** 
 4210              	 .loc 1 2149 7 is_stmt 1 view .LVU1493
2149:Drivers/STM32G4xx_HAL_Driver/Src/stm32g4xx_hal_fdcan.c **** 
 4211              	 .loc 1 2149 46 is_stmt 0 view .LVU1494
 4212 00a4 0123     	 movs r3,#1
ARM GAS   			page 160


 4213 00a6 B340     	 lsls r3,r3,r6
2149:Drivers/STM32G4xx_HAL_Driver/Src/stm32g4xx_hal_fdcan.c **** 
 4214              	 .loc 1 2149 31 view .LVU1495
 4215 00a8 C5F8CC30 	 str r3,[r5,#204]
2152:Drivers/STM32G4xx_HAL_Driver/Src/stm32g4xx_hal_fdcan.c ****     }
 4216              	 .loc 1 2152 7 is_stmt 1 view .LVU1496
2156:Drivers/STM32G4xx_HAL_Driver/Src/stm32g4xx_hal_fdcan.c ****   }
 4217              	 .loc 1 2156 12 is_stmt 0 view .LVU1497
 4218 00ac 0020     	 movs r0,#0
2152:Drivers/STM32G4xx_HAL_Driver/Src/stm32g4xx_hal_fdcan.c ****     }
 4219              	 .loc 1 2152 36 view .LVU1498
 4220 00ae CEF85830 	 str r3,[lr,#88]
2156:Drivers/STM32G4xx_HAL_Driver/Src/stm32g4xx_hal_fdcan.c ****   }
 4221              	 .loc 1 2156 5 is_stmt 1 view .LVU1499
2165:Drivers/STM32G4xx_HAL_Driver/Src/stm32g4xx_hal_fdcan.c **** 
 4222              	 .loc 1 2165 1 is_stmt 0 view .LVU1500
 4223 00b2 F0BD     	 pop {r4,r5,r6,r7,pc}
 4224              	.LVL268:
 4225              	.L391:
 4226              	.LBB29:
 4227              	.LBB27:
3501:Drivers/STM32G4xx_HAL_Driver/Src/stm32g4xx_hal_fdcan.c ****                    FDCAN_EXTENDED_ID |
 4228              	 .loc 1 3501 5 is_stmt 1 view .LVU1501
3503:Drivers/STM32G4xx_HAL_Driver/Src/stm32g4xx_hal_fdcan.c ****                    pTxHeader->Identifier);
 4229              	 .loc 1 3503 43 is_stmt 0 view .LVU1502
 4230 00b4 2743     	 orrs r7,r7,r4
 4231 00b6 0743     	 orrs r7,r7,r0
3501:Drivers/STM32G4xx_HAL_Driver/Src/stm32g4xx_hal_fdcan.c ****                    FDCAN_EXTENDED_ID |
 4232              	 .loc 1 3501 17 view .LVU1503
 4233 00b8 47F08047 	 orr r7,r7,#1073741824
 4234 00bc C5E7     	 b .L392
 4235              	.L400:
 4236 00be 00BF     	 .align 2
 4237              	.L399:
 4238 00c0 00000000 	 .word DLCtoBytes
 4239              	.LBE27:
 4240              	.LBE29:
 4241              	 .cfi_endproc
 4242              	.LFE405:
 4244              	 .section .text.HAL_FDCAN_GetLatestTxFifoQRequestBuffer,"ax",%progbits
 4245              	 .align 1
 4246              	 .p2align 2,,3
 4247              	 .global HAL_FDCAN_GetLatestTxFifoQRequestBuffer
 4248              	 .syntax unified
 4249              	 .thumb
 4250              	 .thumb_func
 4252              	HAL_FDCAN_GetLatestTxFifoQRequestBuffer:
 4253              	.LVL269:
 4254              	.LFB406:
2176:Drivers/STM32G4xx_HAL_Driver/Src/stm32g4xx_hal_fdcan.c ****   /* Return Last Tx FIFO/Queue Request Buffer */
 4255              	 .loc 1 2176 1 is_stmt 1 view-0
 4256              	 .cfi_startproc
 4257              	 
 4258              	 
 4259              	 
2178:Drivers/STM32G4xx_HAL_Driver/Src/stm32g4xx_hal_fdcan.c **** }
 4260              	 .loc 1 2178 3 view .LVU1505
ARM GAS   			page 161


2179:Drivers/STM32G4xx_HAL_Driver/Src/stm32g4xx_hal_fdcan.c **** 
 4261              	 .loc 1 2179 1 is_stmt 0 view .LVU1506
 4262 0000 806D     	 ldr r0,[r0,#88]
 4263              	.LVL270:
2179:Drivers/STM32G4xx_HAL_Driver/Src/stm32g4xx_hal_fdcan.c **** 
 4264              	 .loc 1 2179 1 view .LVU1507
 4265 0002 7047     	 bx lr
 4266              	 .cfi_endproc
 4267              	.LFE406:
 4269              	 .section .text.HAL_FDCAN_AbortTxRequest,"ax",%progbits
 4270              	 .align 1
 4271              	 .p2align 2,,3
 4272              	 .global HAL_FDCAN_AbortTxRequest
 4273              	 .syntax unified
 4274              	 .thumb
 4275              	 .thumb_func
 4277              	HAL_FDCAN_AbortTxRequest:
 4278              	.LVL271:
 4279              	.LFB407:
2190:Drivers/STM32G4xx_HAL_Driver/Src/stm32g4xx_hal_fdcan.c ****   /* Check function parameters */
 4280              	 .loc 1 2190 1 is_stmt 1 view-0
 4281              	 .cfi_startproc
 4282              	 
 4283              	 
 4284              	 
2192:Drivers/STM32G4xx_HAL_Driver/Src/stm32g4xx_hal_fdcan.c **** 
 4285              	 .loc 1 2192 3 view .LVU1509
2194:Drivers/STM32G4xx_HAL_Driver/Src/stm32g4xx_hal_fdcan.c ****   {
 4286              	 .loc 1 2194 3 view .LVU1510
2194:Drivers/STM32G4xx_HAL_Driver/Src/stm32g4xx_hal_fdcan.c ****   {
 4287              	 .loc 1 2194 13 is_stmt 0 view .LVU1511
 4288 0000 90F85C20 	 ldrb r2,[r0,#92]
2194:Drivers/STM32G4xx_HAL_Driver/Src/stm32g4xx_hal_fdcan.c ****   {
 4289              	 .loc 1 2194 6 view .LVU1512
 4290 0004 022A     	 cmp r2,#2
2190:Drivers/STM32G4xx_HAL_Driver/Src/stm32g4xx_hal_fdcan.c ****   /* Check function parameters */
 4291              	 .loc 1 2190 1 view .LVU1513
 4292 0006 0346     	 mov r3,r0
2194:Drivers/STM32G4xx_HAL_Driver/Src/stm32g4xx_hal_fdcan.c ****   {
 4293              	 .loc 1 2194 6 view .LVU1514
 4294 0008 05D0     	 beq .L405
2205:Drivers/STM32G4xx_HAL_Driver/Src/stm32g4xx_hal_fdcan.c **** 
 4295              	 .loc 1 2205 5 is_stmt 1 view .LVU1515
2205:Drivers/STM32G4xx_HAL_Driver/Src/stm32g4xx_hal_fdcan.c **** 
 4296              	 .loc 1 2205 11 is_stmt 0 view .LVU1516
 4297 000a 026E     	 ldr r2,[r0,#96]
2205:Drivers/STM32G4xx_HAL_Driver/Src/stm32g4xx_hal_fdcan.c **** 
 4298              	 .loc 1 2205 23 view .LVU1517
 4299 000c 42F00802 	 orr r2,r2,#8
2207:Drivers/STM32G4xx_HAL_Driver/Src/stm32g4xx_hal_fdcan.c ****   }
 4300              	 .loc 1 2207 12 view .LVU1518
 4301 0010 0120     	 movs r0,#1
 4302              	.LVL272:
2205:Drivers/STM32G4xx_HAL_Driver/Src/stm32g4xx_hal_fdcan.c **** 
 4303              	 .loc 1 2205 23 view .LVU1519
 4304 0012 1A66     	 str r2,[r3,#96]
2207:Drivers/STM32G4xx_HAL_Driver/Src/stm32g4xx_hal_fdcan.c ****   }
ARM GAS   			page 162


 4305              	 .loc 1 2207 5 is_stmt 1 view .LVU1520
2209:Drivers/STM32G4xx_HAL_Driver/Src/stm32g4xx_hal_fdcan.c **** 
 4306              	 .loc 1 2209 1 is_stmt 0 view .LVU1521
 4307 0014 7047     	 bx lr
 4308              	.LVL273:
 4309              	.L405:
2197:Drivers/STM32G4xx_HAL_Driver/Src/stm32g4xx_hal_fdcan.c **** 
 4310              	 .loc 1 2197 5 is_stmt 1 view .LVU1522
2197:Drivers/STM32G4xx_HAL_Driver/Src/stm32g4xx_hal_fdcan.c **** 
 4311              	 .loc 1 2197 11 is_stmt 0 view .LVU1523
 4312 0016 0368     	 ldr r3,[r0]
2200:Drivers/STM32G4xx_HAL_Driver/Src/stm32g4xx_hal_fdcan.c ****   }
 4313              	 .loc 1 2200 12 view .LVU1524
 4314 0018 0020     	 movs r0,#0
 4315              	.LVL274:
2197:Drivers/STM32G4xx_HAL_Driver/Src/stm32g4xx_hal_fdcan.c **** 
 4316              	 .loc 1 2197 29 view .LVU1525
 4317 001a C3F8D010 	 str r1,[r3,#208]
2200:Drivers/STM32G4xx_HAL_Driver/Src/stm32g4xx_hal_fdcan.c ****   }
 4318              	 .loc 1 2200 5 is_stmt 1 view .LVU1526
2200:Drivers/STM32G4xx_HAL_Driver/Src/stm32g4xx_hal_fdcan.c ****   }
 4319              	 .loc 1 2200 12 is_stmt 0 view .LVU1527
 4320 001e 7047     	 bx lr
 4321              	 .cfi_endproc
 4322              	.LFE407:
 4324              	 .section .text.HAL_FDCAN_GetRxMessage,"ax",%progbits
 4325              	 .align 1
 4326              	 .p2align 2,,3
 4327              	 .global HAL_FDCAN_GetRxMessage
 4328              	 .syntax unified
 4329              	 .thumb
 4330              	 .thumb_func
 4332              	HAL_FDCAN_GetRxMessage:
 4333              	.LVL275:
 4334              	.LFB408:
2223:Drivers/STM32G4xx_HAL_Driver/Src/stm32g4xx_hal_fdcan.c ****   uint32_t *RxAddress;
 4335              	 .loc 1 2223 1 is_stmt 1 view-0
 4336              	 .cfi_startproc
 4337              	 
 4338              	 
2224:Drivers/STM32G4xx_HAL_Driver/Src/stm32g4xx_hal_fdcan.c ****   uint8_t  *pData;
 4339              	 .loc 1 2224 3 view .LVU1529
2225:Drivers/STM32G4xx_HAL_Driver/Src/stm32g4xx_hal_fdcan.c ****   uint32_t ByteCounter;
 4340              	 .loc 1 2225 3 view .LVU1530
2226:Drivers/STM32G4xx_HAL_Driver/Src/stm32g4xx_hal_fdcan.c ****   uint32_t GetIndex = 0;
 4341              	 .loc 1 2226 3 view .LVU1531
2227:Drivers/STM32G4xx_HAL_Driver/Src/stm32g4xx_hal_fdcan.c ****   HAL_FDCAN_StateTypeDef state = hfdcan->State;
 4342              	 .loc 1 2227 3 view .LVU1532
2228:Drivers/STM32G4xx_HAL_Driver/Src/stm32g4xx_hal_fdcan.c **** 
 4343              	 .loc 1 2228 3 view .LVU1533
2223:Drivers/STM32G4xx_HAL_Driver/Src/stm32g4xx_hal_fdcan.c ****   uint32_t *RxAddress;
 4344              	 .loc 1 2223 1 is_stmt 0 view .LVU1534
 4345 0000 2DE9F041 	 push {r4,r5,r6,r7,r8,lr}
 4346              	 .cfi_def_cfa_offset 24
 4347              	 .cfi_offset 4,-24
 4348              	 .cfi_offset 5,-20
 4349              	 .cfi_offset 6,-16
ARM GAS   			page 163


 4350              	 .cfi_offset 7,-12
 4351              	 .cfi_offset 8,-8
 4352              	 .cfi_offset 14,-4
2228:Drivers/STM32G4xx_HAL_Driver/Src/stm32g4xx_hal_fdcan.c **** 
 4353              	 .loc 1 2228 26 view .LVU1535
 4354 0004 90F85C40 	 ldrb r4,[r0,#92]
 4355              	.LVL276:
2231:Drivers/STM32G4xx_HAL_Driver/Src/stm32g4xx_hal_fdcan.c **** 
 4356              	 .loc 1 2231 3 is_stmt 1 view .LVU1536
2233:Drivers/STM32G4xx_HAL_Driver/Src/stm32g4xx_hal_fdcan.c ****   {
 4357              	 .loc 1 2233 3 view .LVU1537
2233:Drivers/STM32G4xx_HAL_Driver/Src/stm32g4xx_hal_fdcan.c ****   {
 4358              	 .loc 1 2233 6 is_stmt 0 view .LVU1538
 4359 0008 022C     	 cmp r4,#2
 4360 000a 0BD1     	 bne .L407
2235:Drivers/STM32G4xx_HAL_Driver/Src/stm32g4xx_hal_fdcan.c ****     {
 4361              	 .loc 1 2235 5 is_stmt 1 view .LVU1539
2235:Drivers/STM32G4xx_HAL_Driver/Src/stm32g4xx_hal_fdcan.c ****     {
 4362              	 .loc 1 2235 8 is_stmt 0 view .LVU1540
 4363 000c 4029     	 cmp r1,#64
2238:Drivers/STM32G4xx_HAL_Driver/Src/stm32g4xx_hal_fdcan.c ****       {
 4364              	 .loc 1 2238 18 view .LVU1541
 4365 000e 0568     	 ldr r5,[r0]
2235:Drivers/STM32G4xx_HAL_Driver/Src/stm32g4xx_hal_fdcan.c ****     {
 4366              	 .loc 1 2235 8 view .LVU1542
 4367 0010 0FD0     	 beq .L434
2267:Drivers/STM32G4xx_HAL_Driver/Src/stm32g4xx_hal_fdcan.c ****       {
 4368              	 .loc 1 2267 7 is_stmt 1 view .LVU1543
2267:Drivers/STM32G4xx_HAL_Driver/Src/stm32g4xx_hal_fdcan.c ****       {
 4369              	 .loc 1 2267 28 is_stmt 0 view .LVU1544
 4370 0012 D5F89840 	 ldr r4,[r5,#152]
 4371              	.LVL277:
2267:Drivers/STM32G4xx_HAL_Driver/Src/stm32g4xx_hal_fdcan.c ****       {
 4372              	 .loc 1 2267 10 view .LVU1545
 4373 0016 2407     	 lsls r4,r4,#28
 4374 0018 6DD1     	 bne .L413
 4375              	.L433:
2270:Drivers/STM32G4xx_HAL_Driver/Src/stm32g4xx_hal_fdcan.c **** 
 4376              	 .loc 1 2270 9 is_stmt 1 view .LVU1546
2270:Drivers/STM32G4xx_HAL_Driver/Src/stm32g4xx_hal_fdcan.c **** 
 4377              	 .loc 1 2270 15 is_stmt 0 view .LVU1547
 4378 001a 036E     	 ldr r3,[r0,#96]
 4379              	.LVL278:
2270:Drivers/STM32G4xx_HAL_Driver/Src/stm32g4xx_hal_fdcan.c **** 
 4380              	 .loc 1 2270 27 view .LVU1548
 4381 001c 43F48073 	 orr r3,r3,#256
 4382 0020 0366     	 str r3,[r0,#96]
2272:Drivers/STM32G4xx_HAL_Driver/Src/stm32g4xx_hal_fdcan.c ****       }
 4383              	 .loc 1 2272 9 is_stmt 1 view .LVU1549
2272:Drivers/STM32G4xx_HAL_Driver/Src/stm32g4xx_hal_fdcan.c ****       }
 4384              	 .loc 1 2272 16 is_stmt 0 view .LVU1550
 4385 0022 03E0     	 b .L410
 4386              	.LVL279:
 4387              	.L407:
2360:Drivers/STM32G4xx_HAL_Driver/Src/stm32g4xx_hal_fdcan.c **** 
 4388              	 .loc 1 2360 5 is_stmt 1 view .LVU1551
2360:Drivers/STM32G4xx_HAL_Driver/Src/stm32g4xx_hal_fdcan.c **** 
ARM GAS   			page 164


 4389              	 .loc 1 2360 11 is_stmt 0 view .LVU1552
 4390 0024 036E     	 ldr r3,[r0,#96]
 4391              	.LVL280:
2360:Drivers/STM32G4xx_HAL_Driver/Src/stm32g4xx_hal_fdcan.c **** 
 4392              	 .loc 1 2360 23 view .LVU1553
 4393 0026 43F00803 	 orr r3,r3,#8
 4394 002a 0366     	 str r3,[r0,#96]
2362:Drivers/STM32G4xx_HAL_Driver/Src/stm32g4xx_hal_fdcan.c ****   }
 4395              	 .loc 1 2362 5 is_stmt 1 view .LVU1554
 4396              	.LVL281:
 4397              	.L410:
2243:Drivers/STM32G4xx_HAL_Driver/Src/stm32g4xx_hal_fdcan.c ****       }
 4398              	 .loc 1 2243 16 is_stmt 0 view .LVU1555
 4399 002c 0120     	 movs r0,#1
 4400              	.LVL282:
 4401              	.L414:
2364:Drivers/STM32G4xx_HAL_Driver/Src/stm32g4xx_hal_fdcan.c **** 
 4402              	 .loc 1 2364 1 view .LVU1556
 4403 002e BDE8F081 	 pop {r4,r5,r6,r7,r8,pc}
 4404              	.LVL283:
 4405              	.L434:
2238:Drivers/STM32G4xx_HAL_Driver/Src/stm32g4xx_hal_fdcan.c ****       {
 4406              	 .loc 1 2238 7 is_stmt 1 view .LVU1557
2238:Drivers/STM32G4xx_HAL_Driver/Src/stm32g4xx_hal_fdcan.c ****       {
 4407              	 .loc 1 2238 28 is_stmt 0 view .LVU1558
 4408 0032 D5F89040 	 ldr r4,[r5,#144]
 4409              	.LVL284:
2238:Drivers/STM32G4xx_HAL_Driver/Src/stm32g4xx_hal_fdcan.c ****       {
 4410              	 .loc 1 2238 10 view .LVU1559
 4411 0036 2607     	 lsls r6,r4,#28
 4412 0038 EFD0     	 beq .L433
2248:Drivers/STM32G4xx_HAL_Driver/Src/stm32g4xx_hal_fdcan.c ****         {
 4413              	 .loc 1 2248 9 is_stmt 1 view .LVU1560
2248:Drivers/STM32G4xx_HAL_Driver/Src/stm32g4xx_hal_fdcan.c ****         {
 4414              	 .loc 1 2248 31 is_stmt 0 view .LVU1561
 4415 003a D5F89040 	 ldr r4,[r5,#144]
2248:Drivers/STM32G4xx_HAL_Driver/Src/stm32g4xx_hal_fdcan.c ****         {
 4416              	 .loc 1 2248 12 view .LVU1562
 4417 003e 14F08074 	 ands r4,r4,#16777216
2250:Drivers/STM32G4xx_HAL_Driver/Src/stm32g4xx_hal_fdcan.c ****           {
 4418              	 .loc 1 2250 11 is_stmt 1 view .LVU1563
2250:Drivers/STM32G4xx_HAL_Driver/Src/stm32g4xx_hal_fdcan.c ****           {
 4419              	 .loc 1 2250 33 is_stmt 0 view .LVU1564
 4420 0042 18BF     	 it ne
 4421 0044 D5F88040 	 ldrne r4,[r5,#128]
2258:Drivers/STM32G4xx_HAL_Driver/Src/stm32g4xx_hal_fdcan.c **** 
 4422              	 .loc 1 2258 39 view .LVU1565
 4423 0048 D5F89070 	 ldr r7,[r5,#144]
2250:Drivers/STM32G4xx_HAL_Driver/Src/stm32g4xx_hal_fdcan.c ****           {
 4424              	 .loc 1 2250 14 view .LVU1566
 4425 004c 18BF     	 it ne
 4426 004e C4F34024 	 ubfxne r4,r4,#9,#1
 4427              	.LVL285:
2258:Drivers/STM32G4xx_HAL_Driver/Src/stm32g4xx_hal_fdcan.c **** 
 4428              	 .loc 1 2258 9 is_stmt 1 view .LVU1567
2258:Drivers/STM32G4xx_HAL_Driver/Src/stm32g4xx_hal_fdcan.c **** 
 4429              	 .loc 1 2258 67 is_stmt 0 view .LVU1568
ARM GAS   			page 165


 4430 0052 C7F30127 	 ubfx r7,r7,#8,#2
2258:Drivers/STM32G4xx_HAL_Driver/Src/stm32g4xx_hal_fdcan.c **** 
 4431              	 .loc 1 2258 18 view .LVU1569
 4432 0056 07EB0408 	 add r8,r7,r4
 4433              	.LVL286:
2261:Drivers/STM32G4xx_HAL_Driver/Src/stm32g4xx_hal_fdcan.c ****       }
 4434              	 .loc 1 2261 9 is_stmt 1 view .LVU1570
2261:Drivers/STM32G4xx_HAL_Driver/Src/stm32g4xx_hal_fdcan.c ****       }
 4435              	 .loc 1 2261 59 is_stmt 0 view .LVU1571
 4436 005a 846C     	 ldr r4,[r0,#72]
2261:Drivers/STM32G4xx_HAL_Driver/Src/stm32g4xx_hal_fdcan.c ****       }
 4437              	 .loc 1 2261 71 view .LVU1572
 4438 005c 08EBC806 	 add r6,r8,r8,lsl#3
2261:Drivers/STM32G4xx_HAL_Driver/Src/stm32g4xx_hal_fdcan.c ****       }
 4439              	 .loc 1 2261 59 view .LVU1573
 4440 0060 04EBC604 	 add r4,r4,r6,lsl#3
 4441              	.LVL287:
 4442              	.L412:
2294:Drivers/STM32G4xx_HAL_Driver/Src/stm32g4xx_hal_fdcan.c **** 
 4443              	 .loc 1 2294 5 is_stmt 1 view .LVU1574
2294:Drivers/STM32G4xx_HAL_Driver/Src/stm32g4xx_hal_fdcan.c **** 
 4444              	 .loc 1 2294 36 is_stmt 0 view .LVU1575
 4445 0064 2668     	 ldr r6,[r4]
 4446 0066 06F08046 	 and r6,r6,#1073741824
2294:Drivers/STM32G4xx_HAL_Driver/Src/stm32g4xx_hal_fdcan.c **** 
 4447              	 .loc 1 2294 23 view .LVU1576
 4448 006a 5660     	 str r6,[r2,#4]
2297:Drivers/STM32G4xx_HAL_Driver/Src/stm32g4xx_hal_fdcan.c ****     {
 4449              	 .loc 1 2297 5 is_stmt 1 view .LVU1577
2299:Drivers/STM32G4xx_HAL_Driver/Src/stm32g4xx_hal_fdcan.c ****     }
 4450              	 .loc 1 2299 33 is_stmt 0 view .LVU1578
 4451 006c D4F800C0 	 ldr ip,[r4]
2297:Drivers/STM32G4xx_HAL_Driver/Src/stm32g4xx_hal_fdcan.c ****     {
 4452              	 .loc 1 2297 8 view .LVU1579
 4453 0070 002E     	 cmp r6,#0
 4454 0072 56D1     	 bne .L416
2299:Drivers/STM32G4xx_HAL_Driver/Src/stm32g4xx_hal_fdcan.c ****     }
 4455              	 .loc 1 2299 7 is_stmt 1 view .LVU1580
2299:Drivers/STM32G4xx_HAL_Driver/Src/stm32g4xx_hal_fdcan.c ****     }
 4456              	 .loc 1 2299 72 is_stmt 0 view .LVU1581
 4457 0074 CCF38A46 	 ubfx r6,ip,#18,#11
 4458              	.L417:
 4459 0078 1660     	 str r6,[r2]
2307:Drivers/STM32G4xx_HAL_Driver/Src/stm32g4xx_hal_fdcan.c **** 
 4460              	 .loc 1 2307 5 is_stmt 1 view .LVU1582
2307:Drivers/STM32G4xx_HAL_Driver/Src/stm32g4xx_hal_fdcan.c **** 
 4461              	 .loc 1 2307 42 is_stmt 0 view .LVU1583
 4462 007a 2668     	 ldr r6,[r4]
 4463 007c 06F00056 	 and r6,r6,#536870912
2307:Drivers/STM32G4xx_HAL_Driver/Src/stm32g4xx_hal_fdcan.c **** 
 4464              	 .loc 1 2307 28 view .LVU1584
 4465 0080 9660     	 str r6,[r2,#8]
2310:Drivers/STM32G4xx_HAL_Driver/Src/stm32g4xx_hal_fdcan.c **** 
 4466              	 .loc 1 2310 5 is_stmt 1 view .LVU1585
2310:Drivers/STM32G4xx_HAL_Driver/Src/stm32g4xx_hal_fdcan.c **** 
 4467              	 .loc 1 2310 50 is_stmt 0 view .LVU1586
 4468 0082 2668     	 ldr r6,[r4]
ARM GAS   			page 166


 4469 0084 06F00046 	 and r6,r6,#-2147483648
2310:Drivers/STM32G4xx_HAL_Driver/Src/stm32g4xx_hal_fdcan.c **** 
 4470              	 .loc 1 2310 36 view .LVU1587
 4471 0088 1661     	 str r6,[r2,#16]
2313:Drivers/STM32G4xx_HAL_Driver/Src/stm32g4xx_hal_fdcan.c **** 
 4472              	 .loc 1 2313 5 is_stmt 1 view .LVU1588
 4473              	.LVL288:
2316:Drivers/STM32G4xx_HAL_Driver/Src/stm32g4xx_hal_fdcan.c **** 
 4474              	 .loc 1 2316 5 view .LVU1589
2316:Drivers/STM32G4xx_HAL_Driver/Src/stm32g4xx_hal_fdcan.c **** 
 4475              	 .loc 1 2316 42 is_stmt 0 view .LVU1590
 4476 008a A688     	 ldrh r6,[r4,#4]
2316:Drivers/STM32G4xx_HAL_Driver/Src/stm32g4xx_hal_fdcan.c **** 
 4477              	 .loc 1 2316 28 view .LVU1591
 4478 008c D661     	 str r6,[r2,#28]
2319:Drivers/STM32G4xx_HAL_Driver/Src/stm32g4xx_hal_fdcan.c **** 
 4479              	 .loc 1 2319 5 is_stmt 1 view .LVU1592
2319:Drivers/STM32G4xx_HAL_Driver/Src/stm32g4xx_hal_fdcan.c **** 
 4480              	 .loc 1 2319 68 is_stmt 0 view .LVU1593
 4481 008e B4F806C0 	 ldrh ip,[r4,#6]
 4482 0092 0CF00F0C 	 and ip,ip,#15
2319:Drivers/STM32G4xx_HAL_Driver/Src/stm32g4xx_hal_fdcan.c **** 
 4483              	 .loc 1 2319 27 view .LVU1594
 4484 0096 C2F80CC0 	 str ip,[r2,#12]
2322:Drivers/STM32G4xx_HAL_Driver/Src/stm32g4xx_hal_fdcan.c **** 
 4485              	 .loc 1 2322 5 is_stmt 1 view .LVU1595
2322:Drivers/STM32G4xx_HAL_Driver/Src/stm32g4xx_hal_fdcan.c **** 
 4486              	 .loc 1 2322 44 is_stmt 0 view .LVU1596
 4487 009a 6668     	 ldr r6,[r4,#4]
 4488 009c 06F48016 	 and r6,r6,#1048576
2322:Drivers/STM32G4xx_HAL_Driver/Src/stm32g4xx_hal_fdcan.c **** 
 4489              	 .loc 1 2322 30 view .LVU1597
 4490 00a0 5661     	 str r6,[r2,#20]
2325:Drivers/STM32G4xx_HAL_Driver/Src/stm32g4xx_hal_fdcan.c **** 
 4491              	 .loc 1 2325 5 is_stmt 1 view .LVU1598
2325:Drivers/STM32G4xx_HAL_Driver/Src/stm32g4xx_hal_fdcan.c **** 
 4492              	 .loc 1 2325 39 is_stmt 0 view .LVU1599
 4493 00a2 6668     	 ldr r6,[r4,#4]
 4494 00a4 06F40016 	 and r6,r6,#2097152
2325:Drivers/STM32G4xx_HAL_Driver/Src/stm32g4xx_hal_fdcan.c **** 
 4495              	 .loc 1 2325 25 view .LVU1600
 4496 00a8 9661     	 str r6,[r2,#24]
2328:Drivers/STM32G4xx_HAL_Driver/Src/stm32g4xx_hal_fdcan.c **** 
 4497              	 .loc 1 2328 5 is_stmt 1 view .LVU1601
2328:Drivers/STM32G4xx_HAL_Driver/Src/stm32g4xx_hal_fdcan.c **** 
 4498              	 .loc 1 2328 70 is_stmt 0 view .LVU1602
 4499 00aa E679     	 ldrb r6,[r4,#7]
 4500 00ac 06F07F06 	 and r6,r6,#127
2328:Drivers/STM32G4xx_HAL_Driver/Src/stm32g4xx_hal_fdcan.c **** 
 4501              	 .loc 1 2328 28 view .LVU1603
 4502 00b0 1662     	 str r6,[r2,#32]
2331:Drivers/STM32G4xx_HAL_Driver/Src/stm32g4xx_hal_fdcan.c **** 
 4503              	 .loc 1 2331 5 is_stmt 1 view .LVU1604
2338:Drivers/STM32G4xx_HAL_Driver/Src/stm32g4xx_hal_fdcan.c ****     {
 4504              	 .loc 1 2338 51 is_stmt 0 discriminator 1 view .LVU1605
 4505 00b2 1F4E     	 ldr r6,.L436
2331:Drivers/STM32G4xx_HAL_Driver/Src/stm32g4xx_hal_fdcan.c **** 
ARM GAS   			page 167


 4506              	 .loc 1 2331 80 view .LVU1606
 4507 00b4 6768     	 ldr r7,[r4,#4]
2338:Drivers/STM32G4xx_HAL_Driver/Src/stm32g4xx_hal_fdcan.c ****     {
 4508              	 .loc 1 2338 39 discriminator 1 view .LVU1607
 4509 00b6 16F80CE0 	 ldrb lr,[r6,ip]
2331:Drivers/STM32G4xx_HAL_Driver/Src/stm32g4xx_hal_fdcan.c **** 
 4510              	 .loc 1 2331 80 view .LVU1608
 4511 00ba 4FEAD77C 	 lsr ip,r7,#31
2331:Drivers/STM32G4xx_HAL_Driver/Src/stm32g4xx_hal_fdcan.c **** 
 4512              	 .loc 1 2331 38 view .LVU1609
 4513 00be C2F824C0 	 str ip,[r2,#36]
2334:Drivers/STM32G4xx_HAL_Driver/Src/stm32g4xx_hal_fdcan.c **** 
 4514              	 .loc 1 2334 5 is_stmt 1 view .LVU1610
 4515              	.LVL289:
2337:Drivers/STM32G4xx_HAL_Driver/Src/stm32g4xx_hal_fdcan.c ****     for (ByteCounter = 0; ByteCounter < DLCtoBytes[pRxHeader->DataLength]; ByteCounter++)
 4516              	 .loc 1 2337 5 view .LVU1611
2338:Drivers/STM32G4xx_HAL_Driver/Src/stm32g4xx_hal_fdcan.c ****     {
 4517              	 .loc 1 2338 5 view .LVU1612
2338:Drivers/STM32G4xx_HAL_Driver/Src/stm32g4xx_hal_fdcan.c ****     {
 4518              	 .loc 1 2338 39 discriminator 1 view .LVU1613
 4519 00c2 BEF1000F 	 cmp lr,#0
 4520 00c6 10D0     	 beq .L422
 4521 00c8 013B     	 subs r3,r3,#1
 4522              	.LVL290:
2338:Drivers/STM32G4xx_HAL_Driver/Src/stm32g4xx_hal_fdcan.c ****     {
 4523              	 .loc 1 2338 39 is_stmt 0 discriminator 1 view .LVU1614
 4524 00ca 04F1070E 	 add lr,r4,#7
 4525              	.LVL291:
 4526              	.L421:
2340:Drivers/STM32G4xx_HAL_Driver/Src/stm32g4xx_hal_fdcan.c ****     }
 4527              	 .loc 1 2340 7 is_stmt 1 view .LVU1615
 4528 00ce F446     	 mov ip,lr
2340:Drivers/STM32G4xx_HAL_Driver/Src/stm32g4xx_hal_fdcan.c ****     }
 4529              	 .loc 1 2340 35 is_stmt 0 view .LVU1616
 4530 00d0 1EF8015F 	 ldrb r5,[lr,#1]!
 4531              	.LVL292:
2340:Drivers/STM32G4xx_HAL_Driver/Src/stm32g4xx_hal_fdcan.c ****     }
 4532              	 .loc 1 2340 28 view .LVU1617
 4533 00d4 03F8015F 	 strb r5,[r3,#1]!
2338:Drivers/STM32G4xx_HAL_Driver/Src/stm32g4xx_hal_fdcan.c ****     {
 4534              	 .loc 1 2338 87 is_stmt 1 discriminator 3 view .LVU1618
 4535              	.LVL293:
2338:Drivers/STM32G4xx_HAL_Driver/Src/stm32g4xx_hal_fdcan.c ****     {
 4536              	 .loc 1 2338 39 discriminator 1 view .LVU1619
2338:Drivers/STM32G4xx_HAL_Driver/Src/stm32g4xx_hal_fdcan.c ****     {
 4537              	 .loc 1 2338 51 is_stmt 0 discriminator 1 view .LVU1620
 4538 00d8 D568     	 ldr r5,[r2,#12]
2338:Drivers/STM32G4xx_HAL_Driver/Src/stm32g4xx_hal_fdcan.c ****     {
 4539              	 .loc 1 2338 39 discriminator 1 view .LVU1621
 4540 00da ACF1060C 	 sub ip,ip,#6
2338:Drivers/STM32G4xx_HAL_Driver/Src/stm32g4xx_hal_fdcan.c ****     {
 4541              	 .loc 1 2338 51 discriminator 1 view .LVU1622
 4542 00de 755D     	 ldrb r5,[r6,r5]
2338:Drivers/STM32G4xx_HAL_Driver/Src/stm32g4xx_hal_fdcan.c ****     {
 4543              	 .loc 1 2338 39 discriminator 1 view .LVU1623
 4544 00e0 ACEB040C 	 sub ip,ip,r4
 4545 00e4 6545     	 cmp r5,ip
ARM GAS   			page 168


 4546 00e6 F2D8     	 bhi .L421
 4547 00e8 0568     	 ldr r5,[r0]
 4548              	.LVL294:
 4549              	.L422:
2343:Drivers/STM32G4xx_HAL_Driver/Src/stm32g4xx_hal_fdcan.c ****     {
 4550              	 .loc 1 2343 5 is_stmt 1 view .LVU1624
2343:Drivers/STM32G4xx_HAL_Driver/Src/stm32g4xx_hal_fdcan.c ****     {
 4551              	 .loc 1 2343 8 is_stmt 0 view .LVU1625
 4552 00ea 4029     	 cmp r1,#64
 4553 00ec 1CD0     	 beq .L435
2351:Drivers/STM32G4xx_HAL_Driver/Src/stm32g4xx_hal_fdcan.c ****     }
 4554              	 .loc 1 2351 7 is_stmt 1 view .LVU1626
2351:Drivers/STM32G4xx_HAL_Driver/Src/stm32g4xx_hal_fdcan.c ****     }
 4555              	 .loc 1 2351 31 is_stmt 0 view .LVU1627
 4556 00ee C5F89C80 	 str r8,[r5,#156]
 4557              	.L423:
2355:Drivers/STM32G4xx_HAL_Driver/Src/stm32g4xx_hal_fdcan.c ****   }
 4558              	 .loc 1 2355 12 view .LVU1628
 4559 00f2 0020     	 movs r0,#0
 4560              	.LVL295:
2355:Drivers/STM32G4xx_HAL_Driver/Src/stm32g4xx_hal_fdcan.c ****   }
 4561              	 .loc 1 2355 12 view .LVU1629
 4562 00f4 9BE7     	 b .L414
 4563              	.LVL296:
 4564              	.L413:
2277:Drivers/STM32G4xx_HAL_Driver/Src/stm32g4xx_hal_fdcan.c ****         {
 4565              	 .loc 1 2277 9 is_stmt 1 view .LVU1630
2277:Drivers/STM32G4xx_HAL_Driver/Src/stm32g4xx_hal_fdcan.c ****         {
 4566              	 .loc 1 2277 31 is_stmt 0 view .LVU1631
 4567 00f6 D5F89840 	 ldr r4,[r5,#152]
2277:Drivers/STM32G4xx_HAL_Driver/Src/stm32g4xx_hal_fdcan.c ****         {
 4568              	 .loc 1 2277 12 view .LVU1632
 4569 00fa 14F08074 	 ands r4,r4,#16777216
2279:Drivers/STM32G4xx_HAL_Driver/Src/stm32g4xx_hal_fdcan.c ****           {
 4570              	 .loc 1 2279 11 is_stmt 1 view .LVU1633
2279:Drivers/STM32G4xx_HAL_Driver/Src/stm32g4xx_hal_fdcan.c ****           {
 4571              	 .loc 1 2279 33 is_stmt 0 view .LVU1634
 4572 00fe 18BF     	 it ne
 4573 0100 D5F88040 	 ldrne r4,[r5,#128]
2287:Drivers/STM32G4xx_HAL_Driver/Src/stm32g4xx_hal_fdcan.c ****         /* Calculate Rx FIFO 1 element address */
 4574              	 .loc 1 2287 39 view .LVU1635
 4575 0104 D5F89870 	 ldr r7,[r5,#152]
2279:Drivers/STM32G4xx_HAL_Driver/Src/stm32g4xx_hal_fdcan.c ****           {
 4576              	 .loc 1 2279 14 view .LVU1636
 4577 0108 18BF     	 it ne
 4578 010a C4F30024 	 ubfxne r4,r4,#8,#1
 4579              	.LVL297:
2287:Drivers/STM32G4xx_HAL_Driver/Src/stm32g4xx_hal_fdcan.c ****         /* Calculate Rx FIFO 1 element address */
 4580              	 .loc 1 2287 9 is_stmt 1 view .LVU1637
2287:Drivers/STM32G4xx_HAL_Driver/Src/stm32g4xx_hal_fdcan.c ****         /* Calculate Rx FIFO 1 element address */
 4581              	 .loc 1 2287 67 is_stmt 0 view .LVU1638
 4582 010e C7F30127 	 ubfx r7,r7,#8,#2
2287:Drivers/STM32G4xx_HAL_Driver/Src/stm32g4xx_hal_fdcan.c ****         /* Calculate Rx FIFO 1 element address */
 4583              	 .loc 1 2287 18 view .LVU1639
 4584 0112 07EB0408 	 add r8,r7,r4
 4585              	.LVL298:
2289:Drivers/STM32G4xx_HAL_Driver/Src/stm32g4xx_hal_fdcan.c ****       }
ARM GAS   			page 169


 4586              	 .loc 1 2289 9 is_stmt 1 view .LVU1640
2289:Drivers/STM32G4xx_HAL_Driver/Src/stm32g4xx_hal_fdcan.c ****       }
 4587              	 .loc 1 2289 59 is_stmt 0 view .LVU1641
 4588 0116 C46C     	 ldr r4,[r0,#76]
2289:Drivers/STM32G4xx_HAL_Driver/Src/stm32g4xx_hal_fdcan.c ****       }
 4589              	 .loc 1 2289 71 view .LVU1642
 4590 0118 08EBC806 	 add r6,r8,r8,lsl#3
2289:Drivers/STM32G4xx_HAL_Driver/Src/stm32g4xx_hal_fdcan.c ****       }
 4591              	 .loc 1 2289 59 view .LVU1643
 4592 011c 04EBC604 	 add r4,r4,r6,lsl#3
 4593 0120 A0E7     	 b .L412
 4594              	.LVL299:
 4595              	.L416:
2303:Drivers/STM32G4xx_HAL_Driver/Src/stm32g4xx_hal_fdcan.c ****     }
 4596              	 .loc 1 2303 7 is_stmt 1 view .LVU1644
2303:Drivers/STM32G4xx_HAL_Driver/Src/stm32g4xx_hal_fdcan.c ****     }
 4597              	 .loc 1 2303 43 is_stmt 0 view .LVU1645
 4598 0122 2CF06046 	 bic r6,ip,#-536870912
 4599 0126 A7E7     	 b .L417
 4600              	.LVL300:
 4601              	.L435:
2346:Drivers/STM32G4xx_HAL_Driver/Src/stm32g4xx_hal_fdcan.c ****     }
 4602              	 .loc 1 2346 7 is_stmt 1 view .LVU1646
2346:Drivers/STM32G4xx_HAL_Driver/Src/stm32g4xx_hal_fdcan.c ****     }
 4603              	 .loc 1 2346 31 is_stmt 0 view .LVU1647
 4604 0128 C5F89480 	 str r8,[r5,#148]
 4605 012c E1E7     	 b .L423
 4606              	.L437:
 4607 012e 00BF     	 .align 2
 4608              	.L436:
 4609 0130 00000000 	 .word DLCtoBytes
 4610              	 .cfi_endproc
 4611              	.LFE408:
 4613              	 .section .text.HAL_FDCAN_GetTxEvent,"ax",%progbits
 4614              	 .align 1
 4615              	 .p2align 2,,3
 4616              	 .global HAL_FDCAN_GetTxEvent
 4617              	 .syntax unified
 4618              	 .thumb
 4619              	 .thumb_func
 4621              	HAL_FDCAN_GetTxEvent:
 4622              	.LVL301:
 4623              	.LFB409:
2374:Drivers/STM32G4xx_HAL_Driver/Src/stm32g4xx_hal_fdcan.c ****   uint32_t *TxEventAddress;
 4624              	 .loc 1 2374 1 is_stmt 1 view-0
 4625              	 .cfi_startproc
 4626              	 
 4627              	 
 4628              	 
2375:Drivers/STM32G4xx_HAL_Driver/Src/stm32g4xx_hal_fdcan.c ****   uint32_t GetIndex;
 4629              	 .loc 1 2375 3 view .LVU1649
2376:Drivers/STM32G4xx_HAL_Driver/Src/stm32g4xx_hal_fdcan.c ****   HAL_FDCAN_StateTypeDef state = hfdcan->State;
 4630              	 .loc 1 2376 3 view .LVU1650
2377:Drivers/STM32G4xx_HAL_Driver/Src/stm32g4xx_hal_fdcan.c **** 
 4631              	 .loc 1 2377 3 view .LVU1651
2377:Drivers/STM32G4xx_HAL_Driver/Src/stm32g4xx_hal_fdcan.c **** 
 4632              	 .loc 1 2377 26 is_stmt 0 view .LVU1652
ARM GAS   			page 170


 4633 0000 90F85C30 	 ldrb r3,[r0,#92]
 4634              	.LVL302:
2379:Drivers/STM32G4xx_HAL_Driver/Src/stm32g4xx_hal_fdcan.c ****   {
 4635              	 .loc 1 2379 3 is_stmt 1 view .LVU1653
2379:Drivers/STM32G4xx_HAL_Driver/Src/stm32g4xx_hal_fdcan.c ****   {
 4636              	 .loc 1 2379 6 is_stmt 0 view .LVU1654
 4637 0004 022B     	 cmp r3,#2
 4638 0006 0CD1     	 bne .L439
2382:Drivers/STM32G4xx_HAL_Driver/Src/stm32g4xx_hal_fdcan.c ****     {
 4639              	 .loc 1 2382 5 is_stmt 1 view .LVU1655
2374:Drivers/STM32G4xx_HAL_Driver/Src/stm32g4xx_hal_fdcan.c ****   uint32_t *TxEventAddress;
 4640              	 .loc 1 2374 1 is_stmt 0 view .LVU1656
 4641 0008 70B4     	 push {r4,r5,r6}
 4642              	 .cfi_def_cfa_offset 12
 4643              	 .cfi_offset 4,-12
 4644              	 .cfi_offset 5,-8
 4645              	 .cfi_offset 6,-4
2382:Drivers/STM32G4xx_HAL_Driver/Src/stm32g4xx_hal_fdcan.c ****     {
 4646              	 .loc 1 2382 16 view .LVU1657
 4647 000a 0468     	 ldr r4,[r0]
2382:Drivers/STM32G4xx_HAL_Driver/Src/stm32g4xx_hal_fdcan.c ****     {
 4648              	 .loc 1 2382 26 view .LVU1658
 4649 000c D4F8E430 	 ldr r3,[r4,#228]
 4650              	.LVL303:
2382:Drivers/STM32G4xx_HAL_Driver/Src/stm32g4xx_hal_fdcan.c ****     {
 4651              	 .loc 1 2382 8 view .LVU1659
 4652 0010 5B07     	 lsls r3,r3,#29
 4653 0012 0CD1     	 bne .L451
2385:Drivers/STM32G4xx_HAL_Driver/Src/stm32g4xx_hal_fdcan.c **** 
 4654              	 .loc 1 2385 7 is_stmt 1 view .LVU1660
2385:Drivers/STM32G4xx_HAL_Driver/Src/stm32g4xx_hal_fdcan.c **** 
 4655              	 .loc 1 2385 13 is_stmt 0 view .LVU1661
 4656 0014 036E     	 ldr r3,[r0,#96]
2385:Drivers/STM32G4xx_HAL_Driver/Src/stm32g4xx_hal_fdcan.c **** 
 4657              	 .loc 1 2385 25 view .LVU1662
 4658 0016 43F48073 	 orr r3,r3,#256
 4659 001a 0366     	 str r3,[r0,#96]
2387:Drivers/STM32G4xx_HAL_Driver/Src/stm32g4xx_hal_fdcan.c ****     }
 4660              	 .loc 1 2387 7 is_stmt 1 view .LVU1663
2447:Drivers/STM32G4xx_HAL_Driver/Src/stm32g4xx_hal_fdcan.c **** 
 4661              	 .loc 1 2447 1 is_stmt 0 view .LVU1664
 4662 001c 70BC     	 pop {r4,r5,r6}
 4663              	 .cfi_restore 6
 4664              	 .cfi_restore 5
 4665              	 .cfi_restore 4
 4666              	 .cfi_def_cfa_offset 0
2387:Drivers/STM32G4xx_HAL_Driver/Src/stm32g4xx_hal_fdcan.c ****     }
 4667              	 .loc 1 2387 14 view .LVU1665
 4668 001e 0120     	 movs r0,#1
 4669              	.LVL304:
2447:Drivers/STM32G4xx_HAL_Driver/Src/stm32g4xx_hal_fdcan.c **** 
 4670              	 .loc 1 2447 1 view .LVU1666
 4671 0020 7047     	 bx lr
 4672              	.LVL305:
 4673              	.L439:
2443:Drivers/STM32G4xx_HAL_Driver/Src/stm32g4xx_hal_fdcan.c **** 
 4674              	 .loc 1 2443 5 is_stmt 1 view .LVU1667
ARM GAS   			page 171


2443:Drivers/STM32G4xx_HAL_Driver/Src/stm32g4xx_hal_fdcan.c **** 
 4675              	 .loc 1 2443 11 is_stmt 0 view .LVU1668
 4676 0022 036E     	 ldr r3,[r0,#96]
 4677              	.LVL306:
2443:Drivers/STM32G4xx_HAL_Driver/Src/stm32g4xx_hal_fdcan.c **** 
 4678              	 .loc 1 2443 23 view .LVU1669
 4679 0024 43F00803 	 orr r3,r3,#8
 4680 0028 0366     	 str r3,[r0,#96]
2445:Drivers/STM32G4xx_HAL_Driver/Src/stm32g4xx_hal_fdcan.c ****   }
 4681              	 .loc 1 2445 5 is_stmt 1 view .LVU1670
2387:Drivers/STM32G4xx_HAL_Driver/Src/stm32g4xx_hal_fdcan.c ****     }
 4682              	 .loc 1 2387 14 is_stmt 0 view .LVU1671
 4683 002a 0120     	 movs r0,#1
 4684              	.LVL307:
2447:Drivers/STM32G4xx_HAL_Driver/Src/stm32g4xx_hal_fdcan.c **** 
 4685              	 .loc 1 2447 1 view .LVU1672
 4686 002c 7047     	 bx lr
 4687              	.LVL308:
 4688              	.L451:
 4689              	 .cfi_def_cfa_offset 12
 4690              	 .cfi_offset 4,-12
 4691              	 .cfi_offset 5,-8
 4692              	 .cfi_offset 6,-4
2391:Drivers/STM32G4xx_HAL_Driver/Src/stm32g4xx_hal_fdcan.c ****     TxEventAddress = (uint32_t *)(hfdcan->msgRam.TxEventFIFOSA + (GetIndex * SRAMCAN_TEF_SIZE));
 4693              	 .loc 1 2391 5 is_stmt 1 view .LVU1673
2391:Drivers/STM32G4xx_HAL_Driver/Src/stm32g4xx_hal_fdcan.c ****     TxEventAddress = (uint32_t *)(hfdcan->msgRam.TxEventFIFOSA + (GetIndex * SRAMCAN_TEF_SIZE));
 4694              	 .loc 1 2391 34 is_stmt 0 view .LVU1674
 4695 002e D4F8E430 	 ldr r3,[r4,#228]
2392:Drivers/STM32G4xx_HAL_Driver/Src/stm32g4xx_hal_fdcan.c **** 
 4696              	 .loc 1 2392 64 view .LVU1675
 4697 0032 006D     	 ldr r0,[r0,#80]
 4698              	.LVL309:
2391:Drivers/STM32G4xx_HAL_Driver/Src/stm32g4xx_hal_fdcan.c ****     TxEventAddress = (uint32_t *)(hfdcan->msgRam.TxEventFIFOSA + (GetIndex * SRAMCAN_TEF_SIZE));
 4699              	 .loc 1 2391 14 view .LVU1676
 4700 0034 C3F30123 	 ubfx r3,r3,#8,#2
 4701              	.LVL310:
2392:Drivers/STM32G4xx_HAL_Driver/Src/stm32g4xx_hal_fdcan.c **** 
 4702              	 .loc 1 2392 5 is_stmt 1 view .LVU1677
2392:Drivers/STM32G4xx_HAL_Driver/Src/stm32g4xx_hal_fdcan.c **** 
 4703              	 .loc 1 2392 64 is_stmt 0 view .LVU1678
 4704 0038 00EBC302 	 add r2,r0,r3,lsl#3
 4705              	.LVL311:
2395:Drivers/STM32G4xx_HAL_Driver/Src/stm32g4xx_hal_fdcan.c **** 
 4706              	 .loc 1 2395 5 is_stmt 1 view .LVU1679
2395:Drivers/STM32G4xx_HAL_Driver/Src/stm32g4xx_hal_fdcan.c **** 
 4707              	 .loc 1 2395 40 is_stmt 0 view .LVU1680
 4708 003c 50F83350 	 ldr r5,[r0,r3,lsl#3]
 4709 0040 05F08045 	 and r5,r5,#1073741824
2395:Drivers/STM32G4xx_HAL_Driver/Src/stm32g4xx_hal_fdcan.c **** 
 4710              	 .loc 1 2395 22 view .LVU1681
 4711 0044 4D60     	 str r5,[r1,#4]
2398:Drivers/STM32G4xx_HAL_Driver/Src/stm32g4xx_hal_fdcan.c ****     {
 4712              	 .loc 1 2398 5 is_stmt 1 view .LVU1682
2400:Drivers/STM32G4xx_HAL_Driver/Src/stm32g4xx_hal_fdcan.c ****     }
 4713              	 .loc 1 2400 32 is_stmt 0 view .LVU1683
 4714 0046 50F83360 	 ldr r6,[r0,r3,lsl#3]
2398:Drivers/STM32G4xx_HAL_Driver/Src/stm32g4xx_hal_fdcan.c ****     {
ARM GAS   			page 172


 4715              	 .loc 1 2398 8 view .LVU1684
 4716 004a 2DB3     	 cbz r5,.L452
2404:Drivers/STM32G4xx_HAL_Driver/Src/stm32g4xx_hal_fdcan.c ****     }
 4717              	 .loc 1 2404 7 is_stmt 1 view .LVU1685
2404:Drivers/STM32G4xx_HAL_Driver/Src/stm32g4xx_hal_fdcan.c ****     }
 4718              	 .loc 1 2404 47 is_stmt 0 view .LVU1686
 4719 004c 26F06046 	 bic r6,r6,#-536870912
 4720              	.L443:
 4721 0050 0E60     	 str r6,[r1]
2408:Drivers/STM32G4xx_HAL_Driver/Src/stm32g4xx_hal_fdcan.c **** 
 4722              	 .loc 1 2408 5 is_stmt 1 view .LVU1687
2408:Drivers/STM32G4xx_HAL_Driver/Src/stm32g4xx_hal_fdcan.c **** 
 4723              	 .loc 1 2408 46 is_stmt 0 view .LVU1688
 4724 0052 50F83350 	 ldr r5,[r0,r3,lsl#3]
 4725 0056 05F00055 	 and r5,r5,#536870912
2408:Drivers/STM32G4xx_HAL_Driver/Src/stm32g4xx_hal_fdcan.c **** 
 4726              	 .loc 1 2408 27 view .LVU1689
 4727 005a 8D60     	 str r5,[r1,#8]
2411:Drivers/STM32G4xx_HAL_Driver/Src/stm32g4xx_hal_fdcan.c **** 
 4728              	 .loc 1 2411 5 is_stmt 1 view .LVU1690
2411:Drivers/STM32G4xx_HAL_Driver/Src/stm32g4xx_hal_fdcan.c **** 
 4729              	 .loc 1 2411 54 is_stmt 0 view .LVU1691
 4730 005c 50F83300 	 ldr r0,[r0,r3,lsl#3]
 4731 0060 00F00040 	 and r0,r0,#-2147483648
2411:Drivers/STM32G4xx_HAL_Driver/Src/stm32g4xx_hal_fdcan.c **** 
 4732              	 .loc 1 2411 35 view .LVU1692
 4733 0064 0861     	 str r0,[r1,#16]
2414:Drivers/STM32G4xx_HAL_Driver/Src/stm32g4xx_hal_fdcan.c **** 
 4734              	 .loc 1 2414 5 is_stmt 1 view .LVU1693
 4735              	.LVL312:
2417:Drivers/STM32G4xx_HAL_Driver/Src/stm32g4xx_hal_fdcan.c **** 
 4736              	 .loc 1 2417 5 view .LVU1694
2417:Drivers/STM32G4xx_HAL_Driver/Src/stm32g4xx_hal_fdcan.c **** 
 4737              	 .loc 1 2417 46 is_stmt 0 view .LVU1695
 4738 0066 9088     	 ldrh r0,[r2,#4]
2417:Drivers/STM32G4xx_HAL_Driver/Src/stm32g4xx_hal_fdcan.c **** 
 4739              	 .loc 1 2417 27 view .LVU1696
 4740 0068 C861     	 str r0,[r1,#28]
2420:Drivers/STM32G4xx_HAL_Driver/Src/stm32g4xx_hal_fdcan.c **** 
 4741              	 .loc 1 2420 5 is_stmt 1 view .LVU1697
2420:Drivers/STM32G4xx_HAL_Driver/Src/stm32g4xx_hal_fdcan.c **** 
 4742              	 .loc 1 2420 72 is_stmt 0 view .LVU1698
 4743 006a D088     	 ldrh r0,[r2,#6]
 4744 006c 00F00F00 	 and r0,r0,#15
2420:Drivers/STM32G4xx_HAL_Driver/Src/stm32g4xx_hal_fdcan.c **** 
 4745              	 .loc 1 2420 26 view .LVU1699
 4746 0070 C860     	 str r0,[r1,#12]
2423:Drivers/STM32G4xx_HAL_Driver/Src/stm32g4xx_hal_fdcan.c **** 
 4747              	 .loc 1 2423 5 is_stmt 1 view .LVU1700
2423:Drivers/STM32G4xx_HAL_Driver/Src/stm32g4xx_hal_fdcan.c **** 
 4748              	 .loc 1 2423 48 is_stmt 0 view .LVU1701
 4749 0072 5068     	 ldr r0,[r2,#4]
 4750 0074 00F48010 	 and r0,r0,#1048576
2423:Drivers/STM32G4xx_HAL_Driver/Src/stm32g4xx_hal_fdcan.c **** 
 4751              	 .loc 1 2423 29 view .LVU1702
 4752 0078 4861     	 str r0,[r1,#20]
2426:Drivers/STM32G4xx_HAL_Driver/Src/stm32g4xx_hal_fdcan.c **** 
ARM GAS   			page 173


 4753              	 .loc 1 2426 5 is_stmt 1 view .LVU1703
2426:Drivers/STM32G4xx_HAL_Driver/Src/stm32g4xx_hal_fdcan.c **** 
 4754              	 .loc 1 2426 43 is_stmt 0 view .LVU1704
 4755 007a 5068     	 ldr r0,[r2,#4]
 4756 007c 00F40010 	 and r0,r0,#2097152
2426:Drivers/STM32G4xx_HAL_Driver/Src/stm32g4xx_hal_fdcan.c **** 
 4757              	 .loc 1 2426 24 view .LVU1705
 4758 0080 8861     	 str r0,[r1,#24]
2429:Drivers/STM32G4xx_HAL_Driver/Src/stm32g4xx_hal_fdcan.c **** 
 4759              	 .loc 1 2429 5 is_stmt 1 view .LVU1706
2429:Drivers/STM32G4xx_HAL_Driver/Src/stm32g4xx_hal_fdcan.c **** 
 4760              	 .loc 1 2429 44 is_stmt 0 view .LVU1707
 4761 0082 5068     	 ldr r0,[r2,#4]
 4762 0084 00F44000 	 and r0,r0,#12582912
2429:Drivers/STM32G4xx_HAL_Driver/Src/stm32g4xx_hal_fdcan.c **** 
 4763              	 .loc 1 2429 25 view .LVU1708
 4764 0088 4862     	 str r0,[r1,#36]
2432:Drivers/STM32G4xx_HAL_Driver/Src/stm32g4xx_hal_fdcan.c **** 
 4765              	 .loc 1 2432 5 is_stmt 1 view .LVU1709
2432:Drivers/STM32G4xx_HAL_Driver/Src/stm32g4xx_hal_fdcan.c **** 
 4766              	 .loc 1 2432 74 is_stmt 0 view .LVU1710
 4767 008a D279     	 ldrb r2,[r2,#7]
 4768              	.LVL313:
2432:Drivers/STM32G4xx_HAL_Driver/Src/stm32g4xx_hal_fdcan.c **** 
 4769              	 .loc 1 2432 29 view .LVU1711
 4770 008c 0A62     	 str r2,[r1,#32]
2435:Drivers/STM32G4xx_HAL_Driver/Src/stm32g4xx_hal_fdcan.c **** 
 4771              	 .loc 1 2435 5 is_stmt 1 view .LVU1712
2438:Drivers/STM32G4xx_HAL_Driver/Src/stm32g4xx_hal_fdcan.c ****   }
 4772              	 .loc 1 2438 12 is_stmt 0 view .LVU1713
 4773 008e 0020     	 movs r0,#0
2435:Drivers/STM32G4xx_HAL_Driver/Src/stm32g4xx_hal_fdcan.c **** 
 4774              	 .loc 1 2435 29 view .LVU1714
 4775 0090 C4F8E830 	 str r3,[r4,#232]
2438:Drivers/STM32G4xx_HAL_Driver/Src/stm32g4xx_hal_fdcan.c ****   }
 4776              	 .loc 1 2438 5 is_stmt 1 view .LVU1715
2447:Drivers/STM32G4xx_HAL_Driver/Src/stm32g4xx_hal_fdcan.c **** 
 4777              	 .loc 1 2447 1 is_stmt 0 view .LVU1716
 4778 0094 70BC     	 pop {r4,r5,r6}
 4779              	 .cfi_remember_state
 4780              	 .cfi_restore 6
 4781              	 .cfi_restore 5
 4782              	 .cfi_restore 4
 4783              	 .cfi_def_cfa_offset 0
 4784 0096 7047     	 bx lr
 4785              	.LVL314:
 4786              	.L452:
 4787              	 .cfi_restore_state
2400:Drivers/STM32G4xx_HAL_Driver/Src/stm32g4xx_hal_fdcan.c ****     }
 4788              	 .loc 1 2400 7 is_stmt 1 view .LVU1717
2400:Drivers/STM32G4xx_HAL_Driver/Src/stm32g4xx_hal_fdcan.c ****     }
 4789              	 .loc 1 2400 76 is_stmt 0 view .LVU1718
 4790 0098 C6F38A46 	 ubfx r6,r6,#18,#11
 4791 009c D8E7     	 b .L443
 4792              	 .cfi_endproc
 4793              	.LFE409:
 4795 009e 00BF     	 .section .text.HAL_FDCAN_GetHighPriorityMessageStatus,"ax",%progbits
ARM GAS   			page 174


 4796              	 .align 1
 4797              	 .p2align 2,,3
 4798              	 .global HAL_FDCAN_GetHighPriorityMessageStatus
 4799              	 .syntax unified
 4800              	 .thumb
 4801              	 .thumb_func
 4803              	HAL_FDCAN_GetHighPriorityMessageStatus:
 4804              	.LVL315:
 4805              	.LFB410:
2458:Drivers/STM32G4xx_HAL_Driver/Src/stm32g4xx_hal_fdcan.c ****   HpMsgStatus->FilterList = ((hfdcan->Instance->HPMS & FDCAN_HPMS_FLST) >> FDCAN_HPMS_FLST_Pos);
 4806              	 .loc 1 2458 1 is_stmt 1 view-0
 4807              	 .cfi_startproc
 4808              	 
 4809              	 
 4810              	 
2459:Drivers/STM32G4xx_HAL_Driver/Src/stm32g4xx_hal_fdcan.c ****   HpMsgStatus->FilterIndex = ((hfdcan->Instance->HPMS & FDCAN_HPMS_FIDX) >> FDCAN_HPMS_FIDX_Pos);
 4811              	 .loc 1 2459 3 view .LVU1720
2459:Drivers/STM32G4xx_HAL_Driver/Src/stm32g4xx_hal_fdcan.c ****   HpMsgStatus->FilterIndex = ((hfdcan->Instance->HPMS & FDCAN_HPMS_FIDX) >> FDCAN_HPMS_FIDX_Pos);
 4812              	 .loc 1 2459 37 is_stmt 0 view .LVU1721
 4813 0000 0368     	 ldr r3,[r0]
2458:Drivers/STM32G4xx_HAL_Driver/Src/stm32g4xx_hal_fdcan.c ****   HpMsgStatus->FilterList = ((hfdcan->Instance->HPMS & FDCAN_HPMS_FLST) >> FDCAN_HPMS_FLST_Pos);
 4814              	 .loc 1 2458 1 view .LVU1722
 4815 0002 10B4     	 push {r4}
 4816              	 .cfi_def_cfa_offset 4
 4817              	 .cfi_offset 4,-4
2459:Drivers/STM32G4xx_HAL_Driver/Src/stm32g4xx_hal_fdcan.c ****   HpMsgStatus->FilterIndex = ((hfdcan->Instance->HPMS & FDCAN_HPMS_FIDX) >> FDCAN_HPMS_FIDX_Pos);
 4818              	 .loc 1 2459 47 view .LVU1723
 4819 0004 D3F88840 	 ldr r4,[r3,#136]
2460:Drivers/STM32G4xx_HAL_Driver/Src/stm32g4xx_hal_fdcan.c ****   HpMsgStatus->MessageStorage = (hfdcan->Instance->HPMS & FDCAN_HPMS_MSI);
 4820              	 .loc 1 2460 48 view .LVU1724
 4821 0008 D3F88800 	 ldr r0,[r3,#136]
 4822              	.LVL316:
2461:Drivers/STM32G4xx_HAL_Driver/Src/stm32g4xx_hal_fdcan.c ****   HpMsgStatus->MessageIndex = (hfdcan->Instance->HPMS & FDCAN_HPMS_BIDX);
 4823              	 .loc 1 2461 50 view .LVU1725
 4824 000c D3F88820 	 ldr r2,[r3,#136]
2462:Drivers/STM32G4xx_HAL_Driver/Src/stm32g4xx_hal_fdcan.c **** 
 4825              	 .loc 1 2462 48 view .LVU1726
 4826 0010 D3F88830 	 ldr r3,[r3,#136]
2459:Drivers/STM32G4xx_HAL_Driver/Src/stm32g4xx_hal_fdcan.c ****   HpMsgStatus->FilterIndex = ((hfdcan->Instance->HPMS & FDCAN_HPMS_FIDX) >> FDCAN_HPMS_FIDX_Pos);
 4827              	 .loc 1 2459 73 view .LVU1727
 4828 0014 C4F3C034 	 ubfx r4,r4,#15,#1
2460:Drivers/STM32G4xx_HAL_Driver/Src/stm32g4xx_hal_fdcan.c ****   HpMsgStatus->MessageStorage = (hfdcan->Instance->HPMS & FDCAN_HPMS_MSI);
 4829              	 .loc 1 2460 74 view .LVU1728
 4830 0018 C0F30420 	 ubfx r0,r0,#8,#5
2461:Drivers/STM32G4xx_HAL_Driver/Src/stm32g4xx_hal_fdcan.c ****   HpMsgStatus->MessageIndex = (hfdcan->Instance->HPMS & FDCAN_HPMS_BIDX);
 4831              	 .loc 1 2461 57 view .LVU1729
 4832 001c 02F0C002 	 and r2,r2,#192
2462:Drivers/STM32G4xx_HAL_Driver/Src/stm32g4xx_hal_fdcan.c **** 
 4833              	 .loc 1 2462 55 view .LVU1730
 4834 0020 03F00703 	 and r3,r3,#7
2460:Drivers/STM32G4xx_HAL_Driver/Src/stm32g4xx_hal_fdcan.c ****   HpMsgStatus->MessageStorage = (hfdcan->Instance->HPMS & FDCAN_HPMS_MSI);
 4835              	 .loc 1 2460 28 view .LVU1731
 4836 0024 C1E90040 	 strd r4,r0,[r1]
2461:Drivers/STM32G4xx_HAL_Driver/Src/stm32g4xx_hal_fdcan.c ****   HpMsgStatus->MessageIndex = (hfdcan->Instance->HPMS & FDCAN_HPMS_BIDX);
 4837              	 .loc 1 2461 3 is_stmt 1 view .LVU1732
2462:Drivers/STM32G4xx_HAL_Driver/Src/stm32g4xx_hal_fdcan.c **** 
 4838              	 .loc 1 2462 29 is_stmt 0 view .LVU1733
ARM GAS   			page 175


 4839 0028 C1E90223 	 strd r2,r3,[r1,#8]
2465:Drivers/STM32G4xx_HAL_Driver/Src/stm32g4xx_hal_fdcan.c **** }
 4840              	 .loc 1 2465 3 is_stmt 1 view .LVU1734
2466:Drivers/STM32G4xx_HAL_Driver/Src/stm32g4xx_hal_fdcan.c **** 
 4841              	 .loc 1 2466 1 is_stmt 0 view .LVU1735
 4842 002c 0020     	 movs r0,#0
 4843 002e 5DF8044B 	 ldr r4,[sp],#4
 4844              	 .cfi_restore 4
 4845              	 .cfi_def_cfa_offset 0
 4846 0032 7047     	 bx lr
 4847              	 .cfi_endproc
 4848              	.LFE410:
 4850              	 .section .text.HAL_FDCAN_GetProtocolStatus,"ax",%progbits
 4851              	 .align 1
 4852              	 .p2align 2,,3
 4853              	 .global HAL_FDCAN_GetProtocolStatus
 4854              	 .syntax unified
 4855              	 .thumb
 4856              	 .thumb_func
 4858              	HAL_FDCAN_GetProtocolStatus:
 4859              	.LVL317:
 4860              	.LFB411:
2477:Drivers/STM32G4xx_HAL_Driver/Src/stm32g4xx_hal_fdcan.c ****   uint32_t StatusReg;
 4861              	 .loc 1 2477 1 is_stmt 1 view-0
 4862              	 .cfi_startproc
 4863              	 
 4864              	 
 4865              	 
2478:Drivers/STM32G4xx_HAL_Driver/Src/stm32g4xx_hal_fdcan.c **** 
 4866              	 .loc 1 2478 3 view .LVU1737
2481:Drivers/STM32G4xx_HAL_Driver/Src/stm32g4xx_hal_fdcan.c **** 
 4867              	 .loc 1 2481 3 view .LVU1738
2481:Drivers/STM32G4xx_HAL_Driver/Src/stm32g4xx_hal_fdcan.c **** 
 4868              	 .loc 1 2481 15 is_stmt 0 view .LVU1739
 4869 0000 0368     	 ldr r3,[r0]
2481:Drivers/STM32G4xx_HAL_Driver/Src/stm32g4xx_hal_fdcan.c **** 
 4870              	 .loc 1 2481 13 view .LVU1740
 4871 0002 5B6C     	 ldr r3,[r3,#68]
 4872              	.LVL318:
2484:Drivers/STM32G4xx_HAL_Driver/Src/stm32g4xx_hal_fdcan.c ****   ProtocolStatus->DataLastErrorCode = ((StatusReg & FDCAN_PSR_DLEC) >> FDCAN_PSR_DLEC_Pos);
 4873              	 .loc 1 2484 3 is_stmt 1 view .LVU1741
2477:Drivers/STM32G4xx_HAL_Driver/Src/stm32g4xx_hal_fdcan.c ****   uint32_t StatusReg;
 4874              	 .loc 1 2477 1 is_stmt 0 view .LVU1742
 4875 0004 10B4     	 push {r4}
 4876              	 .cfi_def_cfa_offset 4
 4877              	 .cfi_offset 4,-4
2485:Drivers/STM32G4xx_HAL_Driver/Src/stm32g4xx_hal_fdcan.c ****   ProtocolStatus->Activity = (StatusReg & FDCAN_PSR_ACT);
 4878              	 .loc 1 2485 69 view .LVU1743
 4879 0006 C3F30222 	 ubfx r2,r3,#8,#3
2484:Drivers/STM32G4xx_HAL_Driver/Src/stm32g4xx_hal_fdcan.c ****   ProtocolStatus->DataLastErrorCode = ((StatusReg & FDCAN_PSR_DLEC) >> FDCAN_PSR_DLEC_Pos);
 4880              	 .loc 1 2484 46 view .LVU1744
 4881 000a 03F00704 	 and r4,r3,#7
2485:Drivers/STM32G4xx_HAL_Driver/Src/stm32g4xx_hal_fdcan.c ****   ProtocolStatus->Activity = (StatusReg & FDCAN_PSR_ACT);
 4882              	 .loc 1 2485 37 view .LVU1745
 4883 000e C1E90042 	 strd r4,r2,[r1]
2486:Drivers/STM32G4xx_HAL_Driver/Src/stm32g4xx_hal_fdcan.c ****   ProtocolStatus->ErrorPassive = ((StatusReg & FDCAN_PSR_EP) >> FDCAN_PSR_EP_Pos);
 4884              	 .loc 1 2486 3 is_stmt 1 view .LVU1746
ARM GAS   			page 176


2486:Drivers/STM32G4xx_HAL_Driver/Src/stm32g4xx_hal_fdcan.c ****   ProtocolStatus->ErrorPassive = ((StatusReg & FDCAN_PSR_EP) >> FDCAN_PSR_EP_Pos);
 4885              	 .loc 1 2486 41 is_stmt 0 view .LVU1747
 4886 0012 03F01804 	 and r4,r3,#24
2487:Drivers/STM32G4xx_HAL_Driver/Src/stm32g4xx_hal_fdcan.c ****   ProtocolStatus->Warning = ((StatusReg & FDCAN_PSR_EW) >> FDCAN_PSR_EW_Pos);
 4887              	 .loc 1 2487 62 view .LVU1748
 4888 0016 C3F34012 	 ubfx r2,r3,#5,#1
2487:Drivers/STM32G4xx_HAL_Driver/Src/stm32g4xx_hal_fdcan.c ****   ProtocolStatus->Warning = ((StatusReg & FDCAN_PSR_EW) >> FDCAN_PSR_EW_Pos);
 4889              	 .loc 1 2487 32 view .LVU1749
 4890 001a C1E90242 	 strd r4,r2,[r1,#8]
2488:Drivers/STM32G4xx_HAL_Driver/Src/stm32g4xx_hal_fdcan.c ****   ProtocolStatus->BusOff = ((StatusReg & FDCAN_PSR_BO) >> FDCAN_PSR_BO_Pos);
 4891              	 .loc 1 2488 3 is_stmt 1 view .LVU1750
2488:Drivers/STM32G4xx_HAL_Driver/Src/stm32g4xx_hal_fdcan.c ****   ProtocolStatus->BusOff = ((StatusReg & FDCAN_PSR_BO) >> FDCAN_PSR_BO_Pos);
 4892              	 .loc 1 2488 57 is_stmt 0 view .LVU1751
 4893 001e C3F38014 	 ubfx r4,r3,#6,#1
2489:Drivers/STM32G4xx_HAL_Driver/Src/stm32g4xx_hal_fdcan.c ****   ProtocolStatus->RxESIflag = ((StatusReg & FDCAN_PSR_RESI) >> FDCAN_PSR_RESI_Pos);
 4894              	 .loc 1 2489 56 view .LVU1752
 4895 0022 C3F3C012 	 ubfx r2,r3,#7,#1
2489:Drivers/STM32G4xx_HAL_Driver/Src/stm32g4xx_hal_fdcan.c ****   ProtocolStatus->RxESIflag = ((StatusReg & FDCAN_PSR_RESI) >> FDCAN_PSR_RESI_Pos);
 4896              	 .loc 1 2489 26 view .LVU1753
 4897 0026 C1E90442 	 strd r4,r2,[r1,#16]
2490:Drivers/STM32G4xx_HAL_Driver/Src/stm32g4xx_hal_fdcan.c ****   ProtocolStatus->RxBRSflag = ((StatusReg & FDCAN_PSR_RBRS) >> FDCAN_PSR_RBRS_Pos);
 4898              	 .loc 1 2490 3 is_stmt 1 view .LVU1754
2490:Drivers/STM32G4xx_HAL_Driver/Src/stm32g4xx_hal_fdcan.c ****   ProtocolStatus->RxBRSflag = ((StatusReg & FDCAN_PSR_RBRS) >> FDCAN_PSR_RBRS_Pos);
 4899              	 .loc 1 2490 61 is_stmt 0 view .LVU1755
 4900 002a C3F3C024 	 ubfx r4,r3,#11,#1
2491:Drivers/STM32G4xx_HAL_Driver/Src/stm32g4xx_hal_fdcan.c ****   ProtocolStatus->RxFDFflag = ((StatusReg & FDCAN_PSR_REDL) >> FDCAN_PSR_REDL_Pos);
 4901              	 .loc 1 2491 61 view .LVU1756
 4902 002e C3F30032 	 ubfx r2,r3,#12,#1
2491:Drivers/STM32G4xx_HAL_Driver/Src/stm32g4xx_hal_fdcan.c ****   ProtocolStatus->RxFDFflag = ((StatusReg & FDCAN_PSR_REDL) >> FDCAN_PSR_REDL_Pos);
 4903              	 .loc 1 2491 29 view .LVU1757
 4904 0032 C1E90642 	 strd r4,r2,[r1,#24]
2492:Drivers/STM32G4xx_HAL_Driver/Src/stm32g4xx_hal_fdcan.c ****   ProtocolStatus->ProtocolException = ((StatusReg & FDCAN_PSR_PXE) >> FDCAN_PSR_PXE_Pos);
 4905              	 .loc 1 2492 3 is_stmt 1 view .LVU1758
2492:Drivers/STM32G4xx_HAL_Driver/Src/stm32g4xx_hal_fdcan.c ****   ProtocolStatus->ProtocolException = ((StatusReg & FDCAN_PSR_PXE) >> FDCAN_PSR_PXE_Pos);
 4906              	 .loc 1 2492 61 is_stmt 0 view .LVU1759
 4907 0036 C3F34034 	 ubfx r4,r3,#13,#1
2493:Drivers/STM32G4xx_HAL_Driver/Src/stm32g4xx_hal_fdcan.c ****   ProtocolStatus->TDCvalue = ((StatusReg & FDCAN_PSR_TDCV) >> FDCAN_PSR_TDCV_Pos);
 4908              	 .loc 1 2493 68 view .LVU1760
 4909 003a C3F38032 	 ubfx r2,r3,#14,#1
2494:Drivers/STM32G4xx_HAL_Driver/Src/stm32g4xx_hal_fdcan.c **** 
 4910              	 .loc 1 2494 60 view .LVU1761
 4911 003e C3F30643 	 ubfx r3,r3,#16,#7
 4912              	.LVL319:
2493:Drivers/STM32G4xx_HAL_Driver/Src/stm32g4xx_hal_fdcan.c ****   ProtocolStatus->TDCvalue = ((StatusReg & FDCAN_PSR_TDCV) >> FDCAN_PSR_TDCV_Pos);
 4913              	 .loc 1 2493 37 view .LVU1762
 4914 0042 C1E90842 	 strd r4,r2,[r1,#32]
2494:Drivers/STM32G4xx_HAL_Driver/Src/stm32g4xx_hal_fdcan.c **** 
 4915              	 .loc 1 2494 3 is_stmt 1 view .LVU1763
2498:Drivers/STM32G4xx_HAL_Driver/Src/stm32g4xx_hal_fdcan.c **** 
 4916              	 .loc 1 2498 1 is_stmt 0 view .LVU1764
 4917 0046 0020     	 movs r0,#0
 4918              	.LVL320:
2498:Drivers/STM32G4xx_HAL_Driver/Src/stm32g4xx_hal_fdcan.c **** 
 4919              	 .loc 1 2498 1 view .LVU1765
 4920 0048 5DF8044B 	 ldr r4,[sp],#4
 4921              	 .cfi_restore 4
 4922              	 .cfi_def_cfa_offset 0
ARM GAS   			page 177


2494:Drivers/STM32G4xx_HAL_Driver/Src/stm32g4xx_hal_fdcan.c **** 
 4923              	 .loc 1 2494 28 view .LVU1766
 4924 004c 8B62     	 str r3,[r1,#40]
2497:Drivers/STM32G4xx_HAL_Driver/Src/stm32g4xx_hal_fdcan.c **** }
 4925              	 .loc 1 2497 3 is_stmt 1 view .LVU1767
2498:Drivers/STM32G4xx_HAL_Driver/Src/stm32g4xx_hal_fdcan.c **** 
 4926              	 .loc 1 2498 1 is_stmt 0 view .LVU1768
 4927 004e 7047     	 bx lr
 4928              	 .cfi_endproc
 4929              	.LFE411:
 4931              	 .section .text.HAL_FDCAN_GetErrorCounters,"ax",%progbits
 4932              	 .align 1
 4933              	 .p2align 2,,3
 4934              	 .global HAL_FDCAN_GetErrorCounters
 4935              	 .syntax unified
 4936              	 .thumb
 4937              	 .thumb_func
 4939              	HAL_FDCAN_GetErrorCounters:
 4940              	.LVL321:
 4941              	.LFB412:
2509:Drivers/STM32G4xx_HAL_Driver/Src/stm32g4xx_hal_fdcan.c ****   uint32_t CountersReg;
 4942              	 .loc 1 2509 1 is_stmt 1 view-0
 4943              	 .cfi_startproc
 4944              	 
 4945              	 
 4946              	 
2510:Drivers/STM32G4xx_HAL_Driver/Src/stm32g4xx_hal_fdcan.c **** 
 4947              	 .loc 1 2510 3 view .LVU1770
2513:Drivers/STM32G4xx_HAL_Driver/Src/stm32g4xx_hal_fdcan.c **** 
 4948              	 .loc 1 2513 3 view .LVU1771
2513:Drivers/STM32G4xx_HAL_Driver/Src/stm32g4xx_hal_fdcan.c **** 
 4949              	 .loc 1 2513 17 is_stmt 0 view .LVU1772
 4950 0000 0368     	 ldr r3,[r0]
2513:Drivers/STM32G4xx_HAL_Driver/Src/stm32g4xx_hal_fdcan.c **** 
 4951              	 .loc 1 2513 15 view .LVU1773
 4952 0002 1B6C     	 ldr r3,[r3,#64]
 4953              	.LVL322:
2516:Drivers/STM32G4xx_HAL_Driver/Src/stm32g4xx_hal_fdcan.c ****   ErrorCounters->RxErrorCnt = ((CountersReg & FDCAN_ECR_REC) >> FDCAN_ECR_REC_Pos);
 4954              	 .loc 1 2516 3 is_stmt 1 view .LVU1774
2509:Drivers/STM32G4xx_HAL_Driver/Src/stm32g4xx_hal_fdcan.c ****   uint32_t CountersReg;
 4955              	 .loc 1 2509 1 is_stmt 0 view .LVU1775
 4956 0004 10B4     	 push {r4}
 4957              	 .cfi_def_cfa_offset 4
 4958              	 .cfi_offset 4,-4
2517:Drivers/STM32G4xx_HAL_Driver/Src/stm32g4xx_hal_fdcan.c ****   ErrorCounters->RxErrorPassive = ((CountersReg & FDCAN_ECR_RP) >> FDCAN_ECR_RP_Pos);
 4959              	 .loc 1 2517 62 view .LVU1776
 4960 0006 C3F30622 	 ubfx r2,r3,#8,#7
2516:Drivers/STM32G4xx_HAL_Driver/Src/stm32g4xx_hal_fdcan.c ****   ErrorCounters->RxErrorCnt = ((CountersReg & FDCAN_ECR_REC) >> FDCAN_ECR_REC_Pos);
 4961              	 .loc 1 2516 62 view .LVU1777
 4962 000a DCB2     	 uxtb r4,r3
2517:Drivers/STM32G4xx_HAL_Driver/Src/stm32g4xx_hal_fdcan.c ****   ErrorCounters->RxErrorPassive = ((CountersReg & FDCAN_ECR_RP) >> FDCAN_ECR_RP_Pos);
 4963              	 .loc 1 2517 29 view .LVU1778
 4964 000c C1E90042 	 strd r4,r2,[r1]
2518:Drivers/STM32G4xx_HAL_Driver/Src/stm32g4xx_hal_fdcan.c ****   ErrorCounters->ErrorLogging = ((CountersReg & FDCAN_ECR_CEL) >> FDCAN_ECR_CEL_Pos);
 4965              	 .loc 1 2518 3 is_stmt 1 view .LVU1779
2518:Drivers/STM32G4xx_HAL_Driver/Src/stm32g4xx_hal_fdcan.c ****   ErrorCounters->ErrorLogging = ((CountersReg & FDCAN_ECR_CEL) >> FDCAN_ECR_CEL_Pos);
 4966              	 .loc 1 2518 65 is_stmt 0 view .LVU1780
ARM GAS   			page 178


 4967 0010 C3F3C032 	 ubfx r2,r3,#15,#1
2519:Drivers/STM32G4xx_HAL_Driver/Src/stm32g4xx_hal_fdcan.c **** 
 4968              	 .loc 1 2519 64 view .LVU1781
 4969 0014 C3F30743 	 ubfx r3,r3,#16,#8
 4970              	.LVL323:
2523:Drivers/STM32G4xx_HAL_Driver/Src/stm32g4xx_hal_fdcan.c **** 
 4971              	 .loc 1 2523 1 view .LVU1782
 4972 0018 0020     	 movs r0,#0
 4973              	.LVL324:
2519:Drivers/STM32G4xx_HAL_Driver/Src/stm32g4xx_hal_fdcan.c **** 
 4974              	 .loc 1 2519 31 view .LVU1783
 4975 001a C1E90223 	 strd r2,r3,[r1,#8]
2522:Drivers/STM32G4xx_HAL_Driver/Src/stm32g4xx_hal_fdcan.c **** }
 4976              	 .loc 1 2522 3 is_stmt 1 view .LVU1784
2523:Drivers/STM32G4xx_HAL_Driver/Src/stm32g4xx_hal_fdcan.c **** 
 4977              	 .loc 1 2523 1 is_stmt 0 view .LVU1785
 4978 001e 5DF8044B 	 ldr r4,[sp],#4
 4979              	 .cfi_restore 4
 4980              	 .cfi_def_cfa_offset 0
 4981 0022 7047     	 bx lr
 4982              	 .cfi_endproc
 4983              	.LFE412:
 4985              	 .section .text.HAL_FDCAN_IsTxBufferMessagePending,"ax",%progbits
 4986              	 .align 1
 4987              	 .p2align 2,,3
 4988              	 .global HAL_FDCAN_IsTxBufferMessagePending
 4989              	 .syntax unified
 4990              	 .thumb
 4991              	 .thumb_func
 4993              	HAL_FDCAN_IsTxBufferMessagePending:
 4994              	.LVL325:
 4995              	.LFB413:
2536:Drivers/STM32G4xx_HAL_Driver/Src/stm32g4xx_hal_fdcan.c ****   /* Check function parameters */
 4996              	 .loc 1 2536 1 is_stmt 1 view-0
 4997              	 .cfi_startproc
 4998              	 
 4999              	 
 5000              	 
2538:Drivers/STM32G4xx_HAL_Driver/Src/stm32g4xx_hal_fdcan.c **** 
 5001              	 .loc 1 2538 3 view .LVU1787
2541:Drivers/STM32G4xx_HAL_Driver/Src/stm32g4xx_hal_fdcan.c ****   {
 5002              	 .loc 1 2541 3 view .LVU1788
2541:Drivers/STM32G4xx_HAL_Driver/Src/stm32g4xx_hal_fdcan.c ****   {
 5003              	 .loc 1 2541 14 is_stmt 0 view .LVU1789
 5004 0000 0368     	 ldr r3,[r0]
2541:Drivers/STM32G4xx_HAL_Driver/Src/stm32g4xx_hal_fdcan.c ****   {
 5005              	 .loc 1 2541 24 view .LVU1790
 5006 0002 D3F8C800 	 ldr r0,[r3,#200]
 5007              	.LVL326:
2541:Drivers/STM32G4xx_HAL_Driver/Src/stm32g4xx_hal_fdcan.c ****   {
 5008              	 .loc 1 2541 32 view .LVU1791
 5009 0006 0840     	 ands r0,r0,r1
2546:Drivers/STM32G4xx_HAL_Driver/Src/stm32g4xx_hal_fdcan.c **** 
 5010              	 .loc 1 2546 1 view .LVU1792
 5011 0008 0038     	 subs r0,r0,#0
 5012 000a 18BF     	 it ne
 5013 000c 0120     	 movne r0,#1
ARM GAS   			page 179


 5014 000e 7047     	 bx lr
 5015              	 .cfi_endproc
 5016              	.LFE413:
 5018              	 .section .text.HAL_FDCAN_GetRxFifoFillLevel,"ax",%progbits
 5019              	 .align 1
 5020              	 .p2align 2,,3
 5021              	 .global HAL_FDCAN_GetRxFifoFillLevel
 5022              	 .syntax unified
 5023              	 .thumb
 5024              	 .thumb_func
 5026              	HAL_FDCAN_GetRxFifoFillLevel:
 5027              	.LVL327:
 5028              	.LFB414:
2559:Drivers/STM32G4xx_HAL_Driver/Src/stm32g4xx_hal_fdcan.c ****   uint32_t FillLevel;
 5029              	 .loc 1 2559 1 is_stmt 1 view-0
 5030              	 .cfi_startproc
 5031              	 
 5032              	 
 5033              	 
2560:Drivers/STM32G4xx_HAL_Driver/Src/stm32g4xx_hal_fdcan.c **** 
 5034              	 .loc 1 2560 3 view .LVU1794
2563:Drivers/STM32G4xx_HAL_Driver/Src/stm32g4xx_hal_fdcan.c **** 
 5035              	 .loc 1 2563 3 view .LVU1795
2565:Drivers/STM32G4xx_HAL_Driver/Src/stm32g4xx_hal_fdcan.c ****   {
 5036              	 .loc 1 2565 3 view .LVU1796
2567:Drivers/STM32G4xx_HAL_Driver/Src/stm32g4xx_hal_fdcan.c ****   }
 5037              	 .loc 1 2567 23 is_stmt 0 view .LVU1797
 5038 0000 0368     	 ldr r3,[r0]
2565:Drivers/STM32G4xx_HAL_Driver/Src/stm32g4xx_hal_fdcan.c ****   {
 5039              	 .loc 1 2565 6 view .LVU1798
 5040 0002 4029     	 cmp r1,#64
2567:Drivers/STM32G4xx_HAL_Driver/Src/stm32g4xx_hal_fdcan.c ****   }
 5041              	 .loc 1 2567 5 is_stmt 1 view .LVU1799
2567:Drivers/STM32G4xx_HAL_Driver/Src/stm32g4xx_hal_fdcan.c ****   }
 5042              	 .loc 1 2567 33 is_stmt 0 view .LVU1800
 5043 0004 0CBF     	 ite eq
 5044 0006 D3F89000 	 ldreq r0,[r3,#144]
 5045              	.LVL328:
2571:Drivers/STM32G4xx_HAL_Driver/Src/stm32g4xx_hal_fdcan.c ****   }
 5046              	 .loc 1 2571 5 is_stmt 1 view .LVU1801
2571:Drivers/STM32G4xx_HAL_Driver/Src/stm32g4xx_hal_fdcan.c ****   }
 5047              	 .loc 1 2571 33 is_stmt 0 view .LVU1802
 5048 000a D3F89800 	 ldrne r0,[r3,#152]
2571:Drivers/STM32G4xx_HAL_Driver/Src/stm32g4xx_hal_fdcan.c ****   }
 5049              	 .loc 1 2571 15 view .LVU1803
 5050 000e 00F00F00 	 and r0,r0,#15
 5051              	.LVL329:
2575:Drivers/STM32G4xx_HAL_Driver/Src/stm32g4xx_hal_fdcan.c **** }
 5052              	 .loc 1 2575 3 is_stmt 1 view .LVU1804
2576:Drivers/STM32G4xx_HAL_Driver/Src/stm32g4xx_hal_fdcan.c **** 
 5053              	 .loc 1 2576 1 is_stmt 0 view .LVU1805
 5054 0012 7047     	 bx lr
 5055              	 .cfi_endproc
 5056              	.LFE414:
 5058              	 .section .text.HAL_FDCAN_GetTxFifoFreeLevel,"ax",%progbits
 5059              	 .align 1
 5060              	 .p2align 2,,3
ARM GAS   			page 180


 5061              	 .global HAL_FDCAN_GetTxFifoFreeLevel
 5062              	 .syntax unified
 5063              	 .thumb
 5064              	 .thumb_func
 5066              	HAL_FDCAN_GetTxFifoFreeLevel:
 5067              	.LVL330:
 5068              	.LFB415:
2586:Drivers/STM32G4xx_HAL_Driver/Src/stm32g4xx_hal_fdcan.c ****   uint32_t FreeLevel;
 5069              	 .loc 1 2586 1 is_stmt 1 view-0
 5070              	 .cfi_startproc
 5071              	 
 5072              	 
 5073              	 
2587:Drivers/STM32G4xx_HAL_Driver/Src/stm32g4xx_hal_fdcan.c **** 
 5074              	 .loc 1 2587 3 view .LVU1807
2589:Drivers/STM32G4xx_HAL_Driver/Src/stm32g4xx_hal_fdcan.c **** 
 5075              	 .loc 1 2589 3 view .LVU1808
2589:Drivers/STM32G4xx_HAL_Driver/Src/stm32g4xx_hal_fdcan.c **** 
 5076              	 .loc 1 2589 21 is_stmt 0 view .LVU1809
 5077 0000 0368     	 ldr r3,[r0]
2589:Drivers/STM32G4xx_HAL_Driver/Src/stm32g4xx_hal_fdcan.c **** 
 5078              	 .loc 1 2589 31 view .LVU1810
 5079 0002 D3F8C400 	 ldr r0,[r3,#196]
 5080              	.LVL331:
2592:Drivers/STM32G4xx_HAL_Driver/Src/stm32g4xx_hal_fdcan.c **** }
 5081              	 .loc 1 2592 3 is_stmt 1 view .LVU1811
2593:Drivers/STM32G4xx_HAL_Driver/Src/stm32g4xx_hal_fdcan.c **** 
 5082              	 .loc 1 2593 1 is_stmt 0 view .LVU1812
 5083 0006 00F00700 	 and r0,r0,#7
 5084              	.LVL332:
2593:Drivers/STM32G4xx_HAL_Driver/Src/stm32g4xx_hal_fdcan.c **** 
 5085              	 .loc 1 2593 1 view .LVU1813
 5086 000a 7047     	 bx lr
 5087              	 .cfi_endproc
 5088              	.LFE415:
 5090              	 .section .text.HAL_FDCAN_IsRestrictedOperationMode,"ax",%progbits
 5091              	 .align 1
 5092              	 .p2align 2,,3
 5093              	 .global HAL_FDCAN_IsRestrictedOperationMode
 5094              	 .syntax unified
 5095              	 .thumb
 5096              	 .thumb_func
 5098              	HAL_FDCAN_IsRestrictedOperationMode:
 5099              	.LVL333:
 5100              	.LFB416:
2604:Drivers/STM32G4xx_HAL_Driver/Src/stm32g4xx_hal_fdcan.c ****   uint32_t OperationMode;
 5101              	 .loc 1 2604 1 is_stmt 1 view-0
 5102              	 .cfi_startproc
 5103              	 
 5104              	 
 5105              	 
2605:Drivers/STM32G4xx_HAL_Driver/Src/stm32g4xx_hal_fdcan.c **** 
 5106              	 .loc 1 2605 3 view .LVU1815
2608:Drivers/STM32G4xx_HAL_Driver/Src/stm32g4xx_hal_fdcan.c **** 
 5107              	 .loc 1 2608 3 view .LVU1816
2608:Drivers/STM32G4xx_HAL_Driver/Src/stm32g4xx_hal_fdcan.c **** 
 5108              	 .loc 1 2608 27 is_stmt 0 view .LVU1817
ARM GAS   			page 181


 5109 0000 0368     	 ldr r3,[r0]
2608:Drivers/STM32G4xx_HAL_Driver/Src/stm32g4xx_hal_fdcan.c **** 
 5110              	 .loc 1 2608 37 view .LVU1818
 5111 0002 9869     	 ldr r0,[r3,#24]
 5112              	.LVL334:
2610:Drivers/STM32G4xx_HAL_Driver/Src/stm32g4xx_hal_fdcan.c **** }
 5113              	 .loc 1 2610 3 is_stmt 1 view .LVU1819
2611:Drivers/STM32G4xx_HAL_Driver/Src/stm32g4xx_hal_fdcan.c **** 
 5114              	 .loc 1 2611 1 is_stmt 0 view .LVU1820
 5115 0004 C0F38000 	 ubfx r0,r0,#2,#1
 5116              	.LVL335:
2611:Drivers/STM32G4xx_HAL_Driver/Src/stm32g4xx_hal_fdcan.c **** 
 5117              	 .loc 1 2611 1 view .LVU1821
 5118 0008 7047     	 bx lr
 5119              	 .cfi_endproc
 5120              	.LFE416:
 5122 000a 00BF     	 .section .text.HAL_FDCAN_ExitRestrictedOperationMode,"ax",%progbits
 5123              	 .align 1
 5124              	 .p2align 2,,3
 5125              	 .global HAL_FDCAN_ExitRestrictedOperationMode
 5126              	 .syntax unified
 5127              	 .thumb
 5128              	 .thumb_func
 5130              	HAL_FDCAN_ExitRestrictedOperationMode:
 5131              	.LVL336:
 5132              	.LFB417:
2620:Drivers/STM32G4xx_HAL_Driver/Src/stm32g4xx_hal_fdcan.c ****   HAL_FDCAN_StateTypeDef state = hfdcan->State;
 5133              	 .loc 1 2620 1 is_stmt 1 view-0
 5134              	 .cfi_startproc
 5135              	 
 5136              	 
 5137              	 
2621:Drivers/STM32G4xx_HAL_Driver/Src/stm32g4xx_hal_fdcan.c **** 
 5138              	 .loc 1 2621 3 view .LVU1823
2621:Drivers/STM32G4xx_HAL_Driver/Src/stm32g4xx_hal_fdcan.c **** 
 5139              	 .loc 1 2621 26 is_stmt 0 view .LVU1824
 5140 0000 90F85C20 	 ldrb r2,[r0,#92]
 5141              	.LVL337:
2623:Drivers/STM32G4xx_HAL_Driver/Src/stm32g4xx_hal_fdcan.c ****   {
 5142              	 .loc 1 2623 3 is_stmt 1 view .LVU1825
2623:Drivers/STM32G4xx_HAL_Driver/Src/stm32g4xx_hal_fdcan.c ****   {
 5143              	 .loc 1 2623 6 is_stmt 0 view .LVU1826
 5144 0004 013A     	 subs r2,r2,#1
 5145              	.LVL338:
2623:Drivers/STM32G4xx_HAL_Driver/Src/stm32g4xx_hal_fdcan.c ****   {
 5146              	 .loc 1 2623 6 view .LVU1827
 5147 0006 012A     	 cmp r2,#1
2620:Drivers/STM32G4xx_HAL_Driver/Src/stm32g4xx_hal_fdcan.c ****   HAL_FDCAN_StateTypeDef state = hfdcan->State;
 5148              	 .loc 1 2620 1 view .LVU1828
 5149 0008 0346     	 mov r3,r0
2623:Drivers/STM32G4xx_HAL_Driver/Src/stm32g4xx_hal_fdcan.c ****   {
 5150              	 .loc 1 2623 6 view .LVU1829
 5151 000a 05D9     	 bls .L468
2634:Drivers/STM32G4xx_HAL_Driver/Src/stm32g4xx_hal_fdcan.c **** 
 5152              	 .loc 1 2634 5 is_stmt 1 view .LVU1830
2634:Drivers/STM32G4xx_HAL_Driver/Src/stm32g4xx_hal_fdcan.c **** 
 5153              	 .loc 1 2634 11 is_stmt 0 view .LVU1831
ARM GAS   			page 182


 5154 000c 026E     	 ldr r2,[r0,#96]
 5155              	.LVL339:
2634:Drivers/STM32G4xx_HAL_Driver/Src/stm32g4xx_hal_fdcan.c **** 
 5156              	 .loc 1 2634 23 view .LVU1832
 5157 000e 42F00202 	 orr r2,r2,#2
2636:Drivers/STM32G4xx_HAL_Driver/Src/stm32g4xx_hal_fdcan.c ****   }
 5158              	 .loc 1 2636 12 view .LVU1833
 5159 0012 0120     	 movs r0,#1
 5160              	.LVL340:
2634:Drivers/STM32G4xx_HAL_Driver/Src/stm32g4xx_hal_fdcan.c **** 
 5161              	 .loc 1 2634 23 view .LVU1834
 5162 0014 1A66     	 str r2,[r3,#96]
2636:Drivers/STM32G4xx_HAL_Driver/Src/stm32g4xx_hal_fdcan.c ****   }
 5163              	 .loc 1 2636 5 is_stmt 1 view .LVU1835
2638:Drivers/STM32G4xx_HAL_Driver/Src/stm32g4xx_hal_fdcan.c **** 
 5164              	 .loc 1 2638 1 is_stmt 0 view .LVU1836
 5165 0016 7047     	 bx lr
 5166              	.LVL341:
 5167              	.L468:
2626:Drivers/STM32G4xx_HAL_Driver/Src/stm32g4xx_hal_fdcan.c **** 
 5168              	 .loc 1 2626 5 is_stmt 1 view .LVU1837
 5169 0018 0268     	 ldr r2,[r0]
 5170              	.LVL342:
2626:Drivers/STM32G4xx_HAL_Driver/Src/stm32g4xx_hal_fdcan.c **** 
 5171              	 .loc 1 2626 5 is_stmt 0 view .LVU1838
 5172 001a 9369     	 ldr r3,[r2,#24]
 5173 001c 23F00403 	 bic r3,r3,#4
2629:Drivers/STM32G4xx_HAL_Driver/Src/stm32g4xx_hal_fdcan.c ****   }
 5174              	 .loc 1 2629 12 view .LVU1839
 5175 0020 0020     	 movs r0,#0
 5176              	.LVL343:
2626:Drivers/STM32G4xx_HAL_Driver/Src/stm32g4xx_hal_fdcan.c **** 
 5177              	 .loc 1 2626 5 view .LVU1840
 5178 0022 9361     	 str r3,[r2,#24]
2629:Drivers/STM32G4xx_HAL_Driver/Src/stm32g4xx_hal_fdcan.c ****   }
 5179              	 .loc 1 2629 5 is_stmt 1 view .LVU1841
2629:Drivers/STM32G4xx_HAL_Driver/Src/stm32g4xx_hal_fdcan.c ****   }
 5180              	 .loc 1 2629 12 is_stmt 0 view .LVU1842
 5181 0024 7047     	 bx lr
 5182              	 .cfi_endproc
 5183              	.LFE417:
 5185 0026 00BF     	 .section .text.HAL_FDCAN_ConfigInterruptLines,"ax",%progbits
 5186              	 .align 1
 5187              	 .p2align 2,,3
 5188              	 .global HAL_FDCAN_ConfigInterruptLines
 5189              	 .syntax unified
 5190              	 .thumb
 5191              	 .thumb_func
 5193              	HAL_FDCAN_ConfigInterruptLines:
 5194              	.LVL344:
 5195              	.LFB418:
2672:Drivers/STM32G4xx_HAL_Driver/Src/stm32g4xx_hal_fdcan.c ****   HAL_FDCAN_StateTypeDef state = hfdcan->State;
 5196              	 .loc 1 2672 1 is_stmt 1 view-0
 5197              	 .cfi_startproc
 5198              	 
 5199              	 
 5200              	 
ARM GAS   			page 183


2673:Drivers/STM32G4xx_HAL_Driver/Src/stm32g4xx_hal_fdcan.c **** 
 5201              	 .loc 1 2673 3 view .LVU1844
2672:Drivers/STM32G4xx_HAL_Driver/Src/stm32g4xx_hal_fdcan.c ****   HAL_FDCAN_StateTypeDef state = hfdcan->State;
 5202              	 .loc 1 2672 1 is_stmt 0 view .LVU1845
 5203 0000 0346     	 mov r3,r0
2673:Drivers/STM32G4xx_HAL_Driver/Src/stm32g4xx_hal_fdcan.c **** 
 5204              	 .loc 1 2673 26 view .LVU1846
 5205 0002 90F85C00 	 ldrb r0,[r0,#92]
 5206              	.LVL345:
2676:Drivers/STM32G4xx_HAL_Driver/Src/stm32g4xx_hal_fdcan.c ****   assert_param(IS_FDCAN_IT_LINE(InterruptLine));
 5207              	 .loc 1 2676 3 is_stmt 1 view .LVU1847
2677:Drivers/STM32G4xx_HAL_Driver/Src/stm32g4xx_hal_fdcan.c **** 
 5208              	 .loc 1 2677 3 view .LVU1848
2679:Drivers/STM32G4xx_HAL_Driver/Src/stm32g4xx_hal_fdcan.c ****   {
 5209              	 .loc 1 2679 3 view .LVU1849
2679:Drivers/STM32G4xx_HAL_Driver/Src/stm32g4xx_hal_fdcan.c ****   {
 5210              	 .loc 1 2679 6 is_stmt 0 view .LVU1850
 5211 0006 0138     	 subs r0,r0,#1
 5212              	.LVL346:
2679:Drivers/STM32G4xx_HAL_Driver/Src/stm32g4xx_hal_fdcan.c ****   {
 5213              	 .loc 1 2679 6 view .LVU1851
 5214 0008 0128     	 cmp r0,#1
 5215 000a 05D9     	 bls .L474
2697:Drivers/STM32G4xx_HAL_Driver/Src/stm32g4xx_hal_fdcan.c **** 
 5216              	 .loc 1 2697 5 is_stmt 1 view .LVU1852
2697:Drivers/STM32G4xx_HAL_Driver/Src/stm32g4xx_hal_fdcan.c **** 
 5217              	 .loc 1 2697 11 is_stmt 0 view .LVU1853
 5218 000c 1A6E     	 ldr r2,[r3,#96]
 5219              	.LVL347:
2697:Drivers/STM32G4xx_HAL_Driver/Src/stm32g4xx_hal_fdcan.c **** 
 5220              	 .loc 1 2697 23 view .LVU1854
 5221 000e 42F00202 	 orr r2,r2,#2
2699:Drivers/STM32G4xx_HAL_Driver/Src/stm32g4xx_hal_fdcan.c ****   }
 5222              	 .loc 1 2699 12 view .LVU1855
 5223 0012 0120     	 movs r0,#1
 5224              	.LVL348:
2697:Drivers/STM32G4xx_HAL_Driver/Src/stm32g4xx_hal_fdcan.c **** 
 5225              	 .loc 1 2697 23 view .LVU1856
 5226 0014 1A66     	 str r2,[r3,#96]
2699:Drivers/STM32G4xx_HAL_Driver/Src/stm32g4xx_hal_fdcan.c ****   }
 5227              	 .loc 1 2699 5 is_stmt 1 view .LVU1857
2701:Drivers/STM32G4xx_HAL_Driver/Src/stm32g4xx_hal_fdcan.c **** 
 5228              	 .loc 1 2701 1 is_stmt 0 view .LVU1858
 5229 0016 7047     	 bx lr
 5230              	.LVL349:
 5231              	.L474:
2682:Drivers/STM32G4xx_HAL_Driver/Src/stm32g4xx_hal_fdcan.c ****     {
 5232              	 .loc 1 2682 5 is_stmt 1 view .LVU1859
2684:Drivers/STM32G4xx_HAL_Driver/Src/stm32g4xx_hal_fdcan.c ****     }
 5233              	 .loc 1 2684 7 view .LVU1860
 5234 0018 1B68     	 ldr r3,[r3]
 5235              	.LVL350:
2682:Drivers/STM32G4xx_HAL_Driver/Src/stm32g4xx_hal_fdcan.c ****     {
 5236              	 .loc 1 2682 8 is_stmt 0 view .LVU1861
 5237 001a 012A     	 cmp r2,#1
2684:Drivers/STM32G4xx_HAL_Driver/Src/stm32g4xx_hal_fdcan.c ****     }
 5238              	 .loc 1 2684 7 view .LVU1862
ARM GAS   			page 184


 5239 001c 9A6D     	 ldr r2,[r3,#88]
 5240              	.LVL351:
2684:Drivers/STM32G4xx_HAL_Driver/Src/stm32g4xx_hal_fdcan.c ****     }
 5241              	 .loc 1 2684 7 view .LVU1863
 5242 001e 0CBF     	 ite eq
 5243 0020 8A43     	 biceq r2,r2,r1
2688:Drivers/STM32G4xx_HAL_Driver/Src/stm32g4xx_hal_fdcan.c ****     }
 5244              	 .loc 1 2688 7 is_stmt 1 view .LVU1864
 5245 0022 0A43     	 orrne r2,r2,r1
 5246 0024 9A65     	 str r2,[r3,#88]
2692:Drivers/STM32G4xx_HAL_Driver/Src/stm32g4xx_hal_fdcan.c ****   }
 5247              	 .loc 1 2692 12 is_stmt 0 view .LVU1865
 5248 0026 0020     	 movs r0,#0
 5249              	.LVL352:
2692:Drivers/STM32G4xx_HAL_Driver/Src/stm32g4xx_hal_fdcan.c ****   }
 5250              	 .loc 1 2692 12 view .LVU1866
 5251 0028 7047     	 bx lr
 5252              	 .cfi_endproc
 5253              	.LFE418:
 5255 002a 00BF     	 .section .text.HAL_FDCAN_ActivateNotification,"ax",%progbits
 5256              	 .align 1
 5257              	 .p2align 2,,3
 5258              	 .global HAL_FDCAN_ActivateNotification
 5259              	 .syntax unified
 5260              	 .thumb
 5261              	 .thumb_func
 5263              	HAL_FDCAN_ActivateNotification:
 5264              	.LVL353:
 5265              	.LFB419:
2718:Drivers/STM32G4xx_HAL_Driver/Src/stm32g4xx_hal_fdcan.c ****   HAL_FDCAN_StateTypeDef state = hfdcan->State;
 5266              	 .loc 1 2718 1 is_stmt 1 view-0
 5267              	 .cfi_startproc
 5268              	 
 5269              	 
 5270              	 
2719:Drivers/STM32G4xx_HAL_Driver/Src/stm32g4xx_hal_fdcan.c ****   uint32_t ITs_lines_selection;
 5271              	 .loc 1 2719 3 view .LVU1868
2718:Drivers/STM32G4xx_HAL_Driver/Src/stm32g4xx_hal_fdcan.c ****   HAL_FDCAN_StateTypeDef state = hfdcan->State;
 5272              	 .loc 1 2718 1 is_stmt 0 view .LVU1869
 5273 0000 0346     	 mov r3,r0
2719:Drivers/STM32G4xx_HAL_Driver/Src/stm32g4xx_hal_fdcan.c ****   uint32_t ITs_lines_selection;
 5274              	 .loc 1 2719 26 view .LVU1870
 5275 0002 90F85C00 	 ldrb r0,[r0,#92]
 5276              	.LVL354:
2720:Drivers/STM32G4xx_HAL_Driver/Src/stm32g4xx_hal_fdcan.c **** 
 5277              	 .loc 1 2720 3 is_stmt 1 view .LVU1871
2723:Drivers/STM32G4xx_HAL_Driver/Src/stm32g4xx_hal_fdcan.c ****   if ((ActiveITs & (FDCAN_IT_TX_COMPLETE | FDCAN_IT_TX_ABORT_COMPLETE)) != 0U)
 5278              	 .loc 1 2723 3 view .LVU1872
2724:Drivers/STM32G4xx_HAL_Driver/Src/stm32g4xx_hal_fdcan.c ****   {
 5279              	 .loc 1 2724 3 view .LVU1873
2726:Drivers/STM32G4xx_HAL_Driver/Src/stm32g4xx_hal_fdcan.c ****   }
 5280              	 .loc 1 2726 5 view .LVU1874
2729:Drivers/STM32G4xx_HAL_Driver/Src/stm32g4xx_hal_fdcan.c ****   {
 5281              	 .loc 1 2729 3 view .LVU1875
2729:Drivers/STM32G4xx_HAL_Driver/Src/stm32g4xx_hal_fdcan.c ****   {
 5282              	 .loc 1 2729 6 is_stmt 0 view .LVU1876
 5283 0006 0138     	 subs r0,r0,#1
ARM GAS   			page 185


 5284              	.LVL355:
2729:Drivers/STM32G4xx_HAL_Driver/Src/stm32g4xx_hal_fdcan.c ****   {
 5285              	 .loc 1 2729 6 view .LVU1877
 5286 0008 0128     	 cmp r0,#1
 5287 000a 05D9     	 bls .L566
2795:Drivers/STM32G4xx_HAL_Driver/Src/stm32g4xx_hal_fdcan.c **** 
 5288              	 .loc 1 2795 5 is_stmt 1 view .LVU1878
2795:Drivers/STM32G4xx_HAL_Driver/Src/stm32g4xx_hal_fdcan.c **** 
 5289              	 .loc 1 2795 11 is_stmt 0 view .LVU1879
 5290 000c 1A6E     	 ldr r2,[r3,#96]
 5291              	.LVL356:
2795:Drivers/STM32G4xx_HAL_Driver/Src/stm32g4xx_hal_fdcan.c **** 
 5292              	 .loc 1 2795 23 view .LVU1880
 5293 000e 42F00202 	 orr r2,r2,#2
2797:Drivers/STM32G4xx_HAL_Driver/Src/stm32g4xx_hal_fdcan.c ****   }
 5294              	 .loc 1 2797 12 view .LVU1881
 5295 0012 0120     	 movs r0,#1
 5296              	.LVL357:
2795:Drivers/STM32G4xx_HAL_Driver/Src/stm32g4xx_hal_fdcan.c **** 
 5297              	 .loc 1 2795 23 view .LVU1882
 5298 0014 1A66     	 str r2,[r3,#96]
2797:Drivers/STM32G4xx_HAL_Driver/Src/stm32g4xx_hal_fdcan.c ****   }
 5299              	 .loc 1 2797 5 is_stmt 1 view .LVU1883
2799:Drivers/STM32G4xx_HAL_Driver/Src/stm32g4xx_hal_fdcan.c **** 
 5300              	 .loc 1 2799 1 is_stmt 0 view .LVU1884
 5301 0016 7047     	 bx lr
 5302              	.LVL358:
 5303              	.L566:
2732:Drivers/STM32G4xx_HAL_Driver/Src/stm32g4xx_hal_fdcan.c **** 
 5304              	 .loc 1 2732 5 is_stmt 1 view .LVU1885
2732:Drivers/STM32G4xx_HAL_Driver/Src/stm32g4xx_hal_fdcan.c **** 
 5305              	 .loc 1 2732 33 is_stmt 0 view .LVU1886
 5306 0018 1B68     	 ldr r3,[r3]
 5307              	.LVL359:
2718:Drivers/STM32G4xx_HAL_Driver/Src/stm32g4xx_hal_fdcan.c ****   HAL_FDCAN_StateTypeDef state = hfdcan->State;
 5308              	 .loc 1 2718 1 view .LVU1887
 5309 001a 70B4     	 push {r4,r5,r6}
 5310              	 .cfi_def_cfa_offset 12
 5311              	 .cfi_offset 4,-12
 5312              	 .cfi_offset 5,-8
 5313              	 .cfi_offset 6,-4
2735:Drivers/STM32G4xx_HAL_Driver/Src/stm32g4xx_hal_fdcan.c ****          && (((ITs_lines_selection) & FDCAN_IT_GROUP_RX_FIFO0) == 0U)) || \
 5314              	 .loc 1 2735 8 view .LVU1888
 5315 001c 11F00705 	 ands r5,r1,#7
2732:Drivers/STM32G4xx_HAL_Driver/Src/stm32g4xx_hal_fdcan.c **** 
 5316              	 .loc 1 2732 25 view .LVU1889
 5317 0020 986D     	 ldr r0,[r3,#88]
 5318              	.LVL360:
2735:Drivers/STM32G4xx_HAL_Driver/Src/stm32g4xx_hal_fdcan.c ****          && (((ITs_lines_selection) & FDCAN_IT_GROUP_RX_FIFO0) == 0U)) || \
 5319              	 .loc 1 2735 5 is_stmt 1 view .LVU1890
2737:Drivers/STM32G4xx_HAL_Driver/Src/stm32g4xx_hal_fdcan.c ****          && (((ITs_lines_selection) & FDCAN_IT_GROUP_RX_FIFO1) == 0U)) || \
 5320              	 .loc 1 2737 22 is_stmt 0 view .LVU1891
 5321 0022 01F03804 	 and r4,r1,#56
2735:Drivers/STM32G4xx_HAL_Driver/Src/stm32g4xx_hal_fdcan.c ****          && (((ITs_lines_selection) & FDCAN_IT_GROUP_RX_FIFO0) == 0U)) || \
 5322              	 .loc 1 2735 8 view .LVU1892
 5323 0026 20D0     	 beq .L477
2736:Drivers/STM32G4xx_HAL_Driver/Src/stm32g4xx_hal_fdcan.c ****         (((ActiveITs & FDCAN_IT_LIST_RX_FIFO1)       != 0U)
ARM GAS   			page 186


 5324              	 .loc 1 2736 10 view .LVU1893
 5325 0028 C607     	 lsls r6,r0,#31
 5326 002a 1ED4     	 bmi .L477
2751:Drivers/STM32G4xx_HAL_Driver/Src/stm32g4xx_hal_fdcan.c ****     }
 5327              	 .loc 1 2751 7 is_stmt 1 view .LVU1894
 5328 002c DD6D     	 ldr r5,[r3,#92]
 5329 002e 45F00105 	 orr r5,r5,#1
 5330 0032 DD65     	 str r5,[r3,#92]
2753:Drivers/STM32G4xx_HAL_Driver/Src/stm32g4xx_hal_fdcan.c ****          && (((ITs_lines_selection) & FDCAN_IT_GROUP_RX_FIFO0)      != 0U)) || \
 5331              	 .loc 1 2753 5 view .LVU1895
 5332              	.L478:
2754:Drivers/STM32G4xx_HAL_Driver/Src/stm32g4xx_hal_fdcan.c ****         (((ActiveITs & FDCAN_IT_LIST_RX_FIFO1)       != 0U)
 5333              	 .loc 1 2754 77 is_stmt 0 discriminator 1 view .LVU1896
 5334 0034 0CB3     	 cbz r4,.L489
2756:Drivers/STM32G4xx_HAL_Driver/Src/stm32g4xx_hal_fdcan.c ****         (((ActiveITs & FDCAN_IT_LIST_SMSG)           != 0U)
 5335              	 .loc 1 2756 10 view .LVU1897
 5336 0036 8407     	 lsls r4,r0,#30
 5337 0038 1FD5     	 bpl .L489
 5338              	.L490:
2769:Drivers/STM32G4xx_HAL_Driver/Src/stm32g4xx_hal_fdcan.c ****     }
 5339              	 .loc 1 2769 7 is_stmt 1 view .LVU1898
 5340 003a D86D     	 ldr r0,[r3,#92]
 5341              	.LVL361:
2769:Drivers/STM32G4xx_HAL_Driver/Src/stm32g4xx_hal_fdcan.c ****     }
 5342              	 .loc 1 2769 7 is_stmt 0 view .LVU1899
 5343 003c 40F00200 	 orr r0,r0,#2
 5344 0040 D865     	 str r0,[r3,#92]
 5345              	.L488:
2772:Drivers/STM32G4xx_HAL_Driver/Src/stm32g4xx_hal_fdcan.c ****     {
 5346              	 .loc 1 2772 5 is_stmt 1 view .LVU1900
2772:Drivers/STM32G4xx_HAL_Driver/Src/stm32g4xx_hal_fdcan.c ****     {
 5347              	 .loc 1 2772 8 is_stmt 0 view .LVU1901
 5348 0042 0C06     	 lsls r4,r1,#24
 5349 0044 04D5     	 bpl .L495
2776:Drivers/STM32G4xx_HAL_Driver/Src/stm32g4xx_hal_fdcan.c ****     }
 5350              	 .loc 1 2776 7 is_stmt 1 view .LVU1902
 5351 0046 D3F8DC00 	 ldr r0,[r3,#220]
 5352 004a 1043     	 orrs r0,r0,r2
 5353 004c C3F8DC00 	 str r0,[r3,#220]
 5354              	.L495:
2779:Drivers/STM32G4xx_HAL_Driver/Src/stm32g4xx_hal_fdcan.c ****     {
 5355              	 .loc 1 2779 5 view .LVU1903
2779:Drivers/STM32G4xx_HAL_Driver/Src/stm32g4xx_hal_fdcan.c ****     {
 5356              	 .loc 1 2779 8 is_stmt 0 view .LVU1904
 5357 0050 C805     	 lsls r0,r1,#23
 5358 0052 04D5     	 bpl .L496
2783:Drivers/STM32G4xx_HAL_Driver/Src/stm32g4xx_hal_fdcan.c ****     }
 5359              	 .loc 1 2783 7 is_stmt 1 view .LVU1905
 5360 0054 D3F8E000 	 ldr r0,[r3,#224]
 5361 0058 0243     	 orrs r2,r2,r0
 5362              	.LVL362:
2783:Drivers/STM32G4xx_HAL_Driver/Src/stm32g4xx_hal_fdcan.c ****     }
 5363              	 .loc 1 2783 7 is_stmt 0 view .LVU1906
 5364 005a C3F8E020 	 str r2,[r3,#224]
 5365              	.L496:
2787:Drivers/STM32G4xx_HAL_Driver/Src/stm32g4xx_hal_fdcan.c **** 
 5366              	 .loc 1 2787 5 is_stmt 1 view .LVU1907
ARM GAS   			page 187


 5367 005e 5A6D     	 ldr r2,[r3,#84]
 5368 0060 0A43     	 orrs r2,r2,r1
2790:Drivers/STM32G4xx_HAL_Driver/Src/stm32g4xx_hal_fdcan.c ****   }
 5369              	 .loc 1 2790 12 is_stmt 0 view .LVU1908
 5370 0062 0020     	 movs r0,#0
2799:Drivers/STM32G4xx_HAL_Driver/Src/stm32g4xx_hal_fdcan.c **** 
 5371              	 .loc 1 2799 1 view .LVU1909
 5372 0064 70BC     	 pop {r4,r5,r6}
 5373              	 .cfi_remember_state
 5374              	 .cfi_restore 6
 5375              	 .cfi_restore 5
 5376              	 .cfi_restore 4
 5377              	 .cfi_def_cfa_offset 0
2787:Drivers/STM32G4xx_HAL_Driver/Src/stm32g4xx_hal_fdcan.c **** 
 5378              	 .loc 1 2787 5 view .LVU1910
 5379 0066 5A65     	 str r2,[r3,#84]
2790:Drivers/STM32G4xx_HAL_Driver/Src/stm32g4xx_hal_fdcan.c ****   }
 5380              	 .loc 1 2790 5 is_stmt 1 view .LVU1911
2799:Drivers/STM32G4xx_HAL_Driver/Src/stm32g4xx_hal_fdcan.c **** 
 5381              	 .loc 1 2799 1 is_stmt 0 view .LVU1912
 5382 0068 7047     	 bx lr
 5383              	.LVL363:
 5384              	.L477:
 5385              	 .cfi_restore_state
2736:Drivers/STM32G4xx_HAL_Driver/Src/stm32g4xx_hal_fdcan.c ****         (((ActiveITs & FDCAN_IT_LIST_RX_FIFO1)       != 0U)
 5386              	 .loc 1 2736 72 discriminator 1 view .LVU1913
 5387 006a 04B3     	 cbz r4,.L479
2738:Drivers/STM32G4xx_HAL_Driver/Src/stm32g4xx_hal_fdcan.c ****         (((ActiveITs & FDCAN_IT_LIST_SMSG)           != 0U)
 5388              	 .loc 1 2738 10 view .LVU1914
 5389 006c 8607     	 lsls r6,r0,#30
 5390 006e 1ED4     	 bmi .L479
2751:Drivers/STM32G4xx_HAL_Driver/Src/stm32g4xx_hal_fdcan.c ****     }
 5391              	 .loc 1 2751 7 is_stmt 1 view .LVU1915
 5392 0070 DE6D     	 ldr r6,[r3,#92]
 5393 0072 46F00106 	 orr r6,r6,#1
 5394 0076 DE65     	 str r6,[r3,#92]
2753:Drivers/STM32G4xx_HAL_Driver/Src/stm32g4xx_hal_fdcan.c ****          && (((ITs_lines_selection) & FDCAN_IT_GROUP_RX_FIFO0)      != 0U)) || \
 5395              	 .loc 1 2753 5 view .LVU1916
2753:Drivers/STM32G4xx_HAL_Driver/Src/stm32g4xx_hal_fdcan.c ****          && (((ITs_lines_selection) & FDCAN_IT_GROUP_RX_FIFO0)      != 0U)) || \
 5396              	 .loc 1 2753 8 is_stmt 0 view .LVU1917
 5397 0078 25BB     	 cbnz r5,.L480
 5398              	.L489:
2756:Drivers/STM32G4xx_HAL_Driver/Src/stm32g4xx_hal_fdcan.c ****         (((ActiveITs & FDCAN_IT_LIST_SMSG)           != 0U)
 5399              	 .loc 1 2756 78 discriminator 1 view .LVU1918
 5400 007a 11F4E07F 	 tst r1,#448
 5401 007e 01D0     	 beq .L491
2758:Drivers/STM32G4xx_HAL_Driver/Src/stm32g4xx_hal_fdcan.c ****         (((ActiveITs & FDCAN_IT_LIST_TX_FIFO_ERROR)  != 0U)
 5402              	 .loc 1 2758 10 view .LVU1919
 5403 0080 4607     	 lsls r6,r0,#29
 5404 0082 DAD4     	 bmi .L490
 5405              	.L491:
2758:Drivers/STM32G4xx_HAL_Driver/Src/stm32g4xx_hal_fdcan.c ****         (((ActiveITs & FDCAN_IT_LIST_TX_FIFO_ERROR)  != 0U)
 5406              	 .loc 1 2758 78 discriminator 1 view .LVU1920
 5407 0084 11F4F05F 	 tst r1,#7680
 5408 0088 01D0     	 beq .L492
2760:Drivers/STM32G4xx_HAL_Driver/Src/stm32g4xx_hal_fdcan.c ****         (((ActiveITs & FDCAN_IT_LIST_MISC)           != 0U)
 5409              	 .loc 1 2760 10 view .LVU1921
ARM GAS   			page 188


 5410 008a 0507     	 lsls r5,r0,#28
 5411 008c D5D4     	 bmi .L490
 5412              	.L492:
2760:Drivers/STM32G4xx_HAL_Driver/Src/stm32g4xx_hal_fdcan.c ****         (((ActiveITs & FDCAN_IT_LIST_MISC)           != 0U)
 5413              	 .loc 1 2760 78 discriminator 1 view .LVU1922
 5414 008e 11F4604F 	 tst r1,#57344
 5415 0092 01D0     	 beq .L493
2762:Drivers/STM32G4xx_HAL_Driver/Src/stm32g4xx_hal_fdcan.c ****         (((ActiveITs & FDCAN_IT_LIST_BIT_LINE_ERROR) != 0U)
 5416              	 .loc 1 2762 10 view .LVU1923
 5417 0094 C406     	 lsls r4,r0,#27
 5418 0096 D0D4     	 bmi .L490
 5419              	.L493:
2762:Drivers/STM32G4xx_HAL_Driver/Src/stm32g4xx_hal_fdcan.c ****         (((ActiveITs & FDCAN_IT_LIST_BIT_LINE_ERROR) != 0U)
 5420              	 .loc 1 2762 78 discriminator 1 view .LVU1924
 5421 0098 11F4403F 	 tst r1,#196608
 5422 009c 01D0     	 beq .L494
2764:Drivers/STM32G4xx_HAL_Driver/Src/stm32g4xx_hal_fdcan.c ****         (((ActiveITs & FDCAN_IT_LIST_PROTOCOL_ERROR) != 0U)
 5423              	 .loc 1 2764 10 view .LVU1925
 5424 009e 8606     	 lsls r6,r0,#26
 5425 00a0 CBD4     	 bmi .L490
 5426              	.L494:
2764:Drivers/STM32G4xx_HAL_Driver/Src/stm32g4xx_hal_fdcan.c ****         (((ActiveITs & FDCAN_IT_LIST_PROTOCOL_ERROR) != 0U)
 5427              	 .loc 1 2764 78 discriminator 1 view .LVU1926
 5428 00a2 11F47C0F 	 tst r1,#16515072
 5429 00a6 CCD0     	 beq .L488
2766:Drivers/STM32G4xx_HAL_Driver/Src/stm32g4xx_hal_fdcan.c ****     {
 5430              	 .loc 1 2766 10 view .LVU1927
 5431 00a8 4506     	 lsls r5,r0,#25
 5432 00aa C6D4     	 bmi .L490
 5433 00ac C9E7     	 b .L488
 5434              	.L479:
2738:Drivers/STM32G4xx_HAL_Driver/Src/stm32g4xx_hal_fdcan.c ****         (((ActiveITs & FDCAN_IT_LIST_SMSG)           != 0U)
 5435              	 .loc 1 2738 72 discriminator 1 view .LVU1928
 5436 00ae 11F4E07F 	 tst r1,#448
 5437 00b2 0AD0     	 beq .L482
2740:Drivers/STM32G4xx_HAL_Driver/Src/stm32g4xx_hal_fdcan.c ****         (((ActiveITs & FDCAN_IT_LIST_TX_FIFO_ERROR)  != 0U)
 5438              	 .loc 1 2740 10 view .LVU1929
 5439 00b4 4607     	 lsls r6,r0,#29
 5440 00b6 08D4     	 bmi .L482
 5441              	.L483:
2751:Drivers/STM32G4xx_HAL_Driver/Src/stm32g4xx_hal_fdcan.c ****     }
 5442              	 .loc 1 2751 7 is_stmt 1 view .LVU1930
 5443 00b8 DE6D     	 ldr r6,[r3,#92]
 5444 00ba 46F00106 	 orr r6,r6,#1
 5445 00be DE65     	 str r6,[r3,#92]
 5446              	.L487:
2753:Drivers/STM32G4xx_HAL_Driver/Src/stm32g4xx_hal_fdcan.c ****          && (((ITs_lines_selection) & FDCAN_IT_GROUP_RX_FIFO0)      != 0U)) || \
 5447              	 .loc 1 2753 5 view .LVU1931
2753:Drivers/STM32G4xx_HAL_Driver/Src/stm32g4xx_hal_fdcan.c ****          && (((ITs_lines_selection) & FDCAN_IT_GROUP_RX_FIFO0)      != 0U)) || \
 5448              	 .loc 1 2753 8 is_stmt 0 view .LVU1932
 5449 00c0 002D     	 cmp r5,#0
 5450 00c2 B7D0     	 beq .L478
 5451              	.L480:
2754:Drivers/STM32G4xx_HAL_Driver/Src/stm32g4xx_hal_fdcan.c ****         (((ActiveITs & FDCAN_IT_LIST_RX_FIFO1)       != 0U)
 5452              	 .loc 1 2754 10 view .LVU1933
 5453 00c4 C507     	 lsls r5,r0,#31
 5454 00c6 B5D5     	 bpl .L478
ARM GAS   			page 189


 5455 00c8 B7E7     	 b .L490
 5456              	.L482:
2740:Drivers/STM32G4xx_HAL_Driver/Src/stm32g4xx_hal_fdcan.c ****         (((ActiveITs & FDCAN_IT_LIST_TX_FIFO_ERROR)  != 0U)
 5457              	 .loc 1 2740 72 discriminator 1 view .LVU1934
 5458 00ca 11F4F05F 	 tst r1,#7680
 5459 00ce 01D0     	 beq .L484
2742:Drivers/STM32G4xx_HAL_Driver/Src/stm32g4xx_hal_fdcan.c ****         (((ActiveITs & FDCAN_IT_LIST_MISC)           != 0U)
 5460              	 .loc 1 2742 10 view .LVU1935
 5461 00d0 0607     	 lsls r6,r0,#28
 5462 00d2 F1D5     	 bpl .L483
 5463              	.L484:
2742:Drivers/STM32G4xx_HAL_Driver/Src/stm32g4xx_hal_fdcan.c ****         (((ActiveITs & FDCAN_IT_LIST_MISC)           != 0U)
 5464              	 .loc 1 2742 78 discriminator 1 view .LVU1936
 5465 00d4 11F4604F 	 tst r1,#57344
 5466 00d8 01D0     	 beq .L485
2744:Drivers/STM32G4xx_HAL_Driver/Src/stm32g4xx_hal_fdcan.c ****         (((ActiveITs & FDCAN_IT_LIST_BIT_LINE_ERROR) != 0U)
 5467              	 .loc 1 2744 10 view .LVU1937
 5468 00da C606     	 lsls r6,r0,#27
 5469 00dc ECD5     	 bpl .L483
 5470              	.L485:
2744:Drivers/STM32G4xx_HAL_Driver/Src/stm32g4xx_hal_fdcan.c ****         (((ActiveITs & FDCAN_IT_LIST_BIT_LINE_ERROR) != 0U)
 5471              	 .loc 1 2744 78 discriminator 1 view .LVU1938
 5472 00de 11F4403F 	 tst r1,#196608
 5473 00e2 01D0     	 beq .L486
2746:Drivers/STM32G4xx_HAL_Driver/Src/stm32g4xx_hal_fdcan.c ****         (((ActiveITs & FDCAN_IT_LIST_PROTOCOL_ERROR) != 0U)
 5474              	 .loc 1 2746 10 view .LVU1939
 5475 00e4 8606     	 lsls r6,r0,#26
 5476 00e6 E7D5     	 bpl .L483
 5477              	.L486:
2746:Drivers/STM32G4xx_HAL_Driver/Src/stm32g4xx_hal_fdcan.c ****         (((ActiveITs & FDCAN_IT_LIST_PROTOCOL_ERROR) != 0U)
 5478              	 .loc 1 2746 78 discriminator 1 view .LVU1940
 5479 00e8 11F47C0F 	 tst r1,#16515072
 5480 00ec E8D0     	 beq .L487
2748:Drivers/STM32G4xx_HAL_Driver/Src/stm32g4xx_hal_fdcan.c ****     {
 5481              	 .loc 1 2748 10 view .LVU1941
 5482 00ee 4606     	 lsls r6,r0,#25
 5483 00f0 E2D5     	 bpl .L483
2753:Drivers/STM32G4xx_HAL_Driver/Src/stm32g4xx_hal_fdcan.c ****          && (((ITs_lines_selection) & FDCAN_IT_GROUP_RX_FIFO0)      != 0U)) || \
 5484              	 .loc 1 2753 5 is_stmt 1 view .LVU1942
2753:Drivers/STM32G4xx_HAL_Driver/Src/stm32g4xx_hal_fdcan.c ****          && (((ITs_lines_selection) & FDCAN_IT_GROUP_RX_FIFO0)      != 0U)) || \
 5485              	 .loc 1 2753 8 is_stmt 0 view .LVU1943
 5486 00f2 002D     	 cmp r5,#0
 5487 00f4 9ED0     	 beq .L478
 5488 00f6 E5E7     	 b .L480
 5489              	 .cfi_endproc
 5490              	.LFE419:
 5492              	 .section .text.HAL_FDCAN_DeactivateNotification,"ax",%progbits
 5493              	 .align 1
 5494              	 .p2align 2,,3
 5495              	 .global HAL_FDCAN_DeactivateNotification
 5496              	 .syntax unified
 5497              	 .thumb
 5498              	 .thumb_func
 5500              	HAL_FDCAN_DeactivateNotification:
 5501              	.LVL364:
 5502              	.LFB420:
2810:Drivers/STM32G4xx_HAL_Driver/Src/stm32g4xx_hal_fdcan.c ****   HAL_FDCAN_StateTypeDef state = hfdcan->State;
ARM GAS   			page 190


 5503              	 .loc 1 2810 1 is_stmt 1 view-0
 5504              	 .cfi_startproc
 5505              	 
 5506              	 
 5507              	 
2811:Drivers/STM32G4xx_HAL_Driver/Src/stm32g4xx_hal_fdcan.c ****   uint32_t ITs_enabled;
 5508              	 .loc 1 2811 3 view .LVU1945
2811:Drivers/STM32G4xx_HAL_Driver/Src/stm32g4xx_hal_fdcan.c ****   uint32_t ITs_enabled;
 5509              	 .loc 1 2811 26 is_stmt 0 view .LVU1946
 5510 0000 90F85C20 	 ldrb r2,[r0,#92]
 5511              	.LVL365:
2812:Drivers/STM32G4xx_HAL_Driver/Src/stm32g4xx_hal_fdcan.c ****   uint32_t ITs_lines_selection;
 5512              	 .loc 1 2812 3 is_stmt 1 view .LVU1947
2813:Drivers/STM32G4xx_HAL_Driver/Src/stm32g4xx_hal_fdcan.c **** 
 5513              	 .loc 1 2813 3 view .LVU1948
2816:Drivers/STM32G4xx_HAL_Driver/Src/stm32g4xx_hal_fdcan.c **** 
 5514              	 .loc 1 2816 3 view .LVU1949
2818:Drivers/STM32G4xx_HAL_Driver/Src/stm32g4xx_hal_fdcan.c ****   {
 5515              	 .loc 1 2818 3 view .LVU1950
2818:Drivers/STM32G4xx_HAL_Driver/Src/stm32g4xx_hal_fdcan.c ****   {
 5516              	 .loc 1 2818 6 is_stmt 0 view .LVU1951
 5517 0004 013A     	 subs r2,r2,#1
 5518              	.LVL366:
2818:Drivers/STM32G4xx_HAL_Driver/Src/stm32g4xx_hal_fdcan.c ****   {
 5519              	 .loc 1 2818 6 view .LVU1952
 5520 0006 012A     	 cmp r2,#1
2810:Drivers/STM32G4xx_HAL_Driver/Src/stm32g4xx_hal_fdcan.c ****   HAL_FDCAN_StateTypeDef state = hfdcan->State;
 5521              	 .loc 1 2810 1 view .LVU1953
 5522 0008 0346     	 mov r3,r0
2818:Drivers/STM32G4xx_HAL_Driver/Src/stm32g4xx_hal_fdcan.c ****   {
 5523              	 .loc 1 2818 6 view .LVU1954
 5524 000a 05D9     	 bls .L682
2893:Drivers/STM32G4xx_HAL_Driver/Src/stm32g4xx_hal_fdcan.c **** 
 5525              	 .loc 1 2893 5 is_stmt 1 view .LVU1955
2893:Drivers/STM32G4xx_HAL_Driver/Src/stm32g4xx_hal_fdcan.c **** 
 5526              	 .loc 1 2893 11 is_stmt 0 view .LVU1956
 5527 000c 026E     	 ldr r2,[r0,#96]
 5528              	.LVL367:
2893:Drivers/STM32G4xx_HAL_Driver/Src/stm32g4xx_hal_fdcan.c **** 
 5529              	 .loc 1 2893 23 view .LVU1957
 5530 000e 42F00202 	 orr r2,r2,#2
2895:Drivers/STM32G4xx_HAL_Driver/Src/stm32g4xx_hal_fdcan.c ****   }
 5531              	 .loc 1 2895 12 view .LVU1958
 5532 0012 0120     	 movs r0,#1
 5533              	.LVL368:
2893:Drivers/STM32G4xx_HAL_Driver/Src/stm32g4xx_hal_fdcan.c **** 
 5534              	 .loc 1 2893 23 view .LVU1959
 5535 0014 1A66     	 str r2,[r3,#96]
2895:Drivers/STM32G4xx_HAL_Driver/Src/stm32g4xx_hal_fdcan.c ****   }
 5536              	 .loc 1 2895 5 is_stmt 1 view .LVU1960
2897:Drivers/STM32G4xx_HAL_Driver/Src/stm32g4xx_hal_fdcan.c **** 
 5537              	 .loc 1 2897 1 is_stmt 0 view .LVU1961
 5538 0016 7047     	 bx lr
 5539              	.LVL369:
 5540              	.L682:
2821:Drivers/STM32G4xx_HAL_Driver/Src/stm32g4xx_hal_fdcan.c **** 
 5541              	 .loc 1 2821 5 is_stmt 1 view .LVU1962
ARM GAS   			page 191


 5542 0018 0268     	 ldr r2,[r0]
 5543              	.LVL370:
2821:Drivers/STM32G4xx_HAL_Driver/Src/stm32g4xx_hal_fdcan.c **** 
 5544              	 .loc 1 2821 5 is_stmt 0 view .LVU1963
 5545 001a 536D     	 ldr r3,[r2,#84]
2823:Drivers/STM32G4xx_HAL_Driver/Src/stm32g4xx_hal_fdcan.c ****     {
 5546              	 .loc 1 2823 8 view .LVU1964
 5547 001c 0806     	 lsls r0,r1,#24
 5548              	.LVL371:
2821:Drivers/STM32G4xx_HAL_Driver/Src/stm32g4xx_hal_fdcan.c **** 
 5549              	 .loc 1 2821 5 view .LVU1965
 5550 001e 23EA0103 	 bic r3,r3,r1
2810:Drivers/STM32G4xx_HAL_Driver/Src/stm32g4xx_hal_fdcan.c ****   HAL_FDCAN_StateTypeDef state = hfdcan->State;
 5551              	 .loc 1 2810 1 view .LVU1966
 5552 0022 30B4     	 push {r4,r5}
 5553              	 .cfi_def_cfa_offset 8
 5554              	 .cfi_offset 4,-8
 5555              	 .cfi_offset 5,-4
2821:Drivers/STM32G4xx_HAL_Driver/Src/stm32g4xx_hal_fdcan.c **** 
 5556              	 .loc 1 2821 5 view .LVU1967
 5557 0024 5365     	 str r3,[r2,#84]
2823:Drivers/STM32G4xx_HAL_Driver/Src/stm32g4xx_hal_fdcan.c ****     {
 5558              	 .loc 1 2823 5 is_stmt 1 view .LVU1968
2826:Drivers/STM32G4xx_HAL_Driver/Src/stm32g4xx_hal_fdcan.c ****     }
 5559              	 .loc 1 2826 7 view .LVU1969
2829:Drivers/STM32G4xx_HAL_Driver/Src/stm32g4xx_hal_fdcan.c ****     {
 5560              	 .loc 1 2829 5 view .LVU1970
2826:Drivers/STM32G4xx_HAL_Driver/Src/stm32g4xx_hal_fdcan.c ****     }
 5561              	 .loc 1 2826 7 is_stmt 0 view .LVU1971
 5562 0026 44BF     	 itt mi
 5563 0028 0023     	 movmi r3,#0
 5564 002a C2F8DC30 	 strmi r3,[r2,#220]
2829:Drivers/STM32G4xx_HAL_Driver/Src/stm32g4xx_hal_fdcan.c ****     {
 5565              	 .loc 1 2829 8 view .LVU1972
 5566 002e CB05     	 lsls r3,r1,#23
2832:Drivers/STM32G4xx_HAL_Driver/Src/stm32g4xx_hal_fdcan.c ****     }
 5567              	 .loc 1 2832 7 is_stmt 1 view .LVU1973
2836:Drivers/STM32G4xx_HAL_Driver/Src/stm32g4xx_hal_fdcan.c ****     ITs_lines_selection = hfdcan->Instance->ILS;
 5568              	 .loc 1 2836 5 view .LVU1974
2832:Drivers/STM32G4xx_HAL_Driver/Src/stm32g4xx_hal_fdcan.c ****     }
 5569              	 .loc 1 2832 7 is_stmt 0 view .LVU1975
 5570 0030 44BF     	 itt mi
 5571 0032 0023     	 movmi r3,#0
 5572 0034 C2F8E030 	 strmi r3,[r2,#224]
2836:Drivers/STM32G4xx_HAL_Driver/Src/stm32g4xx_hal_fdcan.c ****     ITs_lines_selection = hfdcan->Instance->ILS;
 5573              	 .loc 1 2836 17 view .LVU1976
 5574 0038 536D     	 ldr r3,[r2,#84]
 5575              	.LVL372:
2837:Drivers/STM32G4xx_HAL_Driver/Src/stm32g4xx_hal_fdcan.c **** 
 5576              	 .loc 1 2837 5 is_stmt 1 view .LVU1977
2837:Drivers/STM32G4xx_HAL_Driver/Src/stm32g4xx_hal_fdcan.c **** 
 5577              	 .loc 1 2837 25 is_stmt 0 view .LVU1978
 5578 003a 916D     	 ldr r1,[r2,#88]
 5579              	.LVL373:
2840:Drivers/STM32G4xx_HAL_Driver/Src/stm32g4xx_hal_fdcan.c ****          && (((ITs_lines_selection) & FDCAN_IT_GROUP_RX_FIFO0)       == 0U)) || \
 5580              	 .loc 1 2840 5 is_stmt 1 view .LVU1979
2840:Drivers/STM32G4xx_HAL_Driver/Src/stm32g4xx_hal_fdcan.c ****          && (((ITs_lines_selection) & FDCAN_IT_GROUP_RX_FIFO0)       == 0U)) || \
ARM GAS   			page 192


 5581              	 .loc 1 2840 8 is_stmt 0 view .LVU1980
 5582 003c 13F00704 	 ands r4,r3,#7
2842:Drivers/STM32G4xx_HAL_Driver/Src/stm32g4xx_hal_fdcan.c ****          && (((ITs_lines_selection) & FDCAN_IT_GROUP_RX_FIFO1)       == 0U)) || \
 5583              	 .loc 1 2842 24 view .LVU1981
 5584 0040 03F03800 	 and r0,r3,#56
2840:Drivers/STM32G4xx_HAL_Driver/Src/stm32g4xx_hal_fdcan.c ****          && (((ITs_lines_selection) & FDCAN_IT_GROUP_RX_FIFO0)       == 0U)) || \
 5585              	 .loc 1 2840 8 view .LVU1982
 5586 0044 15D1     	 bne .L571
2841:Drivers/STM32G4xx_HAL_Driver/Src/stm32g4xx_hal_fdcan.c ****         (((ITs_enabled & FDCAN_IT_LIST_RX_FIFO1)       != 0U)
 5587              	 .loc 1 2841 78 discriminator 1 view .LVU1983
 5588 0046 0028     	 cmp r0,#0
 5589 0048 42D0     	 beq .L572
2843:Drivers/STM32G4xx_HAL_Driver/Src/stm32g4xx_hal_fdcan.c ****         (((ITs_enabled & FDCAN_IT_LIST_SMSG)           != 0U)
 5590              	 .loc 1 2843 10 view .LVU1984
 5591 004a 8D07     	 lsls r5,r1,#30
 5592 004c 21D5     	 bpl .L675
2843:Drivers/STM32G4xx_HAL_Driver/Src/stm32g4xx_hal_fdcan.c ****         (((ITs_enabled & FDCAN_IT_LIST_SMSG)           != 0U)
 5593              	 .loc 1 2843 78 discriminator 1 view .LVU1985
 5594 004e 13F4E07F 	 tst r3,#448
 5595 0052 5AD1     	 bne .L683
 5596              	.L582:
2845:Drivers/STM32G4xx_HAL_Driver/Src/stm32g4xx_hal_fdcan.c ****         (((ITs_enabled & FDCAN_IT_LIST_TX_FIFO_ERROR)  != 0U)
 5597              	 .loc 1 2845 78 discriminator 1 view .LVU1986
 5598 0054 13F4F05F 	 tst r3,#7680
 5599 0058 43D0     	 beq .L585
2847:Drivers/STM32G4xx_HAL_Driver/Src/stm32g4xx_hal_fdcan.c ****         (((ITs_enabled & FDCAN_IT_LIST_MISC)           != 0U)
 5600              	 .loc 1 2847 10 view .LVU1987
 5601 005a 0D07     	 lsls r5,r1,#28
 5602 005c 41D4     	 bmi .L585
 5603              	.L586:
2864:Drivers/STM32G4xx_HAL_Driver/Src/stm32g4xx_hal_fdcan.c ****          && (((ITs_lines_selection) & FDCAN_IT_GROUP_RX_FIFO0)       != 0U)) || \
 5604              	 .loc 1 2864 5 is_stmt 1 view .LVU1988
2864:Drivers/STM32G4xx_HAL_Driver/Src/stm32g4xx_hal_fdcan.c ****          && (((ITs_lines_selection) & FDCAN_IT_GROUP_RX_FIFO0)       != 0U)) || \
 5605              	 .loc 1 2864 8 is_stmt 0 view .LVU1989
 5606 005e 14B1     	 cbz r4,.L583
 5607 0060 01F00105 	 and r5,r1,#1
2865:Drivers/STM32G4xx_HAL_Driver/Src/stm32g4xx_hal_fdcan.c ****         (((ITs_enabled & FDCAN_IT_LIST_RX_FIFO1)       != 0U)
 5608              	 .loc 1 2865 10 view .LVU1990
 5609 0064 15B9     	 cbnz r5,.L590
 5610              	.L583:
2865:Drivers/STM32G4xx_HAL_Driver/Src/stm32g4xx_hal_fdcan.c ****         (((ITs_enabled & FDCAN_IT_LIST_RX_FIFO1)       != 0U)
 5611              	 .loc 1 2865 78 discriminator 1 view .LVU1991
 5612 0066 A0B1     	 cbz r0,.L675
 5613              	.L577:
2867:Drivers/STM32G4xx_HAL_Driver/Src/stm32g4xx_hal_fdcan.c ****         (((ITs_enabled & FDCAN_IT_LIST_SMSG)           != 0U)
 5614              	 .loc 1 2867 10 view .LVU1992
 5615 0068 8C07     	 lsls r4,r1,#30
 5616 006a 12D5     	 bpl .L675
 5617              	.LVL374:
 5618              	.L590:
2888:Drivers/STM32G4xx_HAL_Driver/Src/stm32g4xx_hal_fdcan.c ****   }
 5619              	 .loc 1 2888 12 view .LVU1993
 5620 006c 0020     	 movs r0,#0
2897:Drivers/STM32G4xx_HAL_Driver/Src/stm32g4xx_hal_fdcan.c **** 
 5621              	 .loc 1 2897 1 view .LVU1994
 5622 006e 30BC     	 pop {r4,r5}
 5623              	 .cfi_remember_state
ARM GAS   			page 193


 5624              	 .cfi_restore 5
 5625              	 .cfi_restore 4
 5626              	 .cfi_def_cfa_offset 0
 5627 0070 7047     	 bx lr
 5628              	.LVL375:
 5629              	.L571:
 5630              	 .cfi_restore_state
2841:Drivers/STM32G4xx_HAL_Driver/Src/stm32g4xx_hal_fdcan.c ****         (((ITs_enabled & FDCAN_IT_LIST_RX_FIFO1)       != 0U)
 5631              	 .loc 1 2841 10 view .LVU1995
 5632 0072 11F00105 	 ands r5,r1,#1
 5633 0076 F6D0     	 beq .L583
2841:Drivers/STM32G4xx_HAL_Driver/Src/stm32g4xx_hal_fdcan.c ****         (((ITs_enabled & FDCAN_IT_LIST_RX_FIFO1)       != 0U)
 5634              	 .loc 1 2841 78 discriminator 1 view .LVU1996
 5635 0078 10B1     	 cbz r0,.L670
2843:Drivers/STM32G4xx_HAL_Driver/Src/stm32g4xx_hal_fdcan.c ****         (((ITs_enabled & FDCAN_IT_LIST_SMSG)           != 0U)
 5636              	 .loc 1 2843 10 view .LVU1997
 5637 007a 11F0020F 	 tst r1,#2
 5638 007e F5D0     	 beq .L590
 5639              	.L670:
2843:Drivers/STM32G4xx_HAL_Driver/Src/stm32g4xx_hal_fdcan.c ****         (((ITs_enabled & FDCAN_IT_LIST_SMSG)           != 0U)
 5640              	 .loc 1 2843 78 discriminator 1 view .LVU1998
 5641 0080 13F4E07F 	 tst r3,#448
 5642 0084 E6D0     	 beq .L582
2845:Drivers/STM32G4xx_HAL_Driver/Src/stm32g4xx_hal_fdcan.c ****         (((ITs_enabled & FDCAN_IT_LIST_TX_FIFO_ERROR)  != 0U)
 5643              	 .loc 1 2845 10 view .LVU1999
 5644 0086 11F0040F 	 tst r1,#4
 5645 008a E3D1     	 bne .L582
2865:Drivers/STM32G4xx_HAL_Driver/Src/stm32g4xx_hal_fdcan.c ****         (((ITs_enabled & FDCAN_IT_LIST_RX_FIFO1)       != 0U)
 5646              	 .loc 1 2865 10 view .LVU2000
 5647 008c 002D     	 cmp r5,#0
 5648 008e EDD1     	 bne .L590
 5649 0090 E9E7     	 b .L583
 5650              	.L675:
2865:Drivers/STM32G4xx_HAL_Driver/Src/stm32g4xx_hal_fdcan.c ****         (((ITs_enabled & FDCAN_IT_LIST_RX_FIFO1)       != 0U)
 5651              	 .loc 1 2865 10 view .LVU2001
 5652 0092 03F4E075 	 and r5,r3,#448
2867:Drivers/STM32G4xx_HAL_Driver/Src/stm32g4xx_hal_fdcan.c ****         (((ITs_enabled & FDCAN_IT_LIST_SMSG)           != 0U)
 5653              	 .loc 1 2867 78 discriminator 1 view .LVU2002
 5654 0096 C5B9     	 cbnz r5,.L574
 5655              	.L575:
2869:Drivers/STM32G4xx_HAL_Driver/Src/stm32g4xx_hal_fdcan.c ****         (((ITs_enabled & FDCAN_IT_LIST_TX_FIFO_ERROR)  != 0U)
 5656              	 .loc 1 2869 78 discriminator 1 view .LVU2003
 5657 0098 13F4F05F 	 tst r3,#7680
 5658 009c 01D0     	 beq .L591
2871:Drivers/STM32G4xx_HAL_Driver/Src/stm32g4xx_hal_fdcan.c ****         (((ITs_enabled & FDCAN_IT_LIST_MISC)           != 0U)
 5659              	 .loc 1 2871 10 view .LVU2004
 5660 009e 0D07     	 lsls r5,r1,#28
 5661 00a0 E4D4     	 bmi .L590
 5662              	.L591:
2871:Drivers/STM32G4xx_HAL_Driver/Src/stm32g4xx_hal_fdcan.c ****         (((ITs_enabled & FDCAN_IT_LIST_MISC)           != 0U)
 5663              	 .loc 1 2871 78 discriminator 1 view .LVU2005
 5664 00a2 13F4604F 	 tst r3,#57344
 5665 00a6 01D0     	 beq .L592
2873:Drivers/STM32G4xx_HAL_Driver/Src/stm32g4xx_hal_fdcan.c ****         (((ITs_enabled & FDCAN_IT_LIST_BIT_LINE_ERROR) != 0U)
 5666              	 .loc 1 2873 10 view .LVU2006
 5667 00a8 CC06     	 lsls r4,r1,#27
 5668 00aa DFD4     	 bmi .L590
ARM GAS   			page 194


 5669              	.L592:
2873:Drivers/STM32G4xx_HAL_Driver/Src/stm32g4xx_hal_fdcan.c ****         (((ITs_enabled & FDCAN_IT_LIST_BIT_LINE_ERROR) != 0U)
 5670              	 .loc 1 2873 78 discriminator 1 view .LVU2007
 5671 00ac 13F4403F 	 tst r3,#196608
 5672 00b0 01D0     	 beq .L593
2875:Drivers/STM32G4xx_HAL_Driver/Src/stm32g4xx_hal_fdcan.c ****         (((ITs_enabled & FDCAN_IT_LIST_PROTOCOL_ERROR) != 0U)
 5673              	 .loc 1 2875 10 view .LVU2008
 5674 00b2 8806     	 lsls r0,r1,#26
 5675 00b4 DAD4     	 bmi .L590
 5676              	.L593:
2875:Drivers/STM32G4xx_HAL_Driver/Src/stm32g4xx_hal_fdcan.c ****         (((ITs_enabled & FDCAN_IT_LIST_PROTOCOL_ERROR) != 0U)
 5677              	 .loc 1 2875 78 discriminator 1 view .LVU2009
 5678 00b6 13F47C0F 	 tst r3,#16515072
 5679 00ba 01D0     	 beq .L594
2877:Drivers/STM32G4xx_HAL_Driver/Src/stm32g4xx_hal_fdcan.c ****     {
 5680              	 .loc 1 2877 10 view .LVU2010
 5681 00bc 4B06     	 lsls r3,r1,#25
 5682              	.LVL376:
2877:Drivers/STM32G4xx_HAL_Driver/Src/stm32g4xx_hal_fdcan.c ****     {
 5683              	 .loc 1 2877 10 view .LVU2011
 5684 00be D5D4     	 bmi .L590
 5685              	.L594:
2884:Drivers/STM32G4xx_HAL_Driver/Src/stm32g4xx_hal_fdcan.c ****     }
 5686              	 .loc 1 2884 7 is_stmt 1 view .LVU2012
 5687 00c0 D36D     	 ldr r3,[r2,#92]
 5688 00c2 23F00203 	 bic r3,r3,#2
 5689 00c6 D365     	 str r3,[r2,#92]
 5690 00c8 D0E7     	 b .L590
 5691              	.LVL377:
 5692              	.L574:
2869:Drivers/STM32G4xx_HAL_Driver/Src/stm32g4xx_hal_fdcan.c ****         (((ITs_enabled & FDCAN_IT_LIST_TX_FIFO_ERROR)  != 0U)
 5693              	 .loc 1 2869 10 is_stmt 0 view .LVU2013
 5694 00ca 4807     	 lsls r0,r1,#29
 5695 00cc CED4     	 bmi .L590
 5696 00ce E3E7     	 b .L575
 5697              	.L572:
2843:Drivers/STM32G4xx_HAL_Driver/Src/stm32g4xx_hal_fdcan.c ****         (((ITs_enabled & FDCAN_IT_LIST_SMSG)           != 0U)
 5698              	 .loc 1 2843 78 discriminator 1 view .LVU2014
 5699 00d0 13F4E075 	 ands r5,r3,#448
 5700 00d4 BED0     	 beq .L582
2845:Drivers/STM32G4xx_HAL_Driver/Src/stm32g4xx_hal_fdcan.c ****         (((ITs_enabled & FDCAN_IT_LIST_TX_FIFO_ERROR)  != 0U)
 5701              	 .loc 1 2845 10 view .LVU2015
 5702 00d6 11F0040F 	 tst r1,#4
 5703 00da BBD1     	 bne .L582
2867:Drivers/STM32G4xx_HAL_Driver/Src/stm32g4xx_hal_fdcan.c ****         (((ITs_enabled & FDCAN_IT_LIST_SMSG)           != 0U)
 5704              	 .loc 1 2867 78 discriminator 1 view .LVU2016
 5705 00dc 002D     	 cmp r5,#0
 5706 00de F4D1     	 bne .L574
 5707 00e0 DAE7     	 b .L575
 5708              	.L585:
2847:Drivers/STM32G4xx_HAL_Driver/Src/stm32g4xx_hal_fdcan.c ****         (((ITs_enabled & FDCAN_IT_LIST_MISC)           != 0U)
 5709              	 .loc 1 2847 78 discriminator 1 view .LVU2017
 5710 00e2 13F4604F 	 tst r3,#57344
 5711 00e6 01D0     	 beq .L587
2849:Drivers/STM32G4xx_HAL_Driver/Src/stm32g4xx_hal_fdcan.c ****         (((ITs_enabled & FDCAN_IT_LIST_BIT_LINE_ERROR) != 0U)
 5712              	 .loc 1 2849 10 view .LVU2018
 5713 00e8 CD06     	 lsls r5,r1,#27
ARM GAS   			page 195


 5714 00ea B8D5     	 bpl .L586
 5715              	.L587:
2849:Drivers/STM32G4xx_HAL_Driver/Src/stm32g4xx_hal_fdcan.c ****         (((ITs_enabled & FDCAN_IT_LIST_BIT_LINE_ERROR) != 0U)
 5716              	 .loc 1 2849 78 discriminator 1 view .LVU2019
 5717 00ec 13F4403F 	 tst r3,#196608
 5718 00f0 01D0     	 beq .L588
2851:Drivers/STM32G4xx_HAL_Driver/Src/stm32g4xx_hal_fdcan.c ****         (((ITs_enabled & FDCAN_IT_LIST_PROTOCOL_ERROR) != 0U)
 5719              	 .loc 1 2851 10 view .LVU2020
 5720 00f2 8D06     	 lsls r5,r1,#26
 5721 00f4 B3D5     	 bpl .L586
 5722              	.L588:
2851:Drivers/STM32G4xx_HAL_Driver/Src/stm32g4xx_hal_fdcan.c ****         (((ITs_enabled & FDCAN_IT_LIST_PROTOCOL_ERROR) != 0U)
 5723              	 .loc 1 2851 78 discriminator 1 view .LVU2021
 5724 00f6 13F47C0F 	 tst r3,#16515072
 5725 00fa 01D0     	 beq .L589
2853:Drivers/STM32G4xx_HAL_Driver/Src/stm32g4xx_hal_fdcan.c ****     {
 5726              	 .loc 1 2853 10 view .LVU2022
 5727 00fc 4D06     	 lsls r5,r1,#25
 5728 00fe AED5     	 bpl .L586
 5729              	.L589:
2860:Drivers/STM32G4xx_HAL_Driver/Src/stm32g4xx_hal_fdcan.c ****     }
 5730              	 .loc 1 2860 7 is_stmt 1 view .LVU2023
 5731 0100 D56D     	 ldr r5,[r2,#92]
 5732 0102 25F00105 	 bic r5,r5,#1
 5733 0106 D565     	 str r5,[r2,#92]
 5734 0108 A9E7     	 b .L586
 5735              	.L683:
2845:Drivers/STM32G4xx_HAL_Driver/Src/stm32g4xx_hal_fdcan.c ****         (((ITs_enabled & FDCAN_IT_LIST_TX_FIFO_ERROR)  != 0U)
 5736              	 .loc 1 2845 10 is_stmt 0 view .LVU2024
 5737 010a 4D07     	 lsls r5,r1,#29
 5738 010c A2D4     	 bmi .L582
2865:Drivers/STM32G4xx_HAL_Driver/Src/stm32g4xx_hal_fdcan.c ****         (((ITs_enabled & FDCAN_IT_LIST_RX_FIFO1)       != 0U)
 5739              	 .loc 1 2865 78 discriminator 1 view .LVU2025
 5740 010e 0028     	 cmp r0,#0
 5741 0110 AAD1     	 bne .L577
 5742 0112 BEE7     	 b .L675
 5743              	 .cfi_endproc
 5744              	.LFE420:
 5746              	 .section .text.HAL_FDCAN_IRQHandler,"ax",%progbits
 5747              	 .align 1
 5748              	 .p2align 2,,3
 5749              	 .global HAL_FDCAN_IRQHandler
 5750              	 .syntax unified
 5751              	 .thumb
 5752              	 .thumb_func
 5754              	HAL_FDCAN_IRQHandler:
 5755              	.LVL378:
 5756              	.LFB421:
2906:Drivers/STM32G4xx_HAL_Driver/Src/stm32g4xx_hal_fdcan.c ****   uint32_t TxEventFifoITs;
 5757              	 .loc 1 2906 1 is_stmt 1 view-0
 5758              	 .cfi_startproc
 5759              	 
 5760              	 
2907:Drivers/STM32G4xx_HAL_Driver/Src/stm32g4xx_hal_fdcan.c ****   uint32_t RxFifo0ITs;
 5761              	 .loc 1 2907 3 view .LVU2027
2908:Drivers/STM32G4xx_HAL_Driver/Src/stm32g4xx_hal_fdcan.c ****   uint32_t RxFifo1ITs;
 5762              	 .loc 1 2908 3 view .LVU2028
ARM GAS   			page 196


2909:Drivers/STM32G4xx_HAL_Driver/Src/stm32g4xx_hal_fdcan.c ****   uint32_t Errors;
 5763              	 .loc 1 2909 3 view .LVU2029
2910:Drivers/STM32G4xx_HAL_Driver/Src/stm32g4xx_hal_fdcan.c ****   uint32_t ErrorStatusITs;
 5764              	 .loc 1 2910 3 view .LVU2030
2911:Drivers/STM32G4xx_HAL_Driver/Src/stm32g4xx_hal_fdcan.c ****   uint32_t TransmittedBuffers;
 5765              	 .loc 1 2911 3 view .LVU2031
2912:Drivers/STM32G4xx_HAL_Driver/Src/stm32g4xx_hal_fdcan.c ****   uint32_t AbortedBuffers;
 5766              	 .loc 1 2912 3 view .LVU2032
2913:Drivers/STM32G4xx_HAL_Driver/Src/stm32g4xx_hal_fdcan.c ****   uint32_t itsource;
 5767              	 .loc 1 2913 3 view .LVU2033
2914:Drivers/STM32G4xx_HAL_Driver/Src/stm32g4xx_hal_fdcan.c ****   uint32_t itflag;
 5768              	 .loc 1 2914 3 view .LVU2034
2915:Drivers/STM32G4xx_HAL_Driver/Src/stm32g4xx_hal_fdcan.c **** 
 5769              	 .loc 1 2915 3 view .LVU2035
2917:Drivers/STM32G4xx_HAL_Driver/Src/stm32g4xx_hal_fdcan.c ****   TxEventFifoITs &= hfdcan->Instance->IE;
 5770              	 .loc 1 2917 3 view .LVU2036
2917:Drivers/STM32G4xx_HAL_Driver/Src/stm32g4xx_hal_fdcan.c ****   TxEventFifoITs &= hfdcan->Instance->IE;
 5771              	 .loc 1 2917 26 is_stmt 0 view .LVU2037
 5772 0000 0368     	 ldr r3,[r0]
2917:Drivers/STM32G4xx_HAL_Driver/Src/stm32g4xx_hal_fdcan.c ****   TxEventFifoITs &= hfdcan->Instance->IE;
 5773              	 .loc 1 2917 36 view .LVU2038
 5774 0002 1A6D     	 ldr r2,[r3,#80]
 5775              	.LVL379:
2918:Drivers/STM32G4xx_HAL_Driver/Src/stm32g4xx_hal_fdcan.c ****   RxFifo0ITs = hfdcan->Instance->IR & FDCAN_RX_FIFO0_MASK;
 5776              	 .loc 1 2918 3 is_stmt 1 view .LVU2039
2918:Drivers/STM32G4xx_HAL_Driver/Src/stm32g4xx_hal_fdcan.c ****   RxFifo0ITs = hfdcan->Instance->IR & FDCAN_RX_FIFO0_MASK;
 5777              	 .loc 1 2918 37 is_stmt 0 view .LVU2040
 5778 0004 596D     	 ldr r1,[r3,#84]
2906:Drivers/STM32G4xx_HAL_Driver/Src/stm32g4xx_hal_fdcan.c ****   uint32_t TxEventFifoITs;
 5779              	 .loc 1 2906 1 view .LVU2041
 5780 0006 2DE9F04F 	 push {r4,r5,r6,r7,r8,r9,r10,fp,lr}
 5781              	 .cfi_def_cfa_offset 36
 5782              	 .cfi_offset 4,-36
 5783              	 .cfi_offset 5,-32
 5784              	 .cfi_offset 6,-28
 5785              	 .cfi_offset 7,-24
 5786              	 .cfi_offset 8,-20
 5787              	 .cfi_offset 9,-16
 5788              	 .cfi_offset 10,-12
 5789              	 .cfi_offset 11,-8
 5790              	 .cfi_offset 14,-4
2918:Drivers/STM32G4xx_HAL_Driver/Src/stm32g4xx_hal_fdcan.c ****   RxFifo0ITs = hfdcan->Instance->IR & FDCAN_RX_FIFO0_MASK;
 5791              	 .loc 1 2918 18 view .LVU2042
 5792 000a 02EA010B 	 and fp,r2,r1
2919:Drivers/STM32G4xx_HAL_Driver/Src/stm32g4xx_hal_fdcan.c ****   RxFifo0ITs &= hfdcan->Instance->IE;
 5793              	 .loc 1 2919 32 view .LVU2043
 5794 000e 1A6D     	 ldr r2,[r3,#80]
 5795              	.LVL380:
2920:Drivers/STM32G4xx_HAL_Driver/Src/stm32g4xx_hal_fdcan.c ****   RxFifo1ITs = hfdcan->Instance->IR & FDCAN_RX_FIFO1_MASK;
 5796              	 .loc 1 2920 33 view .LVU2044
 5797 0010 596D     	 ldr r1,[r3,#84]
2921:Drivers/STM32G4xx_HAL_Driver/Src/stm32g4xx_hal_fdcan.c ****   RxFifo1ITs &= hfdcan->Instance->IE;
 5798              	 .loc 1 2921 32 view .LVU2045
 5799 0012 1F6D     	 ldr r7,[r3,#80]
2920:Drivers/STM32G4xx_HAL_Driver/Src/stm32g4xx_hal_fdcan.c ****   RxFifo1ITs = hfdcan->Instance->IR & FDCAN_RX_FIFO1_MASK;
 5800              	 .loc 1 2920 14 view .LVU2046
 5801 0014 02EA010A 	 and r10,r2,r1
ARM GAS   			page 197


2922:Drivers/STM32G4xx_HAL_Driver/Src/stm32g4xx_hal_fdcan.c ****   Errors = hfdcan->Instance->IR & FDCAN_ERROR_MASK;
 5802              	 .loc 1 2922 33 view .LVU2047
 5803 0018 5A6D     	 ldr r2,[r3,#84]
2923:Drivers/STM32G4xx_HAL_Driver/Src/stm32g4xx_hal_fdcan.c ****   Errors &= hfdcan->Instance->IE;
 5804              	 .loc 1 2923 28 view .LVU2048
 5805 001a 1D6D     	 ldr r5,[r3,#80]
2922:Drivers/STM32G4xx_HAL_Driver/Src/stm32g4xx_hal_fdcan.c ****   Errors = hfdcan->Instance->IR & FDCAN_ERROR_MASK;
 5806              	 .loc 1 2922 14 view .LVU2049
 5807 001c 1740     	 ands r7,r7,r2
2924:Drivers/STM32G4xx_HAL_Driver/Src/stm32g4xx_hal_fdcan.c ****   ErrorStatusITs = hfdcan->Instance->IR & FDCAN_ERROR_STATUS_MASK;
 5808              	 .loc 1 2924 29 view .LVU2050
 5809 001e 5A6D     	 ldr r2,[r3,#84]
2925:Drivers/STM32G4xx_HAL_Driver/Src/stm32g4xx_hal_fdcan.c ****   ErrorStatusITs &= hfdcan->Instance->IE;
 5810              	 .loc 1 2925 36 view .LVU2051
 5811 0020 1E6D     	 ldr r6,[r3,#80]
2924:Drivers/STM32G4xx_HAL_Driver/Src/stm32g4xx_hal_fdcan.c ****   ErrorStatusITs = hfdcan->Instance->IR & FDCAN_ERROR_STATUS_MASK;
 5812              	 .loc 1 2924 10 view .LVU2052
 5813 0022 1540     	 ands r5,r5,r2
2926:Drivers/STM32G4xx_HAL_Driver/Src/stm32g4xx_hal_fdcan.c ****   itsource = hfdcan->Instance->IE;
 5814              	 .loc 1 2926 37 view .LVU2053
 5815 0024 5A6D     	 ldr r2,[r3,#84]
2927:Drivers/STM32G4xx_HAL_Driver/Src/stm32g4xx_hal_fdcan.c ****   itflag = hfdcan->Instance->IR;
 5816              	 .loc 1 2927 12 view .LVU2054
 5817 0026 D3F85480 	 ldr r8,[r3,#84]
2928:Drivers/STM32G4xx_HAL_Driver/Src/stm32g4xx_hal_fdcan.c **** 
 5818              	 .loc 1 2928 10 view .LVU2055
 5819 002a D3F85090 	 ldr r9,[r3,#80]
2926:Drivers/STM32G4xx_HAL_Driver/Src/stm32g4xx_hal_fdcan.c ****   itsource = hfdcan->Instance->IE;
 5820              	 .loc 1 2926 18 view .LVU2056
 5821 002e 1640     	 ands r6,r6,r2
2931:Drivers/STM32G4xx_HAL_Driver/Src/stm32g4xx_hal_fdcan.c ****   {
 5822              	 .loc 1 2931 6 view .LVU2057
 5823 0030 19F0400F 	 tst r9,#64
2906:Drivers/STM32G4xx_HAL_Driver/Src/stm32g4xx_hal_fdcan.c ****   uint32_t TxEventFifoITs;
 5824              	 .loc 1 2906 1 view .LVU2058
 5825 0034 81B0     	 sub sp,sp,#4
 5826              	 .cfi_def_cfa_offset 40
2906:Drivers/STM32G4xx_HAL_Driver/Src/stm32g4xx_hal_fdcan.c ****   uint32_t TxEventFifoITs;
 5827              	 .loc 1 2906 1 view .LVU2059
 5828 0036 0446     	 mov r4,r0
2918:Drivers/STM32G4xx_HAL_Driver/Src/stm32g4xx_hal_fdcan.c ****   RxFifo0ITs = hfdcan->Instance->IR & FDCAN_RX_FIFO0_MASK;
 5829              	 .loc 1 2918 18 view .LVU2060
 5830 0038 0BF4E05B 	 and fp,fp,#7168
 5831              	.LVL381:
2919:Drivers/STM32G4xx_HAL_Driver/Src/stm32g4xx_hal_fdcan.c ****   RxFifo0ITs &= hfdcan->Instance->IE;
 5832              	 .loc 1 2919 3 is_stmt 1 view .LVU2061
2920:Drivers/STM32G4xx_HAL_Driver/Src/stm32g4xx_hal_fdcan.c ****   RxFifo1ITs = hfdcan->Instance->IR & FDCAN_RX_FIFO1_MASK;
 5833              	 .loc 1 2920 3 view .LVU2062
2920:Drivers/STM32G4xx_HAL_Driver/Src/stm32g4xx_hal_fdcan.c ****   RxFifo1ITs = hfdcan->Instance->IR & FDCAN_RX_FIFO1_MASK;
 5834              	 .loc 1 2920 14 is_stmt 0 view .LVU2063
 5835 003c 0AF0070A 	 and r10,r10,#7
 5836              	.LVL382:
2921:Drivers/STM32G4xx_HAL_Driver/Src/stm32g4xx_hal_fdcan.c ****   RxFifo1ITs &= hfdcan->Instance->IE;
 5837              	 .loc 1 2921 3 is_stmt 1 view .LVU2064
2922:Drivers/STM32G4xx_HAL_Driver/Src/stm32g4xx_hal_fdcan.c ****   Errors = hfdcan->Instance->IR & FDCAN_ERROR_MASK;
 5838              	 .loc 1 2922 3 view .LVU2065
2922:Drivers/STM32G4xx_HAL_Driver/Src/stm32g4xx_hal_fdcan.c ****   Errors = hfdcan->Instance->IR & FDCAN_ERROR_MASK;
ARM GAS   			page 198


 5839              	 .loc 1 2922 14 is_stmt 0 view .LVU2066
 5840 0040 07F03807 	 and r7,r7,#56
 5841              	.LVL383:
2923:Drivers/STM32G4xx_HAL_Driver/Src/stm32g4xx_hal_fdcan.c ****   Errors &= hfdcan->Instance->IE;
 5842              	 .loc 1 2923 3 is_stmt 1 view .LVU2067
2924:Drivers/STM32G4xx_HAL_Driver/Src/stm32g4xx_hal_fdcan.c ****   ErrorStatusITs = hfdcan->Instance->IR & FDCAN_ERROR_STATUS_MASK;
 5843              	 .loc 1 2924 3 view .LVU2068
2924:Drivers/STM32G4xx_HAL_Driver/Src/stm32g4xx_hal_fdcan.c ****   ErrorStatusITs = hfdcan->Instance->IR & FDCAN_ERROR_STATUS_MASK;
 5844              	 .loc 1 2924 10 is_stmt 0 view .LVU2069
 5845 0044 05F47105 	 and r5,r5,#15794176
 5846              	.LVL384:
2925:Drivers/STM32G4xx_HAL_Driver/Src/stm32g4xx_hal_fdcan.c ****   ErrorStatusITs &= hfdcan->Instance->IE;
 5847              	 .loc 1 2925 3 is_stmt 1 view .LVU2070
2926:Drivers/STM32G4xx_HAL_Driver/Src/stm32g4xx_hal_fdcan.c ****   itsource = hfdcan->Instance->IE;
 5848              	 .loc 1 2926 3 view .LVU2071
2926:Drivers/STM32G4xx_HAL_Driver/Src/stm32g4xx_hal_fdcan.c ****   itsource = hfdcan->Instance->IE;
 5849              	 .loc 1 2926 18 is_stmt 0 view .LVU2072
 5850 0048 06F46026 	 and r6,r6,#917504
 5851              	.LVL385:
2927:Drivers/STM32G4xx_HAL_Driver/Src/stm32g4xx_hal_fdcan.c ****   itflag = hfdcan->Instance->IR;
 5852              	 .loc 1 2927 3 is_stmt 1 view .LVU2073
2928:Drivers/STM32G4xx_HAL_Driver/Src/stm32g4xx_hal_fdcan.c **** 
 5853              	 .loc 1 2928 3 view .LVU2074
2931:Drivers/STM32G4xx_HAL_Driver/Src/stm32g4xx_hal_fdcan.c ****   {
 5854              	 .loc 1 2931 3 view .LVU2075
2931:Drivers/STM32G4xx_HAL_Driver/Src/stm32g4xx_hal_fdcan.c ****   {
 5855              	 .loc 1 2931 6 is_stmt 0 view .LVU2076
 5856 004c 03D0     	 beq .L685
2933:Drivers/STM32G4xx_HAL_Driver/Src/stm32g4xx_hal_fdcan.c ****     {
 5857              	 .loc 1 2933 5 is_stmt 1 view .LVU2077
2933:Drivers/STM32G4xx_HAL_Driver/Src/stm32g4xx_hal_fdcan.c ****     {
 5858              	 .loc 1 2933 8 is_stmt 0 view .LVU2078
 5859 004e 18F0400F 	 tst r8,#64
 5860 0052 40F09680 	 bne .L756
 5861              	.LVL386:
 5862              	.L685:
2949:Drivers/STM32G4xx_HAL_Driver/Src/stm32g4xx_hal_fdcan.c ****   {
 5863              	 .loc 1 2949 3 is_stmt 1 view .LVU2079
2949:Drivers/STM32G4xx_HAL_Driver/Src/stm32g4xx_hal_fdcan.c ****   {
 5864              	 .loc 1 2949 6 is_stmt 0 view .LVU2080
 5865 0056 19F4807F 	 tst r9,#256
 5866 005a 03D0     	 beq .L686
2951:Drivers/STM32G4xx_HAL_Driver/Src/stm32g4xx_hal_fdcan.c ****     {
 5867              	 .loc 1 2951 5 is_stmt 1 view .LVU2081
2951:Drivers/STM32G4xx_HAL_Driver/Src/stm32g4xx_hal_fdcan.c ****     {
 5868              	 .loc 1 2951 8 is_stmt 0 view .LVU2082
 5869 005c 18F4807F 	 tst r8,#256
 5870 0060 40F08280 	 bne .L757
 5871              	.L686:
2971:Drivers/STM32G4xx_HAL_Driver/Src/stm32g4xx_hal_fdcan.c ****   {
 5872              	 .loc 1 2971 3 is_stmt 1 view .LVU2083
2971:Drivers/STM32G4xx_HAL_Driver/Src/stm32g4xx_hal_fdcan.c ****   {
 5873              	 .loc 1 2971 6 is_stmt 0 view .LVU2084
 5874 0064 BBF1000F 	 cmp fp,#0
 5875 0068 06D0     	 beq .L687
2974:Drivers/STM32G4xx_HAL_Driver/Src/stm32g4xx_hal_fdcan.c **** 
 5876              	 .loc 1 2974 5 is_stmt 1 view .LVU2085
ARM GAS   			page 199


 5877 006a 2368     	 ldr r3,[r4]
2978:Drivers/STM32G4xx_HAL_Driver/Src/stm32g4xx_hal_fdcan.c **** #else
 5878              	 .loc 1 2978 5 is_stmt 0 view .LVU2086
 5879 006c 5946     	 mov r1,fp
2974:Drivers/STM32G4xx_HAL_Driver/Src/stm32g4xx_hal_fdcan.c **** 
 5880              	 .loc 1 2974 5 view .LVU2087
 5881 006e C3F850B0 	 str fp,[r3,#80]
2978:Drivers/STM32G4xx_HAL_Driver/Src/stm32g4xx_hal_fdcan.c **** #else
 5882              	 .loc 1 2978 5 is_stmt 1 view .LVU2088
 5883 0072 2046     	 mov r0,r4
 5884 0074 636E     	 ldr r3,[r4,#100]
 5885 0076 9847     	 blx r3
 5886              	.LVL387:
 5887              	.L687:
2986:Drivers/STM32G4xx_HAL_Driver/Src/stm32g4xx_hal_fdcan.c ****   {
 5888              	 .loc 1 2986 3 view .LVU2089
2986:Drivers/STM32G4xx_HAL_Driver/Src/stm32g4xx_hal_fdcan.c ****   {
 5889              	 .loc 1 2986 6 is_stmt 0 view .LVU2090
 5890 0078 BAF1000F 	 cmp r10,#0
 5891 007c 06D0     	 beq .L688
2989:Drivers/STM32G4xx_HAL_Driver/Src/stm32g4xx_hal_fdcan.c **** 
 5892              	 .loc 1 2989 5 is_stmt 1 view .LVU2091
 5893 007e 2368     	 ldr r3,[r4]
2993:Drivers/STM32G4xx_HAL_Driver/Src/stm32g4xx_hal_fdcan.c **** #else
 5894              	 .loc 1 2993 5 is_stmt 0 view .LVU2092
 5895 0080 5146     	 mov r1,r10
2989:Drivers/STM32G4xx_HAL_Driver/Src/stm32g4xx_hal_fdcan.c **** 
 5896              	 .loc 1 2989 5 view .LVU2093
 5897 0082 C3F850A0 	 str r10,[r3,#80]
2993:Drivers/STM32G4xx_HAL_Driver/Src/stm32g4xx_hal_fdcan.c **** #else
 5898              	 .loc 1 2993 5 is_stmt 1 view .LVU2094
 5899 0086 2046     	 mov r0,r4
 5900 0088 A36E     	 ldr r3,[r4,#104]
 5901 008a 9847     	 blx r3
 5902              	.LVL388:
 5903              	.L688:
3001:Drivers/STM32G4xx_HAL_Driver/Src/stm32g4xx_hal_fdcan.c ****   {
 5904              	 .loc 1 3001 3 view .LVU2095
3001:Drivers/STM32G4xx_HAL_Driver/Src/stm32g4xx_hal_fdcan.c ****   {
 5905              	 .loc 1 3001 6 is_stmt 0 view .LVU2096
 5906 008c 2FB1     	 cbz r7,.L689
3004:Drivers/STM32G4xx_HAL_Driver/Src/stm32g4xx_hal_fdcan.c **** 
 5907              	 .loc 1 3004 5 is_stmt 1 view .LVU2097
 5908 008e 2368     	 ldr r3,[r4]
3008:Drivers/STM32G4xx_HAL_Driver/Src/stm32g4xx_hal_fdcan.c **** #else
 5909              	 .loc 1 3008 5 is_stmt 0 view .LVU2098
 5910 0090 3946     	 mov r1,r7
3004:Drivers/STM32G4xx_HAL_Driver/Src/stm32g4xx_hal_fdcan.c **** 
 5911              	 .loc 1 3004 5 view .LVU2099
 5912 0092 1F65     	 str r7,[r3,#80]
3008:Drivers/STM32G4xx_HAL_Driver/Src/stm32g4xx_hal_fdcan.c **** #else
 5913              	 .loc 1 3008 5 is_stmt 1 view .LVU2100
 5914 0094 2046     	 mov r0,r4
 5915 0096 E36E     	 ldr r3,[r4,#108]
 5916 0098 9847     	 blx r3
 5917              	.LVL389:
 5918              	.L689:
ARM GAS   			page 200


3016:Drivers/STM32G4xx_HAL_Driver/Src/stm32g4xx_hal_fdcan.c ****   {
 5919              	 .loc 1 3016 3 view .LVU2101
3016:Drivers/STM32G4xx_HAL_Driver/Src/stm32g4xx_hal_fdcan.c ****   {
 5920              	 .loc 1 3016 6 is_stmt 0 view .LVU2102
 5921 009a 19F4007F 	 tst r9,#512
 5922 009e 02D0     	 beq .L690
3018:Drivers/STM32G4xx_HAL_Driver/Src/stm32g4xx_hal_fdcan.c ****     {
 5923              	 .loc 1 3018 5 is_stmt 1 view .LVU2103
3018:Drivers/STM32G4xx_HAL_Driver/Src/stm32g4xx_hal_fdcan.c ****     {
 5924              	 .loc 1 3018 8 is_stmt 0 view .LVU2104
 5925 00a0 18F4007F 	 tst r8,#512
 5926 00a4 58D1     	 bne .L758
 5927              	.L690:
3034:Drivers/STM32G4xx_HAL_Driver/Src/stm32g4xx_hal_fdcan.c ****   {
 5928              	 .loc 1 3034 3 is_stmt 1 view .LVU2105
3034:Drivers/STM32G4xx_HAL_Driver/Src/stm32g4xx_hal_fdcan.c ****   {
 5929              	 .loc 1 3034 6 is_stmt 0 view .LVU2106
 5930 00a6 19F0800F 	 tst r9,#128
 5931 00aa 02D0     	 beq .L691
3036:Drivers/STM32G4xx_HAL_Driver/Src/stm32g4xx_hal_fdcan.c ****     {
 5932              	 .loc 1 3036 5 is_stmt 1 view .LVU2107
3036:Drivers/STM32G4xx_HAL_Driver/Src/stm32g4xx_hal_fdcan.c ****     {
 5933              	 .loc 1 3036 8 is_stmt 0 view .LVU2108
 5934 00ac 18F0800F 	 tst r8,#128
 5935 00b0 46D1     	 bne .L759
 5936              	.L691:
3056:Drivers/STM32G4xx_HAL_Driver/Src/stm32g4xx_hal_fdcan.c ****   {
 5937              	 .loc 1 3056 3 is_stmt 1 view .LVU2109
3056:Drivers/STM32G4xx_HAL_Driver/Src/stm32g4xx_hal_fdcan.c ****   {
 5938              	 .loc 1 3056 6 is_stmt 0 view .LVU2110
 5939 00b2 19F4005F 	 tst r9,#8192
 5940 00b6 02D0     	 beq .L692
3058:Drivers/STM32G4xx_HAL_Driver/Src/stm32g4xx_hal_fdcan.c ****     {
 5941              	 .loc 1 3058 5 is_stmt 1 view .LVU2111
3058:Drivers/STM32G4xx_HAL_Driver/Src/stm32g4xx_hal_fdcan.c ****     {
 5942              	 .loc 1 3058 8 is_stmt 0 view .LVU2112
 5943 00b8 18F4005F 	 tst r8,#8192
 5944 00bc 37D1     	 bne .L760
 5945              	.L692:
3074:Drivers/STM32G4xx_HAL_Driver/Src/stm32g4xx_hal_fdcan.c ****   {
 5946              	 .loc 1 3074 3 is_stmt 1 view .LVU2113
3074:Drivers/STM32G4xx_HAL_Driver/Src/stm32g4xx_hal_fdcan.c ****   {
 5947              	 .loc 1 3074 6 is_stmt 0 view .LVU2114
 5948 00be 19F4004F 	 tst r9,#32768
 5949 00c2 02D0     	 beq .L693
3076:Drivers/STM32G4xx_HAL_Driver/Src/stm32g4xx_hal_fdcan.c ****     {
 5950              	 .loc 1 3076 5 is_stmt 1 view .LVU2115
3076:Drivers/STM32G4xx_HAL_Driver/Src/stm32g4xx_hal_fdcan.c ****     {
 5951              	 .loc 1 3076 8 is_stmt 0 view .LVU2116
 5952 00c4 18F4004F 	 tst r8,#32768
 5953 00c8 28D1     	 bne .L761
 5954              	.L693:
3092:Drivers/STM32G4xx_HAL_Driver/Src/stm32g4xx_hal_fdcan.c ****   {
 5955              	 .loc 1 3092 3 is_stmt 1 view .LVU2117
3092:Drivers/STM32G4xx_HAL_Driver/Src/stm32g4xx_hal_fdcan.c ****   {
 5956              	 .loc 1 3092 6 is_stmt 0 view .LVU2118
 5957 00ca 19F4804F 	 tst r9,#16384
ARM GAS   			page 201


 5958 00ce 02D0     	 beq .L694
3094:Drivers/STM32G4xx_HAL_Driver/Src/stm32g4xx_hal_fdcan.c ****     {
 5959              	 .loc 1 3094 5 is_stmt 1 view .LVU2119
3094:Drivers/STM32G4xx_HAL_Driver/Src/stm32g4xx_hal_fdcan.c ****     {
 5960              	 .loc 1 3094 8 is_stmt 0 view .LVU2120
 5961 00d0 18F4804F 	 tst r8,#16384
 5962 00d4 19D1     	 bne .L762
 5963              	.L694:
3105:Drivers/STM32G4xx_HAL_Driver/Src/stm32g4xx_hal_fdcan.c ****   {
 5964              	 .loc 1 3105 3 is_stmt 1 view .LVU2121
3105:Drivers/STM32G4xx_HAL_Driver/Src/stm32g4xx_hal_fdcan.c ****   {
 5965              	 .loc 1 3105 6 is_stmt 0 view .LVU2122
 5966 00d6 36B1     	 cbz r6,.L695
3108:Drivers/STM32G4xx_HAL_Driver/Src/stm32g4xx_hal_fdcan.c **** 
 5967              	 .loc 1 3108 5 is_stmt 1 view .LVU2123
 5968 00d8 2268     	 ldr r2,[r4]
3112:Drivers/STM32G4xx_HAL_Driver/Src/stm32g4xx_hal_fdcan.c **** #else
 5969              	 .loc 1 3112 5 is_stmt 0 view .LVU2124
 5970 00da D4F88C30 	 ldr r3,[r4,#140]
3108:Drivers/STM32G4xx_HAL_Driver/Src/stm32g4xx_hal_fdcan.c **** 
 5971              	 .loc 1 3108 5 view .LVU2125
 5972 00de 1665     	 str r6,[r2,#80]
3112:Drivers/STM32G4xx_HAL_Driver/Src/stm32g4xx_hal_fdcan.c **** #else
 5973              	 .loc 1 3112 5 is_stmt 1 view .LVU2126
 5974 00e0 3146     	 mov r1,r6
 5975 00e2 2046     	 mov r0,r4
 5976 00e4 9847     	 blx r3
 5977              	.LVL390:
 5978              	.L695:
3120:Drivers/STM32G4xx_HAL_Driver/Src/stm32g4xx_hal_fdcan.c ****   {
 5979              	 .loc 1 3120 3 view .LVU2127
3120:Drivers/STM32G4xx_HAL_Driver/Src/stm32g4xx_hal_fdcan.c ****   {
 5980              	 .loc 1 3120 6 is_stmt 0 view .LVU2128
 5981 00e6 25B1     	 cbz r5,.L696
3123:Drivers/STM32G4xx_HAL_Driver/Src/stm32g4xx_hal_fdcan.c **** 
 5982              	 .loc 1 3123 5 is_stmt 1 view .LVU2129
 5983 00e8 2368     	 ldr r3,[r4]
 5984 00ea 1D65     	 str r5,[r3,#80]
3126:Drivers/STM32G4xx_HAL_Driver/Src/stm32g4xx_hal_fdcan.c ****   }
 5985              	 .loc 1 3126 5 view .LVU2130
3126:Drivers/STM32G4xx_HAL_Driver/Src/stm32g4xx_hal_fdcan.c ****   }
 5986              	 .loc 1 3126 11 is_stmt 0 view .LVU2131
 5987 00ec 236E     	 ldr r3,[r4,#96]
3126:Drivers/STM32G4xx_HAL_Driver/Src/stm32g4xx_hal_fdcan.c ****   }
 5988              	 .loc 1 3126 23 view .LVU2132
 5989 00ee 2B43     	 orrs r3,r3,r5
 5990 00f0 2366     	 str r3,[r4,#96]
 5991              	.L696:
3129:Drivers/STM32G4xx_HAL_Driver/Src/stm32g4xx_hal_fdcan.c ****   {
 5992              	 .loc 1 3129 3 is_stmt 1 view .LVU2133
3129:Drivers/STM32G4xx_HAL_Driver/Src/stm32g4xx_hal_fdcan.c ****   {
 5993              	 .loc 1 3129 13 is_stmt 0 view .LVU2134
 5994 00f2 236E     	 ldr r3,[r4,#96]
3129:Drivers/STM32G4xx_HAL_Driver/Src/stm32g4xx_hal_fdcan.c ****   {
 5995              	 .loc 1 3129 6 view .LVU2135
 5996 00f4 33B1     	 cbz r3,.L684
3133:Drivers/STM32G4xx_HAL_Driver/Src/stm32g4xx_hal_fdcan.c **** #else
ARM GAS   			page 202


 5997              	 .loc 1 3133 5 is_stmt 1 view .LVU2136
 5998 00f6 D4F88830 	 ldr r3,[r4,#136]
 5999 00fa 2046     	 mov r0,r4
3139:Drivers/STM32G4xx_HAL_Driver/Src/stm32g4xx_hal_fdcan.c **** 
 6000              	 .loc 1 3139 1 is_stmt 0 view .LVU2137
 6001 00fc 01B0     	 add sp,sp,#4
 6002              	 .cfi_remember_state
 6003              	 .cfi_def_cfa_offset 36
 6004              	 
 6005 00fe BDE8F04F 	 pop {r4,r5,r6,r7,r8,r9,r10,fp,lr}
 6006              	 .cfi_restore 14
 6007              	 .cfi_restore 11
 6008              	 .cfi_restore 10
 6009              	 .cfi_restore 9
 6010              	 .cfi_restore 8
 6011              	 .cfi_restore 7
 6012              	 .cfi_restore 6
 6013              	 .cfi_restore 5
 6014              	 .cfi_restore 4
 6015              	 .cfi_def_cfa_offset 0
 6016              	.LVL391:
3133:Drivers/STM32G4xx_HAL_Driver/Src/stm32g4xx_hal_fdcan.c **** #else
 6017              	 .loc 1 3133 5 view .LVU2138
 6018 0102 1847     	 bx r3
 6019              	.LVL392:
 6020              	.L684:
 6021              	 .cfi_restore_state
3139:Drivers/STM32G4xx_HAL_Driver/Src/stm32g4xx_hal_fdcan.c **** 
 6022              	 .loc 1 3139 1 view .LVU2139
 6023 0104 01B0     	 add sp,sp,#4
 6024              	 .cfi_remember_state
 6025              	 .cfi_def_cfa_offset 36
 6026              	 
 6027 0106 BDE8F08F 	 pop {r4,r5,r6,r7,r8,r9,r10,fp,pc}
 6028              	.LVL393:
 6029              	.L762:
 6030              	 .cfi_restore_state
3097:Drivers/STM32G4xx_HAL_Driver/Src/stm32g4xx_hal_fdcan.c **** 
 6031              	 .loc 1 3097 7 is_stmt 1 view .LVU2140
 6032 010a 2368     	 ldr r3,[r4]
 6033 010c 4FF48042 	 mov r2,#16384
 6034 0110 1A65     	 str r2,[r3,#80]
3100:Drivers/STM32G4xx_HAL_Driver/Src/stm32g4xx_hal_fdcan.c ****     }
 6035              	 .loc 1 3100 7 view .LVU2141
3100:Drivers/STM32G4xx_HAL_Driver/Src/stm32g4xx_hal_fdcan.c ****     }
 6036              	 .loc 1 3100 13 is_stmt 0 view .LVU2142
 6037 0112 236E     	 ldr r3,[r4,#96]
3100:Drivers/STM32G4xx_HAL_Driver/Src/stm32g4xx_hal_fdcan.c ****     }
 6038              	 .loc 1 3100 25 view .LVU2143
 6039 0114 43F08003 	 orr r3,r3,#128
 6040 0118 2366     	 str r3,[r4,#96]
 6041 011a DCE7     	 b .L694
 6042              	.L761:
3079:Drivers/STM32G4xx_HAL_Driver/Src/stm32g4xx_hal_fdcan.c **** 
 6043              	 .loc 1 3079 7 is_stmt 1 view .LVU2144
 6044 011c 2368     	 ldr r3,[r4]
 6045 011e 4FF40042 	 mov r2,#32768
ARM GAS   			page 203


 6046 0122 1A65     	 str r2,[r3,#80]
3083:Drivers/STM32G4xx_HAL_Driver/Src/stm32g4xx_hal_fdcan.c **** #else
 6047              	 .loc 1 3083 7 view .LVU2145
 6048 0124 2046     	 mov r0,r4
 6049 0126 D4F88430 	 ldr r3,[r4,#132]
 6050 012a 9847     	 blx r3
 6051              	.LVL394:
 6052 012c CDE7     	 b .L693
 6053              	.L760:
3061:Drivers/STM32G4xx_HAL_Driver/Src/stm32g4xx_hal_fdcan.c **** 
 6054              	 .loc 1 3061 7 view .LVU2146
 6055 012e 2368     	 ldr r3,[r4]
 6056 0130 4FF40052 	 mov r2,#8192
 6057 0134 1A65     	 str r2,[r3,#80]
3065:Drivers/STM32G4xx_HAL_Driver/Src/stm32g4xx_hal_fdcan.c **** #else
 6058              	 .loc 1 3065 7 view .LVU2147
 6059 0136 2046     	 mov r0,r4
 6060 0138 D4F88030 	 ldr r3,[r4,#128]
 6061 013c 9847     	 blx r3
 6062              	.LVL395:
 6063 013e BEE7     	 b .L692
 6064              	.L759:
3039:Drivers/STM32G4xx_HAL_Driver/Src/stm32g4xx_hal_fdcan.c ****       TransmittedBuffers &= hfdcan->Instance->TXBTIE;
 6065              	 .loc 1 3039 7 view .LVU2148
3039:Drivers/STM32G4xx_HAL_Driver/Src/stm32g4xx_hal_fdcan.c ****       TransmittedBuffers &= hfdcan->Instance->TXBTIE;
 6066              	 .loc 1 3039 34 is_stmt 0 view .LVU2149
 6067 0140 2368     	 ldr r3,[r4]
3039:Drivers/STM32G4xx_HAL_Driver/Src/stm32g4xx_hal_fdcan.c ****       TransmittedBuffers &= hfdcan->Instance->TXBTIE;
 6068              	 .loc 1 3039 26 view .LVU2150
 6069 0142 D3F8D410 	 ldr r1,[r3,#212]
 6070              	.LVL396:
3040:Drivers/STM32G4xx_HAL_Driver/Src/stm32g4xx_hal_fdcan.c **** 
 6071              	 .loc 1 3040 7 is_stmt 1 view .LVU2151
3040:Drivers/STM32G4xx_HAL_Driver/Src/stm32g4xx_hal_fdcan.c **** 
 6072              	 .loc 1 3040 45 is_stmt 0 view .LVU2152
 6073 0146 D3F8DC20 	 ldr r2,[r3,#220]
 6074              	.LVL397:
3043:Drivers/STM32G4xx_HAL_Driver/Src/stm32g4xx_hal_fdcan.c **** 
 6075              	 .loc 1 3043 7 is_stmt 1 view .LVU2153
 6076 014a 8020     	 movs r0,#128
 6077 014c 1865     	 str r0,[r3,#80]
3047:Drivers/STM32G4xx_HAL_Driver/Src/stm32g4xx_hal_fdcan.c **** #else
 6078              	 .loc 1 3047 7 view .LVU2154
 6079 014e 1140     	 ands r1,r1,r2
 6080              	.LVL398:
3047:Drivers/STM32G4xx_HAL_Driver/Src/stm32g4xx_hal_fdcan.c **** #else
 6081              	 .loc 1 3047 7 is_stmt 0 view .LVU2155
 6082 0150 636F     	 ldr r3,[r4,#116]
 6083 0152 2046     	 mov r0,r4
 6084 0154 9847     	 blx r3
 6085              	.LVL399:
3047:Drivers/STM32G4xx_HAL_Driver/Src/stm32g4xx_hal_fdcan.c **** #else
 6086              	 .loc 1 3047 7 view .LVU2156
 6087 0156 ACE7     	 b .L691
 6088              	.LVL400:
 6089              	.L758:
3021:Drivers/STM32G4xx_HAL_Driver/Src/stm32g4xx_hal_fdcan.c **** 
ARM GAS   			page 204


 6090              	 .loc 1 3021 7 is_stmt 1 view .LVU2157
 6091 0158 2368     	 ldr r3,[r4]
 6092 015a 4FF40072 	 mov r2,#512
 6093 015e 1A65     	 str r2,[r3,#80]
3025:Drivers/STM32G4xx_HAL_Driver/Src/stm32g4xx_hal_fdcan.c **** #else
 6094              	 .loc 1 3025 7 view .LVU2158
 6095 0160 2046     	 mov r0,r4
 6096 0162 236F     	 ldr r3,[r4,#112]
 6097 0164 9847     	 blx r3
 6098              	.LVL401:
 6099 0166 9EE7     	 b .L690
 6100              	.L757:
2954:Drivers/STM32G4xx_HAL_Driver/Src/stm32g4xx_hal_fdcan.c ****       AbortedBuffers &= hfdcan->Instance->TXBCIE;
 6101              	 .loc 1 2954 7 view .LVU2159
2954:Drivers/STM32G4xx_HAL_Driver/Src/stm32g4xx_hal_fdcan.c ****       AbortedBuffers &= hfdcan->Instance->TXBCIE;
 6102              	 .loc 1 2954 30 is_stmt 0 view .LVU2160
 6103 0168 2368     	 ldr r3,[r4]
2954:Drivers/STM32G4xx_HAL_Driver/Src/stm32g4xx_hal_fdcan.c ****       AbortedBuffers &= hfdcan->Instance->TXBCIE;
 6104              	 .loc 1 2954 22 view .LVU2161
 6105 016a D3F8D810 	 ldr r1,[r3,#216]
 6106              	.LVL402:
2955:Drivers/STM32G4xx_HAL_Driver/Src/stm32g4xx_hal_fdcan.c **** 
 6107              	 .loc 1 2955 7 is_stmt 1 view .LVU2162
2955:Drivers/STM32G4xx_HAL_Driver/Src/stm32g4xx_hal_fdcan.c **** 
 6108              	 .loc 1 2955 41 is_stmt 0 view .LVU2163
 6109 016e D3F8E020 	 ldr r2,[r3,#224]
 6110              	.LVL403:
2958:Drivers/STM32G4xx_HAL_Driver/Src/stm32g4xx_hal_fdcan.c **** 
 6111              	 .loc 1 2958 7 is_stmt 1 view .LVU2164
 6112 0172 4FF48070 	 mov r0,#256
 6113 0176 1865     	 str r0,[r3,#80]
2962:Drivers/STM32G4xx_HAL_Driver/Src/stm32g4xx_hal_fdcan.c **** #else
 6114              	 .loc 1 2962 7 view .LVU2165
 6115 0178 1140     	 ands r1,r1,r2
 6116              	.LVL404:
2962:Drivers/STM32G4xx_HAL_Driver/Src/stm32g4xx_hal_fdcan.c **** #else
 6117              	 .loc 1 2962 7 is_stmt 0 view .LVU2166
 6118 017a A36F     	 ldr r3,[r4,#120]
 6119 017c 2046     	 mov r0,r4
 6120 017e 9847     	 blx r3
 6121              	.LVL405:
2962:Drivers/STM32G4xx_HAL_Driver/Src/stm32g4xx_hal_fdcan.c **** #else
 6122              	 .loc 1 2962 7 view .LVU2167
 6123 0180 70E7     	 b .L686
 6124              	.LVL406:
 6125              	.L756:
2936:Drivers/STM32G4xx_HAL_Driver/Src/stm32g4xx_hal_fdcan.c **** 
 6126              	 .loc 1 2936 7 is_stmt 1 view .LVU2168
 6127 0182 4022     	 movs r2,#64
 6128 0184 1A65     	 str r2,[r3,#80]
2940:Drivers/STM32G4xx_HAL_Driver/Src/stm32g4xx_hal_fdcan.c **** #else
 6129              	 .loc 1 2940 7 view .LVU2169
 6130 0186 C36F     	 ldr r3,[r0,#124]
 6131 0188 9847     	 blx r3
 6132              	.LVL407:
2940:Drivers/STM32G4xx_HAL_Driver/Src/stm32g4xx_hal_fdcan.c **** #else
 6133              	 .loc 1 2940 7 is_stmt 0 view .LVU2170
ARM GAS   			page 205


 6134 018a 64E7     	 b .L685
 6135              	 .cfi_endproc
 6136              	.LFE421:
 6138              	 .section .text.HAL_FDCAN_GetState,"ax",%progbits
 6139              	 .align 1
 6140              	 .p2align 2,,3
 6141              	 .global HAL_FDCAN_GetState
 6142              	 .syntax unified
 6143              	 .thumb
 6144              	 .thumb_func
 6146              	HAL_FDCAN_GetState:
 6147              	.LVL408:
 6148              	.LFB433:
3390:Drivers/STM32G4xx_HAL_Driver/Src/stm32g4xx_hal_fdcan.c ****   /* Return FDCAN state */
 6149              	 .loc 1 3390 1 is_stmt 1 view-0
 6150              	 .cfi_startproc
 6151              	 
 6152              	 
 6153              	 
3392:Drivers/STM32G4xx_HAL_Driver/Src/stm32g4xx_hal_fdcan.c **** }
 6154              	 .loc 1 3392 3 view .LVU2172
3392:Drivers/STM32G4xx_HAL_Driver/Src/stm32g4xx_hal_fdcan.c **** }
 6155              	 .loc 1 3392 16 is_stmt 0 view .LVU2173
 6156 0000 90F85C00 	 ldrb r0,[r0,#92]
 6157              	.LVL409:
3393:Drivers/STM32G4xx_HAL_Driver/Src/stm32g4xx_hal_fdcan.c **** 
 6158              	 .loc 1 3393 1 view .LVU2174
 6159 0004 7047     	 bx lr
 6160              	 .cfi_endproc
 6161              	.LFE433:
 6163 0006 00BF     	 .section .text.HAL_FDCAN_GetError,"ax",%progbits
 6164              	 .align 1
 6165              	 .p2align 2,,3
 6166              	 .global HAL_FDCAN_GetError
 6167              	 .syntax unified
 6168              	 .thumb
 6169              	 .thumb_func
 6171              	HAL_FDCAN_GetError:
 6172              	.LVL410:
 6173              	.LFB434:
3402:Drivers/STM32G4xx_HAL_Driver/Src/stm32g4xx_hal_fdcan.c ****   /* Return FDCAN error code */
 6174              	 .loc 1 3402 1 is_stmt 1 view-0
 6175              	 .cfi_startproc
 6176              	 
 6177              	 
 6178              	 
3404:Drivers/STM32G4xx_HAL_Driver/Src/stm32g4xx_hal_fdcan.c **** }
 6179              	 .loc 1 3404 3 view .LVU2176
3404:Drivers/STM32G4xx_HAL_Driver/Src/stm32g4xx_hal_fdcan.c **** }
 6180              	 .loc 1 3404 16 is_stmt 0 view .LVU2177
 6181 0000 006E     	 ldr r0,[r0,#96]
 6182              	.LVL411:
3405:Drivers/STM32G4xx_HAL_Driver/Src/stm32g4xx_hal_fdcan.c **** 
 6183              	 .loc 1 3405 1 view .LVU2178
 6184 0002 7047     	 bx lr
 6185              	 .cfi_endproc
 6186              	.LFE434:
ARM GAS   			page 206


 6188              	 .section .rodata.DLCtoBytes,"a"
 6189              	 .align 2
 6192              	DLCtoBytes:
 6193 0000 00010203 	 .ascii "\000\001\002\003\004\005\006\007\010\014\020\024\030"
 6193      04050607 
 6193      080C1014 
 6193      18
 6194 000d 203040   	 .ascii " 0@"
 6195              	 .text
 6196              	.Letext0:
 6197              	 .file 2 "/usr/lib/gcc/arm-none-eabi/14.2.1/include/stdint.h"
 6198              	 .file 3 "Drivers/CMSIS/Device/ST/STM32G4xx/Include/stm32g474xx.h"
 6199              	 .file 4 "Drivers/CMSIS/Device/ST/STM32G4xx/Include/stm32g4xx.h"
 6200              	 .file 5 "Drivers/STM32G4xx_HAL_Driver/Inc/stm32g4xx_hal_def.h"
 6201              	 .file 6 "Drivers/STM32G4xx_HAL_Driver/Inc/stm32g4xx_hal_fdcan.h"
 6202              	 .file 7 "Drivers/STM32G4xx_HAL_Driver/Inc/stm32g4xx_hal.h"
ARM GAS   			page 207


DEFINED SYMBOLS
                            *ABS*:00000000 stm32g4xx_hal_fdcan.c
    {standard input}:19     .text.HAL_FDCAN_MspInit:00000000 $t
    {standard input}:26     .text.HAL_FDCAN_MspInit:00000000 HAL_FDCAN_MspInit
    {standard input}:41     .text.HAL_FDCAN_TxEventFifoCallback:00000000 $t
    {standard input}:48     .text.HAL_FDCAN_TxEventFifoCallback:00000000 HAL_FDCAN_TxEventFifoCallback
    {standard input}:64     .text.HAL_FDCAN_RxFifo0Callback:00000000 $t
    {standard input}:71     .text.HAL_FDCAN_RxFifo0Callback:00000000 HAL_FDCAN_RxFifo0Callback
    {standard input}:83     .text.HAL_FDCAN_RxFifo1Callback:00000000 $t
    {standard input}:90     .text.HAL_FDCAN_RxFifo1Callback:00000000 HAL_FDCAN_RxFifo1Callback
    {standard input}:102    .text.HAL_FDCAN_TxBufferCompleteCallback:00000000 $t
    {standard input}:109    .text.HAL_FDCAN_TxBufferCompleteCallback:00000000 HAL_FDCAN_TxBufferCompleteCallback
    {standard input}:121    .text.HAL_FDCAN_TxBufferAbortCallback:00000000 $t
    {standard input}:128    .text.HAL_FDCAN_TxBufferAbortCallback:00000000 HAL_FDCAN_TxBufferAbortCallback
    {standard input}:140    .text.HAL_FDCAN_ErrorStatusCallback:00000000 $t
    {standard input}:147    .text.HAL_FDCAN_ErrorStatusCallback:00000000 HAL_FDCAN_ErrorStatusCallback
    {standard input}:159    .text.HAL_FDCAN_MspDeInit:00000000 $t
    {standard input}:166    .text.HAL_FDCAN_MspDeInit:00000000 HAL_FDCAN_MspDeInit
    {standard input}:178    .text.HAL_FDCAN_TxFifoEmptyCallback:00000000 $t
    {standard input}:185    .text.HAL_FDCAN_TxFifoEmptyCallback:00000000 HAL_FDCAN_TxFifoEmptyCallback
    {standard input}:197    .text.HAL_FDCAN_HighPriorityMessageCallback:00000000 $t
    {standard input}:204    .text.HAL_FDCAN_HighPriorityMessageCallback:00000000 HAL_FDCAN_HighPriorityMessageCallback
    {standard input}:216    .text.HAL_FDCAN_TimestampWraparoundCallback:00000000 $t
    {standard input}:223    .text.HAL_FDCAN_TimestampWraparoundCallback:00000000 HAL_FDCAN_TimestampWraparoundCallback
    {standard input}:235    .text.HAL_FDCAN_TimeoutOccurredCallback:00000000 $t
    {standard input}:242    .text.HAL_FDCAN_TimeoutOccurredCallback:00000000 HAL_FDCAN_TimeoutOccurredCallback
    {standard input}:254    .text.HAL_FDCAN_ErrorCallback:00000000 $t
    {standard input}:261    .text.HAL_FDCAN_ErrorCallback:00000000 HAL_FDCAN_ErrorCallback
    {standard input}:273    .text.HAL_FDCAN_Init:00000000 $t
    {standard input}:280    .text.HAL_FDCAN_Init:00000000 HAL_FDCAN_Init
    {standard input}:854    .text.HAL_FDCAN_Init:00000284 $d
    {standard input}:892    .text.HAL_FDCAN_DeInit:00000000 $t
    {standard input}:899    .text.HAL_FDCAN_DeInit:00000000 HAL_FDCAN_DeInit
    {standard input}:1241   .text.HAL_FDCAN_DeInit:00000108 $d
    {standard input}:1248   .text.HAL_FDCAN_EnterPowerDownMode:00000000 $t
    {standard input}:1255   .text.HAL_FDCAN_EnterPowerDownMode:00000000 HAL_FDCAN_EnterPowerDownMode
    {standard input}:1335   .text.HAL_FDCAN_ExitPowerDownMode:00000000 $t
    {standard input}:1342   .text.HAL_FDCAN_ExitPowerDownMode:00000000 HAL_FDCAN_ExitPowerDownMode
    {standard input}:1428   .text.HAL_FDCAN_RegisterCallback:00000000 $t
    {standard input}:1435   .text.HAL_FDCAN_RegisterCallback:00000000 HAL_FDCAN_RegisterCallback
    {standard input}:1499   .text.HAL_FDCAN_RegisterCallback:00000038 $d
    {standard input}:1506   .text.HAL_FDCAN_RegisterCallback:00000054 $t
    {standard input}:1552   .text.HAL_FDCAN_UnRegisterCallback:00000000 $t
    {standard input}:1559   .text.HAL_FDCAN_UnRegisterCallback:00000000 HAL_FDCAN_UnRegisterCallback
    {standard input}:1622   .text.HAL_FDCAN_UnRegisterCallback:00000038 $d
    {standard input}:1629   .text.HAL_FDCAN_UnRegisterCallback:00000054 $t
    {standard input}:1680   .text.HAL_FDCAN_UnRegisterCallback:00000084 $d
    {standard input}:1691   .text.HAL_FDCAN_RegisterTxEventFifoCallback:00000000 $t
    {standard input}:1698   .text.HAL_FDCAN_RegisterTxEventFifoCallback:00000000 HAL_FDCAN_RegisterTxEventFifoCallback
    {standard input}:1744   .text.HAL_FDCAN_UnRegisterTxEventFifoCallback:00000000 $t
    {standard input}:1751   .text.HAL_FDCAN_UnRegisterTxEventFifoCallback:00000000 HAL_FDCAN_UnRegisterTxEventFifoCallback
    {standard input}:1798   .text.HAL_FDCAN_UnRegisterTxEventFifoCallback:00000020 $d
    {standard input}:1803   .text.HAL_FDCAN_RegisterRxFifo0Callback:00000000 $t
    {standard input}:1810   .text.HAL_FDCAN_RegisterRxFifo0Callback:00000000 HAL_FDCAN_RegisterRxFifo0Callback
    {standard input}:1856   .text.HAL_FDCAN_UnRegisterRxFifo0Callback:00000000 $t
    {standard input}:1863   .text.HAL_FDCAN_UnRegisterRxFifo0Callback:00000000 HAL_FDCAN_UnRegisterRxFifo0Callback
    {standard input}:1910   .text.HAL_FDCAN_UnRegisterRxFifo0Callback:00000020 $d
ARM GAS   			page 208


    {standard input}:1915   .text.HAL_FDCAN_RegisterRxFifo1Callback:00000000 $t
    {standard input}:1922   .text.HAL_FDCAN_RegisterRxFifo1Callback:00000000 HAL_FDCAN_RegisterRxFifo1Callback
    {standard input}:1968   .text.HAL_FDCAN_UnRegisterRxFifo1Callback:00000000 $t
    {standard input}:1975   .text.HAL_FDCAN_UnRegisterRxFifo1Callback:00000000 HAL_FDCAN_UnRegisterRxFifo1Callback
    {standard input}:2022   .text.HAL_FDCAN_UnRegisterRxFifo1Callback:00000020 $d
    {standard input}:2027   .text.HAL_FDCAN_RegisterTxBufferCompleteCallback:00000000 $t
    {standard input}:2034   .text.HAL_FDCAN_RegisterTxBufferCompleteCallback:00000000 HAL_FDCAN_RegisterTxBufferCompleteCallback
    {standard input}:2080   .text.HAL_FDCAN_UnRegisterTxBufferCompleteCallback:00000000 $t
    {standard input}:2087   .text.HAL_FDCAN_UnRegisterTxBufferCompleteCallback:00000000 HAL_FDCAN_UnRegisterTxBufferCompleteCallback
    {standard input}:2134   .text.HAL_FDCAN_UnRegisterTxBufferCompleteCallback:00000020 $d
    {standard input}:2139   .text.HAL_FDCAN_RegisterTxBufferAbortCallback:00000000 $t
    {standard input}:2146   .text.HAL_FDCAN_RegisterTxBufferAbortCallback:00000000 HAL_FDCAN_RegisterTxBufferAbortCallback
    {standard input}:2192   .text.HAL_FDCAN_UnRegisterTxBufferAbortCallback:00000000 $t
    {standard input}:2199   .text.HAL_FDCAN_UnRegisterTxBufferAbortCallback:00000000 HAL_FDCAN_UnRegisterTxBufferAbortCallback
    {standard input}:2246   .text.HAL_FDCAN_UnRegisterTxBufferAbortCallback:00000020 $d
    {standard input}:2251   .text.HAL_FDCAN_RegisterErrorStatusCallback:00000000 $t
    {standard input}:2258   .text.HAL_FDCAN_RegisterErrorStatusCallback:00000000 HAL_FDCAN_RegisterErrorStatusCallback
    {standard input}:2304   .text.HAL_FDCAN_UnRegisterErrorStatusCallback:00000000 $t
    {standard input}:2311   .text.HAL_FDCAN_UnRegisterErrorStatusCallback:00000000 HAL_FDCAN_UnRegisterErrorStatusCallback
    {standard input}:2358   .text.HAL_FDCAN_UnRegisterErrorStatusCallback:00000020 $d
    {standard input}:2363   .text.HAL_FDCAN_ConfigFilter:00000000 $t
    {standard input}:2370   .text.HAL_FDCAN_ConfigFilter:00000000 HAL_FDCAN_ConfigFilter
    {standard input}:2514   .text.HAL_FDCAN_ConfigGlobalFilter:00000000 $t
    {standard input}:2521   .text.HAL_FDCAN_ConfigGlobalFilter:00000000 HAL_FDCAN_ConfigGlobalFilter
    {standard input}:2592   .text.HAL_FDCAN_ConfigExtendedIdMask:00000000 $t
    {standard input}:2599   .text.HAL_FDCAN_ConfigExtendedIdMask:00000000 HAL_FDCAN_ConfigExtendedIdMask
    {standard input}:2647   .text.HAL_FDCAN_ConfigRxFifoOverwrite:00000000 $t
    {standard input}:2654   .text.HAL_FDCAN_ConfigRxFifoOverwrite:00000000 HAL_FDCAN_ConfigRxFifoOverwrite
    {standard input}:2714   .text.HAL_FDCAN_ConfigRamWatchdog:00000000 $t
    {standard input}:2721   .text.HAL_FDCAN_ConfigRamWatchdog:00000000 HAL_FDCAN_ConfigRamWatchdog
    {standard input}:2771   .text.HAL_FDCAN_ConfigTimestampCounter:00000000 $t
    {standard input}:2778   .text.HAL_FDCAN_ConfigTimestampCounter:00000000 HAL_FDCAN_ConfigTimestampCounter
    {standard input}:2828   .text.HAL_FDCAN_EnableTimestampCounter:00000000 $t
    {standard input}:2835   .text.HAL_FDCAN_EnableTimestampCounter:00000000 HAL_FDCAN_EnableTimestampCounter
    {standard input}:2885   .text.HAL_FDCAN_DisableTimestampCounter:00000000 $t
    {standard input}:2892   .text.HAL_FDCAN_DisableTimestampCounter:00000000 HAL_FDCAN_DisableTimestampCounter
    {standard input}:2940   .text.HAL_FDCAN_GetTimestampCounter:00000000 $t
    {standard input}:2947   .text.HAL_FDCAN_GetTimestampCounter:00000000 HAL_FDCAN_GetTimestampCounter
    {standard input}:2968   .text.HAL_FDCAN_ResetTimestampCounter:00000000 $t
    {standard input}:2975   .text.HAL_FDCAN_ResetTimestampCounter:00000000 HAL_FDCAN_ResetTimestampCounter
    {standard input}:3023   .text.HAL_FDCAN_ConfigTimeoutCounter:00000000 $t
    {standard input}:3030   .text.HAL_FDCAN_ConfigTimeoutCounter:00000000 HAL_FDCAN_ConfigTimeoutCounter
    {standard input}:3084   .text.HAL_FDCAN_EnableTimeoutCounter:00000000 $t
    {standard input}:3091   .text.HAL_FDCAN_EnableTimeoutCounter:00000000 HAL_FDCAN_EnableTimeoutCounter
    {standard input}:3139   .text.HAL_FDCAN_DisableTimeoutCounter:00000000 $t
    {standard input}:3146   .text.HAL_FDCAN_DisableTimeoutCounter:00000000 HAL_FDCAN_DisableTimeoutCounter
    {standard input}:3194   .text.HAL_FDCAN_GetTimeoutCounter:00000000 $t
    {standard input}:3201   .text.HAL_FDCAN_GetTimeoutCounter:00000000 HAL_FDCAN_GetTimeoutCounter
    {standard input}:3222   .text.HAL_FDCAN_ResetTimeoutCounter:00000000 $t
    {standard input}:3229   .text.HAL_FDCAN_ResetTimeoutCounter:00000000 HAL_FDCAN_ResetTimeoutCounter
    {standard input}:3270   .text.HAL_FDCAN_ConfigTxDelayCompensation:00000000 $t
    {standard input}:3277   .text.HAL_FDCAN_ConfigTxDelayCompensation:00000000 HAL_FDCAN_ConfigTxDelayCompensation
    {standard input}:3328   .text.HAL_FDCAN_EnableTxDelayCompensation:00000000 $t
    {standard input}:3335   .text.HAL_FDCAN_EnableTxDelayCompensation:00000000 HAL_FDCAN_EnableTxDelayCompensation
    {standard input}:3383   .text.HAL_FDCAN_DisableTxDelayCompensation:00000000 $t
    {standard input}:3390   .text.HAL_FDCAN_DisableTxDelayCompensation:00000000 HAL_FDCAN_DisableTxDelayCompensation
    {standard input}:3438   .text.HAL_FDCAN_EnableISOMode:00000000 $t
ARM GAS   			page 209


    {standard input}:3445   .text.HAL_FDCAN_EnableISOMode:00000000 HAL_FDCAN_EnableISOMode
    {standard input}:3493   .text.HAL_FDCAN_DisableISOMode:00000000 $t
    {standard input}:3500   .text.HAL_FDCAN_DisableISOMode:00000000 HAL_FDCAN_DisableISOMode
    {standard input}:3548   .text.HAL_FDCAN_EnableEdgeFiltering:00000000 $t
    {standard input}:3555   .text.HAL_FDCAN_EnableEdgeFiltering:00000000 HAL_FDCAN_EnableEdgeFiltering
    {standard input}:3603   .text.HAL_FDCAN_DisableEdgeFiltering:00000000 $t
    {standard input}:3610   .text.HAL_FDCAN_DisableEdgeFiltering:00000000 HAL_FDCAN_DisableEdgeFiltering
    {standard input}:3658   .text.HAL_FDCAN_Start:00000000 $t
    {standard input}:3665   .text.HAL_FDCAN_Start:00000000 HAL_FDCAN_Start
    {standard input}:3723   .text.HAL_FDCAN_Stop:00000000 $t
    {standard input}:3730   .text.HAL_FDCAN_Stop:00000000 HAL_FDCAN_Stop
    {standard input}:4007   .text.HAL_FDCAN_AddMessageToTxFifoQ:00000000 $t
    {standard input}:4014   .text.HAL_FDCAN_AddMessageToTxFifoQ:00000000 HAL_FDCAN_AddMessageToTxFifoQ
    {standard input}:4238   .text.HAL_FDCAN_AddMessageToTxFifoQ:000000c0 $d
    {standard input}:6192   .rodata.DLCtoBytes:00000000 DLCtoBytes
    {standard input}:4245   .text.HAL_FDCAN_GetLatestTxFifoQRequestBuffer:00000000 $t
    {standard input}:4252   .text.HAL_FDCAN_GetLatestTxFifoQRequestBuffer:00000000 HAL_FDCAN_GetLatestTxFifoQRequestBuffer
    {standard input}:4270   .text.HAL_FDCAN_AbortTxRequest:00000000 $t
    {standard input}:4277   .text.HAL_FDCAN_AbortTxRequest:00000000 HAL_FDCAN_AbortTxRequest
    {standard input}:4325   .text.HAL_FDCAN_GetRxMessage:00000000 $t
    {standard input}:4332   .text.HAL_FDCAN_GetRxMessage:00000000 HAL_FDCAN_GetRxMessage
    {standard input}:4609   .text.HAL_FDCAN_GetRxMessage:00000130 $d
    {standard input}:4614   .text.HAL_FDCAN_GetTxEvent:00000000 $t
    {standard input}:4621   .text.HAL_FDCAN_GetTxEvent:00000000 HAL_FDCAN_GetTxEvent
    {standard input}:4796   .text.HAL_FDCAN_GetHighPriorityMessageStatus:00000000 $t
    {standard input}:4803   .text.HAL_FDCAN_GetHighPriorityMessageStatus:00000000 HAL_FDCAN_GetHighPriorityMessageStatus
    {standard input}:4851   .text.HAL_FDCAN_GetProtocolStatus:00000000 $t
    {standard input}:4858   .text.HAL_FDCAN_GetProtocolStatus:00000000 HAL_FDCAN_GetProtocolStatus
    {standard input}:4932   .text.HAL_FDCAN_GetErrorCounters:00000000 $t
    {standard input}:4939   .text.HAL_FDCAN_GetErrorCounters:00000000 HAL_FDCAN_GetErrorCounters
    {standard input}:4986   .text.HAL_FDCAN_IsTxBufferMessagePending:00000000 $t
    {standard input}:4993   .text.HAL_FDCAN_IsTxBufferMessagePending:00000000 HAL_FDCAN_IsTxBufferMessagePending
    {standard input}:5019   .text.HAL_FDCAN_GetRxFifoFillLevel:00000000 $t
    {standard input}:5026   .text.HAL_FDCAN_GetRxFifoFillLevel:00000000 HAL_FDCAN_GetRxFifoFillLevel
    {standard input}:5059   .text.HAL_FDCAN_GetTxFifoFreeLevel:00000000 $t
    {standard input}:5066   .text.HAL_FDCAN_GetTxFifoFreeLevel:00000000 HAL_FDCAN_GetTxFifoFreeLevel
    {standard input}:5091   .text.HAL_FDCAN_IsRestrictedOperationMode:00000000 $t
    {standard input}:5098   .text.HAL_FDCAN_IsRestrictedOperationMode:00000000 HAL_FDCAN_IsRestrictedOperationMode
    {standard input}:5123   .text.HAL_FDCAN_ExitRestrictedOperationMode:00000000 $t
    {standard input}:5130   .text.HAL_FDCAN_ExitRestrictedOperationMode:00000000 HAL_FDCAN_ExitRestrictedOperationMode
    {standard input}:5186   .text.HAL_FDCAN_ConfigInterruptLines:00000000 $t
    {standard input}:5193   .text.HAL_FDCAN_ConfigInterruptLines:00000000 HAL_FDCAN_ConfigInterruptLines
    {standard input}:5256   .text.HAL_FDCAN_ActivateNotification:00000000 $t
    {standard input}:5263   .text.HAL_FDCAN_ActivateNotification:00000000 HAL_FDCAN_ActivateNotification
    {standard input}:5493   .text.HAL_FDCAN_DeactivateNotification:00000000 $t
    {standard input}:5500   .text.HAL_FDCAN_DeactivateNotification:00000000 HAL_FDCAN_DeactivateNotification
    {standard input}:5747   .text.HAL_FDCAN_IRQHandler:00000000 $t
    {standard input}:5754   .text.HAL_FDCAN_IRQHandler:00000000 HAL_FDCAN_IRQHandler
    {standard input}:6139   .text.HAL_FDCAN_GetState:00000000 $t
    {standard input}:6146   .text.HAL_FDCAN_GetState:00000000 HAL_FDCAN_GetState
    {standard input}:6164   .text.HAL_FDCAN_GetError:00000000 $t
    {standard input}:6171   .text.HAL_FDCAN_GetError:00000000 HAL_FDCAN_GetError
    {standard input}:6189   .rodata.DLCtoBytes:00000000 $d
                           .group:00000000 wm4.0.ea19c25cbb216197368fe558daea6575
                           .group:00000000 wm4.stm32g4xx_hal_conf.h.23.942b1d1576b5866b7e11680d4727b823
                           .group:00000000 wm4.stm32g4xx.h.38.4ce5d67cecf3db23972af81b516b937b
                           .group:00000000 wm4.stm32g474xx.h.34.0f14ed7ce45f8c3c7c55af7520d7efa5
ARM GAS   			page 210


                           .group:00000000 wm4.stdint.h.29.6d480f4ba0f60596e88234283d42444f
                           .group:00000000 wm4.cmsis_version.h.32.46e8eccfa2cfeaae11d008bb2823a3ed
                           .group:00000000 wm4.core_cm4.h.66.e4ff136c4a17abc46741866f64f8e729
                           .group:00000000 wm4.cmsis_gcc.h.26.78077cef1206e937f7b56043ffca496a
                           .group:00000000 wm4.core_cm4.h.174.fcddd62df80231752fa39eb9b61dadfe
                           .group:00000000 wm4.mpu_armv7.h.32.4049752bb5792d4e15357775e9506cfc
                           .group:00000000 wm4.stm32g474xx.h.714.40df4d5d8bd1a3a0e2dcb49e18b09038
                           .group:00000000 wm4.stm32g4xx.h.158.aa4340ed3b15fb0d4b1741cf5ce96563
                           .group:00000000 wm4.stm32_hal_legacy.h.22.e1e932ae083ad1562e3b1af87ae47999
                           .group:00000000 wm4.stddef.h.39.0dc9006b34572d4d9cae4c8b422c4971
                           .group:00000000 wm4.stm32g4xx_hal_def.h.57.460ac21f0caebde175d7222cb23afe15
                           .group:00000000 wm4.stm32g4xx_hal_rcc.h.135.8d28bdf720f4165758e115c83d05a7c2
                           .group:00000000 wm4.stm32g4xx_hal_rcc_ex.h.20.a381de89af88802207f549f948fabbc4
                           .group:00000000 wm4.stm32g4xx_hal_gpio.h.21.2ca30689d7a5ad939e06f5298d557243
                           .group:00000000 wm4.stm32g4xx_hal_gpio_ex.h.22.1b7da6fc7615b2341724123ae8e461d9
                           .group:00000000 wm4.stm32g4xx_hal_dma.h.21.2e23b0d56595a6b838cda841e78b2cf2
                           .group:00000000 wm4.stm32g4xx_hal_dma_ex.h.21.93a1fe56678997ad72754076070f4a0d
                           .group:00000000 wm4.stm32g4xx_hal_dma.h.803.dd88ea57b632f588d556f066658ac8d8
                           .group:00000000 wm4.stm32g4xx_hal_cortex.h.20.1ad77fb6b4fc679887cb0a980ea44a7a
                           .group:00000000 wm4.stm32g4xx_ll_adc.h.21.8052bcc80fb264686ac0eb0df096b4eb
                           .group:00000000 wm4.stm32g4xx_hal_adc.h.441.b9143c2a34e1e7389f3042e2226178dc
                           .group:00000000 wm4.stm32g4xx_hal_adc_ex.h.21.bf5e513b0c782ac53971b6599734b8c4
                           .group:00000000 wm4.stm32g4xx_ll_exti.h.21.3148a6980741767f71761eb445f346e9
                           .group:00000000 wm4.stm32g4xx_hal_comp.h.74.993852ecfac8b19c902e64e33c61511c
                           .group:00000000 wm4.stm32g4xx_hal_dac.h.21.db627068e52007634376a4c972c5d419
                           .group:00000000 wm4.stm32g4xx_hal_dac_ex.h.21.3725e9b2e9e08a08e2a598b2d2f18a92
                           .group:00000000 wm4.stm32g4xx_hal_exti.h.21.723acd8e98480aae634680651af4eb2a
                           .group:00000000 wm4.stm32g4xx_hal_fdcan.h.21.7e3b4b48cfc4adf8b669f7e4b16ec2a0
                           .group:00000000 wm4.stm32g4xx_hal_flash.h.20.d5eb04c7abbe2eb79b40a04b3414a774
                           .group:00000000 wm4.stm32g4xx_hal_flash.h.868.06dd2f9ca2f40ac164951ad647480079
                           .group:00000000 wm4.stm32g4xx_hal_hrtim.h.21.5bb9cc2116aa63503a68d53ce84fbb8c
                           .group:00000000 wm4.stm32g4xx_hal_opamp.h.21.0de86917e81e98dccfa125838db59b66
                           .group:00000000 wm4.stm32g4xx_hal_pwr.h.21.9b149e14c0ecf58cee46e8fb7f654b77
                           .group:00000000 wm4.stm32g4xx_hal_pwr_ex.h.21.32206cbbd2cbec024b8600a98cfa3df7
                           .group:00000000 wm4.stm32g4xx_hal_tim.h.21.48998681c932026239437f6645b6b47f
                           .group:00000000 wm4.stm32g4xx_hal_tim_ex.h.21.931c546f492dcdbc9ac587da38712500
                           .group:00000000 wm4.stm32g4xx_hal.h.49.77ad48c45d6a59e5132483403b560be0

UNDEFINED SYMBOLS
HAL_GetTick
