ARM GAS   			page 1


   1              	 .cpu cortex-m4
   2              	 .arch armv7e-m
   3              	 .fpu fpv4-sp-d16
   4              	 .eabi_attribute 27,1
   5              	 .eabi_attribute 28,1
   6              	 .eabi_attribute 23,1
   7              	 .eabi_attribute 24,1
   8              	 .eabi_attribute 25,1
   9              	 .eabi_attribute 26,1
  10              	 .eabi_attribute 30,2
  11              	 .eabi_attribute 34,1
  12              	 .eabi_attribute 18,4
  13              	 .file "stm32g4xx_hal_dma.c"
  14              	 .text
  15              	.Ltext0:
  16              	 .cfi_sections .debug_frame
  17              	 .file 1 "Drivers/STM32G4xx_HAL_Driver/Src/stm32g4xx_hal_dma.c"
  18              	 .section .text.HAL_DMA_Init,"ax",%progbits
  19              	 .align 1
  20              	 .p2align 2,,3
  21              	 .global HAL_DMA_Init
  22              	 .syntax unified
  23              	 .thumb
  24              	 .thumb_func
  26              	HAL_DMA_Init:
  27              	.LVL0:
  28              	.LFB361:
   1:Drivers/STM32G4xx_HAL_Driver/Src/stm32g4xx_hal_dma.c **** /**
   2:Drivers/STM32G4xx_HAL_Driver/Src/stm32g4xx_hal_dma.c ****   ******************************************************************************
   3:Drivers/STM32G4xx_HAL_Driver/Src/stm32g4xx_hal_dma.c ****   * @file    stm32g4xx_hal_dma.c
   4:Drivers/STM32G4xx_HAL_Driver/Src/stm32g4xx_hal_dma.c ****   * @author  MCD Application Team
   5:Drivers/STM32G4xx_HAL_Driver/Src/stm32g4xx_hal_dma.c ****   * @brief   DMA HAL module driver.
   6:Drivers/STM32G4xx_HAL_Driver/Src/stm32g4xx_hal_dma.c ****   *         This file provides firmware functions to manage the following
   7:Drivers/STM32G4xx_HAL_Driver/Src/stm32g4xx_hal_dma.c ****   *         functionalities of the Direct Memory Access (DMA) peripheral:
   8:Drivers/STM32G4xx_HAL_Driver/Src/stm32g4xx_hal_dma.c ****   *           + Initialization and de-initialization functions
   9:Drivers/STM32G4xx_HAL_Driver/Src/stm32g4xx_hal_dma.c ****   *           + IO operation functions
  10:Drivers/STM32G4xx_HAL_Driver/Src/stm32g4xx_hal_dma.c ****   *           + Peripheral State and errors functions
  11:Drivers/STM32G4xx_HAL_Driver/Src/stm32g4xx_hal_dma.c ****   *
  12:Drivers/STM32G4xx_HAL_Driver/Src/stm32g4xx_hal_dma.c ****   ******************************************************************************
  13:Drivers/STM32G4xx_HAL_Driver/Src/stm32g4xx_hal_dma.c ****   * @attention
  14:Drivers/STM32G4xx_HAL_Driver/Src/stm32g4xx_hal_dma.c ****   *
  15:Drivers/STM32G4xx_HAL_Driver/Src/stm32g4xx_hal_dma.c ****   * Copyright (c) 2019 STMicroelectronics.
  16:Drivers/STM32G4xx_HAL_Driver/Src/stm32g4xx_hal_dma.c ****   * All rights reserved.
  17:Drivers/STM32G4xx_HAL_Driver/Src/stm32g4xx_hal_dma.c ****   *
  18:Drivers/STM32G4xx_HAL_Driver/Src/stm32g4xx_hal_dma.c ****   * This software is licensed under terms that can be found in the LICENSE file
  19:Drivers/STM32G4xx_HAL_Driver/Src/stm32g4xx_hal_dma.c ****   * in the root directory of this software component.
  20:Drivers/STM32G4xx_HAL_Driver/Src/stm32g4xx_hal_dma.c ****   * If no LICENSE file comes with this software, it is provided AS-IS.
  21:Drivers/STM32G4xx_HAL_Driver/Src/stm32g4xx_hal_dma.c ****   *
  22:Drivers/STM32G4xx_HAL_Driver/Src/stm32g4xx_hal_dma.c ****   ******************************************************************************
  23:Drivers/STM32G4xx_HAL_Driver/Src/stm32g4xx_hal_dma.c ****   @verbatim
  24:Drivers/STM32G4xx_HAL_Driver/Src/stm32g4xx_hal_dma.c ****   ==============================================================================
  25:Drivers/STM32G4xx_HAL_Driver/Src/stm32g4xx_hal_dma.c ****                         ##### How to use this driver #####
  26:Drivers/STM32G4xx_HAL_Driver/Src/stm32g4xx_hal_dma.c ****   ==============================================================================
  27:Drivers/STM32G4xx_HAL_Driver/Src/stm32g4xx_hal_dma.c ****   [..]
  28:Drivers/STM32G4xx_HAL_Driver/Src/stm32g4xx_hal_dma.c ****    (#) Enable and configure the peripheral to be connected to the DMA Channel
  29:Drivers/STM32G4xx_HAL_Driver/Src/stm32g4xx_hal_dma.c ****        (except for internal SRAM / FLASH memories: no initialization is
  30:Drivers/STM32G4xx_HAL_Driver/Src/stm32g4xx_hal_dma.c ****        necessary). Please refer to the Reference manual for connection between peripherals
ARM GAS   			page 2


  31:Drivers/STM32G4xx_HAL_Driver/Src/stm32g4xx_hal_dma.c ****        and DMA requests.
  32:Drivers/STM32G4xx_HAL_Driver/Src/stm32g4xx_hal_dma.c **** 
  33:Drivers/STM32G4xx_HAL_Driver/Src/stm32g4xx_hal_dma.c ****    (#) For a given Channel, program the required configuration through the following parameters:
  34:Drivers/STM32G4xx_HAL_Driver/Src/stm32g4xx_hal_dma.c ****        Channel request, Transfer Direction, Source and Destination data formats,
  35:Drivers/STM32G4xx_HAL_Driver/Src/stm32g4xx_hal_dma.c ****        Circular or Normal mode, Channel Priority level, Source and Destination Increment mode
  36:Drivers/STM32G4xx_HAL_Driver/Src/stm32g4xx_hal_dma.c ****        using HAL_DMA_Init() function.
  37:Drivers/STM32G4xx_HAL_Driver/Src/stm32g4xx_hal_dma.c **** 
  38:Drivers/STM32G4xx_HAL_Driver/Src/stm32g4xx_hal_dma.c ****        Prior to HAL_DMA_Init the peripheral clock shall be enabled for both DMA & DMAMUX
  39:Drivers/STM32G4xx_HAL_Driver/Src/stm32g4xx_hal_dma.c ****        thanks to:
  40:Drivers/STM32G4xx_HAL_Driver/Src/stm32g4xx_hal_dma.c ****       (##) DMA1 or DMA2: __HAL_RCC_DMA1_CLK_ENABLE() or  __HAL_RCC_DMA2_CLK_ENABLE() ;
  41:Drivers/STM32G4xx_HAL_Driver/Src/stm32g4xx_hal_dma.c ****       (##) DMAMUX1:      __HAL_RCC_DMAMUX1_CLK_ENABLE();
  42:Drivers/STM32G4xx_HAL_Driver/Src/stm32g4xx_hal_dma.c **** 
  43:Drivers/STM32G4xx_HAL_Driver/Src/stm32g4xx_hal_dma.c ****    (#) Use HAL_DMA_GetState() function to return the DMA state and HAL_DMA_GetError() in case of er
  44:Drivers/STM32G4xx_HAL_Driver/Src/stm32g4xx_hal_dma.c ****        detection.
  45:Drivers/STM32G4xx_HAL_Driver/Src/stm32g4xx_hal_dma.c **** 
  46:Drivers/STM32G4xx_HAL_Driver/Src/stm32g4xx_hal_dma.c ****    (#) Use HAL_DMA_Abort() function to abort the current transfer
  47:Drivers/STM32G4xx_HAL_Driver/Src/stm32g4xx_hal_dma.c **** 
  48:Drivers/STM32G4xx_HAL_Driver/Src/stm32g4xx_hal_dma.c ****      -@-   In Memory-to-Memory transfer mode, Circular mode is not allowed.
  49:Drivers/STM32G4xx_HAL_Driver/Src/stm32g4xx_hal_dma.c **** 
  50:Drivers/STM32G4xx_HAL_Driver/Src/stm32g4xx_hal_dma.c ****      *** Polling mode IO operation ***
  51:Drivers/STM32G4xx_HAL_Driver/Src/stm32g4xx_hal_dma.c ****      =================================
  52:Drivers/STM32G4xx_HAL_Driver/Src/stm32g4xx_hal_dma.c ****     [..]
  53:Drivers/STM32G4xx_HAL_Driver/Src/stm32g4xx_hal_dma.c ****           (+) Use HAL_DMA_Start() to start DMA transfer after the configuration of Source
  54:Drivers/STM32G4xx_HAL_Driver/Src/stm32g4xx_hal_dma.c ****               address and destination address and the Length of data to be transferred
  55:Drivers/STM32G4xx_HAL_Driver/Src/stm32g4xx_hal_dma.c ****           (+) Use HAL_DMA_PollForTransfer() to poll for the end of current transfer, in this
  56:Drivers/STM32G4xx_HAL_Driver/Src/stm32g4xx_hal_dma.c ****               case a fixed Timeout can be configured by User depending from his application.
  57:Drivers/STM32G4xx_HAL_Driver/Src/stm32g4xx_hal_dma.c **** 
  58:Drivers/STM32G4xx_HAL_Driver/Src/stm32g4xx_hal_dma.c ****      *** Interrupt mode IO operation ***
  59:Drivers/STM32G4xx_HAL_Driver/Src/stm32g4xx_hal_dma.c ****      ===================================
  60:Drivers/STM32G4xx_HAL_Driver/Src/stm32g4xx_hal_dma.c ****     [..]
  61:Drivers/STM32G4xx_HAL_Driver/Src/stm32g4xx_hal_dma.c ****           (+) Configure the DMA interrupt priority using HAL_NVIC_SetPriority()
  62:Drivers/STM32G4xx_HAL_Driver/Src/stm32g4xx_hal_dma.c ****           (+) Enable the DMA IRQ handler using HAL_NVIC_EnableIRQ()
  63:Drivers/STM32G4xx_HAL_Driver/Src/stm32g4xx_hal_dma.c ****           (+) Use HAL_DMA_Start_IT() to start DMA transfer after the configuration of
  64:Drivers/STM32G4xx_HAL_Driver/Src/stm32g4xx_hal_dma.c ****               Source address and destination address and the Length of data to be transferred.
  65:Drivers/STM32G4xx_HAL_Driver/Src/stm32g4xx_hal_dma.c ****               In this case the DMA interrupt is configured
  66:Drivers/STM32G4xx_HAL_Driver/Src/stm32g4xx_hal_dma.c ****           (+) Use HAL_DMA_IRQHandler() called under DMA_IRQHandler() Interrupt subroutine
  67:Drivers/STM32G4xx_HAL_Driver/Src/stm32g4xx_hal_dma.c ****           (+) At the end of data transfer HAL_DMA_IRQHandler() function is executed and user can
  68:Drivers/STM32G4xx_HAL_Driver/Src/stm32g4xx_hal_dma.c ****               add his own function to register callbacks with HAL_DMA_RegisterCallback().
  69:Drivers/STM32G4xx_HAL_Driver/Src/stm32g4xx_hal_dma.c **** 
  70:Drivers/STM32G4xx_HAL_Driver/Src/stm32g4xx_hal_dma.c ****      *** DMA HAL driver macros list ***
  71:Drivers/STM32G4xx_HAL_Driver/Src/stm32g4xx_hal_dma.c ****      =============================================
  72:Drivers/STM32G4xx_HAL_Driver/Src/stm32g4xx_hal_dma.c ****       [..]
  73:Drivers/STM32G4xx_HAL_Driver/Src/stm32g4xx_hal_dma.c ****        Below the list of macros in DMA HAL driver.
  74:Drivers/STM32G4xx_HAL_Driver/Src/stm32g4xx_hal_dma.c **** 
  75:Drivers/STM32G4xx_HAL_Driver/Src/stm32g4xx_hal_dma.c ****        (+) __HAL_DMA_ENABLE: Enable the specified DMA Channel.
  76:Drivers/STM32G4xx_HAL_Driver/Src/stm32g4xx_hal_dma.c ****        (+) __HAL_DMA_DISABLE: Disable the specified DMA Channel.
  77:Drivers/STM32G4xx_HAL_Driver/Src/stm32g4xx_hal_dma.c ****        (+) __HAL_DMA_GET_FLAG: Get the DMA Channel pending flags.
  78:Drivers/STM32G4xx_HAL_Driver/Src/stm32g4xx_hal_dma.c ****        (+) __HAL_DMA_CLEAR_FLAG: Clear the DMA Channel pending flags.
  79:Drivers/STM32G4xx_HAL_Driver/Src/stm32g4xx_hal_dma.c ****        (+) __HAL_DMA_ENABLE_IT: Enable the specified DMA Channel interrupts.
  80:Drivers/STM32G4xx_HAL_Driver/Src/stm32g4xx_hal_dma.c ****        (+) __HAL_DMA_DISABLE_IT: Disable the specified DMA Channel interrupts.
  81:Drivers/STM32G4xx_HAL_Driver/Src/stm32g4xx_hal_dma.c ****        (+) __HAL_DMA_GET_IT_SOURCE: Check whether the specified DMA Channel interrupt has occurred 
  82:Drivers/STM32G4xx_HAL_Driver/Src/stm32g4xx_hal_dma.c **** 
  83:Drivers/STM32G4xx_HAL_Driver/Src/stm32g4xx_hal_dma.c ****      [..]
  84:Drivers/STM32G4xx_HAL_Driver/Src/stm32g4xx_hal_dma.c ****       (@) You can refer to the DMA HAL driver header file for more useful macros
  85:Drivers/STM32G4xx_HAL_Driver/Src/stm32g4xx_hal_dma.c **** 
  86:Drivers/STM32G4xx_HAL_Driver/Src/stm32g4xx_hal_dma.c ****   @endverbatim
  87:Drivers/STM32G4xx_HAL_Driver/Src/stm32g4xx_hal_dma.c ****   */
ARM GAS   			page 3


  88:Drivers/STM32G4xx_HAL_Driver/Src/stm32g4xx_hal_dma.c **** 
  89:Drivers/STM32G4xx_HAL_Driver/Src/stm32g4xx_hal_dma.c **** /* Includes ------------------------------------------------------------------*/
  90:Drivers/STM32G4xx_HAL_Driver/Src/stm32g4xx_hal_dma.c **** #include "stm32g4xx_hal.h"
  91:Drivers/STM32G4xx_HAL_Driver/Src/stm32g4xx_hal_dma.c **** 
  92:Drivers/STM32G4xx_HAL_Driver/Src/stm32g4xx_hal_dma.c **** /** @addtogroup STM32G4xx_HAL_Driver
  93:Drivers/STM32G4xx_HAL_Driver/Src/stm32g4xx_hal_dma.c ****   * @{
  94:Drivers/STM32G4xx_HAL_Driver/Src/stm32g4xx_hal_dma.c ****   */
  95:Drivers/STM32G4xx_HAL_Driver/Src/stm32g4xx_hal_dma.c **** 
  96:Drivers/STM32G4xx_HAL_Driver/Src/stm32g4xx_hal_dma.c **** /** @defgroup DMA DMA
  97:Drivers/STM32G4xx_HAL_Driver/Src/stm32g4xx_hal_dma.c ****   * @brief DMA HAL module driver
  98:Drivers/STM32G4xx_HAL_Driver/Src/stm32g4xx_hal_dma.c ****   * @{
  99:Drivers/STM32G4xx_HAL_Driver/Src/stm32g4xx_hal_dma.c ****   */
 100:Drivers/STM32G4xx_HAL_Driver/Src/stm32g4xx_hal_dma.c **** 
 101:Drivers/STM32G4xx_HAL_Driver/Src/stm32g4xx_hal_dma.c **** #ifdef HAL_DMA_MODULE_ENABLED
 102:Drivers/STM32G4xx_HAL_Driver/Src/stm32g4xx_hal_dma.c **** 
 103:Drivers/STM32G4xx_HAL_Driver/Src/stm32g4xx_hal_dma.c **** /* Private typedef -----------------------------------------------------------*/
 104:Drivers/STM32G4xx_HAL_Driver/Src/stm32g4xx_hal_dma.c **** /* Private define ------------------------------------------------------------*/
 105:Drivers/STM32G4xx_HAL_Driver/Src/stm32g4xx_hal_dma.c **** /* Private macro -------------------------------------------------------------*/
 106:Drivers/STM32G4xx_HAL_Driver/Src/stm32g4xx_hal_dma.c **** /* Private variables ---------------------------------------------------------*/
 107:Drivers/STM32G4xx_HAL_Driver/Src/stm32g4xx_hal_dma.c **** /* Private function prototypes -----------------------------------------------*/
 108:Drivers/STM32G4xx_HAL_Driver/Src/stm32g4xx_hal_dma.c **** /** @defgroup DMA_Private_Functions DMA Private Functions
 109:Drivers/STM32G4xx_HAL_Driver/Src/stm32g4xx_hal_dma.c ****   * @{
 110:Drivers/STM32G4xx_HAL_Driver/Src/stm32g4xx_hal_dma.c ****   */
 111:Drivers/STM32G4xx_HAL_Driver/Src/stm32g4xx_hal_dma.c **** static void DMA_SetConfig(DMA_HandleTypeDef *hdma, uint32_t SrcAddress, uint32_t DstAddress, uint32
 112:Drivers/STM32G4xx_HAL_Driver/Src/stm32g4xx_hal_dma.c **** 
 113:Drivers/STM32G4xx_HAL_Driver/Src/stm32g4xx_hal_dma.c **** static void DMA_CalcDMAMUXChannelBaseAndMask(DMA_HandleTypeDef *hdma);
 114:Drivers/STM32G4xx_HAL_Driver/Src/stm32g4xx_hal_dma.c **** static void DMA_CalcDMAMUXRequestGenBaseAndMask(DMA_HandleTypeDef *hdma);
 115:Drivers/STM32G4xx_HAL_Driver/Src/stm32g4xx_hal_dma.c **** 
 116:Drivers/STM32G4xx_HAL_Driver/Src/stm32g4xx_hal_dma.c **** /**
 117:Drivers/STM32G4xx_HAL_Driver/Src/stm32g4xx_hal_dma.c ****   * @}
 118:Drivers/STM32G4xx_HAL_Driver/Src/stm32g4xx_hal_dma.c ****   */
 119:Drivers/STM32G4xx_HAL_Driver/Src/stm32g4xx_hal_dma.c **** 
 120:Drivers/STM32G4xx_HAL_Driver/Src/stm32g4xx_hal_dma.c **** /* Exported functions ---------------------------------------------------------*/
 121:Drivers/STM32G4xx_HAL_Driver/Src/stm32g4xx_hal_dma.c **** 
 122:Drivers/STM32G4xx_HAL_Driver/Src/stm32g4xx_hal_dma.c **** /** @defgroup DMA_Exported_Functions DMA Exported Functions
 123:Drivers/STM32G4xx_HAL_Driver/Src/stm32g4xx_hal_dma.c ****   * @{
 124:Drivers/STM32G4xx_HAL_Driver/Src/stm32g4xx_hal_dma.c ****   */
 125:Drivers/STM32G4xx_HAL_Driver/Src/stm32g4xx_hal_dma.c **** 
 126:Drivers/STM32G4xx_HAL_Driver/Src/stm32g4xx_hal_dma.c **** /** @defgroup DMA_Exported_Functions_Group1 Initialization and de-initialization functions
 127:Drivers/STM32G4xx_HAL_Driver/Src/stm32g4xx_hal_dma.c ****   *  @brief   Initialization and de-initialization functions
 128:Drivers/STM32G4xx_HAL_Driver/Src/stm32g4xx_hal_dma.c ****   *
 129:Drivers/STM32G4xx_HAL_Driver/Src/stm32g4xx_hal_dma.c **** @verbatim
 130:Drivers/STM32G4xx_HAL_Driver/Src/stm32g4xx_hal_dma.c ****  ===============================================================================
 131:Drivers/STM32G4xx_HAL_Driver/Src/stm32g4xx_hal_dma.c ****              ##### Initialization and de-initialization functions  #####
 132:Drivers/STM32G4xx_HAL_Driver/Src/stm32g4xx_hal_dma.c ****  ===============================================================================
 133:Drivers/STM32G4xx_HAL_Driver/Src/stm32g4xx_hal_dma.c ****     [..]
 134:Drivers/STM32G4xx_HAL_Driver/Src/stm32g4xx_hal_dma.c ****     This section provides functions allowing to initialize the DMA Channel source
 135:Drivers/STM32G4xx_HAL_Driver/Src/stm32g4xx_hal_dma.c ****     and destination addresses, incrementation and data sizes, transfer direction,
 136:Drivers/STM32G4xx_HAL_Driver/Src/stm32g4xx_hal_dma.c ****     circular/normal mode selection, memory-to-memory mode selection and Channel priority value.
 137:Drivers/STM32G4xx_HAL_Driver/Src/stm32g4xx_hal_dma.c ****     [..]
 138:Drivers/STM32G4xx_HAL_Driver/Src/stm32g4xx_hal_dma.c ****     The HAL_DMA_Init() function follows the DMA configuration procedures as described in
 139:Drivers/STM32G4xx_HAL_Driver/Src/stm32g4xx_hal_dma.c ****     reference manual.
 140:Drivers/STM32G4xx_HAL_Driver/Src/stm32g4xx_hal_dma.c **** 
 141:Drivers/STM32G4xx_HAL_Driver/Src/stm32g4xx_hal_dma.c **** @endverbatim
 142:Drivers/STM32G4xx_HAL_Driver/Src/stm32g4xx_hal_dma.c ****   * @{
 143:Drivers/STM32G4xx_HAL_Driver/Src/stm32g4xx_hal_dma.c ****   */
 144:Drivers/STM32G4xx_HAL_Driver/Src/stm32g4xx_hal_dma.c **** 
ARM GAS   			page 4


 145:Drivers/STM32G4xx_HAL_Driver/Src/stm32g4xx_hal_dma.c **** /**
 146:Drivers/STM32G4xx_HAL_Driver/Src/stm32g4xx_hal_dma.c ****   * @brief  Initialize the DMA according to the specified
 147:Drivers/STM32G4xx_HAL_Driver/Src/stm32g4xx_hal_dma.c ****   *         parameters in the DMA_InitTypeDef and initialize the associated handle.
 148:Drivers/STM32G4xx_HAL_Driver/Src/stm32g4xx_hal_dma.c ****   * @param  hdma Pointer to a DMA_HandleTypeDef structure that contains
 149:Drivers/STM32G4xx_HAL_Driver/Src/stm32g4xx_hal_dma.c ****   *               the configuration information for the specified DMA Channel.
 150:Drivers/STM32G4xx_HAL_Driver/Src/stm32g4xx_hal_dma.c ****   * @retval HAL status
 151:Drivers/STM32G4xx_HAL_Driver/Src/stm32g4xx_hal_dma.c ****   */
 152:Drivers/STM32G4xx_HAL_Driver/Src/stm32g4xx_hal_dma.c **** HAL_StatusTypeDef HAL_DMA_Init(DMA_HandleTypeDef *hdma)
 153:Drivers/STM32G4xx_HAL_Driver/Src/stm32g4xx_hal_dma.c **** {
  29              	 .loc 1 153 1 view-0
  30              	 .cfi_startproc
  31              	 
  32              	 
  33              	 
 154:Drivers/STM32G4xx_HAL_Driver/Src/stm32g4xx_hal_dma.c ****   uint32_t tmp;
  34              	 .loc 1 154 3 view .LVU1
 155:Drivers/STM32G4xx_HAL_Driver/Src/stm32g4xx_hal_dma.c **** 
 156:Drivers/STM32G4xx_HAL_Driver/Src/stm32g4xx_hal_dma.c ****   /* Check the DMA handle allocation */
 157:Drivers/STM32G4xx_HAL_Driver/Src/stm32g4xx_hal_dma.c ****   if (hdma == NULL)
  35              	 .loc 1 157 3 view .LVU2
  36              	 .loc 1 157 6 is_stmt 0 view .LVU3
  37 0000 0028     	 cmp r0,#0
  38 0002 78D0     	 beq .L9
 158:Drivers/STM32G4xx_HAL_Driver/Src/stm32g4xx_hal_dma.c ****   {
 159:Drivers/STM32G4xx_HAL_Driver/Src/stm32g4xx_hal_dma.c ****     return HAL_ERROR;
 160:Drivers/STM32G4xx_HAL_Driver/Src/stm32g4xx_hal_dma.c ****   }
 161:Drivers/STM32G4xx_HAL_Driver/Src/stm32g4xx_hal_dma.c **** 
 162:Drivers/STM32G4xx_HAL_Driver/Src/stm32g4xx_hal_dma.c ****   /* Check the parameters */
 163:Drivers/STM32G4xx_HAL_Driver/Src/stm32g4xx_hal_dma.c ****   assert_param(IS_DMA_ALL_INSTANCE(hdma->Instance));
 164:Drivers/STM32G4xx_HAL_Driver/Src/stm32g4xx_hal_dma.c ****   assert_param(IS_DMA_DIRECTION(hdma->Init.Direction));
 165:Drivers/STM32G4xx_HAL_Driver/Src/stm32g4xx_hal_dma.c ****   assert_param(IS_DMA_PERIPHERAL_INC_STATE(hdma->Init.PeriphInc));
 166:Drivers/STM32G4xx_HAL_Driver/Src/stm32g4xx_hal_dma.c ****   assert_param(IS_DMA_MEMORY_INC_STATE(hdma->Init.MemInc));
 167:Drivers/STM32G4xx_HAL_Driver/Src/stm32g4xx_hal_dma.c ****   assert_param(IS_DMA_PERIPHERAL_DATA_SIZE(hdma->Init.PeriphDataAlignment));
 168:Drivers/STM32G4xx_HAL_Driver/Src/stm32g4xx_hal_dma.c ****   assert_param(IS_DMA_MEMORY_DATA_SIZE(hdma->Init.MemDataAlignment));
 169:Drivers/STM32G4xx_HAL_Driver/Src/stm32g4xx_hal_dma.c ****   assert_param(IS_DMA_MODE(hdma->Init.Mode));
 170:Drivers/STM32G4xx_HAL_Driver/Src/stm32g4xx_hal_dma.c ****   assert_param(IS_DMA_PRIORITY(hdma->Init.Priority));
 171:Drivers/STM32G4xx_HAL_Driver/Src/stm32g4xx_hal_dma.c **** 
 172:Drivers/STM32G4xx_HAL_Driver/Src/stm32g4xx_hal_dma.c ****   assert_param(IS_DMA_ALL_REQUEST(hdma->Init.Request));
 173:Drivers/STM32G4xx_HAL_Driver/Src/stm32g4xx_hal_dma.c **** 
 174:Drivers/STM32G4xx_HAL_Driver/Src/stm32g4xx_hal_dma.c ****   /* Compute the channel index */
 175:Drivers/STM32G4xx_HAL_Driver/Src/stm32g4xx_hal_dma.c ****   if ((uint32_t)(hdma->Instance) < (uint32_t)(DMA2_Channel1))
  39              	 .loc 1 175 22 view .LVU4
  40 0004 0268     	 ldr r2,[r0]
  41              	 .loc 1 175 6 view .LVU5
  42 0006 3D49     	 ldr r1,.L18
  43 0008 8A42     	 cmp r2,r1
 153:Drivers/STM32G4xx_HAL_Driver/Src/stm32g4xx_hal_dma.c ****   uint32_t tmp;
  44              	 .loc 1 153 1 view .LVU6
  45 000a F0B4     	 push {r4,r5,r6,r7}
  46              	 .cfi_def_cfa_offset 16
  47              	 .cfi_offset 4,-16
  48              	 .cfi_offset 5,-12
  49              	 .cfi_offset 6,-8
  50              	 .cfi_offset 7,-4
  51 000c 0346     	 mov r3,r0
 163:Drivers/STM32G4xx_HAL_Driver/Src/stm32g4xx_hal_dma.c ****   assert_param(IS_DMA_DIRECTION(hdma->Init.Direction));
  52              	 .loc 1 163 3 is_stmt 1 view .LVU7
ARM GAS   			page 5


 164:Drivers/STM32G4xx_HAL_Driver/Src/stm32g4xx_hal_dma.c ****   assert_param(IS_DMA_PERIPHERAL_INC_STATE(hdma->Init.PeriphInc));
  53              	 .loc 1 164 3 view .LVU8
 165:Drivers/STM32G4xx_HAL_Driver/Src/stm32g4xx_hal_dma.c ****   assert_param(IS_DMA_MEMORY_INC_STATE(hdma->Init.MemInc));
  54              	 .loc 1 165 3 view .LVU9
 166:Drivers/STM32G4xx_HAL_Driver/Src/stm32g4xx_hal_dma.c ****   assert_param(IS_DMA_PERIPHERAL_DATA_SIZE(hdma->Init.PeriphDataAlignment));
  55              	 .loc 1 166 3 view .LVU10
 167:Drivers/STM32G4xx_HAL_Driver/Src/stm32g4xx_hal_dma.c ****   assert_param(IS_DMA_MEMORY_DATA_SIZE(hdma->Init.MemDataAlignment));
  56              	 .loc 1 167 3 view .LVU11
 168:Drivers/STM32G4xx_HAL_Driver/Src/stm32g4xx_hal_dma.c ****   assert_param(IS_DMA_MODE(hdma->Init.Mode));
  57              	 .loc 1 168 3 view .LVU12
 169:Drivers/STM32G4xx_HAL_Driver/Src/stm32g4xx_hal_dma.c ****   assert_param(IS_DMA_PRIORITY(hdma->Init.Priority));
  58              	 .loc 1 169 3 view .LVU13
 170:Drivers/STM32G4xx_HAL_Driver/Src/stm32g4xx_hal_dma.c **** 
  59              	 .loc 1 170 3 view .LVU14
 172:Drivers/STM32G4xx_HAL_Driver/Src/stm32g4xx_hal_dma.c **** 
  60              	 .loc 1 172 3 view .LVU15
  61              	 .loc 1 175 3 view .LVU16
  62              	 .loc 1 175 6 is_stmt 0 view .LVU17
  63 000e 5AD9     	 bls .L16
 176:Drivers/STM32G4xx_HAL_Driver/Src/stm32g4xx_hal_dma.c ****   {
 177:Drivers/STM32G4xx_HAL_Driver/Src/stm32g4xx_hal_dma.c ****     /* DMA1 */
 178:Drivers/STM32G4xx_HAL_Driver/Src/stm32g4xx_hal_dma.c ****     hdma->ChannelIndex = (((uint32_t)hdma->Instance - (uint32_t)DMA1_Channel1) / ((uint32_t)DMA1_Ch
 179:Drivers/STM32G4xx_HAL_Driver/Src/stm32g4xx_hal_dma.c ****     hdma->DmaBaseAddress = DMA1;
 180:Drivers/STM32G4xx_HAL_Driver/Src/stm32g4xx_hal_dma.c ****   }
 181:Drivers/STM32G4xx_HAL_Driver/Src/stm32g4xx_hal_dma.c ****   else
 182:Drivers/STM32G4xx_HAL_Driver/Src/stm32g4xx_hal_dma.c ****   {
 183:Drivers/STM32G4xx_HAL_Driver/Src/stm32g4xx_hal_dma.c ****     /* DMA2 */
 184:Drivers/STM32G4xx_HAL_Driver/Src/stm32g4xx_hal_dma.c ****     hdma->ChannelIndex = (((uint32_t)hdma->Instance - (uint32_t)DMA2_Channel1) / ((uint32_t)DMA2_Ch
  64              	 .loc 1 184 5 is_stmt 1 view .LVU18
  65              	 .loc 1 184 53 is_stmt 0 view .LVU19
  66 0010 3B48     	 ldr r0,.L18+4
  67              	.LVL1:
  68              	 .loc 1 184 80 view .LVU20
  69 0012 3C49     	 ldr r1,.L18+8
 185:Drivers/STM32G4xx_HAL_Driver/Src/stm32g4xx_hal_dma.c ****     hdma->DmaBaseAddress = DMA2;
  70              	 .loc 1 185 26 view .LVU21
  71 0014 3C4D     	 ldr r5,.L18+12
 184:Drivers/STM32G4xx_HAL_Driver/Src/stm32g4xx_hal_dma.c ****     hdma->DmaBaseAddress = DMA2;
  72              	 .loc 1 184 53 view .LVU22
  73 0016 1044     	 add r0,r0,r2
 184:Drivers/STM32G4xx_HAL_Driver/Src/stm32g4xx_hal_dma.c ****     hdma->DmaBaseAddress = DMA2;
  74              	 .loc 1 184 80 view .LVU23
  75 0018 A1FB0010 	 umull r1,r0,r1,r0
  76 001c 0009     	 lsrs r0,r0,#4
 184:Drivers/STM32G4xx_HAL_Driver/Src/stm32g4xx_hal_dma.c ****     hdma->DmaBaseAddress = DMA2;
  77              	 .loc 1 184 135 view .LVU24
  78 001e 8000     	 lsls r0,r0,#2
  79              	 .loc 1 185 5 is_stmt 1 view .LVU25
  80              	.L4:
 186:Drivers/STM32G4xx_HAL_Driver/Src/stm32g4xx_hal_dma.c ****   }
 187:Drivers/STM32G4xx_HAL_Driver/Src/stm32g4xx_hal_dma.c **** 
 188:Drivers/STM32G4xx_HAL_Driver/Src/stm32g4xx_hal_dma.c ****   /* Change DMA peripheral state */
 189:Drivers/STM32G4xx_HAL_Driver/Src/stm32g4xx_hal_dma.c ****   hdma->State = HAL_DMA_STATE_BUSY;
  81              	 .loc 1 189 15 is_stmt 0 view .LVU26
  82 0020 0221     	 movs r1,#2
 190:Drivers/STM32G4xx_HAL_Driver/Src/stm32g4xx_hal_dma.c **** 
 191:Drivers/STM32G4xx_HAL_Driver/Src/stm32g4xx_hal_dma.c ****   /* Get the CR register value */
ARM GAS   			page 6


 192:Drivers/STM32G4xx_HAL_Driver/Src/stm32g4xx_hal_dma.c ****   tmp = hdma->Instance->CCR;
 193:Drivers/STM32G4xx_HAL_Driver/Src/stm32g4xx_hal_dma.c **** 
 194:Drivers/STM32G4xx_HAL_Driver/Src/stm32g4xx_hal_dma.c ****   /* Clear PL, MSIZE, PSIZE, MINC, PINC, CIRC, DIR and MEM2MEM bits */
 195:Drivers/STM32G4xx_HAL_Driver/Src/stm32g4xx_hal_dma.c ****   tmp &= ((uint32_t)~(DMA_CCR_PL    | DMA_CCR_MSIZE  | DMA_CCR_PSIZE  |
 196:Drivers/STM32G4xx_HAL_Driver/Src/stm32g4xx_hal_dma.c ****                       DMA_CCR_MINC  | DMA_CCR_PINC   | DMA_CCR_CIRC   |
 197:Drivers/STM32G4xx_HAL_Driver/Src/stm32g4xx_hal_dma.c ****                       DMA_CCR_DIR   | DMA_CCR_MEM2MEM));
 198:Drivers/STM32G4xx_HAL_Driver/Src/stm32g4xx_hal_dma.c **** 
 199:Drivers/STM32G4xx_HAL_Driver/Src/stm32g4xx_hal_dma.c ****   /* Prepare the DMA Channel configuration */
 200:Drivers/STM32G4xx_HAL_Driver/Src/stm32g4xx_hal_dma.c ****   tmp |=  hdma->Init.Direction        |
  83              	 .loc 1 200 21 view .LVU27
  84 0022 9C68     	 ldr r4,[r3,#8]
 189:Drivers/STM32G4xx_HAL_Driver/Src/stm32g4xx_hal_dma.c **** 
  85              	 .loc 1 189 15 view .LVU28
  86 0024 83F82510 	 strb r1,[r3,#37]
  87              	 .loc 1 200 39 view .LVU29
  88 0028 D968     	 ldr r1,[r3,#12]
  89 002a C3E91050 	 strd r5,r0,[r3,#64]
 189:Drivers/STM32G4xx_HAL_Driver/Src/stm32g4xx_hal_dma.c **** 
  90              	 .loc 1 189 3 is_stmt 1 view .LVU30
 192:Drivers/STM32G4xx_HAL_Driver/Src/stm32g4xx_hal_dma.c **** 
  91              	 .loc 1 192 3 view .LVU31
 201:Drivers/STM32G4xx_HAL_Driver/Src/stm32g4xx_hal_dma.c ****           hdma->Init.PeriphInc           | hdma->Init.MemInc           |
  92              	 .loc 1 201 42 is_stmt 0 view .LVU32
  93 002e 1D69     	 ldr r5,[r3,#16]
 200:Drivers/STM32G4xx_HAL_Driver/Src/stm32g4xx_hal_dma.c ****           hdma->Init.PeriphInc           | hdma->Init.MemInc           |
  94              	 .loc 1 200 39 view .LVU33
  95 0030 2143     	 orrs r1,r1,r4
  96              	 .loc 1 201 42 view .LVU34
  97 0032 2943     	 orrs r1,r1,r5
  98              	 .loc 1 201 72 view .LVU35
  99 0034 5D69     	 ldr r5,[r3,#20]
 100 0036 2943     	 orrs r1,r1,r5
 202:Drivers/STM32G4xx_HAL_Driver/Src/stm32g4xx_hal_dma.c ****           hdma->Init.PeriphDataAlignment | hdma->Init.MemDataAlignment |
 101              	 .loc 1 202 42 view .LVU36
 102 0038 9D69     	 ldr r5,[r3,#24]
 103 003a 2943     	 orrs r1,r1,r5
 104              	 .loc 1 202 72 view .LVU37
 105 003c DD69     	 ldr r5,[r3,#28]
 106 003e 2943     	 orrs r1,r1,r5
 192:Drivers/STM32G4xx_HAL_Driver/Src/stm32g4xx_hal_dma.c **** 
 107              	 .loc 1 192 7 view .LVU38
 108 0040 1568     	 ldr r5,[r2]
 109              	.LVL2:
 195:Drivers/STM32G4xx_HAL_Driver/Src/stm32g4xx_hal_dma.c ****                       DMA_CCR_MINC  | DMA_CCR_PINC   | DMA_CCR_CIRC   |
 110              	 .loc 1 195 3 is_stmt 1 view .LVU39
 195:Drivers/STM32G4xx_HAL_Driver/Src/stm32g4xx_hal_dma.c ****                       DMA_CCR_MINC  | DMA_CCR_PINC   | DMA_CCR_CIRC   |
 111              	 .loc 1 195 7 is_stmt 0 view .LVU40
 112 0042 25F4FF4C 	 bic ip,r5,#32640
 203:Drivers/STM32G4xx_HAL_Driver/Src/stm32g4xx_hal_dma.c ****           hdma->Init.Mode                | hdma->Init.Priority;
 113              	 .loc 1 203 42 view .LVU41
 114 0046 1D6A     	 ldr r5,[r3,#32]
 115              	.LVL3:
 195:Drivers/STM32G4xx_HAL_Driver/Src/stm32g4xx_hal_dma.c ****                       DMA_CCR_MINC  | DMA_CCR_PINC   | DMA_CCR_CIRC   |
 116              	 .loc 1 195 7 view .LVU42
 117 0048 2CF0700C 	 bic ip,ip,#112
 118              	.LVL4:
 200:Drivers/STM32G4xx_HAL_Driver/Src/stm32g4xx_hal_dma.c ****           hdma->Init.PeriphInc           | hdma->Init.MemInc           |
ARM GAS   			page 7


 119              	 .loc 1 200 3 is_stmt 1 view .LVU43
 120              	 .loc 1 203 42 is_stmt 0 view .LVU44
 121 004c 2943     	 orrs r1,r1,r5
 200:Drivers/STM32G4xx_HAL_Driver/Src/stm32g4xx_hal_dma.c ****           hdma->Init.PeriphInc           | hdma->Init.MemInc           |
 122              	 .loc 1 200 7 view .LVU45
 123 004e 41EA0C01 	 orr r1,r1,ip
 124              	.LVL5:
 204:Drivers/STM32G4xx_HAL_Driver/Src/stm32g4xx_hal_dma.c **** 
 205:Drivers/STM32G4xx_HAL_Driver/Src/stm32g4xx_hal_dma.c ****   /* Write to DMA Channel CR register */
 206:Drivers/STM32G4xx_HAL_Driver/Src/stm32g4xx_hal_dma.c ****   hdma->Instance->CCR = tmp;
 125              	 .loc 1 206 3 is_stmt 1 view .LVU46
 126              	 .loc 1 206 23 is_stmt 0 view .LVU47
 127 0052 1160     	 str r1,[r2]
 207:Drivers/STM32G4xx_HAL_Driver/Src/stm32g4xx_hal_dma.c **** 
 208:Drivers/STM32G4xx_HAL_Driver/Src/stm32g4xx_hal_dma.c ****   /* Initialize parameters for DMAMUX channel :
 209:Drivers/STM32G4xx_HAL_Driver/Src/stm32g4xx_hal_dma.c ****      DMAmuxChannel, DMAmuxChannelStatus and DMAmuxChannelStatusMask
 210:Drivers/STM32G4xx_HAL_Driver/Src/stm32g4xx_hal_dma.c ****   */
 211:Drivers/STM32G4xx_HAL_Driver/Src/stm32g4xx_hal_dma.c ****   DMA_CalcDMAMUXChannelBaseAndMask(hdma);
 128              	 .loc 1 211 3 is_stmt 1 view .LVU48
 129              	.LVL6:
 130              	.LBB14:
 131              	.LBI14:
 212:Drivers/STM32G4xx_HAL_Driver/Src/stm32g4xx_hal_dma.c **** 
 213:Drivers/STM32G4xx_HAL_Driver/Src/stm32g4xx_hal_dma.c ****   if (hdma->Init.Direction == DMA_MEMORY_TO_MEMORY)
 214:Drivers/STM32G4xx_HAL_Driver/Src/stm32g4xx_hal_dma.c ****   {
 215:Drivers/STM32G4xx_HAL_Driver/Src/stm32g4xx_hal_dma.c ****     /* if memory to memory force the request to 0*/
 216:Drivers/STM32G4xx_HAL_Driver/Src/stm32g4xx_hal_dma.c ****     hdma->Init.Request = DMA_REQUEST_MEM2MEM;
 217:Drivers/STM32G4xx_HAL_Driver/Src/stm32g4xx_hal_dma.c ****   }
 218:Drivers/STM32G4xx_HAL_Driver/Src/stm32g4xx_hal_dma.c **** 
 219:Drivers/STM32G4xx_HAL_Driver/Src/stm32g4xx_hal_dma.c ****   /* Set peripheral request  to DMAMUX channel */
 220:Drivers/STM32G4xx_HAL_Driver/Src/stm32g4xx_hal_dma.c ****   hdma->DMAmuxChannel->CCR = (hdma->Init.Request & DMAMUX_CxCR_DMAREQ_ID);
 221:Drivers/STM32G4xx_HAL_Driver/Src/stm32g4xx_hal_dma.c **** 
 222:Drivers/STM32G4xx_HAL_Driver/Src/stm32g4xx_hal_dma.c ****   /* Clear the DMAMUX synchro overrun flag */
 223:Drivers/STM32G4xx_HAL_Driver/Src/stm32g4xx_hal_dma.c ****   hdma->DMAmuxChannelStatus->CFR = hdma->DMAmuxChannelStatusMask;
 224:Drivers/STM32G4xx_HAL_Driver/Src/stm32g4xx_hal_dma.c **** 
 225:Drivers/STM32G4xx_HAL_Driver/Src/stm32g4xx_hal_dma.c ****   if (((hdma->Init.Request >  0U) && (hdma->Init.Request <= DMA_REQUEST_GENERATOR3)))
 226:Drivers/STM32G4xx_HAL_Driver/Src/stm32g4xx_hal_dma.c ****   {
 227:Drivers/STM32G4xx_HAL_Driver/Src/stm32g4xx_hal_dma.c ****     /* Initialize parameters for DMAMUX request generator :
 228:Drivers/STM32G4xx_HAL_Driver/Src/stm32g4xx_hal_dma.c ****        DMAmuxRequestGen, DMAmuxRequestGenStatus and DMAmuxRequestGenStatusMask
 229:Drivers/STM32G4xx_HAL_Driver/Src/stm32g4xx_hal_dma.c ****     */
 230:Drivers/STM32G4xx_HAL_Driver/Src/stm32g4xx_hal_dma.c ****     DMA_CalcDMAMUXRequestGenBaseAndMask(hdma);
 231:Drivers/STM32G4xx_HAL_Driver/Src/stm32g4xx_hal_dma.c **** 
 232:Drivers/STM32G4xx_HAL_Driver/Src/stm32g4xx_hal_dma.c ****     /* Reset the DMAMUX request generator register*/
 233:Drivers/STM32G4xx_HAL_Driver/Src/stm32g4xx_hal_dma.c ****     hdma->DMAmuxRequestGen->RGCR = 0U;
 234:Drivers/STM32G4xx_HAL_Driver/Src/stm32g4xx_hal_dma.c **** 
 235:Drivers/STM32G4xx_HAL_Driver/Src/stm32g4xx_hal_dma.c ****     /* Clear the DMAMUX request generator overrun flag */
 236:Drivers/STM32G4xx_HAL_Driver/Src/stm32g4xx_hal_dma.c ****     hdma->DMAmuxRequestGenStatus->RGCFR = hdma->DMAmuxRequestGenStatusMask;
 237:Drivers/STM32G4xx_HAL_Driver/Src/stm32g4xx_hal_dma.c ****   }
 238:Drivers/STM32G4xx_HAL_Driver/Src/stm32g4xx_hal_dma.c ****   else
 239:Drivers/STM32G4xx_HAL_Driver/Src/stm32g4xx_hal_dma.c ****   {
 240:Drivers/STM32G4xx_HAL_Driver/Src/stm32g4xx_hal_dma.c ****     hdma->DMAmuxRequestGen = 0U;
 241:Drivers/STM32G4xx_HAL_Driver/Src/stm32g4xx_hal_dma.c ****     hdma->DMAmuxRequestGenStatus = 0U;
 242:Drivers/STM32G4xx_HAL_Driver/Src/stm32g4xx_hal_dma.c ****     hdma->DMAmuxRequestGenStatusMask = 0U;
 243:Drivers/STM32G4xx_HAL_Driver/Src/stm32g4xx_hal_dma.c ****   }
 244:Drivers/STM32G4xx_HAL_Driver/Src/stm32g4xx_hal_dma.c **** 
 245:Drivers/STM32G4xx_HAL_Driver/Src/stm32g4xx_hal_dma.c ****   /* Initialize the error code */
 246:Drivers/STM32G4xx_HAL_Driver/Src/stm32g4xx_hal_dma.c ****   hdma->ErrorCode = HAL_DMA_ERROR_NONE;
ARM GAS   			page 8


 247:Drivers/STM32G4xx_HAL_Driver/Src/stm32g4xx_hal_dma.c **** 
 248:Drivers/STM32G4xx_HAL_Driver/Src/stm32g4xx_hal_dma.c ****   /* Initialize the DMA state*/
 249:Drivers/STM32G4xx_HAL_Driver/Src/stm32g4xx_hal_dma.c ****   hdma->State  = HAL_DMA_STATE_READY;
 250:Drivers/STM32G4xx_HAL_Driver/Src/stm32g4xx_hal_dma.c **** 
 251:Drivers/STM32G4xx_HAL_Driver/Src/stm32g4xx_hal_dma.c ****   /* Allocate lock resource and initialize it */
 252:Drivers/STM32G4xx_HAL_Driver/Src/stm32g4xx_hal_dma.c ****   hdma->Lock = HAL_UNLOCKED;
 253:Drivers/STM32G4xx_HAL_Driver/Src/stm32g4xx_hal_dma.c **** 
 254:Drivers/STM32G4xx_HAL_Driver/Src/stm32g4xx_hal_dma.c ****   return HAL_OK;
 255:Drivers/STM32G4xx_HAL_Driver/Src/stm32g4xx_hal_dma.c **** }
 256:Drivers/STM32G4xx_HAL_Driver/Src/stm32g4xx_hal_dma.c **** 
 257:Drivers/STM32G4xx_HAL_Driver/Src/stm32g4xx_hal_dma.c **** /**
 258:Drivers/STM32G4xx_HAL_Driver/Src/stm32g4xx_hal_dma.c ****   * @brief  DeInitialize the DMA peripheral.
 259:Drivers/STM32G4xx_HAL_Driver/Src/stm32g4xx_hal_dma.c ****   * @param  hdma pointer to a DMA_HandleTypeDef structure that contains
 260:Drivers/STM32G4xx_HAL_Driver/Src/stm32g4xx_hal_dma.c ****   *               the configuration information for the specified DMA Channel.
 261:Drivers/STM32G4xx_HAL_Driver/Src/stm32g4xx_hal_dma.c ****   * @retval HAL status
 262:Drivers/STM32G4xx_HAL_Driver/Src/stm32g4xx_hal_dma.c ****   */
 263:Drivers/STM32G4xx_HAL_Driver/Src/stm32g4xx_hal_dma.c **** HAL_StatusTypeDef HAL_DMA_DeInit(DMA_HandleTypeDef *hdma)
 264:Drivers/STM32G4xx_HAL_Driver/Src/stm32g4xx_hal_dma.c **** {
 265:Drivers/STM32G4xx_HAL_Driver/Src/stm32g4xx_hal_dma.c **** 
 266:Drivers/STM32G4xx_HAL_Driver/Src/stm32g4xx_hal_dma.c ****   /* Check the DMA handle allocation */
 267:Drivers/STM32G4xx_HAL_Driver/Src/stm32g4xx_hal_dma.c ****   if (NULL == hdma)
 268:Drivers/STM32G4xx_HAL_Driver/Src/stm32g4xx_hal_dma.c ****   {
 269:Drivers/STM32G4xx_HAL_Driver/Src/stm32g4xx_hal_dma.c ****     return HAL_ERROR;
 270:Drivers/STM32G4xx_HAL_Driver/Src/stm32g4xx_hal_dma.c ****   }
 271:Drivers/STM32G4xx_HAL_Driver/Src/stm32g4xx_hal_dma.c **** 
 272:Drivers/STM32G4xx_HAL_Driver/Src/stm32g4xx_hal_dma.c ****   /* Check the parameters */
 273:Drivers/STM32G4xx_HAL_Driver/Src/stm32g4xx_hal_dma.c ****   assert_param(IS_DMA_ALL_INSTANCE(hdma->Instance));
 274:Drivers/STM32G4xx_HAL_Driver/Src/stm32g4xx_hal_dma.c **** 
 275:Drivers/STM32G4xx_HAL_Driver/Src/stm32g4xx_hal_dma.c ****   /* Disable the selected DMA Channelx */
 276:Drivers/STM32G4xx_HAL_Driver/Src/stm32g4xx_hal_dma.c ****   __HAL_DMA_DISABLE(hdma);
 277:Drivers/STM32G4xx_HAL_Driver/Src/stm32g4xx_hal_dma.c **** 
 278:Drivers/STM32G4xx_HAL_Driver/Src/stm32g4xx_hal_dma.c ****   /* Compute the channel index */
 279:Drivers/STM32G4xx_HAL_Driver/Src/stm32g4xx_hal_dma.c ****   if ((uint32_t)(hdma->Instance) < (uint32_t)(DMA2_Channel1))
 280:Drivers/STM32G4xx_HAL_Driver/Src/stm32g4xx_hal_dma.c ****   {
 281:Drivers/STM32G4xx_HAL_Driver/Src/stm32g4xx_hal_dma.c ****     /* DMA1 */
 282:Drivers/STM32G4xx_HAL_Driver/Src/stm32g4xx_hal_dma.c ****     hdma->ChannelIndex = (((uint32_t)hdma->Instance - (uint32_t)DMA1_Channel1) / ((uint32_t)DMA1_Ch
 283:Drivers/STM32G4xx_HAL_Driver/Src/stm32g4xx_hal_dma.c ****     hdma->DmaBaseAddress = DMA1;
 284:Drivers/STM32G4xx_HAL_Driver/Src/stm32g4xx_hal_dma.c ****   }
 285:Drivers/STM32G4xx_HAL_Driver/Src/stm32g4xx_hal_dma.c ****   else
 286:Drivers/STM32G4xx_HAL_Driver/Src/stm32g4xx_hal_dma.c ****   {
 287:Drivers/STM32G4xx_HAL_Driver/Src/stm32g4xx_hal_dma.c ****     /* DMA2 */
 288:Drivers/STM32G4xx_HAL_Driver/Src/stm32g4xx_hal_dma.c ****     hdma->ChannelIndex = (((uint32_t)hdma->Instance - (uint32_t)DMA2_Channel1) / ((uint32_t)DMA2_Ch
 289:Drivers/STM32G4xx_HAL_Driver/Src/stm32g4xx_hal_dma.c ****     hdma->DmaBaseAddress = DMA2;
 290:Drivers/STM32G4xx_HAL_Driver/Src/stm32g4xx_hal_dma.c ****   }
 291:Drivers/STM32G4xx_HAL_Driver/Src/stm32g4xx_hal_dma.c **** 
 292:Drivers/STM32G4xx_HAL_Driver/Src/stm32g4xx_hal_dma.c ****   /* Reset DMA Channel control register */
 293:Drivers/STM32G4xx_HAL_Driver/Src/stm32g4xx_hal_dma.c ****   hdma->Instance->CCR  = 0;
 294:Drivers/STM32G4xx_HAL_Driver/Src/stm32g4xx_hal_dma.c **** 
 295:Drivers/STM32G4xx_HAL_Driver/Src/stm32g4xx_hal_dma.c ****   /* Clear all flags */
 296:Drivers/STM32G4xx_HAL_Driver/Src/stm32g4xx_hal_dma.c ****   hdma->DmaBaseAddress->IFCR = (DMA_ISR_GIF1 << (hdma->ChannelIndex & 0x1FU));
 297:Drivers/STM32G4xx_HAL_Driver/Src/stm32g4xx_hal_dma.c **** 
 298:Drivers/STM32G4xx_HAL_Driver/Src/stm32g4xx_hal_dma.c ****   /* Initialize parameters for DMAMUX channel :
 299:Drivers/STM32G4xx_HAL_Driver/Src/stm32g4xx_hal_dma.c ****      DMAmuxChannel, DMAmuxChannelStatus and DMAmuxChannelStatusMask */
 300:Drivers/STM32G4xx_HAL_Driver/Src/stm32g4xx_hal_dma.c **** 
 301:Drivers/STM32G4xx_HAL_Driver/Src/stm32g4xx_hal_dma.c ****   DMA_CalcDMAMUXChannelBaseAndMask(hdma);
 302:Drivers/STM32G4xx_HAL_Driver/Src/stm32g4xx_hal_dma.c **** 
 303:Drivers/STM32G4xx_HAL_Driver/Src/stm32g4xx_hal_dma.c ****   /* Reset the DMAMUX channel that corresponds to the DMA channel */
ARM GAS   			page 9


 304:Drivers/STM32G4xx_HAL_Driver/Src/stm32g4xx_hal_dma.c ****   hdma->DMAmuxChannel->CCR = 0;
 305:Drivers/STM32G4xx_HAL_Driver/Src/stm32g4xx_hal_dma.c **** 
 306:Drivers/STM32G4xx_HAL_Driver/Src/stm32g4xx_hal_dma.c ****   /* Clear the DMAMUX synchro overrun flag */
 307:Drivers/STM32G4xx_HAL_Driver/Src/stm32g4xx_hal_dma.c ****   hdma->DMAmuxChannelStatus->CFR = hdma->DMAmuxChannelStatusMask;
 308:Drivers/STM32G4xx_HAL_Driver/Src/stm32g4xx_hal_dma.c **** 
 309:Drivers/STM32G4xx_HAL_Driver/Src/stm32g4xx_hal_dma.c ****   /* Reset Request generator parameters if any */
 310:Drivers/STM32G4xx_HAL_Driver/Src/stm32g4xx_hal_dma.c ****   if (((hdma->Init.Request >  0U) && (hdma->Init.Request <= DMA_REQUEST_GENERATOR3)))
 311:Drivers/STM32G4xx_HAL_Driver/Src/stm32g4xx_hal_dma.c ****   {
 312:Drivers/STM32G4xx_HAL_Driver/Src/stm32g4xx_hal_dma.c ****     /* Initialize parameters for DMAMUX request generator :
 313:Drivers/STM32G4xx_HAL_Driver/Src/stm32g4xx_hal_dma.c ****        DMAmuxRequestGen, DMAmuxRequestGenStatus and DMAmuxRequestGenStatusMask
 314:Drivers/STM32G4xx_HAL_Driver/Src/stm32g4xx_hal_dma.c ****     */
 315:Drivers/STM32G4xx_HAL_Driver/Src/stm32g4xx_hal_dma.c ****     DMA_CalcDMAMUXRequestGenBaseAndMask(hdma);
 316:Drivers/STM32G4xx_HAL_Driver/Src/stm32g4xx_hal_dma.c **** 
 317:Drivers/STM32G4xx_HAL_Driver/Src/stm32g4xx_hal_dma.c ****     /* Reset the DMAMUX request generator register*/
 318:Drivers/STM32G4xx_HAL_Driver/Src/stm32g4xx_hal_dma.c ****     hdma->DMAmuxRequestGen->RGCR = 0U;
 319:Drivers/STM32G4xx_HAL_Driver/Src/stm32g4xx_hal_dma.c **** 
 320:Drivers/STM32G4xx_HAL_Driver/Src/stm32g4xx_hal_dma.c ****     /* Clear the DMAMUX request generator overrun flag */
 321:Drivers/STM32G4xx_HAL_Driver/Src/stm32g4xx_hal_dma.c ****     hdma->DMAmuxRequestGenStatus->RGCFR = hdma->DMAmuxRequestGenStatusMask;
 322:Drivers/STM32G4xx_HAL_Driver/Src/stm32g4xx_hal_dma.c ****   }
 323:Drivers/STM32G4xx_HAL_Driver/Src/stm32g4xx_hal_dma.c **** 
 324:Drivers/STM32G4xx_HAL_Driver/Src/stm32g4xx_hal_dma.c ****   hdma->DMAmuxRequestGen = 0U;
 325:Drivers/STM32G4xx_HAL_Driver/Src/stm32g4xx_hal_dma.c ****   hdma->DMAmuxRequestGenStatus = 0U;
 326:Drivers/STM32G4xx_HAL_Driver/Src/stm32g4xx_hal_dma.c ****   hdma->DMAmuxRequestGenStatusMask = 0U;
 327:Drivers/STM32G4xx_HAL_Driver/Src/stm32g4xx_hal_dma.c **** 
 328:Drivers/STM32G4xx_HAL_Driver/Src/stm32g4xx_hal_dma.c ****   /* Clean callbacks */
 329:Drivers/STM32G4xx_HAL_Driver/Src/stm32g4xx_hal_dma.c ****   hdma->XferCpltCallback = NULL;
 330:Drivers/STM32G4xx_HAL_Driver/Src/stm32g4xx_hal_dma.c ****   hdma->XferHalfCpltCallback = NULL;
 331:Drivers/STM32G4xx_HAL_Driver/Src/stm32g4xx_hal_dma.c ****   hdma->XferErrorCallback = NULL;
 332:Drivers/STM32G4xx_HAL_Driver/Src/stm32g4xx_hal_dma.c ****   hdma->XferAbortCallback = NULL;
 333:Drivers/STM32G4xx_HAL_Driver/Src/stm32g4xx_hal_dma.c **** 
 334:Drivers/STM32G4xx_HAL_Driver/Src/stm32g4xx_hal_dma.c ****   /* Initialize the error code */
 335:Drivers/STM32G4xx_HAL_Driver/Src/stm32g4xx_hal_dma.c ****   hdma->ErrorCode = HAL_DMA_ERROR_NONE;
 336:Drivers/STM32G4xx_HAL_Driver/Src/stm32g4xx_hal_dma.c **** 
 337:Drivers/STM32G4xx_HAL_Driver/Src/stm32g4xx_hal_dma.c ****   /* Initialize the DMA state */
 338:Drivers/STM32G4xx_HAL_Driver/Src/stm32g4xx_hal_dma.c ****   hdma->State = HAL_DMA_STATE_RESET;
 339:Drivers/STM32G4xx_HAL_Driver/Src/stm32g4xx_hal_dma.c **** 
 340:Drivers/STM32G4xx_HAL_Driver/Src/stm32g4xx_hal_dma.c ****   /* Release Lock */
 341:Drivers/STM32G4xx_HAL_Driver/Src/stm32g4xx_hal_dma.c ****   __HAL_UNLOCK(hdma);
 342:Drivers/STM32G4xx_HAL_Driver/Src/stm32g4xx_hal_dma.c **** 
 343:Drivers/STM32G4xx_HAL_Driver/Src/stm32g4xx_hal_dma.c ****   return HAL_OK;
 344:Drivers/STM32G4xx_HAL_Driver/Src/stm32g4xx_hal_dma.c **** }
 345:Drivers/STM32G4xx_HAL_Driver/Src/stm32g4xx_hal_dma.c **** 
 346:Drivers/STM32G4xx_HAL_Driver/Src/stm32g4xx_hal_dma.c **** /**
 347:Drivers/STM32G4xx_HAL_Driver/Src/stm32g4xx_hal_dma.c ****   * @}
 348:Drivers/STM32G4xx_HAL_Driver/Src/stm32g4xx_hal_dma.c ****   */
 349:Drivers/STM32G4xx_HAL_Driver/Src/stm32g4xx_hal_dma.c **** 
 350:Drivers/STM32G4xx_HAL_Driver/Src/stm32g4xx_hal_dma.c **** /** @defgroup DMA_Exported_Functions_Group2 Input and Output operation functions
 351:Drivers/STM32G4xx_HAL_Driver/Src/stm32g4xx_hal_dma.c ****   *  @brief   Input and Output operation functions
 352:Drivers/STM32G4xx_HAL_Driver/Src/stm32g4xx_hal_dma.c ****   *
 353:Drivers/STM32G4xx_HAL_Driver/Src/stm32g4xx_hal_dma.c **** @verbatim
 354:Drivers/STM32G4xx_HAL_Driver/Src/stm32g4xx_hal_dma.c ****  ===============================================================================
 355:Drivers/STM32G4xx_HAL_Driver/Src/stm32g4xx_hal_dma.c ****                       #####  IO operation functions  #####
 356:Drivers/STM32G4xx_HAL_Driver/Src/stm32g4xx_hal_dma.c ****  ===============================================================================
 357:Drivers/STM32G4xx_HAL_Driver/Src/stm32g4xx_hal_dma.c ****     [..]  This section provides functions allowing to:
 358:Drivers/STM32G4xx_HAL_Driver/Src/stm32g4xx_hal_dma.c ****       (+) Configure the source, destination address and data length and Start DMA transfer
 359:Drivers/STM32G4xx_HAL_Driver/Src/stm32g4xx_hal_dma.c ****       (+) Configure the source, destination address and data length and
 360:Drivers/STM32G4xx_HAL_Driver/Src/stm32g4xx_hal_dma.c ****           Start DMA transfer with interrupt
ARM GAS   			page 10


 361:Drivers/STM32G4xx_HAL_Driver/Src/stm32g4xx_hal_dma.c ****       (+) Abort DMA transfer
 362:Drivers/STM32G4xx_HAL_Driver/Src/stm32g4xx_hal_dma.c ****       (+) Poll for transfer complete
 363:Drivers/STM32G4xx_HAL_Driver/Src/stm32g4xx_hal_dma.c ****       (+) Handle DMA interrupt request
 364:Drivers/STM32G4xx_HAL_Driver/Src/stm32g4xx_hal_dma.c **** 
 365:Drivers/STM32G4xx_HAL_Driver/Src/stm32g4xx_hal_dma.c **** @endverbatim
 366:Drivers/STM32G4xx_HAL_Driver/Src/stm32g4xx_hal_dma.c ****   * @{
 367:Drivers/STM32G4xx_HAL_Driver/Src/stm32g4xx_hal_dma.c ****   */
 368:Drivers/STM32G4xx_HAL_Driver/Src/stm32g4xx_hal_dma.c **** 
 369:Drivers/STM32G4xx_HAL_Driver/Src/stm32g4xx_hal_dma.c **** /**
 370:Drivers/STM32G4xx_HAL_Driver/Src/stm32g4xx_hal_dma.c ****   * @brief  Start the DMA Transfer.
 371:Drivers/STM32G4xx_HAL_Driver/Src/stm32g4xx_hal_dma.c ****   * @param  hdma pointer to a DMA_HandleTypeDef structure that contains
 372:Drivers/STM32G4xx_HAL_Driver/Src/stm32g4xx_hal_dma.c ****   *               the configuration information for the specified DMA Channel.
 373:Drivers/STM32G4xx_HAL_Driver/Src/stm32g4xx_hal_dma.c ****   * @param  SrcAddress The source memory Buffer address
 374:Drivers/STM32G4xx_HAL_Driver/Src/stm32g4xx_hal_dma.c ****   * @param  DstAddress The destination memory Buffer address
 375:Drivers/STM32G4xx_HAL_Driver/Src/stm32g4xx_hal_dma.c ****   * @param  DataLength The length of data to be transferred from source to destination (up to 256Kb
 376:Drivers/STM32G4xx_HAL_Driver/Src/stm32g4xx_hal_dma.c ****   * @retval HAL status
 377:Drivers/STM32G4xx_HAL_Driver/Src/stm32g4xx_hal_dma.c ****   */
 378:Drivers/STM32G4xx_HAL_Driver/Src/stm32g4xx_hal_dma.c **** HAL_StatusTypeDef HAL_DMA_Start(DMA_HandleTypeDef *hdma, uint32_t SrcAddress, uint32_t DstAddress, 
 379:Drivers/STM32G4xx_HAL_Driver/Src/stm32g4xx_hal_dma.c **** {
 380:Drivers/STM32G4xx_HAL_Driver/Src/stm32g4xx_hal_dma.c ****   HAL_StatusTypeDef status = HAL_OK;
 381:Drivers/STM32G4xx_HAL_Driver/Src/stm32g4xx_hal_dma.c **** 
 382:Drivers/STM32G4xx_HAL_Driver/Src/stm32g4xx_hal_dma.c ****   /* Check the parameters */
 383:Drivers/STM32G4xx_HAL_Driver/Src/stm32g4xx_hal_dma.c ****   assert_param(IS_DMA_BUFFER_SIZE(DataLength));
 384:Drivers/STM32G4xx_HAL_Driver/Src/stm32g4xx_hal_dma.c **** 
 385:Drivers/STM32G4xx_HAL_Driver/Src/stm32g4xx_hal_dma.c ****   /* Process locked */
 386:Drivers/STM32G4xx_HAL_Driver/Src/stm32g4xx_hal_dma.c ****   __HAL_LOCK(hdma);
 387:Drivers/STM32G4xx_HAL_Driver/Src/stm32g4xx_hal_dma.c **** 
 388:Drivers/STM32G4xx_HAL_Driver/Src/stm32g4xx_hal_dma.c ****   if (HAL_DMA_STATE_READY == hdma->State)
 389:Drivers/STM32G4xx_HAL_Driver/Src/stm32g4xx_hal_dma.c ****   {
 390:Drivers/STM32G4xx_HAL_Driver/Src/stm32g4xx_hal_dma.c ****     /* Change DMA peripheral state */
 391:Drivers/STM32G4xx_HAL_Driver/Src/stm32g4xx_hal_dma.c ****     hdma->State = HAL_DMA_STATE_BUSY;
 392:Drivers/STM32G4xx_HAL_Driver/Src/stm32g4xx_hal_dma.c ****     hdma->ErrorCode = HAL_DMA_ERROR_NONE;
 393:Drivers/STM32G4xx_HAL_Driver/Src/stm32g4xx_hal_dma.c **** 
 394:Drivers/STM32G4xx_HAL_Driver/Src/stm32g4xx_hal_dma.c ****     /* Disable the peripheral */
 395:Drivers/STM32G4xx_HAL_Driver/Src/stm32g4xx_hal_dma.c ****     __HAL_DMA_DISABLE(hdma);
 396:Drivers/STM32G4xx_HAL_Driver/Src/stm32g4xx_hal_dma.c **** 
 397:Drivers/STM32G4xx_HAL_Driver/Src/stm32g4xx_hal_dma.c ****     /* Configure the source, destination address and the data length & clear flags*/
 398:Drivers/STM32G4xx_HAL_Driver/Src/stm32g4xx_hal_dma.c ****     DMA_SetConfig(hdma, SrcAddress, DstAddress, DataLength);
 399:Drivers/STM32G4xx_HAL_Driver/Src/stm32g4xx_hal_dma.c **** 
 400:Drivers/STM32G4xx_HAL_Driver/Src/stm32g4xx_hal_dma.c ****     /* Enable the Peripheral */
 401:Drivers/STM32G4xx_HAL_Driver/Src/stm32g4xx_hal_dma.c ****     __HAL_DMA_ENABLE(hdma);
 402:Drivers/STM32G4xx_HAL_Driver/Src/stm32g4xx_hal_dma.c ****   }
 403:Drivers/STM32G4xx_HAL_Driver/Src/stm32g4xx_hal_dma.c ****   else
 404:Drivers/STM32G4xx_HAL_Driver/Src/stm32g4xx_hal_dma.c ****   {
 405:Drivers/STM32G4xx_HAL_Driver/Src/stm32g4xx_hal_dma.c ****     /* Process Unlocked */
 406:Drivers/STM32G4xx_HAL_Driver/Src/stm32g4xx_hal_dma.c ****     __HAL_UNLOCK(hdma);
 407:Drivers/STM32G4xx_HAL_Driver/Src/stm32g4xx_hal_dma.c ****     status = HAL_BUSY;
 408:Drivers/STM32G4xx_HAL_Driver/Src/stm32g4xx_hal_dma.c ****   }
 409:Drivers/STM32G4xx_HAL_Driver/Src/stm32g4xx_hal_dma.c ****   return status;
 410:Drivers/STM32G4xx_HAL_Driver/Src/stm32g4xx_hal_dma.c **** }
 411:Drivers/STM32G4xx_HAL_Driver/Src/stm32g4xx_hal_dma.c **** 
 412:Drivers/STM32G4xx_HAL_Driver/Src/stm32g4xx_hal_dma.c **** /**
 413:Drivers/STM32G4xx_HAL_Driver/Src/stm32g4xx_hal_dma.c ****   * @brief  Start the DMA Transfer with interrupt enabled.
 414:Drivers/STM32G4xx_HAL_Driver/Src/stm32g4xx_hal_dma.c ****   * @param  hdma pointer to a DMA_HandleTypeDef structure that contains
 415:Drivers/STM32G4xx_HAL_Driver/Src/stm32g4xx_hal_dma.c ****   *               the configuration information for the specified DMA Channel.
 416:Drivers/STM32G4xx_HAL_Driver/Src/stm32g4xx_hal_dma.c ****   * @param  SrcAddress The source memory Buffer address
 417:Drivers/STM32G4xx_HAL_Driver/Src/stm32g4xx_hal_dma.c ****   * @param  DstAddress The destination memory Buffer address
ARM GAS   			page 11


 418:Drivers/STM32G4xx_HAL_Driver/Src/stm32g4xx_hal_dma.c ****   * @param  DataLength The length of data to be transferred from source to destination (up to 256Kb
 419:Drivers/STM32G4xx_HAL_Driver/Src/stm32g4xx_hal_dma.c ****   * @retval HAL status
 420:Drivers/STM32G4xx_HAL_Driver/Src/stm32g4xx_hal_dma.c ****   */
 421:Drivers/STM32G4xx_HAL_Driver/Src/stm32g4xx_hal_dma.c **** HAL_StatusTypeDef HAL_DMA_Start_IT(DMA_HandleTypeDef *hdma, uint32_t SrcAddress, uint32_t DstAddres
 422:Drivers/STM32G4xx_HAL_Driver/Src/stm32g4xx_hal_dma.c ****                                    uint32_t DataLength)
 423:Drivers/STM32G4xx_HAL_Driver/Src/stm32g4xx_hal_dma.c **** {
 424:Drivers/STM32G4xx_HAL_Driver/Src/stm32g4xx_hal_dma.c ****   HAL_StatusTypeDef status = HAL_OK;
 425:Drivers/STM32G4xx_HAL_Driver/Src/stm32g4xx_hal_dma.c **** 
 426:Drivers/STM32G4xx_HAL_Driver/Src/stm32g4xx_hal_dma.c ****   /* Check the parameters */
 427:Drivers/STM32G4xx_HAL_Driver/Src/stm32g4xx_hal_dma.c ****   assert_param(IS_DMA_BUFFER_SIZE(DataLength));
 428:Drivers/STM32G4xx_HAL_Driver/Src/stm32g4xx_hal_dma.c **** 
 429:Drivers/STM32G4xx_HAL_Driver/Src/stm32g4xx_hal_dma.c ****   /* Process locked */
 430:Drivers/STM32G4xx_HAL_Driver/Src/stm32g4xx_hal_dma.c ****   __HAL_LOCK(hdma);
 431:Drivers/STM32G4xx_HAL_Driver/Src/stm32g4xx_hal_dma.c **** 
 432:Drivers/STM32G4xx_HAL_Driver/Src/stm32g4xx_hal_dma.c ****   if (HAL_DMA_STATE_READY == hdma->State)
 433:Drivers/STM32G4xx_HAL_Driver/Src/stm32g4xx_hal_dma.c ****   {
 434:Drivers/STM32G4xx_HAL_Driver/Src/stm32g4xx_hal_dma.c ****     /* Change DMA peripheral state */
 435:Drivers/STM32G4xx_HAL_Driver/Src/stm32g4xx_hal_dma.c ****     hdma->State = HAL_DMA_STATE_BUSY;
 436:Drivers/STM32G4xx_HAL_Driver/Src/stm32g4xx_hal_dma.c ****     hdma->ErrorCode = HAL_DMA_ERROR_NONE;
 437:Drivers/STM32G4xx_HAL_Driver/Src/stm32g4xx_hal_dma.c **** 
 438:Drivers/STM32G4xx_HAL_Driver/Src/stm32g4xx_hal_dma.c ****     /* Disable the peripheral */
 439:Drivers/STM32G4xx_HAL_Driver/Src/stm32g4xx_hal_dma.c ****     __HAL_DMA_DISABLE(hdma);
 440:Drivers/STM32G4xx_HAL_Driver/Src/stm32g4xx_hal_dma.c **** 
 441:Drivers/STM32G4xx_HAL_Driver/Src/stm32g4xx_hal_dma.c ****     /* Configure the source, destination address and the data length & clear flags*/
 442:Drivers/STM32G4xx_HAL_Driver/Src/stm32g4xx_hal_dma.c ****     DMA_SetConfig(hdma, SrcAddress, DstAddress, DataLength);
 443:Drivers/STM32G4xx_HAL_Driver/Src/stm32g4xx_hal_dma.c **** 
 444:Drivers/STM32G4xx_HAL_Driver/Src/stm32g4xx_hal_dma.c ****     /* Enable the transfer complete interrupt */
 445:Drivers/STM32G4xx_HAL_Driver/Src/stm32g4xx_hal_dma.c ****     /* Enable the transfer Error interrupt */
 446:Drivers/STM32G4xx_HAL_Driver/Src/stm32g4xx_hal_dma.c ****     if (NULL != hdma->XferHalfCpltCallback)
 447:Drivers/STM32G4xx_HAL_Driver/Src/stm32g4xx_hal_dma.c ****     {
 448:Drivers/STM32G4xx_HAL_Driver/Src/stm32g4xx_hal_dma.c ****       /* Enable the Half transfer complete interrupt as well */
 449:Drivers/STM32G4xx_HAL_Driver/Src/stm32g4xx_hal_dma.c ****       __HAL_DMA_ENABLE_IT(hdma, (DMA_IT_TC | DMA_IT_HT | DMA_IT_TE));
 450:Drivers/STM32G4xx_HAL_Driver/Src/stm32g4xx_hal_dma.c ****     }
 451:Drivers/STM32G4xx_HAL_Driver/Src/stm32g4xx_hal_dma.c ****     else
 452:Drivers/STM32G4xx_HAL_Driver/Src/stm32g4xx_hal_dma.c ****     {
 453:Drivers/STM32G4xx_HAL_Driver/Src/stm32g4xx_hal_dma.c ****       __HAL_DMA_DISABLE_IT(hdma, DMA_IT_HT);
 454:Drivers/STM32G4xx_HAL_Driver/Src/stm32g4xx_hal_dma.c ****       __HAL_DMA_ENABLE_IT(hdma, (DMA_IT_TC | DMA_IT_TE));
 455:Drivers/STM32G4xx_HAL_Driver/Src/stm32g4xx_hal_dma.c ****     }
 456:Drivers/STM32G4xx_HAL_Driver/Src/stm32g4xx_hal_dma.c **** 
 457:Drivers/STM32G4xx_HAL_Driver/Src/stm32g4xx_hal_dma.c ****     /* Check if DMAMUX Synchronization is enabled*/
 458:Drivers/STM32G4xx_HAL_Driver/Src/stm32g4xx_hal_dma.c ****     if ((hdma->DMAmuxChannel->CCR & DMAMUX_CxCR_SE) != 0U)
 459:Drivers/STM32G4xx_HAL_Driver/Src/stm32g4xx_hal_dma.c ****     {
 460:Drivers/STM32G4xx_HAL_Driver/Src/stm32g4xx_hal_dma.c ****       /* Enable DMAMUX sync overrun IT*/
 461:Drivers/STM32G4xx_HAL_Driver/Src/stm32g4xx_hal_dma.c ****       hdma->DMAmuxChannel->CCR |= DMAMUX_CxCR_SOIE;
 462:Drivers/STM32G4xx_HAL_Driver/Src/stm32g4xx_hal_dma.c ****     }
 463:Drivers/STM32G4xx_HAL_Driver/Src/stm32g4xx_hal_dma.c **** 
 464:Drivers/STM32G4xx_HAL_Driver/Src/stm32g4xx_hal_dma.c ****     if (hdma->DMAmuxRequestGen != 0U)
 465:Drivers/STM32G4xx_HAL_Driver/Src/stm32g4xx_hal_dma.c ****     {
 466:Drivers/STM32G4xx_HAL_Driver/Src/stm32g4xx_hal_dma.c ****       /* if using DMAMUX request generator, enable the DMAMUX request generator overrun IT*/
 467:Drivers/STM32G4xx_HAL_Driver/Src/stm32g4xx_hal_dma.c ****       /* enable the request gen overrun IT*/
 468:Drivers/STM32G4xx_HAL_Driver/Src/stm32g4xx_hal_dma.c ****       hdma->DMAmuxRequestGen->RGCR |= DMAMUX_RGxCR_OIE;
 469:Drivers/STM32G4xx_HAL_Driver/Src/stm32g4xx_hal_dma.c ****     }
 470:Drivers/STM32G4xx_HAL_Driver/Src/stm32g4xx_hal_dma.c **** 
 471:Drivers/STM32G4xx_HAL_Driver/Src/stm32g4xx_hal_dma.c ****     /* Enable the Peripheral */
 472:Drivers/STM32G4xx_HAL_Driver/Src/stm32g4xx_hal_dma.c ****     __HAL_DMA_ENABLE(hdma);
 473:Drivers/STM32G4xx_HAL_Driver/Src/stm32g4xx_hal_dma.c ****   }
 474:Drivers/STM32G4xx_HAL_Driver/Src/stm32g4xx_hal_dma.c ****   else
ARM GAS   			page 12


 475:Drivers/STM32G4xx_HAL_Driver/Src/stm32g4xx_hal_dma.c ****   {
 476:Drivers/STM32G4xx_HAL_Driver/Src/stm32g4xx_hal_dma.c ****     /* Process Unlocked */
 477:Drivers/STM32G4xx_HAL_Driver/Src/stm32g4xx_hal_dma.c ****     __HAL_UNLOCK(hdma);
 478:Drivers/STM32G4xx_HAL_Driver/Src/stm32g4xx_hal_dma.c **** 
 479:Drivers/STM32G4xx_HAL_Driver/Src/stm32g4xx_hal_dma.c ****     /* Remain BUSY */
 480:Drivers/STM32G4xx_HAL_Driver/Src/stm32g4xx_hal_dma.c ****     status = HAL_BUSY;
 481:Drivers/STM32G4xx_HAL_Driver/Src/stm32g4xx_hal_dma.c ****   }
 482:Drivers/STM32G4xx_HAL_Driver/Src/stm32g4xx_hal_dma.c ****   return status;
 483:Drivers/STM32G4xx_HAL_Driver/Src/stm32g4xx_hal_dma.c **** }
 484:Drivers/STM32G4xx_HAL_Driver/Src/stm32g4xx_hal_dma.c **** 
 485:Drivers/STM32G4xx_HAL_Driver/Src/stm32g4xx_hal_dma.c **** /**
 486:Drivers/STM32G4xx_HAL_Driver/Src/stm32g4xx_hal_dma.c ****   * @brief  Abort the DMA Transfer.
 487:Drivers/STM32G4xx_HAL_Driver/Src/stm32g4xx_hal_dma.c ****   * @param  hdma pointer to a DMA_HandleTypeDef structure that contains
 488:Drivers/STM32G4xx_HAL_Driver/Src/stm32g4xx_hal_dma.c ****   *               the configuration information for the specified DMA Channel.
 489:Drivers/STM32G4xx_HAL_Driver/Src/stm32g4xx_hal_dma.c ****     * @retval HAL status
 490:Drivers/STM32G4xx_HAL_Driver/Src/stm32g4xx_hal_dma.c ****   */
 491:Drivers/STM32G4xx_HAL_Driver/Src/stm32g4xx_hal_dma.c **** HAL_StatusTypeDef HAL_DMA_Abort(DMA_HandleTypeDef *hdma)
 492:Drivers/STM32G4xx_HAL_Driver/Src/stm32g4xx_hal_dma.c **** {
 493:Drivers/STM32G4xx_HAL_Driver/Src/stm32g4xx_hal_dma.c ****   HAL_StatusTypeDef status = HAL_OK;
 494:Drivers/STM32G4xx_HAL_Driver/Src/stm32g4xx_hal_dma.c **** 
 495:Drivers/STM32G4xx_HAL_Driver/Src/stm32g4xx_hal_dma.c ****   if(hdma->State != HAL_DMA_STATE_BUSY)
 496:Drivers/STM32G4xx_HAL_Driver/Src/stm32g4xx_hal_dma.c ****   {
 497:Drivers/STM32G4xx_HAL_Driver/Src/stm32g4xx_hal_dma.c ****     /* no transfer ongoing */
 498:Drivers/STM32G4xx_HAL_Driver/Src/stm32g4xx_hal_dma.c ****     hdma->ErrorCode = HAL_DMA_ERROR_NO_XFER;
 499:Drivers/STM32G4xx_HAL_Driver/Src/stm32g4xx_hal_dma.c **** 
 500:Drivers/STM32G4xx_HAL_Driver/Src/stm32g4xx_hal_dma.c ****     status = HAL_ERROR;
 501:Drivers/STM32G4xx_HAL_Driver/Src/stm32g4xx_hal_dma.c ****   }
 502:Drivers/STM32G4xx_HAL_Driver/Src/stm32g4xx_hal_dma.c ****   else
 503:Drivers/STM32G4xx_HAL_Driver/Src/stm32g4xx_hal_dma.c ****   {
 504:Drivers/STM32G4xx_HAL_Driver/Src/stm32g4xx_hal_dma.c ****      /* Disable DMA IT */
 505:Drivers/STM32G4xx_HAL_Driver/Src/stm32g4xx_hal_dma.c ****      __HAL_DMA_DISABLE_IT(hdma, (DMA_IT_TC | DMA_IT_HT | DMA_IT_TE));
 506:Drivers/STM32G4xx_HAL_Driver/Src/stm32g4xx_hal_dma.c ****      
 507:Drivers/STM32G4xx_HAL_Driver/Src/stm32g4xx_hal_dma.c ****      /* disable the DMAMUX sync overrun IT*/
 508:Drivers/STM32G4xx_HAL_Driver/Src/stm32g4xx_hal_dma.c ****      hdma->DMAmuxChannel->CCR &= ~DMAMUX_CxCR_SOIE;
 509:Drivers/STM32G4xx_HAL_Driver/Src/stm32g4xx_hal_dma.c ****      
 510:Drivers/STM32G4xx_HAL_Driver/Src/stm32g4xx_hal_dma.c ****      /* Disable the channel */
 511:Drivers/STM32G4xx_HAL_Driver/Src/stm32g4xx_hal_dma.c ****      __HAL_DMA_DISABLE(hdma);
 512:Drivers/STM32G4xx_HAL_Driver/Src/stm32g4xx_hal_dma.c ****      
 513:Drivers/STM32G4xx_HAL_Driver/Src/stm32g4xx_hal_dma.c ****      /* Clear all flags */
 514:Drivers/STM32G4xx_HAL_Driver/Src/stm32g4xx_hal_dma.c ****      hdma->DmaBaseAddress->IFCR = (DMA_ISR_GIF1 << (hdma->ChannelIndex & 0x1FU));
 515:Drivers/STM32G4xx_HAL_Driver/Src/stm32g4xx_hal_dma.c ****      
 516:Drivers/STM32G4xx_HAL_Driver/Src/stm32g4xx_hal_dma.c ****      /* Clear the DMAMUX synchro overrun flag */
 517:Drivers/STM32G4xx_HAL_Driver/Src/stm32g4xx_hal_dma.c ****      hdma->DMAmuxChannelStatus->CFR = hdma->DMAmuxChannelStatusMask;
 518:Drivers/STM32G4xx_HAL_Driver/Src/stm32g4xx_hal_dma.c ****      
 519:Drivers/STM32G4xx_HAL_Driver/Src/stm32g4xx_hal_dma.c ****      if (hdma->DMAmuxRequestGen != 0U)
 520:Drivers/STM32G4xx_HAL_Driver/Src/stm32g4xx_hal_dma.c ****      {
 521:Drivers/STM32G4xx_HAL_Driver/Src/stm32g4xx_hal_dma.c ****        /* if using DMAMUX request generator, disable the DMAMUX request generator overrun IT*/
 522:Drivers/STM32G4xx_HAL_Driver/Src/stm32g4xx_hal_dma.c ****        /* disable the request gen overrun IT*/
 523:Drivers/STM32G4xx_HAL_Driver/Src/stm32g4xx_hal_dma.c ****        hdma->DMAmuxRequestGen->RGCR &= ~DMAMUX_RGxCR_OIE;
 524:Drivers/STM32G4xx_HAL_Driver/Src/stm32g4xx_hal_dma.c ****      
 525:Drivers/STM32G4xx_HAL_Driver/Src/stm32g4xx_hal_dma.c ****        /* Clear the DMAMUX request generator overrun flag */
 526:Drivers/STM32G4xx_HAL_Driver/Src/stm32g4xx_hal_dma.c ****        hdma->DMAmuxRequestGenStatus->RGCFR = hdma->DMAmuxRequestGenStatusMask;
 527:Drivers/STM32G4xx_HAL_Driver/Src/stm32g4xx_hal_dma.c ****      }
 528:Drivers/STM32G4xx_HAL_Driver/Src/stm32g4xx_hal_dma.c ****   }  
 529:Drivers/STM32G4xx_HAL_Driver/Src/stm32g4xx_hal_dma.c ****   /* Change the DMA state */
 530:Drivers/STM32G4xx_HAL_Driver/Src/stm32g4xx_hal_dma.c ****   hdma->State = HAL_DMA_STATE_READY;
 531:Drivers/STM32G4xx_HAL_Driver/Src/stm32g4xx_hal_dma.c **** 
ARM GAS   			page 13


 532:Drivers/STM32G4xx_HAL_Driver/Src/stm32g4xx_hal_dma.c ****   /* Process Unlocked */
 533:Drivers/STM32G4xx_HAL_Driver/Src/stm32g4xx_hal_dma.c ****   __HAL_UNLOCK(hdma);
 534:Drivers/STM32G4xx_HAL_Driver/Src/stm32g4xx_hal_dma.c **** 
 535:Drivers/STM32G4xx_HAL_Driver/Src/stm32g4xx_hal_dma.c ****   return status;
 536:Drivers/STM32G4xx_HAL_Driver/Src/stm32g4xx_hal_dma.c **** }
 537:Drivers/STM32G4xx_HAL_Driver/Src/stm32g4xx_hal_dma.c **** 
 538:Drivers/STM32G4xx_HAL_Driver/Src/stm32g4xx_hal_dma.c **** /**
 539:Drivers/STM32G4xx_HAL_Driver/Src/stm32g4xx_hal_dma.c ****   * @brief  Aborts the DMA Transfer in Interrupt mode.
 540:Drivers/STM32G4xx_HAL_Driver/Src/stm32g4xx_hal_dma.c ****   * @param  hdma pointer to a DMA_HandleTypeDef structure that contains
 541:Drivers/STM32G4xx_HAL_Driver/Src/stm32g4xx_hal_dma.c ****   *              the configuration information for the specified DMA Channel.
 542:Drivers/STM32G4xx_HAL_Driver/Src/stm32g4xx_hal_dma.c ****   * @retval HAL status
 543:Drivers/STM32G4xx_HAL_Driver/Src/stm32g4xx_hal_dma.c ****   */
 544:Drivers/STM32G4xx_HAL_Driver/Src/stm32g4xx_hal_dma.c **** HAL_StatusTypeDef HAL_DMA_Abort_IT(DMA_HandleTypeDef *hdma)
 545:Drivers/STM32G4xx_HAL_Driver/Src/stm32g4xx_hal_dma.c **** {
 546:Drivers/STM32G4xx_HAL_Driver/Src/stm32g4xx_hal_dma.c ****   HAL_StatusTypeDef status = HAL_OK;
 547:Drivers/STM32G4xx_HAL_Driver/Src/stm32g4xx_hal_dma.c **** 
 548:Drivers/STM32G4xx_HAL_Driver/Src/stm32g4xx_hal_dma.c ****   if (HAL_DMA_STATE_BUSY != hdma->State)
 549:Drivers/STM32G4xx_HAL_Driver/Src/stm32g4xx_hal_dma.c ****   {
 550:Drivers/STM32G4xx_HAL_Driver/Src/stm32g4xx_hal_dma.c ****     /* no transfer ongoing */
 551:Drivers/STM32G4xx_HAL_Driver/Src/stm32g4xx_hal_dma.c ****     hdma->ErrorCode = HAL_DMA_ERROR_NO_XFER;
 552:Drivers/STM32G4xx_HAL_Driver/Src/stm32g4xx_hal_dma.c **** 
 553:Drivers/STM32G4xx_HAL_Driver/Src/stm32g4xx_hal_dma.c ****     /* Change the DMA state */
 554:Drivers/STM32G4xx_HAL_Driver/Src/stm32g4xx_hal_dma.c ****     hdma->State = HAL_DMA_STATE_READY;
 555:Drivers/STM32G4xx_HAL_Driver/Src/stm32g4xx_hal_dma.c **** 
 556:Drivers/STM32G4xx_HAL_Driver/Src/stm32g4xx_hal_dma.c ****     /* Process Unlocked */
 557:Drivers/STM32G4xx_HAL_Driver/Src/stm32g4xx_hal_dma.c ****     __HAL_UNLOCK(hdma);
 558:Drivers/STM32G4xx_HAL_Driver/Src/stm32g4xx_hal_dma.c **** 
 559:Drivers/STM32G4xx_HAL_Driver/Src/stm32g4xx_hal_dma.c ****     status = HAL_ERROR;
 560:Drivers/STM32G4xx_HAL_Driver/Src/stm32g4xx_hal_dma.c ****   }
 561:Drivers/STM32G4xx_HAL_Driver/Src/stm32g4xx_hal_dma.c ****   else
 562:Drivers/STM32G4xx_HAL_Driver/Src/stm32g4xx_hal_dma.c ****   {
 563:Drivers/STM32G4xx_HAL_Driver/Src/stm32g4xx_hal_dma.c ****     /* Disable DMA IT */
 564:Drivers/STM32G4xx_HAL_Driver/Src/stm32g4xx_hal_dma.c ****     __HAL_DMA_DISABLE_IT(hdma, (DMA_IT_TC | DMA_IT_HT | DMA_IT_TE));
 565:Drivers/STM32G4xx_HAL_Driver/Src/stm32g4xx_hal_dma.c **** 
 566:Drivers/STM32G4xx_HAL_Driver/Src/stm32g4xx_hal_dma.c ****     /* Disable the channel */
 567:Drivers/STM32G4xx_HAL_Driver/Src/stm32g4xx_hal_dma.c ****     __HAL_DMA_DISABLE(hdma);
 568:Drivers/STM32G4xx_HAL_Driver/Src/stm32g4xx_hal_dma.c **** 
 569:Drivers/STM32G4xx_HAL_Driver/Src/stm32g4xx_hal_dma.c ****     /* disable the DMAMUX sync overrun IT*/
 570:Drivers/STM32G4xx_HAL_Driver/Src/stm32g4xx_hal_dma.c ****     hdma->DMAmuxChannel->CCR &= ~DMAMUX_CxCR_SOIE;
 571:Drivers/STM32G4xx_HAL_Driver/Src/stm32g4xx_hal_dma.c **** 
 572:Drivers/STM32G4xx_HAL_Driver/Src/stm32g4xx_hal_dma.c ****     /* Clear all flags */
 573:Drivers/STM32G4xx_HAL_Driver/Src/stm32g4xx_hal_dma.c ****     hdma->DmaBaseAddress->IFCR = (DMA_ISR_GIF1 << (hdma->ChannelIndex & 0x1FU));
 574:Drivers/STM32G4xx_HAL_Driver/Src/stm32g4xx_hal_dma.c **** 
 575:Drivers/STM32G4xx_HAL_Driver/Src/stm32g4xx_hal_dma.c ****     /* Clear the DMAMUX synchro overrun flag */
 576:Drivers/STM32G4xx_HAL_Driver/Src/stm32g4xx_hal_dma.c ****     hdma->DMAmuxChannelStatus->CFR = hdma->DMAmuxChannelStatusMask;
 577:Drivers/STM32G4xx_HAL_Driver/Src/stm32g4xx_hal_dma.c **** 
 578:Drivers/STM32G4xx_HAL_Driver/Src/stm32g4xx_hal_dma.c ****     if (hdma->DMAmuxRequestGen != 0U)
 579:Drivers/STM32G4xx_HAL_Driver/Src/stm32g4xx_hal_dma.c ****     {
 580:Drivers/STM32G4xx_HAL_Driver/Src/stm32g4xx_hal_dma.c ****       /* if using DMAMUX request generator, disable the DMAMUX request generator overrun IT*/
 581:Drivers/STM32G4xx_HAL_Driver/Src/stm32g4xx_hal_dma.c ****       /* disable the request gen overrun IT*/
 582:Drivers/STM32G4xx_HAL_Driver/Src/stm32g4xx_hal_dma.c ****       hdma->DMAmuxRequestGen->RGCR &= ~DMAMUX_RGxCR_OIE;
 583:Drivers/STM32G4xx_HAL_Driver/Src/stm32g4xx_hal_dma.c **** 
 584:Drivers/STM32G4xx_HAL_Driver/Src/stm32g4xx_hal_dma.c ****       /* Clear the DMAMUX request generator overrun flag */
 585:Drivers/STM32G4xx_HAL_Driver/Src/stm32g4xx_hal_dma.c ****       hdma->DMAmuxRequestGenStatus->RGCFR = hdma->DMAmuxRequestGenStatusMask;
 586:Drivers/STM32G4xx_HAL_Driver/Src/stm32g4xx_hal_dma.c ****     }
 587:Drivers/STM32G4xx_HAL_Driver/Src/stm32g4xx_hal_dma.c **** 
 588:Drivers/STM32G4xx_HAL_Driver/Src/stm32g4xx_hal_dma.c ****     /* Change the DMA state */
ARM GAS   			page 14


 589:Drivers/STM32G4xx_HAL_Driver/Src/stm32g4xx_hal_dma.c ****     hdma->State = HAL_DMA_STATE_READY;
 590:Drivers/STM32G4xx_HAL_Driver/Src/stm32g4xx_hal_dma.c **** 
 591:Drivers/STM32G4xx_HAL_Driver/Src/stm32g4xx_hal_dma.c ****     /* Process Unlocked */
 592:Drivers/STM32G4xx_HAL_Driver/Src/stm32g4xx_hal_dma.c ****     __HAL_UNLOCK(hdma);
 593:Drivers/STM32G4xx_HAL_Driver/Src/stm32g4xx_hal_dma.c **** 
 594:Drivers/STM32G4xx_HAL_Driver/Src/stm32g4xx_hal_dma.c ****     /* Call User Abort callback */
 595:Drivers/STM32G4xx_HAL_Driver/Src/stm32g4xx_hal_dma.c ****     if (hdma->XferAbortCallback != NULL)
 596:Drivers/STM32G4xx_HAL_Driver/Src/stm32g4xx_hal_dma.c ****     {
 597:Drivers/STM32G4xx_HAL_Driver/Src/stm32g4xx_hal_dma.c ****       hdma->XferAbortCallback(hdma);
 598:Drivers/STM32G4xx_HAL_Driver/Src/stm32g4xx_hal_dma.c ****     }
 599:Drivers/STM32G4xx_HAL_Driver/Src/stm32g4xx_hal_dma.c ****   }
 600:Drivers/STM32G4xx_HAL_Driver/Src/stm32g4xx_hal_dma.c ****   return status;
 601:Drivers/STM32G4xx_HAL_Driver/Src/stm32g4xx_hal_dma.c **** }
 602:Drivers/STM32G4xx_HAL_Driver/Src/stm32g4xx_hal_dma.c **** 
 603:Drivers/STM32G4xx_HAL_Driver/Src/stm32g4xx_hal_dma.c **** /**
 604:Drivers/STM32G4xx_HAL_Driver/Src/stm32g4xx_hal_dma.c ****   * @brief  Polling for transfer complete.
 605:Drivers/STM32G4xx_HAL_Driver/Src/stm32g4xx_hal_dma.c ****   * @param  hdma pointer to a DMA_HandleTypeDef structure that contains
 606:Drivers/STM32G4xx_HAL_Driver/Src/stm32g4xx_hal_dma.c ****   *              the configuration information for the specified DMA Channel.
 607:Drivers/STM32G4xx_HAL_Driver/Src/stm32g4xx_hal_dma.c ****   * @param  CompleteLevel Specifies the DMA level complete.
 608:Drivers/STM32G4xx_HAL_Driver/Src/stm32g4xx_hal_dma.c ****   * @param  Timeout       Timeout duration.
 609:Drivers/STM32G4xx_HAL_Driver/Src/stm32g4xx_hal_dma.c ****   * @retval HAL status
 610:Drivers/STM32G4xx_HAL_Driver/Src/stm32g4xx_hal_dma.c ****   */
 611:Drivers/STM32G4xx_HAL_Driver/Src/stm32g4xx_hal_dma.c **** HAL_StatusTypeDef HAL_DMA_PollForTransfer(DMA_HandleTypeDef *hdma, HAL_DMA_LevelCompleteTypeDef Com
 612:Drivers/STM32G4xx_HAL_Driver/Src/stm32g4xx_hal_dma.c ****                                           uint32_t Timeout)
 613:Drivers/STM32G4xx_HAL_Driver/Src/stm32g4xx_hal_dma.c **** {
 614:Drivers/STM32G4xx_HAL_Driver/Src/stm32g4xx_hal_dma.c ****   uint32_t temp;
 615:Drivers/STM32G4xx_HAL_Driver/Src/stm32g4xx_hal_dma.c ****   uint32_t tickstart;
 616:Drivers/STM32G4xx_HAL_Driver/Src/stm32g4xx_hal_dma.c **** 
 617:Drivers/STM32G4xx_HAL_Driver/Src/stm32g4xx_hal_dma.c ****   if (HAL_DMA_STATE_BUSY != hdma->State)
 618:Drivers/STM32G4xx_HAL_Driver/Src/stm32g4xx_hal_dma.c ****   {
 619:Drivers/STM32G4xx_HAL_Driver/Src/stm32g4xx_hal_dma.c ****     /* no transfer ongoing */
 620:Drivers/STM32G4xx_HAL_Driver/Src/stm32g4xx_hal_dma.c ****     hdma->ErrorCode = HAL_DMA_ERROR_NO_XFER;
 621:Drivers/STM32G4xx_HAL_Driver/Src/stm32g4xx_hal_dma.c ****     __HAL_UNLOCK(hdma);
 622:Drivers/STM32G4xx_HAL_Driver/Src/stm32g4xx_hal_dma.c ****     return HAL_ERROR;
 623:Drivers/STM32G4xx_HAL_Driver/Src/stm32g4xx_hal_dma.c ****   }
 624:Drivers/STM32G4xx_HAL_Driver/Src/stm32g4xx_hal_dma.c **** 
 625:Drivers/STM32G4xx_HAL_Driver/Src/stm32g4xx_hal_dma.c ****   /* Polling mode not supported in circular mode */
 626:Drivers/STM32G4xx_HAL_Driver/Src/stm32g4xx_hal_dma.c ****   if (0U != (hdma->Instance->CCR & DMA_CCR_CIRC))
 627:Drivers/STM32G4xx_HAL_Driver/Src/stm32g4xx_hal_dma.c ****   {
 628:Drivers/STM32G4xx_HAL_Driver/Src/stm32g4xx_hal_dma.c ****     hdma->ErrorCode = HAL_DMA_ERROR_NOT_SUPPORTED;
 629:Drivers/STM32G4xx_HAL_Driver/Src/stm32g4xx_hal_dma.c ****     return HAL_ERROR;
 630:Drivers/STM32G4xx_HAL_Driver/Src/stm32g4xx_hal_dma.c ****   }
 631:Drivers/STM32G4xx_HAL_Driver/Src/stm32g4xx_hal_dma.c **** 
 632:Drivers/STM32G4xx_HAL_Driver/Src/stm32g4xx_hal_dma.c ****   /* Get the level transfer complete flag */
 633:Drivers/STM32G4xx_HAL_Driver/Src/stm32g4xx_hal_dma.c ****   if (HAL_DMA_FULL_TRANSFER == CompleteLevel)
 634:Drivers/STM32G4xx_HAL_Driver/Src/stm32g4xx_hal_dma.c ****   {
 635:Drivers/STM32G4xx_HAL_Driver/Src/stm32g4xx_hal_dma.c ****     /* Transfer Complete flag */
 636:Drivers/STM32G4xx_HAL_Driver/Src/stm32g4xx_hal_dma.c **** 
 637:Drivers/STM32G4xx_HAL_Driver/Src/stm32g4xx_hal_dma.c ****     temp = (uint32_t)DMA_FLAG_TC1 << (hdma->ChannelIndex & 0x1FU);
 638:Drivers/STM32G4xx_HAL_Driver/Src/stm32g4xx_hal_dma.c ****   }
 639:Drivers/STM32G4xx_HAL_Driver/Src/stm32g4xx_hal_dma.c ****   else
 640:Drivers/STM32G4xx_HAL_Driver/Src/stm32g4xx_hal_dma.c ****   {
 641:Drivers/STM32G4xx_HAL_Driver/Src/stm32g4xx_hal_dma.c ****     /* Half Transfer Complete flag */
 642:Drivers/STM32G4xx_HAL_Driver/Src/stm32g4xx_hal_dma.c ****     temp = (uint32_t)DMA_FLAG_HT1 << (hdma->ChannelIndex & 0x1FU);
 643:Drivers/STM32G4xx_HAL_Driver/Src/stm32g4xx_hal_dma.c ****   }
 644:Drivers/STM32G4xx_HAL_Driver/Src/stm32g4xx_hal_dma.c **** 
 645:Drivers/STM32G4xx_HAL_Driver/Src/stm32g4xx_hal_dma.c ****   /* Get tick */
ARM GAS   			page 15


 646:Drivers/STM32G4xx_HAL_Driver/Src/stm32g4xx_hal_dma.c ****   tickstart = HAL_GetTick();
 647:Drivers/STM32G4xx_HAL_Driver/Src/stm32g4xx_hal_dma.c **** 
 648:Drivers/STM32G4xx_HAL_Driver/Src/stm32g4xx_hal_dma.c ****   while (0U == (hdma->DmaBaseAddress->ISR & temp))
 649:Drivers/STM32G4xx_HAL_Driver/Src/stm32g4xx_hal_dma.c ****   {
 650:Drivers/STM32G4xx_HAL_Driver/Src/stm32g4xx_hal_dma.c ****     if ((0U != (hdma->DmaBaseAddress->ISR & ((uint32_t)DMA_FLAG_TE1 << (hdma->ChannelIndex & 0x1FU)
 651:Drivers/STM32G4xx_HAL_Driver/Src/stm32g4xx_hal_dma.c ****     {
 652:Drivers/STM32G4xx_HAL_Driver/Src/stm32g4xx_hal_dma.c ****       /* When a DMA transfer error occurs */
 653:Drivers/STM32G4xx_HAL_Driver/Src/stm32g4xx_hal_dma.c ****       /* A hardware clear of its EN bits is performed */
 654:Drivers/STM32G4xx_HAL_Driver/Src/stm32g4xx_hal_dma.c ****       /* Clear all flags */
 655:Drivers/STM32G4xx_HAL_Driver/Src/stm32g4xx_hal_dma.c ****       hdma->DmaBaseAddress->IFCR = ((uint32_t)DMA_ISR_GIF1 << (hdma->ChannelIndex & 0x1FU));
 656:Drivers/STM32G4xx_HAL_Driver/Src/stm32g4xx_hal_dma.c **** 
 657:Drivers/STM32G4xx_HAL_Driver/Src/stm32g4xx_hal_dma.c ****       /* Update error code */
 658:Drivers/STM32G4xx_HAL_Driver/Src/stm32g4xx_hal_dma.c ****       hdma->ErrorCode = HAL_DMA_ERROR_TE;
 659:Drivers/STM32G4xx_HAL_Driver/Src/stm32g4xx_hal_dma.c **** 
 660:Drivers/STM32G4xx_HAL_Driver/Src/stm32g4xx_hal_dma.c ****       /* Change the DMA state */
 661:Drivers/STM32G4xx_HAL_Driver/Src/stm32g4xx_hal_dma.c ****       hdma->State = HAL_DMA_STATE_READY;
 662:Drivers/STM32G4xx_HAL_Driver/Src/stm32g4xx_hal_dma.c **** 
 663:Drivers/STM32G4xx_HAL_Driver/Src/stm32g4xx_hal_dma.c ****       /* Process Unlocked */
 664:Drivers/STM32G4xx_HAL_Driver/Src/stm32g4xx_hal_dma.c ****       __HAL_UNLOCK(hdma);
 665:Drivers/STM32G4xx_HAL_Driver/Src/stm32g4xx_hal_dma.c **** 
 666:Drivers/STM32G4xx_HAL_Driver/Src/stm32g4xx_hal_dma.c ****       return HAL_ERROR;
 667:Drivers/STM32G4xx_HAL_Driver/Src/stm32g4xx_hal_dma.c ****     }
 668:Drivers/STM32G4xx_HAL_Driver/Src/stm32g4xx_hal_dma.c ****     /* Check for the Timeout */
 669:Drivers/STM32G4xx_HAL_Driver/Src/stm32g4xx_hal_dma.c ****     if (Timeout != HAL_MAX_DELAY)
 670:Drivers/STM32G4xx_HAL_Driver/Src/stm32g4xx_hal_dma.c ****     {
 671:Drivers/STM32G4xx_HAL_Driver/Src/stm32g4xx_hal_dma.c ****       if (((HAL_GetTick() - tickstart) > Timeout) || (Timeout == 0U))
 672:Drivers/STM32G4xx_HAL_Driver/Src/stm32g4xx_hal_dma.c ****       {
 673:Drivers/STM32G4xx_HAL_Driver/Src/stm32g4xx_hal_dma.c ****         /* Update error code */
 674:Drivers/STM32G4xx_HAL_Driver/Src/stm32g4xx_hal_dma.c ****         hdma->ErrorCode = HAL_DMA_ERROR_TIMEOUT;
 675:Drivers/STM32G4xx_HAL_Driver/Src/stm32g4xx_hal_dma.c **** 
 676:Drivers/STM32G4xx_HAL_Driver/Src/stm32g4xx_hal_dma.c ****         /* Change the DMA state */
 677:Drivers/STM32G4xx_HAL_Driver/Src/stm32g4xx_hal_dma.c ****         hdma->State = HAL_DMA_STATE_READY;
 678:Drivers/STM32G4xx_HAL_Driver/Src/stm32g4xx_hal_dma.c **** 
 679:Drivers/STM32G4xx_HAL_Driver/Src/stm32g4xx_hal_dma.c ****         /* Process Unlocked */
 680:Drivers/STM32G4xx_HAL_Driver/Src/stm32g4xx_hal_dma.c ****         __HAL_UNLOCK(hdma);
 681:Drivers/STM32G4xx_HAL_Driver/Src/stm32g4xx_hal_dma.c **** 
 682:Drivers/STM32G4xx_HAL_Driver/Src/stm32g4xx_hal_dma.c ****         return HAL_ERROR;
 683:Drivers/STM32G4xx_HAL_Driver/Src/stm32g4xx_hal_dma.c ****       }
 684:Drivers/STM32G4xx_HAL_Driver/Src/stm32g4xx_hal_dma.c ****     }
 685:Drivers/STM32G4xx_HAL_Driver/Src/stm32g4xx_hal_dma.c ****   }
 686:Drivers/STM32G4xx_HAL_Driver/Src/stm32g4xx_hal_dma.c **** 
 687:Drivers/STM32G4xx_HAL_Driver/Src/stm32g4xx_hal_dma.c ****   /*Check for DMAMUX Request generator (if used) overrun status */
 688:Drivers/STM32G4xx_HAL_Driver/Src/stm32g4xx_hal_dma.c ****   if (hdma->DMAmuxRequestGen != 0U)
 689:Drivers/STM32G4xx_HAL_Driver/Src/stm32g4xx_hal_dma.c ****   {
 690:Drivers/STM32G4xx_HAL_Driver/Src/stm32g4xx_hal_dma.c ****     /* if using DMAMUX request generator Check for DMAMUX request generator overrun */
 691:Drivers/STM32G4xx_HAL_Driver/Src/stm32g4xx_hal_dma.c ****     if ((hdma->DMAmuxRequestGenStatus->RGSR & hdma->DMAmuxRequestGenStatusMask) != 0U)
 692:Drivers/STM32G4xx_HAL_Driver/Src/stm32g4xx_hal_dma.c ****     {
 693:Drivers/STM32G4xx_HAL_Driver/Src/stm32g4xx_hal_dma.c ****       /* Disable the request gen overrun interrupt */
 694:Drivers/STM32G4xx_HAL_Driver/Src/stm32g4xx_hal_dma.c ****       hdma->DMAmuxRequestGen->RGCR |= DMAMUX_RGxCR_OIE;
 695:Drivers/STM32G4xx_HAL_Driver/Src/stm32g4xx_hal_dma.c **** 
 696:Drivers/STM32G4xx_HAL_Driver/Src/stm32g4xx_hal_dma.c ****       /* Clear the DMAMUX request generator overrun flag */
 697:Drivers/STM32G4xx_HAL_Driver/Src/stm32g4xx_hal_dma.c ****       hdma->DMAmuxRequestGenStatus->RGCFR = hdma->DMAmuxRequestGenStatusMask;
 698:Drivers/STM32G4xx_HAL_Driver/Src/stm32g4xx_hal_dma.c **** 
 699:Drivers/STM32G4xx_HAL_Driver/Src/stm32g4xx_hal_dma.c ****       /* Update error code */
 700:Drivers/STM32G4xx_HAL_Driver/Src/stm32g4xx_hal_dma.c ****       hdma->ErrorCode |= HAL_DMA_ERROR_REQGEN;
 701:Drivers/STM32G4xx_HAL_Driver/Src/stm32g4xx_hal_dma.c ****     }
 702:Drivers/STM32G4xx_HAL_Driver/Src/stm32g4xx_hal_dma.c ****   }
ARM GAS   			page 16


 703:Drivers/STM32G4xx_HAL_Driver/Src/stm32g4xx_hal_dma.c **** 
 704:Drivers/STM32G4xx_HAL_Driver/Src/stm32g4xx_hal_dma.c ****   /* Check for DMAMUX Synchronization overrun */
 705:Drivers/STM32G4xx_HAL_Driver/Src/stm32g4xx_hal_dma.c ****   if ((hdma->DMAmuxChannelStatus->CSR & hdma->DMAmuxChannelStatusMask) != 0U)
 706:Drivers/STM32G4xx_HAL_Driver/Src/stm32g4xx_hal_dma.c ****   {
 707:Drivers/STM32G4xx_HAL_Driver/Src/stm32g4xx_hal_dma.c ****     /* Clear the DMAMUX synchro overrun flag */
 708:Drivers/STM32G4xx_HAL_Driver/Src/stm32g4xx_hal_dma.c ****     hdma->DMAmuxChannelStatus->CFR = hdma->DMAmuxChannelStatusMask;
 709:Drivers/STM32G4xx_HAL_Driver/Src/stm32g4xx_hal_dma.c **** 
 710:Drivers/STM32G4xx_HAL_Driver/Src/stm32g4xx_hal_dma.c ****     /* Update error code */
 711:Drivers/STM32G4xx_HAL_Driver/Src/stm32g4xx_hal_dma.c ****     hdma->ErrorCode |= HAL_DMA_ERROR_SYNC;
 712:Drivers/STM32G4xx_HAL_Driver/Src/stm32g4xx_hal_dma.c ****   }
 713:Drivers/STM32G4xx_HAL_Driver/Src/stm32g4xx_hal_dma.c **** 
 714:Drivers/STM32G4xx_HAL_Driver/Src/stm32g4xx_hal_dma.c ****   if (HAL_DMA_FULL_TRANSFER == CompleteLevel)
 715:Drivers/STM32G4xx_HAL_Driver/Src/stm32g4xx_hal_dma.c ****   {
 716:Drivers/STM32G4xx_HAL_Driver/Src/stm32g4xx_hal_dma.c ****     /* Clear the transfer complete flag */
 717:Drivers/STM32G4xx_HAL_Driver/Src/stm32g4xx_hal_dma.c ****     hdma->DmaBaseAddress->IFCR = ((uint32_t)DMA_FLAG_TC1 << (hdma->ChannelIndex & 0x1FU));
 718:Drivers/STM32G4xx_HAL_Driver/Src/stm32g4xx_hal_dma.c **** 
 719:Drivers/STM32G4xx_HAL_Driver/Src/stm32g4xx_hal_dma.c ****     /* The selected Channelx EN bit is cleared (DMA is disabled and
 720:Drivers/STM32G4xx_HAL_Driver/Src/stm32g4xx_hal_dma.c ****     all transfers are complete) */
 721:Drivers/STM32G4xx_HAL_Driver/Src/stm32g4xx_hal_dma.c ****     hdma->State = HAL_DMA_STATE_READY;
 722:Drivers/STM32G4xx_HAL_Driver/Src/stm32g4xx_hal_dma.c ****   }
 723:Drivers/STM32G4xx_HAL_Driver/Src/stm32g4xx_hal_dma.c ****   else
 724:Drivers/STM32G4xx_HAL_Driver/Src/stm32g4xx_hal_dma.c ****   {
 725:Drivers/STM32G4xx_HAL_Driver/Src/stm32g4xx_hal_dma.c ****     /* Clear the half transfer complete flag */
 726:Drivers/STM32G4xx_HAL_Driver/Src/stm32g4xx_hal_dma.c ****     hdma->DmaBaseAddress->IFCR = ((uint32_t)DMA_FLAG_HT1 << (hdma->ChannelIndex & 0x1FU));
 727:Drivers/STM32G4xx_HAL_Driver/Src/stm32g4xx_hal_dma.c ****   }
 728:Drivers/STM32G4xx_HAL_Driver/Src/stm32g4xx_hal_dma.c **** 
 729:Drivers/STM32G4xx_HAL_Driver/Src/stm32g4xx_hal_dma.c ****   /* Process unlocked */
 730:Drivers/STM32G4xx_HAL_Driver/Src/stm32g4xx_hal_dma.c ****   __HAL_UNLOCK(hdma);
 731:Drivers/STM32G4xx_HAL_Driver/Src/stm32g4xx_hal_dma.c **** 
 732:Drivers/STM32G4xx_HAL_Driver/Src/stm32g4xx_hal_dma.c ****   return HAL_OK;
 733:Drivers/STM32G4xx_HAL_Driver/Src/stm32g4xx_hal_dma.c **** }
 734:Drivers/STM32G4xx_HAL_Driver/Src/stm32g4xx_hal_dma.c **** 
 735:Drivers/STM32G4xx_HAL_Driver/Src/stm32g4xx_hal_dma.c **** /**
 736:Drivers/STM32G4xx_HAL_Driver/Src/stm32g4xx_hal_dma.c ****   * @brief  Handle DMA interrupt request.
 737:Drivers/STM32G4xx_HAL_Driver/Src/stm32g4xx_hal_dma.c ****   * @param  hdma pointer to a DMA_HandleTypeDef structure that contains
 738:Drivers/STM32G4xx_HAL_Driver/Src/stm32g4xx_hal_dma.c ****   *               the configuration information for the specified DMA Channel.
 739:Drivers/STM32G4xx_HAL_Driver/Src/stm32g4xx_hal_dma.c ****   * @retval None
 740:Drivers/STM32G4xx_HAL_Driver/Src/stm32g4xx_hal_dma.c ****   */
 741:Drivers/STM32G4xx_HAL_Driver/Src/stm32g4xx_hal_dma.c **** void HAL_DMA_IRQHandler(DMA_HandleTypeDef *hdma)
 742:Drivers/STM32G4xx_HAL_Driver/Src/stm32g4xx_hal_dma.c **** {
 743:Drivers/STM32G4xx_HAL_Driver/Src/stm32g4xx_hal_dma.c ****   uint32_t flag_it = hdma->DmaBaseAddress->ISR;
 744:Drivers/STM32G4xx_HAL_Driver/Src/stm32g4xx_hal_dma.c ****   uint32_t source_it = hdma->Instance->CCR;
 745:Drivers/STM32G4xx_HAL_Driver/Src/stm32g4xx_hal_dma.c **** 
 746:Drivers/STM32G4xx_HAL_Driver/Src/stm32g4xx_hal_dma.c ****   /* Half Transfer Complete Interrupt management ******************************/
 747:Drivers/STM32G4xx_HAL_Driver/Src/stm32g4xx_hal_dma.c ****   if ((0U != (flag_it & ((uint32_t)DMA_FLAG_HT1 << (hdma->ChannelIndex & 0x1FU)))) && (0U != (sourc
 748:Drivers/STM32G4xx_HAL_Driver/Src/stm32g4xx_hal_dma.c ****   {
 749:Drivers/STM32G4xx_HAL_Driver/Src/stm32g4xx_hal_dma.c ****     /* Disable the half transfer interrupt if the DMA mode is not CIRCULAR */
 750:Drivers/STM32G4xx_HAL_Driver/Src/stm32g4xx_hal_dma.c ****     if ((hdma->Instance->CCR & DMA_CCR_CIRC) == 0U)
 751:Drivers/STM32G4xx_HAL_Driver/Src/stm32g4xx_hal_dma.c ****     {
 752:Drivers/STM32G4xx_HAL_Driver/Src/stm32g4xx_hal_dma.c ****       /* Disable the half transfer interrupt */
 753:Drivers/STM32G4xx_HAL_Driver/Src/stm32g4xx_hal_dma.c ****       __HAL_DMA_DISABLE_IT(hdma, DMA_IT_HT);
 754:Drivers/STM32G4xx_HAL_Driver/Src/stm32g4xx_hal_dma.c ****     }
 755:Drivers/STM32G4xx_HAL_Driver/Src/stm32g4xx_hal_dma.c ****     /* Clear the half transfer complete flag */
 756:Drivers/STM32G4xx_HAL_Driver/Src/stm32g4xx_hal_dma.c ****     hdma->DmaBaseAddress->IFCR = ((uint32_t)DMA_ISR_HTIF1 << (hdma->ChannelIndex & 0x1FU));
 757:Drivers/STM32G4xx_HAL_Driver/Src/stm32g4xx_hal_dma.c **** 
 758:Drivers/STM32G4xx_HAL_Driver/Src/stm32g4xx_hal_dma.c ****     /* DMA peripheral state is not updated in Half Transfer */
 759:Drivers/STM32G4xx_HAL_Driver/Src/stm32g4xx_hal_dma.c ****     /* but in Transfer Complete case */
ARM GAS   			page 17


 760:Drivers/STM32G4xx_HAL_Driver/Src/stm32g4xx_hal_dma.c **** 
 761:Drivers/STM32G4xx_HAL_Driver/Src/stm32g4xx_hal_dma.c ****     if (hdma->XferHalfCpltCallback != NULL)
 762:Drivers/STM32G4xx_HAL_Driver/Src/stm32g4xx_hal_dma.c ****     {
 763:Drivers/STM32G4xx_HAL_Driver/Src/stm32g4xx_hal_dma.c ****       /* Half transfer callback */
 764:Drivers/STM32G4xx_HAL_Driver/Src/stm32g4xx_hal_dma.c ****       hdma->XferHalfCpltCallback(hdma);
 765:Drivers/STM32G4xx_HAL_Driver/Src/stm32g4xx_hal_dma.c ****     }
 766:Drivers/STM32G4xx_HAL_Driver/Src/stm32g4xx_hal_dma.c ****   }
 767:Drivers/STM32G4xx_HAL_Driver/Src/stm32g4xx_hal_dma.c ****   /* Transfer Complete Interrupt management ***********************************/
 768:Drivers/STM32G4xx_HAL_Driver/Src/stm32g4xx_hal_dma.c ****   else if ((0U != (flag_it & ((uint32_t)DMA_FLAG_TC1 << (hdma->ChannelIndex & 0x1FU))))
 769:Drivers/STM32G4xx_HAL_Driver/Src/stm32g4xx_hal_dma.c ****            && (0U != (source_it & DMA_IT_TC)))
 770:Drivers/STM32G4xx_HAL_Driver/Src/stm32g4xx_hal_dma.c ****   {
 771:Drivers/STM32G4xx_HAL_Driver/Src/stm32g4xx_hal_dma.c ****     if ((hdma->Instance->CCR & DMA_CCR_CIRC) == 0U)
 772:Drivers/STM32G4xx_HAL_Driver/Src/stm32g4xx_hal_dma.c ****     {
 773:Drivers/STM32G4xx_HAL_Driver/Src/stm32g4xx_hal_dma.c ****       /* Disable the transfer complete and error interrupt */
 774:Drivers/STM32G4xx_HAL_Driver/Src/stm32g4xx_hal_dma.c ****       __HAL_DMA_DISABLE_IT(hdma, DMA_IT_TE | DMA_IT_TC);
 775:Drivers/STM32G4xx_HAL_Driver/Src/stm32g4xx_hal_dma.c **** 
 776:Drivers/STM32G4xx_HAL_Driver/Src/stm32g4xx_hal_dma.c ****       /* Change the DMA state */
 777:Drivers/STM32G4xx_HAL_Driver/Src/stm32g4xx_hal_dma.c ****       hdma->State = HAL_DMA_STATE_READY;
 778:Drivers/STM32G4xx_HAL_Driver/Src/stm32g4xx_hal_dma.c ****     }
 779:Drivers/STM32G4xx_HAL_Driver/Src/stm32g4xx_hal_dma.c ****     /* Clear the transfer complete flag */
 780:Drivers/STM32G4xx_HAL_Driver/Src/stm32g4xx_hal_dma.c ****     hdma->DmaBaseAddress->IFCR = ((uint32_t)DMA_ISR_TCIF1 << (hdma->ChannelIndex & 0x1FU));
 781:Drivers/STM32G4xx_HAL_Driver/Src/stm32g4xx_hal_dma.c **** 
 782:Drivers/STM32G4xx_HAL_Driver/Src/stm32g4xx_hal_dma.c ****     /* Process Unlocked */
 783:Drivers/STM32G4xx_HAL_Driver/Src/stm32g4xx_hal_dma.c ****     __HAL_UNLOCK(hdma);
 784:Drivers/STM32G4xx_HAL_Driver/Src/stm32g4xx_hal_dma.c **** 
 785:Drivers/STM32G4xx_HAL_Driver/Src/stm32g4xx_hal_dma.c ****     if (hdma->XferCpltCallback != NULL)
 786:Drivers/STM32G4xx_HAL_Driver/Src/stm32g4xx_hal_dma.c ****     {
 787:Drivers/STM32G4xx_HAL_Driver/Src/stm32g4xx_hal_dma.c ****       /* Transfer complete callback */
 788:Drivers/STM32G4xx_HAL_Driver/Src/stm32g4xx_hal_dma.c ****       hdma->XferCpltCallback(hdma);
 789:Drivers/STM32G4xx_HAL_Driver/Src/stm32g4xx_hal_dma.c ****     }
 790:Drivers/STM32G4xx_HAL_Driver/Src/stm32g4xx_hal_dma.c ****   }
 791:Drivers/STM32G4xx_HAL_Driver/Src/stm32g4xx_hal_dma.c ****   /* Transfer Error Interrupt management **************************************/
 792:Drivers/STM32G4xx_HAL_Driver/Src/stm32g4xx_hal_dma.c ****   else if ((0U != (flag_it & ((uint32_t)DMA_FLAG_TE1 << (hdma->ChannelIndex & 0x1FU))))
 793:Drivers/STM32G4xx_HAL_Driver/Src/stm32g4xx_hal_dma.c ****            && (0U != (source_it & DMA_IT_TE)))
 794:Drivers/STM32G4xx_HAL_Driver/Src/stm32g4xx_hal_dma.c ****   {
 795:Drivers/STM32G4xx_HAL_Driver/Src/stm32g4xx_hal_dma.c ****     /* When a DMA transfer error occurs */
 796:Drivers/STM32G4xx_HAL_Driver/Src/stm32g4xx_hal_dma.c ****     /* A hardware clear of its EN bits is performed */
 797:Drivers/STM32G4xx_HAL_Driver/Src/stm32g4xx_hal_dma.c ****     /* Disable ALL DMA IT */
 798:Drivers/STM32G4xx_HAL_Driver/Src/stm32g4xx_hal_dma.c ****     __HAL_DMA_DISABLE_IT(hdma, (DMA_IT_TC | DMA_IT_HT | DMA_IT_TE));
 799:Drivers/STM32G4xx_HAL_Driver/Src/stm32g4xx_hal_dma.c **** 
 800:Drivers/STM32G4xx_HAL_Driver/Src/stm32g4xx_hal_dma.c ****     /* Clear all flags */
 801:Drivers/STM32G4xx_HAL_Driver/Src/stm32g4xx_hal_dma.c ****     hdma->DmaBaseAddress->IFCR = ((uint32_t)DMA_ISR_GIF1 << (hdma->ChannelIndex & 0x1FU));
 802:Drivers/STM32G4xx_HAL_Driver/Src/stm32g4xx_hal_dma.c **** 
 803:Drivers/STM32G4xx_HAL_Driver/Src/stm32g4xx_hal_dma.c ****     /* Update error code */
 804:Drivers/STM32G4xx_HAL_Driver/Src/stm32g4xx_hal_dma.c ****     hdma->ErrorCode = HAL_DMA_ERROR_TE;
 805:Drivers/STM32G4xx_HAL_Driver/Src/stm32g4xx_hal_dma.c **** 
 806:Drivers/STM32G4xx_HAL_Driver/Src/stm32g4xx_hal_dma.c ****     /* Change the DMA state */
 807:Drivers/STM32G4xx_HAL_Driver/Src/stm32g4xx_hal_dma.c ****     hdma->State = HAL_DMA_STATE_READY;
 808:Drivers/STM32G4xx_HAL_Driver/Src/stm32g4xx_hal_dma.c **** 
 809:Drivers/STM32G4xx_HAL_Driver/Src/stm32g4xx_hal_dma.c ****     /* Process Unlocked */
 810:Drivers/STM32G4xx_HAL_Driver/Src/stm32g4xx_hal_dma.c ****     __HAL_UNLOCK(hdma);
 811:Drivers/STM32G4xx_HAL_Driver/Src/stm32g4xx_hal_dma.c **** 
 812:Drivers/STM32G4xx_HAL_Driver/Src/stm32g4xx_hal_dma.c ****     if (hdma->XferErrorCallback != NULL)
 813:Drivers/STM32G4xx_HAL_Driver/Src/stm32g4xx_hal_dma.c ****     {
 814:Drivers/STM32G4xx_HAL_Driver/Src/stm32g4xx_hal_dma.c ****       /* Transfer error callback */
 815:Drivers/STM32G4xx_HAL_Driver/Src/stm32g4xx_hal_dma.c ****       hdma->XferErrorCallback(hdma);
 816:Drivers/STM32G4xx_HAL_Driver/Src/stm32g4xx_hal_dma.c ****     }
ARM GAS   			page 18


 817:Drivers/STM32G4xx_HAL_Driver/Src/stm32g4xx_hal_dma.c ****   }
 818:Drivers/STM32G4xx_HAL_Driver/Src/stm32g4xx_hal_dma.c ****   else
 819:Drivers/STM32G4xx_HAL_Driver/Src/stm32g4xx_hal_dma.c ****   {
 820:Drivers/STM32G4xx_HAL_Driver/Src/stm32g4xx_hal_dma.c ****     /* Nothing To Do */
 821:Drivers/STM32G4xx_HAL_Driver/Src/stm32g4xx_hal_dma.c ****   }
 822:Drivers/STM32G4xx_HAL_Driver/Src/stm32g4xx_hal_dma.c ****   return;
 823:Drivers/STM32G4xx_HAL_Driver/Src/stm32g4xx_hal_dma.c **** }
 824:Drivers/STM32G4xx_HAL_Driver/Src/stm32g4xx_hal_dma.c **** 
 825:Drivers/STM32G4xx_HAL_Driver/Src/stm32g4xx_hal_dma.c **** /**
 826:Drivers/STM32G4xx_HAL_Driver/Src/stm32g4xx_hal_dma.c ****   * @brief  Register callbacks
 827:Drivers/STM32G4xx_HAL_Driver/Src/stm32g4xx_hal_dma.c ****   * @param  hdma                 pointer to a DMA_HandleTypeDef structure that contains
 828:Drivers/STM32G4xx_HAL_Driver/Src/stm32g4xx_hal_dma.c ****   *                               the configuration information for the specified DMA Channel.
 829:Drivers/STM32G4xx_HAL_Driver/Src/stm32g4xx_hal_dma.c ****   * @param  CallbackID           User Callback identifier
 830:Drivers/STM32G4xx_HAL_Driver/Src/stm32g4xx_hal_dma.c ****   *                               a HAL_DMA_CallbackIDTypeDef ENUM as parameter.
 831:Drivers/STM32G4xx_HAL_Driver/Src/stm32g4xx_hal_dma.c ****   * @param  pCallback            pointer to private callbacsk function which has pointer to
 832:Drivers/STM32G4xx_HAL_Driver/Src/stm32g4xx_hal_dma.c ****   *                               a DMA_HandleTypeDef structure as parameter.
 833:Drivers/STM32G4xx_HAL_Driver/Src/stm32g4xx_hal_dma.c ****   * @retval HAL status
 834:Drivers/STM32G4xx_HAL_Driver/Src/stm32g4xx_hal_dma.c ****   */
 835:Drivers/STM32G4xx_HAL_Driver/Src/stm32g4xx_hal_dma.c **** HAL_StatusTypeDef HAL_DMA_RegisterCallback(DMA_HandleTypeDef *hdma, HAL_DMA_CallbackIDTypeDef Callb
 836:Drivers/STM32G4xx_HAL_Driver/Src/stm32g4xx_hal_dma.c **** {
 837:Drivers/STM32G4xx_HAL_Driver/Src/stm32g4xx_hal_dma.c ****   HAL_StatusTypeDef status = HAL_OK;
 838:Drivers/STM32G4xx_HAL_Driver/Src/stm32g4xx_hal_dma.c **** 
 839:Drivers/STM32G4xx_HAL_Driver/Src/stm32g4xx_hal_dma.c ****   /* Process locked */
 840:Drivers/STM32G4xx_HAL_Driver/Src/stm32g4xx_hal_dma.c ****   __HAL_LOCK(hdma);
 841:Drivers/STM32G4xx_HAL_Driver/Src/stm32g4xx_hal_dma.c **** 
 842:Drivers/STM32G4xx_HAL_Driver/Src/stm32g4xx_hal_dma.c ****   if (HAL_DMA_STATE_READY == hdma->State)
 843:Drivers/STM32G4xx_HAL_Driver/Src/stm32g4xx_hal_dma.c ****   {
 844:Drivers/STM32G4xx_HAL_Driver/Src/stm32g4xx_hal_dma.c ****     switch (CallbackID)
 845:Drivers/STM32G4xx_HAL_Driver/Src/stm32g4xx_hal_dma.c ****     {
 846:Drivers/STM32G4xx_HAL_Driver/Src/stm32g4xx_hal_dma.c ****       case  HAL_DMA_XFER_CPLT_CB_ID:
 847:Drivers/STM32G4xx_HAL_Driver/Src/stm32g4xx_hal_dma.c ****         hdma->XferCpltCallback = pCallback;
 848:Drivers/STM32G4xx_HAL_Driver/Src/stm32g4xx_hal_dma.c ****         break;
 849:Drivers/STM32G4xx_HAL_Driver/Src/stm32g4xx_hal_dma.c **** 
 850:Drivers/STM32G4xx_HAL_Driver/Src/stm32g4xx_hal_dma.c ****       case  HAL_DMA_XFER_HALFCPLT_CB_ID:
 851:Drivers/STM32G4xx_HAL_Driver/Src/stm32g4xx_hal_dma.c ****         hdma->XferHalfCpltCallback = pCallback;
 852:Drivers/STM32G4xx_HAL_Driver/Src/stm32g4xx_hal_dma.c ****         break;
 853:Drivers/STM32G4xx_HAL_Driver/Src/stm32g4xx_hal_dma.c **** 
 854:Drivers/STM32G4xx_HAL_Driver/Src/stm32g4xx_hal_dma.c ****       case  HAL_DMA_XFER_ERROR_CB_ID:
 855:Drivers/STM32G4xx_HAL_Driver/Src/stm32g4xx_hal_dma.c ****         hdma->XferErrorCallback = pCallback;
 856:Drivers/STM32G4xx_HAL_Driver/Src/stm32g4xx_hal_dma.c ****         break;
 857:Drivers/STM32G4xx_HAL_Driver/Src/stm32g4xx_hal_dma.c **** 
 858:Drivers/STM32G4xx_HAL_Driver/Src/stm32g4xx_hal_dma.c ****       case  HAL_DMA_XFER_ABORT_CB_ID:
 859:Drivers/STM32G4xx_HAL_Driver/Src/stm32g4xx_hal_dma.c ****         hdma->XferAbortCallback = pCallback;
 860:Drivers/STM32G4xx_HAL_Driver/Src/stm32g4xx_hal_dma.c ****         break;
 861:Drivers/STM32G4xx_HAL_Driver/Src/stm32g4xx_hal_dma.c **** 
 862:Drivers/STM32G4xx_HAL_Driver/Src/stm32g4xx_hal_dma.c ****       default:
 863:Drivers/STM32G4xx_HAL_Driver/Src/stm32g4xx_hal_dma.c ****         status = HAL_ERROR;
 864:Drivers/STM32G4xx_HAL_Driver/Src/stm32g4xx_hal_dma.c ****         break;
 865:Drivers/STM32G4xx_HAL_Driver/Src/stm32g4xx_hal_dma.c ****     }
 866:Drivers/STM32G4xx_HAL_Driver/Src/stm32g4xx_hal_dma.c ****   }
 867:Drivers/STM32G4xx_HAL_Driver/Src/stm32g4xx_hal_dma.c ****   else
 868:Drivers/STM32G4xx_HAL_Driver/Src/stm32g4xx_hal_dma.c ****   {
 869:Drivers/STM32G4xx_HAL_Driver/Src/stm32g4xx_hal_dma.c ****     status = HAL_ERROR;
 870:Drivers/STM32G4xx_HAL_Driver/Src/stm32g4xx_hal_dma.c ****   }
 871:Drivers/STM32G4xx_HAL_Driver/Src/stm32g4xx_hal_dma.c **** 
 872:Drivers/STM32G4xx_HAL_Driver/Src/stm32g4xx_hal_dma.c ****   /* Release Lock */
 873:Drivers/STM32G4xx_HAL_Driver/Src/stm32g4xx_hal_dma.c ****   __HAL_UNLOCK(hdma);
ARM GAS   			page 19


 874:Drivers/STM32G4xx_HAL_Driver/Src/stm32g4xx_hal_dma.c **** 
 875:Drivers/STM32G4xx_HAL_Driver/Src/stm32g4xx_hal_dma.c ****   return status;
 876:Drivers/STM32G4xx_HAL_Driver/Src/stm32g4xx_hal_dma.c **** }
 877:Drivers/STM32G4xx_HAL_Driver/Src/stm32g4xx_hal_dma.c **** 
 878:Drivers/STM32G4xx_HAL_Driver/Src/stm32g4xx_hal_dma.c **** /**
 879:Drivers/STM32G4xx_HAL_Driver/Src/stm32g4xx_hal_dma.c ****   * @brief  UnRegister callbacks
 880:Drivers/STM32G4xx_HAL_Driver/Src/stm32g4xx_hal_dma.c ****   * @param  hdma                 pointer to a DMA_HandleTypeDef structure that contains
 881:Drivers/STM32G4xx_HAL_Driver/Src/stm32g4xx_hal_dma.c ****   *                               the configuration information for the specified DMA Channel.
 882:Drivers/STM32G4xx_HAL_Driver/Src/stm32g4xx_hal_dma.c ****   * @param  CallbackID           User Callback identifier
 883:Drivers/STM32G4xx_HAL_Driver/Src/stm32g4xx_hal_dma.c ****   *                               a HAL_DMA_CallbackIDTypeDef ENUM as parameter.
 884:Drivers/STM32G4xx_HAL_Driver/Src/stm32g4xx_hal_dma.c ****   * @retval HAL status
 885:Drivers/STM32G4xx_HAL_Driver/Src/stm32g4xx_hal_dma.c ****   */
 886:Drivers/STM32G4xx_HAL_Driver/Src/stm32g4xx_hal_dma.c **** HAL_StatusTypeDef HAL_DMA_UnRegisterCallback(DMA_HandleTypeDef *hdma, HAL_DMA_CallbackIDTypeDef Cal
 887:Drivers/STM32G4xx_HAL_Driver/Src/stm32g4xx_hal_dma.c **** {
 888:Drivers/STM32G4xx_HAL_Driver/Src/stm32g4xx_hal_dma.c ****   HAL_StatusTypeDef status = HAL_OK;
 889:Drivers/STM32G4xx_HAL_Driver/Src/stm32g4xx_hal_dma.c **** 
 890:Drivers/STM32G4xx_HAL_Driver/Src/stm32g4xx_hal_dma.c ****   /* Process locked */
 891:Drivers/STM32G4xx_HAL_Driver/Src/stm32g4xx_hal_dma.c ****   __HAL_LOCK(hdma);
 892:Drivers/STM32G4xx_HAL_Driver/Src/stm32g4xx_hal_dma.c **** 
 893:Drivers/STM32G4xx_HAL_Driver/Src/stm32g4xx_hal_dma.c ****   if (HAL_DMA_STATE_READY == hdma->State)
 894:Drivers/STM32G4xx_HAL_Driver/Src/stm32g4xx_hal_dma.c ****   {
 895:Drivers/STM32G4xx_HAL_Driver/Src/stm32g4xx_hal_dma.c ****     switch (CallbackID)
 896:Drivers/STM32G4xx_HAL_Driver/Src/stm32g4xx_hal_dma.c ****     {
 897:Drivers/STM32G4xx_HAL_Driver/Src/stm32g4xx_hal_dma.c ****       case  HAL_DMA_XFER_CPLT_CB_ID:
 898:Drivers/STM32G4xx_HAL_Driver/Src/stm32g4xx_hal_dma.c ****         hdma->XferCpltCallback = NULL;
 899:Drivers/STM32G4xx_HAL_Driver/Src/stm32g4xx_hal_dma.c ****         break;
 900:Drivers/STM32G4xx_HAL_Driver/Src/stm32g4xx_hal_dma.c **** 
 901:Drivers/STM32G4xx_HAL_Driver/Src/stm32g4xx_hal_dma.c ****       case  HAL_DMA_XFER_HALFCPLT_CB_ID:
 902:Drivers/STM32G4xx_HAL_Driver/Src/stm32g4xx_hal_dma.c ****         hdma->XferHalfCpltCallback = NULL;
 903:Drivers/STM32G4xx_HAL_Driver/Src/stm32g4xx_hal_dma.c ****         break;
 904:Drivers/STM32G4xx_HAL_Driver/Src/stm32g4xx_hal_dma.c **** 
 905:Drivers/STM32G4xx_HAL_Driver/Src/stm32g4xx_hal_dma.c ****       case  HAL_DMA_XFER_ERROR_CB_ID:
 906:Drivers/STM32G4xx_HAL_Driver/Src/stm32g4xx_hal_dma.c ****         hdma->XferErrorCallback = NULL;
 907:Drivers/STM32G4xx_HAL_Driver/Src/stm32g4xx_hal_dma.c ****         break;
 908:Drivers/STM32G4xx_HAL_Driver/Src/stm32g4xx_hal_dma.c **** 
 909:Drivers/STM32G4xx_HAL_Driver/Src/stm32g4xx_hal_dma.c ****       case  HAL_DMA_XFER_ABORT_CB_ID:
 910:Drivers/STM32G4xx_HAL_Driver/Src/stm32g4xx_hal_dma.c ****         hdma->XferAbortCallback = NULL;
 911:Drivers/STM32G4xx_HAL_Driver/Src/stm32g4xx_hal_dma.c ****         break;
 912:Drivers/STM32G4xx_HAL_Driver/Src/stm32g4xx_hal_dma.c **** 
 913:Drivers/STM32G4xx_HAL_Driver/Src/stm32g4xx_hal_dma.c ****       case   HAL_DMA_XFER_ALL_CB_ID:
 914:Drivers/STM32G4xx_HAL_Driver/Src/stm32g4xx_hal_dma.c ****         hdma->XferCpltCallback = NULL;
 915:Drivers/STM32G4xx_HAL_Driver/Src/stm32g4xx_hal_dma.c ****         hdma->XferHalfCpltCallback = NULL;
 916:Drivers/STM32G4xx_HAL_Driver/Src/stm32g4xx_hal_dma.c ****         hdma->XferErrorCallback = NULL;
 917:Drivers/STM32G4xx_HAL_Driver/Src/stm32g4xx_hal_dma.c ****         hdma->XferAbortCallback = NULL;
 918:Drivers/STM32G4xx_HAL_Driver/Src/stm32g4xx_hal_dma.c ****         break;
 919:Drivers/STM32G4xx_HAL_Driver/Src/stm32g4xx_hal_dma.c **** 
 920:Drivers/STM32G4xx_HAL_Driver/Src/stm32g4xx_hal_dma.c ****       default:
 921:Drivers/STM32G4xx_HAL_Driver/Src/stm32g4xx_hal_dma.c ****         status = HAL_ERROR;
 922:Drivers/STM32G4xx_HAL_Driver/Src/stm32g4xx_hal_dma.c ****         break;
 923:Drivers/STM32G4xx_HAL_Driver/Src/stm32g4xx_hal_dma.c ****     }
 924:Drivers/STM32G4xx_HAL_Driver/Src/stm32g4xx_hal_dma.c ****   }
 925:Drivers/STM32G4xx_HAL_Driver/Src/stm32g4xx_hal_dma.c ****   else
 926:Drivers/STM32G4xx_HAL_Driver/Src/stm32g4xx_hal_dma.c ****   {
 927:Drivers/STM32G4xx_HAL_Driver/Src/stm32g4xx_hal_dma.c ****     status = HAL_ERROR;
 928:Drivers/STM32G4xx_HAL_Driver/Src/stm32g4xx_hal_dma.c ****   }
 929:Drivers/STM32G4xx_HAL_Driver/Src/stm32g4xx_hal_dma.c **** 
 930:Drivers/STM32G4xx_HAL_Driver/Src/stm32g4xx_hal_dma.c ****   /* Release Lock */
ARM GAS   			page 20


 931:Drivers/STM32G4xx_HAL_Driver/Src/stm32g4xx_hal_dma.c ****   __HAL_UNLOCK(hdma);
 932:Drivers/STM32G4xx_HAL_Driver/Src/stm32g4xx_hal_dma.c **** 
 933:Drivers/STM32G4xx_HAL_Driver/Src/stm32g4xx_hal_dma.c ****   return status;
 934:Drivers/STM32G4xx_HAL_Driver/Src/stm32g4xx_hal_dma.c **** }
 935:Drivers/STM32G4xx_HAL_Driver/Src/stm32g4xx_hal_dma.c **** 
 936:Drivers/STM32G4xx_HAL_Driver/Src/stm32g4xx_hal_dma.c **** /**
 937:Drivers/STM32G4xx_HAL_Driver/Src/stm32g4xx_hal_dma.c ****   * @}
 938:Drivers/STM32G4xx_HAL_Driver/Src/stm32g4xx_hal_dma.c ****   */
 939:Drivers/STM32G4xx_HAL_Driver/Src/stm32g4xx_hal_dma.c **** 
 940:Drivers/STM32G4xx_HAL_Driver/Src/stm32g4xx_hal_dma.c **** 
 941:Drivers/STM32G4xx_HAL_Driver/Src/stm32g4xx_hal_dma.c **** 
 942:Drivers/STM32G4xx_HAL_Driver/Src/stm32g4xx_hal_dma.c **** /** @defgroup DMA_Exported_Functions_Group3 Peripheral State and Errors functions
 943:Drivers/STM32G4xx_HAL_Driver/Src/stm32g4xx_hal_dma.c ****   *  @brief    Peripheral State and Errors functions
 944:Drivers/STM32G4xx_HAL_Driver/Src/stm32g4xx_hal_dma.c ****   *
 945:Drivers/STM32G4xx_HAL_Driver/Src/stm32g4xx_hal_dma.c **** @verbatim
 946:Drivers/STM32G4xx_HAL_Driver/Src/stm32g4xx_hal_dma.c ****  ===============================================================================
 947:Drivers/STM32G4xx_HAL_Driver/Src/stm32g4xx_hal_dma.c ****             ##### Peripheral State and Errors functions #####
 948:Drivers/STM32G4xx_HAL_Driver/Src/stm32g4xx_hal_dma.c ****  ===============================================================================
 949:Drivers/STM32G4xx_HAL_Driver/Src/stm32g4xx_hal_dma.c ****     [..]
 950:Drivers/STM32G4xx_HAL_Driver/Src/stm32g4xx_hal_dma.c ****     This subsection provides functions allowing to
 951:Drivers/STM32G4xx_HAL_Driver/Src/stm32g4xx_hal_dma.c ****       (+) Check the DMA state
 952:Drivers/STM32G4xx_HAL_Driver/Src/stm32g4xx_hal_dma.c ****       (+) Get error code
 953:Drivers/STM32G4xx_HAL_Driver/Src/stm32g4xx_hal_dma.c **** 
 954:Drivers/STM32G4xx_HAL_Driver/Src/stm32g4xx_hal_dma.c **** @endverbatim
 955:Drivers/STM32G4xx_HAL_Driver/Src/stm32g4xx_hal_dma.c ****   * @{
 956:Drivers/STM32G4xx_HAL_Driver/Src/stm32g4xx_hal_dma.c ****   */
 957:Drivers/STM32G4xx_HAL_Driver/Src/stm32g4xx_hal_dma.c **** 
 958:Drivers/STM32G4xx_HAL_Driver/Src/stm32g4xx_hal_dma.c **** /**
 959:Drivers/STM32G4xx_HAL_Driver/Src/stm32g4xx_hal_dma.c ****   * @brief  Return the DMA hande state.
 960:Drivers/STM32G4xx_HAL_Driver/Src/stm32g4xx_hal_dma.c ****   * @param  hdma pointer to a DMA_HandleTypeDef structure that contains
 961:Drivers/STM32G4xx_HAL_Driver/Src/stm32g4xx_hal_dma.c ****   *               the configuration information for the specified DMA Channel.
 962:Drivers/STM32G4xx_HAL_Driver/Src/stm32g4xx_hal_dma.c ****   * @retval HAL state
 963:Drivers/STM32G4xx_HAL_Driver/Src/stm32g4xx_hal_dma.c ****   */
 964:Drivers/STM32G4xx_HAL_Driver/Src/stm32g4xx_hal_dma.c **** HAL_DMA_StateTypeDef HAL_DMA_GetState(DMA_HandleTypeDef *hdma)
 965:Drivers/STM32G4xx_HAL_Driver/Src/stm32g4xx_hal_dma.c **** {
 966:Drivers/STM32G4xx_HAL_Driver/Src/stm32g4xx_hal_dma.c ****   /* Return DMA handle state */
 967:Drivers/STM32G4xx_HAL_Driver/Src/stm32g4xx_hal_dma.c ****   return hdma->State;
 968:Drivers/STM32G4xx_HAL_Driver/Src/stm32g4xx_hal_dma.c **** }
 969:Drivers/STM32G4xx_HAL_Driver/Src/stm32g4xx_hal_dma.c **** 
 970:Drivers/STM32G4xx_HAL_Driver/Src/stm32g4xx_hal_dma.c **** /**
 971:Drivers/STM32G4xx_HAL_Driver/Src/stm32g4xx_hal_dma.c ****   * @brief  Return the DMA error code.
 972:Drivers/STM32G4xx_HAL_Driver/Src/stm32g4xx_hal_dma.c ****   * @param  hdma : pointer to a DMA_HandleTypeDef structure that contains
 973:Drivers/STM32G4xx_HAL_Driver/Src/stm32g4xx_hal_dma.c ****   *              the configuration information for the specified DMA Channel.
 974:Drivers/STM32G4xx_HAL_Driver/Src/stm32g4xx_hal_dma.c ****   * @retval DMA Error Code
 975:Drivers/STM32G4xx_HAL_Driver/Src/stm32g4xx_hal_dma.c ****   */
 976:Drivers/STM32G4xx_HAL_Driver/Src/stm32g4xx_hal_dma.c **** uint32_t HAL_DMA_GetError(DMA_HandleTypeDef *hdma)
 977:Drivers/STM32G4xx_HAL_Driver/Src/stm32g4xx_hal_dma.c **** {
 978:Drivers/STM32G4xx_HAL_Driver/Src/stm32g4xx_hal_dma.c ****   return hdma->ErrorCode;
 979:Drivers/STM32G4xx_HAL_Driver/Src/stm32g4xx_hal_dma.c **** }
 980:Drivers/STM32G4xx_HAL_Driver/Src/stm32g4xx_hal_dma.c **** 
 981:Drivers/STM32G4xx_HAL_Driver/Src/stm32g4xx_hal_dma.c **** /**
 982:Drivers/STM32G4xx_HAL_Driver/Src/stm32g4xx_hal_dma.c ****   * @}
 983:Drivers/STM32G4xx_HAL_Driver/Src/stm32g4xx_hal_dma.c ****   */
 984:Drivers/STM32G4xx_HAL_Driver/Src/stm32g4xx_hal_dma.c **** 
 985:Drivers/STM32G4xx_HAL_Driver/Src/stm32g4xx_hal_dma.c **** /**
 986:Drivers/STM32G4xx_HAL_Driver/Src/stm32g4xx_hal_dma.c ****   * @}
 987:Drivers/STM32G4xx_HAL_Driver/Src/stm32g4xx_hal_dma.c ****   */
ARM GAS   			page 21


 988:Drivers/STM32G4xx_HAL_Driver/Src/stm32g4xx_hal_dma.c **** 
 989:Drivers/STM32G4xx_HAL_Driver/Src/stm32g4xx_hal_dma.c **** /** @addtogroup DMA_Private_Functions
 990:Drivers/STM32G4xx_HAL_Driver/Src/stm32g4xx_hal_dma.c ****   * @{
 991:Drivers/STM32G4xx_HAL_Driver/Src/stm32g4xx_hal_dma.c ****   */
 992:Drivers/STM32G4xx_HAL_Driver/Src/stm32g4xx_hal_dma.c **** 
 993:Drivers/STM32G4xx_HAL_Driver/Src/stm32g4xx_hal_dma.c **** /**
 994:Drivers/STM32G4xx_HAL_Driver/Src/stm32g4xx_hal_dma.c ****   * @brief  Sets the DMA Transfer parameter.
 995:Drivers/STM32G4xx_HAL_Driver/Src/stm32g4xx_hal_dma.c ****   * @param  hdma       pointer to a DMA_HandleTypeDef structure that contains
 996:Drivers/STM32G4xx_HAL_Driver/Src/stm32g4xx_hal_dma.c ****   *                     the configuration information for the specified DMA Channel.
 997:Drivers/STM32G4xx_HAL_Driver/Src/stm32g4xx_hal_dma.c ****   * @param  SrcAddress The source memory Buffer address
 998:Drivers/STM32G4xx_HAL_Driver/Src/stm32g4xx_hal_dma.c ****   * @param  DstAddress The destination memory Buffer address
 999:Drivers/STM32G4xx_HAL_Driver/Src/stm32g4xx_hal_dma.c ****   * @param  DataLength The length of data to be transferred from source to destination
1000:Drivers/STM32G4xx_HAL_Driver/Src/stm32g4xx_hal_dma.c ****   * @retval HAL status
1001:Drivers/STM32G4xx_HAL_Driver/Src/stm32g4xx_hal_dma.c ****   */
1002:Drivers/STM32G4xx_HAL_Driver/Src/stm32g4xx_hal_dma.c **** static void DMA_SetConfig(DMA_HandleTypeDef *hdma, uint32_t SrcAddress, uint32_t DstAddress, uint32
1003:Drivers/STM32G4xx_HAL_Driver/Src/stm32g4xx_hal_dma.c **** {
1004:Drivers/STM32G4xx_HAL_Driver/Src/stm32g4xx_hal_dma.c ****   /* Clear the DMAMUX synchro overrun flag */
1005:Drivers/STM32G4xx_HAL_Driver/Src/stm32g4xx_hal_dma.c ****   hdma->DMAmuxChannelStatus->CFR = hdma->DMAmuxChannelStatusMask;
1006:Drivers/STM32G4xx_HAL_Driver/Src/stm32g4xx_hal_dma.c **** 
1007:Drivers/STM32G4xx_HAL_Driver/Src/stm32g4xx_hal_dma.c ****   if (hdma->DMAmuxRequestGen != 0U)
1008:Drivers/STM32G4xx_HAL_Driver/Src/stm32g4xx_hal_dma.c ****   {
1009:Drivers/STM32G4xx_HAL_Driver/Src/stm32g4xx_hal_dma.c ****     /* Clear the DMAMUX request generator overrun flag */
1010:Drivers/STM32G4xx_HAL_Driver/Src/stm32g4xx_hal_dma.c ****     hdma->DMAmuxRequestGenStatus->RGCFR = hdma->DMAmuxRequestGenStatusMask;
1011:Drivers/STM32G4xx_HAL_Driver/Src/stm32g4xx_hal_dma.c ****   }
1012:Drivers/STM32G4xx_HAL_Driver/Src/stm32g4xx_hal_dma.c **** 
1013:Drivers/STM32G4xx_HAL_Driver/Src/stm32g4xx_hal_dma.c ****   /* Clear all flags */
1014:Drivers/STM32G4xx_HAL_Driver/Src/stm32g4xx_hal_dma.c ****   hdma->DmaBaseAddress->IFCR = (DMA_ISR_GIF1 << (hdma->ChannelIndex & 0x1FU));
1015:Drivers/STM32G4xx_HAL_Driver/Src/stm32g4xx_hal_dma.c **** 
1016:Drivers/STM32G4xx_HAL_Driver/Src/stm32g4xx_hal_dma.c ****   /* Configure DMA Channel data length */
1017:Drivers/STM32G4xx_HAL_Driver/Src/stm32g4xx_hal_dma.c ****   hdma->Instance->CNDTR = DataLength;
1018:Drivers/STM32G4xx_HAL_Driver/Src/stm32g4xx_hal_dma.c **** 
1019:Drivers/STM32G4xx_HAL_Driver/Src/stm32g4xx_hal_dma.c ****   /* Memory to Peripheral */
1020:Drivers/STM32G4xx_HAL_Driver/Src/stm32g4xx_hal_dma.c ****   if ((hdma->Init.Direction) == DMA_MEMORY_TO_PERIPH)
1021:Drivers/STM32G4xx_HAL_Driver/Src/stm32g4xx_hal_dma.c ****   {
1022:Drivers/STM32G4xx_HAL_Driver/Src/stm32g4xx_hal_dma.c ****     /* Configure DMA Channel destination address */
1023:Drivers/STM32G4xx_HAL_Driver/Src/stm32g4xx_hal_dma.c ****     hdma->Instance->CPAR = DstAddress;
1024:Drivers/STM32G4xx_HAL_Driver/Src/stm32g4xx_hal_dma.c **** 
1025:Drivers/STM32G4xx_HAL_Driver/Src/stm32g4xx_hal_dma.c ****     /* Configure DMA Channel source address */
1026:Drivers/STM32G4xx_HAL_Driver/Src/stm32g4xx_hal_dma.c ****     hdma->Instance->CMAR = SrcAddress;
1027:Drivers/STM32G4xx_HAL_Driver/Src/stm32g4xx_hal_dma.c ****   }
1028:Drivers/STM32G4xx_HAL_Driver/Src/stm32g4xx_hal_dma.c ****   /* Peripheral to Memory */
1029:Drivers/STM32G4xx_HAL_Driver/Src/stm32g4xx_hal_dma.c ****   else
1030:Drivers/STM32G4xx_HAL_Driver/Src/stm32g4xx_hal_dma.c ****   {
1031:Drivers/STM32G4xx_HAL_Driver/Src/stm32g4xx_hal_dma.c ****     /* Configure DMA Channel source address */
1032:Drivers/STM32G4xx_HAL_Driver/Src/stm32g4xx_hal_dma.c ****     hdma->Instance->CPAR = SrcAddress;
1033:Drivers/STM32G4xx_HAL_Driver/Src/stm32g4xx_hal_dma.c **** 
1034:Drivers/STM32G4xx_HAL_Driver/Src/stm32g4xx_hal_dma.c ****     /* Configure DMA Channel destination address */
1035:Drivers/STM32G4xx_HAL_Driver/Src/stm32g4xx_hal_dma.c ****     hdma->Instance->CMAR = DstAddress;
1036:Drivers/STM32G4xx_HAL_Driver/Src/stm32g4xx_hal_dma.c ****   }
1037:Drivers/STM32G4xx_HAL_Driver/Src/stm32g4xx_hal_dma.c **** }
1038:Drivers/STM32G4xx_HAL_Driver/Src/stm32g4xx_hal_dma.c **** 
1039:Drivers/STM32G4xx_HAL_Driver/Src/stm32g4xx_hal_dma.c **** /**
1040:Drivers/STM32G4xx_HAL_Driver/Src/stm32g4xx_hal_dma.c ****   * @brief  Updates the DMA handle with the DMAMUX  channel and status mask depending on stream num
1041:Drivers/STM32G4xx_HAL_Driver/Src/stm32g4xx_hal_dma.c ****   * @param  hdma        pointer to a DMA_HandleTypeDef structure that contains
1042:Drivers/STM32G4xx_HAL_Driver/Src/stm32g4xx_hal_dma.c ****   *                     the configuration information for the specified DMA Stream.
1043:Drivers/STM32G4xx_HAL_Driver/Src/stm32g4xx_hal_dma.c ****   * @retval None
1044:Drivers/STM32G4xx_HAL_Driver/Src/stm32g4xx_hal_dma.c ****   */
ARM GAS   			page 22


1045:Drivers/STM32G4xx_HAL_Driver/Src/stm32g4xx_hal_dma.c **** static void DMA_CalcDMAMUXChannelBaseAndMask(DMA_HandleTypeDef *hdma)
 132              	 .loc 1 1045 13 view .LVU49
 133              	.LBB15:
1046:Drivers/STM32G4xx_HAL_Driver/Src/stm32g4xx_hal_dma.c **** {
1047:Drivers/STM32G4xx_HAL_Driver/Src/stm32g4xx_hal_dma.c ****   uint32_t dmamux_base_addr;
 134              	 .loc 1 1047 3 view .LVU50
1048:Drivers/STM32G4xx_HAL_Driver/Src/stm32g4xx_hal_dma.c ****   uint32_t channel_number;
 135              	 .loc 1 1048 3 view .LVU51
1049:Drivers/STM32G4xx_HAL_Driver/Src/stm32g4xx_hal_dma.c ****   DMAMUX_Channel_TypeDef *DMAMUX1_ChannelBase;
 136              	 .loc 1 1049 3 view .LVU52
1050:Drivers/STM32G4xx_HAL_Driver/Src/stm32g4xx_hal_dma.c **** 
1051:Drivers/STM32G4xx_HAL_Driver/Src/stm32g4xx_hal_dma.c ****   /* check if instance is not outside the DMA channel range */
1052:Drivers/STM32G4xx_HAL_Driver/Src/stm32g4xx_hal_dma.c ****   if ((uint32_t)hdma->Instance < (uint32_t)DMA2_Channel1)
 137              	 .loc 1 1052 3 view .LVU53
1053:Drivers/STM32G4xx_HAL_Driver/Src/stm32g4xx_hal_dma.c ****   {
1054:Drivers/STM32G4xx_HAL_Driver/Src/stm32g4xx_hal_dma.c ****     /* DMA1 */
1055:Drivers/STM32G4xx_HAL_Driver/Src/stm32g4xx_hal_dma.c ****     DMAMUX1_ChannelBase = DMAMUX1_Channel0;
1056:Drivers/STM32G4xx_HAL_Driver/Src/stm32g4xx_hal_dma.c ****   }
1057:Drivers/STM32G4xx_HAL_Driver/Src/stm32g4xx_hal_dma.c ****   else
1058:Drivers/STM32G4xx_HAL_Driver/Src/stm32g4xx_hal_dma.c ****   {
1059:Drivers/STM32G4xx_HAL_Driver/Src/stm32g4xx_hal_dma.c ****     /* DMA2 */
1060:Drivers/STM32G4xx_HAL_Driver/Src/stm32g4xx_hal_dma.c **** #if defined (STM32G471xx) || defined (STM32G473xx) || defined (STM32G474xx) || defined (STM32G414xx
1061:Drivers/STM32G4xx_HAL_Driver/Src/stm32g4xx_hal_dma.c ****     DMAMUX1_ChannelBase = DMAMUX1_Channel8;
1062:Drivers/STM32G4xx_HAL_Driver/Src/stm32g4xx_hal_dma.c **** #elif defined (STM32G411xB) || defined (STM32G431xx) || defined (STM32G441xx) || defined (STM32GBK1
1063:Drivers/STM32G4xx_HAL_Driver/Src/stm32g4xx_hal_dma.c ****     DMAMUX1_ChannelBase = DMAMUX1_Channel6;
1064:Drivers/STM32G4xx_HAL_Driver/Src/stm32g4xx_hal_dma.c **** #else
1065:Drivers/STM32G4xx_HAL_Driver/Src/stm32g4xx_hal_dma.c ****     DMAMUX1_ChannelBase = DMAMUX1_Channel7;
1066:Drivers/STM32G4xx_HAL_Driver/Src/stm32g4xx_hal_dma.c **** #endif /* STM32G4x1xx) */
1067:Drivers/STM32G4xx_HAL_Driver/Src/stm32g4xx_hal_dma.c ****   }
1068:Drivers/STM32G4xx_HAL_Driver/Src/stm32g4xx_hal_dma.c ****   dmamux_base_addr = (uint32_t)DMAMUX1_ChannelBase;
 138              	 .loc 1 1068 3 view .LVU54
1069:Drivers/STM32G4xx_HAL_Driver/Src/stm32g4xx_hal_dma.c ****   channel_number = (((uint32_t)hdma->Instance & 0xFFU) - 8U) / 20U;
 139              	 .loc 1 1069 3 view .LVU55
1070:Drivers/STM32G4xx_HAL_Driver/Src/stm32g4xx_hal_dma.c ****   hdma->DMAmuxChannel = (DMAMUX_Channel_TypeDef *)(uint32_t)(dmamux_base_addr + ((hdma->ChannelInde
 140              	 .loc 1 1070 3 view .LVU56
1052:Drivers/STM32G4xx_HAL_Driver/Src/stm32g4xx_hal_dma.c ****   {
 141              	 .loc 1 1052 6 is_stmt 0 view .LVU57
 142 0054 2949     	 ldr r1,.L18
 143              	.LVL7:
1071:Drivers/STM32G4xx_HAL_Driver/Src/stm32g4xx_hal_dma.c ****   hdma->DMAmuxChannelStatus = DMAMUX1_ChannelStatus;
 144              	 .loc 1 1071 29 view .LVU58
 145 0056 2D4D     	 ldr r5,.L18+16
 146 0058 DD64     	 str r5,[r3,#76]
1052:Drivers/STM32G4xx_HAL_Driver/Src/stm32g4xx_hal_dma.c ****   {
 147              	 .loc 1 1052 6 view .LVU59
 148 005a 8A42     	 cmp r2,r1
1069:Drivers/STM32G4xx_HAL_Driver/Src/stm32g4xx_hal_dma.c ****   hdma->DMAmuxChannel = (DMAMUX_Channel_TypeDef *)(uint32_t)(dmamux_base_addr + ((hdma->ChannelInde
 149              	 .loc 1 1069 18 view .LVU60
 150 005c 2949     	 ldr r1,.L18+8
1052:Drivers/STM32G4xx_HAL_Driver/Src/stm32g4xx_hal_dma.c ****   {
 151              	 .loc 1 1052 6 view .LVU61
 152 005e 94BF     	 ite ls
 153 0060 2B4E     	 ldrls r6,.L18+20
 154 0062 2C4E     	 ldrhi r6,.L18+24
1069:Drivers/STM32G4xx_HAL_Driver/Src/stm32g4xx_hal_dma.c ****   hdma->DMAmuxChannel = (DMAMUX_Channel_TypeDef *)(uint32_t)(dmamux_base_addr + ((hdma->ChannelInde
 155              	 .loc 1 1069 47 view .LVU62
 156 0064 D2B2     	 uxtb r2,r2
ARM GAS   			page 23


 157              	.LVL8:
1069:Drivers/STM32G4xx_HAL_Driver/Src/stm32g4xx_hal_dma.c ****   hdma->DMAmuxChannel = (DMAMUX_Channel_TypeDef *)(uint32_t)(dmamux_base_addr + ((hdma->ChannelInde
 158              	 .loc 1 1069 56 view .LVU63
 159 0066 083A     	 subs r2,r2,#8
1069:Drivers/STM32G4xx_HAL_Driver/Src/stm32g4xx_hal_dma.c ****   hdma->DMAmuxChannel = (DMAMUX_Channel_TypeDef *)(uint32_t)(dmamux_base_addr + ((hdma->ChannelInde
 160              	 .loc 1 1069 18 view .LVU64
 161 0068 A1FB0212 	 umull r1,r2,r1,r2
1072:Drivers/STM32G4xx_HAL_Driver/Src/stm32g4xx_hal_dma.c ****   hdma->DMAmuxChannelStatusMask = 1UL << (channel_number & 0x1FU);
 162              	 .loc 1 1072 58 view .LVU65
 163 006c C2F30412 	 ubfx r2,r2,#4,#5
 164              	 .loc 1 1072 39 view .LVU66
 165 0070 0121     	 movs r1,#1
1070:Drivers/STM32G4xx_HAL_Driver/Src/stm32g4xx_hal_dma.c ****   hdma->DMAmuxChannelStatus = DMAMUX1_ChannelStatus;
 166              	 .loc 1 1070 51 view .LVU67
 167 0072 8519     	 adds r5,r0,r6
 168              	 .loc 1 1072 39 view .LVU68
 169 0074 01FA02F2 	 lsl r2,r1,r2
 170              	.LBE15:
 171              	.LBE14:
 213:Drivers/STM32G4xx_HAL_Driver/Src/stm32g4xx_hal_dma.c ****   {
 172              	 .loc 1 213 6 view .LVU69
 173 0078 B4F5804F 	 cmp r4,#16384
 174              	.LBB18:
 175              	.LBB16:
 176              	 .loc 1 1072 33 view .LVU70
 177 007c 1A65     	 str r2,[r3,#80]
1070:Drivers/STM32G4xx_HAL_Driver/Src/stm32g4xx_hal_dma.c ****   hdma->DMAmuxChannelStatus = DMAMUX1_ChannelStatus;
 178              	 .loc 1 1070 23 view .LVU71
 179 007e 9D64     	 str r5,[r3,#72]
1071:Drivers/STM32G4xx_HAL_Driver/Src/stm32g4xx_hal_dma.c ****   hdma->DMAmuxChannelStatusMask = 1UL << (channel_number & 0x1FU);
 180              	 .loc 1 1071 3 is_stmt 1 view .LVU72
 181              	 .loc 1 1072 3 view .LVU73
 182              	.LVL9:
 183              	 .loc 1 1072 3 is_stmt 0 view .LVU74
 184              	.LBE16:
 185              	.LBE18:
 213:Drivers/STM32G4xx_HAL_Driver/Src/stm32g4xx_hal_dma.c ****   {
 186              	 .loc 1 213 3 is_stmt 1 view .LVU75
 187              	.LBB19:
 188              	.LBB17:
1070:Drivers/STM32G4xx_HAL_Driver/Src/stm32g4xx_hal_dma.c ****   hdma->DMAmuxChannelStatus = DMAMUX1_ChannelStatus;
 189              	 .loc 1 1070 102 is_stmt 0 view .LVU76
 190 0080 4FEA9000 	 lsr r0,r0,#2
 191              	.LBE17:
 192              	.LBE19:
 213:Drivers/STM32G4xx_HAL_Driver/Src/stm32g4xx_hal_dma.c ****   {
 193              	 .loc 1 213 6 view .LVU77
 194 0084 28D0     	 beq .L17
 220:Drivers/STM32G4xx_HAL_Driver/Src/stm32g4xx_hal_dma.c **** 
 195              	 .loc 1 220 3 is_stmt 1 view .LVU78
 220:Drivers/STM32G4xx_HAL_Driver/Src/stm32g4xx_hal_dma.c **** 
 196              	 .loc 1 220 41 is_stmt 0 view .LVU79
 197 0086 5D68     	 ldr r5,[r3,#4]
 223:Drivers/STM32G4xx_HAL_Driver/Src/stm32g4xx_hal_dma.c **** 
 198              	 .loc 1 223 34 view .LVU80
 199 0088 214F     	 ldr r7,.L18+20
 220:Drivers/STM32G4xx_HAL_Driver/Src/stm32g4xx_hal_dma.c **** 
ARM GAS   			page 24


 200              	 .loc 1 220 50 view .LVU81
 201 008a ECB2     	 uxtb r4,r5
 225:Drivers/STM32G4xx_HAL_Driver/Src/stm32g4xx_hal_dma.c ****   {
 202              	 .loc 1 225 35 view .LVU82
 203 008c 013D     	 subs r5,r5,#1
 225:Drivers/STM32G4xx_HAL_Driver/Src/stm32g4xx_hal_dma.c ****   {
 204              	 .loc 1 225 6 view .LVU83
 205 008e 032D     	 cmp r5,#3
 220:Drivers/STM32G4xx_HAL_Driver/Src/stm32g4xx_hal_dma.c **** 
 206              	 .loc 1 220 28 view .LVU84
 207 0090 46F82040 	 str r4,[r6,r0,lsl#2]
 208              	.LVL10:
 223:Drivers/STM32G4xx_HAL_Driver/Src/stm32g4xx_hal_dma.c **** 
 209              	 .loc 1 223 3 is_stmt 1 view .LVU85
 223:Drivers/STM32G4xx_HAL_Driver/Src/stm32g4xx_hal_dma.c **** 
 210              	 .loc 1 223 34 is_stmt 0 view .LVU86
 211 0094 C7F88420 	 str r2,[r7,#132]
 212              	.LVL11:
 225:Drivers/STM32G4xx_HAL_Driver/Src/stm32g4xx_hal_dma.c ****   {
 213              	 .loc 1 225 3 is_stmt 1 view .LVU87
 225:Drivers/STM32G4xx_HAL_Driver/Src/stm32g4xx_hal_dma.c ****   {
 214              	 .loc 1 225 6 is_stmt 0 view .LVU88
 215 0098 28D8     	 bhi .L7
 230:Drivers/STM32G4xx_HAL_Driver/Src/stm32g4xx_hal_dma.c **** 
 216              	 .loc 1 230 5 is_stmt 1 view .LVU89
 217              	.LVL12:
 218              	.LBB20:
 219              	.LBI20:
1073:Drivers/STM32G4xx_HAL_Driver/Src/stm32g4xx_hal_dma.c **** }
1074:Drivers/STM32G4xx_HAL_Driver/Src/stm32g4xx_hal_dma.c **** 
1075:Drivers/STM32G4xx_HAL_Driver/Src/stm32g4xx_hal_dma.c **** /**
1076:Drivers/STM32G4xx_HAL_Driver/Src/stm32g4xx_hal_dma.c ****   * @brief  Updates the DMA handle with the DMAMUX  request generator params
1077:Drivers/STM32G4xx_HAL_Driver/Src/stm32g4xx_hal_dma.c ****   * @param  hdma        pointer to a DMA_HandleTypeDef structure that contains
1078:Drivers/STM32G4xx_HAL_Driver/Src/stm32g4xx_hal_dma.c ****   *                     the configuration information for the specified DMA Channel.
1079:Drivers/STM32G4xx_HAL_Driver/Src/stm32g4xx_hal_dma.c ****   * @retval None
1080:Drivers/STM32G4xx_HAL_Driver/Src/stm32g4xx_hal_dma.c ****   */
1081:Drivers/STM32G4xx_HAL_Driver/Src/stm32g4xx_hal_dma.c **** 
1082:Drivers/STM32G4xx_HAL_Driver/Src/stm32g4xx_hal_dma.c **** static void DMA_CalcDMAMUXRequestGenBaseAndMask(DMA_HandleTypeDef *hdma)
 220              	 .loc 1 1082 13 view .LVU90
 221              	.LBB21:
1083:Drivers/STM32G4xx_HAL_Driver/Src/stm32g4xx_hal_dma.c **** {
1084:Drivers/STM32G4xx_HAL_Driver/Src/stm32g4xx_hal_dma.c ****   uint32_t request =  hdma->Init.Request & DMAMUX_CxCR_DMAREQ_ID;
 222              	 .loc 1 1084 3 view .LVU91
1085:Drivers/STM32G4xx_HAL_Driver/Src/stm32g4xx_hal_dma.c **** 
1086:Drivers/STM32G4xx_HAL_Driver/Src/stm32g4xx_hal_dma.c ****   /* DMA Channels are connected to DMAMUX1 request generator blocks*/
1087:Drivers/STM32G4xx_HAL_Driver/Src/stm32g4xx_hal_dma.c ****   hdma->DMAmuxRequestGen = (DMAMUX_RequestGen_TypeDef *)((uint32_t)(((uint32_t)DMAMUX1_RequestGener
 223              	 .loc 1 1087 3 view .LVU92
 224              	 .loc 1 1087 58 is_stmt 0 view .LVU93
 225 009a 1F4A     	 ldr r2,.L18+28
1088:Drivers/STM32G4xx_HAL_Driver/Src/stm32g4xx_hal_dma.c **** 
1089:Drivers/STM32G4xx_HAL_Driver/Src/stm32g4xx_hal_dma.c ****   hdma->DMAmuxRequestGenStatus = DMAMUX1_RequestGenStatus;
 226              	 .loc 1 1089 32 view .LVU94
 227 009c 1F4D     	 ldr r5,.L18+32
1087:Drivers/STM32G4xx_HAL_Driver/Src/stm32g4xx_hal_dma.c **** 
 228              	 .loc 1 1087 58 view .LVU95
 229 009e 2244     	 add r2,r2,r4
 230 00a0 9200     	 lsls r2,r2,#2
ARM GAS   			page 25


1090:Drivers/STM32G4xx_HAL_Driver/Src/stm32g4xx_hal_dma.c **** 
1091:Drivers/STM32G4xx_HAL_Driver/Src/stm32g4xx_hal_dma.c ****   hdma->DMAmuxRequestGenStatusMask = 1UL << ((request - 1U) & 0x1FU);
 231              	 .loc 1 1091 55 view .LVU96
 232 00a2 013C     	 subs r4,r4,#1
 233              	.LVL13:
 234              	 .loc 1 1091 42 view .LVU97
 235 00a4 A140     	 lsls r1,r1,r4
 236              	.LBE21:
 237              	.LBE20:
 233:Drivers/STM32G4xx_HAL_Driver/Src/stm32g4xx_hal_dma.c **** 
 238              	 .loc 1 233 34 view .LVU98
 239 00a6 0020     	 movs r0,#0
 240              	.LBB23:
 241              	.LBB22:
1089:Drivers/STM32G4xx_HAL_Driver/Src/stm32g4xx_hal_dma.c **** 
 242              	 .loc 1 1089 32 view .LVU99
 243 00a8 C3E91525 	 strd r2,r5,[r3,#84]
 244              	 .loc 1 1091 3 is_stmt 1 view .LVU100
 245              	 .loc 1 1091 36 is_stmt 0 view .LVU101
 246 00ac D965     	 str r1,[r3,#92]
 247              	.LVL14:
 248              	 .loc 1 1091 36 view .LVU102
 249              	.LBE22:
 250              	.LBE23:
 233:Drivers/STM32G4xx_HAL_Driver/Src/stm32g4xx_hal_dma.c **** 
 251              	 .loc 1 233 5 is_stmt 1 view .LVU103
 233:Drivers/STM32G4xx_HAL_Driver/Src/stm32g4xx_hal_dma.c **** 
 252              	 .loc 1 233 34 is_stmt 0 view .LVU104
 253 00ae 1060     	 str r0,[r2]
 236:Drivers/STM32G4xx_HAL_Driver/Src/stm32g4xx_hal_dma.c ****   }
 254              	 .loc 1 236 5 is_stmt 1 view .LVU105
 236:Drivers/STM32G4xx_HAL_Driver/Src/stm32g4xx_hal_dma.c ****   }
 255              	 .loc 1 236 41 is_stmt 0 view .LVU106
 256 00b0 1B4A     	 ldr r2,.L18+36
 257 00b2 5164     	 str r1,[r2,#68]
 258              	.L8:
 246:Drivers/STM32G4xx_HAL_Driver/Src/stm32g4xx_hal_dma.c **** 
 259              	 .loc 1 246 3 is_stmt 1 view .LVU107
 246:Drivers/STM32G4xx_HAL_Driver/Src/stm32g4xx_hal_dma.c **** 
 260              	 .loc 1 246 19 is_stmt 0 view .LVU108
 261 00b4 0020     	 movs r0,#0
 249:Drivers/STM32G4xx_HAL_Driver/Src/stm32g4xx_hal_dma.c **** 
 262              	 .loc 1 249 16 view .LVU109
 263 00b6 0122     	 movs r2,#1
 246:Drivers/STM32G4xx_HAL_Driver/Src/stm32g4xx_hal_dma.c **** 
 264              	 .loc 1 246 19 view .LVU110
 265 00b8 D863     	 str r0,[r3,#60]
 249:Drivers/STM32G4xx_HAL_Driver/Src/stm32g4xx_hal_dma.c **** 
 266              	 .loc 1 249 3 is_stmt 1 view .LVU111
 252:Drivers/STM32G4xx_HAL_Driver/Src/stm32g4xx_hal_dma.c **** 
 267              	 .loc 1 252 14 is_stmt 0 view .LVU112
 268 00ba 83F82400 	 strb r0,[r3,#36]
 249:Drivers/STM32G4xx_HAL_Driver/Src/stm32g4xx_hal_dma.c **** 
 269              	 .loc 1 249 16 view .LVU113
 270 00be 83F82520 	 strb r2,[r3,#37]
 252:Drivers/STM32G4xx_HAL_Driver/Src/stm32g4xx_hal_dma.c **** 
 271              	 .loc 1 252 3 is_stmt 1 view .LVU114
ARM GAS   			page 26


 254:Drivers/STM32G4xx_HAL_Driver/Src/stm32g4xx_hal_dma.c **** }
 272              	 .loc 1 254 3 view .LVU115
 255:Drivers/STM32G4xx_HAL_Driver/Src/stm32g4xx_hal_dma.c **** 
 273              	 .loc 1 255 1 is_stmt 0 view .LVU116
 274 00c2 F0BC     	 pop {r4,r5,r6,r7}
 275              	 .cfi_remember_state
 276              	 .cfi_restore 7
 277              	 .cfi_restore 6
 278              	 .cfi_restore 5
 279              	 .cfi_restore 4
 280              	 .cfi_def_cfa_offset 0
 281 00c4 7047     	 bx lr
 282              	.LVL15:
 283              	.L16:
 284              	 .cfi_restore_state
 178:Drivers/STM32G4xx_HAL_Driver/Src/stm32g4xx_hal_dma.c ****     hdma->DmaBaseAddress = DMA1;
 285              	 .loc 1 178 5 is_stmt 1 view .LVU117
 178:Drivers/STM32G4xx_HAL_Driver/Src/stm32g4xx_hal_dma.c ****     hdma->DmaBaseAddress = DMA1;
 286              	 .loc 1 178 53 is_stmt 0 view .LVU118
 287 00c6 1748     	 ldr r0,.L18+40
 288              	.LVL16:
 178:Drivers/STM32G4xx_HAL_Driver/Src/stm32g4xx_hal_dma.c ****     hdma->DmaBaseAddress = DMA1;
 289              	 .loc 1 178 80 view .LVU119
 290 00c8 0E49     	 ldr r1,.L18+8
 179:Drivers/STM32G4xx_HAL_Driver/Src/stm32g4xx_hal_dma.c ****   }
 291              	 .loc 1 179 26 view .LVU120
 292 00ca 174D     	 ldr r5,.L18+44
 178:Drivers/STM32G4xx_HAL_Driver/Src/stm32g4xx_hal_dma.c ****     hdma->DmaBaseAddress = DMA1;
 293              	 .loc 1 178 53 view .LVU121
 294 00cc 1044     	 add r0,r0,r2
 178:Drivers/STM32G4xx_HAL_Driver/Src/stm32g4xx_hal_dma.c ****     hdma->DmaBaseAddress = DMA1;
 295              	 .loc 1 178 80 view .LVU122
 296 00ce A1FB0010 	 umull r1,r0,r1,r0
 297 00d2 0009     	 lsrs r0,r0,#4
 178:Drivers/STM32G4xx_HAL_Driver/Src/stm32g4xx_hal_dma.c ****     hdma->DmaBaseAddress = DMA1;
 298              	 .loc 1 178 135 view .LVU123
 299 00d4 8000     	 lsls r0,r0,#2
 179:Drivers/STM32G4xx_HAL_Driver/Src/stm32g4xx_hal_dma.c ****   }
 300              	 .loc 1 179 5 is_stmt 1 view .LVU124
 301 00d6 A3E7     	 b .L4
 302              	.LVL17:
 303              	.L17:
 216:Drivers/STM32G4xx_HAL_Driver/Src/stm32g4xx_hal_dma.c ****   }
 304              	 .loc 1 216 5 view .LVU125
 216:Drivers/STM32G4xx_HAL_Driver/Src/stm32g4xx_hal_dma.c ****   }
 305              	 .loc 1 216 24 is_stmt 0 view .LVU126
 306 00d8 0021     	 movs r1,#0
 307 00da 5960     	 str r1,[r3,#4]
 220:Drivers/STM32G4xx_HAL_Driver/Src/stm32g4xx_hal_dma.c **** 
 308              	 .loc 1 220 3 is_stmt 1 view .LVU127
 220:Drivers/STM32G4xx_HAL_Driver/Src/stm32g4xx_hal_dma.c **** 
 309              	 .loc 1 220 28 is_stmt 0 view .LVU128
 310 00dc 46F82010 	 str r1,[r6,r0,lsl#2]
 311              	.LVL18:
 223:Drivers/STM32G4xx_HAL_Driver/Src/stm32g4xx_hal_dma.c **** 
 312              	 .loc 1 223 3 is_stmt 1 view .LVU129
 223:Drivers/STM32G4xx_HAL_Driver/Src/stm32g4xx_hal_dma.c **** 
ARM GAS   			page 27


 313              	 .loc 1 223 34 is_stmt 0 view .LVU130
 314 00e0 01F18041 	 add r1,r1,#1073741824
 315 00e4 01F50231 	 add r1,r1,#133120
 316 00e8 C1F88420 	 str r2,[r1,#132]
 317              	.LVL19:
 225:Drivers/STM32G4xx_HAL_Driver/Src/stm32g4xx_hal_dma.c ****   {
 318              	 .loc 1 225 3 is_stmt 1 view .LVU131
 319              	.L7:
 240:Drivers/STM32G4xx_HAL_Driver/Src/stm32g4xx_hal_dma.c ****     hdma->DMAmuxRequestGenStatus = 0U;
 320              	 .loc 1 240 5 view .LVU132
 241:Drivers/STM32G4xx_HAL_Driver/Src/stm32g4xx_hal_dma.c ****     hdma->DMAmuxRequestGenStatusMask = 0U;
 321              	 .loc 1 241 5 view .LVU133
 240:Drivers/STM32G4xx_HAL_Driver/Src/stm32g4xx_hal_dma.c ****     hdma->DMAmuxRequestGenStatus = 0U;
 322              	 .loc 1 240 28 is_stmt 0 view .LVU134
 323 00ec 0022     	 movs r2,#0
 324 00ee C3E91522 	 strd r2,r2,[r3,#84]
 242:Drivers/STM32G4xx_HAL_Driver/Src/stm32g4xx_hal_dma.c ****   }
 325              	 .loc 1 242 5 is_stmt 1 view .LVU135
 242:Drivers/STM32G4xx_HAL_Driver/Src/stm32g4xx_hal_dma.c ****   }
 326              	 .loc 1 242 38 is_stmt 0 view .LVU136
 327 00f2 DA65     	 str r2,[r3,#92]
 328 00f4 DEE7     	 b .L8
 329              	.LVL20:
 330              	.L9:
 331              	 .cfi_def_cfa_offset 0
 332              	 .cfi_restore 4
 333              	 .cfi_restore 5
 334              	 .cfi_restore 6
 335              	 .cfi_restore 7
 159:Drivers/STM32G4xx_HAL_Driver/Src/stm32g4xx_hal_dma.c ****   }
 336              	 .loc 1 159 12 view .LVU137
 337 00f6 0120     	 movs r0,#1
 338              	.LVL21:
 255:Drivers/STM32G4xx_HAL_Driver/Src/stm32g4xx_hal_dma.c **** 
 339              	 .loc 1 255 1 view .LVU138
 340 00f8 7047     	 bx lr
 341              	.L19:
 342 00fa 00BF     	 .align 2
 343              	.L18:
 344 00fc 07040240 	 .word 1073873927
 345 0100 F8FBFDBF 	 .word -1073873928
 346 0104 CDCCCCCC 	 .word -858993459
 347 0108 00040240 	 .word 1073873920
 348 010c 80080240 	 .word 1073875072
 349 0110 00080240 	 .word 1073874944
 350 0114 20080240 	 .word 1073874976
 351 0118 3F820010 	 .word 268468799
 352 011c 40090240 	 .word 1073875264
 353 0120 00090240 	 .word 1073875200
 354 0124 F8FFFDBF 	 .word -1073872904
 355 0128 00000240 	 .word 1073872896
 356              	 .cfi_endproc
 357              	.LFE361:
 359              	 .section .text.HAL_DMA_DeInit,"ax",%progbits
 360              	 .align 1
 361              	 .p2align 2,,3
 362              	 .global HAL_DMA_DeInit
ARM GAS   			page 28


 363              	 .syntax unified
 364              	 .thumb
 365              	 .thumb_func
 367              	HAL_DMA_DeInit:
 368              	.LVL22:
 369              	.LFB362:
 264:Drivers/STM32G4xx_HAL_Driver/Src/stm32g4xx_hal_dma.c **** 
 370              	 .loc 1 264 1 is_stmt 1 view-0
 371              	 .cfi_startproc
 372              	 
 373              	 
 374              	 
 267:Drivers/STM32G4xx_HAL_Driver/Src/stm32g4xx_hal_dma.c ****   {
 375              	 .loc 1 267 3 view .LVU140
 267:Drivers/STM32G4xx_HAL_Driver/Src/stm32g4xx_hal_dma.c ****   {
 376              	 .loc 1 267 6 is_stmt 0 view .LVU141
 377 0000 0028     	 cmp r0,#0
 378 0002 5FD0     	 beq .L25
 276:Drivers/STM32G4xx_HAL_Driver/Src/stm32g4xx_hal_dma.c **** 
 379              	 .loc 1 276 3 view .LVU142
 380 0004 0268     	 ldr r2,[r0]
 381 0006 0346     	 mov r3,r0
 273:Drivers/STM32G4xx_HAL_Driver/Src/stm32g4xx_hal_dma.c **** 
 382              	 .loc 1 273 3 is_stmt 1 view .LVU143
 276:Drivers/STM32G4xx_HAL_Driver/Src/stm32g4xx_hal_dma.c **** 
 383              	 .loc 1 276 3 view .LVU144
 384 0008 1168     	 ldr r1,[r2]
 279:Drivers/STM32G4xx_HAL_Driver/Src/stm32g4xx_hal_dma.c ****   {
 385              	 .loc 1 279 6 is_stmt 0 view .LVU145
 386 000a 2F48     	 ldr r0,.L31
 387              	.LVL23:
 276:Drivers/STM32G4xx_HAL_Driver/Src/stm32g4xx_hal_dma.c **** 
 388              	 .loc 1 276 3 view .LVU146
 389 000c 21F00101 	 bic r1,r1,#1
 279:Drivers/STM32G4xx_HAL_Driver/Src/stm32g4xx_hal_dma.c ****   {
 390              	 .loc 1 279 6 view .LVU147
 391 0010 8242     	 cmp r2,r0
 264:Drivers/STM32G4xx_HAL_Driver/Src/stm32g4xx_hal_dma.c **** 
 392              	 .loc 1 264 1 view .LVU148
 393 0012 30B4     	 push {r4,r5}
 394              	 .cfi_def_cfa_offset 8
 395              	 .cfi_offset 4,-8
 396              	 .cfi_offset 5,-4
 276:Drivers/STM32G4xx_HAL_Driver/Src/stm32g4xx_hal_dma.c **** 
 397              	 .loc 1 276 3 view .LVU149
 398 0014 1160     	 str r1,[r2]
 279:Drivers/STM32G4xx_HAL_Driver/Src/stm32g4xx_hal_dma.c ****   {
 399              	 .loc 1 279 3 is_stmt 1 view .LVU150
 279:Drivers/STM32G4xx_HAL_Driver/Src/stm32g4xx_hal_dma.c ****   {
 400              	 .loc 1 279 6 is_stmt 0 view .LVU151
 401 0016 42D9     	 bls .L30
 288:Drivers/STM32G4xx_HAL_Driver/Src/stm32g4xx_hal_dma.c ****     hdma->DmaBaseAddress = DMA2;
 402              	 .loc 1 288 5 is_stmt 1 view .LVU152
 288:Drivers/STM32G4xx_HAL_Driver/Src/stm32g4xx_hal_dma.c ****     hdma->DmaBaseAddress = DMA2;
 403              	 .loc 1 288 53 is_stmt 0 view .LVU153
 404 0018 2C49     	 ldr r1,.L31+4
 288:Drivers/STM32G4xx_HAL_Driver/Src/stm32g4xx_hal_dma.c ****     hdma->DmaBaseAddress = DMA2;
ARM GAS   			page 29


 405              	 .loc 1 288 80 view .LVU154
 406 001a 2D48     	 ldr r0,.L31+8
 289:Drivers/STM32G4xx_HAL_Driver/Src/stm32g4xx_hal_dma.c ****   }
 407              	 .loc 1 289 26 view .LVU155
 408 001c 2D4C     	 ldr r4,.L31+12
 288:Drivers/STM32G4xx_HAL_Driver/Src/stm32g4xx_hal_dma.c ****     hdma->DmaBaseAddress = DMA2;
 409              	 .loc 1 288 53 view .LVU156
 410 001e 1144     	 add r1,r1,r2
 288:Drivers/STM32G4xx_HAL_Driver/Src/stm32g4xx_hal_dma.c ****     hdma->DmaBaseAddress = DMA2;
 411              	 .loc 1 288 80 view .LVU157
 412 0020 A0FB0101 	 umull r0,r1,r0,r1
 413 0024 0909     	 lsrs r1,r1,#4
 288:Drivers/STM32G4xx_HAL_Driver/Src/stm32g4xx_hal_dma.c ****     hdma->DmaBaseAddress = DMA2;
 414              	 .loc 1 288 135 view .LVU158
 415 0026 8900     	 lsls r1,r1,#2
 293:Drivers/STM32G4xx_HAL_Driver/Src/stm32g4xx_hal_dma.c **** 
 416              	 .loc 1 293 24 view .LVU159
 417 0028 0020     	 movs r0,#0
 289:Drivers/STM32G4xx_HAL_Driver/Src/stm32g4xx_hal_dma.c ****   }
 418              	 .loc 1 289 26 view .LVU160
 419 002a C3E91041 	 strd r4,r1,[r3,#64]
 293:Drivers/STM32G4xx_HAL_Driver/Src/stm32g4xx_hal_dma.c **** 
 420              	 .loc 1 293 3 is_stmt 1 view .LVU161
 296:Drivers/STM32G4xx_HAL_Driver/Src/stm32g4xx_hal_dma.c **** 
 421              	 .loc 1 296 69 is_stmt 0 view .LVU162
 422 002e 01F01F05 	 and r5,r1,#31
 293:Drivers/STM32G4xx_HAL_Driver/Src/stm32g4xx_hal_dma.c **** 
 423              	 .loc 1 293 24 view .LVU163
 424 0032 1060     	 str r0,[r2]
 296:Drivers/STM32G4xx_HAL_Driver/Src/stm32g4xx_hal_dma.c **** 
 425              	 .loc 1 296 3 is_stmt 1 view .LVU164
 296:Drivers/STM32G4xx_HAL_Driver/Src/stm32g4xx_hal_dma.c **** 
 426              	 .loc 1 296 46 is_stmt 0 view .LVU165
 427 0034 0120     	 movs r0,#1
 428 0036 A840     	 lsls r0,r0,r5
 296:Drivers/STM32G4xx_HAL_Driver/Src/stm32g4xx_hal_dma.c **** 
 429              	 .loc 1 296 30 view .LVU166
 430 0038 6060     	 str r0,[r4,#4]
 301:Drivers/STM32G4xx_HAL_Driver/Src/stm32g4xx_hal_dma.c **** 
 431              	 .loc 1 301 3 is_stmt 1 view .LVU167
 432              	.LVL24:
 433              	.LBB24:
 434              	.LBI24:
1045:Drivers/STM32G4xx_HAL_Driver/Src/stm32g4xx_hal_dma.c **** {
 435              	 .loc 1 1045 13 view .LVU168
 436              	.LBB25:
1047:Drivers/STM32G4xx_HAL_Driver/Src/stm32g4xx_hal_dma.c ****   uint32_t channel_number;
 437              	 .loc 1 1047 3 view .LVU169
1048:Drivers/STM32G4xx_HAL_Driver/Src/stm32g4xx_hal_dma.c ****   DMAMUX_Channel_TypeDef *DMAMUX1_ChannelBase;
 438              	 .loc 1 1048 3 view .LVU170
1049:Drivers/STM32G4xx_HAL_Driver/Src/stm32g4xx_hal_dma.c **** 
 439              	 .loc 1 1049 3 view .LVU171
1052:Drivers/STM32G4xx_HAL_Driver/Src/stm32g4xx_hal_dma.c ****   {
 440              	 .loc 1 1052 3 view .LVU172
1061:Drivers/STM32G4xx_HAL_Driver/Src/stm32g4xx_hal_dma.c **** #elif defined (STM32G411xB) || defined (STM32G431xx) || defined (STM32G441xx) || defined (STM32GBK1
 441              	 .loc 1 1061 5 view .LVU173
1061:Drivers/STM32G4xx_HAL_Driver/Src/stm32g4xx_hal_dma.c **** #elif defined (STM32G411xB) || defined (STM32G431xx) || defined (STM32G441xx) || defined (STM32GBK1
ARM GAS   			page 30


 442              	 .loc 1 1061 5 is_stmt 0 view .LVU174
 443              	.LBE25:
 444              	.LBE24:
 296:Drivers/STM32G4xx_HAL_Driver/Src/stm32g4xx_hal_dma.c **** 
 445              	 .loc 1 296 30 view .LVU175
 446 003a 2748     	 ldr r0,.L31+16
 447              	.LVL25:
 448              	.L23:
 449              	.LBB30:
 450              	.LBB26:
1068:Drivers/STM32G4xx_HAL_Driver/Src/stm32g4xx_hal_dma.c ****   channel_number = (((uint32_t)hdma->Instance & 0xFFU) - 8U) / 20U;
 451              	 .loc 1 1068 3 is_stmt 1 view .LVU176
1069:Drivers/STM32G4xx_HAL_Driver/Src/stm32g4xx_hal_dma.c ****   hdma->DMAmuxChannel = (DMAMUX_Channel_TypeDef *)(uint32_t)(dmamux_base_addr + ((hdma->ChannelInde
 452              	 .loc 1 1069 3 view .LVU177
1070:Drivers/STM32G4xx_HAL_Driver/Src/stm32g4xx_hal_dma.c ****   hdma->DMAmuxChannelStatus = DMAMUX1_ChannelStatus;
 453              	 .loc 1 1070 3 view .LVU178
 454              	.LBE26:
 455              	.LBE30:
 307:Drivers/STM32G4xx_HAL_Driver/Src/stm32g4xx_hal_dma.c **** 
 456              	 .loc 1 307 34 is_stmt 0 view .LVU179
 457 003c 274D     	 ldr r5,.L31+20
 458              	.LBB31:
 459              	.LBB27:
1070:Drivers/STM32G4xx_HAL_Driver/Src/stm32g4xx_hal_dma.c ****   hdma->DMAmuxChannelStatus = DMAMUX1_ChannelStatus;
 460              	 .loc 1 1070 102 view .LVU180
 461 003e 4FEA910C 	 lsr ip,r1,#2
1070:Drivers/STM32G4xx_HAL_Driver/Src/stm32g4xx_hal_dma.c ****   hdma->DMAmuxChannelStatus = DMAMUX1_ChannelStatus;
 462              	 .loc 1 1070 51 view .LVU181
 463 0042 0144     	 add r1,r1,r0
1070:Drivers/STM32G4xx_HAL_Driver/Src/stm32g4xx_hal_dma.c ****   hdma->DMAmuxChannelStatus = DMAMUX1_ChannelStatus;
 464              	 .loc 1 1070 23 view .LVU182
 465 0044 9964     	 str r1,[r3,#72]
1071:Drivers/STM32G4xx_HAL_Driver/Src/stm32g4xx_hal_dma.c ****   hdma->DMAmuxChannelStatusMask = 1UL << (channel_number & 0x1FU);
 466              	 .loc 1 1071 3 is_stmt 1 view .LVU183
1071:Drivers/STM32G4xx_HAL_Driver/Src/stm32g4xx_hal_dma.c ****   hdma->DMAmuxChannelStatusMask = 1UL << (channel_number & 0x1FU);
 467              	 .loc 1 1071 29 is_stmt 0 view .LVU184
 468 0046 2649     	 ldr r1,.L31+24
 469 0048 D964     	 str r1,[r3,#76]
1072:Drivers/STM32G4xx_HAL_Driver/Src/stm32g4xx_hal_dma.c **** }
 470              	 .loc 1 1072 3 is_stmt 1 view .LVU185
1069:Drivers/STM32G4xx_HAL_Driver/Src/stm32g4xx_hal_dma.c ****   hdma->DMAmuxChannel = (DMAMUX_Channel_TypeDef *)(uint32_t)(dmamux_base_addr + ((hdma->ChannelInde
 471              	 .loc 1 1069 47 is_stmt 0 view .LVU186
 472 004a D2B2     	 uxtb r2,r2
 473              	.LVL26:
1069:Drivers/STM32G4xx_HAL_Driver/Src/stm32g4xx_hal_dma.c ****   hdma->DMAmuxChannel = (DMAMUX_Channel_TypeDef *)(uint32_t)(dmamux_base_addr + ((hdma->ChannelInde
 474              	 .loc 1 1069 18 view .LVU187
 475 004c 2049     	 ldr r1,.L31+8
1069:Drivers/STM32G4xx_HAL_Driver/Src/stm32g4xx_hal_dma.c ****   hdma->DMAmuxChannel = (DMAMUX_Channel_TypeDef *)(uint32_t)(dmamux_base_addr + ((hdma->ChannelInde
 476              	 .loc 1 1069 56 view .LVU188
 477 004e 083A     	 subs r2,r2,#8
1069:Drivers/STM32G4xx_HAL_Driver/Src/stm32g4xx_hal_dma.c ****   hdma->DMAmuxChannel = (DMAMUX_Channel_TypeDef *)(uint32_t)(dmamux_base_addr + ((hdma->ChannelInde
 478              	 .loc 1 1069 18 view .LVU189
 479 0050 A1FB0212 	 umull r1,r2,r1,r2
1072:Drivers/STM32G4xx_HAL_Driver/Src/stm32g4xx_hal_dma.c **** }
 480              	 .loc 1 1072 58 view .LVU190
 481 0054 C2F30412 	 ubfx r2,r2,#4,#5
1072:Drivers/STM32G4xx_HAL_Driver/Src/stm32g4xx_hal_dma.c **** }
ARM GAS   			page 31


 482              	 .loc 1 1072 39 view .LVU191
 483 0058 0121     	 movs r1,#1
 484 005a 01FA02F2 	 lsl r2,r1,r2
 485              	.LBE27:
 486              	.LBE31:
 304:Drivers/STM32G4xx_HAL_Driver/Src/stm32g4xx_hal_dma.c **** 
 487              	 .loc 1 304 28 view .LVU192
 488 005e 0024     	 movs r4,#0
 489              	.LBB32:
 490              	.LBB28:
1072:Drivers/STM32G4xx_HAL_Driver/Src/stm32g4xx_hal_dma.c **** }
 491              	 .loc 1 1072 33 view .LVU193
 492 0060 1A65     	 str r2,[r3,#80]
 493              	.LVL27:
1072:Drivers/STM32G4xx_HAL_Driver/Src/stm32g4xx_hal_dma.c **** }
 494              	 .loc 1 1072 33 view .LVU194
 495              	.LBE28:
 496              	.LBE32:
 304:Drivers/STM32G4xx_HAL_Driver/Src/stm32g4xx_hal_dma.c **** 
 497              	 .loc 1 304 3 is_stmt 1 view .LVU195
 304:Drivers/STM32G4xx_HAL_Driver/Src/stm32g4xx_hal_dma.c **** 
 498              	 .loc 1 304 28 is_stmt 0 view .LVU196
 499 0062 40F82C40 	 str r4,[r0,ip,lsl#2]
 307:Drivers/STM32G4xx_HAL_Driver/Src/stm32g4xx_hal_dma.c **** 
 500              	 .loc 1 307 3 is_stmt 1 view .LVU197
 307:Drivers/STM32G4xx_HAL_Driver/Src/stm32g4xx_hal_dma.c **** 
 501              	 .loc 1 307 34 is_stmt 0 view .LVU198
 502 0066 C5F88420 	 str r2,[r5,#132]
 310:Drivers/STM32G4xx_HAL_Driver/Src/stm32g4xx_hal_dma.c ****   {
 503              	 .loc 1 310 3 is_stmt 1 view .LVU199
 310:Drivers/STM32G4xx_HAL_Driver/Src/stm32g4xx_hal_dma.c ****   {
 504              	 .loc 1 310 19 is_stmt 0 view .LVU200
 505 006a 5868     	 ldr r0,[r3,#4]
 310:Drivers/STM32G4xx_HAL_Driver/Src/stm32g4xx_hal_dma.c ****   {
 506              	 .loc 1 310 35 view .LVU201
 507 006c 421E     	 subs r2,r0,#1
 310:Drivers/STM32G4xx_HAL_Driver/Src/stm32g4xx_hal_dma.c ****   {
 508              	 .loc 1 310 6 view .LVU202
 509 006e 032A     	 cmp r2,#3
 510 0070 06D8     	 bhi .L24
 315:Drivers/STM32G4xx_HAL_Driver/Src/stm32g4xx_hal_dma.c **** 
 511              	 .loc 1 315 5 is_stmt 1 view .LVU203
 512              	.LVL28:
 513              	.LBB33:
 514              	.LBI33:
1082:Drivers/STM32G4xx_HAL_Driver/Src/stm32g4xx_hal_dma.c **** {
 515              	 .loc 1 1082 13 view .LVU204
 516              	.LBB34:
1084:Drivers/STM32G4xx_HAL_Driver/Src/stm32g4xx_hal_dma.c **** 
 517              	 .loc 1 1084 3 view .LVU205
1087:Drivers/STM32G4xx_HAL_Driver/Src/stm32g4xx_hal_dma.c **** 
 518              	 .loc 1 1087 3 view .LVU206
 519              	 .loc 1 1091 42 is_stmt 0 view .LVU207
 520 0072 9140     	 lsls r1,r1,r2
1087:Drivers/STM32G4xx_HAL_Driver/Src/stm32g4xx_hal_dma.c **** 
 521              	 .loc 1 1087 58 view .LVU208
 522 0074 1B4A     	 ldr r2,.L31+28
ARM GAS   			page 32


 523 0076 0244     	 add r2,r2,r0
 524 0078 9200     	 lsls r2,r2,#2
1089:Drivers/STM32G4xx_HAL_Driver/Src/stm32g4xx_hal_dma.c **** 
 525              	 .loc 1 1089 3 is_stmt 1 view .LVU209
 526              	 .loc 1 1091 3 view .LVU210
 527              	.LVL29:
 528              	 .loc 1 1091 3 is_stmt 0 view .LVU211
 529              	.LBE34:
 530              	.LBE33:
 318:Drivers/STM32G4xx_HAL_Driver/Src/stm32g4xx_hal_dma.c **** 
 531              	 .loc 1 318 5 is_stmt 1 view .LVU212
 318:Drivers/STM32G4xx_HAL_Driver/Src/stm32g4xx_hal_dma.c **** 
 532              	 .loc 1 318 34 is_stmt 0 view .LVU213
 533 007a 1460     	 str r4,[r2]
 321:Drivers/STM32G4xx_HAL_Driver/Src/stm32g4xx_hal_dma.c ****   }
 534              	 .loc 1 321 5 is_stmt 1 view .LVU214
 321:Drivers/STM32G4xx_HAL_Driver/Src/stm32g4xx_hal_dma.c ****   }
 535              	 .loc 1 321 41 is_stmt 0 view .LVU215
 536 007c C5F84411 	 str r1,[r5,#324]
 537              	.L24:
 324:Drivers/STM32G4xx_HAL_Driver/Src/stm32g4xx_hal_dma.c ****   hdma->DMAmuxRequestGenStatus = 0U;
 538              	 .loc 1 324 3 is_stmt 1 view .LVU216
 325:Drivers/STM32G4xx_HAL_Driver/Src/stm32g4xx_hal_dma.c ****   hdma->DMAmuxRequestGenStatusMask = 0U;
 539              	 .loc 1 325 3 view .LVU217
 324:Drivers/STM32G4xx_HAL_Driver/Src/stm32g4xx_hal_dma.c ****   hdma->DMAmuxRequestGenStatus = 0U;
 540              	 .loc 1 324 26 is_stmt 0 view .LVU218
 541 0080 0020     	 movs r0,#0
 542 0082 C3E91500 	 strd r0,r0,[r3,#84]
 326:Drivers/STM32G4xx_HAL_Driver/Src/stm32g4xx_hal_dma.c **** 
 543              	 .loc 1 326 3 is_stmt 1 view .LVU219
 335:Drivers/STM32G4xx_HAL_Driver/Src/stm32g4xx_hal_dma.c **** 
 544              	 .loc 1 335 19 is_stmt 0 view .LVU220
 545 0086 D863     	 str r0,[r3,#60]
 341:Drivers/STM32G4xx_HAL_Driver/Src/stm32g4xx_hal_dma.c **** 
 546              	 .loc 1 341 3 view .LVU221
 547 0088 83F82400 	 strb r0,[r3,#36]
 338:Drivers/STM32G4xx_HAL_Driver/Src/stm32g4xx_hal_dma.c **** 
 548              	 .loc 1 338 15 view .LVU222
 549 008c 83F82500 	 strb r0,[r3,#37]
 344:Drivers/STM32G4xx_HAL_Driver/Src/stm32g4xx_hal_dma.c **** 
 550              	 .loc 1 344 1 view .LVU223
 551 0090 30BC     	 pop {r4,r5}
 552              	 .cfi_remember_state
 553              	 .cfi_restore 5
 554              	 .cfi_restore 4
 555              	 .cfi_def_cfa_offset 0
 330:Drivers/STM32G4xx_HAL_Driver/Src/stm32g4xx_hal_dma.c ****   hdma->XferErrorCallback = NULL;
 556              	 .loc 1 330 30 view .LVU224
 557 0092 C3E90B00 	 strd r0,r0,[r3,#44]
 332:Drivers/STM32G4xx_HAL_Driver/Src/stm32g4xx_hal_dma.c **** 
 558              	 .loc 1 332 27 view .LVU225
 559 0096 C3E90D00 	 strd r0,r0,[r3,#52]
 326:Drivers/STM32G4xx_HAL_Driver/Src/stm32g4xx_hal_dma.c **** 
 560              	 .loc 1 326 36 view .LVU226
 561 009a D865     	 str r0,[r3,#92]
 329:Drivers/STM32G4xx_HAL_Driver/Src/stm32g4xx_hal_dma.c ****   hdma->XferHalfCpltCallback = NULL;
 562              	 .loc 1 329 3 is_stmt 1 view .LVU227
ARM GAS   			page 33


 331:Drivers/STM32G4xx_HAL_Driver/Src/stm32g4xx_hal_dma.c ****   hdma->XferAbortCallback = NULL;
 563              	 .loc 1 331 3 view .LVU228
 335:Drivers/STM32G4xx_HAL_Driver/Src/stm32g4xx_hal_dma.c **** 
 564              	 .loc 1 335 3 view .LVU229
 338:Drivers/STM32G4xx_HAL_Driver/Src/stm32g4xx_hal_dma.c **** 
 565              	 .loc 1 338 3 view .LVU230
 341:Drivers/STM32G4xx_HAL_Driver/Src/stm32g4xx_hal_dma.c **** 
 566              	 .loc 1 341 3 view .LVU231
 341:Drivers/STM32G4xx_HAL_Driver/Src/stm32g4xx_hal_dma.c **** 
 567              	 .loc 1 341 3 view .LVU232
 341:Drivers/STM32G4xx_HAL_Driver/Src/stm32g4xx_hal_dma.c **** 
 568              	 .loc 1 341 3 view .LVU233
 343:Drivers/STM32G4xx_HAL_Driver/Src/stm32g4xx_hal_dma.c **** }
 569              	 .loc 1 343 3 view .LVU234
 344:Drivers/STM32G4xx_HAL_Driver/Src/stm32g4xx_hal_dma.c **** 
 570              	 .loc 1 344 1 is_stmt 0 view .LVU235
 571 009c 7047     	 bx lr
 572              	.L30:
 573              	 .cfi_restore_state
 282:Drivers/STM32G4xx_HAL_Driver/Src/stm32g4xx_hal_dma.c ****     hdma->DmaBaseAddress = DMA1;
 574              	 .loc 1 282 5 is_stmt 1 view .LVU236
 282:Drivers/STM32G4xx_HAL_Driver/Src/stm32g4xx_hal_dma.c ****     hdma->DmaBaseAddress = DMA1;
 575              	 .loc 1 282 53 is_stmt 0 view .LVU237
 576 009e 1249     	 ldr r1,.L31+32
 282:Drivers/STM32G4xx_HAL_Driver/Src/stm32g4xx_hal_dma.c ****     hdma->DmaBaseAddress = DMA1;
 577              	 .loc 1 282 80 view .LVU238
 578 00a0 0B48     	 ldr r0,.L31+8
 283:Drivers/STM32G4xx_HAL_Driver/Src/stm32g4xx_hal_dma.c ****   }
 579              	 .loc 1 283 26 view .LVU239
 580 00a2 124C     	 ldr r4,.L31+36
 282:Drivers/STM32G4xx_HAL_Driver/Src/stm32g4xx_hal_dma.c ****     hdma->DmaBaseAddress = DMA1;
 581              	 .loc 1 282 53 view .LVU240
 582 00a4 1144     	 add r1,r1,r2
 282:Drivers/STM32G4xx_HAL_Driver/Src/stm32g4xx_hal_dma.c ****     hdma->DmaBaseAddress = DMA1;
 583              	 .loc 1 282 80 view .LVU241
 584 00a6 A0FB0101 	 umull r0,r1,r0,r1
 585 00aa 0909     	 lsrs r1,r1,#4
 282:Drivers/STM32G4xx_HAL_Driver/Src/stm32g4xx_hal_dma.c ****     hdma->DmaBaseAddress = DMA1;
 586              	 .loc 1 282 135 view .LVU242
 587 00ac 8900     	 lsls r1,r1,#2
 293:Drivers/STM32G4xx_HAL_Driver/Src/stm32g4xx_hal_dma.c **** 
 588              	 .loc 1 293 24 view .LVU243
 589 00ae 0020     	 movs r0,#0
 283:Drivers/STM32G4xx_HAL_Driver/Src/stm32g4xx_hal_dma.c ****   }
 590              	 .loc 1 283 26 view .LVU244
 591 00b0 C3E91041 	 strd r4,r1,[r3,#64]
 293:Drivers/STM32G4xx_HAL_Driver/Src/stm32g4xx_hal_dma.c **** 
 592              	 .loc 1 293 3 is_stmt 1 view .LVU245
 296:Drivers/STM32G4xx_HAL_Driver/Src/stm32g4xx_hal_dma.c **** 
 593              	 .loc 1 296 69 is_stmt 0 view .LVU246
 594 00b4 01F01F05 	 and r5,r1,#31
 293:Drivers/STM32G4xx_HAL_Driver/Src/stm32g4xx_hal_dma.c **** 
 595              	 .loc 1 293 24 view .LVU247
 596 00b8 1060     	 str r0,[r2]
 296:Drivers/STM32G4xx_HAL_Driver/Src/stm32g4xx_hal_dma.c **** 
 597              	 .loc 1 296 3 is_stmt 1 view .LVU248
 296:Drivers/STM32G4xx_HAL_Driver/Src/stm32g4xx_hal_dma.c **** 
ARM GAS   			page 34


 598              	 .loc 1 296 46 is_stmt 0 view .LVU249
 599 00ba 0120     	 movs r0,#1
 600 00bc A840     	 lsls r0,r0,r5
 296:Drivers/STM32G4xx_HAL_Driver/Src/stm32g4xx_hal_dma.c **** 
 601              	 .loc 1 296 30 view .LVU250
 602 00be 6060     	 str r0,[r4,#4]
 301:Drivers/STM32G4xx_HAL_Driver/Src/stm32g4xx_hal_dma.c **** 
 603              	 .loc 1 301 3 is_stmt 1 view .LVU251
 604              	.LVL30:
 605              	.LBB35:
1045:Drivers/STM32G4xx_HAL_Driver/Src/stm32g4xx_hal_dma.c **** {
 606              	 .loc 1 1045 13 view .LVU252
 607              	.LBB29:
1047:Drivers/STM32G4xx_HAL_Driver/Src/stm32g4xx_hal_dma.c ****   uint32_t channel_number;
 608              	 .loc 1 1047 3 view .LVU253
1048:Drivers/STM32G4xx_HAL_Driver/Src/stm32g4xx_hal_dma.c ****   DMAMUX_Channel_TypeDef *DMAMUX1_ChannelBase;
 609              	 .loc 1 1048 3 view .LVU254
1049:Drivers/STM32G4xx_HAL_Driver/Src/stm32g4xx_hal_dma.c **** 
 610              	 .loc 1 1049 3 view .LVU255
1052:Drivers/STM32G4xx_HAL_Driver/Src/stm32g4xx_hal_dma.c ****   {
 611              	 .loc 1 1052 3 view .LVU256
 612              	.LBE29:
 613              	.LBE35:
 296:Drivers/STM32G4xx_HAL_Driver/Src/stm32g4xx_hal_dma.c **** 
 614              	 .loc 1 296 30 is_stmt 0 view .LVU257
 615 00c0 0648     	 ldr r0,.L31+20
 616 00c2 BBE7     	 b .L23
 617              	.LVL31:
 618              	.L25:
 619              	 .cfi_def_cfa_offset 0
 620              	 .cfi_restore 4
 621              	 .cfi_restore 5
 269:Drivers/STM32G4xx_HAL_Driver/Src/stm32g4xx_hal_dma.c ****   }
 622              	 .loc 1 269 12 view .LVU258
 623 00c4 0120     	 movs r0,#1
 624              	.LVL32:
 344:Drivers/STM32G4xx_HAL_Driver/Src/stm32g4xx_hal_dma.c **** 
 625              	 .loc 1 344 1 view .LVU259
 626 00c6 7047     	 bx lr
 627              	.L32:
 628              	 .align 2
 629              	.L31:
 630 00c8 07040240 	 .word 1073873927
 631 00cc F8FBFDBF 	 .word -1073873928
 632 00d0 CDCCCCCC 	 .word -858993459
 633 00d4 00040240 	 .word 1073873920
 634 00d8 20080240 	 .word 1073874976
 635 00dc 00080240 	 .word 1073874944
 636 00e0 80080240 	 .word 1073875072
 637 00e4 3F820010 	 .word 268468799
 638 00e8 F8FFFDBF 	 .word -1073872904
 639 00ec 00000240 	 .word 1073872896
 640              	 .cfi_endproc
 641              	.LFE362:
 643              	 .section .text.HAL_DMA_Start,"ax",%progbits
 644              	 .align 1
 645              	 .p2align 2,,3
ARM GAS   			page 35


 646              	 .global HAL_DMA_Start
 647              	 .syntax unified
 648              	 .thumb
 649              	 .thumb_func
 651              	HAL_DMA_Start:
 652              	.LVL33:
 653              	.LFB363:
 379:Drivers/STM32G4xx_HAL_Driver/Src/stm32g4xx_hal_dma.c ****   HAL_StatusTypeDef status = HAL_OK;
 654              	 .loc 1 379 1 is_stmt 1 view-0
 655              	 .cfi_startproc
 656              	 
 657              	 
 658              	 
 380:Drivers/STM32G4xx_HAL_Driver/Src/stm32g4xx_hal_dma.c **** 
 659              	 .loc 1 380 3 view .LVU261
 383:Drivers/STM32G4xx_HAL_Driver/Src/stm32g4xx_hal_dma.c **** 
 660              	 .loc 1 383 3 view .LVU262
 386:Drivers/STM32G4xx_HAL_Driver/Src/stm32g4xx_hal_dma.c **** 
 661              	 .loc 1 386 3 view .LVU263
 386:Drivers/STM32G4xx_HAL_Driver/Src/stm32g4xx_hal_dma.c **** 
 662              	 .loc 1 386 3 view .LVU264
 379:Drivers/STM32G4xx_HAL_Driver/Src/stm32g4xx_hal_dma.c ****   HAL_StatusTypeDef status = HAL_OK;
 663              	 .loc 1 379 1 is_stmt 0 view .LVU265
 664 0000 F0B4     	 push {r4,r5,r6,r7}
 665              	 .cfi_def_cfa_offset 16
 666              	 .cfi_offset 4,-16
 667              	 .cfi_offset 5,-12
 668              	 .cfi_offset 6,-8
 669              	 .cfi_offset 7,-4
 386:Drivers/STM32G4xx_HAL_Driver/Src/stm32g4xx_hal_dma.c **** 
 670              	 .loc 1 386 3 view .LVU266
 671 0002 90F82440 	 ldrb r4,[r0,#36]
 672 0006 012C     	 cmp r4,#1
 673 0008 09D0     	 beq .L34
 386:Drivers/STM32G4xx_HAL_Driver/Src/stm32g4xx_hal_dma.c **** 
 674              	 .loc 1 386 3 is_stmt 1 discriminator 2 view .LVU267
 675 000a 0124     	 movs r4,#1
 676 000c 80F82440 	 strb r4,[r0,#36]
 386:Drivers/STM32G4xx_HAL_Driver/Src/stm32g4xx_hal_dma.c **** 
 677              	 .loc 1 386 3 view .LVU268
 388:Drivers/STM32G4xx_HAL_Driver/Src/stm32g4xx_hal_dma.c ****   {
 678              	 .loc 1 388 3 view .LVU269
 388:Drivers/STM32G4xx_HAL_Driver/Src/stm32g4xx_hal_dma.c ****   {
 679              	 .loc 1 388 34 is_stmt 0 view .LVU270
 680 0010 90F82540 	 ldrb r4,[r0,#37]
 388:Drivers/STM32G4xx_HAL_Driver/Src/stm32g4xx_hal_dma.c ****   {
 681              	 .loc 1 388 6 view .LVU271
 682 0014 012C     	 cmp r4,#1
 683 0016 05D0     	 beq .L47
 406:Drivers/STM32G4xx_HAL_Driver/Src/stm32g4xx_hal_dma.c ****     status = HAL_BUSY;
 684              	 .loc 1 406 5 is_stmt 1 view .LVU272
 406:Drivers/STM32G4xx_HAL_Driver/Src/stm32g4xx_hal_dma.c ****     status = HAL_BUSY;
 685              	 .loc 1 406 5 view .LVU273
 686 0018 0023     	 movs r3,#0
 687              	.LVL34:
 406:Drivers/STM32G4xx_HAL_Driver/Src/stm32g4xx_hal_dma.c ****     status = HAL_BUSY;
 688              	 .loc 1 406 5 is_stmt 0 view .LVU274
ARM GAS   			page 36


 689 001a 80F82430 	 strb r3,[r0,#36]
 406:Drivers/STM32G4xx_HAL_Driver/Src/stm32g4xx_hal_dma.c ****     status = HAL_BUSY;
 690              	 .loc 1 406 5 is_stmt 1 view .LVU275
 407:Drivers/STM32G4xx_HAL_Driver/Src/stm32g4xx_hal_dma.c ****   }
 691              	 .loc 1 407 5 view .LVU276
 692              	.LVL35:
 693              	.L34:
 386:Drivers/STM32G4xx_HAL_Driver/Src/stm32g4xx_hal_dma.c **** 
 694              	 .loc 1 386 3 is_stmt 0 discriminator 1 view .LVU277
 695 001e 0220     	 movs r0,#2
 696              	.LVL36:
 410:Drivers/STM32G4xx_HAL_Driver/Src/stm32g4xx_hal_dma.c **** 
 697              	 .loc 1 410 1 view .LVU278
 698 0020 F0BC     	 pop {r4,r5,r6,r7}
 699              	 .cfi_remember_state
 700              	 .cfi_restore 7
 701              	 .cfi_restore 6
 702              	 .cfi_restore 5
 703              	 .cfi_restore 4
 704              	 .cfi_def_cfa_offset 0
 705 0022 7047     	 bx lr
 706              	.LVL37:
 707              	.L47:
 708              	 .cfi_restore_state
 391:Drivers/STM32G4xx_HAL_Driver/Src/stm32g4xx_hal_dma.c ****     hdma->ErrorCode = HAL_DMA_ERROR_NONE;
 709              	 .loc 1 391 5 is_stmt 1 view .LVU279
 391:Drivers/STM32G4xx_HAL_Driver/Src/stm32g4xx_hal_dma.c ****     hdma->ErrorCode = HAL_DMA_ERROR_NONE;
 710              	 .loc 1 391 17 is_stmt 0 view .LVU280
 711 0024 0224     	 movs r4,#2
 712 0026 80F82540 	 strb r4,[r0,#37]
 392:Drivers/STM32G4xx_HAL_Driver/Src/stm32g4xx_hal_dma.c **** 
 713              	 .loc 1 392 5 is_stmt 1 view .LVU281
 392:Drivers/STM32G4xx_HAL_Driver/Src/stm32g4xx_hal_dma.c **** 
 714              	 .loc 1 392 21 is_stmt 0 view .LVU282
 715 002a 0024     	 movs r4,#0
 716 002c C463     	 str r4,[r0,#60]
 395:Drivers/STM32G4xx_HAL_Driver/Src/stm32g4xx_hal_dma.c **** 
 717              	 .loc 1 395 5 is_stmt 1 view .LVU283
 718 002e 0468     	 ldr r4,[r0]
 719              	.LBB36:
 720              	.LBB37:
1005:Drivers/STM32G4xx_HAL_Driver/Src/stm32g4xx_hal_dma.c **** 
 721              	 .loc 1 1005 7 is_stmt 0 view .LVU284
 722 0030 C66C     	 ldr r6,[r0,#76]
 723              	.LBE37:
 724              	.LBE36:
 395:Drivers/STM32G4xx_HAL_Driver/Src/stm32g4xx_hal_dma.c **** 
 725              	 .loc 1 395 5 view .LVU285
 726 0032 2568     	 ldr r5,[r4]
 727 0034 25F00105 	 bic r5,r5,#1
 728 0038 2560     	 str r5,[r4]
 398:Drivers/STM32G4xx_HAL_Driver/Src/stm32g4xx_hal_dma.c **** 
 729              	 .loc 1 398 5 is_stmt 1 view .LVU286
 730              	.LVL38:
 731              	.LBB39:
 732              	.LBI36:
1002:Drivers/STM32G4xx_HAL_Driver/Src/stm32g4xx_hal_dma.c **** {
ARM GAS   			page 37


 733              	 .loc 1 1002 13 view .LVU287
 734              	.LBB38:
1005:Drivers/STM32G4xx_HAL_Driver/Src/stm32g4xx_hal_dma.c **** 
 735              	 .loc 1 1005 3 view .LVU288
1005:Drivers/STM32G4xx_HAL_Driver/Src/stm32g4xx_hal_dma.c **** 
 736              	 .loc 1 1005 34 is_stmt 0 view .LVU289
 737 003a D0E91475 	 ldrd r7,r5,[r0,#80]
 738 003e 7760     	 str r7,[r6,#4]
1007:Drivers/STM32G4xx_HAL_Driver/Src/stm32g4xx_hal_dma.c ****   {
 739              	 .loc 1 1007 3 is_stmt 1 view .LVU290
1007:Drivers/STM32G4xx_HAL_Driver/Src/stm32g4xx_hal_dma.c ****   {
 740              	 .loc 1 1007 6 is_stmt 0 view .LVU291
 741 0040 15B1     	 cbz r5,.L36
1010:Drivers/STM32G4xx_HAL_Driver/Src/stm32g4xx_hal_dma.c ****   }
 742              	 .loc 1 1010 5 is_stmt 1 view .LVU292
1010:Drivers/STM32G4xx_HAL_Driver/Src/stm32g4xx_hal_dma.c ****   }
 743              	 .loc 1 1010 47 is_stmt 0 view .LVU293
 744 0042 D0E91656 	 ldrd r5,r6,[r0,#88]
1010:Drivers/STM32G4xx_HAL_Driver/Src/stm32g4xx_hal_dma.c ****   }
 745              	 .loc 1 1010 41 view .LVU294
 746 0046 6E60     	 str r6,[r5,#4]
 747              	.L36:
1014:Drivers/STM32G4xx_HAL_Driver/Src/stm32g4xx_hal_dma.c **** 
 748              	 .loc 1 1014 3 is_stmt 1 view .LVU295
1014:Drivers/STM32G4xx_HAL_Driver/Src/stm32g4xx_hal_dma.c **** 
 749              	 .loc 1 1014 69 is_stmt 0 view .LVU296
 750 0048 456C     	 ldr r5,[r0,#68]
1014:Drivers/STM32G4xx_HAL_Driver/Src/stm32g4xx_hal_dma.c **** 
 751              	 .loc 1 1014 7 view .LVU297
 752 004a 066C     	 ldr r6,[r0,#64]
1014:Drivers/STM32G4xx_HAL_Driver/Src/stm32g4xx_hal_dma.c **** 
 753              	 .loc 1 1014 69 view .LVU298
 754 004c 05F01F0C 	 and ip,r5,#31
1020:Drivers/STM32G4xx_HAL_Driver/Src/stm32g4xx_hal_dma.c ****   {
 755              	 .loc 1 1020 6 view .LVU299
 756 0050 8568     	 ldr r5,[r0,#8]
1014:Drivers/STM32G4xx_HAL_Driver/Src/stm32g4xx_hal_dma.c **** 
 757              	 .loc 1 1014 46 view .LVU300
 758 0052 0120     	 movs r0,#1
 759              	.LVL39:
1020:Drivers/STM32G4xx_HAL_Driver/Src/stm32g4xx_hal_dma.c ****   {
 760              	 .loc 1 1020 6 view .LVU301
 761 0054 102D     	 cmp r5,#16
1014:Drivers/STM32G4xx_HAL_Driver/Src/stm32g4xx_hal_dma.c **** 
 762              	 .loc 1 1014 46 view .LVU302
 763 0056 00FA0CF0 	 lsl r0,r0,ip
1014:Drivers/STM32G4xx_HAL_Driver/Src/stm32g4xx_hal_dma.c **** 
 764              	 .loc 1 1014 30 view .LVU303
 765 005a 7060     	 str r0,[r6,#4]
1017:Drivers/STM32G4xx_HAL_Driver/Src/stm32g4xx_hal_dma.c **** 
 766              	 .loc 1 1017 3 is_stmt 1 view .LVU304
1017:Drivers/STM32G4xx_HAL_Driver/Src/stm32g4xx_hal_dma.c **** 
 767              	 .loc 1 1017 25 is_stmt 0 view .LVU305
 768 005c 6360     	 str r3,[r4,#4]
1020:Drivers/STM32G4xx_HAL_Driver/Src/stm32g4xx_hal_dma.c ****   {
 769              	 .loc 1 1020 3 is_stmt 1 view .LVU306
1023:Drivers/STM32G4xx_HAL_Driver/Src/stm32g4xx_hal_dma.c **** 
ARM GAS   			page 38


 770              	 .loc 1 1023 5 view .LVU307
1023:Drivers/STM32G4xx_HAL_Driver/Src/stm32g4xx_hal_dma.c **** 
 771              	 .loc 1 1023 26 is_stmt 0 view .LVU308
 772 005e 0BBF     	 itete eq
 773 0060 A260     	 streq r2,[r4,#8]
1026:Drivers/STM32G4xx_HAL_Driver/Src/stm32g4xx_hal_dma.c ****   }
 774              	 .loc 1 1026 5 is_stmt 1 view .LVU309
1032:Drivers/STM32G4xx_HAL_Driver/Src/stm32g4xx_hal_dma.c **** 
 775              	 .loc 1 1032 26 is_stmt 0 view .LVU310
 776 0062 A160     	 strne r1,[r4,#8]
1026:Drivers/STM32G4xx_HAL_Driver/Src/stm32g4xx_hal_dma.c ****   }
 777              	 .loc 1 1026 26 view .LVU311
 778 0064 E160     	 streq r1,[r4,#12]
1032:Drivers/STM32G4xx_HAL_Driver/Src/stm32g4xx_hal_dma.c **** 
 779              	 .loc 1 1032 5 is_stmt 1 view .LVU312
1035:Drivers/STM32G4xx_HAL_Driver/Src/stm32g4xx_hal_dma.c ****   }
 780              	 .loc 1 1035 5 view .LVU313
1035:Drivers/STM32G4xx_HAL_Driver/Src/stm32g4xx_hal_dma.c ****   }
 781              	 .loc 1 1035 26 is_stmt 0 view .LVU314
 782 0066 E260     	 strne r2,[r4,#12]
 783              	.LVL40:
1035:Drivers/STM32G4xx_HAL_Driver/Src/stm32g4xx_hal_dma.c ****   }
 784              	 .loc 1 1035 26 view .LVU315
 785              	.LBE38:
 786              	.LBE39:
 401:Drivers/STM32G4xx_HAL_Driver/Src/stm32g4xx_hal_dma.c ****   }
 787              	 .loc 1 401 5 is_stmt 1 view .LVU316
 788 0068 2368     	 ldr r3,[r4]
 789              	.LVL41:
 401:Drivers/STM32G4xx_HAL_Driver/Src/stm32g4xx_hal_dma.c ****   }
 790              	 .loc 1 401 5 is_stmt 0 view .LVU317
 791 006a 43F00103 	 orr r3,r3,#1
 380:Drivers/STM32G4xx_HAL_Driver/Src/stm32g4xx_hal_dma.c **** 
 792              	 .loc 1 380 21 view .LVU318
 793 006e 0020     	 movs r0,#0
 401:Drivers/STM32G4xx_HAL_Driver/Src/stm32g4xx_hal_dma.c ****   }
 794              	 .loc 1 401 5 view .LVU319
 795 0070 2360     	 str r3,[r4]
 796              	.LVL42:
 410:Drivers/STM32G4xx_HAL_Driver/Src/stm32g4xx_hal_dma.c **** 
 797              	 .loc 1 410 1 view .LVU320
 798 0072 F0BC     	 pop {r4,r5,r6,r7}
 799              	 .cfi_restore 7
 800              	 .cfi_restore 6
 801              	 .cfi_restore 5
 802              	 .cfi_restore 4
 803              	 .cfi_def_cfa_offset 0
 804 0074 7047     	 bx lr
 805              	 .cfi_endproc
 806              	.LFE363:
 808 0076 00BF     	 .section .text.HAL_DMA_Start_IT,"ax",%progbits
 809              	 .align 1
 810              	 .p2align 2,,3
 811              	 .global HAL_DMA_Start_IT
 812              	 .syntax unified
 813              	 .thumb
 814              	 .thumb_func
ARM GAS   			page 39


 816              	HAL_DMA_Start_IT:
 817              	.LVL43:
 818              	.LFB364:
 423:Drivers/STM32G4xx_HAL_Driver/Src/stm32g4xx_hal_dma.c ****   HAL_StatusTypeDef status = HAL_OK;
 819              	 .loc 1 423 1 is_stmt 1 view-0
 820              	 .cfi_startproc
 821              	 
 822              	 
 823              	 
 424:Drivers/STM32G4xx_HAL_Driver/Src/stm32g4xx_hal_dma.c **** 
 824              	 .loc 1 424 3 view .LVU322
 427:Drivers/STM32G4xx_HAL_Driver/Src/stm32g4xx_hal_dma.c **** 
 825              	 .loc 1 427 3 view .LVU323
 430:Drivers/STM32G4xx_HAL_Driver/Src/stm32g4xx_hal_dma.c **** 
 826              	 .loc 1 430 3 view .LVU324
 430:Drivers/STM32G4xx_HAL_Driver/Src/stm32g4xx_hal_dma.c **** 
 827              	 .loc 1 430 3 view .LVU325
 423:Drivers/STM32G4xx_HAL_Driver/Src/stm32g4xx_hal_dma.c ****   HAL_StatusTypeDef status = HAL_OK;
 828              	 .loc 1 423 1 is_stmt 0 view .LVU326
 829 0000 F0B4     	 push {r4,r5,r6,r7}
 830              	 .cfi_def_cfa_offset 16
 831              	 .cfi_offset 4,-16
 832              	 .cfi_offset 5,-12
 833              	 .cfi_offset 6,-8
 834              	 .cfi_offset 7,-4
 430:Drivers/STM32G4xx_HAL_Driver/Src/stm32g4xx_hal_dma.c **** 
 835              	 .loc 1 430 3 view .LVU327
 836 0002 90F82440 	 ldrb r4,[r0,#36]
 837 0006 012C     	 cmp r4,#1
 838 0008 09D0     	 beq .L49
 430:Drivers/STM32G4xx_HAL_Driver/Src/stm32g4xx_hal_dma.c **** 
 839              	 .loc 1 430 3 is_stmt 1 discriminator 2 view .LVU328
 840 000a 0124     	 movs r4,#1
 841 000c 80F82440 	 strb r4,[r0,#36]
 430:Drivers/STM32G4xx_HAL_Driver/Src/stm32g4xx_hal_dma.c **** 
 842              	 .loc 1 430 3 view .LVU329
 432:Drivers/STM32G4xx_HAL_Driver/Src/stm32g4xx_hal_dma.c ****   {
 843              	 .loc 1 432 3 view .LVU330
 432:Drivers/STM32G4xx_HAL_Driver/Src/stm32g4xx_hal_dma.c ****   {
 844              	 .loc 1 432 34 is_stmt 0 view .LVU331
 845 0010 90F82540 	 ldrb r4,[r0,#37]
 432:Drivers/STM32G4xx_HAL_Driver/Src/stm32g4xx_hal_dma.c ****   {
 846              	 .loc 1 432 6 view .LVU332
 847 0014 012C     	 cmp r4,#1
 848 0016 05D0     	 beq .L72
 477:Drivers/STM32G4xx_HAL_Driver/Src/stm32g4xx_hal_dma.c **** 
 849              	 .loc 1 477 5 is_stmt 1 view .LVU333
 477:Drivers/STM32G4xx_HAL_Driver/Src/stm32g4xx_hal_dma.c **** 
 850              	 .loc 1 477 5 view .LVU334
 851 0018 0023     	 movs r3,#0
 852              	.LVL44:
 477:Drivers/STM32G4xx_HAL_Driver/Src/stm32g4xx_hal_dma.c **** 
 853              	 .loc 1 477 5 is_stmt 0 view .LVU335
 854 001a 80F82430 	 strb r3,[r0,#36]
 477:Drivers/STM32G4xx_HAL_Driver/Src/stm32g4xx_hal_dma.c **** 
 855              	 .loc 1 477 5 is_stmt 1 view .LVU336
 480:Drivers/STM32G4xx_HAL_Driver/Src/stm32g4xx_hal_dma.c ****   }
ARM GAS   			page 40


 856              	 .loc 1 480 5 view .LVU337
 857              	.LVL45:
 858              	.L49:
 430:Drivers/STM32G4xx_HAL_Driver/Src/stm32g4xx_hal_dma.c **** 
 859              	 .loc 1 430 3 is_stmt 0 discriminator 1 view .LVU338
 860 001e 0220     	 movs r0,#2
 861              	.LVL46:
 483:Drivers/STM32G4xx_HAL_Driver/Src/stm32g4xx_hal_dma.c **** 
 862              	 .loc 1 483 1 view .LVU339
 863 0020 F0BC     	 pop {r4,r5,r6,r7}
 864              	 .cfi_remember_state
 865              	 .cfi_restore 7
 866              	 .cfi_restore 6
 867              	 .cfi_restore 5
 868              	 .cfi_restore 4
 869              	 .cfi_def_cfa_offset 0
 870 0022 7047     	 bx lr
 871              	.LVL47:
 872              	.L72:
 873              	 .cfi_restore_state
 435:Drivers/STM32G4xx_HAL_Driver/Src/stm32g4xx_hal_dma.c ****     hdma->ErrorCode = HAL_DMA_ERROR_NONE;
 874              	 .loc 1 435 5 is_stmt 1 view .LVU340
 435:Drivers/STM32G4xx_HAL_Driver/Src/stm32g4xx_hal_dma.c ****     hdma->ErrorCode = HAL_DMA_ERROR_NONE;
 875              	 .loc 1 435 17 is_stmt 0 view .LVU341
 876 0024 0224     	 movs r4,#2
 877 0026 80F82540 	 strb r4,[r0,#37]
 436:Drivers/STM32G4xx_HAL_Driver/Src/stm32g4xx_hal_dma.c **** 
 878              	 .loc 1 436 5 is_stmt 1 view .LVU342
 436:Drivers/STM32G4xx_HAL_Driver/Src/stm32g4xx_hal_dma.c **** 
 879              	 .loc 1 436 21 is_stmt 0 view .LVU343
 880 002a 0024     	 movs r4,#0
 881 002c C463     	 str r4,[r0,#60]
 439:Drivers/STM32G4xx_HAL_Driver/Src/stm32g4xx_hal_dma.c **** 
 882              	 .loc 1 439 5 is_stmt 1 view .LVU344
 883 002e 0468     	 ldr r4,[r0]
 884              	.LBB40:
 885              	.LBB41:
1005:Drivers/STM32G4xx_HAL_Driver/Src/stm32g4xx_hal_dma.c **** 
 886              	 .loc 1 1005 7 is_stmt 0 view .LVU345
 887 0030 C66C     	 ldr r6,[r0,#76]
 888              	.LBE41:
 889              	.LBE40:
 439:Drivers/STM32G4xx_HAL_Driver/Src/stm32g4xx_hal_dma.c **** 
 890              	 .loc 1 439 5 view .LVU346
 891 0032 2568     	 ldr r5,[r4]
 892 0034 25F00105 	 bic r5,r5,#1
 893 0038 2560     	 str r5,[r4]
 442:Drivers/STM32G4xx_HAL_Driver/Src/stm32g4xx_hal_dma.c **** 
 894              	 .loc 1 442 5 is_stmt 1 view .LVU347
 895              	.LVL48:
 896              	.LBB45:
 897              	.LBI40:
1002:Drivers/STM32G4xx_HAL_Driver/Src/stm32g4xx_hal_dma.c **** {
 898              	 .loc 1 1002 13 view .LVU348
 899              	.LBB42:
1005:Drivers/STM32G4xx_HAL_Driver/Src/stm32g4xx_hal_dma.c **** 
 900              	 .loc 1 1005 3 view .LVU349
ARM GAS   			page 41


1005:Drivers/STM32G4xx_HAL_Driver/Src/stm32g4xx_hal_dma.c **** 
 901              	 .loc 1 1005 34 is_stmt 0 view .LVU350
 902 003a D0E91475 	 ldrd r7,r5,[r0,#80]
 903 003e 7760     	 str r7,[r6,#4]
1007:Drivers/STM32G4xx_HAL_Driver/Src/stm32g4xx_hal_dma.c ****   {
 904              	 .loc 1 1007 3 is_stmt 1 view .LVU351
1007:Drivers/STM32G4xx_HAL_Driver/Src/stm32g4xx_hal_dma.c ****   {
 905              	 .loc 1 1007 6 is_stmt 0 view .LVU352
 906 0040 15B1     	 cbz r5,.L51
1010:Drivers/STM32G4xx_HAL_Driver/Src/stm32g4xx_hal_dma.c ****   }
 907              	 .loc 1 1010 5 is_stmt 1 view .LVU353
1010:Drivers/STM32G4xx_HAL_Driver/Src/stm32g4xx_hal_dma.c ****   }
 908              	 .loc 1 1010 41 is_stmt 0 view .LVU354
 909 0042 D0E91667 	 ldrd r6,r7,[r0,#88]
 910 0046 7760     	 str r7,[r6,#4]
 911              	.L51:
1014:Drivers/STM32G4xx_HAL_Driver/Src/stm32g4xx_hal_dma.c **** 
 912              	 .loc 1 1014 3 is_stmt 1 view .LVU355
1014:Drivers/STM32G4xx_HAL_Driver/Src/stm32g4xx_hal_dma.c **** 
 913              	 .loc 1 1014 69 is_stmt 0 view .LVU356
 914 0048 466C     	 ldr r6,[r0,#68]
1014:Drivers/STM32G4xx_HAL_Driver/Src/stm32g4xx_hal_dma.c **** 
 915              	 .loc 1 1014 30 view .LVU357
 916 004a 076C     	 ldr r7,[r0,#64]
1014:Drivers/STM32G4xx_HAL_Driver/Src/stm32g4xx_hal_dma.c **** 
 917              	 .loc 1 1014 69 view .LVU358
 918 004c 06F01F0C 	 and ip,r6,#31
1014:Drivers/STM32G4xx_HAL_Driver/Src/stm32g4xx_hal_dma.c **** 
 919              	 .loc 1 1014 46 view .LVU359
 920 0050 0126     	 movs r6,#1
 921 0052 06FA0CF6 	 lsl r6,r6,ip
1014:Drivers/STM32G4xx_HAL_Driver/Src/stm32g4xx_hal_dma.c **** 
 922              	 .loc 1 1014 30 view .LVU360
 923 0056 7E60     	 str r6,[r7,#4]
1017:Drivers/STM32G4xx_HAL_Driver/Src/stm32g4xx_hal_dma.c **** 
 924              	 .loc 1 1017 3 is_stmt 1 view .LVU361
1017:Drivers/STM32G4xx_HAL_Driver/Src/stm32g4xx_hal_dma.c **** 
 925              	 .loc 1 1017 25 is_stmt 0 view .LVU362
 926 0058 6360     	 str r3,[r4,#4]
1020:Drivers/STM32G4xx_HAL_Driver/Src/stm32g4xx_hal_dma.c ****   {
 927              	 .loc 1 1020 3 is_stmt 1 view .LVU363
1020:Drivers/STM32G4xx_HAL_Driver/Src/stm32g4xx_hal_dma.c ****   {
 928              	 .loc 1 1020 6 is_stmt 0 view .LVU364
 929 005a 8368     	 ldr r3,[r0,#8]
 930              	.LVL49:
1020:Drivers/STM32G4xx_HAL_Driver/Src/stm32g4xx_hal_dma.c ****   {
 931              	 .loc 1 1020 6 view .LVU365
 932 005c 102B     	 cmp r3,#16
1023:Drivers/STM32G4xx_HAL_Driver/Src/stm32g4xx_hal_dma.c **** 
 933              	 .loc 1 1023 5 is_stmt 1 view .LVU366
 934              	.LBE42:
 935              	.LBE45:
 446:Drivers/STM32G4xx_HAL_Driver/Src/stm32g4xx_hal_dma.c ****     {
 936              	 .loc 1 446 8 is_stmt 0 view .LVU367
 937 005e 036B     	 ldr r3,[r0,#48]
 938              	.LBB46:
 939              	.LBB43:
ARM GAS   			page 42


1023:Drivers/STM32G4xx_HAL_Driver/Src/stm32g4xx_hal_dma.c **** 
 940              	 .loc 1 1023 26 view .LVU368
 941 0060 0BBF     	 itete eq
 942 0062 A260     	 streq r2,[r4,#8]
1026:Drivers/STM32G4xx_HAL_Driver/Src/stm32g4xx_hal_dma.c ****   }
 943              	 .loc 1 1026 5 is_stmt 1 view .LVU369
1032:Drivers/STM32G4xx_HAL_Driver/Src/stm32g4xx_hal_dma.c **** 
 944              	 .loc 1 1032 26 is_stmt 0 view .LVU370
 945 0064 A160     	 strne r1,[r4,#8]
1026:Drivers/STM32G4xx_HAL_Driver/Src/stm32g4xx_hal_dma.c ****   }
 946              	 .loc 1 1026 26 view .LVU371
 947 0066 E160     	 streq r1,[r4,#12]
1032:Drivers/STM32G4xx_HAL_Driver/Src/stm32g4xx_hal_dma.c **** 
 948              	 .loc 1 1032 5 is_stmt 1 view .LVU372
1035:Drivers/STM32G4xx_HAL_Driver/Src/stm32g4xx_hal_dma.c ****   }
 949              	 .loc 1 1035 5 view .LVU373
 950              	.LVL50:
1035:Drivers/STM32G4xx_HAL_Driver/Src/stm32g4xx_hal_dma.c ****   }
 951              	 .loc 1 1035 5 is_stmt 0 view .LVU374
 952              	.LBE43:
 953              	.LBE46:
 446:Drivers/STM32G4xx_HAL_Driver/Src/stm32g4xx_hal_dma.c ****     {
 954              	 .loc 1 446 5 is_stmt 1 view .LVU375
 955              	.LBB47:
 956              	.LBB44:
1035:Drivers/STM32G4xx_HAL_Driver/Src/stm32g4xx_hal_dma.c ****   }
 957              	 .loc 1 1035 26 is_stmt 0 view .LVU376
 958 0068 E260     	 strne r2,[r4,#12]
 959              	.LBE44:
 960              	.LBE47:
 446:Drivers/STM32G4xx_HAL_Driver/Src/stm32g4xx_hal_dma.c ****     {
 961              	 .loc 1 446 8 view .LVU377
 962 006a BBB1     	 cbz r3,.L54
 449:Drivers/STM32G4xx_HAL_Driver/Src/stm32g4xx_hal_dma.c ****     }
 963              	 .loc 1 449 7 is_stmt 1 view .LVU378
 964 006c 2368     	 ldr r3,[r4]
 965 006e 43F00E03 	 orr r3,r3,#14
 966 0072 2360     	 str r3,[r4]
 967              	.LVL51:
 968              	.L55:
 458:Drivers/STM32G4xx_HAL_Driver/Src/stm32g4xx_hal_dma.c ****     {
 969              	 .loc 1 458 5 view .LVU379
 458:Drivers/STM32G4xx_HAL_Driver/Src/stm32g4xx_hal_dma.c ****     {
 970              	 .loc 1 458 14 is_stmt 0 view .LVU380
 971 0074 836C     	 ldr r3,[r0,#72]
 458:Drivers/STM32G4xx_HAL_Driver/Src/stm32g4xx_hal_dma.c ****     {
 972              	 .loc 1 458 29 view .LVU381
 973 0076 1A68     	 ldr r2,[r3]
 974              	.LVL52:
 458:Drivers/STM32G4xx_HAL_Driver/Src/stm32g4xx_hal_dma.c ****     {
 975              	 .loc 1 458 8 view .LVU382
 976 0078 D203     	 lsls r2,r2,#15
 977 007a 03D5     	 bpl .L56
 461:Drivers/STM32G4xx_HAL_Driver/Src/stm32g4xx_hal_dma.c ****     }
 978              	 .loc 1 461 7 is_stmt 1 view .LVU383
 461:Drivers/STM32G4xx_HAL_Driver/Src/stm32g4xx_hal_dma.c ****     }
 979              	 .loc 1 461 26 is_stmt 0 view .LVU384
ARM GAS   			page 43


 980 007c 1A68     	 ldr r2,[r3]
 461:Drivers/STM32G4xx_HAL_Driver/Src/stm32g4xx_hal_dma.c ****     }
 981              	 .loc 1 461 32 view .LVU385
 982 007e 42F48072 	 orr r2,r2,#256
 983 0082 1A60     	 str r2,[r3]
 984              	.L56:
 464:Drivers/STM32G4xx_HAL_Driver/Src/stm32g4xx_hal_dma.c ****     {
 985              	 .loc 1 464 5 is_stmt 1 view .LVU386
 464:Drivers/STM32G4xx_HAL_Driver/Src/stm32g4xx_hal_dma.c ****     {
 986              	 .loc 1 464 8 is_stmt 0 view .LVU387
 987 0084 1DB1     	 cbz r5,.L57
 468:Drivers/STM32G4xx_HAL_Driver/Src/stm32g4xx_hal_dma.c ****     }
 988              	 .loc 1 468 7 is_stmt 1 view .LVU388
 468:Drivers/STM32G4xx_HAL_Driver/Src/stm32g4xx_hal_dma.c ****     }
 989              	 .loc 1 468 29 is_stmt 0 view .LVU389
 990 0086 2B68     	 ldr r3,[r5]
 468:Drivers/STM32G4xx_HAL_Driver/Src/stm32g4xx_hal_dma.c ****     }
 991              	 .loc 1 468 36 view .LVU390
 992 0088 43F48073 	 orr r3,r3,#256
 993 008c 2B60     	 str r3,[r5]
 994              	.L57:
 472:Drivers/STM32G4xx_HAL_Driver/Src/stm32g4xx_hal_dma.c ****   }
 995              	 .loc 1 472 5 is_stmt 1 view .LVU391
 996 008e 2368     	 ldr r3,[r4]
 997 0090 43F00103 	 orr r3,r3,#1
 424:Drivers/STM32G4xx_HAL_Driver/Src/stm32g4xx_hal_dma.c **** 
 998              	 .loc 1 424 21 is_stmt 0 view .LVU392
 999 0094 0020     	 movs r0,#0
 1000              	.LVL53:
 472:Drivers/STM32G4xx_HAL_Driver/Src/stm32g4xx_hal_dma.c ****   }
 1001              	 .loc 1 472 5 view .LVU393
 1002 0096 2360     	 str r3,[r4]
 1003              	.LVL54:
 483:Drivers/STM32G4xx_HAL_Driver/Src/stm32g4xx_hal_dma.c **** 
 1004              	 .loc 1 483 1 view .LVU394
 1005 0098 F0BC     	 pop {r4,r5,r6,r7}
 1006              	 .cfi_remember_state
 1007              	 .cfi_restore 7
 1008              	 .cfi_restore 6
 1009              	 .cfi_restore 5
 1010              	 .cfi_restore 4
 1011              	 .cfi_def_cfa_offset 0
 1012 009a 7047     	 bx lr
 1013              	.LVL55:
 1014              	.L54:
 1015              	 .cfi_restore_state
 453:Drivers/STM32G4xx_HAL_Driver/Src/stm32g4xx_hal_dma.c ****       __HAL_DMA_ENABLE_IT(hdma, (DMA_IT_TC | DMA_IT_TE));
 1016              	 .loc 1 453 7 is_stmt 1 view .LVU395
 1017 009c 2368     	 ldr r3,[r4]
 1018 009e 23F00403 	 bic r3,r3,#4
 1019 00a2 2360     	 str r3,[r4]
 1020              	.LVL56:
 454:Drivers/STM32G4xx_HAL_Driver/Src/stm32g4xx_hal_dma.c ****     }
 1021              	 .loc 1 454 7 view .LVU396
 1022 00a4 2368     	 ldr r3,[r4]
 1023 00a6 43F00A03 	 orr r3,r3,#10
 1024 00aa 2360     	 str r3,[r4]
ARM GAS   			page 44


 1025 00ac E2E7     	 b .L55
 1026              	 .cfi_endproc
 1027              	.LFE364:
 1029 00ae 00BF     	 .section .text.HAL_DMA_Abort,"ax",%progbits
 1030              	 .align 1
 1031              	 .p2align 2,,3
 1032              	 .global HAL_DMA_Abort
 1033              	 .syntax unified
 1034              	 .thumb
 1035              	 .thumb_func
 1037              	HAL_DMA_Abort:
 1038              	.LVL57:
 1039              	.LFB365:
 492:Drivers/STM32G4xx_HAL_Driver/Src/stm32g4xx_hal_dma.c ****   HAL_StatusTypeDef status = HAL_OK;
 1040              	 .loc 1 492 1 view-0
 1041              	 .cfi_startproc
 1042              	 
 1043              	 
 1044              	 
 493:Drivers/STM32G4xx_HAL_Driver/Src/stm32g4xx_hal_dma.c **** 
 1045              	 .loc 1 493 3 view .LVU398
 495:Drivers/STM32G4xx_HAL_Driver/Src/stm32g4xx_hal_dma.c ****   {
 1046              	 .loc 1 495 3 view .LVU399
 495:Drivers/STM32G4xx_HAL_Driver/Src/stm32g4xx_hal_dma.c ****   {
 1047              	 .loc 1 495 10 is_stmt 0 view .LVU400
 1048 0000 90F82520 	 ldrb r2,[r0,#37]
 495:Drivers/STM32G4xx_HAL_Driver/Src/stm32g4xx_hal_dma.c ****   {
 1049              	 .loc 1 495 5 view .LVU401
 1050 0004 022A     	 cmp r2,#2
 492:Drivers/STM32G4xx_HAL_Driver/Src/stm32g4xx_hal_dma.c ****   HAL_StatusTypeDef status = HAL_OK;
 1051              	 .loc 1 492 1 view .LVU402
 1052 0006 0346     	 mov r3,r0
 495:Drivers/STM32G4xx_HAL_Driver/Src/stm32g4xx_hal_dma.c ****   {
 1053              	 .loc 1 495 5 view .LVU403
 1054 0008 09D0     	 beq .L74
 498:Drivers/STM32G4xx_HAL_Driver/Src/stm32g4xx_hal_dma.c **** 
 1055              	 .loc 1 498 5 is_stmt 1 view .LVU404
 498:Drivers/STM32G4xx_HAL_Driver/Src/stm32g4xx_hal_dma.c **** 
 1056              	 .loc 1 498 21 is_stmt 0 view .LVU405
 1057 000a 0422     	 movs r2,#4
 1058 000c C263     	 str r2,[r0,#60]
 500:Drivers/STM32G4xx_HAL_Driver/Src/stm32g4xx_hal_dma.c ****   }
 1059              	 .loc 1 500 5 is_stmt 1 view .LVU406
 1060              	.LVL58:
 530:Drivers/STM32G4xx_HAL_Driver/Src/stm32g4xx_hal_dma.c **** 
 1061              	 .loc 1 530 15 is_stmt 0 view .LVU407
 1062 000e 0121     	 movs r1,#1
 533:Drivers/STM32G4xx_HAL_Driver/Src/stm32g4xx_hal_dma.c **** 
 1063              	 .loc 1 533 3 view .LVU408
 1064 0010 0022     	 movs r2,#0
 500:Drivers/STM32G4xx_HAL_Driver/Src/stm32g4xx_hal_dma.c ****   }
 1065              	 .loc 1 500 12 view .LVU409
 1066 0012 0120     	 movs r0,#1
 1067              	.LVL59:
 530:Drivers/STM32G4xx_HAL_Driver/Src/stm32g4xx_hal_dma.c **** 
 1068              	 .loc 1 530 3 is_stmt 1 view .LVU410
 530:Drivers/STM32G4xx_HAL_Driver/Src/stm32g4xx_hal_dma.c **** 
ARM GAS   			page 45


 1069              	 .loc 1 530 15 is_stmt 0 view .LVU411
 1070 0014 83F82510 	 strb r1,[r3,#37]
 533:Drivers/STM32G4xx_HAL_Driver/Src/stm32g4xx_hal_dma.c **** 
 1071              	 .loc 1 533 3 is_stmt 1 view .LVU412
 533:Drivers/STM32G4xx_HAL_Driver/Src/stm32g4xx_hal_dma.c **** 
 1072              	 .loc 1 533 3 view .LVU413
 1073 0018 83F82420 	 strb r2,[r3,#36]
 533:Drivers/STM32G4xx_HAL_Driver/Src/stm32g4xx_hal_dma.c **** 
 1074              	 .loc 1 533 3 view .LVU414
 535:Drivers/STM32G4xx_HAL_Driver/Src/stm32g4xx_hal_dma.c **** }
 1075              	 .loc 1 535 3 view .LVU415
 536:Drivers/STM32G4xx_HAL_Driver/Src/stm32g4xx_hal_dma.c **** 
 1076              	 .loc 1 536 1 is_stmt 0 view .LVU416
 1077 001c 7047     	 bx lr
 1078              	.LVL60:
 1079              	.L74:
 505:Drivers/STM32G4xx_HAL_Driver/Src/stm32g4xx_hal_dma.c ****      
 1080              	 .loc 1 505 6 is_stmt 1 view .LVU417
 1081 001e 0268     	 ldr r2,[r0]
 514:Drivers/STM32G4xx_HAL_Driver/Src/stm32g4xx_hal_dma.c ****      
 1082              	 .loc 1 514 72 is_stmt 0 view .LVU418
 1083 0020 596C     	 ldr r1,[r3,#68]
 492:Drivers/STM32G4xx_HAL_Driver/Src/stm32g4xx_hal_dma.c ****   HAL_StatusTypeDef status = HAL_OK;
 1084              	 .loc 1 492 1 view .LVU419
 1085 0022 30B4     	 push {r4,r5}
 1086              	 .cfi_def_cfa_offset 8
 1087              	 .cfi_offset 4,-8
 1088              	 .cfi_offset 5,-4
 508:Drivers/STM32G4xx_HAL_Driver/Src/stm32g4xx_hal_dma.c ****      
 1089              	 .loc 1 508 10 view .LVU420
 1090 0024 846C     	 ldr r4,[r0,#72]
 505:Drivers/STM32G4xx_HAL_Driver/Src/stm32g4xx_hal_dma.c ****      
 1091              	 .loc 1 505 6 view .LVU421
 1092 0026 1068     	 ldr r0,[r2]
 1093              	.LVL61:
 514:Drivers/STM32G4xx_HAL_Driver/Src/stm32g4xx_hal_dma.c ****      
 1094              	 .loc 1 514 10 view .LVU422
 1095 0028 1D6C     	 ldr r5,[r3,#64]
 505:Drivers/STM32G4xx_HAL_Driver/Src/stm32g4xx_hal_dma.c ****      
 1096              	 .loc 1 505 6 view .LVU423
 1097 002a 20F00E00 	 bic r0,r0,#14
 1098 002e 1060     	 str r0,[r2]
 508:Drivers/STM32G4xx_HAL_Driver/Src/stm32g4xx_hal_dma.c ****      
 1099              	 .loc 1 508 6 is_stmt 1 view .LVU424
 508:Drivers/STM32G4xx_HAL_Driver/Src/stm32g4xx_hal_dma.c ****      
 1100              	 .loc 1 508 25 is_stmt 0 view .LVU425
 1101 0030 2068     	 ldr r0,[r4]
 508:Drivers/STM32G4xx_HAL_Driver/Src/stm32g4xx_hal_dma.c ****      
 1102              	 .loc 1 508 31 view .LVU426
 1103 0032 20F48070 	 bic r0,r0,#256
 1104 0036 2060     	 str r0,[r4]
 511:Drivers/STM32G4xx_HAL_Driver/Src/stm32g4xx_hal_dma.c ****      
 1105              	 .loc 1 511 6 is_stmt 1 view .LVU427
 1106 0038 1068     	 ldr r0,[r2]
 1107 003a 20F00100 	 bic r0,r0,#1
 1108 003e 1060     	 str r0,[r2]
 514:Drivers/STM32G4xx_HAL_Driver/Src/stm32g4xx_hal_dma.c ****      
ARM GAS   			page 46


 1109              	 .loc 1 514 6 view .LVU428
 514:Drivers/STM32G4xx_HAL_Driver/Src/stm32g4xx_hal_dma.c ****      
 1110              	 .loc 1 514 72 is_stmt 0 view .LVU429
 1111 0040 01F01F01 	 and r1,r1,#31
 514:Drivers/STM32G4xx_HAL_Driver/Src/stm32g4xx_hal_dma.c ****      
 1112              	 .loc 1 514 49 view .LVU430
 1113 0044 0122     	 movs r2,#1
 1114 0046 8A40     	 lsls r2,r2,r1
 517:Drivers/STM32G4xx_HAL_Driver/Src/stm32g4xx_hal_dma.c ****      
 1115              	 .loc 1 517 43 view .LVU431
 1116 0048 D3E91441 	 ldrd r4,r1,[r3,#80]
 517:Drivers/STM32G4xx_HAL_Driver/Src/stm32g4xx_hal_dma.c ****      
 1117              	 .loc 1 517 10 view .LVU432
 1118 004c D86C     	 ldr r0,[r3,#76]
 514:Drivers/STM32G4xx_HAL_Driver/Src/stm32g4xx_hal_dma.c ****      
 1119              	 .loc 1 514 33 view .LVU433
 1120 004e 6A60     	 str r2,[r5,#4]
 517:Drivers/STM32G4xx_HAL_Driver/Src/stm32g4xx_hal_dma.c ****      
 1121              	 .loc 1 517 6 is_stmt 1 view .LVU434
 517:Drivers/STM32G4xx_HAL_Driver/Src/stm32g4xx_hal_dma.c ****      
 1122              	 .loc 1 517 37 is_stmt 0 view .LVU435
 1123 0050 4460     	 str r4,[r0,#4]
 519:Drivers/STM32G4xx_HAL_Driver/Src/stm32g4xx_hal_dma.c ****      {
 1124              	 .loc 1 519 6 is_stmt 1 view .LVU436
 519:Drivers/STM32G4xx_HAL_Driver/Src/stm32g4xx_hal_dma.c ****      {
 1125              	 .loc 1 519 9 is_stmt 0 view .LVU437
 1126 0052 31B1     	 cbz r1,.L76
 523:Drivers/STM32G4xx_HAL_Driver/Src/stm32g4xx_hal_dma.c ****      
 1127              	 .loc 1 523 8 is_stmt 1 view .LVU438
 523:Drivers/STM32G4xx_HAL_Driver/Src/stm32g4xx_hal_dma.c ****      
 1128              	 .loc 1 523 30 is_stmt 0 view .LVU439
 1129 0054 0A68     	 ldr r2,[r1]
 526:Drivers/STM32G4xx_HAL_Driver/Src/stm32g4xx_hal_dma.c ****      }
 1130              	 .loc 1 526 50 view .LVU440
 1131 0056 D3E91604 	 ldrd r0,r4,[r3,#88]
 523:Drivers/STM32G4xx_HAL_Driver/Src/stm32g4xx_hal_dma.c ****      
 1132              	 .loc 1 523 37 view .LVU441
 1133 005a 22F48072 	 bic r2,r2,#256
 1134 005e 0A60     	 str r2,[r1]
 526:Drivers/STM32G4xx_HAL_Driver/Src/stm32g4xx_hal_dma.c ****      }
 1135              	 .loc 1 526 8 is_stmt 1 view .LVU442
 526:Drivers/STM32G4xx_HAL_Driver/Src/stm32g4xx_hal_dma.c ****      }
 1136              	 .loc 1 526 44 is_stmt 0 view .LVU443
 1137 0060 4460     	 str r4,[r0,#4]
 1138              	.L76:
 530:Drivers/STM32G4xx_HAL_Driver/Src/stm32g4xx_hal_dma.c **** 
 1139              	 .loc 1 530 15 view .LVU444
 1140 0062 0121     	 movs r1,#1
 533:Drivers/STM32G4xx_HAL_Driver/Src/stm32g4xx_hal_dma.c **** 
 1141              	 .loc 1 533 3 view .LVU445
 1142 0064 0022     	 movs r2,#0
 530:Drivers/STM32G4xx_HAL_Driver/Src/stm32g4xx_hal_dma.c **** 
 1143              	 .loc 1 530 15 view .LVU446
 1144 0066 83F82510 	 strb r1,[r3,#37]
 533:Drivers/STM32G4xx_HAL_Driver/Src/stm32g4xx_hal_dma.c **** 
 1145              	 .loc 1 533 3 view .LVU447
 1146 006a 83F82420 	 strb r2,[r3,#36]
ARM GAS   			page 47


 493:Drivers/STM32G4xx_HAL_Driver/Src/stm32g4xx_hal_dma.c **** 
 1147              	 .loc 1 493 21 view .LVU448
 1148 006e 0020     	 movs r0,#0
 1149              	.LVL62:
 530:Drivers/STM32G4xx_HAL_Driver/Src/stm32g4xx_hal_dma.c **** 
 1150              	 .loc 1 530 3 is_stmt 1 view .LVU449
 533:Drivers/STM32G4xx_HAL_Driver/Src/stm32g4xx_hal_dma.c **** 
 1151              	 .loc 1 533 3 view .LVU450
 533:Drivers/STM32G4xx_HAL_Driver/Src/stm32g4xx_hal_dma.c **** 
 1152              	 .loc 1 533 3 view .LVU451
 533:Drivers/STM32G4xx_HAL_Driver/Src/stm32g4xx_hal_dma.c **** 
 1153              	 .loc 1 533 3 view .LVU452
 535:Drivers/STM32G4xx_HAL_Driver/Src/stm32g4xx_hal_dma.c **** }
 1154              	 .loc 1 535 3 view .LVU453
 536:Drivers/STM32G4xx_HAL_Driver/Src/stm32g4xx_hal_dma.c **** 
 1155              	 .loc 1 536 1 is_stmt 0 view .LVU454
 1156 0070 30BC     	 pop {r4,r5}
 1157              	 .cfi_restore 5
 1158              	 .cfi_restore 4
 1159              	 .cfi_def_cfa_offset 0
 1160 0072 7047     	 bx lr
 1161              	 .cfi_endproc
 1162              	.LFE365:
 1164              	 .section .text.HAL_DMA_Abort_IT,"ax",%progbits
 1165              	 .align 1
 1166              	 .p2align 2,,3
 1167              	 .global HAL_DMA_Abort_IT
 1168              	 .syntax unified
 1169              	 .thumb
 1170              	 .thumb_func
 1172              	HAL_DMA_Abort_IT:
 1173              	.LVL63:
 1174              	.LFB366:
 545:Drivers/STM32G4xx_HAL_Driver/Src/stm32g4xx_hal_dma.c ****   HAL_StatusTypeDef status = HAL_OK;
 1175              	 .loc 1 545 1 is_stmt 1 view-0
 1176              	 .cfi_startproc
 1177              	 
 1178              	 
 546:Drivers/STM32G4xx_HAL_Driver/Src/stm32g4xx_hal_dma.c **** 
 1179              	 .loc 1 546 3 view .LVU456
 548:Drivers/STM32G4xx_HAL_Driver/Src/stm32g4xx_hal_dma.c ****   {
 1180              	 .loc 1 548 3 view .LVU457
 545:Drivers/STM32G4xx_HAL_Driver/Src/stm32g4xx_hal_dma.c ****   HAL_StatusTypeDef status = HAL_OK;
 1181              	 .loc 1 545 1 is_stmt 0 view .LVU458
 1182 0000 38B5     	 push {r3,r4,r5,lr}
 1183              	 .cfi_def_cfa_offset 16
 1184              	 .cfi_offset 3,-16
 1185              	 .cfi_offset 4,-12
 1186              	 .cfi_offset 5,-8
 1187              	 .cfi_offset 14,-4
 548:Drivers/STM32G4xx_HAL_Driver/Src/stm32g4xx_hal_dma.c ****   {
 1188              	 .loc 1 548 33 view .LVU459
 1189 0002 90F82530 	 ldrb r3,[r0,#37]
 548:Drivers/STM32G4xx_HAL_Driver/Src/stm32g4xx_hal_dma.c ****   {
 1190              	 .loc 1 548 6 view .LVU460
 1191 0006 022B     	 cmp r3,#2
 1192 0008 09D0     	 beq .L84
ARM GAS   			page 48


 551:Drivers/STM32G4xx_HAL_Driver/Src/stm32g4xx_hal_dma.c **** 
 1193              	 .loc 1 551 5 is_stmt 1 view .LVU461
 554:Drivers/STM32G4xx_HAL_Driver/Src/stm32g4xx_hal_dma.c **** 
 1194              	 .loc 1 554 17 is_stmt 0 view .LVU462
 1195 000a 0123     	 movs r3,#1
 551:Drivers/STM32G4xx_HAL_Driver/Src/stm32g4xx_hal_dma.c **** 
 1196              	 .loc 1 551 21 view .LVU463
 1197 000c 0421     	 movs r1,#4
 557:Drivers/STM32G4xx_HAL_Driver/Src/stm32g4xx_hal_dma.c **** 
 1198              	 .loc 1 557 5 view .LVU464
 1199 000e 0022     	 movs r2,#0
 551:Drivers/STM32G4xx_HAL_Driver/Src/stm32g4xx_hal_dma.c **** 
 1200              	 .loc 1 551 21 view .LVU465
 1201 0010 C163     	 str r1,[r0,#60]
 554:Drivers/STM32G4xx_HAL_Driver/Src/stm32g4xx_hal_dma.c **** 
 1202              	 .loc 1 554 5 is_stmt 1 view .LVU466
 557:Drivers/STM32G4xx_HAL_Driver/Src/stm32g4xx_hal_dma.c **** 
 1203              	 .loc 1 557 5 is_stmt 0 view .LVU467
 1204 0012 80F82420 	 strb r2,[r0,#36]
 554:Drivers/STM32G4xx_HAL_Driver/Src/stm32g4xx_hal_dma.c **** 
 1205              	 .loc 1 554 17 view .LVU468
 1206 0016 80F82530 	 strb r3,[r0,#37]
 557:Drivers/STM32G4xx_HAL_Driver/Src/stm32g4xx_hal_dma.c **** 
 1207              	 .loc 1 557 5 is_stmt 1 view .LVU469
 557:Drivers/STM32G4xx_HAL_Driver/Src/stm32g4xx_hal_dma.c **** 
 1208              	 .loc 1 557 5 view .LVU470
 557:Drivers/STM32G4xx_HAL_Driver/Src/stm32g4xx_hal_dma.c **** 
 1209              	 .loc 1 557 5 view .LVU471
 559:Drivers/STM32G4xx_HAL_Driver/Src/stm32g4xx_hal_dma.c ****   }
 1210              	 .loc 1 559 5 view .LVU472
 1211              	.LVL64:
 559:Drivers/STM32G4xx_HAL_Driver/Src/stm32g4xx_hal_dma.c ****   }
 1212              	 .loc 1 559 12 is_stmt 0 view .LVU473
 1213 001a 1846     	 mov r0,r3
 1214              	.LVL65:
 600:Drivers/STM32G4xx_HAL_Driver/Src/stm32g4xx_hal_dma.c **** }
 1215              	 .loc 1 600 3 is_stmt 1 view .LVU474
 601:Drivers/STM32G4xx_HAL_Driver/Src/stm32g4xx_hal_dma.c **** 
 1216              	 .loc 1 601 1 is_stmt 0 view .LVU475
 1217 001c 38BD     	 pop {r3,r4,r5,pc}
 1218              	.LVL66:
 1219              	.L84:
 564:Drivers/STM32G4xx_HAL_Driver/Src/stm32g4xx_hal_dma.c **** 
 1220              	 .loc 1 564 5 is_stmt 1 view .LVU476
 1221 001e 0368     	 ldr r3,[r0]
 570:Drivers/STM32G4xx_HAL_Driver/Src/stm32g4xx_hal_dma.c **** 
 1222              	 .loc 1 570 9 is_stmt 0 view .LVU477
 1223 0020 846C     	 ldr r4,[r0,#72]
 564:Drivers/STM32G4xx_HAL_Driver/Src/stm32g4xx_hal_dma.c **** 
 1224              	 .loc 1 564 5 view .LVU478
 1225 0022 1968     	 ldr r1,[r3]
 573:Drivers/STM32G4xx_HAL_Driver/Src/stm32g4xx_hal_dma.c **** 
 1226              	 .loc 1 573 71 view .LVU479
 1227 0024 426C     	 ldr r2,[r0,#68]
 573:Drivers/STM32G4xx_HAL_Driver/Src/stm32g4xx_hal_dma.c **** 
 1228              	 .loc 1 573 9 view .LVU480
 1229 0026 056C     	 ldr r5,[r0,#64]
ARM GAS   			page 49


 564:Drivers/STM32G4xx_HAL_Driver/Src/stm32g4xx_hal_dma.c **** 
 1230              	 .loc 1 564 5 view .LVU481
 1231 0028 21F00E01 	 bic r1,r1,#14
 1232 002c 1960     	 str r1,[r3]
 567:Drivers/STM32G4xx_HAL_Driver/Src/stm32g4xx_hal_dma.c **** 
 1233              	 .loc 1 567 5 is_stmt 1 view .LVU482
 1234 002e 1968     	 ldr r1,[r3]
 1235 0030 21F00101 	 bic r1,r1,#1
 1236 0034 1960     	 str r1,[r3]
 570:Drivers/STM32G4xx_HAL_Driver/Src/stm32g4xx_hal_dma.c **** 
 1237              	 .loc 1 570 5 view .LVU483
 570:Drivers/STM32G4xx_HAL_Driver/Src/stm32g4xx_hal_dma.c **** 
 1238              	 .loc 1 570 24 is_stmt 0 view .LVU484
 1239 0036 2368     	 ldr r3,[r4]
 576:Drivers/STM32G4xx_HAL_Driver/Src/stm32g4xx_hal_dma.c **** 
 1240              	 .loc 1 576 9 view .LVU485
 1241 0038 C16C     	 ldr r1,[r0,#76]
 570:Drivers/STM32G4xx_HAL_Driver/Src/stm32g4xx_hal_dma.c **** 
 1242              	 .loc 1 570 30 view .LVU486
 1243 003a 23F48073 	 bic r3,r3,#256
 1244 003e 2360     	 str r3,[r4]
 573:Drivers/STM32G4xx_HAL_Driver/Src/stm32g4xx_hal_dma.c **** 
 1245              	 .loc 1 573 5 is_stmt 1 view .LVU487
 573:Drivers/STM32G4xx_HAL_Driver/Src/stm32g4xx_hal_dma.c **** 
 1246              	 .loc 1 573 71 is_stmt 0 view .LVU488
 1247 0040 02F01F02 	 and r2,r2,#31
 573:Drivers/STM32G4xx_HAL_Driver/Src/stm32g4xx_hal_dma.c **** 
 1248              	 .loc 1 573 48 view .LVU489
 1249 0044 0123     	 movs r3,#1
 1250 0046 9340     	 lsls r3,r3,r2
 576:Drivers/STM32G4xx_HAL_Driver/Src/stm32g4xx_hal_dma.c **** 
 1251              	 .loc 1 576 42 view .LVU490
 1252 0048 D0E91442 	 ldrd r4,r2,[r0,#80]
 573:Drivers/STM32G4xx_HAL_Driver/Src/stm32g4xx_hal_dma.c **** 
 1253              	 .loc 1 573 32 view .LVU491
 1254 004c 6B60     	 str r3,[r5,#4]
 576:Drivers/STM32G4xx_HAL_Driver/Src/stm32g4xx_hal_dma.c **** 
 1255              	 .loc 1 576 5 is_stmt 1 view .LVU492
 576:Drivers/STM32G4xx_HAL_Driver/Src/stm32g4xx_hal_dma.c **** 
 1256              	 .loc 1 576 36 is_stmt 0 view .LVU493
 1257 004e 4C60     	 str r4,[r1,#4]
 578:Drivers/STM32G4xx_HAL_Driver/Src/stm32g4xx_hal_dma.c ****     {
 1258              	 .loc 1 578 5 is_stmt 1 view .LVU494
 578:Drivers/STM32G4xx_HAL_Driver/Src/stm32g4xx_hal_dma.c ****     {
 1259              	 .loc 1 578 8 is_stmt 0 view .LVU495
 1260 0050 32B1     	 cbz r2,.L86
 582:Drivers/STM32G4xx_HAL_Driver/Src/stm32g4xx_hal_dma.c **** 
 1261              	 .loc 1 582 7 is_stmt 1 view .LVU496
 582:Drivers/STM32G4xx_HAL_Driver/Src/stm32g4xx_hal_dma.c **** 
 1262              	 .loc 1 582 29 is_stmt 0 view .LVU497
 1263 0052 1368     	 ldr r3,[r2]
 585:Drivers/STM32G4xx_HAL_Driver/Src/stm32g4xx_hal_dma.c ****     }
 1264              	 .loc 1 585 49 view .LVU498
 1265 0054 D0E91614 	 ldrd r1,r4,[r0,#88]
 582:Drivers/STM32G4xx_HAL_Driver/Src/stm32g4xx_hal_dma.c **** 
 1266              	 .loc 1 582 36 view .LVU499
 1267 0058 23F48073 	 bic r3,r3,#256
ARM GAS   			page 50


 1268 005c 1360     	 str r3,[r2]
 585:Drivers/STM32G4xx_HAL_Driver/Src/stm32g4xx_hal_dma.c ****     }
 1269              	 .loc 1 585 7 is_stmt 1 view .LVU500
 585:Drivers/STM32G4xx_HAL_Driver/Src/stm32g4xx_hal_dma.c ****     }
 1270              	 .loc 1 585 43 is_stmt 0 view .LVU501
 1271 005e 4C60     	 str r4,[r1,#4]
 1272              	.L86:
 589:Drivers/STM32G4xx_HAL_Driver/Src/stm32g4xx_hal_dma.c **** 
 1273              	 .loc 1 589 5 is_stmt 1 view .LVU502
 595:Drivers/STM32G4xx_HAL_Driver/Src/stm32g4xx_hal_dma.c ****     {
 1274              	 .loc 1 595 13 is_stmt 0 view .LVU503
 1275 0060 836B     	 ldr r3,[r0,#56]
 589:Drivers/STM32G4xx_HAL_Driver/Src/stm32g4xx_hal_dma.c **** 
 1276              	 .loc 1 589 17 view .LVU504
 1277 0062 0121     	 movs r1,#1
 592:Drivers/STM32G4xx_HAL_Driver/Src/stm32g4xx_hal_dma.c **** 
 1278              	 .loc 1 592 5 view .LVU505
 1279 0064 0022     	 movs r2,#0
 589:Drivers/STM32G4xx_HAL_Driver/Src/stm32g4xx_hal_dma.c **** 
 1280              	 .loc 1 589 17 view .LVU506
 1281 0066 80F82510 	 strb r1,[r0,#37]
 592:Drivers/STM32G4xx_HAL_Driver/Src/stm32g4xx_hal_dma.c **** 
 1282              	 .loc 1 592 5 is_stmt 1 view .LVU507
 592:Drivers/STM32G4xx_HAL_Driver/Src/stm32g4xx_hal_dma.c **** 
 1283              	 .loc 1 592 5 view .LVU508
 1284 006a 80F82420 	 strb r2,[r0,#36]
 592:Drivers/STM32G4xx_HAL_Driver/Src/stm32g4xx_hal_dma.c **** 
 1285              	 .loc 1 592 5 view .LVU509
 595:Drivers/STM32G4xx_HAL_Driver/Src/stm32g4xx_hal_dma.c ****     {
 1286              	 .loc 1 595 5 view .LVU510
 595:Drivers/STM32G4xx_HAL_Driver/Src/stm32g4xx_hal_dma.c ****     {
 1287              	 .loc 1 595 8 is_stmt 0 view .LVU511
 1288 006e 03B1     	 cbz r3,.L87
 597:Drivers/STM32G4xx_HAL_Driver/Src/stm32g4xx_hal_dma.c ****     }
 1289              	 .loc 1 597 7 is_stmt 1 view .LVU512
 1290 0070 9847     	 blx r3
 1291              	.LVL67:
 1292              	.L87:
 546:Drivers/STM32G4xx_HAL_Driver/Src/stm32g4xx_hal_dma.c **** 
 1293              	 .loc 1 546 21 is_stmt 0 view .LVU513
 1294 0072 0020     	 movs r0,#0
 1295              	.LVL68:
 600:Drivers/STM32G4xx_HAL_Driver/Src/stm32g4xx_hal_dma.c **** }
 1296              	 .loc 1 600 3 is_stmt 1 view .LVU514
 601:Drivers/STM32G4xx_HAL_Driver/Src/stm32g4xx_hal_dma.c **** 
 1297              	 .loc 1 601 1 is_stmt 0 view .LVU515
 1298 0074 38BD     	 pop {r3,r4,r5,pc}
 1299              	 .cfi_endproc
 1300              	.LFE366:
 1302 0076 00BF     	 .section .text.HAL_DMA_PollForTransfer,"ax",%progbits
 1303              	 .align 1
 1304              	 .p2align 2,,3
 1305              	 .global HAL_DMA_PollForTransfer
 1306              	 .syntax unified
 1307              	 .thumb
 1308              	 .thumb_func
 1310              	HAL_DMA_PollForTransfer:
ARM GAS   			page 51


 1311              	.LVL69:
 1312              	.LFB367:
 613:Drivers/STM32G4xx_HAL_Driver/Src/stm32g4xx_hal_dma.c ****   uint32_t temp;
 1313              	 .loc 1 613 1 is_stmt 1 view-0
 1314              	 .cfi_startproc
 1315              	 
 1316              	 
 614:Drivers/STM32G4xx_HAL_Driver/Src/stm32g4xx_hal_dma.c ****   uint32_t tickstart;
 1317              	 .loc 1 614 3 view .LVU517
 615:Drivers/STM32G4xx_HAL_Driver/Src/stm32g4xx_hal_dma.c **** 
 1318              	 .loc 1 615 3 view .LVU518
 617:Drivers/STM32G4xx_HAL_Driver/Src/stm32g4xx_hal_dma.c ****   {
 1319              	 .loc 1 617 3 view .LVU519
 613:Drivers/STM32G4xx_HAL_Driver/Src/stm32g4xx_hal_dma.c ****   uint32_t temp;
 1320              	 .loc 1 613 1 is_stmt 0 view .LVU520
 1321 0000 2DE9F843 	 push {r3,r4,r5,r6,r7,r8,r9,lr}
 1322              	 .cfi_def_cfa_offset 32
 1323              	 .cfi_offset 3,-32
 1324              	 .cfi_offset 4,-28
 1325              	 .cfi_offset 5,-24
 1326              	 .cfi_offset 6,-20
 1327              	 .cfi_offset 7,-16
 1328              	 .cfi_offset 8,-12
 1329              	 .cfi_offset 9,-8
 1330              	 .cfi_offset 14,-4
 617:Drivers/STM32G4xx_HAL_Driver/Src/stm32g4xx_hal_dma.c ****   {
 1331              	 .loc 1 617 33 view .LVU521
 1332 0004 90F82530 	 ldrb r3,[r0,#37]
 617:Drivers/STM32G4xx_HAL_Driver/Src/stm32g4xx_hal_dma.c ****   {
 1333              	 .loc 1 617 6 view .LVU522
 1334 0008 022B     	 cmp r3,#2
 613:Drivers/STM32G4xx_HAL_Driver/Src/stm32g4xx_hal_dma.c ****   uint32_t temp;
 1335              	 .loc 1 613 1 view .LVU523
 1336 000a 0446     	 mov r4,r0
 617:Drivers/STM32G4xx_HAL_Driver/Src/stm32g4xx_hal_dma.c ****   {
 1337              	 .loc 1 617 6 view .LVU524
 1338 000c 07D0     	 beq .L96
 620:Drivers/STM32G4xx_HAL_Driver/Src/stm32g4xx_hal_dma.c ****     __HAL_UNLOCK(hdma);
 1339              	 .loc 1 620 5 is_stmt 1 view .LVU525
 620:Drivers/STM32G4xx_HAL_Driver/Src/stm32g4xx_hal_dma.c ****     __HAL_UNLOCK(hdma);
 1340              	 .loc 1 620 21 is_stmt 0 view .LVU526
 1341 000e 0422     	 movs r2,#4
 1342              	.LVL70:
 621:Drivers/STM32G4xx_HAL_Driver/Src/stm32g4xx_hal_dma.c ****     return HAL_ERROR;
 1343              	 .loc 1 621 5 view .LVU527
 1344 0010 0023     	 movs r3,#0
 620:Drivers/STM32G4xx_HAL_Driver/Src/stm32g4xx_hal_dma.c ****     __HAL_UNLOCK(hdma);
 1345              	 .loc 1 620 21 view .LVU528
 1346 0012 C263     	 str r2,[r0,#60]
 621:Drivers/STM32G4xx_HAL_Driver/Src/stm32g4xx_hal_dma.c ****     return HAL_ERROR;
 1347              	 .loc 1 621 5 is_stmt 1 view .LVU529
 621:Drivers/STM32G4xx_HAL_Driver/Src/stm32g4xx_hal_dma.c ****     return HAL_ERROR;
 1348              	 .loc 1 621 5 view .LVU530
 1349 0014 80F82430 	 strb r3,[r0,#36]
 621:Drivers/STM32G4xx_HAL_Driver/Src/stm32g4xx_hal_dma.c ****     return HAL_ERROR;
 1350              	 .loc 1 621 5 view .LVU531
 622:Drivers/STM32G4xx_HAL_Driver/Src/stm32g4xx_hal_dma.c ****   }
ARM GAS   			page 52


 1351              	 .loc 1 622 5 view .LVU532
 1352              	.LVL71:
 1353              	.L97:
 622:Drivers/STM32G4xx_HAL_Driver/Src/stm32g4xx_hal_dma.c ****   }
 1354              	 .loc 1 622 12 is_stmt 0 view .LVU533
 1355 0018 0120     	 movs r0,#1
 733:Drivers/STM32G4xx_HAL_Driver/Src/stm32g4xx_hal_dma.c **** 
 1356              	 .loc 1 733 1 view .LVU534
 1357 001a BDE8F883 	 pop {r3,r4,r5,r6,r7,r8,r9,pc}
 1358              	.LVL72:
 1359              	.L96:
 626:Drivers/STM32G4xx_HAL_Driver/Src/stm32g4xx_hal_dma.c ****   {
 1360              	 .loc 1 626 3 is_stmt 1 view .LVU535
 1361 001e 1746     	 mov r7,r2
 1362 0020 DAB2     	 uxtb r2,r3
 1363              	.LVL73:
 626:Drivers/STM32G4xx_HAL_Driver/Src/stm32g4xx_hal_dma.c ****   {
 1364              	 .loc 1 626 18 is_stmt 0 view .LVU536
 1365 0022 0368     	 ldr r3,[r0]
 626:Drivers/STM32G4xx_HAL_Driver/Src/stm32g4xx_hal_dma.c ****   {
 1366              	 .loc 1 626 28 view .LVU537
 1367 0024 1B68     	 ldr r3,[r3]
 626:Drivers/STM32G4xx_HAL_Driver/Src/stm32g4xx_hal_dma.c ****   {
 1368              	 .loc 1 626 6 view .LVU538
 1369 0026 9806     	 lsls r0,r3,#26
 1370              	.LVL74:
 626:Drivers/STM32G4xx_HAL_Driver/Src/stm32g4xx_hal_dma.c ****   {
 1371              	 .loc 1 626 6 view .LVU539
 1372 0028 49D4     	 bmi .L130
 633:Drivers/STM32G4xx_HAL_Driver/Src/stm32g4xx_hal_dma.c ****   {
 1373              	 .loc 1 633 3 is_stmt 1 view .LVU540
 637:Drivers/STM32G4xx_HAL_Driver/Src/stm32g4xx_hal_dma.c ****   }
 1374              	 .loc 1 637 58 is_stmt 0 view .LVU541
 1375 002a 656C     	 ldr r5,[r4,#68]
 1376 002c 0E46     	 mov r6,r1
 1377 002e 05F01F05 	 and r5,r5,#31
 633:Drivers/STM32G4xx_HAL_Driver/Src/stm32g4xx_hal_dma.c ****   {
 1378              	 .loc 1 633 6 view .LVU542
 1379 0032 0029     	 cmp r1,#0
 1380 0034 47D0     	 beq .L131
 642:Drivers/STM32G4xx_HAL_Driver/Src/stm32g4xx_hal_dma.c ****   }
 1381              	 .loc 1 642 5 is_stmt 1 view .LVU543
 642:Drivers/STM32G4xx_HAL_Driver/Src/stm32g4xx_hal_dma.c ****   }
 1382              	 .loc 1 642 10 is_stmt 0 view .LVU544
 1383 0036 0423     	 movs r3,#4
 1384 0038 03FA05F5 	 lsl r5,r3,r5
 1385              	.LVL75:
 646:Drivers/STM32G4xx_HAL_Driver/Src/stm32g4xx_hal_dma.c **** 
 1386              	 .loc 1 646 3 is_stmt 1 view .LVU545
 646:Drivers/STM32G4xx_HAL_Driver/Src/stm32g4xx_hal_dma.c **** 
 1387              	 .loc 1 646 15 is_stmt 0 view .LVU546
 1388 003c FFF7FEFF 	 bl HAL_GetTick
 1389              	.LVL76:
 646:Drivers/STM32G4xx_HAL_Driver/Src/stm32g4xx_hal_dma.c **** 
 1390              	 .loc 1 646 15 view .LVU547
 1391 0040 7B1C     	 adds r3,r7,#1
 1392 0042 8046     	 mov r8,r0
ARM GAS   			page 53


 1393              	.LVL77:
 648:Drivers/STM32G4xx_HAL_Driver/Src/stm32g4xx_hal_dma.c ****   {
 1394              	 .loc 1 648 3 is_stmt 1 view .LVU548
 1395 0044 46D1     	 bne .L132
 1396              	.L102:
 648:Drivers/STM32G4xx_HAL_Driver/Src/stm32g4xx_hal_dma.c ****   {
 1397              	 .loc 1 648 13 view .LVU549
 648:Drivers/STM32G4xx_HAL_Driver/Src/stm32g4xx_hal_dma.c ****   {
 1398              	 .loc 1 648 21 is_stmt 0 view .LVU550
 1399 0046 236C     	 ldr r3,[r4,#64]
 650:Drivers/STM32G4xx_HAL_Driver/Src/stm32g4xx_hal_dma.c ****     {
 1400              	 .loc 1 650 92 view .LVU551
 1401 0048 616C     	 ldr r1,[r4,#68]
 648:Drivers/STM32G4xx_HAL_Driver/Src/stm32g4xx_hal_dma.c ****   {
 1402              	 .loc 1 648 37 view .LVU552
 1403 004a 1A68     	 ldr r2,[r3]
 648:Drivers/STM32G4xx_HAL_Driver/Src/stm32g4xx_hal_dma.c ****   {
 1404              	 .loc 1 648 13 view .LVU553
 1405 004c 1542     	 tst r5,r2
 650:Drivers/STM32G4xx_HAL_Driver/Src/stm32g4xx_hal_dma.c ****     {
 1406              	 .loc 1 650 92 view .LVU554
 1407 004e 01F01F0C 	 and ip,r1,#31
 648:Drivers/STM32G4xx_HAL_Driver/Src/stm32g4xx_hal_dma.c ****   {
 1408              	 .loc 1 648 13 view .LVU555
 1409 0052 0CD1     	 bne .L110
 650:Drivers/STM32G4xx_HAL_Driver/Src/stm32g4xx_hal_dma.c ****     {
 1410              	 .loc 1 650 5 is_stmt 1 view .LVU556
 650:Drivers/STM32G4xx_HAL_Driver/Src/stm32g4xx_hal_dma.c ****     {
 1411              	 .loc 1 650 37 is_stmt 0 view .LVU557
 1412 0054 1A68     	 ldr r2,[r3]
 650:Drivers/STM32G4xx_HAL_Driver/Src/stm32g4xx_hal_dma.c ****     {
 1413              	 .loc 1 650 69 view .LVU558
 1414 0056 0820     	 movs r0,#8
 1415              	.LVL78:
 650:Drivers/STM32G4xx_HAL_Driver/Src/stm32g4xx_hal_dma.c ****     {
 1416              	 .loc 1 650 69 view .LVU559
 1417 0058 00FA0CF0 	 lsl r0,r0,ip
 650:Drivers/STM32G4xx_HAL_Driver/Src/stm32g4xx_hal_dma.c ****     {
 1418              	 .loc 1 650 8 view .LVU560
 1419 005c 0242     	 tst r2,r0
 1420 005e 03D0     	 beq .L108
 1421 0060 56E0     	 b .L113
 1422              	.L109:
 650:Drivers/STM32G4xx_HAL_Driver/Src/stm32g4xx_hal_dma.c ****     {
 1423              	 .loc 1 650 37 view .LVU561
 1424 0062 1A68     	 ldr r2,[r3]
 650:Drivers/STM32G4xx_HAL_Driver/Src/stm32g4xx_hal_dma.c ****     {
 1425              	 .loc 1 650 8 view .LVU562
 1426 0064 0242     	 tst r2,r0
 1427 0066 53D1     	 bne .L113
 1428              	.L108:
 650:Drivers/STM32G4xx_HAL_Driver/Src/stm32g4xx_hal_dma.c ****     {
 1429              	 .loc 1 650 5 is_stmt 1 view .LVU563
 648:Drivers/STM32G4xx_HAL_Driver/Src/stm32g4xx_hal_dma.c ****   {
 1430              	 .loc 1 648 13 view .LVU564
 648:Drivers/STM32G4xx_HAL_Driver/Src/stm32g4xx_hal_dma.c ****   {
 1431              	 .loc 1 648 37 is_stmt 0 view .LVU565
ARM GAS   			page 54


 1432 0068 1A68     	 ldr r2,[r3]
 648:Drivers/STM32G4xx_HAL_Driver/Src/stm32g4xx_hal_dma.c ****   {
 1433              	 .loc 1 648 13 view .LVU566
 1434 006a 2A42     	 tst r2,r5
 1435 006c F9D0     	 beq .L109
 1436              	.L110:
 688:Drivers/STM32G4xx_HAL_Driver/Src/stm32g4xx_hal_dma.c ****   {
 1437              	 .loc 1 688 3 is_stmt 1 view .LVU567
 688:Drivers/STM32G4xx_HAL_Driver/Src/stm32g4xx_hal_dma.c ****   {
 1438              	 .loc 1 688 11 is_stmt 0 view .LVU568
 1439 006e 626D     	 ldr r2,[r4,#84]
 688:Drivers/STM32G4xx_HAL_Driver/Src/stm32g4xx_hal_dma.c ****   {
 1440              	 .loc 1 688 6 view .LVU569
 1441 0070 6AB1     	 cbz r2,.L114
 691:Drivers/STM32G4xx_HAL_Driver/Src/stm32g4xx_hal_dma.c ****     {
 1442              	 .loc 1 691 5 is_stmt 1 view .LVU570
 691:Drivers/STM32G4xx_HAL_Driver/Src/stm32g4xx_hal_dma.c ****     {
 1443              	 .loc 1 691 51 is_stmt 0 view .LVU571
 1444 0072 D4E91610 	 ldrd r1,r0,[r4,#88]
 691:Drivers/STM32G4xx_HAL_Driver/Src/stm32g4xx_hal_dma.c ****     {
 1445              	 .loc 1 691 38 view .LVU572
 1446 0076 0D68     	 ldr r5,[r1]
 1447              	.LVL79:
 691:Drivers/STM32G4xx_HAL_Driver/Src/stm32g4xx_hal_dma.c ****     {
 1448              	 .loc 1 691 8 view .LVU573
 1449 0078 0542     	 tst r5,r0
 1450 007a 08D0     	 beq .L114
 694:Drivers/STM32G4xx_HAL_Driver/Src/stm32g4xx_hal_dma.c **** 
 1451              	 .loc 1 694 7 is_stmt 1 view .LVU574
 694:Drivers/STM32G4xx_HAL_Driver/Src/stm32g4xx_hal_dma.c **** 
 1452              	 .loc 1 694 29 is_stmt 0 view .LVU575
 1453 007c 1568     	 ldr r5,[r2]
 694:Drivers/STM32G4xx_HAL_Driver/Src/stm32g4xx_hal_dma.c **** 
 1454              	 .loc 1 694 36 view .LVU576
 1455 007e 45F48075 	 orr r5,r5,#256
 1456 0082 1560     	 str r5,[r2]
 697:Drivers/STM32G4xx_HAL_Driver/Src/stm32g4xx_hal_dma.c **** 
 1457              	 .loc 1 697 7 is_stmt 1 view .LVU577
 697:Drivers/STM32G4xx_HAL_Driver/Src/stm32g4xx_hal_dma.c **** 
 1458              	 .loc 1 697 43 is_stmt 0 view .LVU578
 1459 0084 4860     	 str r0,[r1,#4]
 700:Drivers/STM32G4xx_HAL_Driver/Src/stm32g4xx_hal_dma.c ****     }
 1460              	 .loc 1 700 7 is_stmt 1 view .LVU579
 700:Drivers/STM32G4xx_HAL_Driver/Src/stm32g4xx_hal_dma.c ****     }
 1461              	 .loc 1 700 11 is_stmt 0 view .LVU580
 1462 0086 E26B     	 ldr r2,[r4,#60]
 700:Drivers/STM32G4xx_HAL_Driver/Src/stm32g4xx_hal_dma.c ****     }
 1463              	 .loc 1 700 23 view .LVU581
 1464 0088 42F48062 	 orr r2,r2,#1024
 1465 008c E263     	 str r2,[r4,#60]
 1466              	.L114:
 705:Drivers/STM32G4xx_HAL_Driver/Src/stm32g4xx_hal_dma.c ****   {
 1467              	 .loc 1 705 3 is_stmt 1 view .LVU582
 705:Drivers/STM32G4xx_HAL_Driver/Src/stm32g4xx_hal_dma.c ****   {
 1468              	 .loc 1 705 45 is_stmt 0 view .LVU583
 1469 008e D4E91321 	 ldrd r2,r1,[r4,#76]
 705:Drivers/STM32G4xx_HAL_Driver/Src/stm32g4xx_hal_dma.c ****   {
ARM GAS   			page 55


 1470              	 .loc 1 705 33 view .LVU584
 1471 0092 1068     	 ldr r0,[r2]
 705:Drivers/STM32G4xx_HAL_Driver/Src/stm32g4xx_hal_dma.c ****   {
 1472              	 .loc 1 705 6 view .LVU585
 1473 0094 0842     	 tst r0,r1
 1474 0096 04D0     	 beq .L115
 708:Drivers/STM32G4xx_HAL_Driver/Src/stm32g4xx_hal_dma.c **** 
 1475              	 .loc 1 708 5 is_stmt 1 view .LVU586
 708:Drivers/STM32G4xx_HAL_Driver/Src/stm32g4xx_hal_dma.c **** 
 1476              	 .loc 1 708 36 is_stmt 0 view .LVU587
 1477 0098 5160     	 str r1,[r2,#4]
 711:Drivers/STM32G4xx_HAL_Driver/Src/stm32g4xx_hal_dma.c ****   }
 1478              	 .loc 1 711 5 is_stmt 1 view .LVU588
 711:Drivers/STM32G4xx_HAL_Driver/Src/stm32g4xx_hal_dma.c ****   }
 1479              	 .loc 1 711 9 is_stmt 0 view .LVU589
 1480 009a E26B     	 ldr r2,[r4,#60]
 711:Drivers/STM32G4xx_HAL_Driver/Src/stm32g4xx_hal_dma.c ****   }
 1481              	 .loc 1 711 21 view .LVU590
 1482 009c 42F40072 	 orr r2,r2,#512
 1483 00a0 E263     	 str r2,[r4,#60]
 1484              	.L115:
 714:Drivers/STM32G4xx_HAL_Driver/Src/stm32g4xx_hal_dma.c ****   {
 1485              	 .loc 1 714 3 is_stmt 1 view .LVU591
 714:Drivers/STM32G4xx_HAL_Driver/Src/stm32g4xx_hal_dma.c ****   {
 1486              	 .loc 1 714 6 is_stmt 0 view .LVU592
 1487 00a2 002E     	 cmp r6,#0
 1488 00a4 3FD1     	 bne .L116
 717:Drivers/STM32G4xx_HAL_Driver/Src/stm32g4xx_hal_dma.c **** 
 1489              	 .loc 1 717 5 is_stmt 1 view .LVU593
 717:Drivers/STM32G4xx_HAL_Driver/Src/stm32g4xx_hal_dma.c **** 
 1490              	 .loc 1 717 58 is_stmt 0 view .LVU594
 1491 00a6 0222     	 movs r2,#2
 1492 00a8 02FA0CF2 	 lsl r2,r2,ip
 721:Drivers/STM32G4xx_HAL_Driver/Src/stm32g4xx_hal_dma.c ****   }
 1493              	 .loc 1 721 17 view .LVU595
 1494 00ac 0121     	 movs r1,#1
 717:Drivers/STM32G4xx_HAL_Driver/Src/stm32g4xx_hal_dma.c **** 
 1495              	 .loc 1 717 32 view .LVU596
 1496 00ae 5A60     	 str r2,[r3,#4]
 721:Drivers/STM32G4xx_HAL_Driver/Src/stm32g4xx_hal_dma.c ****   }
 1497              	 .loc 1 721 5 is_stmt 1 view .LVU597
 721:Drivers/STM32G4xx_HAL_Driver/Src/stm32g4xx_hal_dma.c ****   }
 1498              	 .loc 1 721 17 is_stmt 0 view .LVU598
 1499 00b0 84F82510 	 strb r1,[r4,#37]
 1500              	.L117:
 730:Drivers/STM32G4xx_HAL_Driver/Src/stm32g4xx_hal_dma.c **** 
 1501              	 .loc 1 730 3 is_stmt 1 view .LVU599
 730:Drivers/STM32G4xx_HAL_Driver/Src/stm32g4xx_hal_dma.c **** 
 1502              	 .loc 1 730 3 view .LVU600
 1503 00b4 0020     	 movs r0,#0
 1504 00b6 84F82400 	 strb r0,[r4,#36]
 730:Drivers/STM32G4xx_HAL_Driver/Src/stm32g4xx_hal_dma.c **** 
 1505              	 .loc 1 730 3 view .LVU601
 732:Drivers/STM32G4xx_HAL_Driver/Src/stm32g4xx_hal_dma.c **** }
 1506              	 .loc 1 732 3 view .LVU602
 733:Drivers/STM32G4xx_HAL_Driver/Src/stm32g4xx_hal_dma.c **** 
 1507              	 .loc 1 733 1 is_stmt 0 view .LVU603
ARM GAS   			page 56


 1508 00ba BDE8F883 	 pop {r3,r4,r5,r6,r7,r8,r9,pc}
 1509              	.LVL80:
 1510              	.L130:
 628:Drivers/STM32G4xx_HAL_Driver/Src/stm32g4xx_hal_dma.c ****     return HAL_ERROR;
 1511              	 .loc 1 628 5 is_stmt 1 view .LVU604
 628:Drivers/STM32G4xx_HAL_Driver/Src/stm32g4xx_hal_dma.c ****     return HAL_ERROR;
 1512              	 .loc 1 628 21 is_stmt 0 view .LVU605
 1513 00be 4FF48073 	 mov r3,#256
 1514 00c2 E363     	 str r3,[r4,#60]
 629:Drivers/STM32G4xx_HAL_Driver/Src/stm32g4xx_hal_dma.c ****   }
 1515              	 .loc 1 629 5 is_stmt 1 view .LVU606
 629:Drivers/STM32G4xx_HAL_Driver/Src/stm32g4xx_hal_dma.c ****   }
 1516              	 .loc 1 629 12 is_stmt 0 view .LVU607
 1517 00c4 A8E7     	 b .L97
 1518              	.L131:
 637:Drivers/STM32G4xx_HAL_Driver/Src/stm32g4xx_hal_dma.c ****   }
 1519              	 .loc 1 637 5 is_stmt 1 view .LVU608
 637:Drivers/STM32G4xx_HAL_Driver/Src/stm32g4xx_hal_dma.c ****   }
 1520              	 .loc 1 637 10 is_stmt 0 view .LVU609
 1521 00c6 02FA05F5 	 lsl r5,r2,r5
 1522              	.LVL81:
 646:Drivers/STM32G4xx_HAL_Driver/Src/stm32g4xx_hal_dma.c **** 
 1523              	 .loc 1 646 3 is_stmt 1 view .LVU610
 646:Drivers/STM32G4xx_HAL_Driver/Src/stm32g4xx_hal_dma.c **** 
 1524              	 .loc 1 646 15 is_stmt 0 view .LVU611
 1525 00ca FFF7FEFF 	 bl HAL_GetTick
 1526              	.LVL82:
 646:Drivers/STM32G4xx_HAL_Driver/Src/stm32g4xx_hal_dma.c **** 
 1527              	 .loc 1 646 15 view .LVU612
 1528 00ce 7B1C     	 adds r3,r7,#1
 1529 00d0 8046     	 mov r8,r0
 1530              	.LVL83:
 648:Drivers/STM32G4xx_HAL_Driver/Src/stm32g4xx_hal_dma.c ****   {
 1531              	 .loc 1 648 3 is_stmt 1 view .LVU613
 1532 00d2 B8D0     	 beq .L102
 1533              	.L132:
 648:Drivers/STM32G4xx_HAL_Driver/Src/stm32g4xx_hal_dma.c ****   {
 1534              	 .loc 1 648 3 is_stmt 0 view .LVU614
 1535 00d4 67B3     	 cbz r7,.L103
 650:Drivers/STM32G4xx_HAL_Driver/Src/stm32g4xx_hal_dma.c ****     {
 1536              	 .loc 1 650 69 view .LVU615
 1537 00d6 4FF00809 	 mov r9,#8
 1538              	.LVL84:
 1539              	.L107:
 648:Drivers/STM32G4xx_HAL_Driver/Src/stm32g4xx_hal_dma.c ****   {
 1540              	 .loc 1 648 13 is_stmt 1 view .LVU616
 650:Drivers/STM32G4xx_HAL_Driver/Src/stm32g4xx_hal_dma.c ****     {
 1541              	 .loc 1 650 5 view .LVU617
 669:Drivers/STM32G4xx_HAL_Driver/Src/stm32g4xx_hal_dma.c ****     {
 1542              	 .loc 1 669 5 view .LVU618
 671:Drivers/STM32G4xx_HAL_Driver/Src/stm32g4xx_hal_dma.c ****       {
 1543              	 .loc 1 671 7 view .LVU619
 650:Drivers/STM32G4xx_HAL_Driver/Src/stm32g4xx_hal_dma.c ****     {
 1544              	 .loc 1 650 92 is_stmt 0 view .LVU620
 1545 00da D4E91032 	 ldrd r3,r2,[r4,#64]
 1546 00de 02F01F0C 	 and ip,r2,#31
 648:Drivers/STM32G4xx_HAL_Driver/Src/stm32g4xx_hal_dma.c ****   {
ARM GAS   			page 57


 1547              	 .loc 1 648 37 view .LVU621
 1548 00e2 1A68     	 ldr r2,[r3]
 648:Drivers/STM32G4xx_HAL_Driver/Src/stm32g4xx_hal_dma.c ****   {
 1549              	 .loc 1 648 13 view .LVU622
 1550 00e4 1542     	 tst r5,r2
 1551 00e6 C2D1     	 bne .L110
 650:Drivers/STM32G4xx_HAL_Driver/Src/stm32g4xx_hal_dma.c ****     {
 1552              	 .loc 1 650 37 view .LVU623
 1553 00e8 1A68     	 ldr r2,[r3]
 650:Drivers/STM32G4xx_HAL_Driver/Src/stm32g4xx_hal_dma.c ****     {
 1554              	 .loc 1 650 69 view .LVU624
 1555 00ea 09FA0CF1 	 lsl r1,r9,ip
 650:Drivers/STM32G4xx_HAL_Driver/Src/stm32g4xx_hal_dma.c ****     {
 1556              	 .loc 1 650 8 view .LVU625
 1557 00ee 1142     	 tst r1,r2
 1558 00f0 0ED1     	 bne .L113
 671:Drivers/STM32G4xx_HAL_Driver/Src/stm32g4xx_hal_dma.c ****       {
 1559              	 .loc 1 671 13 view .LVU626
 1560 00f2 FFF7FEFF 	 bl HAL_GetTick
 1561              	.LVL85:
 671:Drivers/STM32G4xx_HAL_Driver/Src/stm32g4xx_hal_dma.c ****       {
 1562              	 .loc 1 671 27 discriminator 1 view .LVU627
 1563 00f6 A0EB0803 	 sub r3,r0,r8
 671:Drivers/STM32G4xx_HAL_Driver/Src/stm32g4xx_hal_dma.c ****       {
 1564              	 .loc 1 671 10 discriminator 1 view .LVU628
 1565 00fa 9F42     	 cmp r7,r3
 1566 00fc EDD2     	 bcs .L107
 1567              	.L106:
 674:Drivers/STM32G4xx_HAL_Driver/Src/stm32g4xx_hal_dma.c **** 
 1568              	 .loc 1 674 9 is_stmt 1 view .LVU629
 674:Drivers/STM32G4xx_HAL_Driver/Src/stm32g4xx_hal_dma.c **** 
 1569              	 .loc 1 674 25 is_stmt 0 view .LVU630
 1570 00fe 2021     	 movs r1,#32
 677:Drivers/STM32G4xx_HAL_Driver/Src/stm32g4xx_hal_dma.c **** 
 1571              	 .loc 1 677 21 view .LVU631
 1572 0100 0123     	 movs r3,#1
 680:Drivers/STM32G4xx_HAL_Driver/Src/stm32g4xx_hal_dma.c **** 
 1573              	 .loc 1 680 9 view .LVU632
 1574 0102 0022     	 movs r2,#0
 674:Drivers/STM32G4xx_HAL_Driver/Src/stm32g4xx_hal_dma.c **** 
 1575              	 .loc 1 674 25 view .LVU633
 1576 0104 E163     	 str r1,[r4,#60]
 677:Drivers/STM32G4xx_HAL_Driver/Src/stm32g4xx_hal_dma.c **** 
 1577              	 .loc 1 677 9 is_stmt 1 view .LVU634
 680:Drivers/STM32G4xx_HAL_Driver/Src/stm32g4xx_hal_dma.c **** 
 1578              	 .loc 1 680 9 is_stmt 0 view .LVU635
 1579 0106 84F82420 	 strb r2,[r4,#36]
 677:Drivers/STM32G4xx_HAL_Driver/Src/stm32g4xx_hal_dma.c **** 
 1580              	 .loc 1 677 21 view .LVU636
 1581 010a 84F82530 	 strb r3,[r4,#37]
 680:Drivers/STM32G4xx_HAL_Driver/Src/stm32g4xx_hal_dma.c **** 
 1582              	 .loc 1 680 9 is_stmt 1 view .LVU637
 680:Drivers/STM32G4xx_HAL_Driver/Src/stm32g4xx_hal_dma.c **** 
 1583              	 .loc 1 680 9 view .LVU638
 680:Drivers/STM32G4xx_HAL_Driver/Src/stm32g4xx_hal_dma.c **** 
 1584              	 .loc 1 680 9 view .LVU639
 682:Drivers/STM32G4xx_HAL_Driver/Src/stm32g4xx_hal_dma.c ****       }
ARM GAS   			page 58


 1585              	 .loc 1 682 9 view .LVU640
 682:Drivers/STM32G4xx_HAL_Driver/Src/stm32g4xx_hal_dma.c ****       }
 1586              	 .loc 1 682 16 is_stmt 0 view .LVU641
 1587 010e 83E7     	 b .L97
 1588              	.L113:
 655:Drivers/STM32G4xx_HAL_Driver/Src/stm32g4xx_hal_dma.c **** 
 1589              	 .loc 1 655 7 is_stmt 1 view .LVU642
 655:Drivers/STM32G4xx_HAL_Driver/Src/stm32g4xx_hal_dma.c **** 
 1590              	 .loc 1 655 60 is_stmt 0 view .LVU643
 1591 0110 0122     	 movs r2,#1
 1592 0112 02FA0CF0 	 lsl r0,r2,ip
 664:Drivers/STM32G4xx_HAL_Driver/Src/stm32g4xx_hal_dma.c **** 
 1593              	 .loc 1 664 7 view .LVU644
 1594 0116 0021     	 movs r1,#0
 655:Drivers/STM32G4xx_HAL_Driver/Src/stm32g4xx_hal_dma.c **** 
 1595              	 .loc 1 655 34 view .LVU645
 1596 0118 5860     	 str r0,[r3,#4]
 658:Drivers/STM32G4xx_HAL_Driver/Src/stm32g4xx_hal_dma.c **** 
 1597              	 .loc 1 658 7 is_stmt 1 view .LVU646
 658:Drivers/STM32G4xx_HAL_Driver/Src/stm32g4xx_hal_dma.c **** 
 1598              	 .loc 1 658 23 is_stmt 0 view .LVU647
 1599 011a E263     	 str r2,[r4,#60]
 661:Drivers/STM32G4xx_HAL_Driver/Src/stm32g4xx_hal_dma.c **** 
 1600              	 .loc 1 661 7 is_stmt 1 view .LVU648
 664:Drivers/STM32G4xx_HAL_Driver/Src/stm32g4xx_hal_dma.c **** 
 1601              	 .loc 1 664 7 is_stmt 0 view .LVU649
 1602 011c 84F82410 	 strb r1,[r4,#36]
 661:Drivers/STM32G4xx_HAL_Driver/Src/stm32g4xx_hal_dma.c **** 
 1603              	 .loc 1 661 19 view .LVU650
 1604 0120 84F82520 	 strb r2,[r4,#37]
 664:Drivers/STM32G4xx_HAL_Driver/Src/stm32g4xx_hal_dma.c **** 
 1605              	 .loc 1 664 7 is_stmt 1 view .LVU651
 664:Drivers/STM32G4xx_HAL_Driver/Src/stm32g4xx_hal_dma.c **** 
 1606              	 .loc 1 664 7 view .LVU652
 664:Drivers/STM32G4xx_HAL_Driver/Src/stm32g4xx_hal_dma.c **** 
 1607              	 .loc 1 664 7 view .LVU653
 666:Drivers/STM32G4xx_HAL_Driver/Src/stm32g4xx_hal_dma.c ****     }
 1608              	 .loc 1 666 7 view .LVU654
 666:Drivers/STM32G4xx_HAL_Driver/Src/stm32g4xx_hal_dma.c ****     }
 1609              	 .loc 1 666 14 is_stmt 0 view .LVU655
 1610 0124 78E7     	 b .L97
 1611              	.LVL86:
 1612              	.L116:
 726:Drivers/STM32G4xx_HAL_Driver/Src/stm32g4xx_hal_dma.c ****   }
 1613              	 .loc 1 726 5 is_stmt 1 view .LVU656
 726:Drivers/STM32G4xx_HAL_Driver/Src/stm32g4xx_hal_dma.c ****   }
 1614              	 .loc 1 726 58 is_stmt 0 view .LVU657
 1615 0126 0422     	 movs r2,#4
 1616 0128 02FA0CF2 	 lsl r2,r2,ip
 726:Drivers/STM32G4xx_HAL_Driver/Src/stm32g4xx_hal_dma.c ****   }
 1617              	 .loc 1 726 32 view .LVU658
 1618 012c 5A60     	 str r2,[r3,#4]
 1619 012e C1E7     	 b .L117
 1620              	.LVL87:
 1621              	.L103:
 648:Drivers/STM32G4xx_HAL_Driver/Src/stm32g4xx_hal_dma.c ****   {
 1622              	 .loc 1 648 13 is_stmt 1 view .LVU659
ARM GAS   			page 59


 648:Drivers/STM32G4xx_HAL_Driver/Src/stm32g4xx_hal_dma.c ****   {
 1623              	 .loc 1 648 21 is_stmt 0 view .LVU660
 1624 0130 236C     	 ldr r3,[r4,#64]
 650:Drivers/STM32G4xx_HAL_Driver/Src/stm32g4xx_hal_dma.c ****     {
 1625              	 .loc 1 650 92 view .LVU661
 1626 0132 616C     	 ldr r1,[r4,#68]
 648:Drivers/STM32G4xx_HAL_Driver/Src/stm32g4xx_hal_dma.c ****   {
 1627              	 .loc 1 648 37 view .LVU662
 1628 0134 1A68     	 ldr r2,[r3]
 648:Drivers/STM32G4xx_HAL_Driver/Src/stm32g4xx_hal_dma.c ****   {
 1629              	 .loc 1 648 13 view .LVU663
 1630 0136 1542     	 tst r5,r2
 650:Drivers/STM32G4xx_HAL_Driver/Src/stm32g4xx_hal_dma.c ****     {
 1631              	 .loc 1 650 92 view .LVU664
 1632 0138 01F01F0C 	 and ip,r1,#31
 648:Drivers/STM32G4xx_HAL_Driver/Src/stm32g4xx_hal_dma.c ****   {
 1633              	 .loc 1 648 13 view .LVU665
 1634 013c 97D1     	 bne .L110
 650:Drivers/STM32G4xx_HAL_Driver/Src/stm32g4xx_hal_dma.c ****     {
 1635              	 .loc 1 650 5 is_stmt 1 view .LVU666
 650:Drivers/STM32G4xx_HAL_Driver/Src/stm32g4xx_hal_dma.c ****     {
 1636              	 .loc 1 650 37 is_stmt 0 view .LVU667
 1637 013e 1968     	 ldr r1,[r3]
 650:Drivers/STM32G4xx_HAL_Driver/Src/stm32g4xx_hal_dma.c ****     {
 1638              	 .loc 1 650 69 view .LVU668
 1639 0140 0822     	 movs r2,#8
 1640 0142 02FA0CF2 	 lsl r2,r2,ip
 650:Drivers/STM32G4xx_HAL_Driver/Src/stm32g4xx_hal_dma.c ****     {
 1641              	 .loc 1 650 8 view .LVU669
 1642 0146 0A42     	 tst r2,r1
 1643 0148 E2D1     	 bne .L113
 669:Drivers/STM32G4xx_HAL_Driver/Src/stm32g4xx_hal_dma.c ****     {
 1644              	 .loc 1 669 5 is_stmt 1 view .LVU670
 671:Drivers/STM32G4xx_HAL_Driver/Src/stm32g4xx_hal_dma.c ****       {
 1645              	 .loc 1 671 7 view .LVU671
 671:Drivers/STM32G4xx_HAL_Driver/Src/stm32g4xx_hal_dma.c ****       {
 1646              	 .loc 1 671 13 is_stmt 0 view .LVU672
 1647 014a FFF7FEFF 	 bl HAL_GetTick
 1648              	.LVL88:
 671:Drivers/STM32G4xx_HAL_Driver/Src/stm32g4xx_hal_dma.c ****       {
 1649              	 .loc 1 671 13 view .LVU673
 1650 014e D6E7     	 b .L106
 1651              	 .cfi_endproc
 1652              	.LFE367:
 1654              	 .section .text.HAL_DMA_IRQHandler,"ax",%progbits
 1655              	 .align 1
 1656              	 .p2align 2,,3
 1657              	 .global HAL_DMA_IRQHandler
 1658              	 .syntax unified
 1659              	 .thumb
 1660              	 .thumb_func
 1662              	HAL_DMA_IRQHandler:
 1663              	.LVL89:
 1664              	.LFB368:
 742:Drivers/STM32G4xx_HAL_Driver/Src/stm32g4xx_hal_dma.c ****   uint32_t flag_it = hdma->DmaBaseAddress->ISR;
 1665              	 .loc 1 742 1 is_stmt 1 view-0
 1666              	 .cfi_startproc
ARM GAS   			page 60


 1667              	 
 1668              	 
 1669              	 
 743:Drivers/STM32G4xx_HAL_Driver/Src/stm32g4xx_hal_dma.c ****   uint32_t source_it = hdma->Instance->CCR;
 1670              	 .loc 1 743 3 view .LVU675
 742:Drivers/STM32G4xx_HAL_Driver/Src/stm32g4xx_hal_dma.c ****   uint32_t flag_it = hdma->DmaBaseAddress->ISR;
 1671              	 .loc 1 742 1 is_stmt 0 view .LVU676
 1672 0000 70B4     	 push {r4,r5,r6}
 1673              	 .cfi_def_cfa_offset 12
 1674              	 .cfi_offset 4,-12
 1675              	 .cfi_offset 5,-8
 1676              	 .cfi_offset 6,-4
 747:Drivers/STM32G4xx_HAL_Driver/Src/stm32g4xx_hal_dma.c ****   {
 1677              	 .loc 1 747 72 view .LVU677
 1678 0002 436C     	 ldr r3,[r0,#68]
 743:Drivers/STM32G4xx_HAL_Driver/Src/stm32g4xx_hal_dma.c ****   uint32_t source_it = hdma->Instance->CCR;
 1679              	 .loc 1 743 26 view .LVU678
 1680 0004 066C     	 ldr r6,[r0,#64]
 744:Drivers/STM32G4xx_HAL_Driver/Src/stm32g4xx_hal_dma.c **** 
 1681              	 .loc 1 744 28 view .LVU679
 1682 0006 0568     	 ldr r5,[r0]
 743:Drivers/STM32G4xx_HAL_Driver/Src/stm32g4xx_hal_dma.c ****   uint32_t source_it = hdma->Instance->CCR;
 1683              	 .loc 1 743 12 view .LVU680
 1684 0008 3168     	 ldr r1,[r6]
 1685              	.LVL90:
 744:Drivers/STM32G4xx_HAL_Driver/Src/stm32g4xx_hal_dma.c **** 
 1686              	 .loc 1 744 3 is_stmt 1 view .LVU681
 744:Drivers/STM32G4xx_HAL_Driver/Src/stm32g4xx_hal_dma.c **** 
 1687              	 .loc 1 744 12 is_stmt 0 view .LVU682
 1688 000a 2C68     	 ldr r4,[r5]
 1689              	.LVL91:
 747:Drivers/STM32G4xx_HAL_Driver/Src/stm32g4xx_hal_dma.c ****   {
 1690              	 .loc 1 747 3 is_stmt 1 view .LVU683
 747:Drivers/STM32G4xx_HAL_Driver/Src/stm32g4xx_hal_dma.c ****   {
 1691              	 .loc 1 747 72 is_stmt 0 view .LVU684
 1692 000c 03F01F03 	 and r3,r3,#31
 747:Drivers/STM32G4xx_HAL_Driver/Src/stm32g4xx_hal_dma.c ****   {
 1693              	 .loc 1 747 49 view .LVU685
 1694 0010 0422     	 movs r2,#4
 1695 0012 9A40     	 lsls r2,r2,r3
 747:Drivers/STM32G4xx_HAL_Driver/Src/stm32g4xx_hal_dma.c ****   {
 1696              	 .loc 1 747 6 view .LVU686
 1697 0014 0A42     	 tst r2,r1
 1698 0016 0ED0     	 beq .L134
 747:Drivers/STM32G4xx_HAL_Driver/Src/stm32g4xx_hal_dma.c ****   {
 1699              	 .loc 1 747 84 discriminator 1 view .LVU687
 1700 0018 14F0040F 	 tst r4,#4
 1701 001c 0BD0     	 beq .L134
 750:Drivers/STM32G4xx_HAL_Driver/Src/stm32g4xx_hal_dma.c ****     {
 1702              	 .loc 1 750 5 is_stmt 1 view .LVU688
 750:Drivers/STM32G4xx_HAL_Driver/Src/stm32g4xx_hal_dma.c ****     {
 1703              	 .loc 1 750 24 is_stmt 0 view .LVU689
 1704 001e 2B68     	 ldr r3,[r5]
 750:Drivers/STM32G4xx_HAL_Driver/Src/stm32g4xx_hal_dma.c ****     {
 1705              	 .loc 1 750 8 view .LVU690
 1706 0020 9B06     	 lsls r3,r3,#26
 1707 0022 03D4     	 bmi .L135
ARM GAS   			page 61


 753:Drivers/STM32G4xx_HAL_Driver/Src/stm32g4xx_hal_dma.c ****     }
 1708              	 .loc 1 753 7 is_stmt 1 view .LVU691
 1709 0024 2B68     	 ldr r3,[r5]
 1710 0026 23F00403 	 bic r3,r3,#4
 1711 002a 2B60     	 str r3,[r5]
 1712              	.L135:
 756:Drivers/STM32G4xx_HAL_Driver/Src/stm32g4xx_hal_dma.c **** 
 1713              	 .loc 1 756 5 view .LVU692
 761:Drivers/STM32G4xx_HAL_Driver/Src/stm32g4xx_hal_dma.c ****     {
 1714              	 .loc 1 761 13 is_stmt 0 view .LVU693
 1715 002c 036B     	 ldr r3,[r0,#48]
 756:Drivers/STM32G4xx_HAL_Driver/Src/stm32g4xx_hal_dma.c **** 
 1716              	 .loc 1 756 32 view .LVU694
 1717 002e 7260     	 str r2,[r6,#4]
 761:Drivers/STM32G4xx_HAL_Driver/Src/stm32g4xx_hal_dma.c ****     {
 1718              	 .loc 1 761 5 is_stmt 1 view .LVU695
 761:Drivers/STM32G4xx_HAL_Driver/Src/stm32g4xx_hal_dma.c ****     {
 1719              	 .loc 1 761 8 is_stmt 0 view .LVU696
 1720 0030 CBB1     	 cbz r3,.L133
 1721              	.LVL92:
 1722              	.L166:
 788:Drivers/STM32G4xx_HAL_Driver/Src/stm32g4xx_hal_dma.c ****     }
 1723              	 .loc 1 788 7 is_stmt 1 view .LVU697
 823:Drivers/STM32G4xx_HAL_Driver/Src/stm32g4xx_hal_dma.c **** 
 1724              	 .loc 1 823 1 is_stmt 0 view .LVU698
 1725 0032 70BC     	 pop {r4,r5,r6}
 1726              	 .cfi_remember_state
 1727              	 .cfi_restore 6
 1728              	 .cfi_restore 5
 1729              	 .cfi_restore 4
 1730              	 .cfi_def_cfa_offset 0
 1731              	.LVL93:
 788:Drivers/STM32G4xx_HAL_Driver/Src/stm32g4xx_hal_dma.c ****     }
 1732              	 .loc 1 788 7 view .LVU699
 1733 0034 1847     	 bx r3
 1734              	.LVL94:
 1735              	.L134:
 1736              	 .cfi_restore_state
 768:Drivers/STM32G4xx_HAL_Driver/Src/stm32g4xx_hal_dma.c ****            && (0U != (source_it & DMA_IT_TC)))
 1737              	 .loc 1 768 8 is_stmt 1 view .LVU700
 768:Drivers/STM32G4xx_HAL_Driver/Src/stm32g4xx_hal_dma.c ****            && (0U != (source_it & DMA_IT_TC)))
 1738              	 .loc 1 768 54 is_stmt 0 view .LVU701
 1739 0036 0222     	 movs r2,#2
 1740 0038 9A40     	 lsls r2,r2,r3
 768:Drivers/STM32G4xx_HAL_Driver/Src/stm32g4xx_hal_dma.c ****            && (0U != (source_it & DMA_IT_TC)))
 1741              	 .loc 1 768 11 view .LVU702
 1742 003a 0A42     	 tst r2,r1
 1743 003c 15D0     	 beq .L138
 769:Drivers/STM32G4xx_HAL_Driver/Src/stm32g4xx_hal_dma.c ****   {
 1744              	 .loc 1 769 12 view .LVU703
 1745 003e 14F0020F 	 tst r4,#2
 1746 0042 12D0     	 beq .L138
 771:Drivers/STM32G4xx_HAL_Driver/Src/stm32g4xx_hal_dma.c ****     {
 1747              	 .loc 1 771 5 is_stmt 1 view .LVU704
 771:Drivers/STM32G4xx_HAL_Driver/Src/stm32g4xx_hal_dma.c ****     {
 1748              	 .loc 1 771 24 is_stmt 0 view .LVU705
 1749 0044 2B68     	 ldr r3,[r5]
ARM GAS   			page 62


 771:Drivers/STM32G4xx_HAL_Driver/Src/stm32g4xx_hal_dma.c ****     {
 1750              	 .loc 1 771 8 view .LVU706
 1751 0046 9906     	 lsls r1,r3,#26
 1752              	.LVL95:
 771:Drivers/STM32G4xx_HAL_Driver/Src/stm32g4xx_hal_dma.c ****     {
 1753              	 .loc 1 771 8 view .LVU707
 1754 0048 06D4     	 bmi .L139
 774:Drivers/STM32G4xx_HAL_Driver/Src/stm32g4xx_hal_dma.c **** 
 1755              	 .loc 1 774 7 is_stmt 1 view .LVU708
 1756 004a 2B68     	 ldr r3,[r5]
 1757 004c 23F00A03 	 bic r3,r3,#10
 1758 0050 2B60     	 str r3,[r5]
 777:Drivers/STM32G4xx_HAL_Driver/Src/stm32g4xx_hal_dma.c ****     }
 1759              	 .loc 1 777 7 view .LVU709
 777:Drivers/STM32G4xx_HAL_Driver/Src/stm32g4xx_hal_dma.c ****     }
 1760              	 .loc 1 777 19 is_stmt 0 view .LVU710
 1761 0052 0123     	 movs r3,#1
 1762 0054 80F82530 	 strb r3,[r0,#37]
 1763              	.L139:
 780:Drivers/STM32G4xx_HAL_Driver/Src/stm32g4xx_hal_dma.c **** 
 1764              	 .loc 1 780 5 is_stmt 1 view .LVU711
 785:Drivers/STM32G4xx_HAL_Driver/Src/stm32g4xx_hal_dma.c ****     {
 1765              	 .loc 1 785 13 is_stmt 0 view .LVU712
 1766 0058 C36A     	 ldr r3,[r0,#44]
 780:Drivers/STM32G4xx_HAL_Driver/Src/stm32g4xx_hal_dma.c **** 
 1767              	 .loc 1 780 32 view .LVU713
 1768 005a 7260     	 str r2,[r6,#4]
 783:Drivers/STM32G4xx_HAL_Driver/Src/stm32g4xx_hal_dma.c **** 
 1769              	 .loc 1 783 5 is_stmt 1 view .LVU714
 783:Drivers/STM32G4xx_HAL_Driver/Src/stm32g4xx_hal_dma.c **** 
 1770              	 .loc 1 783 5 view .LVU715
 1771 005c 0021     	 movs r1,#0
 1772 005e 80F82410 	 strb r1,[r0,#36]
 783:Drivers/STM32G4xx_HAL_Driver/Src/stm32g4xx_hal_dma.c **** 
 1773              	 .loc 1 783 5 view .LVU716
 785:Drivers/STM32G4xx_HAL_Driver/Src/stm32g4xx_hal_dma.c ****     {
 1774              	 .loc 1 785 5 view .LVU717
 785:Drivers/STM32G4xx_HAL_Driver/Src/stm32g4xx_hal_dma.c ****     {
 1775              	 .loc 1 785 8 is_stmt 0 view .LVU718
 1776 0062 002B     	 cmp r3,#0
 1777 0064 E5D1     	 bne .L166
 1778              	.LVL96:
 1779              	.L133:
 823:Drivers/STM32G4xx_HAL_Driver/Src/stm32g4xx_hal_dma.c **** 
 1780              	 .loc 1 823 1 view .LVU719
 1781 0066 70BC     	 pop {r4,r5,r6}
 1782              	 .cfi_remember_state
 1783              	 .cfi_restore 6
 1784              	 .cfi_restore 5
 1785              	 .cfi_restore 4
 1786              	 .cfi_def_cfa_offset 0
 1787 0068 7047     	 bx lr
 1788              	.LVL97:
 1789              	.L138:
 1790              	 .cfi_restore_state
 792:Drivers/STM32G4xx_HAL_Driver/Src/stm32g4xx_hal_dma.c ****            && (0U != (source_it & DMA_IT_TE)))
 1791              	 .loc 1 792 8 is_stmt 1 view .LVU720
ARM GAS   			page 63


 792:Drivers/STM32G4xx_HAL_Driver/Src/stm32g4xx_hal_dma.c ****            && (0U != (source_it & DMA_IT_TE)))
 1792              	 .loc 1 792 54 is_stmt 0 view .LVU721
 1793 006a 0822     	 movs r2,#8
 1794 006c 9A40     	 lsls r2,r2,r3
 792:Drivers/STM32G4xx_HAL_Driver/Src/stm32g4xx_hal_dma.c ****            && (0U != (source_it & DMA_IT_TE)))
 1795              	 .loc 1 792 11 view .LVU722
 1796 006e 0A42     	 tst r2,r1
 1797 0070 F9D0     	 beq .L133
 793:Drivers/STM32G4xx_HAL_Driver/Src/stm32g4xx_hal_dma.c ****   {
 1798              	 .loc 1 793 12 view .LVU723
 1799 0072 2207     	 lsls r2,r4,#28
 1800 0074 F7D5     	 bpl .L133
 798:Drivers/STM32G4xx_HAL_Driver/Src/stm32g4xx_hal_dma.c **** 
 1801              	 .loc 1 798 5 is_stmt 1 view .LVU724
 1802 0076 2A68     	 ldr r2,[r5]
 812:Drivers/STM32G4xx_HAL_Driver/Src/stm32g4xx_hal_dma.c ****     {
 1803              	 .loc 1 812 13 is_stmt 0 view .LVU725
 1804 0078 416B     	 ldr r1,[r0,#52]
 1805              	.LVL98:
 798:Drivers/STM32G4xx_HAL_Driver/Src/stm32g4xx_hal_dma.c **** 
 1806              	 .loc 1 798 5 view .LVU726
 1807 007a 22F00E02 	 bic r2,r2,#14
 1808 007e 2A60     	 str r2,[r5]
 801:Drivers/STM32G4xx_HAL_Driver/Src/stm32g4xx_hal_dma.c **** 
 1809              	 .loc 1 801 5 is_stmt 1 view .LVU727
 801:Drivers/STM32G4xx_HAL_Driver/Src/stm32g4xx_hal_dma.c **** 
 1810              	 .loc 1 801 58 is_stmt 0 view .LVU728
 1811 0080 0122     	 movs r2,#1
 1812 0082 02FA03F3 	 lsl r3,r2,r3
 810:Drivers/STM32G4xx_HAL_Driver/Src/stm32g4xx_hal_dma.c **** 
 1813              	 .loc 1 810 5 view .LVU729
 1814 0086 0024     	 movs r4,#0
 1815              	.LVL99:
 801:Drivers/STM32G4xx_HAL_Driver/Src/stm32g4xx_hal_dma.c **** 
 1816              	 .loc 1 801 32 view .LVU730
 1817 0088 7360     	 str r3,[r6,#4]
 804:Drivers/STM32G4xx_HAL_Driver/Src/stm32g4xx_hal_dma.c **** 
 1818              	 .loc 1 804 5 is_stmt 1 view .LVU731
 804:Drivers/STM32G4xx_HAL_Driver/Src/stm32g4xx_hal_dma.c **** 
 1819              	 .loc 1 804 21 is_stmt 0 view .LVU732
 1820 008a C263     	 str r2,[r0,#60]
 807:Drivers/STM32G4xx_HAL_Driver/Src/stm32g4xx_hal_dma.c **** 
 1821              	 .loc 1 807 5 is_stmt 1 view .LVU733
 810:Drivers/STM32G4xx_HAL_Driver/Src/stm32g4xx_hal_dma.c **** 
 1822              	 .loc 1 810 5 is_stmt 0 view .LVU734
 1823 008c 80F82440 	 strb r4,[r0,#36]
 807:Drivers/STM32G4xx_HAL_Driver/Src/stm32g4xx_hal_dma.c **** 
 1824              	 .loc 1 807 17 view .LVU735
 1825 0090 80F82520 	 strb r2,[r0,#37]
 810:Drivers/STM32G4xx_HAL_Driver/Src/stm32g4xx_hal_dma.c **** 
 1826              	 .loc 1 810 5 is_stmt 1 view .LVU736
 810:Drivers/STM32G4xx_HAL_Driver/Src/stm32g4xx_hal_dma.c **** 
 1827              	 .loc 1 810 5 view .LVU737
 810:Drivers/STM32G4xx_HAL_Driver/Src/stm32g4xx_hal_dma.c **** 
 1828              	 .loc 1 810 5 view .LVU738
 812:Drivers/STM32G4xx_HAL_Driver/Src/stm32g4xx_hal_dma.c ****     {
 1829              	 .loc 1 812 5 view .LVU739
ARM GAS   			page 64


 812:Drivers/STM32G4xx_HAL_Driver/Src/stm32g4xx_hal_dma.c ****     {
 1830              	 .loc 1 812 8 is_stmt 0 view .LVU740
 1831 0094 0029     	 cmp r1,#0
 1832 0096 E6D0     	 beq .L133
 815:Drivers/STM32G4xx_HAL_Driver/Src/stm32g4xx_hal_dma.c ****     }
 1833              	 .loc 1 815 7 is_stmt 1 view .LVU741
 823:Drivers/STM32G4xx_HAL_Driver/Src/stm32g4xx_hal_dma.c **** 
 1834              	 .loc 1 823 1 is_stmt 0 view .LVU742
 1835 0098 70BC     	 pop {r4,r5,r6}
 1836              	 .cfi_restore 6
 1837              	 .cfi_restore 5
 1838              	 .cfi_restore 4
 1839              	 .cfi_def_cfa_offset 0
 815:Drivers/STM32G4xx_HAL_Driver/Src/stm32g4xx_hal_dma.c ****     }
 1840              	 .loc 1 815 7 view .LVU743
 1841 009a 0847     	 bx r1
 1842              	.LVL100:
 815:Drivers/STM32G4xx_HAL_Driver/Src/stm32g4xx_hal_dma.c ****     }
 1843              	 .loc 1 815 7 view .LVU744
 1844              	 .cfi_endproc
 1845              	.LFE368:
 1847              	 .section .text.HAL_DMA_RegisterCallback,"ax",%progbits
 1848              	 .align 1
 1849              	 .p2align 2,,3
 1850              	 .global HAL_DMA_RegisterCallback
 1851              	 .syntax unified
 1852              	 .thumb
 1853              	 .thumb_func
 1855              	HAL_DMA_RegisterCallback:
 1856              	.LVL101:
 1857              	.LFB369:
 836:Drivers/STM32G4xx_HAL_Driver/Src/stm32g4xx_hal_dma.c ****   HAL_StatusTypeDef status = HAL_OK;
 1858              	 .loc 1 836 1 is_stmt 1 view-0
 1859              	 .cfi_startproc
 1860              	 
 1861              	 
 1862              	 
 837:Drivers/STM32G4xx_HAL_Driver/Src/stm32g4xx_hal_dma.c **** 
 1863              	 .loc 1 837 3 view .LVU746
 840:Drivers/STM32G4xx_HAL_Driver/Src/stm32g4xx_hal_dma.c **** 
 1864              	 .loc 1 840 3 view .LVU747
 840:Drivers/STM32G4xx_HAL_Driver/Src/stm32g4xx_hal_dma.c **** 
 1865              	 .loc 1 840 3 view .LVU748
 836:Drivers/STM32G4xx_HAL_Driver/Src/stm32g4xx_hal_dma.c ****   HAL_StatusTypeDef status = HAL_OK;
 1866              	 .loc 1 836 1 is_stmt 0 view .LVU749
 1867 0000 0346     	 mov r3,r0
 840:Drivers/STM32G4xx_HAL_Driver/Src/stm32g4xx_hal_dma.c **** 
 1868              	 .loc 1 840 3 view .LVU750
 1869 0002 90F82400 	 ldrb r0,[r0,#36]
 1870              	.LVL102:
 840:Drivers/STM32G4xx_HAL_Driver/Src/stm32g4xx_hal_dma.c **** 
 1871              	 .loc 1 840 3 view .LVU751
 1872 0006 0128     	 cmp r0,#1
 1873 0008 1DD0     	 beq .L176
 840:Drivers/STM32G4xx_HAL_Driver/Src/stm32g4xx_hal_dma.c **** 
 1874              	 .loc 1 840 3 is_stmt 1 discriminator 2 view .LVU752
 840:Drivers/STM32G4xx_HAL_Driver/Src/stm32g4xx_hal_dma.c **** 
ARM GAS   			page 65


 1875              	 .loc 1 840 3 view .LVU753
 842:Drivers/STM32G4xx_HAL_Driver/Src/stm32g4xx_hal_dma.c ****   {
 1876              	 .loc 1 842 3 view .LVU754
 842:Drivers/STM32G4xx_HAL_Driver/Src/stm32g4xx_hal_dma.c ****   {
 1877              	 .loc 1 842 34 is_stmt 0 view .LVU755
 1878 000a 93F825C0 	 ldrb ip,[r3,#37]
 842:Drivers/STM32G4xx_HAL_Driver/Src/stm32g4xx_hal_dma.c ****   {
 1879              	 .loc 1 842 6 view .LVU756
 1880 000e BCF1010F 	 cmp ip,#1
 842:Drivers/STM32G4xx_HAL_Driver/Src/stm32g4xx_hal_dma.c ****   {
 1881              	 .loc 1 842 34 view .LVU757
 1882 0012 5FFA8CF0 	 uxtb r0,ip
 842:Drivers/STM32G4xx_HAL_Driver/Src/stm32g4xx_hal_dma.c ****   {
 1883              	 .loc 1 842 6 view .LVU758
 1884 0016 04D0     	 beq .L179
 1885 0018 0120     	 movs r0,#1
 1886              	.L169:
 1887              	.LVL103:
 873:Drivers/STM32G4xx_HAL_Driver/Src/stm32g4xx_hal_dma.c **** 
 1888              	 .loc 1 873 3 is_stmt 1 view .LVU759
 873:Drivers/STM32G4xx_HAL_Driver/Src/stm32g4xx_hal_dma.c **** 
 1889              	 .loc 1 873 3 view .LVU760
 1890 001a 0022     	 movs r2,#0
 1891              	.LVL104:
 873:Drivers/STM32G4xx_HAL_Driver/Src/stm32g4xx_hal_dma.c **** 
 1892              	 .loc 1 873 3 is_stmt 0 view .LVU761
 1893 001c 83F82420 	 strb r2,[r3,#36]
 873:Drivers/STM32G4xx_HAL_Driver/Src/stm32g4xx_hal_dma.c **** 
 1894              	 .loc 1 873 3 is_stmt 1 view .LVU762
 875:Drivers/STM32G4xx_HAL_Driver/Src/stm32g4xx_hal_dma.c **** }
 1895              	 .loc 1 875 3 view .LVU763
 875:Drivers/STM32G4xx_HAL_Driver/Src/stm32g4xx_hal_dma.c **** }
 1896              	 .loc 1 875 10 is_stmt 0 view .LVU764
 1897 0020 7047     	 bx lr
 1898              	.LVL105:
 1899              	.L179:
 844:Drivers/STM32G4xx_HAL_Driver/Src/stm32g4xx_hal_dma.c ****     {
 1900              	 .loc 1 844 5 is_stmt 1 view .LVU765
 1901 0022 0329     	 cmp r1,#3
 1902 0024 F9D8     	 bhi .L169
 1903 0026 DFE801F0 	 tbb [pc,r1]
 1904              	.L171:
 1905 002a 0C       	 .byte (.L174-.L171)/2
 1906 002b 0A       	 .byte (.L173-.L171)/2
 1907 002c 08       	 .byte (.L172-.L171)/2
 1908 002d 02       	 .byte (.L170-.L171)/2
 1909              	 .p2align 1
 1910              	.L170:
 859:Drivers/STM32G4xx_HAL_Driver/Src/stm32g4xx_hal_dma.c ****         break;
 1911              	 .loc 1 859 9 view .LVU766
 859:Drivers/STM32G4xx_HAL_Driver/Src/stm32g4xx_hal_dma.c ****         break;
 1912              	 .loc 1 859 33 is_stmt 0 view .LVU767
 1913 002e 9A63     	 str r2,[r3,#56]
 860:Drivers/STM32G4xx_HAL_Driver/Src/stm32g4xx_hal_dma.c **** 
 1914              	 .loc 1 860 9 is_stmt 1 view .LVU768
 1915              	.L175:
 873:Drivers/STM32G4xx_HAL_Driver/Src/stm32g4xx_hal_dma.c **** 
ARM GAS   			page 66


 1916              	 .loc 1 873 3 is_stmt 0 view .LVU769
 1917 0030 0022     	 movs r2,#0
 1918              	.LVL106:
 837:Drivers/STM32G4xx_HAL_Driver/Src/stm32g4xx_hal_dma.c **** 
 1919              	 .loc 1 837 21 view .LVU770
 1920 0032 0020     	 movs r0,#0
 1921              	.LVL107:
 873:Drivers/STM32G4xx_HAL_Driver/Src/stm32g4xx_hal_dma.c **** 
 1922              	 .loc 1 873 3 is_stmt 1 view .LVU771
 873:Drivers/STM32G4xx_HAL_Driver/Src/stm32g4xx_hal_dma.c **** 
 1923              	 .loc 1 873 3 view .LVU772
 1924 0034 83F82420 	 strb r2,[r3,#36]
 873:Drivers/STM32G4xx_HAL_Driver/Src/stm32g4xx_hal_dma.c **** 
 1925              	 .loc 1 873 3 view .LVU773
 875:Drivers/STM32G4xx_HAL_Driver/Src/stm32g4xx_hal_dma.c **** }
 1926              	 .loc 1 875 3 view .LVU774
 875:Drivers/STM32G4xx_HAL_Driver/Src/stm32g4xx_hal_dma.c **** }
 1927              	 .loc 1 875 10 is_stmt 0 view .LVU775
 1928 0038 7047     	 bx lr
 1929              	.LVL108:
 1930              	.L172:
 855:Drivers/STM32G4xx_HAL_Driver/Src/stm32g4xx_hal_dma.c ****         break;
 1931              	 .loc 1 855 9 is_stmt 1 view .LVU776
 855:Drivers/STM32G4xx_HAL_Driver/Src/stm32g4xx_hal_dma.c ****         break;
 1932              	 .loc 1 855 33 is_stmt 0 view .LVU777
 1933 003a 5A63     	 str r2,[r3,#52]
 856:Drivers/STM32G4xx_HAL_Driver/Src/stm32g4xx_hal_dma.c **** 
 1934              	 .loc 1 856 9 is_stmt 1 view .LVU778
 1935 003c F8E7     	 b .L175
 1936              	.L173:
 851:Drivers/STM32G4xx_HAL_Driver/Src/stm32g4xx_hal_dma.c ****         break;
 1937              	 .loc 1 851 9 view .LVU779
 851:Drivers/STM32G4xx_HAL_Driver/Src/stm32g4xx_hal_dma.c ****         break;
 1938              	 .loc 1 851 36 is_stmt 0 view .LVU780
 1939 003e 1A63     	 str r2,[r3,#48]
 852:Drivers/STM32G4xx_HAL_Driver/Src/stm32g4xx_hal_dma.c **** 
 1940              	 .loc 1 852 9 is_stmt 1 view .LVU781
 1941 0040 F6E7     	 b .L175
 1942              	.L174:
 847:Drivers/STM32G4xx_HAL_Driver/Src/stm32g4xx_hal_dma.c ****         break;
 1943              	 .loc 1 847 9 view .LVU782
 847:Drivers/STM32G4xx_HAL_Driver/Src/stm32g4xx_hal_dma.c ****         break;
 1944              	 .loc 1 847 32 is_stmt 0 view .LVU783
 1945 0042 DA62     	 str r2,[r3,#44]
 848:Drivers/STM32G4xx_HAL_Driver/Src/stm32g4xx_hal_dma.c **** 
 1946              	 .loc 1 848 9 is_stmt 1 view .LVU784
 1947 0044 F4E7     	 b .L175
 1948              	.L176:
 840:Drivers/STM32G4xx_HAL_Driver/Src/stm32g4xx_hal_dma.c **** 
 1949              	 .loc 1 840 3 is_stmt 0 discriminator 1 view .LVU785
 1950 0046 0220     	 movs r0,#2
 876:Drivers/STM32G4xx_HAL_Driver/Src/stm32g4xx_hal_dma.c **** 
 1951              	 .loc 1 876 1 view .LVU786
 1952 0048 7047     	 bx lr
 1953              	 .cfi_endproc
 1954              	.LFE369:
 1956 004a 00BF     	 .section .text.HAL_DMA_UnRegisterCallback,"ax",%progbits
ARM GAS   			page 67


 1957              	 .align 1
 1958              	 .p2align 2,,3
 1959              	 .global HAL_DMA_UnRegisterCallback
 1960              	 .syntax unified
 1961              	 .thumb
 1962              	 .thumb_func
 1964              	HAL_DMA_UnRegisterCallback:
 1965              	.LVL109:
 1966              	.LFB370:
 887:Drivers/STM32G4xx_HAL_Driver/Src/stm32g4xx_hal_dma.c ****   HAL_StatusTypeDef status = HAL_OK;
 1967              	 .loc 1 887 1 is_stmt 1 view-0
 1968              	 .cfi_startproc
 1969              	 
 1970              	 
 1971              	 
 888:Drivers/STM32G4xx_HAL_Driver/Src/stm32g4xx_hal_dma.c **** 
 1972              	 .loc 1 888 3 view .LVU788
 891:Drivers/STM32G4xx_HAL_Driver/Src/stm32g4xx_hal_dma.c **** 
 1973              	 .loc 1 891 3 view .LVU789
 891:Drivers/STM32G4xx_HAL_Driver/Src/stm32g4xx_hal_dma.c **** 
 1974              	 .loc 1 891 3 view .LVU790
 1975 0000 90F82420 	 ldrb r2,[r0,#36]
 1976 0004 012A     	 cmp r2,#1
 887:Drivers/STM32G4xx_HAL_Driver/Src/stm32g4xx_hal_dma.c ****   HAL_StatusTypeDef status = HAL_OK;
 1977              	 .loc 1 887 1 is_stmt 0 view .LVU791
 1978 0006 0346     	 mov r3,r0
 891:Drivers/STM32G4xx_HAL_Driver/Src/stm32g4xx_hal_dma.c **** 
 1979              	 .loc 1 891 3 view .LVU792
 1980 0008 14D0     	 beq .L190
 891:Drivers/STM32G4xx_HAL_Driver/Src/stm32g4xx_hal_dma.c **** 
 1981              	 .loc 1 891 3 is_stmt 1 discriminator 2 view .LVU793
 893:Drivers/STM32G4xx_HAL_Driver/Src/stm32g4xx_hal_dma.c ****   {
 1982              	 .loc 1 893 34 is_stmt 0 view .LVU794
 1983 000a 90F82520 	 ldrb r2,[r0,#37]
 891:Drivers/STM32G4xx_HAL_Driver/Src/stm32g4xx_hal_dma.c **** 
 1984              	 .loc 1 891 3 discriminator 2 view .LVU795
 1985 000e 4FF0010C 	 mov ip,#1
 893:Drivers/STM32G4xx_HAL_Driver/Src/stm32g4xx_hal_dma.c ****   {
 1986              	 .loc 1 893 6 view .LVU796
 1987 0012 6245     	 cmp r2,ip
 891:Drivers/STM32G4xx_HAL_Driver/Src/stm32g4xx_hal_dma.c **** 
 1988              	 .loc 1 891 3 discriminator 2 view .LVU797
 1989 0014 80F824C0 	 strb ip,[r0,#36]
 891:Drivers/STM32G4xx_HAL_Driver/Src/stm32g4xx_hal_dma.c **** 
 1990              	 .loc 1 891 3 is_stmt 1 view .LVU798
 893:Drivers/STM32G4xx_HAL_Driver/Src/stm32g4xx_hal_dma.c ****   {
 1991              	 .loc 1 893 3 view .LVU799
 893:Drivers/STM32G4xx_HAL_Driver/Src/stm32g4xx_hal_dma.c ****   {
 1992              	 .loc 1 893 34 is_stmt 0 view .LVU800
 1993 0018 D0B2     	 uxtb r0,r2
 1994              	.LVL110:
 893:Drivers/STM32G4xx_HAL_Driver/Src/stm32g4xx_hal_dma.c ****   {
 1995              	 .loc 1 893 6 view .LVU801
 1996 001a 04D0     	 beq .L193
 1997 001c 6046     	 mov r0,ip
 1998              	.L182:
 1999              	.LVL111:
ARM GAS   			page 68


 931:Drivers/STM32G4xx_HAL_Driver/Src/stm32g4xx_hal_dma.c **** 
 2000              	 .loc 1 931 3 is_stmt 1 view .LVU802
 931:Drivers/STM32G4xx_HAL_Driver/Src/stm32g4xx_hal_dma.c **** 
 2001              	 .loc 1 931 3 view .LVU803
 2002 001e 0022     	 movs r2,#0
 2003 0020 83F82420 	 strb r2,[r3,#36]
 931:Drivers/STM32G4xx_HAL_Driver/Src/stm32g4xx_hal_dma.c **** 
 2004              	 .loc 1 931 3 view .LVU804
 933:Drivers/STM32G4xx_HAL_Driver/Src/stm32g4xx_hal_dma.c **** }
 2005              	 .loc 1 933 3 view .LVU805
 933:Drivers/STM32G4xx_HAL_Driver/Src/stm32g4xx_hal_dma.c **** }
 2006              	 .loc 1 933 10 is_stmt 0 view .LVU806
 2007 0024 7047     	 bx lr
 2008              	.LVL112:
 2009              	.L193:
 895:Drivers/STM32G4xx_HAL_Driver/Src/stm32g4xx_hal_dma.c ****     {
 2010              	 .loc 1 895 5 is_stmt 1 view .LVU807
 2011 0026 0429     	 cmp r1,#4
 2012 0028 F9D8     	 bhi .L182
 2013 002a DFE801F0 	 tbb [pc,r1]
 2014              	.L184:
 2015 002e 0F       	 .byte (.L188-.L184)/2
 2016 002f 12       	 .byte (.L187-.L184)/2
 2017 0030 15       	 .byte (.L186-.L184)/2
 2018 0031 18       	 .byte (.L185-.L184)/2
 2019 0032 05       	 .byte (.L183-.L184)/2
 2020              	.LVL113:
 2021 0033 00       	 .p2align 1
 2022              	.L190:
 891:Drivers/STM32G4xx_HAL_Driver/Src/stm32g4xx_hal_dma.c **** 
 2023              	 .loc 1 891 3 is_stmt 0 discriminator 1 view .LVU808
 2024 0034 0220     	 movs r0,#2
 2025              	.LVL114:
 934:Drivers/STM32G4xx_HAL_Driver/Src/stm32g4xx_hal_dma.c **** 
 2026              	 .loc 1 934 1 view .LVU809
 2027 0036 7047     	 bx lr
 2028              	.L183:
 914:Drivers/STM32G4xx_HAL_Driver/Src/stm32g4xx_hal_dma.c ****         hdma->XferHalfCpltCallback = NULL;
 2029              	 .loc 1 914 9 is_stmt 1 view .LVU810
 915:Drivers/STM32G4xx_HAL_Driver/Src/stm32g4xx_hal_dma.c ****         hdma->XferErrorCallback = NULL;
 2030              	 .loc 1 915 9 view .LVU811
 916:Drivers/STM32G4xx_HAL_Driver/Src/stm32g4xx_hal_dma.c ****         hdma->XferAbortCallback = NULL;
 2031              	 .loc 1 916 9 view .LVU812
 917:Drivers/STM32G4xx_HAL_Driver/Src/stm32g4xx_hal_dma.c ****         break;
 2032              	 .loc 1 917 9 view .LVU813
 914:Drivers/STM32G4xx_HAL_Driver/Src/stm32g4xx_hal_dma.c ****         hdma->XferHalfCpltCallback = NULL;
 2033              	 .loc 1 914 32 is_stmt 0 view .LVU814
 2034 0038 0022     	 movs r2,#0
 2035 003a C3E90B22 	 strd r2,r2,[r3,#44]
 2036 003e C3E90D22 	 strd r2,r2,[r3,#52]
 918:Drivers/STM32G4xx_HAL_Driver/Src/stm32g4xx_hal_dma.c **** 
 2037              	 .loc 1 918 9 is_stmt 1 view .LVU815
 2038              	.L189:
 931:Drivers/STM32G4xx_HAL_Driver/Src/stm32g4xx_hal_dma.c **** 
 2039              	 .loc 1 931 3 is_stmt 0 view .LVU816
 2040 0042 0022     	 movs r2,#0
 888:Drivers/STM32G4xx_HAL_Driver/Src/stm32g4xx_hal_dma.c **** 
ARM GAS   			page 69


 2041              	 .loc 1 888 21 view .LVU817
 2042 0044 0020     	 movs r0,#0
 2043              	.LVL115:
 931:Drivers/STM32G4xx_HAL_Driver/Src/stm32g4xx_hal_dma.c **** 
 2044              	 .loc 1 931 3 is_stmt 1 view .LVU818
 931:Drivers/STM32G4xx_HAL_Driver/Src/stm32g4xx_hal_dma.c **** 
 2045              	 .loc 1 931 3 view .LVU819
 2046 0046 83F82420 	 strb r2,[r3,#36]
 931:Drivers/STM32G4xx_HAL_Driver/Src/stm32g4xx_hal_dma.c **** 
 2047              	 .loc 1 931 3 view .LVU820
 933:Drivers/STM32G4xx_HAL_Driver/Src/stm32g4xx_hal_dma.c **** }
 2048              	 .loc 1 933 3 view .LVU821
 933:Drivers/STM32G4xx_HAL_Driver/Src/stm32g4xx_hal_dma.c **** }
 2049              	 .loc 1 933 10 is_stmt 0 view .LVU822
 2050 004a 7047     	 bx lr
 2051              	.LVL116:
 2052              	.L188:
 898:Drivers/STM32G4xx_HAL_Driver/Src/stm32g4xx_hal_dma.c ****         break;
 2053              	 .loc 1 898 9 is_stmt 1 view .LVU823
 898:Drivers/STM32G4xx_HAL_Driver/Src/stm32g4xx_hal_dma.c ****         break;
 2054              	 .loc 1 898 32 is_stmt 0 view .LVU824
 2055 004c 0022     	 movs r2,#0
 2056 004e DA62     	 str r2,[r3,#44]
 899:Drivers/STM32G4xx_HAL_Driver/Src/stm32g4xx_hal_dma.c **** 
 2057              	 .loc 1 899 9 is_stmt 1 view .LVU825
 2058 0050 F7E7     	 b .L189
 2059              	.L187:
 902:Drivers/STM32G4xx_HAL_Driver/Src/stm32g4xx_hal_dma.c ****         break;
 2060              	 .loc 1 902 9 view .LVU826
 902:Drivers/STM32G4xx_HAL_Driver/Src/stm32g4xx_hal_dma.c ****         break;
 2061              	 .loc 1 902 36 is_stmt 0 view .LVU827
 2062 0052 0022     	 movs r2,#0
 2063 0054 1A63     	 str r2,[r3,#48]
 903:Drivers/STM32G4xx_HAL_Driver/Src/stm32g4xx_hal_dma.c **** 
 2064              	 .loc 1 903 9 is_stmt 1 view .LVU828
 2065 0056 F4E7     	 b .L189
 2066              	.L186:
 906:Drivers/STM32G4xx_HAL_Driver/Src/stm32g4xx_hal_dma.c ****         break;
 2067              	 .loc 1 906 9 view .LVU829
 906:Drivers/STM32G4xx_HAL_Driver/Src/stm32g4xx_hal_dma.c ****         break;
 2068              	 .loc 1 906 33 is_stmt 0 view .LVU830
 2069 0058 0022     	 movs r2,#0
 2070 005a 5A63     	 str r2,[r3,#52]
 907:Drivers/STM32G4xx_HAL_Driver/Src/stm32g4xx_hal_dma.c **** 
 2071              	 .loc 1 907 9 is_stmt 1 view .LVU831
 2072 005c F1E7     	 b .L189
 2073              	.L185:
 910:Drivers/STM32G4xx_HAL_Driver/Src/stm32g4xx_hal_dma.c ****         break;
 2074              	 .loc 1 910 9 view .LVU832
 910:Drivers/STM32G4xx_HAL_Driver/Src/stm32g4xx_hal_dma.c ****         break;
 2075              	 .loc 1 910 33 is_stmt 0 view .LVU833
 2076 005e 0022     	 movs r2,#0
 2077 0060 9A63     	 str r2,[r3,#56]
 911:Drivers/STM32G4xx_HAL_Driver/Src/stm32g4xx_hal_dma.c **** 
 2078              	 .loc 1 911 9 is_stmt 1 view .LVU834
 2079 0062 EEE7     	 b .L189
 2080              	 .cfi_endproc
ARM GAS   			page 70


 2081              	.LFE370:
 2083              	 .section .text.HAL_DMA_GetState,"ax",%progbits
 2084              	 .align 1
 2085              	 .p2align 2,,3
 2086              	 .global HAL_DMA_GetState
 2087              	 .syntax unified
 2088              	 .thumb
 2089              	 .thumb_func
 2091              	HAL_DMA_GetState:
 2092              	.LVL117:
 2093              	.LFB371:
 965:Drivers/STM32G4xx_HAL_Driver/Src/stm32g4xx_hal_dma.c ****   /* Return DMA handle state */
 2094              	 .loc 1 965 1 view-0
 2095              	 .cfi_startproc
 2096              	 
 2097              	 
 2098              	 
 967:Drivers/STM32G4xx_HAL_Driver/Src/stm32g4xx_hal_dma.c **** }
 2099              	 .loc 1 967 3 view .LVU836
 967:Drivers/STM32G4xx_HAL_Driver/Src/stm32g4xx_hal_dma.c **** }
 2100              	 .loc 1 967 14 is_stmt 0 view .LVU837
 2101 0000 90F82500 	 ldrb r0,[r0,#37]
 2102              	.LVL118:
 968:Drivers/STM32G4xx_HAL_Driver/Src/stm32g4xx_hal_dma.c **** 
 2103              	 .loc 1 968 1 view .LVU838
 2104 0004 7047     	 bx lr
 2105              	 .cfi_endproc
 2106              	.LFE371:
 2108 0006 00BF     	 .section .text.HAL_DMA_GetError,"ax",%progbits
 2109              	 .align 1
 2110              	 .p2align 2,,3
 2111              	 .global HAL_DMA_GetError
 2112              	 .syntax unified
 2113              	 .thumb
 2114              	 .thumb_func
 2116              	HAL_DMA_GetError:
 2117              	.LVL119:
 2118              	.LFB372:
 977:Drivers/STM32G4xx_HAL_Driver/Src/stm32g4xx_hal_dma.c ****   return hdma->ErrorCode;
 2119              	 .loc 1 977 1 is_stmt 1 view-0
 2120              	 .cfi_startproc
 2121              	 
 2122              	 
 2123              	 
 978:Drivers/STM32G4xx_HAL_Driver/Src/stm32g4xx_hal_dma.c **** }
 2124              	 .loc 1 978 3 view .LVU840
 978:Drivers/STM32G4xx_HAL_Driver/Src/stm32g4xx_hal_dma.c **** }
 2125              	 .loc 1 978 14 is_stmt 0 view .LVU841
 2126 0000 C06B     	 ldr r0,[r0,#60]
 2127              	.LVL120:
 979:Drivers/STM32G4xx_HAL_Driver/Src/stm32g4xx_hal_dma.c **** 
 2128              	 .loc 1 979 1 view .LVU842
 2129 0002 7047     	 bx lr
 2130              	 .cfi_endproc
 2131              	.LFE372:
 2133              	 .text
 2134              	.Letext0:
ARM GAS   			page 71


 2135              	 .file 2 "Drivers/CMSIS/Device/ST/STM32G4xx/Include/stm32g474xx.h"
 2136              	 .file 3 "/usr/lib/gcc/arm-none-eabi/14.2.1/include/stdint.h"
 2137              	 .file 4 "Drivers/STM32G4xx_HAL_Driver/Inc/stm32g4xx_hal_def.h"
 2138              	 .file 5 "Drivers/STM32G4xx_HAL_Driver/Inc/stm32g4xx_hal_dma.h"
 2139              	 .file 6 "Drivers/STM32G4xx_HAL_Driver/Inc/stm32g4xx_hal.h"
ARM GAS   			page 72


DEFINED SYMBOLS
                            *ABS*:00000000 stm32g4xx_hal_dma.c
    {standard input}:19     .text.HAL_DMA_Init:00000000 $t
    {standard input}:26     .text.HAL_DMA_Init:00000000 HAL_DMA_Init
    {standard input}:344    .text.HAL_DMA_Init:000000fc $d
    {standard input}:360    .text.HAL_DMA_DeInit:00000000 $t
    {standard input}:367    .text.HAL_DMA_DeInit:00000000 HAL_DMA_DeInit
    {standard input}:630    .text.HAL_DMA_DeInit:000000c8 $d
    {standard input}:644    .text.HAL_DMA_Start:00000000 $t
    {standard input}:651    .text.HAL_DMA_Start:00000000 HAL_DMA_Start
    {standard input}:809    .text.HAL_DMA_Start_IT:00000000 $t
    {standard input}:816    .text.HAL_DMA_Start_IT:00000000 HAL_DMA_Start_IT
    {standard input}:1030   .text.HAL_DMA_Abort:00000000 $t
    {standard input}:1037   .text.HAL_DMA_Abort:00000000 HAL_DMA_Abort
    {standard input}:1165   .text.HAL_DMA_Abort_IT:00000000 $t
    {standard input}:1172   .text.HAL_DMA_Abort_IT:00000000 HAL_DMA_Abort_IT
    {standard input}:1303   .text.HAL_DMA_PollForTransfer:00000000 $t
    {standard input}:1310   .text.HAL_DMA_PollForTransfer:00000000 HAL_DMA_PollForTransfer
    {standard input}:1655   .text.HAL_DMA_IRQHandler:00000000 $t
    {standard input}:1662   .text.HAL_DMA_IRQHandler:00000000 HAL_DMA_IRQHandler
    {standard input}:1848   .text.HAL_DMA_RegisterCallback:00000000 $t
    {standard input}:1855   .text.HAL_DMA_RegisterCallback:00000000 HAL_DMA_RegisterCallback
    {standard input}:1905   .text.HAL_DMA_RegisterCallback:0000002a $d
    {standard input}:1909   .text.HAL_DMA_RegisterCallback:0000002e $t
    {standard input}:1957   .text.HAL_DMA_UnRegisterCallback:00000000 $t
    {standard input}:1964   .text.HAL_DMA_UnRegisterCallback:00000000 HAL_DMA_UnRegisterCallback
    {standard input}:2015   .text.HAL_DMA_UnRegisterCallback:0000002e $d
    {standard input}:2084   .text.HAL_DMA_GetState:00000000 $t
    {standard input}:2091   .text.HAL_DMA_GetState:00000000 HAL_DMA_GetState
    {standard input}:2109   .text.HAL_DMA_GetError:00000000 $t
    {standard input}:2116   .text.HAL_DMA_GetError:00000000 HAL_DMA_GetError
    {standard input}:2021   .text.HAL_DMA_UnRegisterCallback:00000033 $d
    {standard input}:2021   .text.HAL_DMA_UnRegisterCallback:00000034 $t
                           .group:00000000 wm4.0.ea19c25cbb216197368fe558daea6575
                           .group:00000000 wm4.stm32g4xx_hal_conf.h.23.942b1d1576b5866b7e11680d4727b823
                           .group:00000000 wm4.stm32g4xx.h.38.4ce5d67cecf3db23972af81b516b937b
                           .group:00000000 wm4.stm32g474xx.h.34.0f14ed7ce45f8c3c7c55af7520d7efa5
                           .group:00000000 wm4.stdint.h.29.6d480f4ba0f60596e88234283d42444f
                           .group:00000000 wm4.cmsis_version.h.32.46e8eccfa2cfeaae11d008bb2823a3ed
                           .group:00000000 wm4.core_cm4.h.66.e4ff136c4a17abc46741866f64f8e729
                           .group:00000000 wm4.cmsis_gcc.h.26.78077cef1206e937f7b56043ffca496a
                           .group:00000000 wm4.core_cm4.h.174.fcddd62df80231752fa39eb9b61dadfe
                           .group:00000000 wm4.mpu_armv7.h.32.4049752bb5792d4e15357775e9506cfc
                           .group:00000000 wm4.stm32g474xx.h.714.40df4d5d8bd1a3a0e2dcb49e18b09038
                           .group:00000000 wm4.stm32g4xx.h.158.aa4340ed3b15fb0d4b1741cf5ce96563
                           .group:00000000 wm4.stm32_hal_legacy.h.22.e1e932ae083ad1562e3b1af87ae47999
                           .group:00000000 wm4.stddef.h.39.0dc9006b34572d4d9cae4c8b422c4971
                           .group:00000000 wm4.stm32g4xx_hal_def.h.57.460ac21f0caebde175d7222cb23afe15
                           .group:00000000 wm4.stm32g4xx_hal_rcc.h.135.8d28bdf720f4165758e115c83d05a7c2
                           .group:00000000 wm4.stm32g4xx_hal_rcc_ex.h.20.a381de89af88802207f549f948fabbc4
                           .group:00000000 wm4.stm32g4xx_hal_gpio.h.21.2ca30689d7a5ad939e06f5298d557243
                           .group:00000000 wm4.stm32g4xx_hal_gpio_ex.h.22.1b7da6fc7615b2341724123ae8e461d9
                           .group:00000000 wm4.stm32g4xx_hal_dma.h.21.2e23b0d56595a6b838cda841e78b2cf2
                           .group:00000000 wm4.stm32g4xx_hal_dma_ex.h.21.93a1fe56678997ad72754076070f4a0d
                           .group:00000000 wm4.stm32g4xx_hal_dma.h.803.dd88ea57b632f588d556f066658ac8d8
                           .group:00000000 wm4.stm32g4xx_hal_cortex.h.20.1ad77fb6b4fc679887cb0a980ea44a7a
                           .group:00000000 wm4.stm32g4xx_ll_adc.h.21.8052bcc80fb264686ac0eb0df096b4eb
ARM GAS   			page 73


                           .group:00000000 wm4.stm32g4xx_hal_adc.h.441.b9143c2a34e1e7389f3042e2226178dc
                           .group:00000000 wm4.stm32g4xx_hal_adc_ex.h.21.bf5e513b0c782ac53971b6599734b8c4
                           .group:00000000 wm4.stm32g4xx_ll_exti.h.21.3148a6980741767f71761eb445f346e9
                           .group:00000000 wm4.stm32g4xx_hal_comp.h.74.993852ecfac8b19c902e64e33c61511c
                           .group:00000000 wm4.stm32g4xx_hal_dac.h.21.db627068e52007634376a4c972c5d419
                           .group:00000000 wm4.stm32g4xx_hal_dac_ex.h.21.3725e9b2e9e08a08e2a598b2d2f18a92
                           .group:00000000 wm4.stm32g4xx_hal_exti.h.21.723acd8e98480aae634680651af4eb2a
                           .group:00000000 wm4.stm32g4xx_hal_fdcan.h.21.7e3b4b48cfc4adf8b669f7e4b16ec2a0
                           .group:00000000 wm4.stm32g4xx_hal_flash.h.20.d5eb04c7abbe2eb79b40a04b3414a774
                           .group:00000000 wm4.stm32g4xx_hal_flash.h.868.06dd2f9ca2f40ac164951ad647480079
                           .group:00000000 wm4.stm32g4xx_hal_hrtim.h.21.5bb9cc2116aa63503a68d53ce84fbb8c
                           .group:00000000 wm4.stm32g4xx_hal_opamp.h.21.0de86917e81e98dccfa125838db59b66
                           .group:00000000 wm4.stm32g4xx_hal_pwr.h.21.9b149e14c0ecf58cee46e8fb7f654b77
                           .group:00000000 wm4.stm32g4xx_hal_pwr_ex.h.21.32206cbbd2cbec024b8600a98cfa3df7
                           .group:00000000 wm4.stm32g4xx_hal_tim.h.21.48998681c932026239437f6645b6b47f
                           .group:00000000 wm4.stm32g4xx_hal_tim_ex.h.21.931c546f492dcdbc9ac587da38712500
                           .group:00000000 wm4.stm32g4xx_hal.h.49.77ad48c45d6a59e5132483403b560be0

UNDEFINED SYMBOLS
HAL_GetTick
