ARM GAS   			page 1


   1              	 .cpu cortex-m4
   2              	 .arch armv7e-m
   3              	 .fpu fpv4-sp-d16
   4              	 .eabi_attribute 27,1
   5              	 .eabi_attribute 28,1
   6              	 .eabi_attribute 23,1
   7              	 .eabi_attribute 24,1
   8              	 .eabi_attribute 25,1
   9              	 .eabi_attribute 26,1
  10              	 .eabi_attribute 30,2
  11              	 .eabi_attribute 34,1
  12              	 .eabi_attribute 18,4
  13              	 .file "stm32g4xx_hal_flash.c"
  14              	 .text
  15              	.Ltext0:
  16              	 .cfi_sections .debug_frame
  17              	 .file 1 "Drivers/STM32G4xx_HAL_Driver/Src/stm32g4xx_hal_flash.c"
  18              	 .section .text.HAL_FLASH_Program,"ax",%progbits
  19              	 .align 1
  20              	 .p2align 2,,3
  21              	 .global HAL_FLASH_Program
  22              	 .syntax unified
  23              	 .thumb
  24              	 .thumb_func
  26              	HAL_FLASH_Program:
  27              	.LVL0:
  28              	.LFB361:
   1:Drivers/STM32G4xx_HAL_Driver/Src/stm32g4xx_hal_flash.c **** /**
   2:Drivers/STM32G4xx_HAL_Driver/Src/stm32g4xx_hal_flash.c ****   ******************************************************************************
   3:Drivers/STM32G4xx_HAL_Driver/Src/stm32g4xx_hal_flash.c ****   * @file    stm32g4xx_hal_flash.c
   4:Drivers/STM32G4xx_HAL_Driver/Src/stm32g4xx_hal_flash.c ****   * @author  MCD Application Team
   5:Drivers/STM32G4xx_HAL_Driver/Src/stm32g4xx_hal_flash.c ****   * @brief   FLASH HAL module driver.
   6:Drivers/STM32G4xx_HAL_Driver/Src/stm32g4xx_hal_flash.c ****   *          This file provides firmware functions to manage the following
   7:Drivers/STM32G4xx_HAL_Driver/Src/stm32g4xx_hal_flash.c ****   *          functionalities of the internal FLASH memory:
   8:Drivers/STM32G4xx_HAL_Driver/Src/stm32g4xx_hal_flash.c ****   *           + Program operations functions
   9:Drivers/STM32G4xx_HAL_Driver/Src/stm32g4xx_hal_flash.c ****   *           + Memory Control functions
  10:Drivers/STM32G4xx_HAL_Driver/Src/stm32g4xx_hal_flash.c ****   *           + Peripheral Errors functions
  11:Drivers/STM32G4xx_HAL_Driver/Src/stm32g4xx_hal_flash.c ****   *
  12:Drivers/STM32G4xx_HAL_Driver/Src/stm32g4xx_hal_flash.c ****   @verbatim
  13:Drivers/STM32G4xx_HAL_Driver/Src/stm32g4xx_hal_flash.c ****   ==============================================================================
  14:Drivers/STM32G4xx_HAL_Driver/Src/stm32g4xx_hal_flash.c ****                         ##### FLASH peripheral features #####
  15:Drivers/STM32G4xx_HAL_Driver/Src/stm32g4xx_hal_flash.c ****   ==============================================================================
  16:Drivers/STM32G4xx_HAL_Driver/Src/stm32g4xx_hal_flash.c **** 
  17:Drivers/STM32G4xx_HAL_Driver/Src/stm32g4xx_hal_flash.c ****   [..] The Flash memory interface manages CPU AHB I-Code and D-Code accesses
  18:Drivers/STM32G4xx_HAL_Driver/Src/stm32g4xx_hal_flash.c ****        to the Flash memory. It implements the erase and program Flash memory operations
  19:Drivers/STM32G4xx_HAL_Driver/Src/stm32g4xx_hal_flash.c ****        and the read and write protection mechanisms.
  20:Drivers/STM32G4xx_HAL_Driver/Src/stm32g4xx_hal_flash.c **** 
  21:Drivers/STM32G4xx_HAL_Driver/Src/stm32g4xx_hal_flash.c ****   [..] The Flash memory interface accelerates code execution with a system of instruction
  22:Drivers/STM32G4xx_HAL_Driver/Src/stm32g4xx_hal_flash.c ****        prefetch and cache lines.
  23:Drivers/STM32G4xx_HAL_Driver/Src/stm32g4xx_hal_flash.c **** 
  24:Drivers/STM32G4xx_HAL_Driver/Src/stm32g4xx_hal_flash.c ****   [..] The FLASH main features are:
  25:Drivers/STM32G4xx_HAL_Driver/Src/stm32g4xx_hal_flash.c ****       (+) Flash memory read operations
  26:Drivers/STM32G4xx_HAL_Driver/Src/stm32g4xx_hal_flash.c ****       (+) Flash memory program/erase operations
  27:Drivers/STM32G4xx_HAL_Driver/Src/stm32g4xx_hal_flash.c ****       (+) Read / write protections
  28:Drivers/STM32G4xx_HAL_Driver/Src/stm32g4xx_hal_flash.c ****       (+) Option bytes programming
  29:Drivers/STM32G4xx_HAL_Driver/Src/stm32g4xx_hal_flash.c ****       (+) Prefetch on I-Code
  30:Drivers/STM32G4xx_HAL_Driver/Src/stm32g4xx_hal_flash.c ****       (+) 32 cache lines of 4*64 or 2*128 bits on I-Code
ARM GAS   			page 2


  31:Drivers/STM32G4xx_HAL_Driver/Src/stm32g4xx_hal_flash.c ****       (+) 8 cache lines of 4*64 or 2*128 bits on D-Code
  32:Drivers/STM32G4xx_HAL_Driver/Src/stm32g4xx_hal_flash.c ****       (+) Error code correction (ECC) : Data in flash are 72-bits word
  33:Drivers/STM32G4xx_HAL_Driver/Src/stm32g4xx_hal_flash.c ****           (8 bits added per double word)
  34:Drivers/STM32G4xx_HAL_Driver/Src/stm32g4xx_hal_flash.c **** 
  35:Drivers/STM32G4xx_HAL_Driver/Src/stm32g4xx_hal_flash.c **** 
  36:Drivers/STM32G4xx_HAL_Driver/Src/stm32g4xx_hal_flash.c ****                         ##### How to use this driver #####
  37:Drivers/STM32G4xx_HAL_Driver/Src/stm32g4xx_hal_flash.c ****   ==============================================================================
  38:Drivers/STM32G4xx_HAL_Driver/Src/stm32g4xx_hal_flash.c ****     [..]
  39:Drivers/STM32G4xx_HAL_Driver/Src/stm32g4xx_hal_flash.c ****       This driver provides functions and macros to configure and program the FLASH
  40:Drivers/STM32G4xx_HAL_Driver/Src/stm32g4xx_hal_flash.c ****       memory of all STM32G4xx devices.
  41:Drivers/STM32G4xx_HAL_Driver/Src/stm32g4xx_hal_flash.c **** 
  42:Drivers/STM32G4xx_HAL_Driver/Src/stm32g4xx_hal_flash.c ****       (#) Flash Memory IO Programming functions:
  43:Drivers/STM32G4xx_HAL_Driver/Src/stm32g4xx_hal_flash.c ****            (++) Lock and Unlock the FLASH interface using HAL_FLASH_Unlock() and
  44:Drivers/STM32G4xx_HAL_Driver/Src/stm32g4xx_hal_flash.c ****                 HAL_FLASH_Lock() functions
  45:Drivers/STM32G4xx_HAL_Driver/Src/stm32g4xx_hal_flash.c ****            (++) Program functions: double word and fast program (full row programming)
  46:Drivers/STM32G4xx_HAL_Driver/Src/stm32g4xx_hal_flash.c ****            (++) There are two modes of programming :
  47:Drivers/STM32G4xx_HAL_Driver/Src/stm32g4xx_hal_flash.c ****             (+++) Polling mode using HAL_FLASH_Program() function
  48:Drivers/STM32G4xx_HAL_Driver/Src/stm32g4xx_hal_flash.c ****             (+++) Interrupt mode using HAL_FLASH_Program_IT() function
  49:Drivers/STM32G4xx_HAL_Driver/Src/stm32g4xx_hal_flash.c **** 
  50:Drivers/STM32G4xx_HAL_Driver/Src/stm32g4xx_hal_flash.c ****       (#) Interrupts and flags management functions:
  51:Drivers/STM32G4xx_HAL_Driver/Src/stm32g4xx_hal_flash.c ****            (++) Handle FLASH interrupts by calling HAL_FLASH_IRQHandler()
  52:Drivers/STM32G4xx_HAL_Driver/Src/stm32g4xx_hal_flash.c ****            (++) Callback functions are called when the flash operations are finished :
  53:Drivers/STM32G4xx_HAL_Driver/Src/stm32g4xx_hal_flash.c ****                 HAL_FLASH_EndOfOperationCallback() when everything is ok, otherwise
  54:Drivers/STM32G4xx_HAL_Driver/Src/stm32g4xx_hal_flash.c ****                 HAL_FLASH_OperationErrorCallback()
  55:Drivers/STM32G4xx_HAL_Driver/Src/stm32g4xx_hal_flash.c ****            (++) Get error flag status by calling HAL_GetError()
  56:Drivers/STM32G4xx_HAL_Driver/Src/stm32g4xx_hal_flash.c **** 
  57:Drivers/STM32G4xx_HAL_Driver/Src/stm32g4xx_hal_flash.c ****       (#) Option bytes management functions:
  58:Drivers/STM32G4xx_HAL_Driver/Src/stm32g4xx_hal_flash.c ****            (++) Lock and Unlock the option bytes using HAL_FLASH_OB_Unlock() and
  59:Drivers/STM32G4xx_HAL_Driver/Src/stm32g4xx_hal_flash.c ****                 HAL_FLASH_OB_Lock() functions
  60:Drivers/STM32G4xx_HAL_Driver/Src/stm32g4xx_hal_flash.c ****            (++) Launch the reload of the option bytes using HAL_FLASH_Launch() function.
  61:Drivers/STM32G4xx_HAL_Driver/Src/stm32g4xx_hal_flash.c ****                 In this case, a reset is generated
  62:Drivers/STM32G4xx_HAL_Driver/Src/stm32g4xx_hal_flash.c **** 
  63:Drivers/STM32G4xx_HAL_Driver/Src/stm32g4xx_hal_flash.c ****     [..]
  64:Drivers/STM32G4xx_HAL_Driver/Src/stm32g4xx_hal_flash.c ****       In addition to these functions, this driver includes a set of macros allowing
  65:Drivers/STM32G4xx_HAL_Driver/Src/stm32g4xx_hal_flash.c ****       to handle the following operations:
  66:Drivers/STM32G4xx_HAL_Driver/Src/stm32g4xx_hal_flash.c ****        (+) Set the latency
  67:Drivers/STM32G4xx_HAL_Driver/Src/stm32g4xx_hal_flash.c ****        (+) Enable/Disable the prefetch buffer
  68:Drivers/STM32G4xx_HAL_Driver/Src/stm32g4xx_hal_flash.c ****        (+) Enable/Disable the Instruction cache and the Data cache
  69:Drivers/STM32G4xx_HAL_Driver/Src/stm32g4xx_hal_flash.c ****        (+) Reset the Instruction cache and the Data cache
  70:Drivers/STM32G4xx_HAL_Driver/Src/stm32g4xx_hal_flash.c ****        (+) Enable/Disable the Flash power-down during low-power run and sleep modes
  71:Drivers/STM32G4xx_HAL_Driver/Src/stm32g4xx_hal_flash.c ****        (+) Enable/Disable the Flash interrupts
  72:Drivers/STM32G4xx_HAL_Driver/Src/stm32g4xx_hal_flash.c ****        (+) Monitor the Flash flags status
  73:Drivers/STM32G4xx_HAL_Driver/Src/stm32g4xx_hal_flash.c **** 
  74:Drivers/STM32G4xx_HAL_Driver/Src/stm32g4xx_hal_flash.c ****   @endverbatim
  75:Drivers/STM32G4xx_HAL_Driver/Src/stm32g4xx_hal_flash.c ****   ******************************************************************************
  76:Drivers/STM32G4xx_HAL_Driver/Src/stm32g4xx_hal_flash.c ****   * @attention
  77:Drivers/STM32G4xx_HAL_Driver/Src/stm32g4xx_hal_flash.c ****   *
  78:Drivers/STM32G4xx_HAL_Driver/Src/stm32g4xx_hal_flash.c ****   * Copyright (c) 2019 STMicroelectronics.
  79:Drivers/STM32G4xx_HAL_Driver/Src/stm32g4xx_hal_flash.c ****   * All rights reserved.
  80:Drivers/STM32G4xx_HAL_Driver/Src/stm32g4xx_hal_flash.c ****   *
  81:Drivers/STM32G4xx_HAL_Driver/Src/stm32g4xx_hal_flash.c ****   * This software is licensed under terms that can be found in the LICENSE file in
  82:Drivers/STM32G4xx_HAL_Driver/Src/stm32g4xx_hal_flash.c ****   * the root directory of this software component.
  83:Drivers/STM32G4xx_HAL_Driver/Src/stm32g4xx_hal_flash.c ****   * If no LICENSE file comes with this software, it is provided AS-IS.
  84:Drivers/STM32G4xx_HAL_Driver/Src/stm32g4xx_hal_flash.c ****   ******************************************************************************
  85:Drivers/STM32G4xx_HAL_Driver/Src/stm32g4xx_hal_flash.c ****   */
  86:Drivers/STM32G4xx_HAL_Driver/Src/stm32g4xx_hal_flash.c **** 
  87:Drivers/STM32G4xx_HAL_Driver/Src/stm32g4xx_hal_flash.c **** /* Includes ------------------------------------------------------------------*/
ARM GAS   			page 3


  88:Drivers/STM32G4xx_HAL_Driver/Src/stm32g4xx_hal_flash.c **** #include "stm32g4xx_hal.h"
  89:Drivers/STM32G4xx_HAL_Driver/Src/stm32g4xx_hal_flash.c **** 
  90:Drivers/STM32G4xx_HAL_Driver/Src/stm32g4xx_hal_flash.c **** /** @addtogroup STM32G4xx_HAL_Driver
  91:Drivers/STM32G4xx_HAL_Driver/Src/stm32g4xx_hal_flash.c ****   * @{
  92:Drivers/STM32G4xx_HAL_Driver/Src/stm32g4xx_hal_flash.c ****   */
  93:Drivers/STM32G4xx_HAL_Driver/Src/stm32g4xx_hal_flash.c **** 
  94:Drivers/STM32G4xx_HAL_Driver/Src/stm32g4xx_hal_flash.c **** /** @defgroup FLASH FLASH
  95:Drivers/STM32G4xx_HAL_Driver/Src/stm32g4xx_hal_flash.c ****   * @brief FLASH HAL module driver
  96:Drivers/STM32G4xx_HAL_Driver/Src/stm32g4xx_hal_flash.c ****   * @{
  97:Drivers/STM32G4xx_HAL_Driver/Src/stm32g4xx_hal_flash.c ****   */
  98:Drivers/STM32G4xx_HAL_Driver/Src/stm32g4xx_hal_flash.c **** 
  99:Drivers/STM32G4xx_HAL_Driver/Src/stm32g4xx_hal_flash.c **** #ifdef HAL_FLASH_MODULE_ENABLED
 100:Drivers/STM32G4xx_HAL_Driver/Src/stm32g4xx_hal_flash.c **** 
 101:Drivers/STM32G4xx_HAL_Driver/Src/stm32g4xx_hal_flash.c **** /* Private typedef -----------------------------------------------------------*/
 102:Drivers/STM32G4xx_HAL_Driver/Src/stm32g4xx_hal_flash.c **** /* Private defines -----------------------------------------------------------*/
 103:Drivers/STM32G4xx_HAL_Driver/Src/stm32g4xx_hal_flash.c **** /** @defgroup FLASH_Private_Constants FLASH Private Constants
 104:Drivers/STM32G4xx_HAL_Driver/Src/stm32g4xx_hal_flash.c ****   * @{
 105:Drivers/STM32G4xx_HAL_Driver/Src/stm32g4xx_hal_flash.c ****   */
 106:Drivers/STM32G4xx_HAL_Driver/Src/stm32g4xx_hal_flash.c **** #define FLASH_NB_DOUBLE_WORDS_IN_ROW  32
 107:Drivers/STM32G4xx_HAL_Driver/Src/stm32g4xx_hal_flash.c **** /**
 108:Drivers/STM32G4xx_HAL_Driver/Src/stm32g4xx_hal_flash.c ****   * @}
 109:Drivers/STM32G4xx_HAL_Driver/Src/stm32g4xx_hal_flash.c ****   */
 110:Drivers/STM32G4xx_HAL_Driver/Src/stm32g4xx_hal_flash.c **** 
 111:Drivers/STM32G4xx_HAL_Driver/Src/stm32g4xx_hal_flash.c **** /* Private macros ------------------------------------------------------------*/
 112:Drivers/STM32G4xx_HAL_Driver/Src/stm32g4xx_hal_flash.c **** /* Private variables ---------------------------------------------------------*/
 113:Drivers/STM32G4xx_HAL_Driver/Src/stm32g4xx_hal_flash.c **** /** @defgroup FLASH_Private_Variables FLASH Private Variables
 114:Drivers/STM32G4xx_HAL_Driver/Src/stm32g4xx_hal_flash.c ****   * @{
 115:Drivers/STM32G4xx_HAL_Driver/Src/stm32g4xx_hal_flash.c ****   */
 116:Drivers/STM32G4xx_HAL_Driver/Src/stm32g4xx_hal_flash.c **** 
 117:Drivers/STM32G4xx_HAL_Driver/Src/stm32g4xx_hal_flash.c **** /**
 118:Drivers/STM32G4xx_HAL_Driver/Src/stm32g4xx_hal_flash.c ****   * @brief  Variable used for Program/Erase sectors under interruption
 119:Drivers/STM32G4xx_HAL_Driver/Src/stm32g4xx_hal_flash.c ****   */
 120:Drivers/STM32G4xx_HAL_Driver/Src/stm32g4xx_hal_flash.c **** FLASH_ProcessTypeDef pFlash  = {.Lock = HAL_UNLOCKED,
 121:Drivers/STM32G4xx_HAL_Driver/Src/stm32g4xx_hal_flash.c ****                                 .ErrorCode = HAL_FLASH_ERROR_NONE,
 122:Drivers/STM32G4xx_HAL_Driver/Src/stm32g4xx_hal_flash.c ****                                 .ProcedureOnGoing = FLASH_PROC_NONE,
 123:Drivers/STM32G4xx_HAL_Driver/Src/stm32g4xx_hal_flash.c ****                                 .Address = 0U,
 124:Drivers/STM32G4xx_HAL_Driver/Src/stm32g4xx_hal_flash.c ****                                 .Bank = FLASH_BANK_1,
 125:Drivers/STM32G4xx_HAL_Driver/Src/stm32g4xx_hal_flash.c ****                                 .Page = 0U,
 126:Drivers/STM32G4xx_HAL_Driver/Src/stm32g4xx_hal_flash.c ****                                 .NbPagesToErase = 0U,
 127:Drivers/STM32G4xx_HAL_Driver/Src/stm32g4xx_hal_flash.c ****                                 .CacheToReactivate = FLASH_CACHE_DISABLED};
 128:Drivers/STM32G4xx_HAL_Driver/Src/stm32g4xx_hal_flash.c **** /**
 129:Drivers/STM32G4xx_HAL_Driver/Src/stm32g4xx_hal_flash.c ****   * @}
 130:Drivers/STM32G4xx_HAL_Driver/Src/stm32g4xx_hal_flash.c ****   */
 131:Drivers/STM32G4xx_HAL_Driver/Src/stm32g4xx_hal_flash.c **** 
 132:Drivers/STM32G4xx_HAL_Driver/Src/stm32g4xx_hal_flash.c **** /* Private function prototypes -----------------------------------------------*/
 133:Drivers/STM32G4xx_HAL_Driver/Src/stm32g4xx_hal_flash.c **** /** @defgroup FLASH_Private_Functions FLASH Private Functions
 134:Drivers/STM32G4xx_HAL_Driver/Src/stm32g4xx_hal_flash.c ****   * @{
 135:Drivers/STM32G4xx_HAL_Driver/Src/stm32g4xx_hal_flash.c ****   */
 136:Drivers/STM32G4xx_HAL_Driver/Src/stm32g4xx_hal_flash.c **** static void          FLASH_Program_DoubleWord(uint32_t Address, uint64_t Data);
 137:Drivers/STM32G4xx_HAL_Driver/Src/stm32g4xx_hal_flash.c **** static void          FLASH_Program_Fast(uint32_t Address, uint32_t DataAddress);
 138:Drivers/STM32G4xx_HAL_Driver/Src/stm32g4xx_hal_flash.c **** /**
 139:Drivers/STM32G4xx_HAL_Driver/Src/stm32g4xx_hal_flash.c ****   * @}
 140:Drivers/STM32G4xx_HAL_Driver/Src/stm32g4xx_hal_flash.c ****   */
 141:Drivers/STM32G4xx_HAL_Driver/Src/stm32g4xx_hal_flash.c **** 
 142:Drivers/STM32G4xx_HAL_Driver/Src/stm32g4xx_hal_flash.c **** /* Exported functions --------------------------------------------------------*/
 143:Drivers/STM32G4xx_HAL_Driver/Src/stm32g4xx_hal_flash.c **** /** @defgroup FLASH_Exported_Functions FLASH Exported Functions
 144:Drivers/STM32G4xx_HAL_Driver/Src/stm32g4xx_hal_flash.c ****   * @{
ARM GAS   			page 4


 145:Drivers/STM32G4xx_HAL_Driver/Src/stm32g4xx_hal_flash.c ****   */
 146:Drivers/STM32G4xx_HAL_Driver/Src/stm32g4xx_hal_flash.c **** 
 147:Drivers/STM32G4xx_HAL_Driver/Src/stm32g4xx_hal_flash.c **** /** @defgroup FLASH_Exported_Functions_Group1 Programming operation functions
 148:Drivers/STM32G4xx_HAL_Driver/Src/stm32g4xx_hal_flash.c ****   *  @brief   Programming operation functions
 149:Drivers/STM32G4xx_HAL_Driver/Src/stm32g4xx_hal_flash.c ****   *
 150:Drivers/STM32G4xx_HAL_Driver/Src/stm32g4xx_hal_flash.c **** @verbatim
 151:Drivers/STM32G4xx_HAL_Driver/Src/stm32g4xx_hal_flash.c ****  ===============================================================================
 152:Drivers/STM32G4xx_HAL_Driver/Src/stm32g4xx_hal_flash.c ****                   ##### Programming operation functions #####
 153:Drivers/STM32G4xx_HAL_Driver/Src/stm32g4xx_hal_flash.c ****  ===============================================================================
 154:Drivers/STM32G4xx_HAL_Driver/Src/stm32g4xx_hal_flash.c ****     [..]
 155:Drivers/STM32G4xx_HAL_Driver/Src/stm32g4xx_hal_flash.c ****     This subsection provides a set of functions allowing to manage the FLASH
 156:Drivers/STM32G4xx_HAL_Driver/Src/stm32g4xx_hal_flash.c ****     program operations.
 157:Drivers/STM32G4xx_HAL_Driver/Src/stm32g4xx_hal_flash.c **** 
 158:Drivers/STM32G4xx_HAL_Driver/Src/stm32g4xx_hal_flash.c **** @endverbatim
 159:Drivers/STM32G4xx_HAL_Driver/Src/stm32g4xx_hal_flash.c ****   * @{
 160:Drivers/STM32G4xx_HAL_Driver/Src/stm32g4xx_hal_flash.c ****   */
 161:Drivers/STM32G4xx_HAL_Driver/Src/stm32g4xx_hal_flash.c **** 
 162:Drivers/STM32G4xx_HAL_Driver/Src/stm32g4xx_hal_flash.c **** /**
 163:Drivers/STM32G4xx_HAL_Driver/Src/stm32g4xx_hal_flash.c ****   * @brief  Program double word or fast program of a row at a specified address.
 164:Drivers/STM32G4xx_HAL_Driver/Src/stm32g4xx_hal_flash.c ****   * @param  TypeProgram Indicate the way to program at a specified address.
 165:Drivers/STM32G4xx_HAL_Driver/Src/stm32g4xx_hal_flash.c ****   *         This parameter can be a value of @ref FLASH_Type_Program.
 166:Drivers/STM32G4xx_HAL_Driver/Src/stm32g4xx_hal_flash.c ****   * @param  Address specifies the address to be programmed.
 167:Drivers/STM32G4xx_HAL_Driver/Src/stm32g4xx_hal_flash.c ****   * @param  Data specifies the data to be programmed.
 168:Drivers/STM32G4xx_HAL_Driver/Src/stm32g4xx_hal_flash.c ****   *         This parameter is the data for the double word program and the address where
 169:Drivers/STM32G4xx_HAL_Driver/Src/stm32g4xx_hal_flash.c ****   *         are stored the data for the row fast program.
 170:Drivers/STM32G4xx_HAL_Driver/Src/stm32g4xx_hal_flash.c ****   *
 171:Drivers/STM32G4xx_HAL_Driver/Src/stm32g4xx_hal_flash.c ****   * @retval HAL_Status
 172:Drivers/STM32G4xx_HAL_Driver/Src/stm32g4xx_hal_flash.c ****   */
 173:Drivers/STM32G4xx_HAL_Driver/Src/stm32g4xx_hal_flash.c **** HAL_StatusTypeDef HAL_FLASH_Program(uint32_t TypeProgram, uint32_t Address, uint64_t Data)
 174:Drivers/STM32G4xx_HAL_Driver/Src/stm32g4xx_hal_flash.c **** {
  29              	 .loc 1 174 1 view-0
  30              	 .cfi_startproc
  31              	 
  32              	 
  33              	 .loc 1 174 1 is_stmt 0 view .LVU1
  34 0000 2DE9F047 	 push {r4,r5,r6,r7,r8,r9,r10,lr}
  35              	 .cfi_def_cfa_offset 32
  36              	 .cfi_offset 4,-32
  37              	 .cfi_offset 5,-28
  38              	 .cfi_offset 6,-24
  39              	 .cfi_offset 7,-20
  40              	 .cfi_offset 8,-16
  41              	 .cfi_offset 9,-12
  42              	 .cfi_offset 10,-8
  43              	 .cfi_offset 14,-4
 175:Drivers/STM32G4xx_HAL_Driver/Src/stm32g4xx_hal_flash.c ****   HAL_StatusTypeDef status;
 176:Drivers/STM32G4xx_HAL_Driver/Src/stm32g4xx_hal_flash.c ****   uint32_t prog_bit = 0;
 177:Drivers/STM32G4xx_HAL_Driver/Src/stm32g4xx_hal_flash.c **** 
 178:Drivers/STM32G4xx_HAL_Driver/Src/stm32g4xx_hal_flash.c ****   /* Check the parameters */
 179:Drivers/STM32G4xx_HAL_Driver/Src/stm32g4xx_hal_flash.c ****   assert_param(IS_FLASH_TYPEPROGRAM(TypeProgram));
 180:Drivers/STM32G4xx_HAL_Driver/Src/stm32g4xx_hal_flash.c **** 
 181:Drivers/STM32G4xx_HAL_Driver/Src/stm32g4xx_hal_flash.c ****   /* Process Locked */
 182:Drivers/STM32G4xx_HAL_Driver/Src/stm32g4xx_hal_flash.c ****   __HAL_LOCK(&pFlash);
  44              	 .loc 1 182 3 view .LVU2
  45 0004 DFF86481 	 ldr r8,.L42+4
 175:Drivers/STM32G4xx_HAL_Driver/Src/stm32g4xx_hal_flash.c ****   HAL_StatusTypeDef status;
  46              	 .loc 1 175 3 is_stmt 1 view .LVU3
ARM GAS   			page 5


 176:Drivers/STM32G4xx_HAL_Driver/Src/stm32g4xx_hal_flash.c **** 
  47              	 .loc 1 176 3 view .LVU4
  48              	.LVL1:
 179:Drivers/STM32G4xx_HAL_Driver/Src/stm32g4xx_hal_flash.c **** 
  49              	 .loc 1 179 3 view .LVU5
  50              	 .loc 1 182 3 view .LVU6
  51              	 .loc 1 182 3 view .LVU7
 174:Drivers/STM32G4xx_HAL_Driver/Src/stm32g4xx_hal_flash.c ****   HAL_StatusTypeDef status;
  52              	 .loc 1 174 1 is_stmt 0 view .LVU8
  53 0008 9A46     	 mov r10,r3
  54              	 .loc 1 182 3 view .LVU9
  55 000a 98F80030 	 ldrb r3,[r8]
  56 000e 012B     	 cmp r3,#1
  57 0010 5DD0     	 beq .L22
  58              	 .loc 1 182 3 discriminator 2 view .LVU10
  59 0012 0123     	 movs r3,#1
  60 0014 8146     	 mov r9,r0
  61 0016 0F46     	 mov r7,r1
  62 0018 1446     	 mov r4,r2
  63              	 .loc 1 182 3 is_stmt 1 discriminator 2 view .LVU11
  64 001a 88F80030 	 strb r3,[r8]
  65              	 .loc 1 182 3 view .LVU12
 183:Drivers/STM32G4xx_HAL_Driver/Src/stm32g4xx_hal_flash.c **** 
 184:Drivers/STM32G4xx_HAL_Driver/Src/stm32g4xx_hal_flash.c ****   /* Wait for last operation to be completed */
 185:Drivers/STM32G4xx_HAL_Driver/Src/stm32g4xx_hal_flash.c ****   status = FLASH_WaitForLastOperation((uint32_t)FLASH_TIMEOUT_VALUE);
  66              	 .loc 1 185 3 view .LVU13
  67              	.LVL2:
  68              	.LBB54:
  69              	.LBI54:
 186:Drivers/STM32G4xx_HAL_Driver/Src/stm32g4xx_hal_flash.c **** 
 187:Drivers/STM32G4xx_HAL_Driver/Src/stm32g4xx_hal_flash.c ****   if (status == HAL_OK)
 188:Drivers/STM32G4xx_HAL_Driver/Src/stm32g4xx_hal_flash.c ****   {
 189:Drivers/STM32G4xx_HAL_Driver/Src/stm32g4xx_hal_flash.c ****     pFlash.ErrorCode = HAL_FLASH_ERROR_NONE;
 190:Drivers/STM32G4xx_HAL_Driver/Src/stm32g4xx_hal_flash.c **** 
 191:Drivers/STM32G4xx_HAL_Driver/Src/stm32g4xx_hal_flash.c ****     /* Deactivate the data cache if they are activated to avoid data misbehavior */
 192:Drivers/STM32G4xx_HAL_Driver/Src/stm32g4xx_hal_flash.c ****     if(READ_BIT(FLASH->ACR, FLASH_ACR_DCEN) != 0U)
 193:Drivers/STM32G4xx_HAL_Driver/Src/stm32g4xx_hal_flash.c ****     {
 194:Drivers/STM32G4xx_HAL_Driver/Src/stm32g4xx_hal_flash.c ****       /* Disable data cache  */
 195:Drivers/STM32G4xx_HAL_Driver/Src/stm32g4xx_hal_flash.c ****       __HAL_FLASH_DATA_CACHE_DISABLE();
 196:Drivers/STM32G4xx_HAL_Driver/Src/stm32g4xx_hal_flash.c ****       pFlash.CacheToReactivate = FLASH_CACHE_DCACHE_ENABLED;
 197:Drivers/STM32G4xx_HAL_Driver/Src/stm32g4xx_hal_flash.c ****     }
 198:Drivers/STM32G4xx_HAL_Driver/Src/stm32g4xx_hal_flash.c ****     else
 199:Drivers/STM32G4xx_HAL_Driver/Src/stm32g4xx_hal_flash.c ****     {
 200:Drivers/STM32G4xx_HAL_Driver/Src/stm32g4xx_hal_flash.c ****       pFlash.CacheToReactivate = FLASH_CACHE_DISABLED;
 201:Drivers/STM32G4xx_HAL_Driver/Src/stm32g4xx_hal_flash.c ****     }
 202:Drivers/STM32G4xx_HAL_Driver/Src/stm32g4xx_hal_flash.c ****     if (TypeProgram == FLASH_TYPEPROGRAM_DOUBLEWORD)
 203:Drivers/STM32G4xx_HAL_Driver/Src/stm32g4xx_hal_flash.c ****     {
 204:Drivers/STM32G4xx_HAL_Driver/Src/stm32g4xx_hal_flash.c ****       /* Program double-word (64-bit) at a specified address */
 205:Drivers/STM32G4xx_HAL_Driver/Src/stm32g4xx_hal_flash.c ****       FLASH_Program_DoubleWord(Address, Data);
 206:Drivers/STM32G4xx_HAL_Driver/Src/stm32g4xx_hal_flash.c ****       prog_bit = FLASH_CR_PG;
 207:Drivers/STM32G4xx_HAL_Driver/Src/stm32g4xx_hal_flash.c ****     }
 208:Drivers/STM32G4xx_HAL_Driver/Src/stm32g4xx_hal_flash.c ****     else if ((TypeProgram == FLASH_TYPEPROGRAM_FAST) || (TypeProgram == FLASH_TYPEPROGRAM_FAST_AND_
 209:Drivers/STM32G4xx_HAL_Driver/Src/stm32g4xx_hal_flash.c ****     {
 210:Drivers/STM32G4xx_HAL_Driver/Src/stm32g4xx_hal_flash.c ****       /* Fast program a 32 row double-word (64-bit) at a specified address */
 211:Drivers/STM32G4xx_HAL_Driver/Src/stm32g4xx_hal_flash.c ****       FLASH_Program_Fast(Address, (uint32_t)Data);
 212:Drivers/STM32G4xx_HAL_Driver/Src/stm32g4xx_hal_flash.c **** 
 213:Drivers/STM32G4xx_HAL_Driver/Src/stm32g4xx_hal_flash.c ****       /* If it is the last row, the bit will be cleared at the end of the operation */
ARM GAS   			page 6


 214:Drivers/STM32G4xx_HAL_Driver/Src/stm32g4xx_hal_flash.c ****       if (TypeProgram == FLASH_TYPEPROGRAM_FAST_AND_LAST)
 215:Drivers/STM32G4xx_HAL_Driver/Src/stm32g4xx_hal_flash.c ****       {
 216:Drivers/STM32G4xx_HAL_Driver/Src/stm32g4xx_hal_flash.c ****         prog_bit = FLASH_CR_FSTPG;
 217:Drivers/STM32G4xx_HAL_Driver/Src/stm32g4xx_hal_flash.c ****       }
 218:Drivers/STM32G4xx_HAL_Driver/Src/stm32g4xx_hal_flash.c ****     }
 219:Drivers/STM32G4xx_HAL_Driver/Src/stm32g4xx_hal_flash.c ****     else
 220:Drivers/STM32G4xx_HAL_Driver/Src/stm32g4xx_hal_flash.c ****     {
 221:Drivers/STM32G4xx_HAL_Driver/Src/stm32g4xx_hal_flash.c ****       /* Nothing to do */
 222:Drivers/STM32G4xx_HAL_Driver/Src/stm32g4xx_hal_flash.c ****     }
 223:Drivers/STM32G4xx_HAL_Driver/Src/stm32g4xx_hal_flash.c **** 
 224:Drivers/STM32G4xx_HAL_Driver/Src/stm32g4xx_hal_flash.c ****     /* Wait for last operation to be completed */
 225:Drivers/STM32G4xx_HAL_Driver/Src/stm32g4xx_hal_flash.c ****     status = FLASH_WaitForLastOperation((uint32_t)FLASH_TIMEOUT_VALUE);
 226:Drivers/STM32G4xx_HAL_Driver/Src/stm32g4xx_hal_flash.c **** 
 227:Drivers/STM32G4xx_HAL_Driver/Src/stm32g4xx_hal_flash.c ****     /* If the program operation is completed, disable the PG or FSTPG Bit */
 228:Drivers/STM32G4xx_HAL_Driver/Src/stm32g4xx_hal_flash.c ****     if (prog_bit != 0U)
 229:Drivers/STM32G4xx_HAL_Driver/Src/stm32g4xx_hal_flash.c ****     {
 230:Drivers/STM32G4xx_HAL_Driver/Src/stm32g4xx_hal_flash.c ****       CLEAR_BIT(FLASH->CR, prog_bit);
 231:Drivers/STM32G4xx_HAL_Driver/Src/stm32g4xx_hal_flash.c ****     }
 232:Drivers/STM32G4xx_HAL_Driver/Src/stm32g4xx_hal_flash.c **** 
 233:Drivers/STM32G4xx_HAL_Driver/Src/stm32g4xx_hal_flash.c ****     /* Flush the caches to be sure of the data consistency */
 234:Drivers/STM32G4xx_HAL_Driver/Src/stm32g4xx_hal_flash.c ****     FLASH_FlushCaches();
 235:Drivers/STM32G4xx_HAL_Driver/Src/stm32g4xx_hal_flash.c ****   }
 236:Drivers/STM32G4xx_HAL_Driver/Src/stm32g4xx_hal_flash.c **** 
 237:Drivers/STM32G4xx_HAL_Driver/Src/stm32g4xx_hal_flash.c ****   /* Process Unlocked */
 238:Drivers/STM32G4xx_HAL_Driver/Src/stm32g4xx_hal_flash.c ****   __HAL_UNLOCK(&pFlash);
 239:Drivers/STM32G4xx_HAL_Driver/Src/stm32g4xx_hal_flash.c **** 
 240:Drivers/STM32G4xx_HAL_Driver/Src/stm32g4xx_hal_flash.c ****   /* return status */
 241:Drivers/STM32G4xx_HAL_Driver/Src/stm32g4xx_hal_flash.c ****   return status;
 242:Drivers/STM32G4xx_HAL_Driver/Src/stm32g4xx_hal_flash.c **** }
 243:Drivers/STM32G4xx_HAL_Driver/Src/stm32g4xx_hal_flash.c **** 
 244:Drivers/STM32G4xx_HAL_Driver/Src/stm32g4xx_hal_flash.c **** /**
 245:Drivers/STM32G4xx_HAL_Driver/Src/stm32g4xx_hal_flash.c ****   * @brief  Program double word or fast program of a row at a specified address with interrupt enab
 246:Drivers/STM32G4xx_HAL_Driver/Src/stm32g4xx_hal_flash.c ****   * @param  TypeProgram Indicate the way to program at a specified address.
 247:Drivers/STM32G4xx_HAL_Driver/Src/stm32g4xx_hal_flash.c ****   *         This parameter can be a value of @ref FLASH_Type_Program.
 248:Drivers/STM32G4xx_HAL_Driver/Src/stm32g4xx_hal_flash.c ****   * @param  Address specifies the address to be programmed.
 249:Drivers/STM32G4xx_HAL_Driver/Src/stm32g4xx_hal_flash.c ****   * @param  Data specifies the data to be programmed.
 250:Drivers/STM32G4xx_HAL_Driver/Src/stm32g4xx_hal_flash.c ****   *         This parameter is the data for the double word program and the address where
 251:Drivers/STM32G4xx_HAL_Driver/Src/stm32g4xx_hal_flash.c ****   *         are stored the data for the row fast program.
 252:Drivers/STM32G4xx_HAL_Driver/Src/stm32g4xx_hal_flash.c ****   *
 253:Drivers/STM32G4xx_HAL_Driver/Src/stm32g4xx_hal_flash.c ****   * @retval HAL_Status
 254:Drivers/STM32G4xx_HAL_Driver/Src/stm32g4xx_hal_flash.c ****   */
 255:Drivers/STM32G4xx_HAL_Driver/Src/stm32g4xx_hal_flash.c **** HAL_StatusTypeDef HAL_FLASH_Program_IT(uint32_t TypeProgram, uint32_t Address, uint64_t Data)
 256:Drivers/STM32G4xx_HAL_Driver/Src/stm32g4xx_hal_flash.c **** {
 257:Drivers/STM32G4xx_HAL_Driver/Src/stm32g4xx_hal_flash.c ****   HAL_StatusTypeDef status;
 258:Drivers/STM32G4xx_HAL_Driver/Src/stm32g4xx_hal_flash.c **** 
 259:Drivers/STM32G4xx_HAL_Driver/Src/stm32g4xx_hal_flash.c ****   /* Check the parameters */
 260:Drivers/STM32G4xx_HAL_Driver/Src/stm32g4xx_hal_flash.c ****   assert_param(IS_FLASH_TYPEPROGRAM(TypeProgram));
 261:Drivers/STM32G4xx_HAL_Driver/Src/stm32g4xx_hal_flash.c **** 
 262:Drivers/STM32G4xx_HAL_Driver/Src/stm32g4xx_hal_flash.c ****   /* Process Locked */
 263:Drivers/STM32G4xx_HAL_Driver/Src/stm32g4xx_hal_flash.c ****   __HAL_LOCK(&pFlash);
 264:Drivers/STM32G4xx_HAL_Driver/Src/stm32g4xx_hal_flash.c **** 
 265:Drivers/STM32G4xx_HAL_Driver/Src/stm32g4xx_hal_flash.c ****   /* Reset error code */
 266:Drivers/STM32G4xx_HAL_Driver/Src/stm32g4xx_hal_flash.c ****   pFlash.ErrorCode = HAL_FLASH_ERROR_NONE;
 267:Drivers/STM32G4xx_HAL_Driver/Src/stm32g4xx_hal_flash.c **** 
 268:Drivers/STM32G4xx_HAL_Driver/Src/stm32g4xx_hal_flash.c ****   /* Deactivate the data cache if they are activated to avoid data misbehavior */
 269:Drivers/STM32G4xx_HAL_Driver/Src/stm32g4xx_hal_flash.c ****   if(READ_BIT(FLASH->ACR, FLASH_ACR_DCEN) != 0U)
 270:Drivers/STM32G4xx_HAL_Driver/Src/stm32g4xx_hal_flash.c ****   {
ARM GAS   			page 7


 271:Drivers/STM32G4xx_HAL_Driver/Src/stm32g4xx_hal_flash.c ****     /* Disable data cache  */
 272:Drivers/STM32G4xx_HAL_Driver/Src/stm32g4xx_hal_flash.c ****     __HAL_FLASH_DATA_CACHE_DISABLE();
 273:Drivers/STM32G4xx_HAL_Driver/Src/stm32g4xx_hal_flash.c ****     pFlash.CacheToReactivate = FLASH_CACHE_DCACHE_ENABLED;
 274:Drivers/STM32G4xx_HAL_Driver/Src/stm32g4xx_hal_flash.c ****   }
 275:Drivers/STM32G4xx_HAL_Driver/Src/stm32g4xx_hal_flash.c ****   else
 276:Drivers/STM32G4xx_HAL_Driver/Src/stm32g4xx_hal_flash.c ****   {
 277:Drivers/STM32G4xx_HAL_Driver/Src/stm32g4xx_hal_flash.c ****     pFlash.CacheToReactivate = FLASH_CACHE_DISABLED;
 278:Drivers/STM32G4xx_HAL_Driver/Src/stm32g4xx_hal_flash.c ****   }
 279:Drivers/STM32G4xx_HAL_Driver/Src/stm32g4xx_hal_flash.c **** 
 280:Drivers/STM32G4xx_HAL_Driver/Src/stm32g4xx_hal_flash.c ****   /* Wait for last operation to be completed */
 281:Drivers/STM32G4xx_HAL_Driver/Src/stm32g4xx_hal_flash.c ****   status = FLASH_WaitForLastOperation(FLASH_TIMEOUT_VALUE);
 282:Drivers/STM32G4xx_HAL_Driver/Src/stm32g4xx_hal_flash.c **** 
 283:Drivers/STM32G4xx_HAL_Driver/Src/stm32g4xx_hal_flash.c ****   if (status != HAL_OK)
 284:Drivers/STM32G4xx_HAL_Driver/Src/stm32g4xx_hal_flash.c ****   {
 285:Drivers/STM32G4xx_HAL_Driver/Src/stm32g4xx_hal_flash.c ****     /* Process Unlocked */
 286:Drivers/STM32G4xx_HAL_Driver/Src/stm32g4xx_hal_flash.c ****     __HAL_UNLOCK(&pFlash);
 287:Drivers/STM32G4xx_HAL_Driver/Src/stm32g4xx_hal_flash.c ****   }
 288:Drivers/STM32G4xx_HAL_Driver/Src/stm32g4xx_hal_flash.c ****   else
 289:Drivers/STM32G4xx_HAL_Driver/Src/stm32g4xx_hal_flash.c ****   {
 290:Drivers/STM32G4xx_HAL_Driver/Src/stm32g4xx_hal_flash.c ****     /* Set internal variables used by the IRQ handler */
 291:Drivers/STM32G4xx_HAL_Driver/Src/stm32g4xx_hal_flash.c ****     if (TypeProgram == FLASH_TYPEPROGRAM_FAST_AND_LAST)
 292:Drivers/STM32G4xx_HAL_Driver/Src/stm32g4xx_hal_flash.c ****     {
 293:Drivers/STM32G4xx_HAL_Driver/Src/stm32g4xx_hal_flash.c ****       pFlash.ProcedureOnGoing = FLASH_PROC_PROGRAM_LAST;
 294:Drivers/STM32G4xx_HAL_Driver/Src/stm32g4xx_hal_flash.c ****     }
 295:Drivers/STM32G4xx_HAL_Driver/Src/stm32g4xx_hal_flash.c ****     else
 296:Drivers/STM32G4xx_HAL_Driver/Src/stm32g4xx_hal_flash.c ****     {
 297:Drivers/STM32G4xx_HAL_Driver/Src/stm32g4xx_hal_flash.c ****       pFlash.ProcedureOnGoing = FLASH_PROC_PROGRAM;
 298:Drivers/STM32G4xx_HAL_Driver/Src/stm32g4xx_hal_flash.c ****     }
 299:Drivers/STM32G4xx_HAL_Driver/Src/stm32g4xx_hal_flash.c ****     pFlash.Address = Address;
 300:Drivers/STM32G4xx_HAL_Driver/Src/stm32g4xx_hal_flash.c **** 
 301:Drivers/STM32G4xx_HAL_Driver/Src/stm32g4xx_hal_flash.c ****     /* Enable End of Operation and Error interrupts */
 302:Drivers/STM32G4xx_HAL_Driver/Src/stm32g4xx_hal_flash.c ****     __HAL_FLASH_ENABLE_IT(FLASH_IT_EOP | FLASH_IT_OPERR);
 303:Drivers/STM32G4xx_HAL_Driver/Src/stm32g4xx_hal_flash.c **** 
 304:Drivers/STM32G4xx_HAL_Driver/Src/stm32g4xx_hal_flash.c ****     if (TypeProgram == FLASH_TYPEPROGRAM_DOUBLEWORD)
 305:Drivers/STM32G4xx_HAL_Driver/Src/stm32g4xx_hal_flash.c ****     {
 306:Drivers/STM32G4xx_HAL_Driver/Src/stm32g4xx_hal_flash.c ****       /* Program double-word (64-bit) at a specified address */
 307:Drivers/STM32G4xx_HAL_Driver/Src/stm32g4xx_hal_flash.c ****       FLASH_Program_DoubleWord(Address, Data);
 308:Drivers/STM32G4xx_HAL_Driver/Src/stm32g4xx_hal_flash.c ****     }
 309:Drivers/STM32G4xx_HAL_Driver/Src/stm32g4xx_hal_flash.c ****     else if ((TypeProgram == FLASH_TYPEPROGRAM_FAST) || (TypeProgram == FLASH_TYPEPROGRAM_FAST_AND_
 310:Drivers/STM32G4xx_HAL_Driver/Src/stm32g4xx_hal_flash.c ****     {
 311:Drivers/STM32G4xx_HAL_Driver/Src/stm32g4xx_hal_flash.c ****       /* Fast program a 32 row double-word (64-bit) at a specified address */
 312:Drivers/STM32G4xx_HAL_Driver/Src/stm32g4xx_hal_flash.c ****       FLASH_Program_Fast(Address, (uint32_t)Data);
 313:Drivers/STM32G4xx_HAL_Driver/Src/stm32g4xx_hal_flash.c ****     }
 314:Drivers/STM32G4xx_HAL_Driver/Src/stm32g4xx_hal_flash.c ****     else
 315:Drivers/STM32G4xx_HAL_Driver/Src/stm32g4xx_hal_flash.c ****     {
 316:Drivers/STM32G4xx_HAL_Driver/Src/stm32g4xx_hal_flash.c ****       /* Nothing to do */
 317:Drivers/STM32G4xx_HAL_Driver/Src/stm32g4xx_hal_flash.c ****     }
 318:Drivers/STM32G4xx_HAL_Driver/Src/stm32g4xx_hal_flash.c ****   }
 319:Drivers/STM32G4xx_HAL_Driver/Src/stm32g4xx_hal_flash.c **** 
 320:Drivers/STM32G4xx_HAL_Driver/Src/stm32g4xx_hal_flash.c ****   return status;
 321:Drivers/STM32G4xx_HAL_Driver/Src/stm32g4xx_hal_flash.c **** }
 322:Drivers/STM32G4xx_HAL_Driver/Src/stm32g4xx_hal_flash.c **** 
 323:Drivers/STM32G4xx_HAL_Driver/Src/stm32g4xx_hal_flash.c **** /**
 324:Drivers/STM32G4xx_HAL_Driver/Src/stm32g4xx_hal_flash.c ****   * @brief  Handle FLASH interrupt request.
 325:Drivers/STM32G4xx_HAL_Driver/Src/stm32g4xx_hal_flash.c ****   * @retval None
 326:Drivers/STM32G4xx_HAL_Driver/Src/stm32g4xx_hal_flash.c ****   */
 327:Drivers/STM32G4xx_HAL_Driver/Src/stm32g4xx_hal_flash.c **** void HAL_FLASH_IRQHandler(void)
ARM GAS   			page 8


 328:Drivers/STM32G4xx_HAL_Driver/Src/stm32g4xx_hal_flash.c **** {
 329:Drivers/STM32G4xx_HAL_Driver/Src/stm32g4xx_hal_flash.c ****   uint32_t tmp_page;
 330:Drivers/STM32G4xx_HAL_Driver/Src/stm32g4xx_hal_flash.c ****   uint32_t error;
 331:Drivers/STM32G4xx_HAL_Driver/Src/stm32g4xx_hal_flash.c ****   FLASH_ProcedureTypeDef procedure;
 332:Drivers/STM32G4xx_HAL_Driver/Src/stm32g4xx_hal_flash.c **** 
 333:Drivers/STM32G4xx_HAL_Driver/Src/stm32g4xx_hal_flash.c ****   /* If the operation is completed, disable the PG, PNB, MER1, MER2 and PER Bit */
 334:Drivers/STM32G4xx_HAL_Driver/Src/stm32g4xx_hal_flash.c ****   CLEAR_BIT(FLASH->CR, (FLASH_CR_PG | FLASH_CR_MER1 | FLASH_CR_PER | FLASH_CR_PNB));
 335:Drivers/STM32G4xx_HAL_Driver/Src/stm32g4xx_hal_flash.c **** #if defined (FLASH_OPTR_DBANK)
 336:Drivers/STM32G4xx_HAL_Driver/Src/stm32g4xx_hal_flash.c ****   CLEAR_BIT(FLASH->CR, FLASH_CR_MER2);
 337:Drivers/STM32G4xx_HAL_Driver/Src/stm32g4xx_hal_flash.c **** #endif
 338:Drivers/STM32G4xx_HAL_Driver/Src/stm32g4xx_hal_flash.c **** 
 339:Drivers/STM32G4xx_HAL_Driver/Src/stm32g4xx_hal_flash.c ****   /* Disable the FSTPG Bit only if it is the last row programmed */
 340:Drivers/STM32G4xx_HAL_Driver/Src/stm32g4xx_hal_flash.c ****   if (pFlash.ProcedureOnGoing == FLASH_PROC_PROGRAM_LAST)
 341:Drivers/STM32G4xx_HAL_Driver/Src/stm32g4xx_hal_flash.c ****   {
 342:Drivers/STM32G4xx_HAL_Driver/Src/stm32g4xx_hal_flash.c ****     CLEAR_BIT(FLASH->CR, FLASH_CR_FSTPG);
 343:Drivers/STM32G4xx_HAL_Driver/Src/stm32g4xx_hal_flash.c ****   }
 344:Drivers/STM32G4xx_HAL_Driver/Src/stm32g4xx_hal_flash.c **** 
 345:Drivers/STM32G4xx_HAL_Driver/Src/stm32g4xx_hal_flash.c ****   /* Check FLASH operation error flags */
 346:Drivers/STM32G4xx_HAL_Driver/Src/stm32g4xx_hal_flash.c ****   error = (FLASH->SR & FLASH_FLAG_SR_ERRORS);
 347:Drivers/STM32G4xx_HAL_Driver/Src/stm32g4xx_hal_flash.c **** 
 348:Drivers/STM32G4xx_HAL_Driver/Src/stm32g4xx_hal_flash.c ****   if (error != 0U)
 349:Drivers/STM32G4xx_HAL_Driver/Src/stm32g4xx_hal_flash.c ****   {
 350:Drivers/STM32G4xx_HAL_Driver/Src/stm32g4xx_hal_flash.c ****     /* Save the error code */
 351:Drivers/STM32G4xx_HAL_Driver/Src/stm32g4xx_hal_flash.c ****     pFlash.ErrorCode |= error;
 352:Drivers/STM32G4xx_HAL_Driver/Src/stm32g4xx_hal_flash.c **** 
 353:Drivers/STM32G4xx_HAL_Driver/Src/stm32g4xx_hal_flash.c ****     /* Clear error programming flags */
 354:Drivers/STM32G4xx_HAL_Driver/Src/stm32g4xx_hal_flash.c ****     __HAL_FLASH_CLEAR_FLAG(error);
 355:Drivers/STM32G4xx_HAL_Driver/Src/stm32g4xx_hal_flash.c **** 
 356:Drivers/STM32G4xx_HAL_Driver/Src/stm32g4xx_hal_flash.c ****     /* Flush the caches to be sure of the data consistency */
 357:Drivers/STM32G4xx_HAL_Driver/Src/stm32g4xx_hal_flash.c ****     FLASH_FlushCaches();
 358:Drivers/STM32G4xx_HAL_Driver/Src/stm32g4xx_hal_flash.c **** 
 359:Drivers/STM32G4xx_HAL_Driver/Src/stm32g4xx_hal_flash.c ****     /* FLASH error interrupt user callback */
 360:Drivers/STM32G4xx_HAL_Driver/Src/stm32g4xx_hal_flash.c ****     procedure = pFlash.ProcedureOnGoing;
 361:Drivers/STM32G4xx_HAL_Driver/Src/stm32g4xx_hal_flash.c ****     if (procedure == FLASH_PROC_PAGE_ERASE)
 362:Drivers/STM32G4xx_HAL_Driver/Src/stm32g4xx_hal_flash.c ****     {
 363:Drivers/STM32G4xx_HAL_Driver/Src/stm32g4xx_hal_flash.c ****       HAL_FLASH_OperationErrorCallback(pFlash.Page);
 364:Drivers/STM32G4xx_HAL_Driver/Src/stm32g4xx_hal_flash.c ****     }
 365:Drivers/STM32G4xx_HAL_Driver/Src/stm32g4xx_hal_flash.c ****     else if (procedure == FLASH_PROC_MASS_ERASE)
 366:Drivers/STM32G4xx_HAL_Driver/Src/stm32g4xx_hal_flash.c ****     {
 367:Drivers/STM32G4xx_HAL_Driver/Src/stm32g4xx_hal_flash.c ****       HAL_FLASH_OperationErrorCallback(pFlash.Bank);
 368:Drivers/STM32G4xx_HAL_Driver/Src/stm32g4xx_hal_flash.c ****     }
 369:Drivers/STM32G4xx_HAL_Driver/Src/stm32g4xx_hal_flash.c ****     else if ((procedure == FLASH_PROC_PROGRAM) ||
 370:Drivers/STM32G4xx_HAL_Driver/Src/stm32g4xx_hal_flash.c ****              (procedure == FLASH_PROC_PROGRAM_LAST))
 371:Drivers/STM32G4xx_HAL_Driver/Src/stm32g4xx_hal_flash.c ****     {
 372:Drivers/STM32G4xx_HAL_Driver/Src/stm32g4xx_hal_flash.c ****       HAL_FLASH_OperationErrorCallback(pFlash.Address);
 373:Drivers/STM32G4xx_HAL_Driver/Src/stm32g4xx_hal_flash.c ****     }
 374:Drivers/STM32G4xx_HAL_Driver/Src/stm32g4xx_hal_flash.c ****     else
 375:Drivers/STM32G4xx_HAL_Driver/Src/stm32g4xx_hal_flash.c ****     {
 376:Drivers/STM32G4xx_HAL_Driver/Src/stm32g4xx_hal_flash.c ****       /* Nothing to do */
 377:Drivers/STM32G4xx_HAL_Driver/Src/stm32g4xx_hal_flash.c ****     }
 378:Drivers/STM32G4xx_HAL_Driver/Src/stm32g4xx_hal_flash.c **** 
 379:Drivers/STM32G4xx_HAL_Driver/Src/stm32g4xx_hal_flash.c ****     /*Stop the procedure ongoing*/
 380:Drivers/STM32G4xx_HAL_Driver/Src/stm32g4xx_hal_flash.c ****     pFlash.ProcedureOnGoing = FLASH_PROC_NONE;
 381:Drivers/STM32G4xx_HAL_Driver/Src/stm32g4xx_hal_flash.c ****   }
 382:Drivers/STM32G4xx_HAL_Driver/Src/stm32g4xx_hal_flash.c **** 
 383:Drivers/STM32G4xx_HAL_Driver/Src/stm32g4xx_hal_flash.c ****   /* Check FLASH End of Operation flag  */
 384:Drivers/STM32G4xx_HAL_Driver/Src/stm32g4xx_hal_flash.c ****   if (__HAL_FLASH_GET_FLAG(FLASH_FLAG_EOP))
ARM GAS   			page 9


 385:Drivers/STM32G4xx_HAL_Driver/Src/stm32g4xx_hal_flash.c ****   {
 386:Drivers/STM32G4xx_HAL_Driver/Src/stm32g4xx_hal_flash.c ****     /* Clear FLASH End of Operation pending bit */
 387:Drivers/STM32G4xx_HAL_Driver/Src/stm32g4xx_hal_flash.c ****     __HAL_FLASH_CLEAR_FLAG(FLASH_FLAG_EOP);
 388:Drivers/STM32G4xx_HAL_Driver/Src/stm32g4xx_hal_flash.c **** 
 389:Drivers/STM32G4xx_HAL_Driver/Src/stm32g4xx_hal_flash.c ****     if (pFlash.ProcedureOnGoing == FLASH_PROC_PAGE_ERASE)
 390:Drivers/STM32G4xx_HAL_Driver/Src/stm32g4xx_hal_flash.c ****     {
 391:Drivers/STM32G4xx_HAL_Driver/Src/stm32g4xx_hal_flash.c ****       /* Nb of pages to erased can be decreased */
 392:Drivers/STM32G4xx_HAL_Driver/Src/stm32g4xx_hal_flash.c ****       pFlash.NbPagesToErase--;
 393:Drivers/STM32G4xx_HAL_Driver/Src/stm32g4xx_hal_flash.c **** 
 394:Drivers/STM32G4xx_HAL_Driver/Src/stm32g4xx_hal_flash.c ****       /* Check if there are still pages to erase*/
 395:Drivers/STM32G4xx_HAL_Driver/Src/stm32g4xx_hal_flash.c ****       if (pFlash.NbPagesToErase != 0U)
 396:Drivers/STM32G4xx_HAL_Driver/Src/stm32g4xx_hal_flash.c ****       {
 397:Drivers/STM32G4xx_HAL_Driver/Src/stm32g4xx_hal_flash.c ****         /* Indicate user which page has been erased*/
 398:Drivers/STM32G4xx_HAL_Driver/Src/stm32g4xx_hal_flash.c ****         HAL_FLASH_EndOfOperationCallback(pFlash.Page);
 399:Drivers/STM32G4xx_HAL_Driver/Src/stm32g4xx_hal_flash.c **** 
 400:Drivers/STM32G4xx_HAL_Driver/Src/stm32g4xx_hal_flash.c ****         /* Increment page number */
 401:Drivers/STM32G4xx_HAL_Driver/Src/stm32g4xx_hal_flash.c ****         pFlash.Page++;
 402:Drivers/STM32G4xx_HAL_Driver/Src/stm32g4xx_hal_flash.c ****         tmp_page = pFlash.Page;
 403:Drivers/STM32G4xx_HAL_Driver/Src/stm32g4xx_hal_flash.c ****         FLASH_PageErase(tmp_page, pFlash.Bank);
 404:Drivers/STM32G4xx_HAL_Driver/Src/stm32g4xx_hal_flash.c ****       }
 405:Drivers/STM32G4xx_HAL_Driver/Src/stm32g4xx_hal_flash.c ****       else
 406:Drivers/STM32G4xx_HAL_Driver/Src/stm32g4xx_hal_flash.c ****       {
 407:Drivers/STM32G4xx_HAL_Driver/Src/stm32g4xx_hal_flash.c ****         /* No more pages to Erase */
 408:Drivers/STM32G4xx_HAL_Driver/Src/stm32g4xx_hal_flash.c ****         /* Reset Address and stop Erase pages procedure */
 409:Drivers/STM32G4xx_HAL_Driver/Src/stm32g4xx_hal_flash.c ****         pFlash.Page = 0xFFFFFFFFU;
 410:Drivers/STM32G4xx_HAL_Driver/Src/stm32g4xx_hal_flash.c ****         pFlash.ProcedureOnGoing = FLASH_PROC_NONE;
 411:Drivers/STM32G4xx_HAL_Driver/Src/stm32g4xx_hal_flash.c **** 
 412:Drivers/STM32G4xx_HAL_Driver/Src/stm32g4xx_hal_flash.c ****         /* Flush the caches to be sure of the data consistency */
 413:Drivers/STM32G4xx_HAL_Driver/Src/stm32g4xx_hal_flash.c ****         FLASH_FlushCaches();
 414:Drivers/STM32G4xx_HAL_Driver/Src/stm32g4xx_hal_flash.c **** 
 415:Drivers/STM32G4xx_HAL_Driver/Src/stm32g4xx_hal_flash.c ****         /* FLASH EOP interrupt user callback */
 416:Drivers/STM32G4xx_HAL_Driver/Src/stm32g4xx_hal_flash.c ****         HAL_FLASH_EndOfOperationCallback(pFlash.Page);
 417:Drivers/STM32G4xx_HAL_Driver/Src/stm32g4xx_hal_flash.c ****       }
 418:Drivers/STM32G4xx_HAL_Driver/Src/stm32g4xx_hal_flash.c ****     }
 419:Drivers/STM32G4xx_HAL_Driver/Src/stm32g4xx_hal_flash.c ****     else
 420:Drivers/STM32G4xx_HAL_Driver/Src/stm32g4xx_hal_flash.c ****     {
 421:Drivers/STM32G4xx_HAL_Driver/Src/stm32g4xx_hal_flash.c ****       /* Flush the caches to be sure of the data consistency */
 422:Drivers/STM32G4xx_HAL_Driver/Src/stm32g4xx_hal_flash.c ****       FLASH_FlushCaches();
 423:Drivers/STM32G4xx_HAL_Driver/Src/stm32g4xx_hal_flash.c **** 
 424:Drivers/STM32G4xx_HAL_Driver/Src/stm32g4xx_hal_flash.c ****       procedure = pFlash.ProcedureOnGoing;
 425:Drivers/STM32G4xx_HAL_Driver/Src/stm32g4xx_hal_flash.c ****       if (procedure == FLASH_PROC_MASS_ERASE)
 426:Drivers/STM32G4xx_HAL_Driver/Src/stm32g4xx_hal_flash.c ****       {
 427:Drivers/STM32G4xx_HAL_Driver/Src/stm32g4xx_hal_flash.c ****         /* MassErase ended. Return the selected bank */
 428:Drivers/STM32G4xx_HAL_Driver/Src/stm32g4xx_hal_flash.c ****         /* FLASH EOP interrupt user callback */
 429:Drivers/STM32G4xx_HAL_Driver/Src/stm32g4xx_hal_flash.c ****         HAL_FLASH_EndOfOperationCallback(pFlash.Bank);
 430:Drivers/STM32G4xx_HAL_Driver/Src/stm32g4xx_hal_flash.c ****       }
 431:Drivers/STM32G4xx_HAL_Driver/Src/stm32g4xx_hal_flash.c ****       else if ((procedure == FLASH_PROC_PROGRAM) ||
 432:Drivers/STM32G4xx_HAL_Driver/Src/stm32g4xx_hal_flash.c ****                (procedure == FLASH_PROC_PROGRAM_LAST))
 433:Drivers/STM32G4xx_HAL_Driver/Src/stm32g4xx_hal_flash.c ****       {
 434:Drivers/STM32G4xx_HAL_Driver/Src/stm32g4xx_hal_flash.c ****         /* Program ended. Return the selected address */
 435:Drivers/STM32G4xx_HAL_Driver/Src/stm32g4xx_hal_flash.c ****         /* FLASH EOP interrupt user callback */
 436:Drivers/STM32G4xx_HAL_Driver/Src/stm32g4xx_hal_flash.c ****         HAL_FLASH_EndOfOperationCallback(pFlash.Address);
 437:Drivers/STM32G4xx_HAL_Driver/Src/stm32g4xx_hal_flash.c ****       }
 438:Drivers/STM32G4xx_HAL_Driver/Src/stm32g4xx_hal_flash.c ****       else
 439:Drivers/STM32G4xx_HAL_Driver/Src/stm32g4xx_hal_flash.c ****       {
 440:Drivers/STM32G4xx_HAL_Driver/Src/stm32g4xx_hal_flash.c ****         /* Nothing to do */
 441:Drivers/STM32G4xx_HAL_Driver/Src/stm32g4xx_hal_flash.c ****       }
ARM GAS   			page 10


 442:Drivers/STM32G4xx_HAL_Driver/Src/stm32g4xx_hal_flash.c **** 
 443:Drivers/STM32G4xx_HAL_Driver/Src/stm32g4xx_hal_flash.c ****       /*Clear the procedure ongoing*/
 444:Drivers/STM32G4xx_HAL_Driver/Src/stm32g4xx_hal_flash.c ****       pFlash.ProcedureOnGoing = FLASH_PROC_NONE;
 445:Drivers/STM32G4xx_HAL_Driver/Src/stm32g4xx_hal_flash.c ****     }
 446:Drivers/STM32G4xx_HAL_Driver/Src/stm32g4xx_hal_flash.c ****   }
 447:Drivers/STM32G4xx_HAL_Driver/Src/stm32g4xx_hal_flash.c **** 
 448:Drivers/STM32G4xx_HAL_Driver/Src/stm32g4xx_hal_flash.c ****   if (pFlash.ProcedureOnGoing == FLASH_PROC_NONE)
 449:Drivers/STM32G4xx_HAL_Driver/Src/stm32g4xx_hal_flash.c ****   {
 450:Drivers/STM32G4xx_HAL_Driver/Src/stm32g4xx_hal_flash.c ****     /* Disable End of Operation and Error interrupts */
 451:Drivers/STM32G4xx_HAL_Driver/Src/stm32g4xx_hal_flash.c ****     __HAL_FLASH_DISABLE_IT(FLASH_IT_EOP | FLASH_IT_OPERR);
 452:Drivers/STM32G4xx_HAL_Driver/Src/stm32g4xx_hal_flash.c **** 
 453:Drivers/STM32G4xx_HAL_Driver/Src/stm32g4xx_hal_flash.c ****     /* Process Unlocked */
 454:Drivers/STM32G4xx_HAL_Driver/Src/stm32g4xx_hal_flash.c ****     __HAL_UNLOCK(&pFlash);
 455:Drivers/STM32G4xx_HAL_Driver/Src/stm32g4xx_hal_flash.c ****   }
 456:Drivers/STM32G4xx_HAL_Driver/Src/stm32g4xx_hal_flash.c **** }
 457:Drivers/STM32G4xx_HAL_Driver/Src/stm32g4xx_hal_flash.c **** 
 458:Drivers/STM32G4xx_HAL_Driver/Src/stm32g4xx_hal_flash.c **** /**
 459:Drivers/STM32G4xx_HAL_Driver/Src/stm32g4xx_hal_flash.c ****   * @brief  FLASH end of operation interrupt callback.
 460:Drivers/STM32G4xx_HAL_Driver/Src/stm32g4xx_hal_flash.c ****   * @param  ReturnValue The value saved in this parameter depends on the ongoing procedure:
 461:Drivers/STM32G4xx_HAL_Driver/Src/stm32g4xx_hal_flash.c ****   *           @arg Mass Erase: Bank number which has been requested to erase
 462:Drivers/STM32G4xx_HAL_Driver/Src/stm32g4xx_hal_flash.c ****   *           @arg Page Erase: Page which has been erased
 463:Drivers/STM32G4xx_HAL_Driver/Src/stm32g4xx_hal_flash.c ****   *                            (if 0xFFFFFFFF, it means that all the selected pages have been erase
 464:Drivers/STM32G4xx_HAL_Driver/Src/stm32g4xx_hal_flash.c ****   *           @arg Program: Address which was selected for data program
 465:Drivers/STM32G4xx_HAL_Driver/Src/stm32g4xx_hal_flash.c ****   * @retval None
 466:Drivers/STM32G4xx_HAL_Driver/Src/stm32g4xx_hal_flash.c ****   */
 467:Drivers/STM32G4xx_HAL_Driver/Src/stm32g4xx_hal_flash.c **** __weak void HAL_FLASH_EndOfOperationCallback(uint32_t ReturnValue)
 468:Drivers/STM32G4xx_HAL_Driver/Src/stm32g4xx_hal_flash.c **** {
 469:Drivers/STM32G4xx_HAL_Driver/Src/stm32g4xx_hal_flash.c ****   /* Prevent unused argument(s) compilation warning */
 470:Drivers/STM32G4xx_HAL_Driver/Src/stm32g4xx_hal_flash.c ****   UNUSED(ReturnValue);
 471:Drivers/STM32G4xx_HAL_Driver/Src/stm32g4xx_hal_flash.c **** 
 472:Drivers/STM32G4xx_HAL_Driver/Src/stm32g4xx_hal_flash.c ****   /* NOTE : This function should not be modified, when the callback is needed,
 473:Drivers/STM32G4xx_HAL_Driver/Src/stm32g4xx_hal_flash.c ****             the HAL_FLASH_EndOfOperationCallback could be implemented in the user file
 474:Drivers/STM32G4xx_HAL_Driver/Src/stm32g4xx_hal_flash.c ****    */
 475:Drivers/STM32G4xx_HAL_Driver/Src/stm32g4xx_hal_flash.c **** }
 476:Drivers/STM32G4xx_HAL_Driver/Src/stm32g4xx_hal_flash.c **** 
 477:Drivers/STM32G4xx_HAL_Driver/Src/stm32g4xx_hal_flash.c **** /**
 478:Drivers/STM32G4xx_HAL_Driver/Src/stm32g4xx_hal_flash.c ****   * @brief  FLASH operation error interrupt callback.
 479:Drivers/STM32G4xx_HAL_Driver/Src/stm32g4xx_hal_flash.c ****   * @param  ReturnValue The value saved in this parameter depends on the ongoing procedure:
 480:Drivers/STM32G4xx_HAL_Driver/Src/stm32g4xx_hal_flash.c ****   *           @arg Mass Erase: Bank number which has been requested to erase
 481:Drivers/STM32G4xx_HAL_Driver/Src/stm32g4xx_hal_flash.c ****   *           @arg Page Erase: Page number which returned an error
 482:Drivers/STM32G4xx_HAL_Driver/Src/stm32g4xx_hal_flash.c ****   *           @arg Program: Address which was selected for data program
 483:Drivers/STM32G4xx_HAL_Driver/Src/stm32g4xx_hal_flash.c ****   * @retval None
 484:Drivers/STM32G4xx_HAL_Driver/Src/stm32g4xx_hal_flash.c ****   */
 485:Drivers/STM32G4xx_HAL_Driver/Src/stm32g4xx_hal_flash.c **** __weak void HAL_FLASH_OperationErrorCallback(uint32_t ReturnValue)
 486:Drivers/STM32G4xx_HAL_Driver/Src/stm32g4xx_hal_flash.c **** {
 487:Drivers/STM32G4xx_HAL_Driver/Src/stm32g4xx_hal_flash.c ****   /* Prevent unused argument(s) compilation warning */
 488:Drivers/STM32G4xx_HAL_Driver/Src/stm32g4xx_hal_flash.c ****   UNUSED(ReturnValue);
 489:Drivers/STM32G4xx_HAL_Driver/Src/stm32g4xx_hal_flash.c **** 
 490:Drivers/STM32G4xx_HAL_Driver/Src/stm32g4xx_hal_flash.c ****   /* NOTE : This function should not be modified, when the callback is needed,
 491:Drivers/STM32G4xx_HAL_Driver/Src/stm32g4xx_hal_flash.c ****             the HAL_FLASH_OperationErrorCallback could be implemented in the user file
 492:Drivers/STM32G4xx_HAL_Driver/Src/stm32g4xx_hal_flash.c ****    */
 493:Drivers/STM32G4xx_HAL_Driver/Src/stm32g4xx_hal_flash.c **** }
 494:Drivers/STM32G4xx_HAL_Driver/Src/stm32g4xx_hal_flash.c **** 
 495:Drivers/STM32G4xx_HAL_Driver/Src/stm32g4xx_hal_flash.c **** /**
 496:Drivers/STM32G4xx_HAL_Driver/Src/stm32g4xx_hal_flash.c ****   * @}
 497:Drivers/STM32G4xx_HAL_Driver/Src/stm32g4xx_hal_flash.c ****   */
 498:Drivers/STM32G4xx_HAL_Driver/Src/stm32g4xx_hal_flash.c **** 
ARM GAS   			page 11


 499:Drivers/STM32G4xx_HAL_Driver/Src/stm32g4xx_hal_flash.c **** /** @defgroup FLASH_Exported_Functions_Group2 Peripheral Control functions
 500:Drivers/STM32G4xx_HAL_Driver/Src/stm32g4xx_hal_flash.c ****   * @brief   Management functions
 501:Drivers/STM32G4xx_HAL_Driver/Src/stm32g4xx_hal_flash.c ****   *
 502:Drivers/STM32G4xx_HAL_Driver/Src/stm32g4xx_hal_flash.c **** @verbatim
 503:Drivers/STM32G4xx_HAL_Driver/Src/stm32g4xx_hal_flash.c ****  ===============================================================================
 504:Drivers/STM32G4xx_HAL_Driver/Src/stm32g4xx_hal_flash.c ****                       ##### Peripheral Control functions #####
 505:Drivers/STM32G4xx_HAL_Driver/Src/stm32g4xx_hal_flash.c ****  ===============================================================================
 506:Drivers/STM32G4xx_HAL_Driver/Src/stm32g4xx_hal_flash.c ****     [..]
 507:Drivers/STM32G4xx_HAL_Driver/Src/stm32g4xx_hal_flash.c ****     This subsection provides a set of functions allowing to control the FLASH
 508:Drivers/STM32G4xx_HAL_Driver/Src/stm32g4xx_hal_flash.c ****     memory operations.
 509:Drivers/STM32G4xx_HAL_Driver/Src/stm32g4xx_hal_flash.c **** 
 510:Drivers/STM32G4xx_HAL_Driver/Src/stm32g4xx_hal_flash.c **** @endverbatim
 511:Drivers/STM32G4xx_HAL_Driver/Src/stm32g4xx_hal_flash.c ****   * @{
 512:Drivers/STM32G4xx_HAL_Driver/Src/stm32g4xx_hal_flash.c ****   */
 513:Drivers/STM32G4xx_HAL_Driver/Src/stm32g4xx_hal_flash.c **** 
 514:Drivers/STM32G4xx_HAL_Driver/Src/stm32g4xx_hal_flash.c **** /**
 515:Drivers/STM32G4xx_HAL_Driver/Src/stm32g4xx_hal_flash.c ****   * @brief  Unlock the FLASH control register access.
 516:Drivers/STM32G4xx_HAL_Driver/Src/stm32g4xx_hal_flash.c ****   * @retval HAL_Status
 517:Drivers/STM32G4xx_HAL_Driver/Src/stm32g4xx_hal_flash.c ****   */
 518:Drivers/STM32G4xx_HAL_Driver/Src/stm32g4xx_hal_flash.c **** HAL_StatusTypeDef HAL_FLASH_Unlock(void)
 519:Drivers/STM32G4xx_HAL_Driver/Src/stm32g4xx_hal_flash.c **** {
 520:Drivers/STM32G4xx_HAL_Driver/Src/stm32g4xx_hal_flash.c ****   HAL_StatusTypeDef status = HAL_OK;
 521:Drivers/STM32G4xx_HAL_Driver/Src/stm32g4xx_hal_flash.c **** 
 522:Drivers/STM32G4xx_HAL_Driver/Src/stm32g4xx_hal_flash.c ****   if (READ_BIT(FLASH->CR, FLASH_CR_LOCK) != 0U)
 523:Drivers/STM32G4xx_HAL_Driver/Src/stm32g4xx_hal_flash.c ****   {
 524:Drivers/STM32G4xx_HAL_Driver/Src/stm32g4xx_hal_flash.c ****     /* Authorize the FLASH Registers access */
 525:Drivers/STM32G4xx_HAL_Driver/Src/stm32g4xx_hal_flash.c ****     WRITE_REG(FLASH->KEYR, FLASH_KEY1);
 526:Drivers/STM32G4xx_HAL_Driver/Src/stm32g4xx_hal_flash.c ****     WRITE_REG(FLASH->KEYR, FLASH_KEY2);
 527:Drivers/STM32G4xx_HAL_Driver/Src/stm32g4xx_hal_flash.c **** 
 528:Drivers/STM32G4xx_HAL_Driver/Src/stm32g4xx_hal_flash.c ****     /* verify Flash is unlocked */
 529:Drivers/STM32G4xx_HAL_Driver/Src/stm32g4xx_hal_flash.c ****     if (READ_BIT(FLASH->CR, FLASH_CR_LOCK) != 0U)
 530:Drivers/STM32G4xx_HAL_Driver/Src/stm32g4xx_hal_flash.c ****     {
 531:Drivers/STM32G4xx_HAL_Driver/Src/stm32g4xx_hal_flash.c ****       status = HAL_ERROR;
 532:Drivers/STM32G4xx_HAL_Driver/Src/stm32g4xx_hal_flash.c ****     }
 533:Drivers/STM32G4xx_HAL_Driver/Src/stm32g4xx_hal_flash.c ****   }
 534:Drivers/STM32G4xx_HAL_Driver/Src/stm32g4xx_hal_flash.c **** 
 535:Drivers/STM32G4xx_HAL_Driver/Src/stm32g4xx_hal_flash.c ****   return status;
 536:Drivers/STM32G4xx_HAL_Driver/Src/stm32g4xx_hal_flash.c **** }
 537:Drivers/STM32G4xx_HAL_Driver/Src/stm32g4xx_hal_flash.c **** 
 538:Drivers/STM32G4xx_HAL_Driver/Src/stm32g4xx_hal_flash.c **** /**
 539:Drivers/STM32G4xx_HAL_Driver/Src/stm32g4xx_hal_flash.c ****   * @brief  Lock the FLASH control register access.
 540:Drivers/STM32G4xx_HAL_Driver/Src/stm32g4xx_hal_flash.c ****   * @retval HAL_Status
 541:Drivers/STM32G4xx_HAL_Driver/Src/stm32g4xx_hal_flash.c ****   */
 542:Drivers/STM32G4xx_HAL_Driver/Src/stm32g4xx_hal_flash.c **** HAL_StatusTypeDef HAL_FLASH_Lock(void)
 543:Drivers/STM32G4xx_HAL_Driver/Src/stm32g4xx_hal_flash.c **** {
 544:Drivers/STM32G4xx_HAL_Driver/Src/stm32g4xx_hal_flash.c ****   HAL_StatusTypeDef status = HAL_ERROR;
 545:Drivers/STM32G4xx_HAL_Driver/Src/stm32g4xx_hal_flash.c **** 
 546:Drivers/STM32G4xx_HAL_Driver/Src/stm32g4xx_hal_flash.c ****   /* Set the LOCK Bit to lock the FLASH Registers access */
 547:Drivers/STM32G4xx_HAL_Driver/Src/stm32g4xx_hal_flash.c ****   SET_BIT(FLASH->CR, FLASH_CR_LOCK);
 548:Drivers/STM32G4xx_HAL_Driver/Src/stm32g4xx_hal_flash.c **** 
 549:Drivers/STM32G4xx_HAL_Driver/Src/stm32g4xx_hal_flash.c ****   /* verify Flash is locked */
 550:Drivers/STM32G4xx_HAL_Driver/Src/stm32g4xx_hal_flash.c ****   if (READ_BIT(FLASH->CR, FLASH_CR_LOCK) != 0U)
 551:Drivers/STM32G4xx_HAL_Driver/Src/stm32g4xx_hal_flash.c ****   {
 552:Drivers/STM32G4xx_HAL_Driver/Src/stm32g4xx_hal_flash.c ****     status = HAL_OK;
 553:Drivers/STM32G4xx_HAL_Driver/Src/stm32g4xx_hal_flash.c ****   }
 554:Drivers/STM32G4xx_HAL_Driver/Src/stm32g4xx_hal_flash.c **** 
 555:Drivers/STM32G4xx_HAL_Driver/Src/stm32g4xx_hal_flash.c ****   return status;
ARM GAS   			page 12


 556:Drivers/STM32G4xx_HAL_Driver/Src/stm32g4xx_hal_flash.c **** }
 557:Drivers/STM32G4xx_HAL_Driver/Src/stm32g4xx_hal_flash.c **** 
 558:Drivers/STM32G4xx_HAL_Driver/Src/stm32g4xx_hal_flash.c **** /**
 559:Drivers/STM32G4xx_HAL_Driver/Src/stm32g4xx_hal_flash.c ****   * @brief  Unlock the FLASH Option Bytes Registers access.
 560:Drivers/STM32G4xx_HAL_Driver/Src/stm32g4xx_hal_flash.c ****   * @retval HAL_Status
 561:Drivers/STM32G4xx_HAL_Driver/Src/stm32g4xx_hal_flash.c ****   */
 562:Drivers/STM32G4xx_HAL_Driver/Src/stm32g4xx_hal_flash.c **** HAL_StatusTypeDef HAL_FLASH_OB_Unlock(void)
 563:Drivers/STM32G4xx_HAL_Driver/Src/stm32g4xx_hal_flash.c **** {
 564:Drivers/STM32G4xx_HAL_Driver/Src/stm32g4xx_hal_flash.c ****   HAL_StatusTypeDef status = HAL_OK;
 565:Drivers/STM32G4xx_HAL_Driver/Src/stm32g4xx_hal_flash.c **** 
 566:Drivers/STM32G4xx_HAL_Driver/Src/stm32g4xx_hal_flash.c ****   if (READ_BIT(FLASH->CR, FLASH_CR_OPTLOCK) != 0U)
 567:Drivers/STM32G4xx_HAL_Driver/Src/stm32g4xx_hal_flash.c ****   {
 568:Drivers/STM32G4xx_HAL_Driver/Src/stm32g4xx_hal_flash.c ****     /* Authorizes the Option Byte register programming */
 569:Drivers/STM32G4xx_HAL_Driver/Src/stm32g4xx_hal_flash.c ****     WRITE_REG(FLASH->OPTKEYR, FLASH_OPTKEY1);
 570:Drivers/STM32G4xx_HAL_Driver/Src/stm32g4xx_hal_flash.c ****     WRITE_REG(FLASH->OPTKEYR, FLASH_OPTKEY2);
 571:Drivers/STM32G4xx_HAL_Driver/Src/stm32g4xx_hal_flash.c **** 
 572:Drivers/STM32G4xx_HAL_Driver/Src/stm32g4xx_hal_flash.c ****     /* verify option bytes are unlocked */
 573:Drivers/STM32G4xx_HAL_Driver/Src/stm32g4xx_hal_flash.c ****     if (READ_BIT(FLASH->CR, FLASH_CR_OPTLOCK) != 0U)
 574:Drivers/STM32G4xx_HAL_Driver/Src/stm32g4xx_hal_flash.c ****     {
 575:Drivers/STM32G4xx_HAL_Driver/Src/stm32g4xx_hal_flash.c ****       status = HAL_ERROR;
 576:Drivers/STM32G4xx_HAL_Driver/Src/stm32g4xx_hal_flash.c ****     }
 577:Drivers/STM32G4xx_HAL_Driver/Src/stm32g4xx_hal_flash.c ****   }
 578:Drivers/STM32G4xx_HAL_Driver/Src/stm32g4xx_hal_flash.c **** 
 579:Drivers/STM32G4xx_HAL_Driver/Src/stm32g4xx_hal_flash.c ****   return status;
 580:Drivers/STM32G4xx_HAL_Driver/Src/stm32g4xx_hal_flash.c **** }
 581:Drivers/STM32G4xx_HAL_Driver/Src/stm32g4xx_hal_flash.c **** 
 582:Drivers/STM32G4xx_HAL_Driver/Src/stm32g4xx_hal_flash.c **** /**
 583:Drivers/STM32G4xx_HAL_Driver/Src/stm32g4xx_hal_flash.c ****   * @brief  Lock the FLASH Option Bytes Registers access.
 584:Drivers/STM32G4xx_HAL_Driver/Src/stm32g4xx_hal_flash.c ****   * @retval HAL_Status
 585:Drivers/STM32G4xx_HAL_Driver/Src/stm32g4xx_hal_flash.c ****   */
 586:Drivers/STM32G4xx_HAL_Driver/Src/stm32g4xx_hal_flash.c **** HAL_StatusTypeDef HAL_FLASH_OB_Lock(void)
 587:Drivers/STM32G4xx_HAL_Driver/Src/stm32g4xx_hal_flash.c **** {
 588:Drivers/STM32G4xx_HAL_Driver/Src/stm32g4xx_hal_flash.c ****   HAL_StatusTypeDef status = HAL_ERROR;
 589:Drivers/STM32G4xx_HAL_Driver/Src/stm32g4xx_hal_flash.c **** 
 590:Drivers/STM32G4xx_HAL_Driver/Src/stm32g4xx_hal_flash.c ****   /* Set the OPTLOCK Bit to lock the FLASH Option Byte Registers access */
 591:Drivers/STM32G4xx_HAL_Driver/Src/stm32g4xx_hal_flash.c ****   SET_BIT(FLASH->CR, FLASH_CR_OPTLOCK);
 592:Drivers/STM32G4xx_HAL_Driver/Src/stm32g4xx_hal_flash.c **** 
 593:Drivers/STM32G4xx_HAL_Driver/Src/stm32g4xx_hal_flash.c ****   /* Verify option bytes are locked */
 594:Drivers/STM32G4xx_HAL_Driver/Src/stm32g4xx_hal_flash.c ****   if (READ_BIT(FLASH->CR, FLASH_CR_OPTLOCK) != 0U)
 595:Drivers/STM32G4xx_HAL_Driver/Src/stm32g4xx_hal_flash.c ****   {
 596:Drivers/STM32G4xx_HAL_Driver/Src/stm32g4xx_hal_flash.c ****     status = HAL_OK;
 597:Drivers/STM32G4xx_HAL_Driver/Src/stm32g4xx_hal_flash.c ****   }
 598:Drivers/STM32G4xx_HAL_Driver/Src/stm32g4xx_hal_flash.c **** 
 599:Drivers/STM32G4xx_HAL_Driver/Src/stm32g4xx_hal_flash.c ****   return status;
 600:Drivers/STM32G4xx_HAL_Driver/Src/stm32g4xx_hal_flash.c **** }
 601:Drivers/STM32G4xx_HAL_Driver/Src/stm32g4xx_hal_flash.c **** 
 602:Drivers/STM32G4xx_HAL_Driver/Src/stm32g4xx_hal_flash.c **** /**
 603:Drivers/STM32G4xx_HAL_Driver/Src/stm32g4xx_hal_flash.c ****   * @brief  Launch the option byte loading.
 604:Drivers/STM32G4xx_HAL_Driver/Src/stm32g4xx_hal_flash.c ****   * @retval HAL_Status
 605:Drivers/STM32G4xx_HAL_Driver/Src/stm32g4xx_hal_flash.c ****   */
 606:Drivers/STM32G4xx_HAL_Driver/Src/stm32g4xx_hal_flash.c **** HAL_StatusTypeDef HAL_FLASH_OB_Launch(void)
 607:Drivers/STM32G4xx_HAL_Driver/Src/stm32g4xx_hal_flash.c **** {
 608:Drivers/STM32G4xx_HAL_Driver/Src/stm32g4xx_hal_flash.c ****   /* Set the bit to force the option byte reloading */
 609:Drivers/STM32G4xx_HAL_Driver/Src/stm32g4xx_hal_flash.c ****   SET_BIT(FLASH->CR, FLASH_CR_OBL_LAUNCH);
 610:Drivers/STM32G4xx_HAL_Driver/Src/stm32g4xx_hal_flash.c **** 
 611:Drivers/STM32G4xx_HAL_Driver/Src/stm32g4xx_hal_flash.c ****   /* Wait for last operation to be completed */
 612:Drivers/STM32G4xx_HAL_Driver/Src/stm32g4xx_hal_flash.c ****   return (FLASH_WaitForLastOperation((uint32_t)FLASH_TIMEOUT_VALUE));
ARM GAS   			page 13


 613:Drivers/STM32G4xx_HAL_Driver/Src/stm32g4xx_hal_flash.c **** }
 614:Drivers/STM32G4xx_HAL_Driver/Src/stm32g4xx_hal_flash.c **** 
 615:Drivers/STM32G4xx_HAL_Driver/Src/stm32g4xx_hal_flash.c **** /**
 616:Drivers/STM32G4xx_HAL_Driver/Src/stm32g4xx_hal_flash.c ****   * @}
 617:Drivers/STM32G4xx_HAL_Driver/Src/stm32g4xx_hal_flash.c ****   */
 618:Drivers/STM32G4xx_HAL_Driver/Src/stm32g4xx_hal_flash.c **** 
 619:Drivers/STM32G4xx_HAL_Driver/Src/stm32g4xx_hal_flash.c **** /** @defgroup FLASH_Exported_Functions_Group3 Peripheral State and Errors functions
 620:Drivers/STM32G4xx_HAL_Driver/Src/stm32g4xx_hal_flash.c ****   * @brief   Peripheral Errors functions
 621:Drivers/STM32G4xx_HAL_Driver/Src/stm32g4xx_hal_flash.c ****   *
 622:Drivers/STM32G4xx_HAL_Driver/Src/stm32g4xx_hal_flash.c **** @verbatim
 623:Drivers/STM32G4xx_HAL_Driver/Src/stm32g4xx_hal_flash.c ****  ===============================================================================
 624:Drivers/STM32G4xx_HAL_Driver/Src/stm32g4xx_hal_flash.c ****                 ##### Peripheral Errors functions #####
 625:Drivers/STM32G4xx_HAL_Driver/Src/stm32g4xx_hal_flash.c ****  ===============================================================================
 626:Drivers/STM32G4xx_HAL_Driver/Src/stm32g4xx_hal_flash.c ****     [..]
 627:Drivers/STM32G4xx_HAL_Driver/Src/stm32g4xx_hal_flash.c ****     This subsection permits to get in run-time Errors of the FLASH peripheral.
 628:Drivers/STM32G4xx_HAL_Driver/Src/stm32g4xx_hal_flash.c **** 
 629:Drivers/STM32G4xx_HAL_Driver/Src/stm32g4xx_hal_flash.c **** @endverbatim
 630:Drivers/STM32G4xx_HAL_Driver/Src/stm32g4xx_hal_flash.c ****   * @{
 631:Drivers/STM32G4xx_HAL_Driver/Src/stm32g4xx_hal_flash.c ****   */
 632:Drivers/STM32G4xx_HAL_Driver/Src/stm32g4xx_hal_flash.c **** 
 633:Drivers/STM32G4xx_HAL_Driver/Src/stm32g4xx_hal_flash.c **** /**
 634:Drivers/STM32G4xx_HAL_Driver/Src/stm32g4xx_hal_flash.c ****   * @brief  Get the specific FLASH error flag.
 635:Drivers/STM32G4xx_HAL_Driver/Src/stm32g4xx_hal_flash.c ****   * @retval FLASH_ErrorCode. The returned value can be:
 636:Drivers/STM32G4xx_HAL_Driver/Src/stm32g4xx_hal_flash.c ****   *            @arg HAL_FLASH_ERROR_RD: FLASH Read Protection error flag (PCROP)
 637:Drivers/STM32G4xx_HAL_Driver/Src/stm32g4xx_hal_flash.c ****   *            @arg HAL_FLASH_ERROR_PGS: FLASH Programming Sequence error flag
 638:Drivers/STM32G4xx_HAL_Driver/Src/stm32g4xx_hal_flash.c ****   *            @arg HAL_FLASH_ERROR_PGP: FLASH Programming Parallelism error flag
 639:Drivers/STM32G4xx_HAL_Driver/Src/stm32g4xx_hal_flash.c ****   *            @arg HAL_FLASH_ERROR_PGA: FLASH Programming Alignment error flag
 640:Drivers/STM32G4xx_HAL_Driver/Src/stm32g4xx_hal_flash.c ****   *            @arg HAL_FLASH_ERROR_WRP: FLASH Write protected error flag
 641:Drivers/STM32G4xx_HAL_Driver/Src/stm32g4xx_hal_flash.c ****   *            @arg HAL_FLASH_ERROR_OPERATION: FLASH operation Error flag
 642:Drivers/STM32G4xx_HAL_Driver/Src/stm32g4xx_hal_flash.c ****   *            @arg HAL_FLASH_ERROR_NONE: No error set
 643:Drivers/STM32G4xx_HAL_Driver/Src/stm32g4xx_hal_flash.c ****   *            @arg HAL_FLASH_ERROR_OP: FLASH Operation error
 644:Drivers/STM32G4xx_HAL_Driver/Src/stm32g4xx_hal_flash.c ****   *            @arg HAL_FLASH_ERROR_PROG: FLASH Programming error
 645:Drivers/STM32G4xx_HAL_Driver/Src/stm32g4xx_hal_flash.c ****   *            @arg HAL_FLASH_ERROR_WRP: FLASH Write protection error
 646:Drivers/STM32G4xx_HAL_Driver/Src/stm32g4xx_hal_flash.c ****   *            @arg HAL_FLASH_ERROR_PGA: FLASH Programming alignment error
 647:Drivers/STM32G4xx_HAL_Driver/Src/stm32g4xx_hal_flash.c ****   *            @arg HAL_FLASH_ERROR_SIZ: FLASH Size error
 648:Drivers/STM32G4xx_HAL_Driver/Src/stm32g4xx_hal_flash.c ****   *            @arg HAL_FLASH_ERROR_PGS: FLASH Programming sequence error
 649:Drivers/STM32G4xx_HAL_Driver/Src/stm32g4xx_hal_flash.c ****   *            @arg HAL_FLASH_ERROR_MIS: FLASH Fast programming data miss error
 650:Drivers/STM32G4xx_HAL_Driver/Src/stm32g4xx_hal_flash.c ****   *            @arg HAL_FLASH_ERROR_FAST: FLASH Fast programming error
 651:Drivers/STM32G4xx_HAL_Driver/Src/stm32g4xx_hal_flash.c ****   *            @arg HAL_FLASH_ERROR_RD: FLASH PCROP read error
 652:Drivers/STM32G4xx_HAL_Driver/Src/stm32g4xx_hal_flash.c ****   *            @arg HAL_FLASH_ERROR_OPTV: FLASH Option validity error
 653:Drivers/STM32G4xx_HAL_Driver/Src/stm32g4xx_hal_flash.c ****   */
 654:Drivers/STM32G4xx_HAL_Driver/Src/stm32g4xx_hal_flash.c **** uint32_t HAL_FLASH_GetError(void)
 655:Drivers/STM32G4xx_HAL_Driver/Src/stm32g4xx_hal_flash.c **** {
 656:Drivers/STM32G4xx_HAL_Driver/Src/stm32g4xx_hal_flash.c ****   return pFlash.ErrorCode;
 657:Drivers/STM32G4xx_HAL_Driver/Src/stm32g4xx_hal_flash.c **** }
 658:Drivers/STM32G4xx_HAL_Driver/Src/stm32g4xx_hal_flash.c **** 
 659:Drivers/STM32G4xx_HAL_Driver/Src/stm32g4xx_hal_flash.c **** /**
 660:Drivers/STM32G4xx_HAL_Driver/Src/stm32g4xx_hal_flash.c ****   * @}
 661:Drivers/STM32G4xx_HAL_Driver/Src/stm32g4xx_hal_flash.c ****   */
 662:Drivers/STM32G4xx_HAL_Driver/Src/stm32g4xx_hal_flash.c **** 
 663:Drivers/STM32G4xx_HAL_Driver/Src/stm32g4xx_hal_flash.c **** /**
 664:Drivers/STM32G4xx_HAL_Driver/Src/stm32g4xx_hal_flash.c ****   * @}
 665:Drivers/STM32G4xx_HAL_Driver/Src/stm32g4xx_hal_flash.c ****   */
 666:Drivers/STM32G4xx_HAL_Driver/Src/stm32g4xx_hal_flash.c **** 
 667:Drivers/STM32G4xx_HAL_Driver/Src/stm32g4xx_hal_flash.c **** /* Private functions ---------------------------------------------------------*/
 668:Drivers/STM32G4xx_HAL_Driver/Src/stm32g4xx_hal_flash.c **** 
 669:Drivers/STM32G4xx_HAL_Driver/Src/stm32g4xx_hal_flash.c **** /** @addtogroup FLASH_Private_Functions
ARM GAS   			page 14


 670:Drivers/STM32G4xx_HAL_Driver/Src/stm32g4xx_hal_flash.c ****   * @{
 671:Drivers/STM32G4xx_HAL_Driver/Src/stm32g4xx_hal_flash.c ****   */
 672:Drivers/STM32G4xx_HAL_Driver/Src/stm32g4xx_hal_flash.c **** 
 673:Drivers/STM32G4xx_HAL_Driver/Src/stm32g4xx_hal_flash.c **** /**
 674:Drivers/STM32G4xx_HAL_Driver/Src/stm32g4xx_hal_flash.c ****   * @brief  Wait for a FLASH operation to complete.
 675:Drivers/STM32G4xx_HAL_Driver/Src/stm32g4xx_hal_flash.c ****   * @param  Timeout maximum flash operation timeout.
 676:Drivers/STM32G4xx_HAL_Driver/Src/stm32g4xx_hal_flash.c ****   * @retval HAL_Status
 677:Drivers/STM32G4xx_HAL_Driver/Src/stm32g4xx_hal_flash.c ****   */
 678:Drivers/STM32G4xx_HAL_Driver/Src/stm32g4xx_hal_flash.c **** HAL_StatusTypeDef FLASH_WaitForLastOperation(uint32_t Timeout)
  70              	 .loc 1 678 19 view .LVU14
  71              	.LBB55:
 679:Drivers/STM32G4xx_HAL_Driver/Src/stm32g4xx_hal_flash.c **** {
 680:Drivers/STM32G4xx_HAL_Driver/Src/stm32g4xx_hal_flash.c ****   /* Wait for the FLASH operation to complete by polling on BUSY flag to be reset.
 681:Drivers/STM32G4xx_HAL_Driver/Src/stm32g4xx_hal_flash.c ****      Even if the FLASH operation fails, the BUSY flag will be reset and an error
 682:Drivers/STM32G4xx_HAL_Driver/Src/stm32g4xx_hal_flash.c ****      flag will be set */
 683:Drivers/STM32G4xx_HAL_Driver/Src/stm32g4xx_hal_flash.c **** 
 684:Drivers/STM32G4xx_HAL_Driver/Src/stm32g4xx_hal_flash.c ****   uint32_t tickstart = HAL_GetTick();
  72              	 .loc 1 684 3 view .LVU15
  73              	 .loc 1 684 24 is_stmt 0 view .LVU16
  74 001e FFF7FEFF 	 bl HAL_GetTick
  75              	.LVL3:
 685:Drivers/STM32G4xx_HAL_Driver/Src/stm32g4xx_hal_flash.c ****   uint32_t error;
 686:Drivers/STM32G4xx_HAL_Driver/Src/stm32g4xx_hal_flash.c **** 
 687:Drivers/STM32G4xx_HAL_Driver/Src/stm32g4xx_hal_flash.c ****   while (__HAL_FLASH_GET_FLAG(FLASH_FLAG_BSY))
  76              	 .loc 1 687 10 view .LVU17
  77 0022 514E     	 ldr r6,.L42
 684:Drivers/STM32G4xx_HAL_Driver/Src/stm32g4xx_hal_flash.c ****   uint32_t error;
  78              	 .loc 1 684 24 view .LVU18
  79 0024 0546     	 mov r5,r0
  80              	.LVL4:
 685:Drivers/STM32G4xx_HAL_Driver/Src/stm32g4xx_hal_flash.c ****   uint32_t error;
  81              	 .loc 1 685 3 is_stmt 1 view .LVU19
  82              	 .loc 1 687 3 view .LVU20
  83              	 .loc 1 687 9 is_stmt 0 view .LVU21
  84 0026 06E0     	 b .L3
  85              	.LVL5:
  86              	.L5:
 688:Drivers/STM32G4xx_HAL_Driver/Src/stm32g4xx_hal_flash.c ****   {
 689:Drivers/STM32G4xx_HAL_Driver/Src/stm32g4xx_hal_flash.c ****     if ((HAL_GetTick() - tickstart) > Timeout)
  87              	 .loc 1 689 10 view .LVU22
  88 0028 FFF7FEFF 	 bl HAL_GetTick
  89              	.LVL6:
  90              	 .loc 1 689 24 discriminator 1 view .LVU23
  91 002c A0EB050C 	 sub ip,r0,r5
  92              	 .loc 1 689 8 discriminator 1 view .LVU24
  93 0030 BCF57A7F 	 cmp ip,#1000
  94 0034 44D8     	 bhi .L23
  95              	.L3:
  96              	 .loc 1 689 5 is_stmt 1 view .LVU25
 687:Drivers/STM32G4xx_HAL_Driver/Src/stm32g4xx_hal_flash.c ****   {
  97              	 .loc 1 687 10 view .LVU26
  98 0036 3369     	 ldr r3,[r6,#16]
  99 0038 D803     	 lsls r0,r3,#15
 100 003a F5D4     	 bmi .L5
 690:Drivers/STM32G4xx_HAL_Driver/Src/stm32g4xx_hal_flash.c ****     {
 691:Drivers/STM32G4xx_HAL_Driver/Src/stm32g4xx_hal_flash.c ****       return HAL_TIMEOUT;
 692:Drivers/STM32G4xx_HAL_Driver/Src/stm32g4xx_hal_flash.c ****     }
ARM GAS   			page 15


 693:Drivers/STM32G4xx_HAL_Driver/Src/stm32g4xx_hal_flash.c ****   }
 694:Drivers/STM32G4xx_HAL_Driver/Src/stm32g4xx_hal_flash.c **** 
 695:Drivers/STM32G4xx_HAL_Driver/Src/stm32g4xx_hal_flash.c ****   /* Check FLASH operation error flags */
 696:Drivers/STM32G4xx_HAL_Driver/Src/stm32g4xx_hal_flash.c ****   error = (FLASH->SR & FLASH_FLAG_SR_ERRORS);
 101              	 .loc 1 696 3 view .LVU27
 102              	 .loc 1 696 17 is_stmt 0 view .LVU28
 103 003c 3569     	 ldr r5,[r6,#16]
 104              	.LVL7:
 105              	 .loc 1 696 9 view .LVU29
 106 003e 4CF2FA33 	 movw r3,#50170
 107              	.LVL8:
 697:Drivers/STM32G4xx_HAL_Driver/Src/stm32g4xx_hal_flash.c ****   if (error != 0u)
 108              	 .loc 1 697 3 is_stmt 1 view .LVU30
 109              	 .loc 1 697 6 is_stmt 0 view .LVU31
 110 0042 1D40     	 ands r5,r5,r3
 111              	.LVL9:
 112              	 .loc 1 697 6 view .LVU32
 113 0044 55D1     	 bne .L38
 114              	.LBB56:
 115              	.LBI56:
 678:Drivers/STM32G4xx_HAL_Driver/Src/stm32g4xx_hal_flash.c **** {
 116              	 .loc 1 678 19 is_stmt 1 view .LVU33
 117              	.LVL10:
 118              	.LBB57:
 698:Drivers/STM32G4xx_HAL_Driver/Src/stm32g4xx_hal_flash.c ****   {
 699:Drivers/STM32G4xx_HAL_Driver/Src/stm32g4xx_hal_flash.c ****     /* Save the error code */
 700:Drivers/STM32G4xx_HAL_Driver/Src/stm32g4xx_hal_flash.c ****     pFlash.ErrorCode |= error;
 701:Drivers/STM32G4xx_HAL_Driver/Src/stm32g4xx_hal_flash.c **** 
 702:Drivers/STM32G4xx_HAL_Driver/Src/stm32g4xx_hal_flash.c ****     /* Clear error programming flags */
 703:Drivers/STM32G4xx_HAL_Driver/Src/stm32g4xx_hal_flash.c ****     __HAL_FLASH_CLEAR_FLAG(error);
 704:Drivers/STM32G4xx_HAL_Driver/Src/stm32g4xx_hal_flash.c **** 
 705:Drivers/STM32G4xx_HAL_Driver/Src/stm32g4xx_hal_flash.c ****     return HAL_ERROR;
 706:Drivers/STM32G4xx_HAL_Driver/Src/stm32g4xx_hal_flash.c ****   }
 707:Drivers/STM32G4xx_HAL_Driver/Src/stm32g4xx_hal_flash.c **** 
 708:Drivers/STM32G4xx_HAL_Driver/Src/stm32g4xx_hal_flash.c ****   /* Check FLASH End of Operation flag  */
 709:Drivers/STM32G4xx_HAL_Driver/Src/stm32g4xx_hal_flash.c ****   if (__HAL_FLASH_GET_FLAG(FLASH_FLAG_EOP))
 119              	 .loc 1 709 3 view .LVU34
 120              	 .loc 1 709 7 is_stmt 0 view .LVU35
 121 0046 3369     	 ldr r3,[r6,#16]
 122              	.LBE57:
 123              	.LBE56:
 124              	.LBE55:
 125              	.LBE54:
 192:Drivers/STM32G4xx_HAL_Driver/Src/stm32g4xx_hal_flash.c ****     {
 126              	 .loc 1 192 8 view .LVU36
 127 0048 474A     	 ldr r2,.L42
 128              	.LBB63:
 129              	.LBB60:
 130              	.LBB59:
 131              	.LBB58:
 132              	 .loc 1 709 6 view .LVU37
 133 004a D907     	 lsls r1,r3,#31
 710:Drivers/STM32G4xx_HAL_Driver/Src/stm32g4xx_hal_flash.c ****   {
 711:Drivers/STM32G4xx_HAL_Driver/Src/stm32g4xx_hal_flash.c ****     /* Clear FLASH End of Operation pending bit */
 712:Drivers/STM32G4xx_HAL_Driver/Src/stm32g4xx_hal_flash.c ****     __HAL_FLASH_CLEAR_FLAG(FLASH_FLAG_EOP);
 134              	 .loc 1 712 5 is_stmt 1 view .LVU38
 135              	 .loc 1 712 5 view .LVU39
ARM GAS   			page 16


 136              	 .loc 1 712 5 discriminator 3 view .LVU40
 137              	 .loc 1 712 5 discriminator 4 view .LVU41
 138 004c 44BF     	 itt mi
 139 004e 0123     	 movmi r3,#1
 140 0050 3361     	 strmi r3,[r6,#16]
 141              	.LVL11:
 142              	 .loc 1 712 5 is_stmt 0 discriminator 4 view .LVU42
 143              	.LBE58:
 144              	.LBE59:
 145              	.LBE60:
 146              	.LBE63:
 187:Drivers/STM32G4xx_HAL_Driver/Src/stm32g4xx_hal_flash.c ****   {
 147              	 .loc 1 187 3 is_stmt 1 view .LVU43
 189:Drivers/STM32G4xx_HAL_Driver/Src/stm32g4xx_hal_flash.c **** 
 148              	 .loc 1 189 5 view .LVU44
 189:Drivers/STM32G4xx_HAL_Driver/Src/stm32g4xx_hal_flash.c **** 
 149              	 .loc 1 189 22 is_stmt 0 view .LVU45
 150 0052 0023     	 movs r3,#0
 151 0054 C8F80430 	 str r3,[r8,#4]
 192:Drivers/STM32G4xx_HAL_Driver/Src/stm32g4xx_hal_flash.c ****     {
 152              	 .loc 1 192 5 is_stmt 1 view .LVU46
 192:Drivers/STM32G4xx_HAL_Driver/Src/stm32g4xx_hal_flash.c ****     {
 153              	 .loc 1 192 8 is_stmt 0 view .LVU47
 154 0058 1368     	 ldr r3,[r2]
 192:Drivers/STM32G4xx_HAL_Driver/Src/stm32g4xx_hal_flash.c ****     {
 155              	 .loc 1 192 7 view .LVU48
 156 005a 13F48063 	 ands r3,r3,#1024
 195:Drivers/STM32G4xx_HAL_Driver/Src/stm32g4xx_hal_flash.c ****       pFlash.CacheToReactivate = FLASH_CACHE_DCACHE_ENABLED;
 157              	 .loc 1 195 7 is_stmt 1 view .LVU49
 158 005e 1FBF     	 itttt ne
 159 0060 1368     	 ldrne r3,[r2]
 160 0062 23F48063 	 bicne r3,r3,#1024
 161 0066 1360     	 strne r3,[r2]
 196:Drivers/STM32G4xx_HAL_Driver/Src/stm32g4xx_hal_flash.c ****     }
 162              	 .loc 1 196 7 view .LVU50
 196:Drivers/STM32G4xx_HAL_Driver/Src/stm32g4xx_hal_flash.c ****     }
 163              	 .loc 1 196 32 is_stmt 0 view .LVU51
 164 0068 0223     	 movne r3,#2
 200:Drivers/STM32G4xx_HAL_Driver/Src/stm32g4xx_hal_flash.c ****     }
 165              	 .loc 1 200 7 is_stmt 1 view .LVU52
 202:Drivers/STM32G4xx_HAL_Driver/Src/stm32g4xx_hal_flash.c ****     {
 166              	 .loc 1 202 5 view .LVU53
 200:Drivers/STM32G4xx_HAL_Driver/Src/stm32g4xx_hal_flash.c ****     }
 167              	 .loc 1 200 32 is_stmt 0 view .LVU54
 168 006a 88F81C30 	 strb r3,[r8,#28]
 202:Drivers/STM32G4xx_HAL_Driver/Src/stm32g4xx_hal_flash.c ****     {
 169              	 .loc 1 202 8 view .LVU55
 170 006e B9F1000F 	 cmp r9,#0
 171 0072 30D0     	 beq .L39
 208:Drivers/STM32G4xx_HAL_Driver/Src/stm32g4xx_hal_flash.c ****     {
 172              	 .loc 1 208 10 is_stmt 1 view .LVU56
 208:Drivers/STM32G4xx_HAL_Driver/Src/stm32g4xx_hal_flash.c ****     {
 173              	 .loc 1 208 54 is_stmt 0 view .LVU57
 174 0074 09F1FF33 	 add r3,r9,#-1
 208:Drivers/STM32G4xx_HAL_Driver/Src/stm32g4xx_hal_flash.c ****     {
 175              	 .loc 1 208 13 view .LVU58
 176 0078 012B     	 cmp r3,#1
ARM GAS   			page 17


 177 007a 42D9     	 bls .L40
 178              	.LVL12:
 179              	.L11:
 222:Drivers/STM32G4xx_HAL_Driver/Src/stm32g4xx_hal_flash.c **** 
 180              	 .loc 1 222 5 is_stmt 1 view .LVU59
 225:Drivers/STM32G4xx_HAL_Driver/Src/stm32g4xx_hal_flash.c **** 
 181              	 .loc 1 225 5 view .LVU60
 182              	.LBB64:
 183              	.LBI64:
 678:Drivers/STM32G4xx_HAL_Driver/Src/stm32g4xx_hal_flash.c **** {
 184              	 .loc 1 678 19 view .LVU61
 185              	.LBB65:
 684:Drivers/STM32G4xx_HAL_Driver/Src/stm32g4xx_hal_flash.c ****   uint32_t error;
 186              	 .loc 1 684 3 view .LVU62
 684:Drivers/STM32G4xx_HAL_Driver/Src/stm32g4xx_hal_flash.c ****   uint32_t error;
 187              	 .loc 1 684 24 is_stmt 0 view .LVU63
 188 007c FFF7FEFF 	 bl HAL_GetTick
 189              	.LVL13:
 687:Drivers/STM32G4xx_HAL_Driver/Src/stm32g4xx_hal_flash.c ****   {
 190              	 .loc 1 687 10 view .LVU64
 191 0080 394E     	 ldr r6,.L42
 684:Drivers/STM32G4xx_HAL_Driver/Src/stm32g4xx_hal_flash.c ****   uint32_t error;
 192              	 .loc 1 684 24 view .LVU65
 193 0082 0446     	 mov r4,r0
 194              	.LVL14:
 685:Drivers/STM32G4xx_HAL_Driver/Src/stm32g4xx_hal_flash.c **** 
 195              	 .loc 1 685 3 is_stmt 1 view .LVU66
 687:Drivers/STM32G4xx_HAL_Driver/Src/stm32g4xx_hal_flash.c ****   {
 196              	 .loc 1 687 3 view .LVU67
 687:Drivers/STM32G4xx_HAL_Driver/Src/stm32g4xx_hal_flash.c ****   {
 197              	 .loc 1 687 9 is_stmt 0 view .LVU68
 198 0084 05E0     	 b .L16
 199              	.LVL15:
 200              	.L18:
 689:Drivers/STM32G4xx_HAL_Driver/Src/stm32g4xx_hal_flash.c ****     {
 201              	 .loc 1 689 10 view .LVU69
 202 0086 FFF7FEFF 	 bl HAL_GetTick
 203              	.LVL16:
 689:Drivers/STM32G4xx_HAL_Driver/Src/stm32g4xx_hal_flash.c ****     {
 204              	 .loc 1 689 24 discriminator 1 view .LVU70
 205 008a 001B     	 subs r0,r0,r4
 689:Drivers/STM32G4xx_HAL_Driver/Src/stm32g4xx_hal_flash.c ****     {
 206              	 .loc 1 689 8 discriminator 1 view .LVU71
 207 008c B0F57A7F 	 cmp r0,#1000
 208 0090 2DD8     	 bhi .L24
 209              	.L16:
 689:Drivers/STM32G4xx_HAL_Driver/Src/stm32g4xx_hal_flash.c ****     {
 210              	 .loc 1 689 5 is_stmt 1 view .LVU72
 687:Drivers/STM32G4xx_HAL_Driver/Src/stm32g4xx_hal_flash.c ****   {
 211              	 .loc 1 687 10 view .LVU73
 212 0092 3369     	 ldr r3,[r6,#16]
 213 0094 DA03     	 lsls r2,r3,#15
 214 0096 F6D4     	 bmi .L18
 696:Drivers/STM32G4xx_HAL_Driver/Src/stm32g4xx_hal_flash.c ****   if (error != 0u)
 215              	 .loc 1 696 3 view .LVU74
 696:Drivers/STM32G4xx_HAL_Driver/Src/stm32g4xx_hal_flash.c ****   if (error != 0u)
 216              	 .loc 1 696 17 is_stmt 0 view .LVU75
ARM GAS   			page 18


 217 0098 3369     	 ldr r3,[r6,#16]
 696:Drivers/STM32G4xx_HAL_Driver/Src/stm32g4xx_hal_flash.c ****   if (error != 0u)
 218              	 .loc 1 696 9 view .LVU76
 219 009a 4CF2FA32 	 movw r2,#50170
 220              	.LVL17:
 697:Drivers/STM32G4xx_HAL_Driver/Src/stm32g4xx_hal_flash.c ****   {
 221              	 .loc 1 697 3 is_stmt 1 view .LVU77
 697:Drivers/STM32G4xx_HAL_Driver/Src/stm32g4xx_hal_flash.c ****   {
 222              	 .loc 1 697 6 is_stmt 0 view .LVU78
 223 009e 1340     	 ands r3,r3,r2
 224              	.LVL18:
 697:Drivers/STM32G4xx_HAL_Driver/Src/stm32g4xx_hal_flash.c ****   {
 225              	 .loc 1 697 6 view .LVU79
 226 00a0 51D1     	 bne .L41
 227              	.LBB66:
 228              	.LBI66:
 678:Drivers/STM32G4xx_HAL_Driver/Src/stm32g4xx_hal_flash.c **** {
 229              	 .loc 1 678 19 is_stmt 1 view .LVU80
 230              	.LVL19:
 231              	.LBB67:
 709:Drivers/STM32G4xx_HAL_Driver/Src/stm32g4xx_hal_flash.c ****   {
 232              	 .loc 1 709 3 view .LVU81
 709:Drivers/STM32G4xx_HAL_Driver/Src/stm32g4xx_hal_flash.c ****   {
 233              	 .loc 1 709 7 is_stmt 0 view .LVU82
 234 00a2 3369     	 ldr r3,[r6,#16]
 235              	.LVL20:
 709:Drivers/STM32G4xx_HAL_Driver/Src/stm32g4xx_hal_flash.c ****   {
 236              	 .loc 1 709 6 view .LVU83
 237 00a4 DB07     	 lsls r3,r3,#31
 238              	 .loc 1 712 5 is_stmt 1 view .LVU84
 239              	 .loc 1 712 5 view .LVU85
 240              	 .loc 1 712 5 discriminator 3 view .LVU86
 241              	 .loc 1 712 5 discriminator 4 view .LVU87
 242 00a6 44BF     	 itt mi
 243 00a8 0123     	 movmi r3,#1
 244 00aa 3361     	 strmi r3,[r6,#16]
 245              	.LBE67:
 246              	.LBE66:
 705:Drivers/STM32G4xx_HAL_Driver/Src/stm32g4xx_hal_flash.c ****   }
 247              	 .loc 1 705 12 is_stmt 0 view .LVU88
 248 00ac 0024     	 movs r4,#0
 249              	.LVL21:
 250              	.L17:
 705:Drivers/STM32G4xx_HAL_Driver/Src/stm32g4xx_hal_flash.c ****   }
 251              	 .loc 1 705 12 view .LVU89
 252              	.LBE65:
 253              	.LBE64:
 228:Drivers/STM32G4xx_HAL_Driver/Src/stm32g4xx_hal_flash.c ****     {
 254              	 .loc 1 228 5 is_stmt 1 view .LVU90
 228:Drivers/STM32G4xx_HAL_Driver/Src/stm32g4xx_hal_flash.c ****     {
 255              	 .loc 1 228 8 is_stmt 0 view .LVU91
 256 00ae 25B1     	 cbz r5,.L21
 230:Drivers/STM32G4xx_HAL_Driver/Src/stm32g4xx_hal_flash.c ****     }
 257              	 .loc 1 230 7 is_stmt 1 view .LVU92
 258 00b0 2D4A     	 ldr r2,.L42
 259 00b2 5369     	 ldr r3,[r2,#20]
 260 00b4 23EA0503 	 bic r3,r3,r5
ARM GAS   			page 19


 261 00b8 5361     	 str r3,[r2,#20]
 262              	.L21:
 234:Drivers/STM32G4xx_HAL_Driver/Src/stm32g4xx_hal_flash.c ****   }
 263              	 .loc 1 234 5 view .LVU93
 264 00ba FFF7FEFF 	 bl FLASH_FlushCaches
 265              	.LVL22:
 266 00be 00E0     	 b .L4
 267              	.LVL23:
 268              	.L23:
 185:Drivers/STM32G4xx_HAL_Driver/Src/stm32g4xx_hal_flash.c **** 
 269              	 .loc 1 185 12 is_stmt 0 view .LVU94
 270 00c0 0324     	 movs r4,#3
 271              	.LVL24:
 272              	.L4:
 238:Drivers/STM32G4xx_HAL_Driver/Src/stm32g4xx_hal_flash.c **** 
 273              	 .loc 1 238 3 is_stmt 1 view .LVU95
 238:Drivers/STM32G4xx_HAL_Driver/Src/stm32g4xx_hal_flash.c **** 
 274              	 .loc 1 238 3 view .LVU96
 275 00c2 0023     	 movs r3,#0
 276 00c4 88F80030 	 strb r3,[r8]
 238:Drivers/STM32G4xx_HAL_Driver/Src/stm32g4xx_hal_flash.c **** 
 277              	 .loc 1 238 3 view .LVU97
 241:Drivers/STM32G4xx_HAL_Driver/Src/stm32g4xx_hal_flash.c **** }
 278              	 .loc 1 241 3 view .LVU98
 242:Drivers/STM32G4xx_HAL_Driver/Src/stm32g4xx_hal_flash.c **** 
 279              	 .loc 1 242 1 is_stmt 0 view .LVU99
 280 00c8 2046     	 mov r0,r4
 281 00ca BDE8F087 	 pop {r4,r5,r6,r7,r8,r9,r10,pc}
 282              	.LVL25:
 283              	.L22:
 182:Drivers/STM32G4xx_HAL_Driver/Src/stm32g4xx_hal_flash.c **** 
 284              	 .loc 1 182 3 discriminator 1 view .LVU100
 285 00ce 0224     	 movs r4,#2
 242:Drivers/STM32G4xx_HAL_Driver/Src/stm32g4xx_hal_flash.c **** 
 286              	 .loc 1 242 1 view .LVU101
 287 00d0 2046     	 mov r0,r4
 288              	.LVL26:
 242:Drivers/STM32G4xx_HAL_Driver/Src/stm32g4xx_hal_flash.c **** 
 289              	 .loc 1 242 1 view .LVU102
 290 00d2 BDE8F087 	 pop {r4,r5,r6,r7,r8,r9,r10,pc}
 291              	.LVL27:
 292              	.L39:
 205:Drivers/STM32G4xx_HAL_Driver/Src/stm32g4xx_hal_flash.c ****       prog_bit = FLASH_CR_PG;
 293              	 .loc 1 205 7 is_stmt 1 view .LVU103
 294              	.LBB70:
 295              	.LBI70:
 713:Drivers/STM32G4xx_HAL_Driver/Src/stm32g4xx_hal_flash.c ****   }
 714:Drivers/STM32G4xx_HAL_Driver/Src/stm32g4xx_hal_flash.c **** 
 715:Drivers/STM32G4xx_HAL_Driver/Src/stm32g4xx_hal_flash.c ****   /* If there is an error flag set */
 716:Drivers/STM32G4xx_HAL_Driver/Src/stm32g4xx_hal_flash.c ****   return HAL_OK;
 717:Drivers/STM32G4xx_HAL_Driver/Src/stm32g4xx_hal_flash.c **** }
 718:Drivers/STM32G4xx_HAL_Driver/Src/stm32g4xx_hal_flash.c **** 
 719:Drivers/STM32G4xx_HAL_Driver/Src/stm32g4xx_hal_flash.c **** /**
 720:Drivers/STM32G4xx_HAL_Driver/Src/stm32g4xx_hal_flash.c ****   * @brief  Program double-word (64-bit) at a specified address.
 721:Drivers/STM32G4xx_HAL_Driver/Src/stm32g4xx_hal_flash.c ****   * @param  Address specifies the address to be programmed.
 722:Drivers/STM32G4xx_HAL_Driver/Src/stm32g4xx_hal_flash.c ****   * @param  Data specifies the data to be programmed.
 723:Drivers/STM32G4xx_HAL_Driver/Src/stm32g4xx_hal_flash.c ****   * @retval None
ARM GAS   			page 20


 724:Drivers/STM32G4xx_HAL_Driver/Src/stm32g4xx_hal_flash.c ****   */
 725:Drivers/STM32G4xx_HAL_Driver/Src/stm32g4xx_hal_flash.c **** static void FLASH_Program_DoubleWord(uint32_t Address, uint64_t Data)
 296              	 .loc 1 725 13 view .LVU104
 297              	.LBB71:
 726:Drivers/STM32G4xx_HAL_Driver/Src/stm32g4xx_hal_flash.c **** {
 727:Drivers/STM32G4xx_HAL_Driver/Src/stm32g4xx_hal_flash.c ****   /* Check the parameters */
 728:Drivers/STM32G4xx_HAL_Driver/Src/stm32g4xx_hal_flash.c ****   assert_param(IS_FLASH_PROGRAM_ADDRESS(Address));
 298              	 .loc 1 728 3 view .LVU105
 729:Drivers/STM32G4xx_HAL_Driver/Src/stm32g4xx_hal_flash.c **** 
 730:Drivers/STM32G4xx_HAL_Driver/Src/stm32g4xx_hal_flash.c ****   /* Set PG bit */
 731:Drivers/STM32G4xx_HAL_Driver/Src/stm32g4xx_hal_flash.c ****   SET_BIT(FLASH->CR, FLASH_CR_PG);
 299              	 .loc 1 731 3 view .LVU106
 300 00d6 244A     	 ldr r2,.L42
 301 00d8 5369     	 ldr r3,[r2,#20]
 302 00da 43F00103 	 orr r3,r3,#1
 303 00de 5361     	 str r3,[r2,#20]
 732:Drivers/STM32G4xx_HAL_Driver/Src/stm32g4xx_hal_flash.c **** 
 733:Drivers/STM32G4xx_HAL_Driver/Src/stm32g4xx_hal_flash.c ****   /* Program first word */
 734:Drivers/STM32G4xx_HAL_Driver/Src/stm32g4xx_hal_flash.c ****   *(uint32_t *)Address = (uint32_t)Data;
 304              	 .loc 1 734 3 view .LVU107
 305              	 .loc 1 734 26 is_stmt 0 view .LVU108
 306 00e0 3C60     	 str r4,[r7]
 735:Drivers/STM32G4xx_HAL_Driver/Src/stm32g4xx_hal_flash.c **** 
 736:Drivers/STM32G4xx_HAL_Driver/Src/stm32g4xx_hal_flash.c ****   /* Barrier to ensure programming is performed in 2 steps, in right order
 737:Drivers/STM32G4xx_HAL_Driver/Src/stm32g4xx_hal_flash.c ****     (independently of compiler optimization behavior) */
 738:Drivers/STM32G4xx_HAL_Driver/Src/stm32g4xx_hal_flash.c ****   __ISB();
 307              	 .loc 1 738 3 is_stmt 1 view .LVU109
 308              	.LBB72:
 309              	.LBI72:
 310              	 .file 2 "Drivers/CMSIS/Include/cmsis_gcc.h"
   1:Drivers/CMSIS/Include/cmsis_gcc.h **** /**************************************************************************//**
   2:Drivers/CMSIS/Include/cmsis_gcc.h ****  * @file     cmsis_gcc.h
   3:Drivers/CMSIS/Include/cmsis_gcc.h ****  * @brief    CMSIS compiler GCC header file
   4:Drivers/CMSIS/Include/cmsis_gcc.h ****  * @version  V5.2.0
   5:Drivers/CMSIS/Include/cmsis_gcc.h ****  * @date     08. May 2019
   6:Drivers/CMSIS/Include/cmsis_gcc.h ****  ******************************************************************************/
   7:Drivers/CMSIS/Include/cmsis_gcc.h **** /*
   8:Drivers/CMSIS/Include/cmsis_gcc.h ****  * Copyright (c) 2009-2019 Arm Limited. All rights reserved.
   9:Drivers/CMSIS/Include/cmsis_gcc.h ****  *
  10:Drivers/CMSIS/Include/cmsis_gcc.h ****  * SPDX-License-Identifier: Apache-2.0
  11:Drivers/CMSIS/Include/cmsis_gcc.h ****  *
  12:Drivers/CMSIS/Include/cmsis_gcc.h ****  * Licensed under the Apache License, Version 2.0 (the License); you may
  13:Drivers/CMSIS/Include/cmsis_gcc.h ****  * not use this file except in compliance with the License.
  14:Drivers/CMSIS/Include/cmsis_gcc.h ****  * You may obtain a copy of the License at
  15:Drivers/CMSIS/Include/cmsis_gcc.h ****  *
  16:Drivers/CMSIS/Include/cmsis_gcc.h ****  * www.apache.org/licenses/LICENSE-2.0
  17:Drivers/CMSIS/Include/cmsis_gcc.h ****  *
  18:Drivers/CMSIS/Include/cmsis_gcc.h ****  * Unless required by applicable law or agreed to in writing, software
  19:Drivers/CMSIS/Include/cmsis_gcc.h ****  * distributed under the License is distributed on an AS IS BASIS, WITHOUT
  20:Drivers/CMSIS/Include/cmsis_gcc.h ****  * WARRANTIES OR CONDITIONS OF ANY KIND, either express or implied.
  21:Drivers/CMSIS/Include/cmsis_gcc.h ****  * See the License for the specific language governing permissions and
  22:Drivers/CMSIS/Include/cmsis_gcc.h ****  * limitations under the License.
  23:Drivers/CMSIS/Include/cmsis_gcc.h ****  */
  24:Drivers/CMSIS/Include/cmsis_gcc.h **** 
  25:Drivers/CMSIS/Include/cmsis_gcc.h **** #ifndef __CMSIS_GCC_H
  26:Drivers/CMSIS/Include/cmsis_gcc.h **** #define __CMSIS_GCC_H
  27:Drivers/CMSIS/Include/cmsis_gcc.h **** 
ARM GAS   			page 21


  28:Drivers/CMSIS/Include/cmsis_gcc.h **** /* ignore some GCC warnings */
  29:Drivers/CMSIS/Include/cmsis_gcc.h **** #pragma GCC diagnostic push
  30:Drivers/CMSIS/Include/cmsis_gcc.h **** #pragma GCC diagnostic ignored "-Wsign-conversion"
  31:Drivers/CMSIS/Include/cmsis_gcc.h **** #pragma GCC diagnostic ignored "-Wconversion"
  32:Drivers/CMSIS/Include/cmsis_gcc.h **** #pragma GCC diagnostic ignored "-Wunused-parameter"
  33:Drivers/CMSIS/Include/cmsis_gcc.h **** 
  34:Drivers/CMSIS/Include/cmsis_gcc.h **** /* Fallback for __has_builtin */
  35:Drivers/CMSIS/Include/cmsis_gcc.h **** #ifndef __has_builtin
  36:Drivers/CMSIS/Include/cmsis_gcc.h ****   #define __has_builtin(x) (0)
  37:Drivers/CMSIS/Include/cmsis_gcc.h **** #endif
  38:Drivers/CMSIS/Include/cmsis_gcc.h **** 
  39:Drivers/CMSIS/Include/cmsis_gcc.h **** /* CMSIS compiler specific defines */
  40:Drivers/CMSIS/Include/cmsis_gcc.h **** #ifndef   __ASM
  41:Drivers/CMSIS/Include/cmsis_gcc.h ****   #define __ASM                                  __asm
  42:Drivers/CMSIS/Include/cmsis_gcc.h **** #endif
  43:Drivers/CMSIS/Include/cmsis_gcc.h **** #ifndef   __INLINE
  44:Drivers/CMSIS/Include/cmsis_gcc.h ****   #define __INLINE                               inline
  45:Drivers/CMSIS/Include/cmsis_gcc.h **** #endif
  46:Drivers/CMSIS/Include/cmsis_gcc.h **** #ifndef   __STATIC_INLINE
  47:Drivers/CMSIS/Include/cmsis_gcc.h ****   #define __STATIC_INLINE                        static inline
  48:Drivers/CMSIS/Include/cmsis_gcc.h **** #endif
  49:Drivers/CMSIS/Include/cmsis_gcc.h **** #ifndef   __STATIC_FORCEINLINE                 
  50:Drivers/CMSIS/Include/cmsis_gcc.h ****   #define __STATIC_FORCEINLINE                   __attribute__((always_inline)) static inline
  51:Drivers/CMSIS/Include/cmsis_gcc.h **** #endif                                           
  52:Drivers/CMSIS/Include/cmsis_gcc.h **** #ifndef   __NO_RETURN
  53:Drivers/CMSIS/Include/cmsis_gcc.h ****   #define __NO_RETURN                            __attribute__((__noreturn__))
  54:Drivers/CMSIS/Include/cmsis_gcc.h **** #endif
  55:Drivers/CMSIS/Include/cmsis_gcc.h **** #ifndef   __USED
  56:Drivers/CMSIS/Include/cmsis_gcc.h ****   #define __USED                                 __attribute__((used))
  57:Drivers/CMSIS/Include/cmsis_gcc.h **** #endif
  58:Drivers/CMSIS/Include/cmsis_gcc.h **** #ifndef   __WEAK
  59:Drivers/CMSIS/Include/cmsis_gcc.h ****   #define __WEAK                                 __attribute__((weak))
  60:Drivers/CMSIS/Include/cmsis_gcc.h **** #endif
  61:Drivers/CMSIS/Include/cmsis_gcc.h **** #ifndef   __PACKED
  62:Drivers/CMSIS/Include/cmsis_gcc.h ****   #define __PACKED                               __attribute__((packed, aligned(1)))
  63:Drivers/CMSIS/Include/cmsis_gcc.h **** #endif
  64:Drivers/CMSIS/Include/cmsis_gcc.h **** #ifndef   __PACKED_STRUCT
  65:Drivers/CMSIS/Include/cmsis_gcc.h ****   #define __PACKED_STRUCT                        struct __attribute__((packed, aligned(1)))
  66:Drivers/CMSIS/Include/cmsis_gcc.h **** #endif
  67:Drivers/CMSIS/Include/cmsis_gcc.h **** #ifndef   __PACKED_UNION
  68:Drivers/CMSIS/Include/cmsis_gcc.h ****   #define __PACKED_UNION                         union __attribute__((packed, aligned(1)))
  69:Drivers/CMSIS/Include/cmsis_gcc.h **** #endif
  70:Drivers/CMSIS/Include/cmsis_gcc.h **** #ifndef   __UNALIGNED_UINT32        /* deprecated */
  71:Drivers/CMSIS/Include/cmsis_gcc.h ****   #pragma GCC diagnostic push
  72:Drivers/CMSIS/Include/cmsis_gcc.h ****   #pragma GCC diagnostic ignored "-Wpacked"
  73:Drivers/CMSIS/Include/cmsis_gcc.h ****   #pragma GCC diagnostic ignored "-Wattributes"
  74:Drivers/CMSIS/Include/cmsis_gcc.h ****   struct __attribute__((packed)) T_UINT32 { uint32_t v; };
  75:Drivers/CMSIS/Include/cmsis_gcc.h ****   #pragma GCC diagnostic pop
  76:Drivers/CMSIS/Include/cmsis_gcc.h ****   #define __UNALIGNED_UINT32(x)                  (((struct T_UINT32 *)(x))->v)
  77:Drivers/CMSIS/Include/cmsis_gcc.h **** #endif
  78:Drivers/CMSIS/Include/cmsis_gcc.h **** #ifndef   __UNALIGNED_UINT16_WRITE
  79:Drivers/CMSIS/Include/cmsis_gcc.h ****   #pragma GCC diagnostic push
  80:Drivers/CMSIS/Include/cmsis_gcc.h ****   #pragma GCC diagnostic ignored "-Wpacked"
  81:Drivers/CMSIS/Include/cmsis_gcc.h ****   #pragma GCC diagnostic ignored "-Wattributes"
  82:Drivers/CMSIS/Include/cmsis_gcc.h ****   __PACKED_STRUCT T_UINT16_WRITE { uint16_t v; };
  83:Drivers/CMSIS/Include/cmsis_gcc.h ****   #pragma GCC diagnostic pop
  84:Drivers/CMSIS/Include/cmsis_gcc.h ****   #define __UNALIGNED_UINT16_WRITE(addr, val)    (void)((((struct T_UINT16_WRITE *)(void *)(addr))-
ARM GAS   			page 22


  85:Drivers/CMSIS/Include/cmsis_gcc.h **** #endif
  86:Drivers/CMSIS/Include/cmsis_gcc.h **** #ifndef   __UNALIGNED_UINT16_READ
  87:Drivers/CMSIS/Include/cmsis_gcc.h ****   #pragma GCC diagnostic push
  88:Drivers/CMSIS/Include/cmsis_gcc.h ****   #pragma GCC diagnostic ignored "-Wpacked"
  89:Drivers/CMSIS/Include/cmsis_gcc.h ****   #pragma GCC diagnostic ignored "-Wattributes"
  90:Drivers/CMSIS/Include/cmsis_gcc.h ****   __PACKED_STRUCT T_UINT16_READ { uint16_t v; };
  91:Drivers/CMSIS/Include/cmsis_gcc.h ****   #pragma GCC diagnostic pop
  92:Drivers/CMSIS/Include/cmsis_gcc.h ****   #define __UNALIGNED_UINT16_READ(addr)          (((const struct T_UINT16_READ *)(const void *)(add
  93:Drivers/CMSIS/Include/cmsis_gcc.h **** #endif
  94:Drivers/CMSIS/Include/cmsis_gcc.h **** #ifndef   __UNALIGNED_UINT32_WRITE
  95:Drivers/CMSIS/Include/cmsis_gcc.h ****   #pragma GCC diagnostic push
  96:Drivers/CMSIS/Include/cmsis_gcc.h ****   #pragma GCC diagnostic ignored "-Wpacked"
  97:Drivers/CMSIS/Include/cmsis_gcc.h ****   #pragma GCC diagnostic ignored "-Wattributes"
  98:Drivers/CMSIS/Include/cmsis_gcc.h ****   __PACKED_STRUCT T_UINT32_WRITE { uint32_t v; };
  99:Drivers/CMSIS/Include/cmsis_gcc.h ****   #pragma GCC diagnostic pop
 100:Drivers/CMSIS/Include/cmsis_gcc.h ****   #define __UNALIGNED_UINT32_WRITE(addr, val)    (void)((((struct T_UINT32_WRITE *)(void *)(addr))-
 101:Drivers/CMSIS/Include/cmsis_gcc.h **** #endif
 102:Drivers/CMSIS/Include/cmsis_gcc.h **** #ifndef   __UNALIGNED_UINT32_READ
 103:Drivers/CMSIS/Include/cmsis_gcc.h ****   #pragma GCC diagnostic push
 104:Drivers/CMSIS/Include/cmsis_gcc.h ****   #pragma GCC diagnostic ignored "-Wpacked"
 105:Drivers/CMSIS/Include/cmsis_gcc.h ****   #pragma GCC diagnostic ignored "-Wattributes"
 106:Drivers/CMSIS/Include/cmsis_gcc.h ****   __PACKED_STRUCT T_UINT32_READ { uint32_t v; };
 107:Drivers/CMSIS/Include/cmsis_gcc.h ****   #pragma GCC diagnostic pop
 108:Drivers/CMSIS/Include/cmsis_gcc.h ****   #define __UNALIGNED_UINT32_READ(addr)          (((const struct T_UINT32_READ *)(const void *)(add
 109:Drivers/CMSIS/Include/cmsis_gcc.h **** #endif
 110:Drivers/CMSIS/Include/cmsis_gcc.h **** #ifndef   __ALIGNED
 111:Drivers/CMSIS/Include/cmsis_gcc.h ****   #define __ALIGNED(x)                           __attribute__((aligned(x)))
 112:Drivers/CMSIS/Include/cmsis_gcc.h **** #endif
 113:Drivers/CMSIS/Include/cmsis_gcc.h **** #ifndef   __RESTRICT
 114:Drivers/CMSIS/Include/cmsis_gcc.h ****   #define __RESTRICT                             __restrict
 115:Drivers/CMSIS/Include/cmsis_gcc.h **** #endif
 116:Drivers/CMSIS/Include/cmsis_gcc.h **** #ifndef   __COMPILER_BARRIER
 117:Drivers/CMSIS/Include/cmsis_gcc.h ****   #define __COMPILER_BARRIER()                   __ASM volatile("":::"memory")
 118:Drivers/CMSIS/Include/cmsis_gcc.h **** #endif
 119:Drivers/CMSIS/Include/cmsis_gcc.h **** 
 120:Drivers/CMSIS/Include/cmsis_gcc.h **** /* #########################  Startup and Lowlevel Init  ######################## */
 121:Drivers/CMSIS/Include/cmsis_gcc.h **** 
 122:Drivers/CMSIS/Include/cmsis_gcc.h **** #ifndef __PROGRAM_START
 123:Drivers/CMSIS/Include/cmsis_gcc.h **** 
 124:Drivers/CMSIS/Include/cmsis_gcc.h **** /**
 125:Drivers/CMSIS/Include/cmsis_gcc.h ****   \brief   Initializes data and bss sections
 126:Drivers/CMSIS/Include/cmsis_gcc.h ****   \details This default implementations initialized all data and additional bss
 127:Drivers/CMSIS/Include/cmsis_gcc.h ****            sections relying on .copy.table and .zero.table specified properly
 128:Drivers/CMSIS/Include/cmsis_gcc.h ****            in the used linker script.
 129:Drivers/CMSIS/Include/cmsis_gcc.h ****   
 130:Drivers/CMSIS/Include/cmsis_gcc.h ****  */
 131:Drivers/CMSIS/Include/cmsis_gcc.h **** __STATIC_FORCEINLINE __NO_RETURN void __cmsis_start(void)
 132:Drivers/CMSIS/Include/cmsis_gcc.h **** {
 133:Drivers/CMSIS/Include/cmsis_gcc.h ****   extern void _start(void) __NO_RETURN;
 134:Drivers/CMSIS/Include/cmsis_gcc.h ****   
 135:Drivers/CMSIS/Include/cmsis_gcc.h ****   typedef struct {
 136:Drivers/CMSIS/Include/cmsis_gcc.h ****     uint32_t const* src;
 137:Drivers/CMSIS/Include/cmsis_gcc.h ****     uint32_t* dest;
 138:Drivers/CMSIS/Include/cmsis_gcc.h ****     uint32_t  wlen;
 139:Drivers/CMSIS/Include/cmsis_gcc.h ****   } __copy_table_t;
 140:Drivers/CMSIS/Include/cmsis_gcc.h ****   
 141:Drivers/CMSIS/Include/cmsis_gcc.h ****   typedef struct {
ARM GAS   			page 23


 142:Drivers/CMSIS/Include/cmsis_gcc.h ****     uint32_t* dest;
 143:Drivers/CMSIS/Include/cmsis_gcc.h ****     uint32_t  wlen;
 144:Drivers/CMSIS/Include/cmsis_gcc.h ****   } __zero_table_t;
 145:Drivers/CMSIS/Include/cmsis_gcc.h ****   
 146:Drivers/CMSIS/Include/cmsis_gcc.h ****   extern const __copy_table_t __copy_table_start__;
 147:Drivers/CMSIS/Include/cmsis_gcc.h ****   extern const __copy_table_t __copy_table_end__;
 148:Drivers/CMSIS/Include/cmsis_gcc.h ****   extern const __zero_table_t __zero_table_start__;
 149:Drivers/CMSIS/Include/cmsis_gcc.h ****   extern const __zero_table_t __zero_table_end__;
 150:Drivers/CMSIS/Include/cmsis_gcc.h **** 
 151:Drivers/CMSIS/Include/cmsis_gcc.h ****   for (__copy_table_t const* pTable = &__copy_table_start__; pTable < &__copy_table_end__; ++pTable
 152:Drivers/CMSIS/Include/cmsis_gcc.h ****     for(uint32_t i=0u; i<pTable->wlen; ++i) {
 153:Drivers/CMSIS/Include/cmsis_gcc.h ****       pTable->dest[i] = pTable->src[i];
 154:Drivers/CMSIS/Include/cmsis_gcc.h ****     }
 155:Drivers/CMSIS/Include/cmsis_gcc.h ****   }
 156:Drivers/CMSIS/Include/cmsis_gcc.h ****  
 157:Drivers/CMSIS/Include/cmsis_gcc.h ****   for (__zero_table_t const* pTable = &__zero_table_start__; pTable < &__zero_table_end__; ++pTable
 158:Drivers/CMSIS/Include/cmsis_gcc.h ****     for(uint32_t i=0u; i<pTable->wlen; ++i) {
 159:Drivers/CMSIS/Include/cmsis_gcc.h ****       pTable->dest[i] = 0u;
 160:Drivers/CMSIS/Include/cmsis_gcc.h ****     }
 161:Drivers/CMSIS/Include/cmsis_gcc.h ****   }
 162:Drivers/CMSIS/Include/cmsis_gcc.h ****  
 163:Drivers/CMSIS/Include/cmsis_gcc.h ****   _start();
 164:Drivers/CMSIS/Include/cmsis_gcc.h **** }
 165:Drivers/CMSIS/Include/cmsis_gcc.h ****   
 166:Drivers/CMSIS/Include/cmsis_gcc.h **** #define __PROGRAM_START           __cmsis_start
 167:Drivers/CMSIS/Include/cmsis_gcc.h **** #endif
 168:Drivers/CMSIS/Include/cmsis_gcc.h **** 
 169:Drivers/CMSIS/Include/cmsis_gcc.h **** #ifndef __INITIAL_SP
 170:Drivers/CMSIS/Include/cmsis_gcc.h **** #define __INITIAL_SP              __StackTop
 171:Drivers/CMSIS/Include/cmsis_gcc.h **** #endif
 172:Drivers/CMSIS/Include/cmsis_gcc.h **** 
 173:Drivers/CMSIS/Include/cmsis_gcc.h **** #ifndef __STACK_LIMIT
 174:Drivers/CMSIS/Include/cmsis_gcc.h **** #define __STACK_LIMIT             __StackLimit
 175:Drivers/CMSIS/Include/cmsis_gcc.h **** #endif
 176:Drivers/CMSIS/Include/cmsis_gcc.h **** 
 177:Drivers/CMSIS/Include/cmsis_gcc.h **** #ifndef __VECTOR_TABLE
 178:Drivers/CMSIS/Include/cmsis_gcc.h **** #define __VECTOR_TABLE            __Vectors
 179:Drivers/CMSIS/Include/cmsis_gcc.h **** #endif
 180:Drivers/CMSIS/Include/cmsis_gcc.h **** 
 181:Drivers/CMSIS/Include/cmsis_gcc.h **** #ifndef __VECTOR_TABLE_ATTRIBUTE
 182:Drivers/CMSIS/Include/cmsis_gcc.h **** #define __VECTOR_TABLE_ATTRIBUTE  __attribute((used, section(".vectors")))
 183:Drivers/CMSIS/Include/cmsis_gcc.h **** #endif
 184:Drivers/CMSIS/Include/cmsis_gcc.h **** 
 185:Drivers/CMSIS/Include/cmsis_gcc.h **** /* ###########################  Core Function Access  ########################### */
 186:Drivers/CMSIS/Include/cmsis_gcc.h **** /** \ingroup  CMSIS_Core_FunctionInterface
 187:Drivers/CMSIS/Include/cmsis_gcc.h ****     \defgroup CMSIS_Core_RegAccFunctions CMSIS Core Register Access Functions
 188:Drivers/CMSIS/Include/cmsis_gcc.h ****   @{
 189:Drivers/CMSIS/Include/cmsis_gcc.h ****  */
 190:Drivers/CMSIS/Include/cmsis_gcc.h **** 
 191:Drivers/CMSIS/Include/cmsis_gcc.h **** /**
 192:Drivers/CMSIS/Include/cmsis_gcc.h ****   \brief   Enable IRQ Interrupts
 193:Drivers/CMSIS/Include/cmsis_gcc.h ****   \details Enables IRQ interrupts by clearing the I-bit in the CPSR.
 194:Drivers/CMSIS/Include/cmsis_gcc.h ****            Can only be executed in Privileged modes.
 195:Drivers/CMSIS/Include/cmsis_gcc.h ****  */
 196:Drivers/CMSIS/Include/cmsis_gcc.h **** __STATIC_FORCEINLINE void __enable_irq(void)
 197:Drivers/CMSIS/Include/cmsis_gcc.h **** {
 198:Drivers/CMSIS/Include/cmsis_gcc.h ****   __ASM volatile ("cpsie i" : : : "memory");
ARM GAS   			page 24


 199:Drivers/CMSIS/Include/cmsis_gcc.h **** }
 200:Drivers/CMSIS/Include/cmsis_gcc.h **** 
 201:Drivers/CMSIS/Include/cmsis_gcc.h **** 
 202:Drivers/CMSIS/Include/cmsis_gcc.h **** /**
 203:Drivers/CMSIS/Include/cmsis_gcc.h ****   \brief   Disable IRQ Interrupts
 204:Drivers/CMSIS/Include/cmsis_gcc.h ****   \details Disables IRQ interrupts by setting the I-bit in the CPSR.
 205:Drivers/CMSIS/Include/cmsis_gcc.h ****            Can only be executed in Privileged modes.
 206:Drivers/CMSIS/Include/cmsis_gcc.h ****  */
 207:Drivers/CMSIS/Include/cmsis_gcc.h **** __STATIC_FORCEINLINE void __disable_irq(void)
 208:Drivers/CMSIS/Include/cmsis_gcc.h **** {
 209:Drivers/CMSIS/Include/cmsis_gcc.h ****   __ASM volatile ("cpsid i" : : : "memory");
 210:Drivers/CMSIS/Include/cmsis_gcc.h **** }
 211:Drivers/CMSIS/Include/cmsis_gcc.h **** 
 212:Drivers/CMSIS/Include/cmsis_gcc.h **** 
 213:Drivers/CMSIS/Include/cmsis_gcc.h **** /**
 214:Drivers/CMSIS/Include/cmsis_gcc.h ****   \brief   Get Control Register
 215:Drivers/CMSIS/Include/cmsis_gcc.h ****   \details Returns the content of the Control Register.
 216:Drivers/CMSIS/Include/cmsis_gcc.h ****   \return               Control Register value
 217:Drivers/CMSIS/Include/cmsis_gcc.h ****  */
 218:Drivers/CMSIS/Include/cmsis_gcc.h **** __STATIC_FORCEINLINE uint32_t __get_CONTROL(void)
 219:Drivers/CMSIS/Include/cmsis_gcc.h **** {
 220:Drivers/CMSIS/Include/cmsis_gcc.h ****   uint32_t result;
 221:Drivers/CMSIS/Include/cmsis_gcc.h **** 
 222:Drivers/CMSIS/Include/cmsis_gcc.h ****   __ASM volatile ("MRS %0, control" : "=r" (result) );
 223:Drivers/CMSIS/Include/cmsis_gcc.h ****   return(result);
 224:Drivers/CMSIS/Include/cmsis_gcc.h **** }
 225:Drivers/CMSIS/Include/cmsis_gcc.h **** 
 226:Drivers/CMSIS/Include/cmsis_gcc.h **** 
 227:Drivers/CMSIS/Include/cmsis_gcc.h **** #if (defined (__ARM_FEATURE_CMSE ) && (__ARM_FEATURE_CMSE == 3))
 228:Drivers/CMSIS/Include/cmsis_gcc.h **** /**
 229:Drivers/CMSIS/Include/cmsis_gcc.h ****   \brief   Get Control Register (non-secure)
 230:Drivers/CMSIS/Include/cmsis_gcc.h ****   \details Returns the content of the non-secure Control Register when in secure mode.
 231:Drivers/CMSIS/Include/cmsis_gcc.h ****   \return               non-secure Control Register value
 232:Drivers/CMSIS/Include/cmsis_gcc.h ****  */
 233:Drivers/CMSIS/Include/cmsis_gcc.h **** __STATIC_FORCEINLINE uint32_t __TZ_get_CONTROL_NS(void)
 234:Drivers/CMSIS/Include/cmsis_gcc.h **** {
 235:Drivers/CMSIS/Include/cmsis_gcc.h ****   uint32_t result;
 236:Drivers/CMSIS/Include/cmsis_gcc.h **** 
 237:Drivers/CMSIS/Include/cmsis_gcc.h ****   __ASM volatile ("MRS %0, control_ns" : "=r" (result) );
 238:Drivers/CMSIS/Include/cmsis_gcc.h ****   return(result);
 239:Drivers/CMSIS/Include/cmsis_gcc.h **** }
 240:Drivers/CMSIS/Include/cmsis_gcc.h **** #endif
 241:Drivers/CMSIS/Include/cmsis_gcc.h **** 
 242:Drivers/CMSIS/Include/cmsis_gcc.h **** 
 243:Drivers/CMSIS/Include/cmsis_gcc.h **** /**
 244:Drivers/CMSIS/Include/cmsis_gcc.h ****   \brief   Set Control Register
 245:Drivers/CMSIS/Include/cmsis_gcc.h ****   \details Writes the given value to the Control Register.
 246:Drivers/CMSIS/Include/cmsis_gcc.h ****   \param [in]    control  Control Register value to set
 247:Drivers/CMSIS/Include/cmsis_gcc.h ****  */
 248:Drivers/CMSIS/Include/cmsis_gcc.h **** __STATIC_FORCEINLINE void __set_CONTROL(uint32_t control)
 249:Drivers/CMSIS/Include/cmsis_gcc.h **** {
 250:Drivers/CMSIS/Include/cmsis_gcc.h ****   __ASM volatile ("MSR control, %0" : : "r" (control) : "memory");
 251:Drivers/CMSIS/Include/cmsis_gcc.h **** }
 252:Drivers/CMSIS/Include/cmsis_gcc.h **** 
 253:Drivers/CMSIS/Include/cmsis_gcc.h **** 
 254:Drivers/CMSIS/Include/cmsis_gcc.h **** #if (defined (__ARM_FEATURE_CMSE ) && (__ARM_FEATURE_CMSE == 3))
 255:Drivers/CMSIS/Include/cmsis_gcc.h **** /**
ARM GAS   			page 25


 256:Drivers/CMSIS/Include/cmsis_gcc.h ****   \brief   Set Control Register (non-secure)
 257:Drivers/CMSIS/Include/cmsis_gcc.h ****   \details Writes the given value to the non-secure Control Register when in secure state.
 258:Drivers/CMSIS/Include/cmsis_gcc.h ****   \param [in]    control  Control Register value to set
 259:Drivers/CMSIS/Include/cmsis_gcc.h ****  */
 260:Drivers/CMSIS/Include/cmsis_gcc.h **** __STATIC_FORCEINLINE void __TZ_set_CONTROL_NS(uint32_t control)
 261:Drivers/CMSIS/Include/cmsis_gcc.h **** {
 262:Drivers/CMSIS/Include/cmsis_gcc.h ****   __ASM volatile ("MSR control_ns, %0" : : "r" (control) : "memory");
 263:Drivers/CMSIS/Include/cmsis_gcc.h **** }
 264:Drivers/CMSIS/Include/cmsis_gcc.h **** #endif
 265:Drivers/CMSIS/Include/cmsis_gcc.h **** 
 266:Drivers/CMSIS/Include/cmsis_gcc.h **** 
 267:Drivers/CMSIS/Include/cmsis_gcc.h **** /**
 268:Drivers/CMSIS/Include/cmsis_gcc.h ****   \brief   Get IPSR Register
 269:Drivers/CMSIS/Include/cmsis_gcc.h ****   \details Returns the content of the IPSR Register.
 270:Drivers/CMSIS/Include/cmsis_gcc.h ****   \return               IPSR Register value
 271:Drivers/CMSIS/Include/cmsis_gcc.h ****  */
 272:Drivers/CMSIS/Include/cmsis_gcc.h **** __STATIC_FORCEINLINE uint32_t __get_IPSR(void)
 273:Drivers/CMSIS/Include/cmsis_gcc.h **** {
 274:Drivers/CMSIS/Include/cmsis_gcc.h ****   uint32_t result;
 275:Drivers/CMSIS/Include/cmsis_gcc.h **** 
 276:Drivers/CMSIS/Include/cmsis_gcc.h ****   __ASM volatile ("MRS %0, ipsr" : "=r" (result) );
 277:Drivers/CMSIS/Include/cmsis_gcc.h ****   return(result);
 278:Drivers/CMSIS/Include/cmsis_gcc.h **** }
 279:Drivers/CMSIS/Include/cmsis_gcc.h **** 
 280:Drivers/CMSIS/Include/cmsis_gcc.h **** 
 281:Drivers/CMSIS/Include/cmsis_gcc.h **** /**
 282:Drivers/CMSIS/Include/cmsis_gcc.h ****   \brief   Get APSR Register
 283:Drivers/CMSIS/Include/cmsis_gcc.h ****   \details Returns the content of the APSR Register.
 284:Drivers/CMSIS/Include/cmsis_gcc.h ****   \return               APSR Register value
 285:Drivers/CMSIS/Include/cmsis_gcc.h ****  */
 286:Drivers/CMSIS/Include/cmsis_gcc.h **** __STATIC_FORCEINLINE uint32_t __get_APSR(void)
 287:Drivers/CMSIS/Include/cmsis_gcc.h **** {
 288:Drivers/CMSIS/Include/cmsis_gcc.h ****   uint32_t result;
 289:Drivers/CMSIS/Include/cmsis_gcc.h **** 
 290:Drivers/CMSIS/Include/cmsis_gcc.h ****   __ASM volatile ("MRS %0, apsr" : "=r" (result) );
 291:Drivers/CMSIS/Include/cmsis_gcc.h ****   return(result);
 292:Drivers/CMSIS/Include/cmsis_gcc.h **** }
 293:Drivers/CMSIS/Include/cmsis_gcc.h **** 
 294:Drivers/CMSIS/Include/cmsis_gcc.h **** 
 295:Drivers/CMSIS/Include/cmsis_gcc.h **** /**
 296:Drivers/CMSIS/Include/cmsis_gcc.h ****   \brief   Get xPSR Register
 297:Drivers/CMSIS/Include/cmsis_gcc.h ****   \details Returns the content of the xPSR Register.
 298:Drivers/CMSIS/Include/cmsis_gcc.h ****   \return               xPSR Register value
 299:Drivers/CMSIS/Include/cmsis_gcc.h ****  */
 300:Drivers/CMSIS/Include/cmsis_gcc.h **** __STATIC_FORCEINLINE uint32_t __get_xPSR(void)
 301:Drivers/CMSIS/Include/cmsis_gcc.h **** {
 302:Drivers/CMSIS/Include/cmsis_gcc.h ****   uint32_t result;
 303:Drivers/CMSIS/Include/cmsis_gcc.h **** 
 304:Drivers/CMSIS/Include/cmsis_gcc.h ****   __ASM volatile ("MRS %0, xpsr" : "=r" (result) );
 305:Drivers/CMSIS/Include/cmsis_gcc.h ****   return(result);
 306:Drivers/CMSIS/Include/cmsis_gcc.h **** }
 307:Drivers/CMSIS/Include/cmsis_gcc.h **** 
 308:Drivers/CMSIS/Include/cmsis_gcc.h **** 
 309:Drivers/CMSIS/Include/cmsis_gcc.h **** /**
 310:Drivers/CMSIS/Include/cmsis_gcc.h ****   \brief   Get Process Stack Pointer
 311:Drivers/CMSIS/Include/cmsis_gcc.h ****   \details Returns the current value of the Process Stack Pointer (PSP).
 312:Drivers/CMSIS/Include/cmsis_gcc.h ****   \return               PSP Register value
ARM GAS   			page 26


 313:Drivers/CMSIS/Include/cmsis_gcc.h ****  */
 314:Drivers/CMSIS/Include/cmsis_gcc.h **** __STATIC_FORCEINLINE uint32_t __get_PSP(void)
 315:Drivers/CMSIS/Include/cmsis_gcc.h **** {
 316:Drivers/CMSIS/Include/cmsis_gcc.h ****   uint32_t result;
 317:Drivers/CMSIS/Include/cmsis_gcc.h **** 
 318:Drivers/CMSIS/Include/cmsis_gcc.h ****   __ASM volatile ("MRS %0, psp"  : "=r" (result) );
 319:Drivers/CMSIS/Include/cmsis_gcc.h ****   return(result);
 320:Drivers/CMSIS/Include/cmsis_gcc.h **** }
 321:Drivers/CMSIS/Include/cmsis_gcc.h **** 
 322:Drivers/CMSIS/Include/cmsis_gcc.h **** 
 323:Drivers/CMSIS/Include/cmsis_gcc.h **** #if (defined (__ARM_FEATURE_CMSE ) && (__ARM_FEATURE_CMSE == 3))
 324:Drivers/CMSIS/Include/cmsis_gcc.h **** /**
 325:Drivers/CMSIS/Include/cmsis_gcc.h ****   \brief   Get Process Stack Pointer (non-secure)
 326:Drivers/CMSIS/Include/cmsis_gcc.h ****   \details Returns the current value of the non-secure Process Stack Pointer (PSP) when in secure s
 327:Drivers/CMSIS/Include/cmsis_gcc.h ****   \return               PSP Register value
 328:Drivers/CMSIS/Include/cmsis_gcc.h ****  */
 329:Drivers/CMSIS/Include/cmsis_gcc.h **** __STATIC_FORCEINLINE uint32_t __TZ_get_PSP_NS(void)
 330:Drivers/CMSIS/Include/cmsis_gcc.h **** {
 331:Drivers/CMSIS/Include/cmsis_gcc.h ****   uint32_t result;
 332:Drivers/CMSIS/Include/cmsis_gcc.h **** 
 333:Drivers/CMSIS/Include/cmsis_gcc.h ****   __ASM volatile ("MRS %0, psp_ns"  : "=r" (result) );
 334:Drivers/CMSIS/Include/cmsis_gcc.h ****   return(result);
 335:Drivers/CMSIS/Include/cmsis_gcc.h **** }
 336:Drivers/CMSIS/Include/cmsis_gcc.h **** #endif
 337:Drivers/CMSIS/Include/cmsis_gcc.h **** 
 338:Drivers/CMSIS/Include/cmsis_gcc.h **** 
 339:Drivers/CMSIS/Include/cmsis_gcc.h **** /**
 340:Drivers/CMSIS/Include/cmsis_gcc.h ****   \brief   Set Process Stack Pointer
 341:Drivers/CMSIS/Include/cmsis_gcc.h ****   \details Assigns the given value to the Process Stack Pointer (PSP).
 342:Drivers/CMSIS/Include/cmsis_gcc.h ****   \param [in]    topOfProcStack  Process Stack Pointer value to set
 343:Drivers/CMSIS/Include/cmsis_gcc.h ****  */
 344:Drivers/CMSIS/Include/cmsis_gcc.h **** __STATIC_FORCEINLINE void __set_PSP(uint32_t topOfProcStack)
 345:Drivers/CMSIS/Include/cmsis_gcc.h **** {
 346:Drivers/CMSIS/Include/cmsis_gcc.h ****   __ASM volatile ("MSR psp, %0" : : "r" (topOfProcStack) : );
 347:Drivers/CMSIS/Include/cmsis_gcc.h **** }
 348:Drivers/CMSIS/Include/cmsis_gcc.h **** 
 349:Drivers/CMSIS/Include/cmsis_gcc.h **** 
 350:Drivers/CMSIS/Include/cmsis_gcc.h **** #if (defined (__ARM_FEATURE_CMSE ) && (__ARM_FEATURE_CMSE == 3))
 351:Drivers/CMSIS/Include/cmsis_gcc.h **** /**
 352:Drivers/CMSIS/Include/cmsis_gcc.h ****   \brief   Set Process Stack Pointer (non-secure)
 353:Drivers/CMSIS/Include/cmsis_gcc.h ****   \details Assigns the given value to the non-secure Process Stack Pointer (PSP) when in secure sta
 354:Drivers/CMSIS/Include/cmsis_gcc.h ****   \param [in]    topOfProcStack  Process Stack Pointer value to set
 355:Drivers/CMSIS/Include/cmsis_gcc.h ****  */
 356:Drivers/CMSIS/Include/cmsis_gcc.h **** __STATIC_FORCEINLINE void __TZ_set_PSP_NS(uint32_t topOfProcStack)
 357:Drivers/CMSIS/Include/cmsis_gcc.h **** {
 358:Drivers/CMSIS/Include/cmsis_gcc.h ****   __ASM volatile ("MSR psp_ns, %0" : : "r" (topOfProcStack) : );
 359:Drivers/CMSIS/Include/cmsis_gcc.h **** }
 360:Drivers/CMSIS/Include/cmsis_gcc.h **** #endif
 361:Drivers/CMSIS/Include/cmsis_gcc.h **** 
 362:Drivers/CMSIS/Include/cmsis_gcc.h **** 
 363:Drivers/CMSIS/Include/cmsis_gcc.h **** /**
 364:Drivers/CMSIS/Include/cmsis_gcc.h ****   \brief   Get Main Stack Pointer
 365:Drivers/CMSIS/Include/cmsis_gcc.h ****   \details Returns the current value of the Main Stack Pointer (MSP).
 366:Drivers/CMSIS/Include/cmsis_gcc.h ****   \return               MSP Register value
 367:Drivers/CMSIS/Include/cmsis_gcc.h ****  */
 368:Drivers/CMSIS/Include/cmsis_gcc.h **** __STATIC_FORCEINLINE uint32_t __get_MSP(void)
 369:Drivers/CMSIS/Include/cmsis_gcc.h **** {
ARM GAS   			page 27


 370:Drivers/CMSIS/Include/cmsis_gcc.h ****   uint32_t result;
 371:Drivers/CMSIS/Include/cmsis_gcc.h **** 
 372:Drivers/CMSIS/Include/cmsis_gcc.h ****   __ASM volatile ("MRS %0, msp" : "=r" (result) );
 373:Drivers/CMSIS/Include/cmsis_gcc.h ****   return(result);
 374:Drivers/CMSIS/Include/cmsis_gcc.h **** }
 375:Drivers/CMSIS/Include/cmsis_gcc.h **** 
 376:Drivers/CMSIS/Include/cmsis_gcc.h **** 
 377:Drivers/CMSIS/Include/cmsis_gcc.h **** #if (defined (__ARM_FEATURE_CMSE ) && (__ARM_FEATURE_CMSE == 3))
 378:Drivers/CMSIS/Include/cmsis_gcc.h **** /**
 379:Drivers/CMSIS/Include/cmsis_gcc.h ****   \brief   Get Main Stack Pointer (non-secure)
 380:Drivers/CMSIS/Include/cmsis_gcc.h ****   \details Returns the current value of the non-secure Main Stack Pointer (MSP) when in secure stat
 381:Drivers/CMSIS/Include/cmsis_gcc.h ****   \return               MSP Register value
 382:Drivers/CMSIS/Include/cmsis_gcc.h ****  */
 383:Drivers/CMSIS/Include/cmsis_gcc.h **** __STATIC_FORCEINLINE uint32_t __TZ_get_MSP_NS(void)
 384:Drivers/CMSIS/Include/cmsis_gcc.h **** {
 385:Drivers/CMSIS/Include/cmsis_gcc.h ****   uint32_t result;
 386:Drivers/CMSIS/Include/cmsis_gcc.h **** 
 387:Drivers/CMSIS/Include/cmsis_gcc.h ****   __ASM volatile ("MRS %0, msp_ns" : "=r" (result) );
 388:Drivers/CMSIS/Include/cmsis_gcc.h ****   return(result);
 389:Drivers/CMSIS/Include/cmsis_gcc.h **** }
 390:Drivers/CMSIS/Include/cmsis_gcc.h **** #endif
 391:Drivers/CMSIS/Include/cmsis_gcc.h **** 
 392:Drivers/CMSIS/Include/cmsis_gcc.h **** 
 393:Drivers/CMSIS/Include/cmsis_gcc.h **** /**
 394:Drivers/CMSIS/Include/cmsis_gcc.h ****   \brief   Set Main Stack Pointer
 395:Drivers/CMSIS/Include/cmsis_gcc.h ****   \details Assigns the given value to the Main Stack Pointer (MSP).
 396:Drivers/CMSIS/Include/cmsis_gcc.h ****   \param [in]    topOfMainStack  Main Stack Pointer value to set
 397:Drivers/CMSIS/Include/cmsis_gcc.h ****  */
 398:Drivers/CMSIS/Include/cmsis_gcc.h **** __STATIC_FORCEINLINE void __set_MSP(uint32_t topOfMainStack)
 399:Drivers/CMSIS/Include/cmsis_gcc.h **** {
 400:Drivers/CMSIS/Include/cmsis_gcc.h ****   __ASM volatile ("MSR msp, %0" : : "r" (topOfMainStack) : );
 401:Drivers/CMSIS/Include/cmsis_gcc.h **** }
 402:Drivers/CMSIS/Include/cmsis_gcc.h **** 
 403:Drivers/CMSIS/Include/cmsis_gcc.h **** 
 404:Drivers/CMSIS/Include/cmsis_gcc.h **** #if (defined (__ARM_FEATURE_CMSE ) && (__ARM_FEATURE_CMSE == 3))
 405:Drivers/CMSIS/Include/cmsis_gcc.h **** /**
 406:Drivers/CMSIS/Include/cmsis_gcc.h ****   \brief   Set Main Stack Pointer (non-secure)
 407:Drivers/CMSIS/Include/cmsis_gcc.h ****   \details Assigns the given value to the non-secure Main Stack Pointer (MSP) when in secure state.
 408:Drivers/CMSIS/Include/cmsis_gcc.h ****   \param [in]    topOfMainStack  Main Stack Pointer value to set
 409:Drivers/CMSIS/Include/cmsis_gcc.h ****  */
 410:Drivers/CMSIS/Include/cmsis_gcc.h **** __STATIC_FORCEINLINE void __TZ_set_MSP_NS(uint32_t topOfMainStack)
 411:Drivers/CMSIS/Include/cmsis_gcc.h **** {
 412:Drivers/CMSIS/Include/cmsis_gcc.h ****   __ASM volatile ("MSR msp_ns, %0" : : "r" (topOfMainStack) : );
 413:Drivers/CMSIS/Include/cmsis_gcc.h **** }
 414:Drivers/CMSIS/Include/cmsis_gcc.h **** #endif
 415:Drivers/CMSIS/Include/cmsis_gcc.h **** 
 416:Drivers/CMSIS/Include/cmsis_gcc.h **** 
 417:Drivers/CMSIS/Include/cmsis_gcc.h **** #if (defined (__ARM_FEATURE_CMSE ) && (__ARM_FEATURE_CMSE == 3))
 418:Drivers/CMSIS/Include/cmsis_gcc.h **** /**
 419:Drivers/CMSIS/Include/cmsis_gcc.h ****   \brief   Get Stack Pointer (non-secure)
 420:Drivers/CMSIS/Include/cmsis_gcc.h ****   \details Returns the current value of the non-secure Stack Pointer (SP) when in secure state.
 421:Drivers/CMSIS/Include/cmsis_gcc.h ****   \return               SP Register value
 422:Drivers/CMSIS/Include/cmsis_gcc.h ****  */
 423:Drivers/CMSIS/Include/cmsis_gcc.h **** __STATIC_FORCEINLINE uint32_t __TZ_get_SP_NS(void)
 424:Drivers/CMSIS/Include/cmsis_gcc.h **** {
 425:Drivers/CMSIS/Include/cmsis_gcc.h ****   uint32_t result;
 426:Drivers/CMSIS/Include/cmsis_gcc.h **** 
ARM GAS   			page 28


 427:Drivers/CMSIS/Include/cmsis_gcc.h ****   __ASM volatile ("MRS %0, sp_ns" : "=r" (result) );
 428:Drivers/CMSIS/Include/cmsis_gcc.h ****   return(result);
 429:Drivers/CMSIS/Include/cmsis_gcc.h **** }
 430:Drivers/CMSIS/Include/cmsis_gcc.h **** 
 431:Drivers/CMSIS/Include/cmsis_gcc.h **** 
 432:Drivers/CMSIS/Include/cmsis_gcc.h **** /**
 433:Drivers/CMSIS/Include/cmsis_gcc.h ****   \brief   Set Stack Pointer (non-secure)
 434:Drivers/CMSIS/Include/cmsis_gcc.h ****   \details Assigns the given value to the non-secure Stack Pointer (SP) when in secure state.
 435:Drivers/CMSIS/Include/cmsis_gcc.h ****   \param [in]    topOfStack  Stack Pointer value to set
 436:Drivers/CMSIS/Include/cmsis_gcc.h ****  */
 437:Drivers/CMSIS/Include/cmsis_gcc.h **** __STATIC_FORCEINLINE void __TZ_set_SP_NS(uint32_t topOfStack)
 438:Drivers/CMSIS/Include/cmsis_gcc.h **** {
 439:Drivers/CMSIS/Include/cmsis_gcc.h ****   __ASM volatile ("MSR sp_ns, %0" : : "r" (topOfStack) : );
 440:Drivers/CMSIS/Include/cmsis_gcc.h **** }
 441:Drivers/CMSIS/Include/cmsis_gcc.h **** #endif
 442:Drivers/CMSIS/Include/cmsis_gcc.h **** 
 443:Drivers/CMSIS/Include/cmsis_gcc.h **** 
 444:Drivers/CMSIS/Include/cmsis_gcc.h **** /**
 445:Drivers/CMSIS/Include/cmsis_gcc.h ****   \brief   Get Priority Mask
 446:Drivers/CMSIS/Include/cmsis_gcc.h ****   \details Returns the current state of the priority mask bit from the Priority Mask Register.
 447:Drivers/CMSIS/Include/cmsis_gcc.h ****   \return               Priority Mask value
 448:Drivers/CMSIS/Include/cmsis_gcc.h ****  */
 449:Drivers/CMSIS/Include/cmsis_gcc.h **** __STATIC_FORCEINLINE uint32_t __get_PRIMASK(void)
 450:Drivers/CMSIS/Include/cmsis_gcc.h **** {
 451:Drivers/CMSIS/Include/cmsis_gcc.h ****   uint32_t result;
 452:Drivers/CMSIS/Include/cmsis_gcc.h **** 
 453:Drivers/CMSIS/Include/cmsis_gcc.h ****   __ASM volatile ("MRS %0, primask" : "=r" (result) :: "memory");
 454:Drivers/CMSIS/Include/cmsis_gcc.h ****   return(result);
 455:Drivers/CMSIS/Include/cmsis_gcc.h **** }
 456:Drivers/CMSIS/Include/cmsis_gcc.h **** 
 457:Drivers/CMSIS/Include/cmsis_gcc.h **** 
 458:Drivers/CMSIS/Include/cmsis_gcc.h **** #if (defined (__ARM_FEATURE_CMSE ) && (__ARM_FEATURE_CMSE == 3))
 459:Drivers/CMSIS/Include/cmsis_gcc.h **** /**
 460:Drivers/CMSIS/Include/cmsis_gcc.h ****   \brief   Get Priority Mask (non-secure)
 461:Drivers/CMSIS/Include/cmsis_gcc.h ****   \details Returns the current state of the non-secure priority mask bit from the Priority Mask Reg
 462:Drivers/CMSIS/Include/cmsis_gcc.h ****   \return               Priority Mask value
 463:Drivers/CMSIS/Include/cmsis_gcc.h ****  */
 464:Drivers/CMSIS/Include/cmsis_gcc.h **** __STATIC_FORCEINLINE uint32_t __TZ_get_PRIMASK_NS(void)
 465:Drivers/CMSIS/Include/cmsis_gcc.h **** {
 466:Drivers/CMSIS/Include/cmsis_gcc.h ****   uint32_t result;
 467:Drivers/CMSIS/Include/cmsis_gcc.h **** 
 468:Drivers/CMSIS/Include/cmsis_gcc.h ****   __ASM volatile ("MRS %0, primask_ns" : "=r" (result) :: "memory");
 469:Drivers/CMSIS/Include/cmsis_gcc.h ****   return(result);
 470:Drivers/CMSIS/Include/cmsis_gcc.h **** }
 471:Drivers/CMSIS/Include/cmsis_gcc.h **** #endif
 472:Drivers/CMSIS/Include/cmsis_gcc.h **** 
 473:Drivers/CMSIS/Include/cmsis_gcc.h **** 
 474:Drivers/CMSIS/Include/cmsis_gcc.h **** /**
 475:Drivers/CMSIS/Include/cmsis_gcc.h ****   \brief   Set Priority Mask
 476:Drivers/CMSIS/Include/cmsis_gcc.h ****   \details Assigns the given value to the Priority Mask Register.
 477:Drivers/CMSIS/Include/cmsis_gcc.h ****   \param [in]    priMask  Priority Mask
 478:Drivers/CMSIS/Include/cmsis_gcc.h ****  */
 479:Drivers/CMSIS/Include/cmsis_gcc.h **** __STATIC_FORCEINLINE void __set_PRIMASK(uint32_t priMask)
 480:Drivers/CMSIS/Include/cmsis_gcc.h **** {
 481:Drivers/CMSIS/Include/cmsis_gcc.h ****   __ASM volatile ("MSR primask, %0" : : "r" (priMask) : "memory");
 482:Drivers/CMSIS/Include/cmsis_gcc.h **** }
 483:Drivers/CMSIS/Include/cmsis_gcc.h **** 
ARM GAS   			page 29


 484:Drivers/CMSIS/Include/cmsis_gcc.h **** 
 485:Drivers/CMSIS/Include/cmsis_gcc.h **** #if (defined (__ARM_FEATURE_CMSE ) && (__ARM_FEATURE_CMSE == 3))
 486:Drivers/CMSIS/Include/cmsis_gcc.h **** /**
 487:Drivers/CMSIS/Include/cmsis_gcc.h ****   \brief   Set Priority Mask (non-secure)
 488:Drivers/CMSIS/Include/cmsis_gcc.h ****   \details Assigns the given value to the non-secure Priority Mask Register when in secure state.
 489:Drivers/CMSIS/Include/cmsis_gcc.h ****   \param [in]    priMask  Priority Mask
 490:Drivers/CMSIS/Include/cmsis_gcc.h ****  */
 491:Drivers/CMSIS/Include/cmsis_gcc.h **** __STATIC_FORCEINLINE void __TZ_set_PRIMASK_NS(uint32_t priMask)
 492:Drivers/CMSIS/Include/cmsis_gcc.h **** {
 493:Drivers/CMSIS/Include/cmsis_gcc.h ****   __ASM volatile ("MSR primask_ns, %0" : : "r" (priMask) : "memory");
 494:Drivers/CMSIS/Include/cmsis_gcc.h **** }
 495:Drivers/CMSIS/Include/cmsis_gcc.h **** #endif
 496:Drivers/CMSIS/Include/cmsis_gcc.h **** 
 497:Drivers/CMSIS/Include/cmsis_gcc.h **** 
 498:Drivers/CMSIS/Include/cmsis_gcc.h **** #if ((defined (__ARM_ARCH_7M__      ) && (__ARM_ARCH_7M__      == 1)) || \
 499:Drivers/CMSIS/Include/cmsis_gcc.h ****      (defined (__ARM_ARCH_7EM__     ) && (__ARM_ARCH_7EM__     == 1)) || \
 500:Drivers/CMSIS/Include/cmsis_gcc.h ****      (defined (__ARM_ARCH_8M_MAIN__ ) && (__ARM_ARCH_8M_MAIN__ == 1))    )
 501:Drivers/CMSIS/Include/cmsis_gcc.h **** /**
 502:Drivers/CMSIS/Include/cmsis_gcc.h ****   \brief   Enable FIQ
 503:Drivers/CMSIS/Include/cmsis_gcc.h ****   \details Enables FIQ interrupts by clearing the F-bit in the CPSR.
 504:Drivers/CMSIS/Include/cmsis_gcc.h ****            Can only be executed in Privileged modes.
 505:Drivers/CMSIS/Include/cmsis_gcc.h ****  */
 506:Drivers/CMSIS/Include/cmsis_gcc.h **** __STATIC_FORCEINLINE void __enable_fault_irq(void)
 507:Drivers/CMSIS/Include/cmsis_gcc.h **** {
 508:Drivers/CMSIS/Include/cmsis_gcc.h ****   __ASM volatile ("cpsie f" : : : "memory");
 509:Drivers/CMSIS/Include/cmsis_gcc.h **** }
 510:Drivers/CMSIS/Include/cmsis_gcc.h **** 
 511:Drivers/CMSIS/Include/cmsis_gcc.h **** 
 512:Drivers/CMSIS/Include/cmsis_gcc.h **** /**
 513:Drivers/CMSIS/Include/cmsis_gcc.h ****   \brief   Disable FIQ
 514:Drivers/CMSIS/Include/cmsis_gcc.h ****   \details Disables FIQ interrupts by setting the F-bit in the CPSR.
 515:Drivers/CMSIS/Include/cmsis_gcc.h ****            Can only be executed in Privileged modes.
 516:Drivers/CMSIS/Include/cmsis_gcc.h ****  */
 517:Drivers/CMSIS/Include/cmsis_gcc.h **** __STATIC_FORCEINLINE void __disable_fault_irq(void)
 518:Drivers/CMSIS/Include/cmsis_gcc.h **** {
 519:Drivers/CMSIS/Include/cmsis_gcc.h ****   __ASM volatile ("cpsid f" : : : "memory");
 520:Drivers/CMSIS/Include/cmsis_gcc.h **** }
 521:Drivers/CMSIS/Include/cmsis_gcc.h **** 
 522:Drivers/CMSIS/Include/cmsis_gcc.h **** 
 523:Drivers/CMSIS/Include/cmsis_gcc.h **** /**
 524:Drivers/CMSIS/Include/cmsis_gcc.h ****   \brief   Get Base Priority
 525:Drivers/CMSIS/Include/cmsis_gcc.h ****   \details Returns the current value of the Base Priority register.
 526:Drivers/CMSIS/Include/cmsis_gcc.h ****   \return               Base Priority register value
 527:Drivers/CMSIS/Include/cmsis_gcc.h ****  */
 528:Drivers/CMSIS/Include/cmsis_gcc.h **** __STATIC_FORCEINLINE uint32_t __get_BASEPRI(void)
 529:Drivers/CMSIS/Include/cmsis_gcc.h **** {
 530:Drivers/CMSIS/Include/cmsis_gcc.h ****   uint32_t result;
 531:Drivers/CMSIS/Include/cmsis_gcc.h **** 
 532:Drivers/CMSIS/Include/cmsis_gcc.h ****   __ASM volatile ("MRS %0, basepri" : "=r" (result) );
 533:Drivers/CMSIS/Include/cmsis_gcc.h ****   return(result);
 534:Drivers/CMSIS/Include/cmsis_gcc.h **** }
 535:Drivers/CMSIS/Include/cmsis_gcc.h **** 
 536:Drivers/CMSIS/Include/cmsis_gcc.h **** 
 537:Drivers/CMSIS/Include/cmsis_gcc.h **** #if (defined (__ARM_FEATURE_CMSE ) && (__ARM_FEATURE_CMSE == 3))
 538:Drivers/CMSIS/Include/cmsis_gcc.h **** /**
 539:Drivers/CMSIS/Include/cmsis_gcc.h ****   \brief   Get Base Priority (non-secure)
 540:Drivers/CMSIS/Include/cmsis_gcc.h ****   \details Returns the current value of the non-secure Base Priority register when in secure state.
ARM GAS   			page 30


 541:Drivers/CMSIS/Include/cmsis_gcc.h ****   \return               Base Priority register value
 542:Drivers/CMSIS/Include/cmsis_gcc.h ****  */
 543:Drivers/CMSIS/Include/cmsis_gcc.h **** __STATIC_FORCEINLINE uint32_t __TZ_get_BASEPRI_NS(void)
 544:Drivers/CMSIS/Include/cmsis_gcc.h **** {
 545:Drivers/CMSIS/Include/cmsis_gcc.h ****   uint32_t result;
 546:Drivers/CMSIS/Include/cmsis_gcc.h **** 
 547:Drivers/CMSIS/Include/cmsis_gcc.h ****   __ASM volatile ("MRS %0, basepri_ns" : "=r" (result) );
 548:Drivers/CMSIS/Include/cmsis_gcc.h ****   return(result);
 549:Drivers/CMSIS/Include/cmsis_gcc.h **** }
 550:Drivers/CMSIS/Include/cmsis_gcc.h **** #endif
 551:Drivers/CMSIS/Include/cmsis_gcc.h **** 
 552:Drivers/CMSIS/Include/cmsis_gcc.h **** 
 553:Drivers/CMSIS/Include/cmsis_gcc.h **** /**
 554:Drivers/CMSIS/Include/cmsis_gcc.h ****   \brief   Set Base Priority
 555:Drivers/CMSIS/Include/cmsis_gcc.h ****   \details Assigns the given value to the Base Priority register.
 556:Drivers/CMSIS/Include/cmsis_gcc.h ****   \param [in]    basePri  Base Priority value to set
 557:Drivers/CMSIS/Include/cmsis_gcc.h ****  */
 558:Drivers/CMSIS/Include/cmsis_gcc.h **** __STATIC_FORCEINLINE void __set_BASEPRI(uint32_t basePri)
 559:Drivers/CMSIS/Include/cmsis_gcc.h **** {
 560:Drivers/CMSIS/Include/cmsis_gcc.h ****   __ASM volatile ("MSR basepri, %0" : : "r" (basePri) : "memory");
 561:Drivers/CMSIS/Include/cmsis_gcc.h **** }
 562:Drivers/CMSIS/Include/cmsis_gcc.h **** 
 563:Drivers/CMSIS/Include/cmsis_gcc.h **** 
 564:Drivers/CMSIS/Include/cmsis_gcc.h **** #if (defined (__ARM_FEATURE_CMSE ) && (__ARM_FEATURE_CMSE == 3))
 565:Drivers/CMSIS/Include/cmsis_gcc.h **** /**
 566:Drivers/CMSIS/Include/cmsis_gcc.h ****   \brief   Set Base Priority (non-secure)
 567:Drivers/CMSIS/Include/cmsis_gcc.h ****   \details Assigns the given value to the non-secure Base Priority register when in secure state.
 568:Drivers/CMSIS/Include/cmsis_gcc.h ****   \param [in]    basePri  Base Priority value to set
 569:Drivers/CMSIS/Include/cmsis_gcc.h ****  */
 570:Drivers/CMSIS/Include/cmsis_gcc.h **** __STATIC_FORCEINLINE void __TZ_set_BASEPRI_NS(uint32_t basePri)
 571:Drivers/CMSIS/Include/cmsis_gcc.h **** {
 572:Drivers/CMSIS/Include/cmsis_gcc.h ****   __ASM volatile ("MSR basepri_ns, %0" : : "r" (basePri) : "memory");
 573:Drivers/CMSIS/Include/cmsis_gcc.h **** }
 574:Drivers/CMSIS/Include/cmsis_gcc.h **** #endif
 575:Drivers/CMSIS/Include/cmsis_gcc.h **** 
 576:Drivers/CMSIS/Include/cmsis_gcc.h **** 
 577:Drivers/CMSIS/Include/cmsis_gcc.h **** /**
 578:Drivers/CMSIS/Include/cmsis_gcc.h ****   \brief   Set Base Priority with condition
 579:Drivers/CMSIS/Include/cmsis_gcc.h ****   \details Assigns the given value to the Base Priority register only if BASEPRI masking is disable
 580:Drivers/CMSIS/Include/cmsis_gcc.h ****            or the new value increases the BASEPRI priority level.
 581:Drivers/CMSIS/Include/cmsis_gcc.h ****   \param [in]    basePri  Base Priority value to set
 582:Drivers/CMSIS/Include/cmsis_gcc.h ****  */
 583:Drivers/CMSIS/Include/cmsis_gcc.h **** __STATIC_FORCEINLINE void __set_BASEPRI_MAX(uint32_t basePri)
 584:Drivers/CMSIS/Include/cmsis_gcc.h **** {
 585:Drivers/CMSIS/Include/cmsis_gcc.h ****   __ASM volatile ("MSR basepri_max, %0" : : "r" (basePri) : "memory");
 586:Drivers/CMSIS/Include/cmsis_gcc.h **** }
 587:Drivers/CMSIS/Include/cmsis_gcc.h **** 
 588:Drivers/CMSIS/Include/cmsis_gcc.h **** 
 589:Drivers/CMSIS/Include/cmsis_gcc.h **** /**
 590:Drivers/CMSIS/Include/cmsis_gcc.h ****   \brief   Get Fault Mask
 591:Drivers/CMSIS/Include/cmsis_gcc.h ****   \details Returns the current value of the Fault Mask register.
 592:Drivers/CMSIS/Include/cmsis_gcc.h ****   \return               Fault Mask register value
 593:Drivers/CMSIS/Include/cmsis_gcc.h ****  */
 594:Drivers/CMSIS/Include/cmsis_gcc.h **** __STATIC_FORCEINLINE uint32_t __get_FAULTMASK(void)
 595:Drivers/CMSIS/Include/cmsis_gcc.h **** {
 596:Drivers/CMSIS/Include/cmsis_gcc.h ****   uint32_t result;
 597:Drivers/CMSIS/Include/cmsis_gcc.h **** 
ARM GAS   			page 31


 598:Drivers/CMSIS/Include/cmsis_gcc.h ****   __ASM volatile ("MRS %0, faultmask" : "=r" (result) );
 599:Drivers/CMSIS/Include/cmsis_gcc.h ****   return(result);
 600:Drivers/CMSIS/Include/cmsis_gcc.h **** }
 601:Drivers/CMSIS/Include/cmsis_gcc.h **** 
 602:Drivers/CMSIS/Include/cmsis_gcc.h **** 
 603:Drivers/CMSIS/Include/cmsis_gcc.h **** #if (defined (__ARM_FEATURE_CMSE ) && (__ARM_FEATURE_CMSE == 3))
 604:Drivers/CMSIS/Include/cmsis_gcc.h **** /**
 605:Drivers/CMSIS/Include/cmsis_gcc.h ****   \brief   Get Fault Mask (non-secure)
 606:Drivers/CMSIS/Include/cmsis_gcc.h ****   \details Returns the current value of the non-secure Fault Mask register when in secure state.
 607:Drivers/CMSIS/Include/cmsis_gcc.h ****   \return               Fault Mask register value
 608:Drivers/CMSIS/Include/cmsis_gcc.h ****  */
 609:Drivers/CMSIS/Include/cmsis_gcc.h **** __STATIC_FORCEINLINE uint32_t __TZ_get_FAULTMASK_NS(void)
 610:Drivers/CMSIS/Include/cmsis_gcc.h **** {
 611:Drivers/CMSIS/Include/cmsis_gcc.h ****   uint32_t result;
 612:Drivers/CMSIS/Include/cmsis_gcc.h **** 
 613:Drivers/CMSIS/Include/cmsis_gcc.h ****   __ASM volatile ("MRS %0, faultmask_ns" : "=r" (result) );
 614:Drivers/CMSIS/Include/cmsis_gcc.h ****   return(result);
 615:Drivers/CMSIS/Include/cmsis_gcc.h **** }
 616:Drivers/CMSIS/Include/cmsis_gcc.h **** #endif
 617:Drivers/CMSIS/Include/cmsis_gcc.h **** 
 618:Drivers/CMSIS/Include/cmsis_gcc.h **** 
 619:Drivers/CMSIS/Include/cmsis_gcc.h **** /**
 620:Drivers/CMSIS/Include/cmsis_gcc.h ****   \brief   Set Fault Mask
 621:Drivers/CMSIS/Include/cmsis_gcc.h ****   \details Assigns the given value to the Fault Mask register.
 622:Drivers/CMSIS/Include/cmsis_gcc.h ****   \param [in]    faultMask  Fault Mask value to set
 623:Drivers/CMSIS/Include/cmsis_gcc.h ****  */
 624:Drivers/CMSIS/Include/cmsis_gcc.h **** __STATIC_FORCEINLINE void __set_FAULTMASK(uint32_t faultMask)
 625:Drivers/CMSIS/Include/cmsis_gcc.h **** {
 626:Drivers/CMSIS/Include/cmsis_gcc.h ****   __ASM volatile ("MSR faultmask, %0" : : "r" (faultMask) : "memory");
 627:Drivers/CMSIS/Include/cmsis_gcc.h **** }
 628:Drivers/CMSIS/Include/cmsis_gcc.h **** 
 629:Drivers/CMSIS/Include/cmsis_gcc.h **** 
 630:Drivers/CMSIS/Include/cmsis_gcc.h **** #if (defined (__ARM_FEATURE_CMSE ) && (__ARM_FEATURE_CMSE == 3))
 631:Drivers/CMSIS/Include/cmsis_gcc.h **** /**
 632:Drivers/CMSIS/Include/cmsis_gcc.h ****   \brief   Set Fault Mask (non-secure)
 633:Drivers/CMSIS/Include/cmsis_gcc.h ****   \details Assigns the given value to the non-secure Fault Mask register when in secure state.
 634:Drivers/CMSIS/Include/cmsis_gcc.h ****   \param [in]    faultMask  Fault Mask value to set
 635:Drivers/CMSIS/Include/cmsis_gcc.h ****  */
 636:Drivers/CMSIS/Include/cmsis_gcc.h **** __STATIC_FORCEINLINE void __TZ_set_FAULTMASK_NS(uint32_t faultMask)
 637:Drivers/CMSIS/Include/cmsis_gcc.h **** {
 638:Drivers/CMSIS/Include/cmsis_gcc.h ****   __ASM volatile ("MSR faultmask_ns, %0" : : "r" (faultMask) : "memory");
 639:Drivers/CMSIS/Include/cmsis_gcc.h **** }
 640:Drivers/CMSIS/Include/cmsis_gcc.h **** #endif
 641:Drivers/CMSIS/Include/cmsis_gcc.h **** 
 642:Drivers/CMSIS/Include/cmsis_gcc.h **** #endif /* ((defined (__ARM_ARCH_7M__      ) && (__ARM_ARCH_7M__      == 1)) || \
 643:Drivers/CMSIS/Include/cmsis_gcc.h ****            (defined (__ARM_ARCH_7EM__     ) && (__ARM_ARCH_7EM__     == 1)) || \
 644:Drivers/CMSIS/Include/cmsis_gcc.h ****            (defined (__ARM_ARCH_8M_MAIN__ ) && (__ARM_ARCH_8M_MAIN__ == 1))    ) */
 645:Drivers/CMSIS/Include/cmsis_gcc.h **** 
 646:Drivers/CMSIS/Include/cmsis_gcc.h **** 
 647:Drivers/CMSIS/Include/cmsis_gcc.h **** #if ((defined (__ARM_ARCH_8M_MAIN__ ) && (__ARM_ARCH_8M_MAIN__ == 1)) || \
 648:Drivers/CMSIS/Include/cmsis_gcc.h ****      (defined (__ARM_ARCH_8M_BASE__ ) && (__ARM_ARCH_8M_BASE__ == 1))    )
 649:Drivers/CMSIS/Include/cmsis_gcc.h **** 
 650:Drivers/CMSIS/Include/cmsis_gcc.h **** /**
 651:Drivers/CMSIS/Include/cmsis_gcc.h ****   \brief   Get Process Stack Pointer Limit
 652:Drivers/CMSIS/Include/cmsis_gcc.h ****   Devices without ARMv8-M Main Extensions (i.e. Cortex-M23) lack the non-secure
 653:Drivers/CMSIS/Include/cmsis_gcc.h ****   Stack Pointer Limit register hence zero is returned always in non-secure
 654:Drivers/CMSIS/Include/cmsis_gcc.h ****   mode.
ARM GAS   			page 32


 655:Drivers/CMSIS/Include/cmsis_gcc.h ****   
 656:Drivers/CMSIS/Include/cmsis_gcc.h ****   \details Returns the current value of the Process Stack Pointer Limit (PSPLIM).
 657:Drivers/CMSIS/Include/cmsis_gcc.h ****   \return               PSPLIM Register value
 658:Drivers/CMSIS/Include/cmsis_gcc.h ****  */
 659:Drivers/CMSIS/Include/cmsis_gcc.h **** __STATIC_FORCEINLINE uint32_t __get_PSPLIM(void)
 660:Drivers/CMSIS/Include/cmsis_gcc.h **** {
 661:Drivers/CMSIS/Include/cmsis_gcc.h **** #if (!(defined (__ARM_ARCH_8M_MAIN__ ) && (__ARM_ARCH_8M_MAIN__ == 1)) && \
 662:Drivers/CMSIS/Include/cmsis_gcc.h ****     (!defined (__ARM_FEATURE_CMSE) || (__ARM_FEATURE_CMSE < 3)))
 663:Drivers/CMSIS/Include/cmsis_gcc.h ****     // without main extensions, the non-secure PSPLIM is RAZ/WI
 664:Drivers/CMSIS/Include/cmsis_gcc.h ****   return 0U;
 665:Drivers/CMSIS/Include/cmsis_gcc.h **** #else
 666:Drivers/CMSIS/Include/cmsis_gcc.h ****   uint32_t result;
 667:Drivers/CMSIS/Include/cmsis_gcc.h ****   __ASM volatile ("MRS %0, psplim"  : "=r" (result) );
 668:Drivers/CMSIS/Include/cmsis_gcc.h ****   return result;
 669:Drivers/CMSIS/Include/cmsis_gcc.h **** #endif
 670:Drivers/CMSIS/Include/cmsis_gcc.h **** }
 671:Drivers/CMSIS/Include/cmsis_gcc.h **** 
 672:Drivers/CMSIS/Include/cmsis_gcc.h **** #if (defined (__ARM_FEATURE_CMSE) && (__ARM_FEATURE_CMSE == 3))
 673:Drivers/CMSIS/Include/cmsis_gcc.h **** /**
 674:Drivers/CMSIS/Include/cmsis_gcc.h ****   \brief   Get Process Stack Pointer Limit (non-secure)
 675:Drivers/CMSIS/Include/cmsis_gcc.h ****   Devices without ARMv8-M Main Extensions (i.e. Cortex-M23) lack the non-secure
 676:Drivers/CMSIS/Include/cmsis_gcc.h ****   Stack Pointer Limit register hence zero is returned always.
 677:Drivers/CMSIS/Include/cmsis_gcc.h **** 
 678:Drivers/CMSIS/Include/cmsis_gcc.h ****   \details Returns the current value of the non-secure Process Stack Pointer Limit (PSPLIM) when in
 679:Drivers/CMSIS/Include/cmsis_gcc.h ****   \return               PSPLIM Register value
 680:Drivers/CMSIS/Include/cmsis_gcc.h ****  */
 681:Drivers/CMSIS/Include/cmsis_gcc.h **** __STATIC_FORCEINLINE uint32_t __TZ_get_PSPLIM_NS(void)
 682:Drivers/CMSIS/Include/cmsis_gcc.h **** {
 683:Drivers/CMSIS/Include/cmsis_gcc.h **** #if (!(defined (__ARM_ARCH_8M_MAIN__ ) && (__ARM_ARCH_8M_MAIN__ == 1)))
 684:Drivers/CMSIS/Include/cmsis_gcc.h ****   // without main extensions, the non-secure PSPLIM is RAZ/WI
 685:Drivers/CMSIS/Include/cmsis_gcc.h ****   return 0U;
 686:Drivers/CMSIS/Include/cmsis_gcc.h **** #else
 687:Drivers/CMSIS/Include/cmsis_gcc.h ****   uint32_t result;
 688:Drivers/CMSIS/Include/cmsis_gcc.h ****   __ASM volatile ("MRS %0, psplim_ns"  : "=r" (result) );
 689:Drivers/CMSIS/Include/cmsis_gcc.h ****   return result;
 690:Drivers/CMSIS/Include/cmsis_gcc.h **** #endif
 691:Drivers/CMSIS/Include/cmsis_gcc.h **** }
 692:Drivers/CMSIS/Include/cmsis_gcc.h **** #endif
 693:Drivers/CMSIS/Include/cmsis_gcc.h **** 
 694:Drivers/CMSIS/Include/cmsis_gcc.h **** 
 695:Drivers/CMSIS/Include/cmsis_gcc.h **** /**
 696:Drivers/CMSIS/Include/cmsis_gcc.h ****   \brief   Set Process Stack Pointer Limit
 697:Drivers/CMSIS/Include/cmsis_gcc.h ****   Devices without ARMv8-M Main Extensions (i.e. Cortex-M23) lack the non-secure
 698:Drivers/CMSIS/Include/cmsis_gcc.h ****   Stack Pointer Limit register hence the write is silently ignored in non-secure
 699:Drivers/CMSIS/Include/cmsis_gcc.h ****   mode.
 700:Drivers/CMSIS/Include/cmsis_gcc.h ****   
 701:Drivers/CMSIS/Include/cmsis_gcc.h ****   \details Assigns the given value to the Process Stack Pointer Limit (PSPLIM).
 702:Drivers/CMSIS/Include/cmsis_gcc.h ****   \param [in]    ProcStackPtrLimit  Process Stack Pointer Limit value to set
 703:Drivers/CMSIS/Include/cmsis_gcc.h ****  */
 704:Drivers/CMSIS/Include/cmsis_gcc.h **** __STATIC_FORCEINLINE void __set_PSPLIM(uint32_t ProcStackPtrLimit)
 705:Drivers/CMSIS/Include/cmsis_gcc.h **** {
 706:Drivers/CMSIS/Include/cmsis_gcc.h **** #if (!(defined (__ARM_ARCH_8M_MAIN__ ) && (__ARM_ARCH_8M_MAIN__ == 1)) && \
 707:Drivers/CMSIS/Include/cmsis_gcc.h ****     (!defined (__ARM_FEATURE_CMSE) || (__ARM_FEATURE_CMSE < 3)))
 708:Drivers/CMSIS/Include/cmsis_gcc.h ****   // without main extensions, the non-secure PSPLIM is RAZ/WI
 709:Drivers/CMSIS/Include/cmsis_gcc.h ****   (void)ProcStackPtrLimit;
 710:Drivers/CMSIS/Include/cmsis_gcc.h **** #else
 711:Drivers/CMSIS/Include/cmsis_gcc.h ****   __ASM volatile ("MSR psplim, %0" : : "r" (ProcStackPtrLimit));
ARM GAS   			page 33


 712:Drivers/CMSIS/Include/cmsis_gcc.h **** #endif
 713:Drivers/CMSIS/Include/cmsis_gcc.h **** }
 714:Drivers/CMSIS/Include/cmsis_gcc.h **** 
 715:Drivers/CMSIS/Include/cmsis_gcc.h **** 
 716:Drivers/CMSIS/Include/cmsis_gcc.h **** #if (defined (__ARM_FEATURE_CMSE  ) && (__ARM_FEATURE_CMSE   == 3))
 717:Drivers/CMSIS/Include/cmsis_gcc.h **** /**
 718:Drivers/CMSIS/Include/cmsis_gcc.h ****   \brief   Set Process Stack Pointer (non-secure)
 719:Drivers/CMSIS/Include/cmsis_gcc.h ****   Devices without ARMv8-M Main Extensions (i.e. Cortex-M23) lack the non-secure
 720:Drivers/CMSIS/Include/cmsis_gcc.h ****   Stack Pointer Limit register hence the write is silently ignored.
 721:Drivers/CMSIS/Include/cmsis_gcc.h **** 
 722:Drivers/CMSIS/Include/cmsis_gcc.h ****   \details Assigns the given value to the non-secure Process Stack Pointer Limit (PSPLIM) when in s
 723:Drivers/CMSIS/Include/cmsis_gcc.h ****   \param [in]    ProcStackPtrLimit  Process Stack Pointer Limit value to set
 724:Drivers/CMSIS/Include/cmsis_gcc.h ****  */
 725:Drivers/CMSIS/Include/cmsis_gcc.h **** __STATIC_FORCEINLINE void __TZ_set_PSPLIM_NS(uint32_t ProcStackPtrLimit)
 726:Drivers/CMSIS/Include/cmsis_gcc.h **** {
 727:Drivers/CMSIS/Include/cmsis_gcc.h **** #if (!(defined (__ARM_ARCH_8M_MAIN__ ) && (__ARM_ARCH_8M_MAIN__ == 1)))
 728:Drivers/CMSIS/Include/cmsis_gcc.h ****   // without main extensions, the non-secure PSPLIM is RAZ/WI
 729:Drivers/CMSIS/Include/cmsis_gcc.h ****   (void)ProcStackPtrLimit;
 730:Drivers/CMSIS/Include/cmsis_gcc.h **** #else
 731:Drivers/CMSIS/Include/cmsis_gcc.h ****   __ASM volatile ("MSR psplim_ns, %0\n" : : "r" (ProcStackPtrLimit));
 732:Drivers/CMSIS/Include/cmsis_gcc.h **** #endif
 733:Drivers/CMSIS/Include/cmsis_gcc.h **** }
 734:Drivers/CMSIS/Include/cmsis_gcc.h **** #endif
 735:Drivers/CMSIS/Include/cmsis_gcc.h **** 
 736:Drivers/CMSIS/Include/cmsis_gcc.h **** 
 737:Drivers/CMSIS/Include/cmsis_gcc.h **** /**
 738:Drivers/CMSIS/Include/cmsis_gcc.h ****   \brief   Get Main Stack Pointer Limit
 739:Drivers/CMSIS/Include/cmsis_gcc.h ****   Devices without ARMv8-M Main Extensions (i.e. Cortex-M23) lack the non-secure
 740:Drivers/CMSIS/Include/cmsis_gcc.h ****   Stack Pointer Limit register hence zero is returned always in non-secure
 741:Drivers/CMSIS/Include/cmsis_gcc.h ****   mode.
 742:Drivers/CMSIS/Include/cmsis_gcc.h **** 
 743:Drivers/CMSIS/Include/cmsis_gcc.h ****   \details Returns the current value of the Main Stack Pointer Limit (MSPLIM).
 744:Drivers/CMSIS/Include/cmsis_gcc.h ****   \return               MSPLIM Register value
 745:Drivers/CMSIS/Include/cmsis_gcc.h ****  */
 746:Drivers/CMSIS/Include/cmsis_gcc.h **** __STATIC_FORCEINLINE uint32_t __get_MSPLIM(void)
 747:Drivers/CMSIS/Include/cmsis_gcc.h **** {
 748:Drivers/CMSIS/Include/cmsis_gcc.h **** #if (!(defined (__ARM_ARCH_8M_MAIN__ ) && (__ARM_ARCH_8M_MAIN__ == 1)) && \
 749:Drivers/CMSIS/Include/cmsis_gcc.h ****     (!defined (__ARM_FEATURE_CMSE) || (__ARM_FEATURE_CMSE < 3)))
 750:Drivers/CMSIS/Include/cmsis_gcc.h ****   // without main extensions, the non-secure MSPLIM is RAZ/WI
 751:Drivers/CMSIS/Include/cmsis_gcc.h ****   return 0U;
 752:Drivers/CMSIS/Include/cmsis_gcc.h **** #else
 753:Drivers/CMSIS/Include/cmsis_gcc.h ****   uint32_t result;
 754:Drivers/CMSIS/Include/cmsis_gcc.h ****   __ASM volatile ("MRS %0, msplim" : "=r" (result) );
 755:Drivers/CMSIS/Include/cmsis_gcc.h ****   return result;
 756:Drivers/CMSIS/Include/cmsis_gcc.h **** #endif
 757:Drivers/CMSIS/Include/cmsis_gcc.h **** }
 758:Drivers/CMSIS/Include/cmsis_gcc.h **** 
 759:Drivers/CMSIS/Include/cmsis_gcc.h **** 
 760:Drivers/CMSIS/Include/cmsis_gcc.h **** #if (defined (__ARM_FEATURE_CMSE  ) && (__ARM_FEATURE_CMSE   == 3))
 761:Drivers/CMSIS/Include/cmsis_gcc.h **** /**
 762:Drivers/CMSIS/Include/cmsis_gcc.h ****   \brief   Get Main Stack Pointer Limit (non-secure)
 763:Drivers/CMSIS/Include/cmsis_gcc.h ****   Devices without ARMv8-M Main Extensions (i.e. Cortex-M23) lack the non-secure
 764:Drivers/CMSIS/Include/cmsis_gcc.h ****   Stack Pointer Limit register hence zero is returned always.
 765:Drivers/CMSIS/Include/cmsis_gcc.h **** 
 766:Drivers/CMSIS/Include/cmsis_gcc.h ****   \details Returns the current value of the non-secure Main Stack Pointer Limit(MSPLIM) when in sec
 767:Drivers/CMSIS/Include/cmsis_gcc.h ****   \return               MSPLIM Register value
 768:Drivers/CMSIS/Include/cmsis_gcc.h ****  */
ARM GAS   			page 34


 769:Drivers/CMSIS/Include/cmsis_gcc.h **** __STATIC_FORCEINLINE uint32_t __TZ_get_MSPLIM_NS(void)
 770:Drivers/CMSIS/Include/cmsis_gcc.h **** {
 771:Drivers/CMSIS/Include/cmsis_gcc.h **** #if (!(defined (__ARM_ARCH_8M_MAIN__ ) && (__ARM_ARCH_8M_MAIN__ == 1)))
 772:Drivers/CMSIS/Include/cmsis_gcc.h ****   // without main extensions, the non-secure MSPLIM is RAZ/WI
 773:Drivers/CMSIS/Include/cmsis_gcc.h ****   return 0U;
 774:Drivers/CMSIS/Include/cmsis_gcc.h **** #else
 775:Drivers/CMSIS/Include/cmsis_gcc.h ****   uint32_t result;
 776:Drivers/CMSIS/Include/cmsis_gcc.h ****   __ASM volatile ("MRS %0, msplim_ns" : "=r" (result) );
 777:Drivers/CMSIS/Include/cmsis_gcc.h ****   return result;
 778:Drivers/CMSIS/Include/cmsis_gcc.h **** #endif
 779:Drivers/CMSIS/Include/cmsis_gcc.h **** }
 780:Drivers/CMSIS/Include/cmsis_gcc.h **** #endif
 781:Drivers/CMSIS/Include/cmsis_gcc.h **** 
 782:Drivers/CMSIS/Include/cmsis_gcc.h **** 
 783:Drivers/CMSIS/Include/cmsis_gcc.h **** /**
 784:Drivers/CMSIS/Include/cmsis_gcc.h ****   \brief   Set Main Stack Pointer Limit
 785:Drivers/CMSIS/Include/cmsis_gcc.h ****   Devices without ARMv8-M Main Extensions (i.e. Cortex-M23) lack the non-secure
 786:Drivers/CMSIS/Include/cmsis_gcc.h ****   Stack Pointer Limit register hence the write is silently ignored in non-secure
 787:Drivers/CMSIS/Include/cmsis_gcc.h ****   mode.
 788:Drivers/CMSIS/Include/cmsis_gcc.h **** 
 789:Drivers/CMSIS/Include/cmsis_gcc.h ****   \details Assigns the given value to the Main Stack Pointer Limit (MSPLIM).
 790:Drivers/CMSIS/Include/cmsis_gcc.h ****   \param [in]    MainStackPtrLimit  Main Stack Pointer Limit value to set
 791:Drivers/CMSIS/Include/cmsis_gcc.h ****  */
 792:Drivers/CMSIS/Include/cmsis_gcc.h **** __STATIC_FORCEINLINE void __set_MSPLIM(uint32_t MainStackPtrLimit)
 793:Drivers/CMSIS/Include/cmsis_gcc.h **** {
 794:Drivers/CMSIS/Include/cmsis_gcc.h **** #if (!(defined (__ARM_ARCH_8M_MAIN__ ) && (__ARM_ARCH_8M_MAIN__ == 1)) && \
 795:Drivers/CMSIS/Include/cmsis_gcc.h ****     (!defined (__ARM_FEATURE_CMSE) || (__ARM_FEATURE_CMSE < 3)))
 796:Drivers/CMSIS/Include/cmsis_gcc.h ****   // without main extensions, the non-secure MSPLIM is RAZ/WI
 797:Drivers/CMSIS/Include/cmsis_gcc.h ****   (void)MainStackPtrLimit;
 798:Drivers/CMSIS/Include/cmsis_gcc.h **** #else
 799:Drivers/CMSIS/Include/cmsis_gcc.h ****   __ASM volatile ("MSR msplim, %0" : : "r" (MainStackPtrLimit));
 800:Drivers/CMSIS/Include/cmsis_gcc.h **** #endif
 801:Drivers/CMSIS/Include/cmsis_gcc.h **** }
 802:Drivers/CMSIS/Include/cmsis_gcc.h **** 
 803:Drivers/CMSIS/Include/cmsis_gcc.h **** 
 804:Drivers/CMSIS/Include/cmsis_gcc.h **** #if (defined (__ARM_FEATURE_CMSE  ) && (__ARM_FEATURE_CMSE   == 3))
 805:Drivers/CMSIS/Include/cmsis_gcc.h **** /**
 806:Drivers/CMSIS/Include/cmsis_gcc.h ****   \brief   Set Main Stack Pointer Limit (non-secure)
 807:Drivers/CMSIS/Include/cmsis_gcc.h ****   Devices without ARMv8-M Main Extensions (i.e. Cortex-M23) lack the non-secure
 808:Drivers/CMSIS/Include/cmsis_gcc.h ****   Stack Pointer Limit register hence the write is silently ignored.
 809:Drivers/CMSIS/Include/cmsis_gcc.h **** 
 810:Drivers/CMSIS/Include/cmsis_gcc.h ****   \details Assigns the given value to the non-secure Main Stack Pointer Limit (MSPLIM) when in secu
 811:Drivers/CMSIS/Include/cmsis_gcc.h ****   \param [in]    MainStackPtrLimit  Main Stack Pointer value to set
 812:Drivers/CMSIS/Include/cmsis_gcc.h ****  */
 813:Drivers/CMSIS/Include/cmsis_gcc.h **** __STATIC_FORCEINLINE void __TZ_set_MSPLIM_NS(uint32_t MainStackPtrLimit)
 814:Drivers/CMSIS/Include/cmsis_gcc.h **** {
 815:Drivers/CMSIS/Include/cmsis_gcc.h **** #if (!(defined (__ARM_ARCH_8M_MAIN__ ) && (__ARM_ARCH_8M_MAIN__ == 1)))
 816:Drivers/CMSIS/Include/cmsis_gcc.h ****   // without main extensions, the non-secure MSPLIM is RAZ/WI
 817:Drivers/CMSIS/Include/cmsis_gcc.h ****   (void)MainStackPtrLimit;
 818:Drivers/CMSIS/Include/cmsis_gcc.h **** #else
 819:Drivers/CMSIS/Include/cmsis_gcc.h ****   __ASM volatile ("MSR msplim_ns, %0" : : "r" (MainStackPtrLimit));
 820:Drivers/CMSIS/Include/cmsis_gcc.h **** #endif
 821:Drivers/CMSIS/Include/cmsis_gcc.h **** }
 822:Drivers/CMSIS/Include/cmsis_gcc.h **** #endif
 823:Drivers/CMSIS/Include/cmsis_gcc.h **** 
 824:Drivers/CMSIS/Include/cmsis_gcc.h **** #endif /* ((defined (__ARM_ARCH_8M_MAIN__ ) && (__ARM_ARCH_8M_MAIN__ == 1)) || \
 825:Drivers/CMSIS/Include/cmsis_gcc.h ****            (defined (__ARM_ARCH_8M_BASE__ ) && (__ARM_ARCH_8M_BASE__ == 1))    ) */
ARM GAS   			page 35


 826:Drivers/CMSIS/Include/cmsis_gcc.h **** 
 827:Drivers/CMSIS/Include/cmsis_gcc.h **** 
 828:Drivers/CMSIS/Include/cmsis_gcc.h **** /**
 829:Drivers/CMSIS/Include/cmsis_gcc.h ****   \brief   Get FPSCR
 830:Drivers/CMSIS/Include/cmsis_gcc.h ****   \details Returns the current value of the Floating Point Status/Control register.
 831:Drivers/CMSIS/Include/cmsis_gcc.h ****   \return               Floating Point Status/Control register value
 832:Drivers/CMSIS/Include/cmsis_gcc.h ****  */
 833:Drivers/CMSIS/Include/cmsis_gcc.h **** __STATIC_FORCEINLINE uint32_t __get_FPSCR(void)
 834:Drivers/CMSIS/Include/cmsis_gcc.h **** {
 835:Drivers/CMSIS/Include/cmsis_gcc.h **** #if ((defined (__FPU_PRESENT) && (__FPU_PRESENT == 1U)) && \
 836:Drivers/CMSIS/Include/cmsis_gcc.h ****      (defined (__FPU_USED   ) && (__FPU_USED    == 1U))     )
 837:Drivers/CMSIS/Include/cmsis_gcc.h **** #if __has_builtin(__builtin_arm_get_fpscr) 
 838:Drivers/CMSIS/Include/cmsis_gcc.h **** // Re-enable using built-in when GCC has been fixed
 839:Drivers/CMSIS/Include/cmsis_gcc.h **** // || (__GNUC__ > 7) || (__GNUC__ == 7 && __GNUC_MINOR__ >= 2)
 840:Drivers/CMSIS/Include/cmsis_gcc.h ****   /* see https://gcc.gnu.org/ml/gcc-patches/2017-04/msg00443.html */
 841:Drivers/CMSIS/Include/cmsis_gcc.h ****   return __builtin_arm_get_fpscr();
 842:Drivers/CMSIS/Include/cmsis_gcc.h **** #else
 843:Drivers/CMSIS/Include/cmsis_gcc.h ****   uint32_t result;
 844:Drivers/CMSIS/Include/cmsis_gcc.h **** 
 845:Drivers/CMSIS/Include/cmsis_gcc.h ****   __ASM volatile ("VMRS %0, fpscr" : "=r" (result) );
 846:Drivers/CMSIS/Include/cmsis_gcc.h ****   return(result);
 847:Drivers/CMSIS/Include/cmsis_gcc.h **** #endif
 848:Drivers/CMSIS/Include/cmsis_gcc.h **** #else
 849:Drivers/CMSIS/Include/cmsis_gcc.h ****   return(0U);
 850:Drivers/CMSIS/Include/cmsis_gcc.h **** #endif
 851:Drivers/CMSIS/Include/cmsis_gcc.h **** }
 852:Drivers/CMSIS/Include/cmsis_gcc.h **** 
 853:Drivers/CMSIS/Include/cmsis_gcc.h **** 
 854:Drivers/CMSIS/Include/cmsis_gcc.h **** /**
 855:Drivers/CMSIS/Include/cmsis_gcc.h ****   \brief   Set FPSCR
 856:Drivers/CMSIS/Include/cmsis_gcc.h ****   \details Assigns the given value to the Floating Point Status/Control register.
 857:Drivers/CMSIS/Include/cmsis_gcc.h ****   \param [in]    fpscr  Floating Point Status/Control value to set
 858:Drivers/CMSIS/Include/cmsis_gcc.h ****  */
 859:Drivers/CMSIS/Include/cmsis_gcc.h **** __STATIC_FORCEINLINE void __set_FPSCR(uint32_t fpscr)
 860:Drivers/CMSIS/Include/cmsis_gcc.h **** {
 861:Drivers/CMSIS/Include/cmsis_gcc.h **** #if ((defined (__FPU_PRESENT) && (__FPU_PRESENT == 1U)) && \
 862:Drivers/CMSIS/Include/cmsis_gcc.h ****      (defined (__FPU_USED   ) && (__FPU_USED    == 1U))     )
 863:Drivers/CMSIS/Include/cmsis_gcc.h **** #if __has_builtin(__builtin_arm_set_fpscr)
 864:Drivers/CMSIS/Include/cmsis_gcc.h **** // Re-enable using built-in when GCC has been fixed
 865:Drivers/CMSIS/Include/cmsis_gcc.h **** // || (__GNUC__ > 7) || (__GNUC__ == 7 && __GNUC_MINOR__ >= 2)
 866:Drivers/CMSIS/Include/cmsis_gcc.h ****   /* see https://gcc.gnu.org/ml/gcc-patches/2017-04/msg00443.html */
 867:Drivers/CMSIS/Include/cmsis_gcc.h ****   __builtin_arm_set_fpscr(fpscr);
 868:Drivers/CMSIS/Include/cmsis_gcc.h **** #else
 869:Drivers/CMSIS/Include/cmsis_gcc.h ****   __ASM volatile ("VMSR fpscr, %0" : : "r" (fpscr) : "vfpcc", "memory");
 870:Drivers/CMSIS/Include/cmsis_gcc.h **** #endif
 871:Drivers/CMSIS/Include/cmsis_gcc.h **** #else
 872:Drivers/CMSIS/Include/cmsis_gcc.h ****   (void)fpscr;
 873:Drivers/CMSIS/Include/cmsis_gcc.h **** #endif
 874:Drivers/CMSIS/Include/cmsis_gcc.h **** }
 875:Drivers/CMSIS/Include/cmsis_gcc.h **** 
 876:Drivers/CMSIS/Include/cmsis_gcc.h **** 
 877:Drivers/CMSIS/Include/cmsis_gcc.h **** /*@} end of CMSIS_Core_RegAccFunctions */
 878:Drivers/CMSIS/Include/cmsis_gcc.h **** 
 879:Drivers/CMSIS/Include/cmsis_gcc.h **** 
 880:Drivers/CMSIS/Include/cmsis_gcc.h **** /* ##########################  Core Instruction Access  ######################### */
 881:Drivers/CMSIS/Include/cmsis_gcc.h **** /** \defgroup CMSIS_Core_InstructionInterface CMSIS Core Instruction Interface
 882:Drivers/CMSIS/Include/cmsis_gcc.h ****   Access to dedicated instructions
ARM GAS   			page 36


 883:Drivers/CMSIS/Include/cmsis_gcc.h ****   @{
 884:Drivers/CMSIS/Include/cmsis_gcc.h **** */
 885:Drivers/CMSIS/Include/cmsis_gcc.h **** 
 886:Drivers/CMSIS/Include/cmsis_gcc.h **** /* Define macros for porting to both thumb1 and thumb2.
 887:Drivers/CMSIS/Include/cmsis_gcc.h ****  * For thumb1, use low register (r0-r7), specified by constraint "l"
 888:Drivers/CMSIS/Include/cmsis_gcc.h ****  * Otherwise, use general registers, specified by constraint "r" */
 889:Drivers/CMSIS/Include/cmsis_gcc.h **** #if defined (__thumb__) && !defined (__thumb2__)
 890:Drivers/CMSIS/Include/cmsis_gcc.h **** #define __CMSIS_GCC_OUT_REG(r) "=l" (r)
 891:Drivers/CMSIS/Include/cmsis_gcc.h **** #define __CMSIS_GCC_RW_REG(r) "+l" (r)
 892:Drivers/CMSIS/Include/cmsis_gcc.h **** #define __CMSIS_GCC_USE_REG(r) "l" (r)
 893:Drivers/CMSIS/Include/cmsis_gcc.h **** #else
 894:Drivers/CMSIS/Include/cmsis_gcc.h **** #define __CMSIS_GCC_OUT_REG(r) "=r" (r)
 895:Drivers/CMSIS/Include/cmsis_gcc.h **** #define __CMSIS_GCC_RW_REG(r) "+r" (r)
 896:Drivers/CMSIS/Include/cmsis_gcc.h **** #define __CMSIS_GCC_USE_REG(r) "r" (r)
 897:Drivers/CMSIS/Include/cmsis_gcc.h **** #endif
 898:Drivers/CMSIS/Include/cmsis_gcc.h **** 
 899:Drivers/CMSIS/Include/cmsis_gcc.h **** /**
 900:Drivers/CMSIS/Include/cmsis_gcc.h ****   \brief   No Operation
 901:Drivers/CMSIS/Include/cmsis_gcc.h ****   \details No Operation does nothing. This instruction can be used for code alignment purposes.
 902:Drivers/CMSIS/Include/cmsis_gcc.h ****  */
 903:Drivers/CMSIS/Include/cmsis_gcc.h **** #define __NOP()                             __ASM volatile ("nop")
 904:Drivers/CMSIS/Include/cmsis_gcc.h **** 
 905:Drivers/CMSIS/Include/cmsis_gcc.h **** /**
 906:Drivers/CMSIS/Include/cmsis_gcc.h ****   \brief   Wait For Interrupt
 907:Drivers/CMSIS/Include/cmsis_gcc.h ****   \details Wait For Interrupt is a hint instruction that suspends execution until one of a number o
 908:Drivers/CMSIS/Include/cmsis_gcc.h ****  */
 909:Drivers/CMSIS/Include/cmsis_gcc.h **** #define __WFI()                             __ASM volatile ("wfi")
 910:Drivers/CMSIS/Include/cmsis_gcc.h **** 
 911:Drivers/CMSIS/Include/cmsis_gcc.h **** 
 912:Drivers/CMSIS/Include/cmsis_gcc.h **** /**
 913:Drivers/CMSIS/Include/cmsis_gcc.h ****   \brief   Wait For Event
 914:Drivers/CMSIS/Include/cmsis_gcc.h ****   \details Wait For Event is a hint instruction that permits the processor to enter
 915:Drivers/CMSIS/Include/cmsis_gcc.h ****            a low-power state until one of a number of events occurs.
 916:Drivers/CMSIS/Include/cmsis_gcc.h ****  */
 917:Drivers/CMSIS/Include/cmsis_gcc.h **** #define __WFE()                             __ASM volatile ("wfe")
 918:Drivers/CMSIS/Include/cmsis_gcc.h **** 
 919:Drivers/CMSIS/Include/cmsis_gcc.h **** 
 920:Drivers/CMSIS/Include/cmsis_gcc.h **** /**
 921:Drivers/CMSIS/Include/cmsis_gcc.h ****   \brief   Send Event
 922:Drivers/CMSIS/Include/cmsis_gcc.h ****   \details Send Event is a hint instruction. It causes an event to be signaled to the CPU.
 923:Drivers/CMSIS/Include/cmsis_gcc.h ****  */
 924:Drivers/CMSIS/Include/cmsis_gcc.h **** #define __SEV()                             __ASM volatile ("sev")
 925:Drivers/CMSIS/Include/cmsis_gcc.h **** 
 926:Drivers/CMSIS/Include/cmsis_gcc.h **** 
 927:Drivers/CMSIS/Include/cmsis_gcc.h **** /**
 928:Drivers/CMSIS/Include/cmsis_gcc.h ****   \brief   Instruction Synchronization Barrier
 929:Drivers/CMSIS/Include/cmsis_gcc.h ****   \details Instruction Synchronization Barrier flushes the pipeline in the processor,
 930:Drivers/CMSIS/Include/cmsis_gcc.h ****            so that all instructions following the ISB are fetched from cache or memory,
 931:Drivers/CMSIS/Include/cmsis_gcc.h ****            after the instruction has been completed.
 932:Drivers/CMSIS/Include/cmsis_gcc.h ****  */
 933:Drivers/CMSIS/Include/cmsis_gcc.h **** __STATIC_FORCEINLINE void __ISB(void)
 311              	 .loc 2 933 27 view .LVU110
 312              	.LBB73:
 934:Drivers/CMSIS/Include/cmsis_gcc.h **** {
 935:Drivers/CMSIS/Include/cmsis_gcc.h ****   __ASM volatile ("isb 0xF":::"memory");
 313              	 .loc 2 935 3 view .LVU111
 314              	 .syntax unified
ARM GAS   			page 37


 315              	
 316 00e2 BFF36F8F 	 isb 0xF
 317              	
 318              	 .thumb
 319              	 .syntax unified
 320              	.LBE73:
 321              	.LBE72:
 739:Drivers/STM32G4xx_HAL_Driver/Src/stm32g4xx_hal_flash.c **** 
 740:Drivers/STM32G4xx_HAL_Driver/Src/stm32g4xx_hal_flash.c ****   /* Program second word */
 741:Drivers/STM32G4xx_HAL_Driver/Src/stm32g4xx_hal_flash.c ****   *(uint32_t *)(Address + 4U) = (uint32_t)(Data >> 32U);
 322              	 .loc 1 741 3 view .LVU112
 323              	.LBE71:
 324              	.LBE70:
 206:Drivers/STM32G4xx_HAL_Driver/Src/stm32g4xx_hal_flash.c ****     }
 325              	 .loc 1 206 16 is_stmt 0 view .LVU113
 326 00e6 0125     	 movs r5,#1
 327              	.LBB75:
 328              	.LBB74:
 329              	 .loc 1 741 33 view .LVU114
 330 00e8 C7F804A0 	 str r10,[r7,#4]
 331              	.LVL28:
 332              	 .loc 1 741 33 view .LVU115
 333              	.LBE74:
 334              	.LBE75:
 206:Drivers/STM32G4xx_HAL_Driver/Src/stm32g4xx_hal_flash.c ****     }
 335              	 .loc 1 206 7 is_stmt 1 view .LVU116
 206:Drivers/STM32G4xx_HAL_Driver/Src/stm32g4xx_hal_flash.c ****     }
 336              	 .loc 1 206 7 is_stmt 0 view .LVU117
 337 00ec C6E7     	 b .L11
 338              	.LVL29:
 339              	.L24:
 340              	.LBB76:
 341              	.LBB68:
 691:Drivers/STM32G4xx_HAL_Driver/Src/stm32g4xx_hal_flash.c ****     }
 342              	 .loc 1 691 14 view .LVU118
 343 00ee 0324     	 movs r4,#3
 344              	.LVL30:
 691:Drivers/STM32G4xx_HAL_Driver/Src/stm32g4xx_hal_flash.c ****     }
 345              	 .loc 1 691 14 view .LVU119
 346 00f0 DDE7     	 b .L17
 347              	.LVL31:
 348              	.L38:
 691:Drivers/STM32G4xx_HAL_Driver/Src/stm32g4xx_hal_flash.c ****     }
 349              	 .loc 1 691 14 view .LVU120
 350              	.LBE68:
 351              	.LBE76:
 352              	.LBB77:
 353              	.LBB61:
 700:Drivers/STM32G4xx_HAL_Driver/Src/stm32g4xx_hal_flash.c **** 
 354              	 .loc 1 700 5 is_stmt 1 view .LVU121
 700:Drivers/STM32G4xx_HAL_Driver/Src/stm32g4xx_hal_flash.c **** 
 355              	 .loc 1 700 11 is_stmt 0 view .LVU122
 356 00f2 D8F80430 	 ldr r3,[r8,#4]
 700:Drivers/STM32G4xx_HAL_Driver/Src/stm32g4xx_hal_flash.c **** 
 357              	 .loc 1 700 22 view .LVU123
 358 00f6 2B43     	 orrs r3,r3,r5
 359 00f8 C8F80430 	 str r3,[r8,#4]
ARM GAS   			page 38


 703:Drivers/STM32G4xx_HAL_Driver/Src/stm32g4xx_hal_flash.c **** 
 360              	 .loc 1 703 5 is_stmt 1 view .LVU124
 703:Drivers/STM32G4xx_HAL_Driver/Src/stm32g4xx_hal_flash.c **** 
 361              	 .loc 1 703 5 view .LVU125
 703:Drivers/STM32G4xx_HAL_Driver/Src/stm32g4xx_hal_flash.c **** 
 362              	 .loc 1 703 5 discriminator 3 view .LVU126
 703:Drivers/STM32G4xx_HAL_Driver/Src/stm32g4xx_hal_flash.c **** 
 363              	 .loc 1 703 5 discriminator 4 view .LVU127
 364              	.LBE61:
 365              	.LBE77:
 185:Drivers/STM32G4xx_HAL_Driver/Src/stm32g4xx_hal_flash.c **** 
 366              	 .loc 1 185 12 is_stmt 0 view .LVU128
 367 00fc 0124     	 movs r4,#1
 368              	.LBB78:
 369              	.LBB62:
 703:Drivers/STM32G4xx_HAL_Driver/Src/stm32g4xx_hal_flash.c **** 
 370              	 .loc 1 703 5 discriminator 4 view .LVU129
 371 00fe 3561     	 str r5,[r6,#16]
 703:Drivers/STM32G4xx_HAL_Driver/Src/stm32g4xx_hal_flash.c **** 
 372              	 .loc 1 703 5 is_stmt 1 discriminator 6 view .LVU130
 705:Drivers/STM32G4xx_HAL_Driver/Src/stm32g4xx_hal_flash.c ****   }
 373              	 .loc 1 705 5 view .LVU131
 374              	.LVL32:
 705:Drivers/STM32G4xx_HAL_Driver/Src/stm32g4xx_hal_flash.c ****   }
 375              	 .loc 1 705 5 is_stmt 0 view .LVU132
 376              	.LBE62:
 377              	.LBE78:
 187:Drivers/STM32G4xx_HAL_Driver/Src/stm32g4xx_hal_flash.c ****   {
 378              	 .loc 1 187 3 is_stmt 1 view .LVU133
 379 0100 DFE7     	 b .L4
 380              	.LVL33:
 381              	.L40:
 211:Drivers/STM32G4xx_HAL_Driver/Src/stm32g4xx_hal_flash.c **** 
 382              	 .loc 1 211 7 view .LVU134
 383              	.LBB79:
 384              	.LBI79:
 742:Drivers/STM32G4xx_HAL_Driver/Src/stm32g4xx_hal_flash.c **** }
 743:Drivers/STM32G4xx_HAL_Driver/Src/stm32g4xx_hal_flash.c **** 
 744:Drivers/STM32G4xx_HAL_Driver/Src/stm32g4xx_hal_flash.c **** /**
 745:Drivers/STM32G4xx_HAL_Driver/Src/stm32g4xx_hal_flash.c ****   * @brief  Fast program a row double-word (64-bit) at a specified address.
 746:Drivers/STM32G4xx_HAL_Driver/Src/stm32g4xx_hal_flash.c ****   * @param  Address specifies the address to be programmed.
 747:Drivers/STM32G4xx_HAL_Driver/Src/stm32g4xx_hal_flash.c ****   * @param  DataAddress specifies the address where the data are stored.
 748:Drivers/STM32G4xx_HAL_Driver/Src/stm32g4xx_hal_flash.c ****   * @retval None
 749:Drivers/STM32G4xx_HAL_Driver/Src/stm32g4xx_hal_flash.c ****   */
 750:Drivers/STM32G4xx_HAL_Driver/Src/stm32g4xx_hal_flash.c **** static void FLASH_Program_Fast(uint32_t Address, uint32_t DataAddress)
 385              	 .loc 1 750 13 view .LVU135
 386              	.LBB80:
 751:Drivers/STM32G4xx_HAL_Driver/Src/stm32g4xx_hal_flash.c **** {
 752:Drivers/STM32G4xx_HAL_Driver/Src/stm32g4xx_hal_flash.c ****   uint8_t row_index = (2 * FLASH_NB_DOUBLE_WORDS_IN_ROW);
 387              	 .loc 1 752 3 view .LVU136
 753:Drivers/STM32G4xx_HAL_Driver/Src/stm32g4xx_hal_flash.c ****   uint32_t *dest_addr = (uint32_t *)Address;
 388              	 .loc 1 753 3 view .LVU137
 754:Drivers/STM32G4xx_HAL_Driver/Src/stm32g4xx_hal_flash.c ****   uint32_t *src_addr = (uint32_t *)DataAddress;
 389              	 .loc 1 754 3 view .LVU138
 755:Drivers/STM32G4xx_HAL_Driver/Src/stm32g4xx_hal_flash.c ****   uint32_t primask_bit;
 390              	 .loc 1 755 3 view .LVU139
 756:Drivers/STM32G4xx_HAL_Driver/Src/stm32g4xx_hal_flash.c **** 
ARM GAS   			page 39


 757:Drivers/STM32G4xx_HAL_Driver/Src/stm32g4xx_hal_flash.c ****   /* Check the parameters */
 758:Drivers/STM32G4xx_HAL_Driver/Src/stm32g4xx_hal_flash.c ****   assert_param(IS_FLASH_MAIN_MEM_ADDRESS(Address));
 391              	 .loc 1 758 3 view .LVU140
 759:Drivers/STM32G4xx_HAL_Driver/Src/stm32g4xx_hal_flash.c **** 
 760:Drivers/STM32G4xx_HAL_Driver/Src/stm32g4xx_hal_flash.c ****   /* Set FSTPG bit */
 761:Drivers/STM32G4xx_HAL_Driver/Src/stm32g4xx_hal_flash.c ****   SET_BIT(FLASH->CR, FLASH_CR_FSTPG);
 392              	 .loc 1 761 3 view .LVU141
 393 0102 194A     	 ldr r2,.L42
 394 0104 5369     	 ldr r3,[r2,#20]
 395 0106 43F48023 	 orr r3,r3,#262144
 396 010a 5361     	 str r3,[r2,#20]
 762:Drivers/STM32G4xx_HAL_Driver/Src/stm32g4xx_hal_flash.c **** 
 763:Drivers/STM32G4xx_HAL_Driver/Src/stm32g4xx_hal_flash.c ****   /* Enter critical section: Disable interrupts to avoid any interruption during the loop */
 764:Drivers/STM32G4xx_HAL_Driver/Src/stm32g4xx_hal_flash.c ****   primask_bit = __get_PRIMASK();
 397              	 .loc 1 764 3 view .LVU142
 398              	.LBB81:
 399              	.LBI81:
 449:Drivers/CMSIS/Include/cmsis_gcc.h **** {
 400              	 .loc 2 449 31 view .LVU143
 401              	.LBB82:
 451:Drivers/CMSIS/Include/cmsis_gcc.h **** 
 402              	 .loc 2 451 3 view .LVU144
 453:Drivers/CMSIS/Include/cmsis_gcc.h ****   return(result);
 403              	 .loc 2 453 3 view .LVU145
 404              	 .syntax unified
 405              	
 406 010c EFF31085 	 MRS r5,primask
 407              	
 408              	.LVL34:
 454:Drivers/CMSIS/Include/cmsis_gcc.h **** }
 409              	 .loc 2 454 3 view .LVU146
 454:Drivers/CMSIS/Include/cmsis_gcc.h **** }
 410              	 .loc 2 454 3 is_stmt 0 view .LVU147
 411              	 .thumb
 412              	 .syntax unified
 413              	.LBE82:
 414              	.LBE81:
 765:Drivers/STM32G4xx_HAL_Driver/Src/stm32g4xx_hal_flash.c ****   __disable_irq();
 415              	 .loc 1 765 3 is_stmt 1 view .LVU148
 416              	.LBB83:
 417              	.LBI83:
 207:Drivers/CMSIS/Include/cmsis_gcc.h **** {
 418              	 .loc 2 207 27 view .LVU149
 419              	.LBB84:
 209:Drivers/CMSIS/Include/cmsis_gcc.h **** }
 420              	 .loc 2 209 3 view .LVU150
 421              	 .syntax unified
 422              	
 423 0110 72B6     	 cpsid i
 424              	
 425              	 .thumb
 426              	 .syntax unified
 427 0112 231D     	 adds r3,r4,#4
 428 0114 9F42     	 cmp r7,r3
 429 0116 1ED0     	 beq .L12
 430 0118 2346     	 mov r3,r4
 431 011a FF1A     	 subs r7,r7,r3
ARM GAS   			page 40


 432              	.LVL35:
 209:Drivers/CMSIS/Include/cmsis_gcc.h **** }
 433              	 .loc 2 209 3 is_stmt 0 view .LVU151
 434 011c 04F58074 	 add r4,r4,#256
 435              	.LVL36:
 436              	.L13:
 209:Drivers/CMSIS/Include/cmsis_gcc.h **** }
 437              	 .loc 2 209 3 view .LVU152
 438              	.LBE84:
 439              	.LBE83:
 766:Drivers/STM32G4xx_HAL_Driver/Src/stm32g4xx_hal_flash.c **** 
 767:Drivers/STM32G4xx_HAL_Driver/Src/stm32g4xx_hal_flash.c ****   /* Program the double words of the row */
 768:Drivers/STM32G4xx_HAL_Driver/Src/stm32g4xx_hal_flash.c ****   do
 440              	 .loc 1 768 3 is_stmt 1 view .LVU153
 769:Drivers/STM32G4xx_HAL_Driver/Src/stm32g4xx_hal_flash.c ****   {
 770:Drivers/STM32G4xx_HAL_Driver/Src/stm32g4xx_hal_flash.c ****     *dest_addr = *src_addr;
 441              	 .loc 1 770 5 view .LVU154
 442              	 .loc 1 770 18 is_stmt 0 view .LVU155
 443 0120 1868     	 ldr r0,[r3]
 444 0122 5968     	 ldr r1,[r3,#4]
 445              	 .loc 1 770 16 view .LVU156
 446 0124 F850     	 str r0,[r7,r3]
 447 0126 FA18     	 adds r2,r7,r3
 448 0128 0833     	 adds r3,r3,#8
 449 012a A342     	 cmp r3,r4
 450 012c 5160     	 str r1,[r2,#4]
 771:Drivers/STM32G4xx_HAL_Driver/Src/stm32g4xx_hal_flash.c ****     dest_addr++;
 451              	 .loc 1 771 5 is_stmt 1 view .LVU157
 772:Drivers/STM32G4xx_HAL_Driver/Src/stm32g4xx_hal_flash.c ****     src_addr++;
 452              	 .loc 1 772 5 view .LVU158
 773:Drivers/STM32G4xx_HAL_Driver/Src/stm32g4xx_hal_flash.c ****     row_index--;
 453              	 .loc 1 773 5 view .LVU159
 774:Drivers/STM32G4xx_HAL_Driver/Src/stm32g4xx_hal_flash.c ****   }
 775:Drivers/STM32G4xx_HAL_Driver/Src/stm32g4xx_hal_flash.c ****   while (row_index != 0U);
 454              	 .loc 1 775 20 discriminator 1 view .LVU160
 455 012e F7D1     	 bne .L13
 456              	.LVL37:
 457              	.L14:
 776:Drivers/STM32G4xx_HAL_Driver/Src/stm32g4xx_hal_flash.c **** 
 777:Drivers/STM32G4xx_HAL_Driver/Src/stm32g4xx_hal_flash.c ****   /* Exit critical section: restore previous priority mask */
 778:Drivers/STM32G4xx_HAL_Driver/Src/stm32g4xx_hal_flash.c ****   __set_PRIMASK(primask_bit);
 458              	 .loc 1 778 3 view .LVU161
 459              	.LBB85:
 460              	.LBI85:
 479:Drivers/CMSIS/Include/cmsis_gcc.h **** {
 461              	 .loc 2 479 27 view .LVU162
 462              	.LBB86:
 481:Drivers/CMSIS/Include/cmsis_gcc.h **** }
 463              	 .loc 2 481 3 view .LVU163
 464              	 .syntax unified
 465              	
 466 0130 85F31088 	 MSR primask,r5
 467              	
 468              	.LVL38:
 481:Drivers/CMSIS/Include/cmsis_gcc.h **** }
 469              	 .loc 2 481 3 is_stmt 0 view .LVU164
 470              	 .thumb
ARM GAS   			page 41


 471              	 .syntax unified
 472              	.LBE86:
 473              	.LBE85:
 474              	.LBE80:
 475              	.LBE79:
 214:Drivers/STM32G4xx_HAL_Driver/Src/stm32g4xx_hal_flash.c ****       {
 476              	 .loc 1 214 7 is_stmt 1 view .LVU165
 214:Drivers/STM32G4xx_HAL_Driver/Src/stm32g4xx_hal_flash.c ****       {
 477              	 .loc 1 214 10 is_stmt 0 view .LVU166
 478 0134 A9F10209 	 sub r9,r9,#2
 479              	.LVL39:
 214:Drivers/STM32G4xx_HAL_Driver/Src/stm32g4xx_hal_flash.c ****       {
 480              	 .loc 1 214 10 view .LVU167
 481 0138 B9FA89F9 	 clz r9,r9
 482              	.LVL40:
 214:Drivers/STM32G4xx_HAL_Driver/Src/stm32g4xx_hal_flash.c ****       {
 483              	 .loc 1 214 10 view .LVU168
 484 013c 4FEA5919 	 lsr r9,r9,#5
 485 0140 4FEA8945 	 lsl r5,r9,#18
 486 0144 9AE7     	 b .L11
 487              	.LVL41:
 488              	.L41:
 489              	.LBB88:
 490              	.LBB69:
 700:Drivers/STM32G4xx_HAL_Driver/Src/stm32g4xx_hal_flash.c **** 
 491              	 .loc 1 700 5 is_stmt 1 view .LVU169
 700:Drivers/STM32G4xx_HAL_Driver/Src/stm32g4xx_hal_flash.c **** 
 492              	 .loc 1 700 11 is_stmt 0 view .LVU170
 493 0146 D8F80420 	 ldr r2,[r8,#4]
 700:Drivers/STM32G4xx_HAL_Driver/Src/stm32g4xx_hal_flash.c **** 
 494              	 .loc 1 700 22 view .LVU171
 495 014a 1A43     	 orrs r2,r2,r3
 496 014c C8F80420 	 str r2,[r8,#4]
 703:Drivers/STM32G4xx_HAL_Driver/Src/stm32g4xx_hal_flash.c **** 
 497              	 .loc 1 703 5 is_stmt 1 view .LVU172
 703:Drivers/STM32G4xx_HAL_Driver/Src/stm32g4xx_hal_flash.c **** 
 498              	 .loc 1 703 5 view .LVU173
 703:Drivers/STM32G4xx_HAL_Driver/Src/stm32g4xx_hal_flash.c **** 
 499              	 .loc 1 703 5 discriminator 3 view .LVU174
 703:Drivers/STM32G4xx_HAL_Driver/Src/stm32g4xx_hal_flash.c **** 
 500              	 .loc 1 703 5 discriminator 4 view .LVU175
 705:Drivers/STM32G4xx_HAL_Driver/Src/stm32g4xx_hal_flash.c ****   }
 501              	 .loc 1 705 12 is_stmt 0 view .LVU176
 502 0150 0124     	 movs r4,#1
 503              	.LVL42:
 703:Drivers/STM32G4xx_HAL_Driver/Src/stm32g4xx_hal_flash.c **** 
 504              	 .loc 1 703 5 discriminator 4 view .LVU177
 505 0152 3361     	 str r3,[r6,#16]
 703:Drivers/STM32G4xx_HAL_Driver/Src/stm32g4xx_hal_flash.c **** 
 506              	 .loc 1 703 5 is_stmt 1 discriminator 6 view .LVU178
 705:Drivers/STM32G4xx_HAL_Driver/Src/stm32g4xx_hal_flash.c ****   }
 507              	 .loc 1 705 5 view .LVU179
 705:Drivers/STM32G4xx_HAL_Driver/Src/stm32g4xx_hal_flash.c ****   }
 508              	 .loc 1 705 12 is_stmt 0 view .LVU180
 509 0154 ABE7     	 b .L17
 510              	.LVL43:
 511              	.L12:
ARM GAS   			page 42


 705:Drivers/STM32G4xx_HAL_Driver/Src/stm32g4xx_hal_flash.c ****   }
 512              	 .loc 1 705 12 view .LVU181
 513 0156 3F1B     	 subs r7,r7,r4
 514              	.LVL44:
 705:Drivers/STM32G4xx_HAL_Driver/Src/stm32g4xx_hal_flash.c ****   }
 515              	 .loc 1 705 12 view .LVU182
 516 0158 04F58072 	 add r2,r4,#256
 517              	.LVL45:
 518              	.L15:
 705:Drivers/STM32G4xx_HAL_Driver/Src/stm32g4xx_hal_flash.c ****   }
 519              	 .loc 1 705 12 view .LVU183
 520              	.LBE69:
 521              	.LBE88:
 522              	.LBB89:
 523              	.LBB87:
 768:Drivers/STM32G4xx_HAL_Driver/Src/stm32g4xx_hal_flash.c ****   {
 524              	 .loc 1 768 3 is_stmt 1 view .LVU184
 770:Drivers/STM32G4xx_HAL_Driver/Src/stm32g4xx_hal_flash.c ****     dest_addr++;
 525              	 .loc 1 770 5 view .LVU185
 770:Drivers/STM32G4xx_HAL_Driver/Src/stm32g4xx_hal_flash.c ****     dest_addr++;
 526              	 .loc 1 770 18 is_stmt 0 view .LVU186
 527 015c 2368     	 ldr r3,[r4]
 770:Drivers/STM32G4xx_HAL_Driver/Src/stm32g4xx_hal_flash.c ****     dest_addr++;
 528              	 .loc 1 770 16 view .LVU187
 529 015e E351     	 str r3,[r4,r7]
 771:Drivers/STM32G4xx_HAL_Driver/Src/stm32g4xx_hal_flash.c ****     src_addr++;
 530              	 .loc 1 771 5 is_stmt 1 view .LVU188
 531              	.LVL46:
 772:Drivers/STM32G4xx_HAL_Driver/Src/stm32g4xx_hal_flash.c ****     row_index--;
 532              	 .loc 1 772 5 view .LVU189
 772:Drivers/STM32G4xx_HAL_Driver/Src/stm32g4xx_hal_flash.c ****     row_index--;
 533              	 .loc 1 772 13 is_stmt 0 view .LVU190
 534 0160 0434     	 adds r4,r4,#4
 535              	.LVL47:
 773:Drivers/STM32G4xx_HAL_Driver/Src/stm32g4xx_hal_flash.c ****   }
 536              	 .loc 1 773 5 is_stmt 1 view .LVU191
 775:Drivers/STM32G4xx_HAL_Driver/Src/stm32g4xx_hal_flash.c **** 
 537              	 .loc 1 775 20 discriminator 1 view .LVU192
 538 0162 A242     	 cmp r2,r4
 539 0164 FAD1     	 bne .L15
 540 0166 E3E7     	 b .L14
 541              	.L43:
 542              	 .align 2
 543              	.L42:
 544 0168 00200240 	 .word 1073881088
 545 016c 00000000 	 .word pFlash
 546              	.LBE87:
 547              	.LBE89:
 548              	 .cfi_endproc
 549              	.LFE361:
 551              	 .section .text.HAL_FLASH_Program_IT,"ax",%progbits
 552              	 .align 1
 553              	 .p2align 2,,3
 554              	 .global HAL_FLASH_Program_IT
 555              	 .syntax unified
 556              	 .thumb
 557              	 .thumb_func
ARM GAS   			page 43


 559              	HAL_FLASH_Program_IT:
 560              	.LVL48:
 561              	.LFB362:
 256:Drivers/STM32G4xx_HAL_Driver/Src/stm32g4xx_hal_flash.c ****   HAL_StatusTypeDef status;
 562              	 .loc 1 256 1 view-0
 563              	 .cfi_startproc
 564              	 
 565              	 
 256:Drivers/STM32G4xx_HAL_Driver/Src/stm32g4xx_hal_flash.c ****   HAL_StatusTypeDef status;
 566              	 .loc 1 256 1 is_stmt 0 view .LVU194
 567 0000 2DE9F047 	 push {r4,r5,r6,r7,r8,r9,r10,lr}
 568              	 .cfi_def_cfa_offset 32
 569              	 .cfi_offset 4,-32
 570              	 .cfi_offset 5,-28
 571              	 .cfi_offset 6,-24
 572              	 .cfi_offset 7,-20
 573              	 .cfi_offset 8,-16
 574              	 .cfi_offset 9,-12
 575              	 .cfi_offset 10,-8
 576              	 .cfi_offset 14,-4
 263:Drivers/STM32G4xx_HAL_Driver/Src/stm32g4xx_hal_flash.c **** 
 577              	 .loc 1 263 3 view .LVU195
 578 0004 DFF83081 	 ldr r8,.L72+4
 257:Drivers/STM32G4xx_HAL_Driver/Src/stm32g4xx_hal_flash.c **** 
 579              	 .loc 1 257 3 is_stmt 1 view .LVU196
 260:Drivers/STM32G4xx_HAL_Driver/Src/stm32g4xx_hal_flash.c **** 
 580              	 .loc 1 260 3 view .LVU197
 263:Drivers/STM32G4xx_HAL_Driver/Src/stm32g4xx_hal_flash.c **** 
 581              	 .loc 1 263 3 view .LVU198
 263:Drivers/STM32G4xx_HAL_Driver/Src/stm32g4xx_hal_flash.c **** 
 582              	 .loc 1 263 3 view .LVU199
 256:Drivers/STM32G4xx_HAL_Driver/Src/stm32g4xx_hal_flash.c ****   HAL_StatusTypeDef status;
 583              	 .loc 1 256 1 is_stmt 0 view .LVU200
 584 0008 9A46     	 mov r10,r3
 263:Drivers/STM32G4xx_HAL_Driver/Src/stm32g4xx_hal_flash.c **** 
 585              	 .loc 1 263 3 view .LVU201
 586 000a 98F80030 	 ldrb r3,[r8]
 587 000e 012B     	 cmp r3,#1
 588 0010 00F08480 	 beq .L61
 263:Drivers/STM32G4xx_HAL_Driver/Src/stm32g4xx_hal_flash.c **** 
 589              	 .loc 1 263 3 is_stmt 1 discriminator 2 view .LVU202
 590 0014 0123     	 movs r3,#1
 591 0016 88F80030 	 strb r3,[r8]
 263:Drivers/STM32G4xx_HAL_Driver/Src/stm32g4xx_hal_flash.c **** 
 592              	 .loc 1 263 3 view .LVU203
 266:Drivers/STM32G4xx_HAL_Driver/Src/stm32g4xx_hal_flash.c **** 
 593              	 .loc 1 266 3 view .LVU204
 594 001a 1446     	 mov r4,r2
 266:Drivers/STM32G4xx_HAL_Driver/Src/stm32g4xx_hal_flash.c **** 
 595              	 .loc 1 266 20 is_stmt 0 view .LVU205
 596 001c 0023     	 movs r3,#0
 269:Drivers/STM32G4xx_HAL_Driver/Src/stm32g4xx_hal_flash.c ****   {
 597              	 .loc 1 269 6 view .LVU206
 598 001e 454A     	 ldr r2,.L72
 599              	.LVL49:
 266:Drivers/STM32G4xx_HAL_Driver/Src/stm32g4xx_hal_flash.c **** 
 600              	 .loc 1 266 20 view .LVU207
ARM GAS   			page 44


 601 0020 C8F80430 	 str r3,[r8,#4]
 269:Drivers/STM32G4xx_HAL_Driver/Src/stm32g4xx_hal_flash.c ****   {
 602              	 .loc 1 269 3 is_stmt 1 view .LVU208
 269:Drivers/STM32G4xx_HAL_Driver/Src/stm32g4xx_hal_flash.c ****   {
 603              	 .loc 1 269 6 is_stmt 0 view .LVU209
 604 0024 1368     	 ldr r3,[r2]
 605              	.LBB106:
 606              	.LBB107:
 687:Drivers/STM32G4xx_HAL_Driver/Src/stm32g4xx_hal_flash.c ****   {
 607              	 .loc 1 687 10 view .LVU210
 608 0026 434E     	 ldr r6,.L72
 609              	.LBE107:
 610              	.LBE106:
 269:Drivers/STM32G4xx_HAL_Driver/Src/stm32g4xx_hal_flash.c ****   {
 611              	 .loc 1 269 5 view .LVU211
 612 0028 13F48063 	 ands r3,r3,#1024
 272:Drivers/STM32G4xx_HAL_Driver/Src/stm32g4xx_hal_flash.c ****     pFlash.CacheToReactivate = FLASH_CACHE_DCACHE_ENABLED;
 613              	 .loc 1 272 5 is_stmt 1 view .LVU212
 614 002c 1FBF     	 itttt ne
 615 002e 1368     	 ldrne r3,[r2]
 616 0030 23F48063 	 bicne r3,r3,#1024
 617 0034 1360     	 strne r3,[r2]
 273:Drivers/STM32G4xx_HAL_Driver/Src/stm32g4xx_hal_flash.c ****   }
 618              	 .loc 1 273 5 view .LVU213
 273:Drivers/STM32G4xx_HAL_Driver/Src/stm32g4xx_hal_flash.c ****   }
 619              	 .loc 1 273 30 is_stmt 0 view .LVU214
 620 0036 0223     	 movne r3,#2
 277:Drivers/STM32G4xx_HAL_Driver/Src/stm32g4xx_hal_flash.c ****   }
 621              	 .loc 1 277 5 is_stmt 1 view .LVU215
 277:Drivers/STM32G4xx_HAL_Driver/Src/stm32g4xx_hal_flash.c ****   }
 622              	 .loc 1 277 30 is_stmt 0 view .LVU216
 623 0038 88F81C30 	 strb r3,[r8,#28]
 281:Drivers/STM32G4xx_HAL_Driver/Src/stm32g4xx_hal_flash.c **** 
 624              	 .loc 1 281 3 is_stmt 1 view .LVU217
 625              	.LVL50:
 626              	.LBB119:
 627              	.LBI106:
 678:Drivers/STM32G4xx_HAL_Driver/Src/stm32g4xx_hal_flash.c **** {
 628              	 .loc 1 678 19 view .LVU218
 629              	.LBB114:
 684:Drivers/STM32G4xx_HAL_Driver/Src/stm32g4xx_hal_flash.c ****   uint32_t error;
 630              	 .loc 1 684 3 view .LVU219
 631 003c 8146     	 mov r9,r0
 632 003e 0F46     	 mov r7,r1
 684:Drivers/STM32G4xx_HAL_Driver/Src/stm32g4xx_hal_flash.c ****   uint32_t error;
 633              	 .loc 1 684 24 is_stmt 0 view .LVU220
 634 0040 FFF7FEFF 	 bl HAL_GetTick
 635              	.LVL51:
 684:Drivers/STM32G4xx_HAL_Driver/Src/stm32g4xx_hal_flash.c ****   uint32_t error;
 636              	 .loc 1 684 24 view .LVU221
 637 0044 0546     	 mov r5,r0
 638              	.LVL52:
 685:Drivers/STM32G4xx_HAL_Driver/Src/stm32g4xx_hal_flash.c **** 
 639              	 .loc 1 685 3 is_stmt 1 view .LVU222
 687:Drivers/STM32G4xx_HAL_Driver/Src/stm32g4xx_hal_flash.c ****   {
 640              	 .loc 1 687 3 view .LVU223
 687:Drivers/STM32G4xx_HAL_Driver/Src/stm32g4xx_hal_flash.c ****   {
ARM GAS   			page 45


 641              	 .loc 1 687 9 is_stmt 0 view .LVU224
 642 0046 05E0     	 b .L48
 643              	.LVL53:
 644              	.L50:
 689:Drivers/STM32G4xx_HAL_Driver/Src/stm32g4xx_hal_flash.c ****     {
 645              	 .loc 1 689 10 view .LVU225
 646 0048 FFF7FEFF 	 bl HAL_GetTick
 647              	.LVL54:
 689:Drivers/STM32G4xx_HAL_Driver/Src/stm32g4xx_hal_flash.c ****     {
 648              	 .loc 1 689 24 discriminator 1 view .LVU226
 649 004c 401B     	 subs r0,r0,r5
 689:Drivers/STM32G4xx_HAL_Driver/Src/stm32g4xx_hal_flash.c ****     {
 650              	 .loc 1 689 8 discriminator 1 view .LVU227
 651 004e B0F57A7F 	 cmp r0,#1000
 652 0052 26D8     	 bhi .L62
 653              	.L48:
 689:Drivers/STM32G4xx_HAL_Driver/Src/stm32g4xx_hal_flash.c ****     {
 654              	 .loc 1 689 5 is_stmt 1 view .LVU228
 687:Drivers/STM32G4xx_HAL_Driver/Src/stm32g4xx_hal_flash.c ****   {
 655              	 .loc 1 687 10 view .LVU229
 656 0054 3369     	 ldr r3,[r6,#16]
 657 0056 DA03     	 lsls r2,r3,#15
 658 0058 F6D4     	 bmi .L50
 696:Drivers/STM32G4xx_HAL_Driver/Src/stm32g4xx_hal_flash.c ****   if (error != 0u)
 659              	 .loc 1 696 3 view .LVU230
 696:Drivers/STM32G4xx_HAL_Driver/Src/stm32g4xx_hal_flash.c ****   if (error != 0u)
 660              	 .loc 1 696 17 is_stmt 0 view .LVU231
 661 005a 3369     	 ldr r3,[r6,#16]
 696:Drivers/STM32G4xx_HAL_Driver/Src/stm32g4xx_hal_flash.c ****   if (error != 0u)
 662              	 .loc 1 696 9 view .LVU232
 663 005c 4CF2FA32 	 movw r2,#50170
 664              	.LVL55:
 697:Drivers/STM32G4xx_HAL_Driver/Src/stm32g4xx_hal_flash.c ****   {
 665              	 .loc 1 697 3 is_stmt 1 view .LVU233
 697:Drivers/STM32G4xx_HAL_Driver/Src/stm32g4xx_hal_flash.c ****   {
 666              	 .loc 1 697 6 is_stmt 0 view .LVU234
 667 0060 1340     	 ands r3,r3,r2
 668              	.LVL56:
 697:Drivers/STM32G4xx_HAL_Driver/Src/stm32g4xx_hal_flash.c ****   {
 669              	 .loc 1 697 6 view .LVU235
 670 0062 53D1     	 bne .L69
 671              	.LBB108:
 672              	.LBI108:
 678:Drivers/STM32G4xx_HAL_Driver/Src/stm32g4xx_hal_flash.c **** {
 673              	 .loc 1 678 19 is_stmt 1 view .LVU236
 674              	.LVL57:
 675              	.LBB109:
 709:Drivers/STM32G4xx_HAL_Driver/Src/stm32g4xx_hal_flash.c ****   {
 676              	 .loc 1 709 3 view .LVU237
 709:Drivers/STM32G4xx_HAL_Driver/Src/stm32g4xx_hal_flash.c ****   {
 677              	 .loc 1 709 7 is_stmt 0 view .LVU238
 678 0064 3369     	 ldr r3,[r6,#16]
 679              	.LVL58:
 709:Drivers/STM32G4xx_HAL_Driver/Src/stm32g4xx_hal_flash.c ****   {
 680              	 .loc 1 709 6 view .LVU239
 681 0066 DB07     	 lsls r3,r3,#31
 682 0068 21D4     	 bmi .L70
ARM GAS   			page 46


 683              	.LVL59:
 709:Drivers/STM32G4xx_HAL_Driver/Src/stm32g4xx_hal_flash.c ****   {
 684              	 .loc 1 709 6 view .LVU240
 685              	.LBE109:
 686              	.LBE108:
 687              	.LBE114:
 688              	.LBE119:
 291:Drivers/STM32G4xx_HAL_Driver/Src/stm32g4xx_hal_flash.c ****     {
 689              	 .loc 1 291 5 is_stmt 1 view .LVU241
 291:Drivers/STM32G4xx_HAL_Driver/Src/stm32g4xx_hal_flash.c ****     {
 690              	 .loc 1 291 8 is_stmt 0 view .LVU242
 691 006a B9F1020F 	 cmp r9,#2
 692 006e 23D0     	 beq .L71
 693              	.L53:
 297:Drivers/STM32G4xx_HAL_Driver/Src/stm32g4xx_hal_flash.c ****     }
 694              	 .loc 1 297 7 is_stmt 1 view .LVU243
 302:Drivers/STM32G4xx_HAL_Driver/Src/stm32g4xx_hal_flash.c **** 
 695              	 .loc 1 302 5 is_stmt 0 discriminator 4 view .LVU244
 696 0070 304B     	 ldr r3,.L72
 297:Drivers/STM32G4xx_HAL_Driver/Src/stm32g4xx_hal_flash.c ****     }
 697              	 .loc 1 297 31 view .LVU245
 698 0072 0322     	 movs r2,#3
 699 0074 88F80820 	 strb r2,[r8,#8]
 299:Drivers/STM32G4xx_HAL_Driver/Src/stm32g4xx_hal_flash.c **** 
 700              	 .loc 1 299 5 is_stmt 1 view .LVU246
 299:Drivers/STM32G4xx_HAL_Driver/Src/stm32g4xx_hal_flash.c **** 
 701              	 .loc 1 299 20 is_stmt 0 view .LVU247
 702 0078 C8F80C70 	 str r7,[r8,#12]
 302:Drivers/STM32G4xx_HAL_Driver/Src/stm32g4xx_hal_flash.c **** 
 703              	 .loc 1 302 5 is_stmt 1 view .LVU248
 302:Drivers/STM32G4xx_HAL_Driver/Src/stm32g4xx_hal_flash.c **** 
 704              	 .loc 1 302 5 view .LVU249
 302:Drivers/STM32G4xx_HAL_Driver/Src/stm32g4xx_hal_flash.c **** 
 705              	 .loc 1 302 5 discriminator 3 view .LVU250
 302:Drivers/STM32G4xx_HAL_Driver/Src/stm32g4xx_hal_flash.c **** 
 706              	 .loc 1 302 5 discriminator 4 view .LVU251
 707 007c 5A69     	 ldr r2,[r3,#20]
 708 007e 42F04072 	 orr r2,r2,#50331648
 709 0082 5A61     	 str r2,[r3,#20]
 302:Drivers/STM32G4xx_HAL_Driver/Src/stm32g4xx_hal_flash.c **** 
 710              	 .loc 1 302 5 discriminator 6 view .LVU252
 304:Drivers/STM32G4xx_HAL_Driver/Src/stm32g4xx_hal_flash.c ****     {
 711              	 .loc 1 304 5 view .LVU253
 304:Drivers/STM32G4xx_HAL_Driver/Src/stm32g4xx_hal_flash.c ****     {
 712              	 .loc 1 304 8 is_stmt 0 view .LVU254
 713 0084 B9F1000F 	 cmp r9,#0
 714 0088 3AD1     	 bne .L55
 307:Drivers/STM32G4xx_HAL_Driver/Src/stm32g4xx_hal_flash.c ****     }
 715              	 .loc 1 307 7 is_stmt 1 view .LVU255
 716              	.LVL60:
 717              	.LBB120:
 718              	.LBI120:
 725:Drivers/STM32G4xx_HAL_Driver/Src/stm32g4xx_hal_flash.c **** {
 719              	 .loc 1 725 13 view .LVU256
 720              	.LBB121:
 728:Drivers/STM32G4xx_HAL_Driver/Src/stm32g4xx_hal_flash.c **** 
 721              	 .loc 1 728 3 view .LVU257
ARM GAS   			page 47


 731:Drivers/STM32G4xx_HAL_Driver/Src/stm32g4xx_hal_flash.c **** 
 722              	 .loc 1 731 3 view .LVU258
 723 008a 5A69     	 ldr r2,[r3,#20]
 724 008c 42F00102 	 orr r2,r2,#1
 725 0090 5A61     	 str r2,[r3,#20]
 734:Drivers/STM32G4xx_HAL_Driver/Src/stm32g4xx_hal_flash.c **** 
 726              	 .loc 1 734 3 view .LVU259
 734:Drivers/STM32G4xx_HAL_Driver/Src/stm32g4xx_hal_flash.c **** 
 727              	 .loc 1 734 26 is_stmt 0 view .LVU260
 728 0092 3C60     	 str r4,[r7]
 738:Drivers/STM32G4xx_HAL_Driver/Src/stm32g4xx_hal_flash.c **** 
 729              	 .loc 1 738 3 is_stmt 1 view .LVU261
 730              	.LBB122:
 731              	.LBI122:
 933:Drivers/CMSIS/Include/cmsis_gcc.h **** {
 732              	 .loc 2 933 27 view .LVU262
 733              	.LBB123:
 734              	 .loc 2 935 3 view .LVU263
 735              	 .syntax unified
 736              	
 737 0094 BFF36F8F 	 isb 0xF
 738              	
 739              	 .thumb
 740              	 .syntax unified
 741              	.LBE123:
 742              	.LBE122:
 741:Drivers/STM32G4xx_HAL_Driver/Src/stm32g4xx_hal_flash.c **** }
 743              	 .loc 1 741 3 view .LVU264
 741:Drivers/STM32G4xx_HAL_Driver/Src/stm32g4xx_hal_flash.c **** }
 744              	 .loc 1 741 33 is_stmt 0 view .LVU265
 745 0098 C7F804A0 	 str r10,[r7,#4]
 746              	.LVL61:
 747              	.L56:
 741:Drivers/STM32G4xx_HAL_Driver/Src/stm32g4xx_hal_flash.c **** }
 748              	 .loc 1 741 33 view .LVU266
 749              	.LBE121:
 750              	.LBE120:
 320:Drivers/STM32G4xx_HAL_Driver/Src/stm32g4xx_hal_flash.c **** }
 751              	 .loc 1 320 10 view .LVU267
 752 009c 0020     	 movs r0,#0
 321:Drivers/STM32G4xx_HAL_Driver/Src/stm32g4xx_hal_flash.c **** 
 753              	 .loc 1 321 1 view .LVU268
 754 009e BDE8F087 	 pop {r4,r5,r6,r7,r8,r9,r10,pc}
 755              	.LVL62:
 756              	.L62:
 757              	.LBB124:
 758              	.LBB115:
 321:Drivers/STM32G4xx_HAL_Driver/Src/stm32g4xx_hal_flash.c **** 
 759              	 .loc 1 321 1 view .LVU269
 760 00a2 0320     	 movs r0,#3
 761              	.LVL63:
 762              	.L49:
 321:Drivers/STM32G4xx_HAL_Driver/Src/stm32g4xx_hal_flash.c **** 
 763              	 .loc 1 321 1 view .LVU270
 764              	.LBE115:
 765              	.LBE124:
 286:Drivers/STM32G4xx_HAL_Driver/Src/stm32g4xx_hal_flash.c ****   }
ARM GAS   			page 48


 766              	 .loc 1 286 5 is_stmt 1 view .LVU271
 286:Drivers/STM32G4xx_HAL_Driver/Src/stm32g4xx_hal_flash.c ****   }
 767              	 .loc 1 286 5 view .LVU272
 768 00a4 0023     	 movs r3,#0
 769 00a6 88F80030 	 strb r3,[r8]
 286:Drivers/STM32G4xx_HAL_Driver/Src/stm32g4xx_hal_flash.c ****   }
 770              	 .loc 1 286 5 view .LVU273
 321:Drivers/STM32G4xx_HAL_Driver/Src/stm32g4xx_hal_flash.c **** 
 771              	 .loc 1 321 1 is_stmt 0 view .LVU274
 772 00aa BDE8F087 	 pop {r4,r5,r6,r7,r8,r9,r10,pc}
 773              	.LVL64:
 774              	.L70:
 775              	.LBB125:
 776              	.LBB116:
 777              	.LBB112:
 778              	.LBB110:
 712:Drivers/STM32G4xx_HAL_Driver/Src/stm32g4xx_hal_flash.c ****   }
 779              	 .loc 1 712 5 is_stmt 1 view .LVU275
 712:Drivers/STM32G4xx_HAL_Driver/Src/stm32g4xx_hal_flash.c ****   }
 780              	 .loc 1 712 5 view .LVU276
 712:Drivers/STM32G4xx_HAL_Driver/Src/stm32g4xx_hal_flash.c ****   }
 781              	 .loc 1 712 5 discriminator 3 view .LVU277
 712:Drivers/STM32G4xx_HAL_Driver/Src/stm32g4xx_hal_flash.c ****   }
 782              	 .loc 1 712 5 discriminator 4 view .LVU278
 783 00ae 0123     	 movs r3,#1
 784              	.LBE110:
 785              	.LBE112:
 786              	.LBE116:
 787              	.LBE125:
 291:Drivers/STM32G4xx_HAL_Driver/Src/stm32g4xx_hal_flash.c ****     {
 788              	 .loc 1 291 8 is_stmt 0 view .LVU279
 789 00b0 B9F1020F 	 cmp r9,#2
 790              	.LBB126:
 791              	.LBB117:
 792              	.LBB113:
 793              	.LBB111:
 712:Drivers/STM32G4xx_HAL_Driver/Src/stm32g4xx_hal_flash.c ****   }
 794              	 .loc 1 712 5 discriminator 4 view .LVU280
 795 00b4 3361     	 str r3,[r6,#16]
 796              	.LVL65:
 712:Drivers/STM32G4xx_HAL_Driver/Src/stm32g4xx_hal_flash.c ****   }
 797              	 .loc 1 712 5 discriminator 4 view .LVU281
 798              	.LBE111:
 799              	.LBE113:
 800              	.LBE117:
 801              	.LBE126:
 283:Drivers/STM32G4xx_HAL_Driver/Src/stm32g4xx_hal_flash.c ****   {
 802              	 .loc 1 283 3 is_stmt 1 view .LVU282
 291:Drivers/STM32G4xx_HAL_Driver/Src/stm32g4xx_hal_flash.c ****     {
 803              	 .loc 1 291 5 view .LVU283
 291:Drivers/STM32G4xx_HAL_Driver/Src/stm32g4xx_hal_flash.c ****     {
 804              	 .loc 1 291 8 is_stmt 0 view .LVU284
 805 00b6 DBD1     	 bne .L53
 806              	.L71:
 293:Drivers/STM32G4xx_HAL_Driver/Src/stm32g4xx_hal_flash.c ****     }
 807              	 .loc 1 293 7 is_stmt 1 view .LVU285
 302:Drivers/STM32G4xx_HAL_Driver/Src/stm32g4xx_hal_flash.c **** 
ARM GAS   			page 49


 808              	 .loc 1 302 5 is_stmt 0 discriminator 4 view .LVU286
 809 00b8 1E4A     	 ldr r2,.L72
 293:Drivers/STM32G4xx_HAL_Driver/Src/stm32g4xx_hal_flash.c ****     }
 810              	 .loc 1 293 31 view .LVU287
 811 00ba 0423     	 movs r3,#4
 812 00bc 88F80830 	 strb r3,[r8,#8]
 299:Drivers/STM32G4xx_HAL_Driver/Src/stm32g4xx_hal_flash.c **** 
 813              	 .loc 1 299 5 is_stmt 1 view .LVU288
 299:Drivers/STM32G4xx_HAL_Driver/Src/stm32g4xx_hal_flash.c **** 
 814              	 .loc 1 299 20 is_stmt 0 view .LVU289
 815 00c0 C8F80C70 	 str r7,[r8,#12]
 302:Drivers/STM32G4xx_HAL_Driver/Src/stm32g4xx_hal_flash.c **** 
 816              	 .loc 1 302 5 is_stmt 1 view .LVU290
 302:Drivers/STM32G4xx_HAL_Driver/Src/stm32g4xx_hal_flash.c **** 
 817              	 .loc 1 302 5 view .LVU291
 302:Drivers/STM32G4xx_HAL_Driver/Src/stm32g4xx_hal_flash.c **** 
 818              	 .loc 1 302 5 discriminator 3 view .LVU292
 302:Drivers/STM32G4xx_HAL_Driver/Src/stm32g4xx_hal_flash.c **** 
 819              	 .loc 1 302 5 discriminator 4 view .LVU293
 820 00c4 5369     	 ldr r3,[r2,#20]
 821 00c6 43F04073 	 orr r3,r3,#50331648
 822 00ca 5361     	 str r3,[r2,#20]
 302:Drivers/STM32G4xx_HAL_Driver/Src/stm32g4xx_hal_flash.c **** 
 823              	 .loc 1 302 5 discriminator 6 view .LVU294
 304:Drivers/STM32G4xx_HAL_Driver/Src/stm32g4xx_hal_flash.c ****     {
 824              	 .loc 1 304 5 view .LVU295
 309:Drivers/STM32G4xx_HAL_Driver/Src/stm32g4xx_hal_flash.c ****     {
 825              	 .loc 1 309 10 view .LVU296
 826              	.LVL66:
 827              	.L54:
 312:Drivers/STM32G4xx_HAL_Driver/Src/stm32g4xx_hal_flash.c ****     }
 828              	 .loc 1 312 7 view .LVU297
 829              	.LBB127:
 830              	.LBI127:
 750:Drivers/STM32G4xx_HAL_Driver/Src/stm32g4xx_hal_flash.c **** {
 831              	 .loc 1 750 13 view .LVU298
 832              	.LBB128:
 752:Drivers/STM32G4xx_HAL_Driver/Src/stm32g4xx_hal_flash.c ****   uint32_t *dest_addr = (uint32_t *)Address;
 833              	 .loc 1 752 3 view .LVU299
 753:Drivers/STM32G4xx_HAL_Driver/Src/stm32g4xx_hal_flash.c ****   uint32_t *src_addr = (uint32_t *)DataAddress;
 834              	 .loc 1 753 3 view .LVU300
 754:Drivers/STM32G4xx_HAL_Driver/Src/stm32g4xx_hal_flash.c ****   uint32_t primask_bit;
 835              	 .loc 1 754 3 view .LVU301
 755:Drivers/STM32G4xx_HAL_Driver/Src/stm32g4xx_hal_flash.c **** 
 836              	 .loc 1 755 3 view .LVU302
 758:Drivers/STM32G4xx_HAL_Driver/Src/stm32g4xx_hal_flash.c **** 
 837              	 .loc 1 758 3 view .LVU303
 761:Drivers/STM32G4xx_HAL_Driver/Src/stm32g4xx_hal_flash.c **** 
 838              	 .loc 1 761 3 view .LVU304
 839 00cc 194A     	 ldr r2,.L72
 840 00ce 5369     	 ldr r3,[r2,#20]
 841 00d0 43F48023 	 orr r3,r3,#262144
 842 00d4 5361     	 str r3,[r2,#20]
 764:Drivers/STM32G4xx_HAL_Driver/Src/stm32g4xx_hal_flash.c ****   __disable_irq();
 843              	 .loc 1 764 3 view .LVU305
 844              	.LBB129:
 845              	.LBI129:
ARM GAS   			page 50


 449:Drivers/CMSIS/Include/cmsis_gcc.h **** {
 846              	 .loc 2 449 31 view .LVU306
 847              	.LBB130:
 451:Drivers/CMSIS/Include/cmsis_gcc.h **** 
 848              	 .loc 2 451 3 view .LVU307
 453:Drivers/CMSIS/Include/cmsis_gcc.h ****   return(result);
 849              	 .loc 2 453 3 view .LVU308
 850              	 .syntax unified
 851              	
 852 00d6 EFF31085 	 MRS r5,primask
 853              	
 854              	.LVL67:
 454:Drivers/CMSIS/Include/cmsis_gcc.h **** }
 855              	 .loc 2 454 3 view .LVU309
 454:Drivers/CMSIS/Include/cmsis_gcc.h **** }
 856              	 .loc 2 454 3 is_stmt 0 view .LVU310
 857              	 .thumb
 858              	 .syntax unified
 859              	.LBE130:
 860              	.LBE129:
 765:Drivers/STM32G4xx_HAL_Driver/Src/stm32g4xx_hal_flash.c **** 
 861              	 .loc 1 765 3 is_stmt 1 view .LVU311
 862              	.LBB131:
 863              	.LBI131:
 207:Drivers/CMSIS/Include/cmsis_gcc.h **** {
 864              	 .loc 2 207 27 view .LVU312
 865              	.LBB132:
 209:Drivers/CMSIS/Include/cmsis_gcc.h **** }
 866              	 .loc 2 209 3 view .LVU313
 867              	 .syntax unified
 868              	
 869 00da 72B6     	 cpsid i
 870              	
 871              	 .thumb
 872              	 .syntax unified
 873 00dc 231D     	 adds r3,r4,#4
 874 00de BB42     	 cmp r3,r7
 875 00e0 1FD0     	 beq .L57
 876 00e2 2346     	 mov r3,r4
 877 00e4 FF1A     	 subs r7,r7,r3
 878              	.LVL68:
 209:Drivers/CMSIS/Include/cmsis_gcc.h **** }
 879              	 .loc 2 209 3 is_stmt 0 view .LVU314
 880 00e6 04F58074 	 add r4,r4,#256
 881              	.LVL69:
 882              	.L58:
 209:Drivers/CMSIS/Include/cmsis_gcc.h **** }
 883              	 .loc 2 209 3 view .LVU315
 884              	.LBE132:
 885              	.LBE131:
 768:Drivers/STM32G4xx_HAL_Driver/Src/stm32g4xx_hal_flash.c ****   {
 886              	 .loc 1 768 3 is_stmt 1 view .LVU316
 770:Drivers/STM32G4xx_HAL_Driver/Src/stm32g4xx_hal_flash.c ****     dest_addr++;
 887              	 .loc 1 770 5 view .LVU317
 770:Drivers/STM32G4xx_HAL_Driver/Src/stm32g4xx_hal_flash.c ****     dest_addr++;
 888              	 .loc 1 770 18 is_stmt 0 view .LVU318
 889 00ea 1868     	 ldr r0,[r3]
ARM GAS   			page 51


 890 00ec 5968     	 ldr r1,[r3,#4]
 770:Drivers/STM32G4xx_HAL_Driver/Src/stm32g4xx_hal_flash.c ****     dest_addr++;
 891              	 .loc 1 770 16 view .LVU319
 892 00ee F850     	 str r0,[r7,r3]
 893 00f0 FA18     	 adds r2,r7,r3
 894 00f2 0833     	 adds r3,r3,#8
 895 00f4 A342     	 cmp r3,r4
 896 00f6 5160     	 str r1,[r2,#4]
 771:Drivers/STM32G4xx_HAL_Driver/Src/stm32g4xx_hal_flash.c ****     src_addr++;
 897              	 .loc 1 771 5 is_stmt 1 view .LVU320
 772:Drivers/STM32G4xx_HAL_Driver/Src/stm32g4xx_hal_flash.c ****     row_index--;
 898              	 .loc 1 772 5 view .LVU321
 773:Drivers/STM32G4xx_HAL_Driver/Src/stm32g4xx_hal_flash.c ****   }
 899              	 .loc 1 773 5 view .LVU322
 775:Drivers/STM32G4xx_HAL_Driver/Src/stm32g4xx_hal_flash.c **** 
 900              	 .loc 1 775 20 discriminator 1 view .LVU323
 901 00f8 F7D1     	 bne .L58
 902              	.LVL70:
 903              	.L59:
 904              	 .loc 1 778 3 view .LVU324
 905              	.LBB133:
 906              	.LBI133:
 479:Drivers/CMSIS/Include/cmsis_gcc.h **** {
 907              	 .loc 2 479 27 view .LVU325
 908              	.LBB134:
 481:Drivers/CMSIS/Include/cmsis_gcc.h **** }
 909              	 .loc 2 481 3 view .LVU326
 910              	 .syntax unified
 911              	
 912 00fa 85F31088 	 MSR primask,r5
 913              	
 914              	.LVL71:
 481:Drivers/CMSIS/Include/cmsis_gcc.h **** }
 915              	 .loc 2 481 3 is_stmt 0 view .LVU327
 916              	 .thumb
 917              	 .syntax unified
 918              	.LBE134:
 919              	.LBE133:
 779:Drivers/STM32G4xx_HAL_Driver/Src/stm32g4xx_hal_flash.c **** }
 920              	 .loc 1 779 1 view .LVU328
 921 00fe CDE7     	 b .L56
 922              	.LVL72:
 923              	.L55:
 924              	 .loc 1 779 1 view .LVU329
 925              	.LBE128:
 926              	.LBE127:
 309:Drivers/STM32G4xx_HAL_Driver/Src/stm32g4xx_hal_flash.c ****     {
 927              	 .loc 1 309 10 is_stmt 1 view .LVU330
 309:Drivers/STM32G4xx_HAL_Driver/Src/stm32g4xx_hal_flash.c ****     {
 928              	 .loc 1 309 54 is_stmt 0 view .LVU331
 929 0100 09F1FF39 	 add r9,r9,#-1
 930              	.LVL73:
 309:Drivers/STM32G4xx_HAL_Driver/Src/stm32g4xx_hal_flash.c ****     {
 931              	 .loc 1 309 13 view .LVU332
 932 0104 B9F1010F 	 cmp r9,#1
 933 0108 C8D8     	 bhi .L56
 934 010a DFE7     	 b .L54
ARM GAS   			page 52


 935              	.LVL74:
 936              	.L69:
 937              	.LBB136:
 938              	.LBB118:
 700:Drivers/STM32G4xx_HAL_Driver/Src/stm32g4xx_hal_flash.c **** 
 939              	 .loc 1 700 5 is_stmt 1 view .LVU333
 700:Drivers/STM32G4xx_HAL_Driver/Src/stm32g4xx_hal_flash.c **** 
 940              	 .loc 1 700 11 is_stmt 0 view .LVU334
 941 010c D8F80420 	 ldr r2,[r8,#4]
 700:Drivers/STM32G4xx_HAL_Driver/Src/stm32g4xx_hal_flash.c **** 
 942              	 .loc 1 700 22 view .LVU335
 943 0110 1A43     	 orrs r2,r2,r3
 944 0112 C8F80420 	 str r2,[r8,#4]
 703:Drivers/STM32G4xx_HAL_Driver/Src/stm32g4xx_hal_flash.c **** 
 945              	 .loc 1 703 5 is_stmt 1 view .LVU336
 703:Drivers/STM32G4xx_HAL_Driver/Src/stm32g4xx_hal_flash.c **** 
 946              	 .loc 1 703 5 view .LVU337
 703:Drivers/STM32G4xx_HAL_Driver/Src/stm32g4xx_hal_flash.c **** 
 947              	 .loc 1 703 5 discriminator 3 view .LVU338
 703:Drivers/STM32G4xx_HAL_Driver/Src/stm32g4xx_hal_flash.c **** 
 948              	 .loc 1 703 5 discriminator 4 view .LVU339
 705:Drivers/STM32G4xx_HAL_Driver/Src/stm32g4xx_hal_flash.c ****   }
 949              	 .loc 1 705 12 is_stmt 0 view .LVU340
 950 0116 0120     	 movs r0,#1
 703:Drivers/STM32G4xx_HAL_Driver/Src/stm32g4xx_hal_flash.c **** 
 951              	 .loc 1 703 5 discriminator 4 view .LVU341
 952 0118 3361     	 str r3,[r6,#16]
 703:Drivers/STM32G4xx_HAL_Driver/Src/stm32g4xx_hal_flash.c **** 
 953              	 .loc 1 703 5 is_stmt 1 discriminator 6 view .LVU342
 705:Drivers/STM32G4xx_HAL_Driver/Src/stm32g4xx_hal_flash.c ****   }
 954              	 .loc 1 705 5 view .LVU343
 955              	.LVL75:
 705:Drivers/STM32G4xx_HAL_Driver/Src/stm32g4xx_hal_flash.c ****   }
 956              	 .loc 1 705 5 is_stmt 0 view .LVU344
 957              	.LBE118:
 958              	.LBE136:
 283:Drivers/STM32G4xx_HAL_Driver/Src/stm32g4xx_hal_flash.c ****   {
 959              	 .loc 1 283 3 is_stmt 1 view .LVU345
 960 011a C3E7     	 b .L49
 961              	.LVL76:
 962              	.L61:
 263:Drivers/STM32G4xx_HAL_Driver/Src/stm32g4xx_hal_flash.c **** 
 963              	 .loc 1 263 3 is_stmt 0 discriminator 1 view .LVU346
 964 011c 0220     	 movs r0,#2
 965              	.LVL77:
 321:Drivers/STM32G4xx_HAL_Driver/Src/stm32g4xx_hal_flash.c **** 
 966              	 .loc 1 321 1 view .LVU347
 967 011e BDE8F087 	 pop {r4,r5,r6,r7,r8,r9,r10,pc}
 968              	.LVL78:
 969              	.L57:
 321:Drivers/STM32G4xx_HAL_Driver/Src/stm32g4xx_hal_flash.c **** 
 970              	 .loc 1 321 1 view .LVU348
 971 0122 04F58072 	 add r2,r4,#256
 972 0126 3F1B     	 subs r7,r7,r4
 973              	.LVL79:
 974              	.L60:
 975              	.LBB137:
ARM GAS   			page 53


 976              	.LBB135:
 768:Drivers/STM32G4xx_HAL_Driver/Src/stm32g4xx_hal_flash.c ****   {
 977              	 .loc 1 768 3 is_stmt 1 view .LVU349
 770:Drivers/STM32G4xx_HAL_Driver/Src/stm32g4xx_hal_flash.c ****     dest_addr++;
 978              	 .loc 1 770 5 view .LVU350
 770:Drivers/STM32G4xx_HAL_Driver/Src/stm32g4xx_hal_flash.c ****     dest_addr++;
 979              	 .loc 1 770 18 is_stmt 0 view .LVU351
 980 0128 2368     	 ldr r3,[r4]
 770:Drivers/STM32G4xx_HAL_Driver/Src/stm32g4xx_hal_flash.c ****     dest_addr++;
 981              	 .loc 1 770 16 view .LVU352
 982 012a E351     	 str r3,[r4,r7]
 771:Drivers/STM32G4xx_HAL_Driver/Src/stm32g4xx_hal_flash.c ****     src_addr++;
 983              	 .loc 1 771 5 is_stmt 1 view .LVU353
 984              	.LVL80:
 772:Drivers/STM32G4xx_HAL_Driver/Src/stm32g4xx_hal_flash.c ****     row_index--;
 985              	 .loc 1 772 5 view .LVU354
 772:Drivers/STM32G4xx_HAL_Driver/Src/stm32g4xx_hal_flash.c ****     row_index--;
 986              	 .loc 1 772 13 is_stmt 0 view .LVU355
 987 012c 0434     	 adds r4,r4,#4
 988              	.LVL81:
 773:Drivers/STM32G4xx_HAL_Driver/Src/stm32g4xx_hal_flash.c ****   }
 989              	 .loc 1 773 5 is_stmt 1 view .LVU356
 775:Drivers/STM32G4xx_HAL_Driver/Src/stm32g4xx_hal_flash.c **** 
 990              	 .loc 1 775 20 discriminator 1 view .LVU357
 991 012e A242     	 cmp r2,r4
 992 0130 FAD1     	 bne .L60
 993 0132 E2E7     	 b .L59
 994              	.L73:
 995              	 .align 2
 996              	.L72:
 997 0134 00200240 	 .word 1073881088
 998 0138 00000000 	 .word pFlash
 999              	.LBE135:
 1000              	.LBE137:
 1001              	 .cfi_endproc
 1002              	.LFE362:
 1004              	 .section .text.HAL_FLASH_EndOfOperationCallback,"ax",%progbits
 1005              	 .align 1
 1006              	 .p2align 2,,3
 1007              	 .weak HAL_FLASH_EndOfOperationCallback
 1008              	 .syntax unified
 1009              	 .thumb
 1010              	 .thumb_func
 1012              	HAL_FLASH_EndOfOperationCallback:
 1013              	.LVL82:
 1014              	.LFB364:
 468:Drivers/STM32G4xx_HAL_Driver/Src/stm32g4xx_hal_flash.c ****   /* Prevent unused argument(s) compilation warning */
 1015              	 .loc 1 468 1 view-0
 1016              	 .cfi_startproc
 1017              	 
 1018              	 
 1019              	 
 470:Drivers/STM32G4xx_HAL_Driver/Src/stm32g4xx_hal_flash.c **** 
 1020              	 .loc 1 470 3 view .LVU359
 475:Drivers/STM32G4xx_HAL_Driver/Src/stm32g4xx_hal_flash.c **** 
 1021              	 .loc 1 475 1 is_stmt 0 view .LVU360
 1022 0000 7047     	 bx lr
ARM GAS   			page 54


 1023              	 .cfi_endproc
 1024              	.LFE364:
 1026 0002 00BF     	 .section .text.HAL_FLASH_OperationErrorCallback,"ax",%progbits
 1027              	 .align 1
 1028              	 .p2align 2,,3
 1029              	 .weak HAL_FLASH_OperationErrorCallback
 1030              	 .syntax unified
 1031              	 .thumb
 1032              	 .thumb_func
 1034              	HAL_FLASH_OperationErrorCallback:
 1035              	.LFB377:
 1036              	 .cfi_startproc
 485:Drivers/STM32G4xx_HAL_Driver/Src/stm32g4xx_hal_flash.c **** {
 1037              	 .loc 1 485 13 is_stmt 1 view-0
 1038              	 
 1039              	 
 1040              	 
 1041 0000 7047     	 bx lr
 1042              	 .cfi_endproc
 1043              	.LFE377:
 1045 0002 00BF     	 .section .text.HAL_FLASH_IRQHandler,"ax",%progbits
 1046              	 .align 1
 1047              	 .p2align 2,,3
 1048              	 .global HAL_FLASH_IRQHandler
 1049              	 .syntax unified
 1050              	 .thumb
 1051              	 .thumb_func
 1053              	HAL_FLASH_IRQHandler:
 1054              	.LFB363:
 328:Drivers/STM32G4xx_HAL_Driver/Src/stm32g4xx_hal_flash.c ****   uint32_t tmp_page;
 1055              	 .loc 1 328 1 view-0
 1056              	 .cfi_startproc
 1057              	 
 1058              	 
 329:Drivers/STM32G4xx_HAL_Driver/Src/stm32g4xx_hal_flash.c ****   uint32_t error;
 1059              	 .loc 1 329 3 view .LVU363
 330:Drivers/STM32G4xx_HAL_Driver/Src/stm32g4xx_hal_flash.c ****   FLASH_ProcedureTypeDef procedure;
 1060              	 .loc 1 330 3 view .LVU364
 331:Drivers/STM32G4xx_HAL_Driver/Src/stm32g4xx_hal_flash.c **** 
 1061              	 .loc 1 331 3 view .LVU365
 334:Drivers/STM32G4xx_HAL_Driver/Src/stm32g4xx_hal_flash.c **** #if defined (FLASH_OPTR_DBANK)
 1062              	 .loc 1 334 3 view .LVU366
 1063 0000 3B4B     	 ldr r3,.L101
 1064 0002 5A69     	 ldr r2,[r3,#20]
 1065 0004 6FF30902 	 bfc r2,#0,#10
 328:Drivers/STM32G4xx_HAL_Driver/Src/stm32g4xx_hal_flash.c ****   uint32_t tmp_page;
 1066              	 .loc 1 328 1 is_stmt 0 view .LVU367
 1067 0008 10B5     	 push {r4,lr}
 1068              	 .cfi_def_cfa_offset 8
 1069              	 .cfi_offset 4,-8
 1070              	 .cfi_offset 14,-4
 334:Drivers/STM32G4xx_HAL_Driver/Src/stm32g4xx_hal_flash.c **** #if defined (FLASH_OPTR_DBANK)
 1071              	 .loc 1 334 3 view .LVU368
 1072 000a 5A61     	 str r2,[r3,#20]
 336:Drivers/STM32G4xx_HAL_Driver/Src/stm32g4xx_hal_flash.c **** #endif
 1073              	 .loc 1 336 3 is_stmt 1 view .LVU369
 1074 000c 5A69     	 ldr r2,[r3,#20]
ARM GAS   			page 55


 340:Drivers/STM32G4xx_HAL_Driver/Src/stm32g4xx_hal_flash.c ****   {
 1075              	 .loc 1 340 13 is_stmt 0 view .LVU370
 1076 000e 394C     	 ldr r4,.L101+4
 336:Drivers/STM32G4xx_HAL_Driver/Src/stm32g4xx_hal_flash.c **** #endif
 1077              	 .loc 1 336 3 view .LVU371
 1078 0010 22F40042 	 bic r2,r2,#32768
 1079 0014 5A61     	 str r2,[r3,#20]
 340:Drivers/STM32G4xx_HAL_Driver/Src/stm32g4xx_hal_flash.c ****   {
 1080              	 .loc 1 340 3 is_stmt 1 view .LVU372
 340:Drivers/STM32G4xx_HAL_Driver/Src/stm32g4xx_hal_flash.c ****   {
 1081              	 .loc 1 340 13 is_stmt 0 view .LVU373
 1082 0016 227A     	 ldrb r2,[r4,#8]
 340:Drivers/STM32G4xx_HAL_Driver/Src/stm32g4xx_hal_flash.c ****   {
 1083              	 .loc 1 340 6 view .LVU374
 1084 0018 042A     	 cmp r2,#4
 1085 001a 03D1     	 bne .L77
 342:Drivers/STM32G4xx_HAL_Driver/Src/stm32g4xx_hal_flash.c ****   }
 1086              	 .loc 1 342 5 is_stmt 1 view .LVU375
 1087 001c 5A69     	 ldr r2,[r3,#20]
 1088 001e 22F48022 	 bic r2,r2,#262144
 1089 0022 5A61     	 str r2,[r3,#20]
 1090              	.L77:
 346:Drivers/STM32G4xx_HAL_Driver/Src/stm32g4xx_hal_flash.c **** 
 1091              	 .loc 1 346 3 view .LVU376
 346:Drivers/STM32G4xx_HAL_Driver/Src/stm32g4xx_hal_flash.c **** 
 1092              	 .loc 1 346 17 is_stmt 0 view .LVU377
 1093 0024 3249     	 ldr r1,.L101
 1094 0026 0B69     	 ldr r3,[r1,#16]
 346:Drivers/STM32G4xx_HAL_Driver/Src/stm32g4xx_hal_flash.c **** 
 1095              	 .loc 1 346 9 view .LVU378
 1096 0028 4CF2FA32 	 movw r2,#50170
 1097              	.LVL83:
 348:Drivers/STM32G4xx_HAL_Driver/Src/stm32g4xx_hal_flash.c ****   {
 1098              	 .loc 1 348 3 is_stmt 1 view .LVU379
 348:Drivers/STM32G4xx_HAL_Driver/Src/stm32g4xx_hal_flash.c ****   {
 1099              	 .loc 1 348 6 is_stmt 0 view .LVU380
 1100 002c 1340     	 ands r3,r3,r2
 1101              	.LVL84:
 348:Drivers/STM32G4xx_HAL_Driver/Src/stm32g4xx_hal_flash.c ****   {
 1102              	 .loc 1 348 6 view .LVU381
 1103 002e 2FD1     	 bne .L95
 1104              	.LVL85:
 1105              	.L78:
 384:Drivers/STM32G4xx_HAL_Driver/Src/stm32g4xx_hal_flash.c ****   {
 1106              	 .loc 1 384 3 is_stmt 1 view .LVU382
 384:Drivers/STM32G4xx_HAL_Driver/Src/stm32g4xx_hal_flash.c ****   {
 1107              	 .loc 1 384 7 is_stmt 0 view .LVU383
 1108 0030 2F4B     	 ldr r3,.L101
 1109 0032 1A69     	 ldr r2,[r3,#16]
 384:Drivers/STM32G4xx_HAL_Driver/Src/stm32g4xx_hal_flash.c ****   {
 1110              	 .loc 1 384 6 view .LVU384
 1111 0034 D207     	 lsls r2,r2,#31
 1112 0036 14D5     	 bpl .L82
 387:Drivers/STM32G4xx_HAL_Driver/Src/stm32g4xx_hal_flash.c **** 
 1113              	 .loc 1 387 5 is_stmt 1 view .LVU385
 387:Drivers/STM32G4xx_HAL_Driver/Src/stm32g4xx_hal_flash.c **** 
 1114              	 .loc 1 387 5 view .LVU386
ARM GAS   			page 56


 387:Drivers/STM32G4xx_HAL_Driver/Src/stm32g4xx_hal_flash.c **** 
 1115              	 .loc 1 387 5 discriminator 3 view .LVU387
 387:Drivers/STM32G4xx_HAL_Driver/Src/stm32g4xx_hal_flash.c **** 
 1116              	 .loc 1 387 5 discriminator 4 view .LVU388
 1117 0038 0122     	 movs r2,#1
 1118 003a 1A61     	 str r2,[r3,#16]
 387:Drivers/STM32G4xx_HAL_Driver/Src/stm32g4xx_hal_flash.c **** 
 1119              	 .loc 1 387 5 discriminator 6 view .LVU389
 389:Drivers/STM32G4xx_HAL_Driver/Src/stm32g4xx_hal_flash.c ****     {
 1120              	 .loc 1 389 5 view .LVU390
 389:Drivers/STM32G4xx_HAL_Driver/Src/stm32g4xx_hal_flash.c ****     {
 1121              	 .loc 1 389 15 is_stmt 0 view .LVU391
 1122 003c 237A     	 ldrb r3,[r4,#8]
 389:Drivers/STM32G4xx_HAL_Driver/Src/stm32g4xx_hal_flash.c ****     {
 1123              	 .loc 1 389 8 view .LVU392
 1124 003e 9342     	 cmp r3,r2
 1125 0040 1AD1     	 bne .L83
 392:Drivers/STM32G4xx_HAL_Driver/Src/stm32g4xx_hal_flash.c **** 
 1126              	 .loc 1 392 7 is_stmt 1 view .LVU393
 392:Drivers/STM32G4xx_HAL_Driver/Src/stm32g4xx_hal_flash.c **** 
 1127              	 .loc 1 392 13 is_stmt 0 view .LVU394
 1128 0042 A369     	 ldr r3,[r4,#24]
 392:Drivers/STM32G4xx_HAL_Driver/Src/stm32g4xx_hal_flash.c **** 
 1129              	 .loc 1 392 28 view .LVU395
 1130 0044 013B     	 subs r3,r3,#1
 1131 0046 A361     	 str r3,[r4,#24]
 395:Drivers/STM32G4xx_HAL_Driver/Src/stm32g4xx_hal_flash.c ****       {
 1132              	 .loc 1 395 7 is_stmt 1 view .LVU396
 395:Drivers/STM32G4xx_HAL_Driver/Src/stm32g4xx_hal_flash.c ****       {
 1133              	 .loc 1 395 17 is_stmt 0 view .LVU397
 1134 0048 A369     	 ldr r3,[r4,#24]
 395:Drivers/STM32G4xx_HAL_Driver/Src/stm32g4xx_hal_flash.c ****       {
 1135              	 .loc 1 395 10 view .LVU398
 1136 004a 002B     	 cmp r3,#0
 1137 004c 32D0     	 beq .L84
 398:Drivers/STM32G4xx_HAL_Driver/Src/stm32g4xx_hal_flash.c **** 
 1138              	 .loc 1 398 9 is_stmt 1 view .LVU399
 398:Drivers/STM32G4xx_HAL_Driver/Src/stm32g4xx_hal_flash.c **** 
 1139              	 .loc 1 398 48 is_stmt 0 view .LVU400
 1140 004e 6069     	 ldr r0,[r4,#20]
 398:Drivers/STM32G4xx_HAL_Driver/Src/stm32g4xx_hal_flash.c **** 
 1141              	 .loc 1 398 9 view .LVU401
 1142 0050 FFF7FEFF 	 bl HAL_FLASH_EndOfOperationCallback
 1143              	.LVL86:
 401:Drivers/STM32G4xx_HAL_Driver/Src/stm32g4xx_hal_flash.c ****         tmp_page = pFlash.Page;
 1144              	 .loc 1 401 9 is_stmt 1 view .LVU402
 401:Drivers/STM32G4xx_HAL_Driver/Src/stm32g4xx_hal_flash.c ****         tmp_page = pFlash.Page;
 1145              	 .loc 1 401 15 is_stmt 0 view .LVU403
 1146 0054 6369     	 ldr r3,[r4,#20]
 401:Drivers/STM32G4xx_HAL_Driver/Src/stm32g4xx_hal_flash.c ****         tmp_page = pFlash.Page;
 1147              	 .loc 1 401 20 view .LVU404
 1148 0056 0133     	 adds r3,r3,#1
 1149 0058 6361     	 str r3,[r4,#20]
 402:Drivers/STM32G4xx_HAL_Driver/Src/stm32g4xx_hal_flash.c ****         FLASH_PageErase(tmp_page, pFlash.Bank);
 1150              	 .loc 1 402 9 is_stmt 1 view .LVU405
 402:Drivers/STM32G4xx_HAL_Driver/Src/stm32g4xx_hal_flash.c ****         FLASH_PageErase(tmp_page, pFlash.Bank);
 1151              	 .loc 1 402 18 is_stmt 0 view .LVU406
ARM GAS   			page 57


 1152 005a 6069     	 ldr r0,[r4,#20]
 1153              	.LVL87:
 403:Drivers/STM32G4xx_HAL_Driver/Src/stm32g4xx_hal_flash.c ****       }
 1154              	 .loc 1 403 9 is_stmt 1 view .LVU407
 403:Drivers/STM32G4xx_HAL_Driver/Src/stm32g4xx_hal_flash.c ****       }
 1155              	 .loc 1 403 41 is_stmt 0 view .LVU408
 1156 005c 2169     	 ldr r1,[r4,#16]
 403:Drivers/STM32G4xx_HAL_Driver/Src/stm32g4xx_hal_flash.c ****       }
 1157              	 .loc 1 403 9 view .LVU409
 1158 005e FFF7FEFF 	 bl FLASH_PageErase
 1159              	.LVL88:
 1160              	.L82:
 448:Drivers/STM32G4xx_HAL_Driver/Src/stm32g4xx_hal_flash.c ****   {
 1161              	 .loc 1 448 3 is_stmt 1 view .LVU410
 448:Drivers/STM32G4xx_HAL_Driver/Src/stm32g4xx_hal_flash.c ****   {
 1162              	 .loc 1 448 13 is_stmt 0 view .LVU411
 1163 0062 237A     	 ldrb r3,[r4,#8]
 448:Drivers/STM32G4xx_HAL_Driver/Src/stm32g4xx_hal_flash.c ****   {
 1164              	 .loc 1 448 6 view .LVU412
 1165 0064 03F0FF02 	 and r2,r3,#255
 1166 0068 2BB9     	 cbnz r3,.L76
 451:Drivers/STM32G4xx_HAL_Driver/Src/stm32g4xx_hal_flash.c **** 
 1167              	 .loc 1 451 5 is_stmt 1 view .LVU413
 451:Drivers/STM32G4xx_HAL_Driver/Src/stm32g4xx_hal_flash.c **** 
 1168              	 .loc 1 451 5 view .LVU414
 451:Drivers/STM32G4xx_HAL_Driver/Src/stm32g4xx_hal_flash.c **** 
 1169              	 .loc 1 451 5 discriminator 3 view .LVU415
 451:Drivers/STM32G4xx_HAL_Driver/Src/stm32g4xx_hal_flash.c **** 
 1170              	 .loc 1 451 5 discriminator 4 view .LVU416
 1171 006a 2149     	 ldr r1,.L101
 1172 006c 4B69     	 ldr r3,[r1,#20]
 1173 006e 23F04073 	 bic r3,r3,#50331648
 1174 0072 4B61     	 str r3,[r1,#20]
 451:Drivers/STM32G4xx_HAL_Driver/Src/stm32g4xx_hal_flash.c **** 
 1175              	 .loc 1 451 5 discriminator 6 view .LVU417
 454:Drivers/STM32G4xx_HAL_Driver/Src/stm32g4xx_hal_flash.c ****   }
 1176              	 .loc 1 454 5 view .LVU418
 454:Drivers/STM32G4xx_HAL_Driver/Src/stm32g4xx_hal_flash.c ****   }
 1177              	 .loc 1 454 5 view .LVU419
 1178 0074 2270     	 strb r2,[r4]
 454:Drivers/STM32G4xx_HAL_Driver/Src/stm32g4xx_hal_flash.c ****   }
 1179              	 .loc 1 454 5 discriminator 1 view .LVU420
 1180              	.L76:
 456:Drivers/STM32G4xx_HAL_Driver/Src/stm32g4xx_hal_flash.c **** 
 1181              	 .loc 1 456 1 is_stmt 0 view .LVU421
 1182 0076 10BD     	 pop {r4,pc}
 1183              	.L83:
 422:Drivers/STM32G4xx_HAL_Driver/Src/stm32g4xx_hal_flash.c **** 
 1184              	 .loc 1 422 7 is_stmt 1 view .LVU422
 1185 0078 FFF7FEFF 	 bl FLASH_FlushCaches
 1186              	.LVL89:
 424:Drivers/STM32G4xx_HAL_Driver/Src/stm32g4xx_hal_flash.c ****       if (procedure == FLASH_PROC_MASS_ERASE)
 1187              	 .loc 1 424 7 view .LVU423
 424:Drivers/STM32G4xx_HAL_Driver/Src/stm32g4xx_hal_flash.c ****       if (procedure == FLASH_PROC_MASS_ERASE)
 1188              	 .loc 1 424 17 is_stmt 0 view .LVU424
 1189 007c 227A     	 ldrb r2,[r4,#8]
 425:Drivers/STM32G4xx_HAL_Driver/Src/stm32g4xx_hal_flash.c ****       {
ARM GAS   			page 58


 1190              	 .loc 1 425 10 view .LVU425
 1191 007e 022A     	 cmp r2,#2
 424:Drivers/STM32G4xx_HAL_Driver/Src/stm32g4xx_hal_flash.c ****       if (procedure == FLASH_PROC_MASS_ERASE)
 1192              	 .loc 1 424 17 view .LVU426
 1193 0080 D3B2     	 uxtb r3,r2
 1194              	.LVL90:
 425:Drivers/STM32G4xx_HAL_Driver/Src/stm32g4xx_hal_flash.c ****       {
 1195              	 .loc 1 425 7 is_stmt 1 view .LVU427
 425:Drivers/STM32G4xx_HAL_Driver/Src/stm32g4xx_hal_flash.c ****       {
 1196              	 .loc 1 425 10 is_stmt 0 view .LVU428
 1197 0082 2DD0     	 beq .L96
 431:Drivers/STM32G4xx_HAL_Driver/Src/stm32g4xx_hal_flash.c ****                (procedure == FLASH_PROC_PROGRAM_LAST))
 1198              	 .loc 1 431 12 is_stmt 1 view .LVU429
 431:Drivers/STM32G4xx_HAL_Driver/Src/stm32g4xx_hal_flash.c ****                (procedure == FLASH_PROC_PROGRAM_LAST))
 1199              	 .loc 1 431 15 is_stmt 0 view .LVU430
 1200 0084 033B     	 subs r3,r3,#3
 1201              	.LVL91:
 431:Drivers/STM32G4xx_HAL_Driver/Src/stm32g4xx_hal_flash.c ****                (procedure == FLASH_PROC_PROGRAM_LAST))
 1202              	 .loc 1 431 15 view .LVU431
 1203 0086 012B     	 cmp r3,#1
 1204 0088 2ED9     	 bls .L97
 1205              	.LVL92:
 1206              	.L86:
 441:Drivers/STM32G4xx_HAL_Driver/Src/stm32g4xx_hal_flash.c **** 
 1207              	 .loc 1 441 7 is_stmt 1 view .LVU432
 444:Drivers/STM32G4xx_HAL_Driver/Src/stm32g4xx_hal_flash.c ****     }
 1208              	 .loc 1 444 7 view .LVU433
 444:Drivers/STM32G4xx_HAL_Driver/Src/stm32g4xx_hal_flash.c ****     }
 1209              	 .loc 1 444 31 is_stmt 0 view .LVU434
 1210 008a 0023     	 movs r3,#0
 1211 008c 2372     	 strb r3,[r4,#8]
 1212 008e E8E7     	 b .L82
 1213              	.LVL93:
 1214              	.L95:
 351:Drivers/STM32G4xx_HAL_Driver/Src/stm32g4xx_hal_flash.c **** 
 1215              	 .loc 1 351 5 is_stmt 1 view .LVU435
 351:Drivers/STM32G4xx_HAL_Driver/Src/stm32g4xx_hal_flash.c **** 
 1216              	 .loc 1 351 11 is_stmt 0 view .LVU436
 1217 0090 6268     	 ldr r2,[r4,#4]
 351:Drivers/STM32G4xx_HAL_Driver/Src/stm32g4xx_hal_flash.c **** 
 1218              	 .loc 1 351 22 view .LVU437
 1219 0092 1A43     	 orrs r2,r2,r3
 1220 0094 6260     	 str r2,[r4,#4]
 354:Drivers/STM32G4xx_HAL_Driver/Src/stm32g4xx_hal_flash.c **** 
 1221              	 .loc 1 354 5 is_stmt 1 view .LVU438
 354:Drivers/STM32G4xx_HAL_Driver/Src/stm32g4xx_hal_flash.c **** 
 1222              	 .loc 1 354 5 view .LVU439
 354:Drivers/STM32G4xx_HAL_Driver/Src/stm32g4xx_hal_flash.c **** 
 1223              	 .loc 1 354 5 discriminator 3 view .LVU440
 354:Drivers/STM32G4xx_HAL_Driver/Src/stm32g4xx_hal_flash.c **** 
 1224              	 .loc 1 354 5 discriminator 4 view .LVU441
 1225 0096 0B61     	 str r3,[r1,#16]
 354:Drivers/STM32G4xx_HAL_Driver/Src/stm32g4xx_hal_flash.c **** 
 1226              	 .loc 1 354 5 discriminator 6 view .LVU442
 357:Drivers/STM32G4xx_HAL_Driver/Src/stm32g4xx_hal_flash.c **** 
 1227              	 .loc 1 357 5 view .LVU443
 1228 0098 FFF7FEFF 	 bl FLASH_FlushCaches
ARM GAS   			page 59


 1229              	.LVL94:
 360:Drivers/STM32G4xx_HAL_Driver/Src/stm32g4xx_hal_flash.c ****     if (procedure == FLASH_PROC_PAGE_ERASE)
 1230              	 .loc 1 360 5 view .LVU444
 360:Drivers/STM32G4xx_HAL_Driver/Src/stm32g4xx_hal_flash.c ****     if (procedure == FLASH_PROC_PAGE_ERASE)
 1231              	 .loc 1 360 15 is_stmt 0 view .LVU445
 1232 009c 227A     	 ldrb r2,[r4,#8]
 361:Drivers/STM32G4xx_HAL_Driver/Src/stm32g4xx_hal_flash.c ****     {
 1233              	 .loc 1 361 8 view .LVU446
 1234 009e 012A     	 cmp r2,#1
 360:Drivers/STM32G4xx_HAL_Driver/Src/stm32g4xx_hal_flash.c ****     if (procedure == FLASH_PROC_PAGE_ERASE)
 1235              	 .loc 1 360 15 view .LVU447
 1236 00a0 D3B2     	 uxtb r3,r2
 1237              	.LVL95:
 361:Drivers/STM32G4xx_HAL_Driver/Src/stm32g4xx_hal_flash.c ****     {
 1238              	 .loc 1 361 5 is_stmt 1 view .LVU448
 361:Drivers/STM32G4xx_HAL_Driver/Src/stm32g4xx_hal_flash.c ****     {
 1239              	 .loc 1 361 8 is_stmt 0 view .LVU449
 1240 00a2 15D0     	 beq .L98
 365:Drivers/STM32G4xx_HAL_Driver/Src/stm32g4xx_hal_flash.c ****     {
 1241              	 .loc 1 365 10 is_stmt 1 view .LVU450
 365:Drivers/STM32G4xx_HAL_Driver/Src/stm32g4xx_hal_flash.c ****     {
 1242              	 .loc 1 365 13 is_stmt 0 view .LVU451
 1243 00a4 022B     	 cmp r3,#2
 1244 00a6 17D0     	 beq .L99
 369:Drivers/STM32G4xx_HAL_Driver/Src/stm32g4xx_hal_flash.c ****              (procedure == FLASH_PROC_PROGRAM_LAST))
 1245              	 .loc 1 369 10 is_stmt 1 view .LVU452
 369:Drivers/STM32G4xx_HAL_Driver/Src/stm32g4xx_hal_flash.c ****              (procedure == FLASH_PROC_PROGRAM_LAST))
 1246              	 .loc 1 369 13 is_stmt 0 view .LVU453
 1247 00a8 033B     	 subs r3,r3,#3
 1248              	.LVL96:
 369:Drivers/STM32G4xx_HAL_Driver/Src/stm32g4xx_hal_flash.c ****              (procedure == FLASH_PROC_PROGRAM_LAST))
 1249              	 .loc 1 369 13 view .LVU454
 1250 00aa 012B     	 cmp r3,#1
 1251 00ac 0CD9     	 bls .L100
 1252              	.LVL97:
 1253              	.L80:
 377:Drivers/STM32G4xx_HAL_Driver/Src/stm32g4xx_hal_flash.c **** 
 1254              	 .loc 1 377 5 is_stmt 1 view .LVU455
 380:Drivers/STM32G4xx_HAL_Driver/Src/stm32g4xx_hal_flash.c ****   }
 1255              	 .loc 1 380 5 view .LVU456
 380:Drivers/STM32G4xx_HAL_Driver/Src/stm32g4xx_hal_flash.c ****   }
 1256              	 .loc 1 380 29 is_stmt 0 view .LVU457
 1257 00ae 0023     	 movs r3,#0
 1258 00b0 2372     	 strb r3,[r4,#8]
 1259 00b2 BDE7     	 b .L78
 1260              	.LVL98:
 1261              	.L84:
 409:Drivers/STM32G4xx_HAL_Driver/Src/stm32g4xx_hal_flash.c ****         pFlash.ProcedureOnGoing = FLASH_PROC_NONE;
 1262              	 .loc 1 409 9 is_stmt 1 view .LVU458
 409:Drivers/STM32G4xx_HAL_Driver/Src/stm32g4xx_hal_flash.c ****         pFlash.ProcedureOnGoing = FLASH_PROC_NONE;
 1263              	 .loc 1 409 21 is_stmt 0 view .LVU459
 1264 00b4 4FF0FF32 	 mov r2,#-1
 1265 00b8 6261     	 str r2,[r4,#20]
 410:Drivers/STM32G4xx_HAL_Driver/Src/stm32g4xx_hal_flash.c **** 
 1266              	 .loc 1 410 9 is_stmt 1 view .LVU460
 410:Drivers/STM32G4xx_HAL_Driver/Src/stm32g4xx_hal_flash.c **** 
 1267              	 .loc 1 410 33 is_stmt 0 view .LVU461
ARM GAS   			page 60


 1268 00ba 2372     	 strb r3,[r4,#8]
 413:Drivers/STM32G4xx_HAL_Driver/Src/stm32g4xx_hal_flash.c **** 
 1269              	 .loc 1 413 9 is_stmt 1 view .LVU462
 1270 00bc FFF7FEFF 	 bl FLASH_FlushCaches
 1271              	.LVL99:
 416:Drivers/STM32G4xx_HAL_Driver/Src/stm32g4xx_hal_flash.c ****       }
 1272              	 .loc 1 416 9 view .LVU463
 416:Drivers/STM32G4xx_HAL_Driver/Src/stm32g4xx_hal_flash.c ****       }
 1273              	 .loc 1 416 48 is_stmt 0 view .LVU464
 1274 00c0 6069     	 ldr r0,[r4,#20]
 416:Drivers/STM32G4xx_HAL_Driver/Src/stm32g4xx_hal_flash.c ****       }
 1275              	 .loc 1 416 9 view .LVU465
 1276 00c2 FFF7FEFF 	 bl HAL_FLASH_EndOfOperationCallback
 1277              	.LVL100:
 1278 00c6 CCE7     	 b .L82
 1279              	.LVL101:
 1280              	.L100:
 372:Drivers/STM32G4xx_HAL_Driver/Src/stm32g4xx_hal_flash.c ****     }
 1281              	 .loc 1 372 7 is_stmt 1 view .LVU466
 372:Drivers/STM32G4xx_HAL_Driver/Src/stm32g4xx_hal_flash.c ****     }
 1282              	 .loc 1 372 46 is_stmt 0 view .LVU467
 1283 00c8 E068     	 ldr r0,[r4,#12]
 372:Drivers/STM32G4xx_HAL_Driver/Src/stm32g4xx_hal_flash.c ****     }
 1284              	 .loc 1 372 7 view .LVU468
 1285 00ca FFF7FEFF 	 bl HAL_FLASH_OperationErrorCallback
 1286              	.LVL102:
 372:Drivers/STM32G4xx_HAL_Driver/Src/stm32g4xx_hal_flash.c ****     }
 1287              	 .loc 1 372 7 view .LVU469
 1288 00ce EEE7     	 b .L80
 1289              	.LVL103:
 1290              	.L98:
 363:Drivers/STM32G4xx_HAL_Driver/Src/stm32g4xx_hal_flash.c ****     }
 1291              	 .loc 1 363 7 is_stmt 1 view .LVU470
 363:Drivers/STM32G4xx_HAL_Driver/Src/stm32g4xx_hal_flash.c ****     }
 1292              	 .loc 1 363 46 is_stmt 0 view .LVU471
 1293 00d0 6069     	 ldr r0,[r4,#20]
 363:Drivers/STM32G4xx_HAL_Driver/Src/stm32g4xx_hal_flash.c ****     }
 1294              	 .loc 1 363 7 view .LVU472
 1295 00d2 FFF7FEFF 	 bl HAL_FLASH_OperationErrorCallback
 1296              	.LVL104:
 363:Drivers/STM32G4xx_HAL_Driver/Src/stm32g4xx_hal_flash.c ****     }
 1297              	 .loc 1 363 7 view .LVU473
 1298 00d6 EAE7     	 b .L80
 1299              	.LVL105:
 1300              	.L99:
 367:Drivers/STM32G4xx_HAL_Driver/Src/stm32g4xx_hal_flash.c ****     }
 1301              	 .loc 1 367 7 is_stmt 1 view .LVU474
 367:Drivers/STM32G4xx_HAL_Driver/Src/stm32g4xx_hal_flash.c ****     }
 1302              	 .loc 1 367 46 is_stmt 0 view .LVU475
 1303 00d8 2069     	 ldr r0,[r4,#16]
 367:Drivers/STM32G4xx_HAL_Driver/Src/stm32g4xx_hal_flash.c ****     }
 1304              	 .loc 1 367 7 view .LVU476
 1305 00da FFF7FEFF 	 bl HAL_FLASH_OperationErrorCallback
 1306              	.LVL106:
 367:Drivers/STM32G4xx_HAL_Driver/Src/stm32g4xx_hal_flash.c ****     }
 1307              	 .loc 1 367 7 view .LVU477
 1308 00de E6E7     	 b .L80
ARM GAS   			page 61


 1309              	.LVL107:
 1310              	.L96:
 429:Drivers/STM32G4xx_HAL_Driver/Src/stm32g4xx_hal_flash.c ****       }
 1311              	 .loc 1 429 9 is_stmt 1 view .LVU478
 429:Drivers/STM32G4xx_HAL_Driver/Src/stm32g4xx_hal_flash.c ****       }
 1312              	 .loc 1 429 48 is_stmt 0 view .LVU479
 1313 00e0 2069     	 ldr r0,[r4,#16]
 429:Drivers/STM32G4xx_HAL_Driver/Src/stm32g4xx_hal_flash.c ****       }
 1314              	 .loc 1 429 9 view .LVU480
 1315 00e2 FFF7FEFF 	 bl HAL_FLASH_EndOfOperationCallback
 1316              	.LVL108:
 429:Drivers/STM32G4xx_HAL_Driver/Src/stm32g4xx_hal_flash.c ****       }
 1317              	 .loc 1 429 9 view .LVU481
 1318 00e6 D0E7     	 b .L86
 1319              	.LVL109:
 1320              	.L97:
 436:Drivers/STM32G4xx_HAL_Driver/Src/stm32g4xx_hal_flash.c ****       }
 1321              	 .loc 1 436 9 is_stmt 1 view .LVU482
 436:Drivers/STM32G4xx_HAL_Driver/Src/stm32g4xx_hal_flash.c ****       }
 1322              	 .loc 1 436 48 is_stmt 0 view .LVU483
 1323 00e8 E068     	 ldr r0,[r4,#12]
 436:Drivers/STM32G4xx_HAL_Driver/Src/stm32g4xx_hal_flash.c ****       }
 1324              	 .loc 1 436 9 view .LVU484
 1325 00ea FFF7FEFF 	 bl HAL_FLASH_EndOfOperationCallback
 1326              	.LVL110:
 436:Drivers/STM32G4xx_HAL_Driver/Src/stm32g4xx_hal_flash.c ****       }
 1327              	 .loc 1 436 9 view .LVU485
 1328 00ee CCE7     	 b .L86
 1329              	.L102:
 1330              	 .align 2
 1331              	.L101:
 1332 00f0 00200240 	 .word 1073881088
 1333 00f4 00000000 	 .word pFlash
 1334              	 .cfi_endproc
 1335              	.LFE363:
 1337              	 .section .text.HAL_FLASH_Unlock,"ax",%progbits
 1338              	 .align 1
 1339              	 .p2align 2,,3
 1340              	 .global HAL_FLASH_Unlock
 1341              	 .syntax unified
 1342              	 .thumb
 1343              	 .thumb_func
 1345              	HAL_FLASH_Unlock:
 1346              	.LFB366:
 519:Drivers/STM32G4xx_HAL_Driver/Src/stm32g4xx_hal_flash.c ****   HAL_StatusTypeDef status = HAL_OK;
 1347              	 .loc 1 519 1 is_stmt 1 view-0
 1348              	 .cfi_startproc
 1349              	 
 1350              	 
 1351              	 
 520:Drivers/STM32G4xx_HAL_Driver/Src/stm32g4xx_hal_flash.c **** 
 1352              	 .loc 1 520 3 view .LVU487
 1353              	.LVL111:
 522:Drivers/STM32G4xx_HAL_Driver/Src/stm32g4xx_hal_flash.c ****   {
 1354              	 .loc 1 522 3 view .LVU488
 522:Drivers/STM32G4xx_HAL_Driver/Src/stm32g4xx_hal_flash.c ****   {
 1355              	 .loc 1 522 7 is_stmt 0 view .LVU489
ARM GAS   			page 62


 1356 0000 064B     	 ldr r3,.L107
 1357 0002 5A69     	 ldr r2,[r3,#20]
 522:Drivers/STM32G4xx_HAL_Driver/Src/stm32g4xx_hal_flash.c ****   {
 1358              	 .loc 1 522 6 view .LVU490
 1359 0004 002A     	 cmp r2,#0
 1360 0006 01DB     	 blt .L106
 520:Drivers/STM32G4xx_HAL_Driver/Src/stm32g4xx_hal_flash.c **** 
 1361              	 .loc 1 520 21 view .LVU491
 1362 0008 0020     	 movs r0,#0
 1363              	.LVL112:
 535:Drivers/STM32G4xx_HAL_Driver/Src/stm32g4xx_hal_flash.c **** }
 1364              	 .loc 1 535 3 is_stmt 1 view .LVU492
 536:Drivers/STM32G4xx_HAL_Driver/Src/stm32g4xx_hal_flash.c **** 
 1365              	 .loc 1 536 1 is_stmt 0 view .LVU493
 1366 000a 7047     	 bx lr
 1367              	.LVL113:
 1368              	.L106:
 525:Drivers/STM32G4xx_HAL_Driver/Src/stm32g4xx_hal_flash.c ****     WRITE_REG(FLASH->KEYR, FLASH_KEY2);
 1369              	 .loc 1 525 5 is_stmt 1 view .LVU494
 1370 000c 0449     	 ldr r1,.L107+4
 526:Drivers/STM32G4xx_HAL_Driver/Src/stm32g4xx_hal_flash.c **** 
 1371              	 .loc 1 526 5 is_stmt 0 view .LVU495
 1372 000e 054A     	 ldr r2,.L107+8
 525:Drivers/STM32G4xx_HAL_Driver/Src/stm32g4xx_hal_flash.c ****     WRITE_REG(FLASH->KEYR, FLASH_KEY2);
 1373              	 .loc 1 525 5 view .LVU496
 1374 0010 9960     	 str r1,[r3,#8]
 526:Drivers/STM32G4xx_HAL_Driver/Src/stm32g4xx_hal_flash.c **** 
 1375              	 .loc 1 526 5 is_stmt 1 view .LVU497
 1376 0012 9A60     	 str r2,[r3,#8]
 529:Drivers/STM32G4xx_HAL_Driver/Src/stm32g4xx_hal_flash.c ****     {
 1377              	 .loc 1 529 5 view .LVU498
 529:Drivers/STM32G4xx_HAL_Driver/Src/stm32g4xx_hal_flash.c ****     {
 1378              	 .loc 1 529 9 is_stmt 0 view .LVU499
 1379 0014 5869     	 ldr r0,[r3,#20]
 529:Drivers/STM32G4xx_HAL_Driver/Src/stm32g4xx_hal_flash.c ****     {
 1380              	 .loc 1 529 8 view .LVU500
 1381 0016 C00F     	 lsrs r0,r0,#31
 1382 0018 7047     	 bx lr
 1383              	.L108:
 1384 001a 00BF     	 .align 2
 1385              	.L107:
 1386 001c 00200240 	 .word 1073881088
 1387 0020 23016745 	 .word 1164378403
 1388 0024 AB89EFCD 	 .word -839939669
 1389              	 .cfi_endproc
 1390              	.LFE366:
 1392              	 .section .text.HAL_FLASH_Lock,"ax",%progbits
 1393              	 .align 1
 1394              	 .p2align 2,,3
 1395              	 .global HAL_FLASH_Lock
 1396              	 .syntax unified
 1397              	 .thumb
 1398              	 .thumb_func
 1400              	HAL_FLASH_Lock:
 1401              	.LFB367:
 543:Drivers/STM32G4xx_HAL_Driver/Src/stm32g4xx_hal_flash.c ****   HAL_StatusTypeDef status = HAL_ERROR;
 1402              	 .loc 1 543 1 is_stmt 1 view-0
ARM GAS   			page 63


 1403              	 .cfi_startproc
 1404              	 
 1405              	 
 1406              	 
 544:Drivers/STM32G4xx_HAL_Driver/Src/stm32g4xx_hal_flash.c **** 
 1407              	 .loc 1 544 3 view .LVU502
 1408              	.LVL114:
 547:Drivers/STM32G4xx_HAL_Driver/Src/stm32g4xx_hal_flash.c **** 
 1409              	 .loc 1 547 3 view .LVU503
 1410 0000 044B     	 ldr r3,.L110
 1411 0002 5A69     	 ldr r2,[r3,#20]
 1412 0004 42F00042 	 orr r2,r2,#-2147483648
 1413 0008 5A61     	 str r2,[r3,#20]
 550:Drivers/STM32G4xx_HAL_Driver/Src/stm32g4xx_hal_flash.c ****   {
 1414              	 .loc 1 550 3 view .LVU504
 550:Drivers/STM32G4xx_HAL_Driver/Src/stm32g4xx_hal_flash.c ****   {
 1415              	 .loc 1 550 7 is_stmt 0 view .LVU505
 1416 000a 5869     	 ldr r0,[r3,#20]
 1417              	.LVL115:
 555:Drivers/STM32G4xx_HAL_Driver/Src/stm32g4xx_hal_flash.c **** }
 1418              	 .loc 1 555 3 is_stmt 1 view .LVU506
 556:Drivers/STM32G4xx_HAL_Driver/Src/stm32g4xx_hal_flash.c **** 
 1419              	 .loc 1 556 1 is_stmt 0 view .LVU507
 1420 000c C043     	 mvns r0,r0
 1421              	.LVL116:
 556:Drivers/STM32G4xx_HAL_Driver/Src/stm32g4xx_hal_flash.c **** 
 1422              	 .loc 1 556 1 view .LVU508
 1423 000e C00F     	 lsrs r0,r0,#31
 1424              	.LVL117:
 556:Drivers/STM32G4xx_HAL_Driver/Src/stm32g4xx_hal_flash.c **** 
 1425              	 .loc 1 556 1 view .LVU509
 1426 0010 7047     	 bx lr
 1427              	.L111:
 1428 0012 00BF     	 .align 2
 1429              	.L110:
 1430 0014 00200240 	 .word 1073881088
 1431              	 .cfi_endproc
 1432              	.LFE367:
 1434              	 .section .text.HAL_FLASH_OB_Unlock,"ax",%progbits
 1435              	 .align 1
 1436              	 .p2align 2,,3
 1437              	 .global HAL_FLASH_OB_Unlock
 1438              	 .syntax unified
 1439              	 .thumb
 1440              	 .thumb_func
 1442              	HAL_FLASH_OB_Unlock:
 1443              	.LFB368:
 563:Drivers/STM32G4xx_HAL_Driver/Src/stm32g4xx_hal_flash.c ****   HAL_StatusTypeDef status = HAL_OK;
 1444              	 .loc 1 563 1 is_stmt 1 view-0
 1445              	 .cfi_startproc
 1446              	 
 1447              	 
 1448              	 
 564:Drivers/STM32G4xx_HAL_Driver/Src/stm32g4xx_hal_flash.c **** 
 1449              	 .loc 1 564 3 view .LVU511
 1450              	.LVL118:
 566:Drivers/STM32G4xx_HAL_Driver/Src/stm32g4xx_hal_flash.c ****   {
ARM GAS   			page 64


 1451              	 .loc 1 566 3 view .LVU512
 566:Drivers/STM32G4xx_HAL_Driver/Src/stm32g4xx_hal_flash.c ****   {
 1452              	 .loc 1 566 7 is_stmt 0 view .LVU513
 1453 0000 064B     	 ldr r3,.L115
 1454 0002 5869     	 ldr r0,[r3,#20]
 566:Drivers/STM32G4xx_HAL_Driver/Src/stm32g4xx_hal_flash.c ****   {
 1455              	 .loc 1 566 6 view .LVU514
 1456 0004 10F08040 	 ands r0,r0,#1073741824
 1457 0008 06D0     	 beq .L113
 569:Drivers/STM32G4xx_HAL_Driver/Src/stm32g4xx_hal_flash.c ****     WRITE_REG(FLASH->OPTKEYR, FLASH_OPTKEY2);
 1458              	 .loc 1 569 5 is_stmt 1 view .LVU515
 1459 000a 0549     	 ldr r1,.L115+4
 570:Drivers/STM32G4xx_HAL_Driver/Src/stm32g4xx_hal_flash.c **** 
 1460              	 .loc 1 570 5 is_stmt 0 view .LVU516
 1461 000c 054A     	 ldr r2,.L115+8
 569:Drivers/STM32G4xx_HAL_Driver/Src/stm32g4xx_hal_flash.c ****     WRITE_REG(FLASH->OPTKEYR, FLASH_OPTKEY2);
 1462              	 .loc 1 569 5 view .LVU517
 1463 000e D960     	 str r1,[r3,#12]
 570:Drivers/STM32G4xx_HAL_Driver/Src/stm32g4xx_hal_flash.c **** 
 1464              	 .loc 1 570 5 is_stmt 1 view .LVU518
 1465 0010 DA60     	 str r2,[r3,#12]
 573:Drivers/STM32G4xx_HAL_Driver/Src/stm32g4xx_hal_flash.c ****     {
 1466              	 .loc 1 573 5 view .LVU519
 573:Drivers/STM32G4xx_HAL_Driver/Src/stm32g4xx_hal_flash.c ****     {
 1467              	 .loc 1 573 9 is_stmt 0 view .LVU520
 1468 0012 5869     	 ldr r0,[r3,#20]
 573:Drivers/STM32G4xx_HAL_Driver/Src/stm32g4xx_hal_flash.c ****     {
 1469              	 .loc 1 573 8 view .LVU521
 1470 0014 C0F38070 	 ubfx r0,r0,#30,#1
 1471              	.L113:
 1472              	.LVL119:
 579:Drivers/STM32G4xx_HAL_Driver/Src/stm32g4xx_hal_flash.c **** }
 1473              	 .loc 1 579 3 is_stmt 1 view .LVU522
 580:Drivers/STM32G4xx_HAL_Driver/Src/stm32g4xx_hal_flash.c **** 
 1474              	 .loc 1 580 1 is_stmt 0 view .LVU523
 1475 0018 7047     	 bx lr
 1476              	.L116:
 1477 001a 00BF     	 .align 2
 1478              	.L115:
 1479 001c 00200240 	 .word 1073881088
 1480 0020 3B2A1908 	 .word 135866939
 1481 0024 7F6E5D4C 	 .word 1281191551
 1482              	 .cfi_endproc
 1483              	.LFE368:
 1485              	 .section .text.HAL_FLASH_OB_Lock,"ax",%progbits
 1486              	 .align 1
 1487              	 .p2align 2,,3
 1488              	 .global HAL_FLASH_OB_Lock
 1489              	 .syntax unified
 1490              	 .thumb
 1491              	 .thumb_func
 1493              	HAL_FLASH_OB_Lock:
 1494              	.LFB369:
 587:Drivers/STM32G4xx_HAL_Driver/Src/stm32g4xx_hal_flash.c ****   HAL_StatusTypeDef status = HAL_ERROR;
 1495              	 .loc 1 587 1 is_stmt 1 view-0
 1496              	 .cfi_startproc
 1497              	 
ARM GAS   			page 65


 1498              	 
 1499              	 
 588:Drivers/STM32G4xx_HAL_Driver/Src/stm32g4xx_hal_flash.c **** 
 1500              	 .loc 1 588 3 view .LVU525
 1501              	.LVL120:
 591:Drivers/STM32G4xx_HAL_Driver/Src/stm32g4xx_hal_flash.c **** 
 1502              	 .loc 1 591 3 view .LVU526
 1503 0000 054B     	 ldr r3,.L118
 1504 0002 5A69     	 ldr r2,[r3,#20]
 1505 0004 42F08042 	 orr r2,r2,#1073741824
 1506 0008 5A61     	 str r2,[r3,#20]
 594:Drivers/STM32G4xx_HAL_Driver/Src/stm32g4xx_hal_flash.c ****   {
 1507              	 .loc 1 594 3 view .LVU527
 594:Drivers/STM32G4xx_HAL_Driver/Src/stm32g4xx_hal_flash.c ****   {
 1508              	 .loc 1 594 7 is_stmt 0 view .LVU528
 1509 000a 5869     	 ldr r0,[r3,#20]
 1510              	.LVL121:
 599:Drivers/STM32G4xx_HAL_Driver/Src/stm32g4xx_hal_flash.c **** }
 1511              	 .loc 1 599 3 is_stmt 1 view .LVU529
 594:Drivers/STM32G4xx_HAL_Driver/Src/stm32g4xx_hal_flash.c ****   {
 1512              	 .loc 1 594 6 is_stmt 0 view .LVU530
 1513 000c 80F08040 	 eor r0,r0,#1073741824
 1514              	.LVL122:
 600:Drivers/STM32G4xx_HAL_Driver/Src/stm32g4xx_hal_flash.c **** 
 1515              	 .loc 1 600 1 view .LVU531
 1516 0010 C0F38070 	 ubfx r0,r0,#30,#1
 1517              	.LVL123:
 600:Drivers/STM32G4xx_HAL_Driver/Src/stm32g4xx_hal_flash.c **** 
 1518              	 .loc 1 600 1 view .LVU532
 1519 0014 7047     	 bx lr
 1520              	.L119:
 1521 0016 00BF     	 .align 2
 1522              	.L118:
 1523 0018 00200240 	 .word 1073881088
 1524              	 .cfi_endproc
 1525              	.LFE369:
 1527              	 .section .text.HAL_FLASH_OB_Launch,"ax",%progbits
 1528              	 .align 1
 1529              	 .p2align 2,,3
 1530              	 .global HAL_FLASH_OB_Launch
 1531              	 .syntax unified
 1532              	 .thumb
 1533              	 .thumb_func
 1535              	HAL_FLASH_OB_Launch:
 1536              	.LFB370:
 607:Drivers/STM32G4xx_HAL_Driver/Src/stm32g4xx_hal_flash.c ****   /* Set the bit to force the option byte reloading */
 1537              	 .loc 1 607 1 is_stmt 1 view-0
 1538              	 .cfi_startproc
 1539              	 
 1540              	 
 609:Drivers/STM32G4xx_HAL_Driver/Src/stm32g4xx_hal_flash.c **** 
 1541              	 .loc 1 609 3 view .LVU534
 607:Drivers/STM32G4xx_HAL_Driver/Src/stm32g4xx_hal_flash.c ****   /* Set the bit to force the option byte reloading */
 1542              	 .loc 1 607 1 is_stmt 0 view .LVU535
 1543 0000 38B5     	 push {r3,r4,r5,lr}
 1544              	 .cfi_def_cfa_offset 16
 1545              	 .cfi_offset 3,-16
ARM GAS   			page 66


 1546              	 .cfi_offset 4,-12
 1547              	 .cfi_offset 5,-8
 1548              	 .cfi_offset 14,-4
 609:Drivers/STM32G4xx_HAL_Driver/Src/stm32g4xx_hal_flash.c **** 
 1549              	 .loc 1 609 3 view .LVU536
 1550 0002 134C     	 ldr r4,.L132
 1551 0004 6369     	 ldr r3,[r4,#20]
 1552 0006 43F00063 	 orr r3,r3,#134217728
 1553 000a 6361     	 str r3,[r4,#20]
 612:Drivers/STM32G4xx_HAL_Driver/Src/stm32g4xx_hal_flash.c **** }
 1554              	 .loc 1 612 3 is_stmt 1 view .LVU537
 1555              	.LVL124:
 1556              	.LBB142:
 1557              	.LBI142:
 678:Drivers/STM32G4xx_HAL_Driver/Src/stm32g4xx_hal_flash.c **** {
 1558              	 .loc 1 678 19 view .LVU538
 1559              	.LBB143:
 684:Drivers/STM32G4xx_HAL_Driver/Src/stm32g4xx_hal_flash.c ****   uint32_t error;
 1560              	 .loc 1 684 3 view .LVU539
 684:Drivers/STM32G4xx_HAL_Driver/Src/stm32g4xx_hal_flash.c ****   uint32_t error;
 1561              	 .loc 1 684 24 is_stmt 0 view .LVU540
 1562 000c FFF7FEFF 	 bl HAL_GetTick
 1563              	.LVL125:
 1564 0010 0546     	 mov r5,r0
 1565              	.LVL126:
 685:Drivers/STM32G4xx_HAL_Driver/Src/stm32g4xx_hal_flash.c **** 
 1566              	 .loc 1 685 3 is_stmt 1 view .LVU541
 687:Drivers/STM32G4xx_HAL_Driver/Src/stm32g4xx_hal_flash.c ****   {
 1567              	 .loc 1 687 3 view .LVU542
 687:Drivers/STM32G4xx_HAL_Driver/Src/stm32g4xx_hal_flash.c ****   {
 1568              	 .loc 1 687 9 is_stmt 0 view .LVU543
 1569 0012 05E0     	 b .L121
 1570              	.LVL127:
 1571              	.L123:
 689:Drivers/STM32G4xx_HAL_Driver/Src/stm32g4xx_hal_flash.c ****     {
 1572              	 .loc 1 689 10 view .LVU544
 1573 0014 FFF7FEFF 	 bl HAL_GetTick
 1574              	.LVL128:
 689:Drivers/STM32G4xx_HAL_Driver/Src/stm32g4xx_hal_flash.c ****     {
 1575              	 .loc 1 689 24 discriminator 1 view .LVU545
 1576 0018 401B     	 subs r0,r0,r5
 689:Drivers/STM32G4xx_HAL_Driver/Src/stm32g4xx_hal_flash.c ****     {
 1577              	 .loc 1 689 8 discriminator 1 view .LVU546
 1578 001a B0F57A7F 	 cmp r0,#1000
 1579 001e 0ED8     	 bhi .L126
 1580              	.L121:
 689:Drivers/STM32G4xx_HAL_Driver/Src/stm32g4xx_hal_flash.c ****     {
 1581              	 .loc 1 689 5 is_stmt 1 view .LVU547
 687:Drivers/STM32G4xx_HAL_Driver/Src/stm32g4xx_hal_flash.c ****   {
 1582              	 .loc 1 687 10 view .LVU548
 1583 0020 2369     	 ldr r3,[r4,#16]
 1584 0022 DA03     	 lsls r2,r3,#15
 1585 0024 F6D4     	 bmi .L123
 696:Drivers/STM32G4xx_HAL_Driver/Src/stm32g4xx_hal_flash.c ****   if (error != 0u)
 1586              	 .loc 1 696 3 view .LVU549
 696:Drivers/STM32G4xx_HAL_Driver/Src/stm32g4xx_hal_flash.c ****   if (error != 0u)
 1587              	 .loc 1 696 17 is_stmt 0 view .LVU550
ARM GAS   			page 67


 1588 0026 2369     	 ldr r3,[r4,#16]
 696:Drivers/STM32G4xx_HAL_Driver/Src/stm32g4xx_hal_flash.c ****   if (error != 0u)
 1589              	 .loc 1 696 9 view .LVU551
 1590 0028 4CF2FA32 	 movw r2,#50170
 1591              	.LVL129:
 697:Drivers/STM32G4xx_HAL_Driver/Src/stm32g4xx_hal_flash.c ****   {
 1592              	 .loc 1 697 3 is_stmt 1 view .LVU552
 697:Drivers/STM32G4xx_HAL_Driver/Src/stm32g4xx_hal_flash.c ****   {
 1593              	 .loc 1 697 6 is_stmt 0 view .LVU553
 1594 002c 1340     	 ands r3,r3,r2
 1595              	.LVL130:
 697:Drivers/STM32G4xx_HAL_Driver/Src/stm32g4xx_hal_flash.c ****   {
 1596              	 .loc 1 697 6 view .LVU554
 1597 002e 08D1     	 bne .L131
 1598              	.LBB144:
 1599              	.LBI144:
 678:Drivers/STM32G4xx_HAL_Driver/Src/stm32g4xx_hal_flash.c **** {
 1600              	 .loc 1 678 19 is_stmt 1 view .LVU555
 1601              	.LVL131:
 1602              	.LBB145:
 709:Drivers/STM32G4xx_HAL_Driver/Src/stm32g4xx_hal_flash.c ****   {
 1603              	 .loc 1 709 3 view .LVU556
 709:Drivers/STM32G4xx_HAL_Driver/Src/stm32g4xx_hal_flash.c ****   {
 1604              	 .loc 1 709 7 is_stmt 0 view .LVU557
 1605 0030 2369     	 ldr r3,[r4,#16]
 1606              	.LVL132:
 709:Drivers/STM32G4xx_HAL_Driver/Src/stm32g4xx_hal_flash.c ****   {
 1607              	 .loc 1 709 6 view .LVU558
 1608 0032 DB07     	 lsls r3,r3,#31
 712:Drivers/STM32G4xx_HAL_Driver/Src/stm32g4xx_hal_flash.c ****   }
 1609              	 .loc 1 712 5 is_stmt 1 view .LVU559
 712:Drivers/STM32G4xx_HAL_Driver/Src/stm32g4xx_hal_flash.c ****   }
 1610              	 .loc 1 712 5 view .LVU560
 712:Drivers/STM32G4xx_HAL_Driver/Src/stm32g4xx_hal_flash.c ****   }
 1611              	 .loc 1 712 5 discriminator 3 view .LVU561
 712:Drivers/STM32G4xx_HAL_Driver/Src/stm32g4xx_hal_flash.c ****   }
 1612              	 .loc 1 712 5 discriminator 4 view .LVU562
 1613 0034 44BF     	 itt mi
 1614 0036 0123     	 movmi r3,#1
 1615 0038 2361     	 strmi r3,[r4,#16]
 1616              	.LBE145:
 1617              	.LBE144:
 705:Drivers/STM32G4xx_HAL_Driver/Src/stm32g4xx_hal_flash.c ****   }
 1618              	 .loc 1 705 12 is_stmt 0 view .LVU563
 1619 003a 0020     	 movs r0,#0
 1620              	.LVL133:
 705:Drivers/STM32G4xx_HAL_Driver/Src/stm32g4xx_hal_flash.c ****   }
 1621              	 .loc 1 705 12 view .LVU564
 1622              	.LBE143:
 1623              	.LBE142:
 613:Drivers/STM32G4xx_HAL_Driver/Src/stm32g4xx_hal_flash.c **** 
 1624              	 .loc 1 613 1 view .LVU565
 1625 003c 38BD     	 pop {r3,r4,r5,pc}
 1626              	.LVL134:
 1627              	.L126:
 1628              	.LBB148:
 1629              	.LBB146:
ARM GAS   			page 68


 691:Drivers/STM32G4xx_HAL_Driver/Src/stm32g4xx_hal_flash.c ****     }
 1630              	 .loc 1 691 14 view .LVU566
 1631 003e 0320     	 movs r0,#3
 1632              	.LVL135:
 691:Drivers/STM32G4xx_HAL_Driver/Src/stm32g4xx_hal_flash.c ****     }
 1633              	 .loc 1 691 14 view .LVU567
 1634              	.LBE146:
 1635              	.LBE148:
 613:Drivers/STM32G4xx_HAL_Driver/Src/stm32g4xx_hal_flash.c **** 
 1636              	 .loc 1 613 1 view .LVU568
 1637 0040 38BD     	 pop {r3,r4,r5,pc}
 1638              	.LVL136:
 1639              	.L131:
 1640              	.LBB149:
 1641              	.LBB147:
 700:Drivers/STM32G4xx_HAL_Driver/Src/stm32g4xx_hal_flash.c **** 
 1642              	 .loc 1 700 5 is_stmt 1 view .LVU569
 700:Drivers/STM32G4xx_HAL_Driver/Src/stm32g4xx_hal_flash.c **** 
 1643              	 .loc 1 700 11 is_stmt 0 view .LVU570
 1644 0042 0449     	 ldr r1,.L132+4
 1645 0044 4A68     	 ldr r2,[r1,#4]
 700:Drivers/STM32G4xx_HAL_Driver/Src/stm32g4xx_hal_flash.c **** 
 1646              	 .loc 1 700 22 view .LVU571
 1647 0046 1A43     	 orrs r2,r2,r3
 1648 0048 4A60     	 str r2,[r1,#4]
 703:Drivers/STM32G4xx_HAL_Driver/Src/stm32g4xx_hal_flash.c **** 
 1649              	 .loc 1 703 5 is_stmt 1 view .LVU572
 703:Drivers/STM32G4xx_HAL_Driver/Src/stm32g4xx_hal_flash.c **** 
 1650              	 .loc 1 703 5 view .LVU573
 703:Drivers/STM32G4xx_HAL_Driver/Src/stm32g4xx_hal_flash.c **** 
 1651              	 .loc 1 703 5 discriminator 3 view .LVU574
 703:Drivers/STM32G4xx_HAL_Driver/Src/stm32g4xx_hal_flash.c **** 
 1652              	 .loc 1 703 5 discriminator 4 view .LVU575
 705:Drivers/STM32G4xx_HAL_Driver/Src/stm32g4xx_hal_flash.c ****   }
 1653              	 .loc 1 705 12 is_stmt 0 view .LVU576
 1654 004a 0120     	 movs r0,#1
 703:Drivers/STM32G4xx_HAL_Driver/Src/stm32g4xx_hal_flash.c **** 
 1655              	 .loc 1 703 5 discriminator 4 view .LVU577
 1656 004c 2361     	 str r3,[r4,#16]
 703:Drivers/STM32G4xx_HAL_Driver/Src/stm32g4xx_hal_flash.c **** 
 1657              	 .loc 1 703 5 is_stmt 1 discriminator 6 view .LVU578
 705:Drivers/STM32G4xx_HAL_Driver/Src/stm32g4xx_hal_flash.c ****   }
 1658              	 .loc 1 705 5 view .LVU579
 1659              	.LVL137:
 705:Drivers/STM32G4xx_HAL_Driver/Src/stm32g4xx_hal_flash.c ****   }
 1660              	 .loc 1 705 5 is_stmt 0 view .LVU580
 1661              	.LBE147:
 1662              	.LBE149:
 613:Drivers/STM32G4xx_HAL_Driver/Src/stm32g4xx_hal_flash.c **** 
 1663              	 .loc 1 613 1 view .LVU581
 1664 004e 38BD     	 pop {r3,r4,r5,pc}
 1665              	.L133:
 1666              	 .align 2
 1667              	.L132:
 1668 0050 00200240 	 .word 1073881088
 1669 0054 00000000 	 .word pFlash
 1670              	 .cfi_endproc
ARM GAS   			page 69


 1671              	.LFE370:
 1673              	 .section .text.HAL_FLASH_GetError,"ax",%progbits
 1674              	 .align 1
 1675              	 .p2align 2,,3
 1676              	 .global HAL_FLASH_GetError
 1677              	 .syntax unified
 1678              	 .thumb
 1679              	 .thumb_func
 1681              	HAL_FLASH_GetError:
 1682              	.LFB371:
 655:Drivers/STM32G4xx_HAL_Driver/Src/stm32g4xx_hal_flash.c ****   return pFlash.ErrorCode;
 1683              	 .loc 1 655 1 is_stmt 1 view-0
 1684              	 .cfi_startproc
 1685              	 
 1686              	 
 1687              	 
 656:Drivers/STM32G4xx_HAL_Driver/Src/stm32g4xx_hal_flash.c **** }
 1688              	 .loc 1 656 3 view .LVU583
 656:Drivers/STM32G4xx_HAL_Driver/Src/stm32g4xx_hal_flash.c **** }
 1689              	 .loc 1 656 16 is_stmt 0 view .LVU584
 1690 0000 014B     	 ldr r3,.L135
 1691 0002 5868     	 ldr r0,[r3,#4]
 657:Drivers/STM32G4xx_HAL_Driver/Src/stm32g4xx_hal_flash.c **** 
 1692              	 .loc 1 657 1 view .LVU585
 1693 0004 7047     	 bx lr
 1694              	.L136:
 1695 0006 00BF     	 .align 2
 1696              	.L135:
 1697 0008 00000000 	 .word pFlash
 1698              	 .cfi_endproc
 1699              	.LFE371:
 1701              	 .section .text.FLASH_WaitForLastOperation,"ax",%progbits
 1702              	 .align 1
 1703              	 .p2align 2,,3
 1704              	 .global FLASH_WaitForLastOperation
 1705              	 .syntax unified
 1706              	 .thumb
 1707              	 .thumb_func
 1709              	FLASH_WaitForLastOperation:
 1710              	.LVL138:
 1711              	.LFB372:
 679:Drivers/STM32G4xx_HAL_Driver/Src/stm32g4xx_hal_flash.c ****   /* Wait for the FLASH operation to complete by polling on BUSY flag to be reset.
 1712              	 .loc 1 679 1 is_stmt 1 view-0
 1713              	 .cfi_startproc
 1714              	 
 1715              	 
 684:Drivers/STM32G4xx_HAL_Driver/Src/stm32g4xx_hal_flash.c ****   uint32_t error;
 1716              	 .loc 1 684 3 view .LVU587
 679:Drivers/STM32G4xx_HAL_Driver/Src/stm32g4xx_hal_flash.c ****   /* Wait for the FLASH operation to complete by polling on BUSY flag to be reset.
 1717              	 .loc 1 679 1 is_stmt 0 view .LVU588
 1718 0000 70B5     	 push {r4,r5,r6,lr}
 1719              	 .cfi_def_cfa_offset 16
 1720              	 .cfi_offset 4,-16
 1721              	 .cfi_offset 5,-12
 1722              	 .cfi_offset 6,-8
 1723              	 .cfi_offset 14,-4
 679:Drivers/STM32G4xx_HAL_Driver/Src/stm32g4xx_hal_flash.c ****   /* Wait for the FLASH operation to complete by polling on BUSY flag to be reset.
ARM GAS   			page 70


 1724              	 .loc 1 679 1 view .LVU589
 1725 0002 0546     	 mov r5,r0
 684:Drivers/STM32G4xx_HAL_Driver/Src/stm32g4xx_hal_flash.c ****   uint32_t error;
 1726              	 .loc 1 684 24 view .LVU590
 1727 0004 FFF7FEFF 	 bl HAL_GetTick
 1728              	.LVL139:
 687:Drivers/STM32G4xx_HAL_Driver/Src/stm32g4xx_hal_flash.c ****   {
 1729              	 .loc 1 687 10 view .LVU591
 1730 0008 0F4E     	 ldr r6,.L149
 684:Drivers/STM32G4xx_HAL_Driver/Src/stm32g4xx_hal_flash.c ****   uint32_t error;
 1731              	 .loc 1 684 24 view .LVU592
 1732 000a 0446     	 mov r4,r0
 1733              	.LVL140:
 685:Drivers/STM32G4xx_HAL_Driver/Src/stm32g4xx_hal_flash.c **** 
 1734              	 .loc 1 685 3 is_stmt 1 view .LVU593
 687:Drivers/STM32G4xx_HAL_Driver/Src/stm32g4xx_hal_flash.c ****   {
 1735              	 .loc 1 687 3 view .LVU594
 687:Drivers/STM32G4xx_HAL_Driver/Src/stm32g4xx_hal_flash.c ****   {
 1736              	 .loc 1 687 9 is_stmt 0 view .LVU595
 1737 000c 04E0     	 b .L138
 1738              	.LVL141:
 1739              	.L140:
 689:Drivers/STM32G4xx_HAL_Driver/Src/stm32g4xx_hal_flash.c ****     {
 1740              	 .loc 1 689 10 view .LVU596
 1741 000e FFF7FEFF 	 bl HAL_GetTick
 1742              	.LVL142:
 689:Drivers/STM32G4xx_HAL_Driver/Src/stm32g4xx_hal_flash.c ****     {
 1743              	 .loc 1 689 24 discriminator 1 view .LVU597
 1744 0012 001B     	 subs r0,r0,r4
 689:Drivers/STM32G4xx_HAL_Driver/Src/stm32g4xx_hal_flash.c ****     {
 1745              	 .loc 1 689 8 discriminator 1 view .LVU598
 1746 0014 A842     	 cmp r0,r5
 1747 0016 0ED8     	 bhi .L143
 1748              	.L138:
 689:Drivers/STM32G4xx_HAL_Driver/Src/stm32g4xx_hal_flash.c ****     {
 1749              	 .loc 1 689 5 is_stmt 1 view .LVU599
 687:Drivers/STM32G4xx_HAL_Driver/Src/stm32g4xx_hal_flash.c ****   {
 1750              	 .loc 1 687 10 view .LVU600
 1751 0018 3369     	 ldr r3,[r6,#16]
 1752 001a DA03     	 lsls r2,r3,#15
 1753 001c F7D4     	 bmi .L140
 696:Drivers/STM32G4xx_HAL_Driver/Src/stm32g4xx_hal_flash.c ****   if (error != 0u)
 1754              	 .loc 1 696 3 view .LVU601
 696:Drivers/STM32G4xx_HAL_Driver/Src/stm32g4xx_hal_flash.c ****   if (error != 0u)
 1755              	 .loc 1 696 17 is_stmt 0 view .LVU602
 1756 001e 3369     	 ldr r3,[r6,#16]
 696:Drivers/STM32G4xx_HAL_Driver/Src/stm32g4xx_hal_flash.c ****   if (error != 0u)
 1757              	 .loc 1 696 9 view .LVU603
 1758 0020 4CF2FA32 	 movw r2,#50170
 1759              	.LVL143:
 697:Drivers/STM32G4xx_HAL_Driver/Src/stm32g4xx_hal_flash.c ****   {
 1760              	 .loc 1 697 3 is_stmt 1 view .LVU604
 697:Drivers/STM32G4xx_HAL_Driver/Src/stm32g4xx_hal_flash.c ****   {
 1761              	 .loc 1 697 6 is_stmt 0 view .LVU605
 1762 0024 1340     	 ands r3,r3,r2
 1763              	.LVL144:
 697:Drivers/STM32G4xx_HAL_Driver/Src/stm32g4xx_hal_flash.c ****   {
ARM GAS   			page 71


 1764              	 .loc 1 697 6 view .LVU606
 1765 0026 08D1     	 bne .L148
 1766              	.LBB152:
 1767              	.LBI152:
 678:Drivers/STM32G4xx_HAL_Driver/Src/stm32g4xx_hal_flash.c **** {
 1768              	 .loc 1 678 19 is_stmt 1 view .LVU607
 1769              	.LVL145:
 1770              	.LBB153:
 709:Drivers/STM32G4xx_HAL_Driver/Src/stm32g4xx_hal_flash.c ****   {
 1771              	 .loc 1 709 3 view .LVU608
 709:Drivers/STM32G4xx_HAL_Driver/Src/stm32g4xx_hal_flash.c ****   {
 1772              	 .loc 1 709 7 is_stmt 0 view .LVU609
 1773 0028 3369     	 ldr r3,[r6,#16]
 1774              	.LVL146:
 709:Drivers/STM32G4xx_HAL_Driver/Src/stm32g4xx_hal_flash.c ****   {
 1775              	 .loc 1 709 6 view .LVU610
 1776 002a DB07     	 lsls r3,r3,#31
 712:Drivers/STM32G4xx_HAL_Driver/Src/stm32g4xx_hal_flash.c ****   }
 1777              	 .loc 1 712 5 is_stmt 1 view .LVU611
 712:Drivers/STM32G4xx_HAL_Driver/Src/stm32g4xx_hal_flash.c ****   }
 1778              	 .loc 1 712 5 view .LVU612
 712:Drivers/STM32G4xx_HAL_Driver/Src/stm32g4xx_hal_flash.c ****   }
 1779              	 .loc 1 712 5 discriminator 3 view .LVU613
 712:Drivers/STM32G4xx_HAL_Driver/Src/stm32g4xx_hal_flash.c ****   }
 1780              	 .loc 1 712 5 discriminator 4 view .LVU614
 1781 002c 44BF     	 itt mi
 1782 002e 0123     	 movmi r3,#1
 1783 0030 3361     	 strmi r3,[r6,#16]
 1784              	.LBE153:
 1785              	.LBE152:
 705:Drivers/STM32G4xx_HAL_Driver/Src/stm32g4xx_hal_flash.c ****   }
 1786              	 .loc 1 705 12 is_stmt 0 view .LVU615
 1787 0032 0020     	 movs r0,#0
 1788              	.LVL147:
 717:Drivers/STM32G4xx_HAL_Driver/Src/stm32g4xx_hal_flash.c **** 
 1789              	 .loc 1 717 1 view .LVU616
 1790 0034 70BD     	 pop {r4,r5,r6,pc}
 1791              	.LVL148:
 1792              	.L143:
 691:Drivers/STM32G4xx_HAL_Driver/Src/stm32g4xx_hal_flash.c ****     }
 1793              	 .loc 1 691 14 view .LVU617
 1794 0036 0320     	 movs r0,#3
 717:Drivers/STM32G4xx_HAL_Driver/Src/stm32g4xx_hal_flash.c **** 
 1795              	 .loc 1 717 1 view .LVU618
 1796 0038 70BD     	 pop {r4,r5,r6,pc}
 1797              	.LVL149:
 1798              	.L148:
 700:Drivers/STM32G4xx_HAL_Driver/Src/stm32g4xx_hal_flash.c **** 
 1799              	 .loc 1 700 5 is_stmt 1 view .LVU619
 700:Drivers/STM32G4xx_HAL_Driver/Src/stm32g4xx_hal_flash.c **** 
 1800              	 .loc 1 700 11 is_stmt 0 view .LVU620
 1801 003a 0449     	 ldr r1,.L149+4
 1802 003c 4A68     	 ldr r2,[r1,#4]
 700:Drivers/STM32G4xx_HAL_Driver/Src/stm32g4xx_hal_flash.c **** 
 1803              	 .loc 1 700 22 view .LVU621
 1804 003e 1A43     	 orrs r2,r2,r3
 1805 0040 4A60     	 str r2,[r1,#4]
ARM GAS   			page 72


 703:Drivers/STM32G4xx_HAL_Driver/Src/stm32g4xx_hal_flash.c **** 
 1806              	 .loc 1 703 5 is_stmt 1 view .LVU622
 703:Drivers/STM32G4xx_HAL_Driver/Src/stm32g4xx_hal_flash.c **** 
 1807              	 .loc 1 703 5 view .LVU623
 703:Drivers/STM32G4xx_HAL_Driver/Src/stm32g4xx_hal_flash.c **** 
 1808              	 .loc 1 703 5 discriminator 3 view .LVU624
 703:Drivers/STM32G4xx_HAL_Driver/Src/stm32g4xx_hal_flash.c **** 
 1809              	 .loc 1 703 5 discriminator 4 view .LVU625
 705:Drivers/STM32G4xx_HAL_Driver/Src/stm32g4xx_hal_flash.c ****   }
 1810              	 .loc 1 705 12 is_stmt 0 view .LVU626
 1811 0042 0120     	 movs r0,#1
 703:Drivers/STM32G4xx_HAL_Driver/Src/stm32g4xx_hal_flash.c **** 
 1812              	 .loc 1 703 5 discriminator 4 view .LVU627
 1813 0044 3361     	 str r3,[r6,#16]
 703:Drivers/STM32G4xx_HAL_Driver/Src/stm32g4xx_hal_flash.c **** 
 1814              	 .loc 1 703 5 is_stmt 1 discriminator 6 view .LVU628
 705:Drivers/STM32G4xx_HAL_Driver/Src/stm32g4xx_hal_flash.c ****   }
 1815              	 .loc 1 705 5 view .LVU629
 717:Drivers/STM32G4xx_HAL_Driver/Src/stm32g4xx_hal_flash.c **** 
 1816              	 .loc 1 717 1 is_stmt 0 view .LVU630
 1817 0046 70BD     	 pop {r4,r5,r6,pc}
 1818              	.LVL150:
 1819              	.L150:
 717:Drivers/STM32G4xx_HAL_Driver/Src/stm32g4xx_hal_flash.c **** 
 1820              	 .loc 1 717 1 view .LVU631
 1821              	 .align 2
 1822              	.L149:
 1823 0048 00200240 	 .word 1073881088
 1824 004c 00000000 	 .word pFlash
 1825              	 .cfi_endproc
 1826              	.LFE372:
 1828              	 .global pFlash
 1829              	 .section .data.pFlash,"aw"
 1830              	 .align 2
 1833              	pFlash:
 1834 0000 00       	 .byte 0
 1835 0001 000000   	 .space 3
 1836 0004 00000000 	 .word 0
 1837 0008 00       	 .byte 0
 1838 0009 000000   	 .space 3
 1839 000c 00000000 	 .word 0
 1840 0010 01000000 	 .word 1
 1841 0014 00000000 	 .word 0
 1842 0018 00000000 	 .word 0
 1843 001c 00       	 .byte 0
 1844 001d 000000   	 .space 3
 1845              	 .text
 1846              	.Letext0:
 1847              	 .file 3 "/usr/lib/gcc/arm-none-eabi/14.2.1/include/stdint.h"
 1848              	 .file 4 "Drivers/CMSIS/Device/ST/STM32G4xx/Include/stm32g474xx.h"
 1849              	 .file 5 "Drivers/STM32G4xx_HAL_Driver/Inc/stm32g4xx_hal_def.h"
 1850              	 .file 6 "Drivers/STM32G4xx_HAL_Driver/Inc/stm32g4xx_hal_flash.h"
 1851              	 .file 7 "Drivers/STM32G4xx_HAL_Driver/Inc/stm32g4xx_hal_flash_ex.h"
 1852              	 .file 8 "Drivers/STM32G4xx_HAL_Driver/Inc/stm32g4xx_hal.h"
ARM GAS   			page 73


DEFINED SYMBOLS
                            *ABS*:00000000 stm32g4xx_hal_flash.c
    {standard input}:19     .text.HAL_FLASH_Program:00000000 $t
    {standard input}:26     .text.HAL_FLASH_Program:00000000 HAL_FLASH_Program
    {standard input}:544    .text.HAL_FLASH_Program:00000168 $d
    {standard input}:1833   .data.pFlash:00000000 pFlash
    {standard input}:552    .text.HAL_FLASH_Program_IT:00000000 $t
    {standard input}:559    .text.HAL_FLASH_Program_IT:00000000 HAL_FLASH_Program_IT
    {standard input}:997    .text.HAL_FLASH_Program_IT:00000134 $d
    {standard input}:1005   .text.HAL_FLASH_EndOfOperationCallback:00000000 $t
    {standard input}:1012   .text.HAL_FLASH_EndOfOperationCallback:00000000 HAL_FLASH_EndOfOperationCallback
    {standard input}:1027   .text.HAL_FLASH_OperationErrorCallback:00000000 $t
    {standard input}:1034   .text.HAL_FLASH_OperationErrorCallback:00000000 HAL_FLASH_OperationErrorCallback
    {standard input}:1046   .text.HAL_FLASH_IRQHandler:00000000 $t
    {standard input}:1053   .text.HAL_FLASH_IRQHandler:00000000 HAL_FLASH_IRQHandler
    {standard input}:1332   .text.HAL_FLASH_IRQHandler:000000f0 $d
    {standard input}:1338   .text.HAL_FLASH_Unlock:00000000 $t
    {standard input}:1345   .text.HAL_FLASH_Unlock:00000000 HAL_FLASH_Unlock
    {standard input}:1386   .text.HAL_FLASH_Unlock:0000001c $d
    {standard input}:1393   .text.HAL_FLASH_Lock:00000000 $t
    {standard input}:1400   .text.HAL_FLASH_Lock:00000000 HAL_FLASH_Lock
    {standard input}:1430   .text.HAL_FLASH_Lock:00000014 $d
    {standard input}:1435   .text.HAL_FLASH_OB_Unlock:00000000 $t
    {standard input}:1442   .text.HAL_FLASH_OB_Unlock:00000000 HAL_FLASH_OB_Unlock
    {standard input}:1479   .text.HAL_FLASH_OB_Unlock:0000001c $d
    {standard input}:1486   .text.HAL_FLASH_OB_Lock:00000000 $t
    {standard input}:1493   .text.HAL_FLASH_OB_Lock:00000000 HAL_FLASH_OB_Lock
    {standard input}:1523   .text.HAL_FLASH_OB_Lock:00000018 $d
    {standard input}:1528   .text.HAL_FLASH_OB_Launch:00000000 $t
    {standard input}:1535   .text.HAL_FLASH_OB_Launch:00000000 HAL_FLASH_OB_Launch
    {standard input}:1668   .text.HAL_FLASH_OB_Launch:00000050 $d
    {standard input}:1674   .text.HAL_FLASH_GetError:00000000 $t
    {standard input}:1681   .text.HAL_FLASH_GetError:00000000 HAL_FLASH_GetError
    {standard input}:1697   .text.HAL_FLASH_GetError:00000008 $d
    {standard input}:1702   .text.FLASH_WaitForLastOperation:00000000 $t
    {standard input}:1709   .text.FLASH_WaitForLastOperation:00000000 FLASH_WaitForLastOperation
    {standard input}:1823   .text.FLASH_WaitForLastOperation:00000048 $d
    {standard input}:1830   .data.pFlash:00000000 $d
                           .group:00000000 wm4.0.ea19c25cbb216197368fe558daea6575
                           .group:00000000 wm4.stm32g4xx_hal_conf.h.23.942b1d1576b5866b7e11680d4727b823
                           .group:00000000 wm4.stm32g4xx.h.38.4ce5d67cecf3db23972af81b516b937b
                           .group:00000000 wm4.stm32g474xx.h.34.0f14ed7ce45f8c3c7c55af7520d7efa5
                           .group:00000000 wm4.stdint.h.29.6d480f4ba0f60596e88234283d42444f
                           .group:00000000 wm4.cmsis_version.h.32.46e8eccfa2cfeaae11d008bb2823a3ed
                           .group:00000000 wm4.core_cm4.h.66.e4ff136c4a17abc46741866f64f8e729
                           .group:00000000 wm4.cmsis_gcc.h.26.78077cef1206e937f7b56043ffca496a
                           .group:00000000 wm4.core_cm4.h.174.fcddd62df80231752fa39eb9b61dadfe
                           .group:00000000 wm4.mpu_armv7.h.32.4049752bb5792d4e15357775e9506cfc
                           .group:00000000 wm4.stm32g474xx.h.714.40df4d5d8bd1a3a0e2dcb49e18b09038
                           .group:00000000 wm4.stm32g4xx.h.158.aa4340ed3b15fb0d4b1741cf5ce96563
                           .group:00000000 wm4.stm32_hal_legacy.h.22.e1e932ae083ad1562e3b1af87ae47999
                           .group:00000000 wm4.stddef.h.39.0dc9006b34572d4d9cae4c8b422c4971
                           .group:00000000 wm4.stm32g4xx_hal_def.h.57.460ac21f0caebde175d7222cb23afe15
                           .group:00000000 wm4.stm32g4xx_hal_rcc.h.135.8d28bdf720f4165758e115c83d05a7c2
                           .group:00000000 wm4.stm32g4xx_hal_rcc_ex.h.20.a381de89af88802207f549f948fabbc4
                           .group:00000000 wm4.stm32g4xx_hal_gpio.h.21.2ca30689d7a5ad939e06f5298d557243
                           .group:00000000 wm4.stm32g4xx_hal_gpio_ex.h.22.1b7da6fc7615b2341724123ae8e461d9
ARM GAS   			page 74


                           .group:00000000 wm4.stm32g4xx_hal_dma.h.21.2e23b0d56595a6b838cda841e78b2cf2
                           .group:00000000 wm4.stm32g4xx_hal_dma_ex.h.21.93a1fe56678997ad72754076070f4a0d
                           .group:00000000 wm4.stm32g4xx_hal_dma.h.803.dd88ea57b632f588d556f066658ac8d8
                           .group:00000000 wm4.stm32g4xx_hal_cortex.h.20.1ad77fb6b4fc679887cb0a980ea44a7a
                           .group:00000000 wm4.stm32g4xx_ll_adc.h.21.8052bcc80fb264686ac0eb0df096b4eb
                           .group:00000000 wm4.stm32g4xx_hal_adc.h.441.b9143c2a34e1e7389f3042e2226178dc
                           .group:00000000 wm4.stm32g4xx_hal_adc_ex.h.21.bf5e513b0c782ac53971b6599734b8c4
                           .group:00000000 wm4.stm32g4xx_ll_exti.h.21.3148a6980741767f71761eb445f346e9
                           .group:00000000 wm4.stm32g4xx_hal_comp.h.74.993852ecfac8b19c902e64e33c61511c
                           .group:00000000 wm4.stm32g4xx_hal_dac.h.21.db627068e52007634376a4c972c5d419
                           .group:00000000 wm4.stm32g4xx_hal_dac_ex.h.21.3725e9b2e9e08a08e2a598b2d2f18a92
                           .group:00000000 wm4.stm32g4xx_hal_exti.h.21.723acd8e98480aae634680651af4eb2a
                           .group:00000000 wm4.stm32g4xx_hal_fdcan.h.21.7e3b4b48cfc4adf8b669f7e4b16ec2a0
                           .group:00000000 wm4.stm32g4xx_hal_flash.h.20.d5eb04c7abbe2eb79b40a04b3414a774
                           .group:00000000 wm4.stm32g4xx_hal_flash.h.868.06dd2f9ca2f40ac164951ad647480079
                           .group:00000000 wm4.stm32g4xx_hal_hrtim.h.21.5bb9cc2116aa63503a68d53ce84fbb8c
                           .group:00000000 wm4.stm32g4xx_hal_opamp.h.21.0de86917e81e98dccfa125838db59b66
                           .group:00000000 wm4.stm32g4xx_hal_pwr.h.21.9b149e14c0ecf58cee46e8fb7f654b77
                           .group:00000000 wm4.stm32g4xx_hal_pwr_ex.h.21.32206cbbd2cbec024b8600a98cfa3df7
                           .group:00000000 wm4.stm32g4xx_hal_tim.h.21.48998681c932026239437f6645b6b47f
                           .group:00000000 wm4.stm32g4xx_hal_tim_ex.h.21.931c546f492dcdbc9ac587da38712500
                           .group:00000000 wm4.stm32g4xx_hal.h.49.77ad48c45d6a59e5132483403b560be0

UNDEFINED SYMBOLS
HAL_GetTick
FLASH_FlushCaches
FLASH_PageErase
